ry_ini_q,ry_ini_delta,ry_fin_q,ry_fin_delta,snow_q,snow_delta,obs_fin_q,obs_fin_delta,resub_factor,prcp_duration,temp_air_fin,prcp_perday,p_top,rh_surf,dt,ALPHA_RY_MODE,h_air,surface_wind,temp_air_init,temp_sea_init
7.482433334471366,-88.99189763453363,0.664380693404857,-403.83076835533024,0.0681017361111111,-301.51052878312595,2.817029365786833,-120.87760406637594,0.2,0.25,-20,1,400,0.7,0.5,eq,1,35,10,10
5.327510845438027,-94.59076824889578,0.664380693404857,-375.51741771251386,0.0681017361111111,-268.33772601518336,2.817029365786833,-120.71721344442466,0.2,0.25,-20,1,400,0.7,0.5,eq,0.5,35,5,10
5.327510845438027,-92.09914869793256,0.664380693404857,-373.02579816155065,0.0681017361111111,-265.41846700630686,2.817029365786833,-120.70309881650654,0.2,0.25,-20,1,400,0.7,0.5,eq,0.5,6.5,5,10
5.327510845438027,-91.51466541437559,0.664380693404857,-372.44131487799365,0.0681017361111111,-264.73366820118696,2.817029365786833,-120.6997878117948,0.2,0.25,-20,1,400,0.7,0.5,eq,1,35,5,10
5.327510845438027,-92.09914869793256,0.664380693404857,-357.02913033325535,0.0681017361111111,-255.1748483198968,2.817029365786833,-120.65357088292683,0.2,0.25,-20,1,400,0.7,0.5,eff,0.5,6.5,5,10
7.482433334471366,-88.99189763453363,0.6968241909147566,-390.9749819355633,0.0681017361111111,-287.3632062937721,2.817029365786833,-120.80920171072074,0.2,0.25,-20,1,400,0.7,1,eq,1,6.5,10,10
5.327510845438027,-91.51466541437559,0.664380693404857,-356.44464704969835,0.0681017361111111,-254.49777509643388,2.817029365786833,-120.65029723143039,0.2,0.25,-20,1,400,0.7,0.5,eff,1,35,5,10
7.482433334471366,-88.99189763453363,0.664380693404857,-387.50926194699997,0.0681017361111111,-290.48343890637506,2.817029365786833,-120.82428804674339,0.2,0.25,-20,1,400,0.7,0.5,eff,1,6.5,10,10
7.482433334471366,-91.40332519353423,0.664380693404857,-389.92068950600054,0.0681017361111111,-293.27686872118693,2.817029365786833,-120.83779429005081,0.2,0.25,-20,1,400,0.7,0.5,eff,0.5,6.5,10,10
5.327510845438027,-94.59076824889578,0.664380693404857,-359.52074988421856,0.0681017361111111,-258.061173606636,2.817029365786833,-120.66752627617872,0.2,0.25,-20,1,400,0.7,0.5,eff,0.5,35,5,10
7.482433334471366,-91.40332519353423,0.664380693404857,-406.2421959143308,0.0681017361111111,-304.3358323584505,2.817029365786833,-120.89126441943144,0.2,0.25,-20,1,400,0.7,0.5,eq,0.5,6.5,10,10
7.482433334471366,-88.99189763453363,0.664380693404857,-403.83076835533024,0.0681017361111111,-301.51052878312595,2.817029365786833,-120.87760406637594,0.2,0.25,-20,1,400,0.7,0.5,eq,1,6.5,10,10
5.327510845438027,-90.38986506758839,0.664380693404857,-371.31651453120645,0.0681017361111111,-263.41581710942717,2.817029365786833,-120.69341599697636,0.2,0.25,-20,1,400,0.7,0.5,eq,1,6.5,5,10
7.482433334471366,-88.99189763453363,0.664380693404857,-387.50926194699997,0.0681017361111111,-290.48343890637506,2.817029365786833,-120.82428804674339,0.2,0.25,-20,1,400,0.7,0.5,eff,1,35,10,10
5.327510845438027,-91.51466541437559,0.6968241909147566,-360.03608427445215,0.0681017361111111,-251.16071207173536,2.817029365786833,-120.63416251957726,0.2,0.25,-20,1,400,0.7,1,eq,1,35,5,10
7.482433334471366,-93.33965489659246,0.664380693404857,-408.178525617389,0.0681017361111111,-306.60449650007274,2.817029365786833,-120.9022334188018,0.2,0.25,-20,1,400,0.7,0.5,eq,0.5,35,10,10
7.482433334471366,-88.99189763453363,0.6968241909147566,-390.9749819355633,0.0681017361111111,-287.3632062937721,2.817029365786833,-120.80920171072074,0.2,0.25,-20,1,400,0.7,1,eq,1,35,10,10
5.327510845438027,-90.38986506758839,0.6968241909147566,-358.91128392766495,0.0681017361111111,-249.84455082719828,2.817029365786833,-120.62779887517638,0.2,0.25,-20,1,400,0.7,1,eq,1,6.5,5,10
5.327510845438027,-92.09914869793256,0.6968241909147566,-360.62056755800916,0.0681017361111111,-251.84463277672148,2.817029365786833,-120.63746927867169,0.2,0.25,-20,1,400,0.7,1,eq,0.5,6.5,5,10
5.327510845438027,-90.38986506758839,0.664380693404857,-355.31984670291115,0.0681017361111111,-253.19479138759783,2.817029365786833,-120.64399730046237,0.2,0.25,-20,1,400,0.7,0.5,eff,1,6.5,5,10
7.482433334471366,-91.40332519353423,0.6968241909147566,-393.3864094945639,0.0681017361111111,-290.1848870539975,2.817029365786833,-120.82284454745195,0.2,0.25,-20,1,400,0.7,1,eq,0.5,6.5,10,10
7.482433334471366,-93.33965489659246,0.6968241909147566,-395.3227391976221,0.0681017361111111,-292.4506421449992,2.817029365786833,-120.83379948155203,0.2,0.25,-20,1,400,0.7,1,eq,0.5,35,10,10
7.482433334471366,-88.99189763453363,0.6968241909147566,-375.3466826445973,0.0681017361111111,-277.17978792612564,2.817029365786833,-120.75996484590101,0.2,0.25,-20,1,400,0.7,1,eff,1,6.5,10,10
7.482433334471366,-93.33965489659246,0.664380693404857,-391.85701920905893,0.0681017361111111,-295.51993884912065,2.817029365786833,-120.84863954227187,0.2,0.25,-20,1,400,0.7,0.5,eff,0.5,35,10,10
5.327510845438027,-92.09914869793256,0.6968241909147566,-345.3468528582333,0.0681017361111111,-242.4653192598394,2.817029365786833,-120.592120263728,0.2,0.25,-20,1,400,0.7,1,eff,0.5,6.5,5,10
5.327510845438027,-94.59076824889578,0.6968241909147566,-347.8384724091965,0.0681017361111111,-245.3485105794532,2.817029365786833,-120.60606050423739,0.2,0.25,-20,1,400,0.7,1,eff,0.5,35,5,10
7.482433334471366,-88.99189763453363,0.664380693404857,-403.83076835533024,0.0681017361111111,-301.51052878312595,2.817029365786833,-120.87760406637594,0.2,0.25,-20,1,400,0.8,0.5,eq,1,35,10,10
7.482433334471366,-91.40332519353423,0.664380693404857,-406.2421959143308,0.0681017361111111,-304.3358323584505,2.817029365786833,-120.89126441943144,0.2,0.25,-20,1,400,0.8,0.5,eq,0.5,6.5,10,10
7.482433334471366,-88.99189763453363,0.664380693404857,-403.83076835533024,0.0681017361111111,-301.51052878312595,2.817029365786833,-120.87760406637594,0.2,0.25,-20,1,400,0.8,0.5,eq,1,6.5,10,10
5.327510845438027,-94.59076824889578,0.6968241909147566,-363.11218710897236,0.0681017361111111,-254.7601484936569,2.817029365786833,-120.65156580775971,0.2,0.25,-20,1,400,0.7,1,eq,0.5,35,5,10
5.327510845438027,-90.38986506758839,0.664380693404857,-371.31651453120645,0.0681017361111111,-263.41581710942717,2.817029365786833,-120.69341599697636,0.2,0.25,-20,1,400,0.8,0.5,eq,1,6.5,5,10
7.482433334471366,-93.33965489659246,0.6968241909147566,-379.69443990665616,0.0681017361111111,-282.2108192458625,2.817029365786833,-120.78428990061751,0.2,0.25,-20,1,400,0.7,1,eff,0.5,35,10,10
7.482433334471366,-88.99189763453363,0.6968241909147566,-375.3466826445973,0.0681017361111111,-277.17978792612564,2.817029365786833,-120.75996484590101,0.2,0.25,-20,1,400,0.7,1,eff,1,35,10,10
5.327510845438027,-91.51466541437559,0.6968241909147566,-344.7623695746763,0.0681017361111111,-241.7889812013318,2.817029365786833,-120.5888501667568,0.2,0.25,-20,1,400,0.7,1,eff,1,35,5,10
5.327510845438027,-92.09914869793256,0.664380693404857,-373.02579816155065,0.0681017361111111,-265.41846700630686,2.817029365786833,-120.70309881650654,0.2,0.25,-20,1,400,0.8,0.5,eq,0.5,6.5,5,10
7.482433334471366,-91.40332519353423,0.6968241909147566,-377.7581102035979,0.0681017361111111,-279.9701846396752,2.817029365786833,-120.77345642415294,0.2,0.25,-20,1,400,0.7,1,eff,0.5,6.5,10,10
5.327510845438027,-90.38986506758839,0.6968241909147566,-343.6375692278891,0.0681017361111111,-240.48741226999897,2.817029365786833,-120.58255707624322,0.2,0.25,-20,1,400,0.7,1,eff,1,6.5,5,10
5.327510845438027,-91.51466541437559,0.664380693404857,-372.44131487799365,0.0681017361111111,-264.73366820118696,2.817029365786833,-120.6997878117948,0.2,0.25,-20,1,400,0.8,0.5,eq,1,35,5,10
7.482433334471366,-93.33965489659246,0.664380693404857,-408.178525617389,0.0681017361111111,-306.60449650007274,2.817029365786833,-120.9022334188018,0.2,0.25,-20,1,400,0.8,0.5,eq,0.5,35,10,10
7.482433334471366,-88.99189763453363,0.664380693404857,-387.50926194699997,0.0681017361111111,-290.48343890637506,2.817029365786833,-120.82428804674339,0.2,0.25,-20,1,400,0.8,0.5,eff,1,35,10,10
5.327510845438027,-94.59076824889578,0.664380693404857,-375.51741771251386,0.0681017361111111,-268.33772601518336,2.817029365786833,-120.71721344442466,0.2,0.25,-20,1,400,0.8,0.5,eq,0.5,35,5,10
5.327510845438027,-92.09914869793256,0.664380693404857,-357.02913033325535,0.0681017361111111,-255.1748483198968,2.817029365786833,-120.65357088292683,0.2,0.25,-20,1,400,0.8,0.5,eff,0.5,6.5,5,10
5.327510845438027,-91.51466541437559,0.664380693404857,-356.44464704969835,0.0681017361111111,-254.49777509643388,2.817029365786833,-120.65029723143039,0.2,0.25,-20,1,400,0.8,0.5,eff,1,35,5,10
7.482433334471366,-91.40332519353423,0.664380693404857,-389.92068950600054,0.0681017361111111,-293.27686872118693,2.817029365786833,-120.83779429005081,0.2,0.25,-20,1,400,0.8,0.5,eff,0.5,6.5,10,10
7.482433334471366,-88.99189763453363,0.664380693404857,-387.50926194699997,0.0681017361111111,-290.48343890637506,2.817029365786833,-120.82428804674339,0.2,0.25,-20,1,400,0.8,0.5,eff,1,6.5,10,10
7.482433334471366,-93.33965489659246,0.664380693404857,-391.85701920905893,0.0681017361111111,-295.51993884912065,2.817029365786833,-120.84863954227187,0.2,0.25,-20,1,400,0.8,0.5,eff,0.5,35,10,10
5.327510845438027,-90.38986506758839,0.664380693404857,-355.31984670291115,0.0681017361111111,-253.19479138759783,2.817029365786833,-120.64399730046237,0.2,0.25,-20,1,400,0.8,0.5,eff,1,6.5,5,10
5.327510845438027,-94.59076824889578,0.664380693404857,-359.52074988421856,0.0681017361111111,-258.061173606636,2.817029365786833,-120.66752627617872,0.2,0.25,-20,1,400,0.8,0.5,eff,0.5,35,5,10
5.327510845438027,-92.09914869793256,0.6968241909147566,-360.62056755800916,0.0681017361111111,-251.84463277672148,2.817029365786833,-120.63746927867169,0.2,0.25,-20,1,400,0.8,1,eq,0.5,6.5,5,10
5.327510845438027,-94.59076824889578,0.6968241909147566,-363.11218710897236,0.0681017361111111,-254.7601484936569,2.817029365786833,-120.65156580775971,0.2,0.25,-20,1,400,0.8,1,eq,0.5,35,5,10
7.482433334471366,-93.33965489659246,0.6968241909147566,-395.3227391976221,0.0681017361111111,-292.4506421449992,2.817029365786833,-120.83379948155203,0.2,0.25,-20,1,400,0.8,1,eq,0.5,35,10,10
7.482433334471366,-88.99189763453363,0.6968241909147566,-390.9749819355633,0.0681017361111111,-287.3632062937721,2.817029365786833,-120.80920171072074,0.2,0.25,-20,1,400,0.8,1,eq,1,35,10,10
7.482433334471366,-91.40332519353423,0.6968241909147566,-393.3864094945639,0.0681017361111111,-290.1848870539975,2.817029365786833,-120.82284454745195,0.2,0.25,-20,1,400,0.8,1,eq,0.5,6.5,10,10
7.482433334471366,-88.99189763453363,0.6968241909147566,-390.9749819355633,0.0681017361111111,-287.3632062937721,2.817029365786833,-120.80920171072074,0.2,0.25,-20,1,400,0.8,1,eq,1,6.5,10,10
7.482433334471366,-88.99189763453363,0.6968241909147566,-375.3466826445973,0.0681017361111111,-277.17978792612564,2.817029365786833,-120.75996484590101,0.2,0.25,-20,1,400,0.8,1,eff,1,6.5,10,10
5.327510845438027,-90.38986506758839,0.6968241909147566,-343.6375692278891,0.0681017361111111,-240.48741226999897,2.817029365786833,-120.58255707624322,0.2,0.25,-20,1,400,0.8,1,eff,1,6.5,5,10
7.482433334471366,-88.99189763453363,0.6968241909147566,-375.3466826445973,0.0681017361111111,-277.17978792612564,2.817029365786833,-120.75996484590101,0.2,0.25,-20,1,400,0.8,1,eff,1,35,10,10
7.482433334471366,-91.40332519353423,0.6968241909147566,-377.7581102035979,0.0681017361111111,-279.9701846396752,2.817029365786833,-120.77345642415294,0.2,0.25,-20,1,400,0.8,1,eff,0.5,6.5,10,10
5.327510845438027,-91.51466541437559,0.6968241909147566,-344.7623695746763,0.0681017361111111,-241.7889812013318,2.817029365786833,-120.5888501667568,0.2,0.25,-20,1,400,0.8,1,eff,1,35,5,10
5.327510845438027,-91.51466541437559,0.6968241909147566,-360.03608427445215,0.0681017361111111,-251.16071207173536,2.817029365786833,-120.63416251957726,0.2,0.25,-20,1,400,0.8,1,eq,1,35,5,10
5.327510845438027,-90.38986506758839,0.6968241909147566,-358.91128392766495,0.0681017361111111,-249.84455082719828,2.817029365786833,-120.62779887517638,0.2,0.25,-20,1,400,0.8,1,eq,1,6.5,5,10
5.327510845438027,-94.59076824889578,0.6968241909147566,-347.8384724091965,0.0681017361111111,-245.3485105794532,2.817029365786833,-120.60606050423739,0.2,0.25,-20,1,400,0.8,1,eff,0.5,35,5,10
7.482433334471366,-93.33965489659246,0.6968241909147566,-379.69443990665616,0.0681017361111111,-282.2108192458625,2.817029365786833,-120.78428990061751,0.2,0.25,-20,1,400,0.8,1,eff,0.5,35,10,10
5.327510845438027,-92.09914869793256,0.6968241909147566,-345.3468528582333,0.0681017361111111,-242.4653192598394,2.817029365786833,-120.592120263728,0.2,0.25,-20,1,400,0.8,1,eff,0.5,6.5,5,10
7.482433334471366,-88.99189763453363,0.664380693404857,-403.83076835533024,0.08755937499999998,-301.5108014335382,2.820920893564611,-121.12679319477016,0.2,0.25,-20,1,500,0.7,0.5,eq,1,35,10,10
5.327510845438027,-91.51466541437559,0.664380693404857,-372.44131487799365,0.08755937499999998,-264.73394085163454,2.820920893564611,-120.8984876840159,0.2,0.25,-20,1,500,0.7,0.5,eq,1,35,5,10
5.327510845438027,-90.38986506758839,0.664380693404857,-371.31651453120645,0.08755937499999998,-263.41608975987674,2.820920893564611,-120.89030665219747,0.2,0.25,-20,1,500,0.7,0.5,eq,1,6.5,5,10
7.482433334471366,-88.99189763453363,0.664380693404857,-403.83076835533024,0.08755937499999998,-301.5108014335382,2.820920893564611,-121.12679319477016,0.2,0.25,-20,1,500,0.7,0.5,eq,1,6.5,10,10
7.482433334471366,-88.99189763453363,0.664380693404857,-387.50926194699997,0.08755937499999998,-290.48368772025924,2.820920893564611,-121.05833844391267,0.2,0.25,-20,1,500,0.7,0.5,eff,1,6.5,10,10
5.327510845438027,-94.59076824889578,0.664380693404857,-375.51741771251386,0.08755937499999998,-268.33799866562913,2.820920893564611,-120.92086116144141,0.2,0.25,-20,1,500,0.7,0.5,eq,0.5,35,5,10
7.482433334471366,-91.40332519353423,0.664380693404857,-406.2421959143308,0.08755937499999998,-304.3361050088669,2.820920893564611,-121.14433227683419,0.2,0.25,-20,1,500,0.7,0.5,eq,0.5,6.5,10,10
5.327510845438027,-91.51466541437559,0.664380693404857,-356.44464704969835,0.08755937499999998,-254.4980239102639,2.820920893564611,-120.83494456999355,0.2,0.25,-20,1,500,0.7,0.5,eff,1,35,5,10
7.482433334471366,-91.40332519353423,0.664380693404857,-389.92068950600054,0.08755937499999998,-293.2771175348966,2.820920893564611,-121.07567965821153,0.2,0.25,-20,1,500,0.7,0.5,eff,0.5,6.5,10,10
5.327510845438027,-92.09914869793256,0.664380693404857,-357.02913033325535,0.08755937499999998,-255.17509713369336,2.820920893564611,-120.83914774409953,0.2,0.25,-20,1,500,0.7,0.5,eff,0.5,6.5,5,10
5.327510845438027,-90.38986506758839,0.664380693404857,-355.31984670291115,0.08755937499999998,-253.1950402014576,2.820920893564611,-120.8268558327703,0.2,0.25,-20,1,500,0.7,0.5,eff,1,6.5,5,10
7.482433334471366,-88.99189763453363,0.664380693404857,-387.50926194699997,0.08755937499999998,-290.48368772025924,2.820920893564611,-121.05833844391267,0.2,0.25,-20,1,500,0.7,0.5,eff,1,35,10,10
7.482433334471366,-88.99189763453363,0.6968241909147566,-390.9749819355633,0.08755937499999998,-287.3634636441004,2.820920893564611,-121.03896853739793,0.2,0.25,-20,1,500,0.7,1,eq,1,6.5,10,10
5.327510845438027,-92.09914869793256,0.664380693404857,-373.02579816155065,0.08755937499999998,-265.4187396566013,2.820920893564611,-120.9027388174313,0.2,0.25,-20,1,500,0.7,0.5,eq,0.5,6.5,5,10
7.482433334471366,-93.33965489659246,0.664380693404857,-391.85701920905893,0.08755937499999998,-295.5201876630428,2.820920893564611,-121.08960431798843,0.2,0.25,-20,1,500,0.7,0.5,eff,0.5,35,10,10
7.482433334471366,-91.40332519353423,0.6968241909147566,-393.3864094945639,0.08755937499999998,-290.1851444040227,2.820920893564611,-121.05648512954004,0.2,0.25,-20,1,500,0.7,1,eq,0.5,6.5,10,10
5.327510845438027,-91.51466541437559,0.6968241909147566,-360.03608427445215,0.08755937499999998,-251.1609694220213,2.820920893564611,-120.81422861117342,0.2,0.25,-20,1,500,0.7,1,eq,1,35,5,10
5.327510845438027,-90.38986506758839,0.6968241909147566,-358.91128392766495,0.08755937499999998,-249.84480817727223,2.820920893564611,-120.80605806968447,0.2,0.25,-20,1,500,0.7,1,eq,1,6.5,5,10
7.482433334471366,-88.99189763453363,0.6968241909147566,-390.9749819355633,0.08755937499999998,-287.3634636441004,2.820920893564611,-121.03896853739793,0.2,0.25,-20,1,500,0.7,1,eq,1,35,10,10
5.327510845438027,-94.59076824889578,0.664380693404857,-359.52074988421856,0.08755937499999998,-258.0614224206572,2.820920893564611,-120.85706564025533,0.2,0.25,-20,1,500,0.7,0.5,eff,0.5,35,5,10
7.482433334471366,-93.33965489659246,0.6968241909147566,-395.3227391976221,0.08755937499999998,-292.45089949533946,2.820920893564611,-121.07055061433636,0.2,0.25,-20,1,500,0.7,1,eq,0.5,35,10,10
7.482433334471366,-93.33965489659246,0.664380693404857,-408.178525617389,0.08755937499999998,-306.604769150694,2.820920893564611,-121.15841582060139,0.2,0.25,-20,1,500,0.7,0.5,eq,0.5,35,10,10
5.327510845438027,-92.09914869793256,0.6968241909147566,-360.62056755800916,0.08755937499999998,-251.84489012701655,2.820920893564611,-120.81847429346925,0.2,0.25,-20,1,500,0.7,1,eq,0.5,6.5,5,10
7.482433334471366,-91.40332519353423,0.6968241909147566,-377.7581102035979,0.08755937499999998,-279.970419729652,2.820920893564611,-120.99307357409205,0.2,0.25,-20,1,500,0.7,1,eff,0.5,6.5,10,10
5.327510845438027,-92.09914869793256,0.6968241909147566,-345.3468528582333,0.08755937499999998,-242.46555435001414,2.820920893564611,-120.76024871327506,0.2,0.25,-20,1,500,0.7,1,eff,0.5,6.5,5,10
5.327510845438027,-94.59076824889578,0.6968241909147566,-363.11218710897236,0.08755937499999998,-254.76040584388448,2.820920893564611,-120.83657339965504,0.2,0.25,-20,1,500,0.7,1,eq,0.5,35,5,10
7.482433334471366,-88.99189763453363,0.6968241909147566,-375.3466826445973,0.08755937499999998,-277.1800230163893,2.820920893564611,-120.9757511888544,0.2,0.25,-20,1,500,0.7,1,eff,1,6.5,10,10
7.482433334471366,-88.99189763453363,0.6968241909147566,-375.3466826445973,0.08755937499999998,-277.1800230163893,2.820920893564611,-120.9757511888544,0.2,0.25,-20,1,500,0.7,1,eff,1,35,10,10
7.482433334471366,-88.99189763453363,0.664380693404857,-403.83076835533024,0.08755937499999998,-301.5108014335382,2.820920893564611,-121.12679319477016,0.2,0.25,-20,1,500,0.8,0.5,eq,1,6.5,10,10
5.327510845438027,-94.59076824889578,0.6968241909147566,-347.8384724091965,0.08755937499999998,-245.3487456696163,2.820920893564611,-120.77814715420799,0.2,0.25,-20,1,500,0.7,1,eff,0.5,35,5,10
5.327510845438027,-90.38986506758839,0.6968241909147566,-343.6375692278891,0.08755937499999998,-240.48764736016884,2.820920893564611,-120.74797014848193,0.2,0.25,-20,1,500,0.7,1,eff,1,6.5,5,10
5.327510845438027,-91.51466541437559,0.664380693404857,-372.44131487799365,0.08755937499999998,-264.73394085163454,2.820920893564611,-120.8984876840159,0.2,0.25,-20,1,500,0.8,0.5,eq,1,35,5,10
7.482433334471366,-93.33965489659246,0.6968241909147566,-379.69443990665616,0.08755937499999998,-282.21105433598126,2.820920893564611,-121.00698311449642,0.2,0.25,-20,1,500,0.7,1,eff,0.5,35,10,10
7.482433334471366,-88.99189763453363,0.664380693404857,-403.83076835533024,0.08755937499999998,-301.5108014335382,2.820920893564611,-121.12679319477016,0.2,0.25,-20,1,500,0.8,0.5,eq,1,35,10,10
5.327510845438027,-92.09914869793256,0.664380693404857,-373.02579816155065,0.08755937499999998,-265.4187396566013,2.820920893564611,-120.9027388174313,0.2,0.25,-20,1,500,0.8,0.5,eq,0.5,6.5,5,10
5.327510845438027,-91.51466541437559,0.6968241909147566,-344.7623695746763,0.08755937499999998,-241.7892162914657,2.820920893564611,-120.75605010296798,0.2,0.25,-20,1,500,0.7,1,eff,1,35,5,10
5.327510845438027,-90.38986506758839,0.664380693404857,-371.31651453120645,0.08755937499999998,-263.41608975987674,2.820920893564611,-120.89030665219747,0.2,0.25,-20,1,500,0.8,0.5,eq,1,6.5,5,10
5.327510845438027,-94.59076824889578,0.664380693404857,-375.51741771251386,0.08755937499999998,-268.33799866562913,2.820920893564611,-120.92086116144141,0.2,0.25,-20,1,500,0.8,0.5,eq,0.5,35,5,10
7.482433334471366,-91.40332519353423,0.664380693404857,-389.92068950600054,0.08755937499999998,-293.2771175348966,2.820920893564611,-121.07567965821153,0.2,0.25,-20,1,500,0.8,0.5,eff,0.5,6.5,10,10
7.482433334471366,-93.33965489659246,0.664380693404857,-408.178525617389,0.08755937499999998,-306.604769150694,2.820920893564611,-121.15841582060139,0.2,0.25,-20,1,500,0.8,0.5,eq,0.5,35,10,10
5.327510845438027,-92.09914869793256,0.664380693404857,-357.02913033325535,0.08755937499999998,-255.17509713369336,2.820920893564611,-120.83914774409953,0.2,0.25,-20,1,500,0.8,0.5,eff,0.5,6.5,5,10
7.482433334471366,-91.40332519353423,0.664380693404857,-406.2421959143308,0.08755937499999998,-304.3361050088669,2.820920893564611,-121.14433227683419,0.2,0.25,-20,1,500,0.8,0.5,eq,0.5,6.5,10,10
5.327510845438027,-94.59076824889578,0.664380693404857,-359.52074988421856,0.08755937499999998,-258.0614224206572,2.820920893564611,-120.85706564025533,0.2,0.25,-20,1,500,0.8,0.5,eff,0.5,35,5,10
5.327510845438027,-91.51466541437559,0.664380693404857,-356.44464704969835,0.08755937499999998,-254.4980239102639,2.820920893564611,-120.83494456999355,0.2,0.25,-20,1,500,0.8,0.5,eff,1,35,5,10
7.482433334471366,-93.33965489659246,0.664380693404857,-391.85701920905893,0.08755937499999998,-295.5201876630428,2.820920893564611,-121.08960431798843,0.2,0.25,-20,1,500,0.8,0.5,eff,0.5,35,10,10
5.327510845438027,-91.51466541437559,0.6968241909147566,-360.03608427445215,0.08755937499999998,-251.1609694220213,2.820920893564611,-120.81422861117342,0.2,0.25,-20,1,500,0.8,1,eq,1,35,5,10
7.482433334471366,-88.99189763453363,0.664380693404857,-387.50926194699997,0.08755937499999998,-290.48368772025924,2.820920893564611,-121.05833844391267,0.2,0.25,-20,1,500,0.8,0.5,eff,1,35,10,10
7.482433334471366,-88.99189763453363,0.6968241909147566,-390.9749819355633,0.08755937499999998,-287.3634636441004,2.820920893564611,-121.03896853739793,0.2,0.25,-20,1,500,0.8,1,eq,1,6.5,10,10
7.482433334471366,-88.99189763453363,0.664380693404857,-387.50926194699997,0.08755937499999998,-290.48368772025924,2.820920893564611,-121.05833844391267,0.2,0.25,-20,1,500,0.8,0.5,eff,1,6.5,10,10
5.327510845438027,-90.38986506758839,0.664380693404857,-355.31984670291115,0.08755937499999998,-253.1950402014576,2.820920893564611,-120.8268558327703,0.2,0.25,-20,1,500,0.8,0.5,eff,1,6.5,5,10
5.327510845438027,-90.38986506758839,0.6968241909147566,-358.91128392766495,0.08755937499999998,-249.84480817727223,2.820920893564611,-120.80605806968447,0.2,0.25,-20,1,500,0.8,1,eq,1,6.5,5,10
7.482433334471366,-91.40332519353423,0.6968241909147566,-393.3864094945639,0.08755937499999998,-290.1851444040227,2.820920893564611,-121.05648512954004,0.2,0.25,-20,1,500,0.8,1,eq,0.5,6.5,10,10
5.327510845438027,-92.09914869793256,0.6968241909147566,-360.62056755800916,0.08755937499999998,-251.84489012701655,2.820920893564611,-120.81847429346925,0.2,0.25,-20,1,500,0.8,1,eq,0.5,6.5,5,10
7.482433334471366,-88.99189763453363,0.6968241909147566,-390.9749819355633,0.08755937499999998,-287.3634636441004,2.820920893564611,-121.03896853739793,0.2,0.25,-20,1,500,0.8,1,eq,1,35,10,10
7.482433334471366,-88.99189763453363,0.6968241909147566,-375.3466826445973,0.08755937499999998,-277.1800230163893,2.820920893564611,-120.9757511888544,0.2,0.25,-20,1,500,0.8,1,eff,1,35,10,10
5.327510845438027,-92.09914869793256,0.6968241909147566,-345.3468528582333,0.08755937499999998,-242.46555435001414,2.820920893564611,-120.76024871327506,0.2,0.25,-20,1,500,0.8,1,eff,0.5,6.5,5,10
7.482433334471366,-93.33965489659246,0.6968241909147566,-395.3227391976221,0.08755937499999998,-292.45089949533946,2.820920893564611,-121.07055061433636,0.2,0.25,-20,1,500,0.8,1,eq,0.5,35,10,10
5.327510845438027,-91.51466541437559,0.6968241909147566,-344.7623695746763,0.08755937499999998,-241.7892162914657,2.820920893564611,-120.75605010296798,0.2,0.25,-20,1,500,0.8,1,eff,1,35,5,10
5.327510845438027,-94.59076824889578,0.6968241909147566,-347.8384724091965,0.08755937499999998,-245.3487456696163,2.820920893564611,-120.77814715420799,0.2,0.25,-20,1,500,0.8,1,eff,0.5,35,5,10
5.327510845438027,-94.59076824889578,0.6968241909147566,-363.11218710897236,0.08755937499999998,-254.76040584388448,2.820920893564611,-120.83657339965504,0.2,0.25,-20,1,500,0.8,1,eq,0.5,35,5,10
5.327510845438027,-90.38986506758839,0.6968241909147566,-343.6375692278891,0.08755937499999998,-240.48764736016884,2.820920893564611,-120.74797014848193,0.2,0.25,-20,1,500,0.8,1,eff,1,6.5,5,10
7.482433334471366,-88.99189763453363,0.6968241909147566,-375.3466826445973,0.08755937499999998,-277.1800230163893,2.820920893564611,-120.9757511888544,0.2,0.25,-20,1,500,0.8,1,eff,1,6.5,10,10
7.482433334471366,-91.40332519353423,0.6968241909147566,-377.7581102035979,0.08755937499999998,-279.970419729652,2.820920893564611,-120.99307357409205,0.2,0.25,-20,1,500,0.8,1,eff,0.5,6.5,10,10
7.482433334471366,-93.33965489659246,0.6968241909147566,-379.69443990665616,0.08755937499999998,-282.21105433598126,2.820920893564611,-121.00698311449642,0.2,0.25,-20,1,500,0.8,1,eff,0.5,35,10,10
7.482433334471366,-88.99189763453363,0.664380693404857,-403.83076835533024,0.1362034722222222,-301.51148305980274,2.8306497130090555,-121.74677171303327,0.2,0.25,-20,2,400,0.7,0.5,eq,1,6.5,10,10
5.327510845438027,-91.51466541437559,0.664380693404857,-372.44131487799365,0.1362034722222222,-264.73462247789956,2.8306497130090555,-121.39285041463555,0.2,0.25,-20,2,400,0.7,0.5,eq,1,35,5,10
7.482433334471366,-88.99189763453363,0.664380693404857,-387.50926194699997,0.1362034722222222,-290.4843097549008,2.8306497130090555,-121.64065195642615,0.2,0.25,-20,2,400,0.7,0.5,eff,1,6.5,10,10
5.327510845438027,-90.38986506758839,0.664380693404857,-355.31984670291115,0.1362034722222222,-253.19566223613165,2.8306497130090555,-121.28180548784417,0.2,0.25,-20,2,400,0.7,0.5,eff,1,6.5,5,10
7.482433334471366,-91.40332519353423,0.664380693404857,-406.2421959143308,0.1362034722222222,-304.3367866351315,2.8306497130090555,-121.77396095904092,0.2,0.25,-20,2,400,0.7,0.5,eq,0.5,6.5,10,10
7.482433334471366,-93.33965489659246,0.664380693404857,-408.178525617389,0.1362034722222222,-306.60545077695843,2.8306497130090555,-121.7957933978624,0.2,0.25,-20,2,400,0.7,0.5,eq,0.5,35,10,10
5.327510845438027,-92.09914869793256,0.664380693404857,-373.02579816155065,0.1362034722222222,-265.4194212828663,2.8306497130090555,-121.3994405606773,0.2,0.25,-20,2,400,0.7,0.5,eq,0.5,6.5,5,10
7.482433334471366,-88.99189763453363,0.664380693404857,-387.50926194699997,0.1362034722222222,-290.4843097549008,2.8306497130090555,-121.64065195642615,0.2,0.25,-20,2,400,0.7,0.5,eff,1,35,10,10
5.327510845438027,-94.59076824889578,0.664380693404857,-375.51741771251386,0.1362034722222222,-268.3386802918941,2.8306497130090555,-121.42753398470774,0.2,0.25,-20,2,400,0.7,0.5,eq,0.5,35,5,10
7.482433334471366,-88.99189763453363,0.664380693404857,-403.83076835533024,0.1362034722222222,-301.51148305980274,2.8306497130090555,-121.74677171303327,0.2,0.25,-20,2,400,0.7,0.5,eq,1,35,10,10
5.327510845438027,-90.38986506758839,0.664380693404857,-371.31651453120645,0.1362034722222222,-263.41677138614176,2.8306497130090555,-121.38016810401653,0.2,0.25,-20,2,400,0.7,0.5,eq,1,6.5,5,10
7.482433334471366,-93.33965489659246,0.664380693404857,-391.85701920905893,0.1362034722222222,-295.52080969796884,2.8306497130090555,-121.68912060141169,0.2,0.25,-20,2,400,0.7,0.5,eff,0.5,35,10,10
5.327510845438027,-92.09914869793256,0.664380693404857,-357.02913033325535,0.1362034722222222,-255.17571916859845,2.8306497130090555,-121.30086052161693,0.2,0.25,-20,2,400,0.7,0.5,eff,0.5,6.5,5,10
7.482433334471366,-91.40332519353423,0.664380693404857,-389.92068950600054,0.1362034722222222,-293.2777395697098,2.8306497130090555,-121.66753446600941,0.2,0.25,-20,2,400,0.7,0.5,eff,0.5,6.5,10,10
5.327510845438027,-91.51466541437559,0.664380693404857,-356.44464704969835,0.1362034722222222,-254.49864594513616,2.8306497130090555,-121.29434472253652,0.2,0.25,-20,2,400,0.7,0.5,eff,1,35,5,10
7.482433334471366,-88.99189763453363,0.6968241909147566,-390.9749819355633,0.1362034722222222,-287.36410701973944,2.8306497130090555,-121.61062475492434,0.2,0.25,-20,2,400,0.7,1,eq,1,6.5,10,10
5.327510845438027,-90.38986506758839,0.6968241909147566,-358.91128392766495,0.1362034722222222,-249.84545155290255,2.8306497130090555,-121.24956480997918,0.2,0.25,-20,2,400,0.7,1,eq,1,6.5,5,10
7.482433334471366,-88.99189763453363,0.6968241909147566,-390.9749819355633,0.1362034722222222,-287.36410701973944,2.8306497130090555,-121.61062475492434,0.2,0.25,-20,2,400,0.7,1,eq,1,35,10,10
5.327510845438027,-91.51466541437559,0.6968241909147566,-360.03608427445215,0.1362034722222222,-251.16161279765976,2.8306497130090555,-121.26223085839305,0.2,0.25,-20,2,400,0.7,1,eq,1,35,5,10
5.327510845438027,-92.09914869793256,0.6968241909147566,-360.62056755800916,0.1362034722222222,-251.84553350243283,2.8306497130090555,-121.2688125540573,0.2,0.25,-20,2,400,0.7,1,eq,0.5,6.5,5,10
7.482433334471366,-88.99189763453363,0.6968241909147566,-375.3466826445973,0.1362034722222222,-277.1806107420296,2.8306497130090555,-121.51262410539066,0.2,0.25,-20,2,400,0.7,1,eff,1,35,10,10
7.482433334471366,-91.40332519353423,0.6968241909147566,-393.3864094945639,0.1362034722222222,-290.18578777966167,2.8306497130090555,-121.6377791368486,0.2,0.25,-20,2,400,0.7,1,eq,0.5,6.5,10,10
5.327510845438027,-94.59076824889578,0.6968241909147566,-363.11218710897236,0.1362034722222222,-254.76104921952287,2.8306497130090555,-121.29686995460109,0.2,0.25,-20,2,400,0.7,1,eq,0.5,35,5,10
7.482433334471366,-93.33965489659246,0.6968241909147566,-395.3227391976221,0.1362034722222222,-292.45154287066106,2.8306497130090555,-121.65958358048434,0.2,0.25,-20,2,400,0.7,1,eq,0.5,35,10,10
5.327510845438027,-94.59076824889578,0.664380693404857,-359.52074988421856,0.1362034722222222,-258.06204445532506,2.8306497130090555,-121.32863700870456,0.2,0.25,-20,2,400,0.7,0.5,eff,0.5,35,5,10
5.327510845438027,-90.38986506758839,0.6968241909147566,-343.6375692278891,0.1362034722222222,-240.4882350856542,2.8306497130090555,-121.15951584579132,0.2,0.25,-20,2,400,0.7,1,eff,1,6.5,5,10
7.482433334471366,-88.99189763453363,0.6968241909147566,-375.3466826445973,0.1362034722222222,-277.1806107420296,2.8306497130090555,-121.51262410539066,0.2,0.25,-20,2,400,0.7,1,eff,1,6.5,10,10
7.482433334471366,-91.40332519353423,0.6968241909147566,-377.7581102035979,0.1362034722222222,-279.9710074551373,2.8306497130090555,-121.53947742598747,0.2,0.25,-20,2,400,0.7,1,eff,0.5,6.5,10,10
5.327510845438027,-91.51466541437559,0.6968241909147566,-344.7623695746763,0.1362034722222222,-241.78980401695162,2.8306497130090555,-121.17204146540195,0.2,0.25,-20,2,400,0.7,1,eff,1,35,5,10
5.327510845438027,-92.09914869793256,0.6968241909147566,-345.3468528582333,0.1362034722222222,-242.46614207550004,2.8306497130090555,-121.17855018963908,0.2,0.25,-20,2,400,0.7,1,eff,0.5,6.5,5,10
7.482433334471366,-93.33965489659246,0.6968241909147566,-379.69443990665616,0.1362034722222222,-282.2116420617649,2.8306497130090555,-121.56104012320156,0.2,0.25,-20,2,400,0.7,1,eff,0.5,35,10,10
5.327510845438027,-94.59076824889578,0.6968241909147566,-347.8384724091965,0.1362034722222222,-245.34933339510155,2.8306497130090555,-121.20629651706393,0.2,0.25,-20,2,400,0.7,1,eff,0.5,35,5,10
7.482433334471366,-88.99189763453363,0.664380693404857,-403.83076835533024,0.1362034722222222,-301.51148305980274,2.8306497130090555,-121.74677171303327,0.2,0.25,-20,2,400,0.8,0.5,eq,1,35,10,10
5.327510845438027,-91.51466541437559,0.664380693404857,-372.44131487799365,0.1362034722222222,-264.73462247789956,2.8306497130090555,-121.39285041463555,0.2,0.25,-20,2,400,0.8,0.5,eq,1,35,5,10
7.482433334471366,-91.40332519353423,0.664380693404857,-406.2421959143308,0.1362034722222222,-304.3367866351315,2.8306497130090555,-121.77396095904092,0.2,0.25,-20,2,400,0.8,0.5,eq,0.5,6.5,10,10
5.327510845438027,-90.38986506758839,0.664380693404857,-371.31651453120645,0.1362034722222222,-263.41677138614176,2.8306497130090555,-121.38016810401653,0.2,0.25,-20,2,400,0.8,0.5,eq,1,6.5,5,10
5.327510845438027,-92.09914869793256,0.664380693404857,-373.02579816155065,0.1362034722222222,-265.4194212828663,2.8306497130090555,-121.3994405606773,0.2,0.25,-20,2,400,0.8,0.5,eq,0.5,6.5,5,10
5.327510845438027,-90.38986506758839,0.664380693404857,-355.31984670291115,0.1362034722222222,-253.19566223613165,2.8306497130090555,-121.28180548784417,0.2,0.25,-20,2,400,0.8,0.5,eff,1,6.5,5,10
7.482433334471366,-88.99189763453363,0.664380693404857,-387.50926194699997,0.1362034722222222,-290.4843097549008,2.8306497130090555,-121.64065195642615,0.2,0.25,-20,2,400,0.8,0.5,eff,1,6.5,10,10
7.482433334471366,-88.99189763453363,0.664380693404857,-403.83076835533024,0.1362034722222222,-301.51148305980274,2.8306497130090555,-121.74677171303327,0.2,0.25,-20,2,400,0.8,0.5,eq,1,6.5,10,10
7.482433334471366,-88.99189763453363,0.664380693404857,-387.50926194699997,0.1362034722222222,-290.4843097549008,2.8306497130090555,-121.64065195642615,0.2,0.25,-20,2,400,0.8,0.5,eff,1,35,10,10
5.327510845438027,-94.59076824889578,0.664380693404857,-375.51741771251386,0.1362034722222222,-268.3386802918941,2.8306497130090555,-121.42753398470774,0.2,0.25,-20,2,400,0.8,0.5,eq,0.5,35,5,10
7.482433334471366,-93.33965489659246,0.664380693404857,-408.178525617389,0.1362034722222222,-306.60545077695843,2.8306497130090555,-121.7957933978624,0.2,0.25,-20,2,400,0.8,0.5,eq,0.5,35,10,10
5.327510845438027,-91.51466541437559,0.664380693404857,-356.44464704969835,0.1362034722222222,-254.49864594513616,2.8306497130090555,-121.29434472253652,0.2,0.25,-20,2,400,0.8,0.5,eff,1,35,5,10
7.482433334471366,-91.40332519353423,0.664380693404857,-389.92068950600054,0.1362034722222222,-293.2777395697098,2.8306497130090555,-121.66753446600941,0.2,0.25,-20,2,400,0.8,0.5,eff,0.5,6.5,10,10
5.327510845438027,-90.38986506758839,0.6968241909147566,-358.91128392766495,0.1362034722222222,-249.84545155290255,2.8306497130090555,-121.24956480997918,0.2,0.25,-20,2,400,0.8,1,eq,1,6.5,5,10
7.482433334471366,-88.99189763453363,0.6968241909147566,-390.9749819355633,0.1362034722222222,-287.36410701973944,2.8306497130090555,-121.61062475492434,0.2,0.25,-20,2,400,0.8,1,eq,1,35,10,10
5.327510845438027,-91.51466541437559,0.6968241909147566,-360.03608427445215,0.1362034722222222,-251.16161279765976,2.8306497130090555,-121.26223085839305,0.2,0.25,-20,2,400,0.8,1,eq,1,35,5,10
5.327510845438027,-94.59076824889578,0.664380693404857,-359.52074988421856,0.1362034722222222,-258.06204445532506,2.8306497130090555,-121.32863700870456,0.2,0.25,-20,2,400,0.8,0.5,eff,0.5,35,5,10
7.482433334471366,-91.40332519353423,0.6968241909147566,-393.3864094945639,0.1362034722222222,-290.18578777966167,2.8306497130090555,-121.6377791368486,0.2,0.25,-20,2,400,0.8,1,eq,0.5,6.5,10,10
7.482433334471366,-88.99189763453363,0.6968241909147566,-390.9749819355633,0.1362034722222222,-287.36410701973944,2.8306497130090555,-121.61062475492434,0.2,0.25,-20,2,400,0.8,1,eq,1,6.5,10,10
5.327510845438027,-92.09914869793256,0.664380693404857,-357.02913033325535,0.1362034722222222,-255.17571916859845,2.8306497130090555,-121.30086052161693,0.2,0.25,-20,2,400,0.8,0.5,eff,0.5,6.5,5,10
7.482433334471366,-93.33965489659246,0.664380693404857,-391.85701920905893,0.1362034722222222,-295.52080969796884,2.8306497130090555,-121.68912060141169,0.2,0.25,-20,2,400,0.8,0.5,eff,0.5,35,10,10
5.327510845438027,-94.59076824889578,0.6968241909147566,-363.11218710897236,0.1362034722222222,-254.76104921952287,2.8306497130090555,-121.29686995460109,0.2,0.25,-20,2,400,0.8,1,eq,0.5,35,5,10
5.327510845438027,-92.09914869793256,0.6968241909147566,-360.62056755800916,0.1362034722222222,-251.84553350243283,2.8306497130090555,-121.2688125540573,0.2,0.25,-20,2,400,0.8,1,eq,0.5,6.5,5,10
7.482433334471366,-88.99189763453363,0.6968241909147566,-375.3466826445973,0.1362034722222222,-277.1806107420296,2.8306497130090555,-121.51262410539066,0.2,0.25,-20,2,400,0.8,1,eff,1,6.5,10,10
7.482433334471366,-93.33965489659246,0.6968241909147566,-395.3227391976221,0.1362034722222222,-292.45154287066106,2.8306497130090555,-121.65958358048434,0.2,0.25,-20,2,400,0.8,1,eq,0.5,35,10,10
5.327510845438027,-90.38986506758839,0.6968241909147566,-343.6375692278891,0.1362034722222222,-240.4882350856542,2.8306497130090555,-121.15951584579132,0.2,0.25,-20,2,400,0.8,1,eff,1,6.5,5,10
7.482433334471366,-91.40332519353423,0.6968241909147566,-377.7581102035979,0.1362034722222222,-279.9710074551373,2.8306497130090555,-121.53947742598747,0.2,0.25,-20,2,400,0.8,1,eff,0.5,6.5,10,10
7.482433334471366,-88.99189763453363,0.6968241909147566,-375.3466826445973,0.1362034722222222,-277.1806107420296,2.8306497130090555,-121.51262410539066,0.2,0.25,-20,2,400,0.8,1,eff,1,35,10,10
7.482433334471366,-88.99189763453363,0.664380693404857,-403.83076835533024,0.17511874999999996,-301.5120283607934,2.838432768564611,-122.23969789727174,0.2,0.25,-20,2,500,0.7,0.5,eq,1,35,10,10
5.327510845438027,-91.51466541437559,0.6968241909147566,-344.7623695746763,0.1362034722222222,-241.78980401695162,2.8306497130090555,-121.17204146540195,0.2,0.25,-20,2,400,0.8,1,eff,1,35,5,10
5.327510845438027,-90.38986506758839,0.664380693404857,-371.31651453120645,0.17511874999999996,-263.4173166871028,2.838432768564611,-121.76964284690806,0.2,0.25,-20,2,500,0.7,0.5,eq,1,6.5,5,10
5.327510845438027,-91.51466541437559,0.664380693404857,-372.44131487799365,0.17511874999999996,-264.7351677788622,2.838432768564611,-121.7859039638478,0.2,0.25,-20,2,500,0.7,0.5,eq,1,35,5,10
7.482433334471366,-88.99189763453363,0.664380693404857,-403.83076835533024,0.17511874999999996,-301.5120283607934,2.838432768564611,-122.23969789727174,0.2,0.25,-20,2,500,0.7,0.5,eq,1,6.5,10,10
7.482433334471366,-93.33965489659246,0.6968241909147566,-379.69443990665616,0.1362034722222222,-282.2116420617649,2.8306497130090555,-121.56104012320156,0.2,0.25,-20,2,400,0.8,1,eff,0.5,35,10,10
7.482433334471366,-91.40332519353423,0.664380693404857,-406.2421959143308,0.17511874999999996,-304.3373319362567,2.838432768564611,-122.27455964464052,0.2,0.25,-20,2,500,0.7,0.5,eq,0.5,6.5,10,10
5.327510845438027,-92.09914869793256,0.6968241909147566,-345.3468528582333,0.1362034722222222,-242.46614207550004,2.8306497130090555,-121.17855018963908,0.2,0.25,-20,2,400,0.8,1,eff,0.5,6.5,5,10
5.327510845438027,-94.59076824889578,0.6968241909147566,-347.8384724091965,0.1362034722222222,-245.34933339510155,2.8306497130090555,-121.20629651706393,0.2,0.25,-20,2,400,0.8,1,eff,0.5,35,5,10
5.327510845438027,-92.09914869793256,0.664380693404857,-373.02579816155065,0.17511874999999996,-265.419966583982,2.838432768564611,-121.79435377545377,0.2,0.25,-20,2,500,0.7,0.5,eq,0.5,6.5,5,10
5.327510845438027,-94.59076824889578,0.664380693404857,-375.51741771251386,0.17511874999999996,-268.33922559302,2.838432768564611,-121.8303748497771,0.2,0.25,-20,2,500,0.7,0.5,eq,0.5,35,5,10
5.327510845438027,-90.38986506758839,0.664380693404857,-355.31984670291115,0.17511874999999996,-253.19615986401328,2.838432768564611,-121.64352281149726,0.2,0.25,-20,2,500,0.7,0.5,eff,1,6.5,5,10
7.482433334471366,-93.33965489659246,0.664380693404857,-408.178525617389,0.17511874999999996,-306.6059960780924,2.838432768564611,-122.30255295370097,0.2,0.25,-20,2,500,0.7,0.5,eq,0.5,35,10,10
7.482433334471366,-88.99189763453363,0.664380693404857,-387.50926194699997,0.17511874999999996,-290.48480738281324,2.838432768564611,-122.10363174308803,0.2,0.25,-20,2,500,0.7,0.5,eff,1,35,10,10
7.482433334471366,-91.40332519353423,0.664380693404857,-389.92068950600054,0.17511874999999996,-293.2782371974522,2.838432768564611,-122.13810019643812,0.2,0.25,-20,2,500,0.7,0.5,eff,0.5,6.5,10,10
7.482433334471366,-88.99189763453363,0.6968241909147566,-390.9749819355633,0.17511874999999996,-287.36462172013216,2.838432768564611,-122.06513141156228,0.2,0.25,-20,2,500,0.7,1,eq,1,35,10,10
7.482433334471366,-88.99189763453363,0.6968241909147566,-390.9749819355633,0.17511874999999996,-287.36462172013216,2.838432768564611,-122.06513141156228,0.2,0.25,-20,2,500,0.7,1,eq,1,6.5,10,10
5.327510845438027,-91.51466541437559,0.664380693404857,-356.44464704969835,0.17511874999999996,-254.49914357277765,2.838432768564611,-121.65960047807967,0.2,0.25,-20,2,500,0.7,0.5,eff,1,35,5,10
5.327510845438027,-92.09914869793256,0.664380693404857,-357.02913033325535,0.17511874999999996,-255.17621679624946,2.838432768564611,-121.66795496284088,0.2,0.25,-20,2,500,0.7,0.5,eff,0.5,6.5,5,10
5.327510845438027,-90.38986506758839,0.6968241909147566,-358.91128392766495,0.17511874999999996,-249.8459662534906,2.838432768564611,-121.60218438531855,0.2,0.25,-20,2,500,0.7,1,eq,1,6.5,5,10
7.482433334471366,-88.99189763453363,0.664380693404857,-387.50926194699997,0.17511874999999996,-290.48480738281324,2.838432768564611,-122.10363174308803,0.2,0.25,-20,2,500,0.7,0.5,eff,1,6.5,10,10
5.327510845438027,-94.59076824889578,0.664380693404857,-359.52074988421856,0.17511874999999996,-258.06254208321275,2.838432768564611,-121.70356966416097,0.2,0.25,-20,2,500,0.7,0.5,eff,0.5,35,5,10
5.327510845438027,-91.51466541437559,0.6968241909147566,-360.03608427445215,0.17511874999999996,-251.16212749806127,2.838432768564611,-121.61842465103834,0.2,0.25,-20,2,500,0.7,1,eq,1,35,5,10
7.482433334471366,-91.40332519353423,0.6968241909147566,-393.3864094945639,0.17511874999999996,-290.1863024801653,2.838432768564611,-122.09994845659278,0.2,0.25,-20,2,500,0.7,1,eq,0.5,6.5,10,10
7.482433334471366,-88.99189763453363,0.6968241909147566,-375.3466826445973,0.17511874999999996,-277.1810809223808,2.838432768564611,-121.9394755246358,0.2,0.25,-20,2,500,0.7,1,eff,1,6.5,10,10
7.482433334471366,-93.33965489659246,0.6968241909147566,-395.3227391976221,0.17511874999999996,-292.4520575713703,2.838432768564611,-122.12790587054123,0.2,0.25,-20,2,500,0.7,1,eq,0.5,35,10,10
5.327510845438027,-92.09914869793256,0.6968241909147566,-360.62056755800916,0.17511874999999996,-251.84604820305617,2.838432768564611,-121.62686362766561,0.2,0.25,-20,2,500,0.7,1,eq,0.5,6.5,5,10
7.482433334471366,-93.33965489659246,0.664380693404857,-391.85701920905893,0.17511874999999996,-295.52130732559857,2.838432768564611,-122.1657776980054,0.2,0.25,-20,2,500,0.7,0.5,eff,0.5,35,10,10
5.327510845438027,-91.51466541437559,0.6968241909147566,-344.7623695746763,0.17511874999999996,-241.79027419731312,2.838432768564611,-121.5027842699531,0.2,0.25,-20,2,500,0.7,1,eff,1,35,5,10
7.482433334471366,-93.33965489659246,0.6968241909147566,-379.69443990665616,0.17511874999999996,-282.21211224200965,2.838432768564611,-122.00155400157998,0.2,0.25,-20,2,500,0.7,1,eff,0.5,35,10,10
7.482433334471366,-88.99189763453363,0.6968241909147566,-375.3466826445973,0.17511874999999996,-277.1810809223808,2.838432768564611,-121.9394755246358,0.2,0.25,-20,2,500,0.7,1,eff,1,35,10,10
5.327510845438027,-90.38986506758839,0.664380693404857,-371.31651453120645,0.17511874999999996,-263.4173166871028,2.838432768564611,-121.76964284690806,0.2,0.25,-20,2,500,0.8,0.5,eq,1,6.5,5,10
5.327510845438027,-90.38986506758839,0.6968241909147566,-343.6375692278891,0.17511874999999996,-240.48870526619382,2.838432768564611,-121.48672406047545,0.2,0.25,-20,2,500,0.7,1,eff,1,6.5,5,10
5.327510845438027,-94.59076824889578,0.6968241909147566,-347.8384724091965,0.17511874999999996,-245.34980357564186,2.838432768564611,-121.54670571436587,0.2,0.25,-20,2,500,0.7,1,eff,0.5,35,5,10
7.482433334471366,-88.99189763453363,0.664380693404857,-403.83076835533024,0.17511874999999996,-301.5120283607934,2.838432768564611,-122.23969789727174,0.2,0.25,-20,2,500,0.8,0.5,eq,1,35,10,10
5.327510845438027,-91.51466541437559,0.664380693404857,-372.44131487799365,0.17511874999999996,-264.7351677788622,2.838432768564611,-121.7859039638478,0.2,0.25,-20,2,500,0.8,0.5,eq,1,35,5,10
7.482433334471366,-91.40332519353423,0.6968241909147566,-377.7581102035979,0.17511874999999996,-279.9714776356422,2.838432768564611,-121.97390655219742,0.2,0.25,-20,2,500,0.7,1,eff,0.5,6.5,10,10
5.327510845438027,-92.09914869793256,0.6968241909147566,-345.3468528582333,0.17511874999999996,-242.46661225599564,2.838432768564611,-121.51112968343102,0.2,0.25,-20,2,500,0.7,1,eff,0.5,6.5,5,10
7.482433334471366,-88.99189763453363,0.664380693404857,-403.83076835533024,0.17511874999999996,-301.5120283607934,2.838432768564611,-122.23969789727174,0.2,0.25,-20,2,500,0.8,0.5,eq,1,6.5,10,10
7.482433334471366,-93.33965489659246,0.664380693404857,-408.178525617389,0.17511874999999996,-306.6059960780924,2.838432768564611,-122.30255295370097,0.2,0.25,-20,2,500,0.8,0.5,eq,0.5,35,10,10
5.327510845438027,-94.59076824889578,0.6968241909147566,-363.11218710897236,0.17511874999999996,-254.7615639199234,2.838432768564611,-121.66283851307391,0.2,0.25,-20,2,500,0.7,1,eq,0.5,35,5,10
5.327510845438027,-92.09914869793256,0.664380693404857,-373.02579816155065,0.17511874999999996,-265.419966583982,2.838432768564611,-121.79435377545377,0.2,0.25,-20,2,500,0.8,0.5,eq,0.5,6.5,5,10
7.482433334471366,-88.99189763453363,0.664380693404857,-387.50926194699997,0.17511874999999996,-290.48480738281324,2.838432768564611,-122.10363174308803,0.2,0.25,-20,2,500,0.8,0.5,eff,1,6.5,10,10
5.327510845438027,-94.59076824889578,0.664380693404857,-375.51741771251386,0.17511874999999996,-268.33922559302,2.838432768564611,-121.8303748497771,0.2,0.25,-20,2,500,0.8,0.5,eq,0.5,35,5,10
7.482433334471366,-91.40332519353423,0.664380693404857,-406.2421959143308,0.17511874999999996,-304.3373319362567,2.838432768564611,-122.27455964464052,0.2,0.25,-20,2,500,0.8,0.5,eq,0.5,6.5,10,10
5.327510845438027,-92.09914869793256,0.664380693404857,-357.02913033325535,0.17511874999999996,-255.17621679624946,2.838432768564611,-121.66795496284088,0.2,0.25,-20,2,500,0.8,0.5,eff,0.5,6.5,5,10
7.482433334471366,-88.99189763453363,0.664380693404857,-387.50926194699997,0.17511874999999996,-290.48480738281324,2.838432768564611,-122.10363174308803,0.2,0.25,-20,2,500,0.8,0.5,eff,1,35,10,10
5.327510845438027,-90.38986506758839,0.664380693404857,-355.31984670291115,0.17511874999999996,-253.19615986401328,2.838432768564611,-121.64352281149726,0.2,0.25,-20,2,500,0.8,0.5,eff,1,6.5,5,10
5.327510845438027,-91.51466541437559,0.664380693404857,-356.44464704969835,0.17511874999999996,-254.49914357277765,2.838432768564611,-121.65960047807967,0.2,0.25,-20,2,500,0.8,0.5,eff,1,35,5,10
7.482433334471366,-88.99189763453363,0.6968241909147566,-390.9749819355633,0.17511874999999996,-287.36462172013216,2.838432768564611,-122.06513141156228,0.2,0.25,-20,2,500,0.8,1,eq,1,6.5,10,10
7.482433334471366,-93.33965489659246,0.664380693404857,-391.85701920905893,0.17511874999999996,-295.52130732559857,2.838432768564611,-122.1657776980054,0.2,0.25,-20,2,500,0.8,0.5,eff,0.5,35,10,10
7.482433334471366,-88.99189763453363,0.6968241909147566,-390.9749819355633,0.17511874999999996,-287.36462172013216,2.838432768564611,-122.06513141156228,0.2,0.25,-20,2,500,0.8,1,eq,1,35,10,10
5.327510845438027,-90.38986506758839,0.6968241909147566,-358.91128392766495,0.17511874999999996,-249.8459662534906,2.838432768564611,-121.60218438531855,0.2,0.25,-20,2,500,0.8,1,eq,1,6.5,5,10
5.327510845438027,-91.51466541437559,0.6968241909147566,-360.03608427445215,0.17511874999999996,-251.16212749806127,2.838432768564611,-121.61842465103834,0.2,0.25,-20,2,500,0.8,1,eq,1,35,5,10
7.482433334471366,-91.40332519353423,0.6968241909147566,-393.3864094945639,0.17511874999999996,-290.1863024801653,2.838432768564611,-122.09994845659278,0.2,0.25,-20,2,500,0.8,1,eq,0.5,6.5,10,10
5.327510845438027,-92.09914869793256,0.6968241909147566,-360.62056755800916,0.17511874999999996,-251.84604820305617,2.838432768564611,-121.62686362766561,0.2,0.25,-20,2,500,0.8,1,eq,0.5,6.5,5,10
7.482433334471366,-88.99189763453363,0.6968241909147566,-375.3466826445973,0.17511874999999996,-277.1810809223808,2.838432768564611,-121.9394755246358,0.2,0.25,-20,2,500,0.8,1,eff,1,35,10,10
5.327510845438027,-90.38986506758839,0.6968241909147566,-343.6375692278891,0.17511874999999996,-240.48870526619382,2.838432768564611,-121.48672406047545,0.2,0.25,-20,2,500,0.8,1,eff,1,6.5,5,10
5.327510845438027,-94.59076824889578,0.664380693404857,-359.52074988421856,0.17511874999999996,-258.06254208321275,2.838432768564611,-121.70356966416097,0.2,0.25,-20,2,500,0.8,0.5,eff,0.5,35,5,10
5.327510845438027,-91.51466541437559,0.6968241909147566,-344.7623695746763,0.17511874999999996,-241.79027419731312,2.838432768564611,-121.5027842699531,0.2,0.25,-20,2,500,0.8,1,eff,1,35,5,10
5.327510845438027,-92.09914869793256,0.6968241909147566,-345.3468528582333,0.17511874999999996,-242.46661225599564,2.838432768564611,-121.51112968343102,0.2,0.25,-20,2,500,0.8,1,eff,0.5,6.5,5,10
7.482433334471366,-93.33965489659246,0.6968241909147566,-395.3227391976221,0.17511874999999996,-292.4520575713703,2.838432768564611,-122.12790587054123,0.2,0.25,-20,2,500,0.8,1,eq,0.5,35,10,10
7.482433334471366,-88.99189763453363,1.6648435882347152,-262.3746001532685,0.0681017361111111,-157.93890527493846,2.817029365786833,-120.18343474489512,0.2,0.25,-10,1,400,0.7,0.5,eq,1,6.5,10,10
7.482433334471366,-88.99189763453363,0.6968241909147566,-375.3466826445973,0.17511874999999996,-277.1810809223808,2.838432768564611,-121.9394755246358,0.2,0.25,-20,2,500,0.8,1,eff,1,6.5,10,10
7.482433334471366,-91.40332519353423,0.664380693404857,-389.92068950600054,0.17511874999999996,-293.2782371974522,2.838432768564611,-122.13810019643812,0.2,0.25,-20,2,500,0.8,0.5,eff,0.5,6.5,10,10
5.327510845438027,-94.59076824889578,0.6968241909147566,-363.11218710897236,0.17511874999999996,-254.7615639199234,2.838432768564611,-121.66283851307391,0.2,0.25,-20,2,500,0.8,1,eq,0.5,35,5,10
7.482433334471366,-91.40332519353423,0.6968241909147566,-377.7581102035979,0.17511874999999996,-279.9714776356422,2.838432768564611,-121.97390655219742,0.2,0.25,-20,2,500,0.8,1,eff,0.5,6.5,10,10
7.482433334471366,-93.33965489659246,0.6968241909147566,-379.69443990665616,0.17511874999999996,-282.21211224200965,2.838432768564611,-122.00155400157998,0.2,0.25,-20,2,500,0.8,1,eff,0.5,35,10,10
5.327510845438027,-90.38986506758839,1.6648435882347152,-229.86034632914482,0.0681017361111111,-120.821151293933,2.817029365786833,-120.00397026949061,0.2,0.25,-10,1,400,0.7,0.5,eq,1,6.5,5,10
5.327510845438027,-94.59076824889578,0.6968241909147566,-347.8384724091965,0.17511874999999996,-245.34980357564186,2.838432768564611,-121.54670571436587,0.2,0.25,-20,2,500,0.8,1,eff,0.5,35,5,10
7.482433334471366,-88.99189763453363,1.6648435882347152,-262.3746001532685,0.0681017361111111,-157.93890527493846,2.817029365786833,-120.18343474489512,0.2,0.25,-10,1,400,0.7,0.5,eq,1,35,10,10
5.327510845438027,-91.51466541437559,1.6648435882347152,-230.98514667593201,0.0681017361111111,-122.10520544369304,2.817029365786833,-120.01017867597163,0.2,0.25,-10,1,400,0.7,0.5,eq,1,35,5,10
7.482433334471366,-91.40332519353423,1.6648435882347152,-264.78602771226906,0.0681017361111111,-160.69175254505632,2.817029365786833,-120.19674477145159,0.2,0.25,-10,1,400,0.7,0.5,eq,0.5,6.5,10,10
5.327510845438027,-94.59076824889578,1.6648435882347152,-234.0612495104522,0.0681017361111111,-125.61683541525778,2.817029365786833,-120.02715741964731,0.2,0.25,-10,1,400,0.7,0.5,eq,0.5,35,5,10
5.327510845438027,-92.09914869793256,1.6648435882347152,-231.569629959489,0.0681017361111111,-122.77244224516046,2.817029365786833,-120.0134047683319,0.2,0.25,-10,1,400,0.7,0.5,eq,0.5,6.5,5,10
7.482433334471366,-88.99189763453363,1.6648435882347152,-255.8921313153784,0.0681017361111111,-156.81727074102076,2.817029365786833,-120.17801163784713,0.2,0.25,-10,1,400,0.7,0.5,eff,1,6.5,10,10
7.482433334471366,-88.99189763453363,1.6648435882347152,-255.8921313153784,0.0681017361111111,-156.81727074102076,2.817029365786833,-120.17801163784713,0.2,0.25,-10,1,400,0.7,0.5,eff,1,35,10,10
7.482433334471366,-91.40332519353423,1.6648435882347152,-258.303558874379,0.0681017361111111,-159.54977075219787,2.817029365786833,-120.1912232853326,0.2,0.25,-10,1,400,0.7,0.5,eff,0.5,6.5,10,10
7.482433334471366,-93.33965489659246,1.6648435882347152,-266.7223574153273,0.0681017361111111,-162.90223567453842,2.817029365786833,-120.20743246541676,0.2,0.25,-10,1,400,0.7,0.5,eq,0.5,35,10,10
5.327510845438027,-90.38986506758839,1.6648435882347152,-223.70271607128953,0.0681017361111111,-120.3419566927445,2.817029365786833,-120.0016533618522,0.2,0.25,-10,1,400,0.7,0.5,eff,1,6.5,5,10
5.327510845438027,-91.51466541437559,1.6648435882347152,-224.82751641807673,0.0681017361111111,-121.61651994834129,2.817029365786833,-120.00781587982546,0.2,0.25,-10,1,400,0.7,0.5,eff,1,35,5,10
5.327510845438027,-92.09914869793256,1.6648435882347152,-225.4119997016337,0.0681017361111111,-122.27882496882735,2.817029365786833,-120.01101812700665,0.2,0.25,-10,1,400,0.7,0.5,eff,0.5,6.5,5,10
5.327510845438027,-90.38986506758839,1.7398467296524174,-221.81305413680974,0.0681017361111111,-112.80358553468372,2.817029365786833,-119.9652053099044,0.2,0.25,-10,1,400,0.7,1,eq,1,6.5,5,10
7.482433334471366,-93.33965489659246,1.6648435882347152,-260.2398885774373,0.0681017361111111,-161.74391542641587,2.817029365786833,-120.2018319828072,0.2,0.25,-10,1,400,0.7,0.5,eff,0.5,35,10,10
5.327510845438027,-94.59076824889578,1.6648435882347152,-227.9036192525969,0.0681017361111111,-125.10219423239808,2.817029365786833,-120.02466912765775,0.2,0.25,-10,1,400,0.7,0.5,eff,0.5,35,5,10
7.482433334471366,-93.33965489659246,1.7398467296524174,-258.2245094067669,0.0681017361111111,-154.31561971942813,2.817029365786833,-120.1659161460652,0.2,0.25,-10,1,400,0.7,1,eq,0.5,35,10,10
7.482433334471366,-91.40332519353423,1.7398467296524174,-256.28817970370864,0.0681017361111111,-152.10804564051722,2.817029365786833,-120.1552425173702,0.2,0.25,-10,1,400,0.7,1,eq,0.5,6.5,10,10
5.327510845438027,-94.59076824889578,1.7398467296524174,-226.01395731811712,0.0681017361111111,-117.59295841689178,2.817029365786833,-119.98836194519713,0.2,0.25,-10,1,400,0.7,1,eq,0.5,35,5,10
5.327510845438027,-91.51466541437559,1.7398467296524174,-217.14062534001079,0.0681017361111111,-113.89996699135891,2.817029365786833,-119.97050631823237,0.2,0.25,-10,1,400,0.7,1,eff,1,35,5,10
7.482433334471366,-88.99189763453363,1.7398467296524174,-247.72493840993175,0.0681017361111111,-148.51763904198202,2.817029365786833,-120.13788288841675,0.2,0.25,-10,1,400,0.7,1,eff,1,35,10,10
5.327510845438027,-91.51466541437559,1.7398467296524174,-222.93785448359694,0.0681017361111111,-114.08594983735362,2.817029365786833,-119.97140554596864,0.2,0.25,-10,1,400,0.7,1,eq,1,35,5,10
5.327510845438027,-92.09914869793256,1.7398467296524174,-223.5223377671539,0.0681017361111111,-114.75230853874577,2.817029365786833,-119.9746273927117,0.2,0.25,-10,1,400,0.7,1,eq,0.5,6.5,5,10
7.482433334471366,-88.99189763453363,1.7398467296524174,-253.87675214470806,0.0681017361111111,-149.3588211857301,2.817029365786833,-120.14195000713912,0.2,0.25,-10,1,400,0.7,1,eq,1,35,10,10
5.327510845438027,-92.09914869793256,1.7398467296524174,-217.72510862356776,0.0681017361111111,-114.56153001491305,2.817029365786833,-119.97370497785553,0.2,0.25,-10,1,400,0.7,1,eff,0.5,6.5,5,10
7.482433334471366,-88.99189763453363,1.7398467296524174,-253.87675214470806,0.0681017361111111,-149.3588211857301,2.817029365786833,-120.14195000713912,0.2,0.25,-10,1,400,0.7,1,eq,1,6.5,10,10
5.327510845438027,-90.38986506758839,1.7398467296524174,-216.0158249932236,0.0681017361111111,-112.62683166087115,2.817029365786833,-119.96435070428203,0.2,0.25,-10,1,400,0.7,1,eff,1,6.5,5,10
7.482433334471366,-91.40332519353423,1.7398467296524174,-250.13636596893235,0.0681017361111111,-151.24707776508427,2.817029365786833,-120.1510797345633,0.2,0.25,-10,1,400,0.7,1,eff,0.5,6.5,10,10
5.327510845438027,-94.59076824889578,1.7398467296524174,-220.21672817453097,0.0681017361111111,-117.38173618705223,2.817029365786833,-119.9873406849481,0.2,0.25,-10,1,400,0.7,1,eff,0.5,35,5,10
7.482433334471366,-93.33965489659246,1.7398467296524174,-252.0726956719906,0.0681017361111111,-153.43876428380383,2.817029365786833,-120.16167654684718,0.2,0.25,-10,1,400,0.7,1,eff,0.5,35,10,10
5.327510845438027,-90.38986506758839,1.6648435882347152,-229.86034632914482,0.0681017361111111,-120.821151293933,2.817029365786833,-120.00397026949061,0.2,0.25,-10,1,400,0.8,0.5,eq,1,6.5,5,10
7.482433334471366,-88.99189763453363,1.6648435882347152,-262.3746001532685,0.0681017361111111,-157.93890527493846,2.817029365786833,-120.18343474489512,0.2,0.25,-10,1,400,0.8,0.5,eq,1,6.5,10,10
7.482433334471366,-88.99189763453363,1.6648435882347152,-262.3746001532685,0.0681017361111111,-157.93890527493846,2.817029365786833,-120.18343474489512,0.2,0.25,-10,1,400,0.8,0.5,eq,1,35,10,10
7.482433334471366,-91.40332519353423,1.6648435882347152,-264.78602771226906,0.0681017361111111,-160.69175254505632,2.817029365786833,-120.19674477145159,0.2,0.25,-10,1,400,0.8,0.5,eq,0.5,6.5,10,10
7.482433334471366,-88.99189763453363,1.7398467296524174,-247.72493840993175,0.0681017361111111,-148.51763904198202,2.817029365786833,-120.13788288841675,0.2,0.25,-10,1,400,0.7,1,eff,1,6.5,10,10
7.482433334471366,-93.33965489659246,1.6648435882347152,-266.7223574153273,0.0681017361111111,-162.90223567453842,2.817029365786833,-120.20743246541676,0.2,0.25,-10,1,400,0.8,0.5,eq,0.5,35,10,10
5.327510845438027,-91.51466541437559,1.6648435882347152,-230.98514667593201,0.0681017361111111,-122.10520544369304,2.817029365786833,-120.01017867597163,0.2,0.25,-10,1,400,0.8,0.5,eq,1,35,5,10
7.482433334471366,-88.99189763453363,1.6648435882347152,-255.8921313153784,0.0681017361111111,-156.81727074102076,2.817029365786833,-120.17801163784713,0.2,0.25,-10,1,400,0.8,0.5,eff,1,35,10,10
7.482433334471366,-91.40332519353423,1.6648435882347152,-258.303558874379,0.0681017361111111,-159.54977075219787,2.817029365786833,-120.1912232853326,0.2,0.25,-10,1,400,0.8,0.5,eff,0.5,6.5,10,10
7.482433334471366,-88.99189763453363,1.6648435882347152,-255.8921313153784,0.0681017361111111,-156.81727074102076,2.817029365786833,-120.17801163784713,0.2,0.25,-10,1,400,0.8,0.5,eff,1,6.5,10,10
5.327510845438027,-94.59076824889578,1.6648435882347152,-234.0612495104522,0.0681017361111111,-125.61683541525778,2.817029365786833,-120.02715741964731,0.2,0.25,-10,1,400,0.8,0.5,eq,0.5,35,5,10
5.327510845438027,-90.38986506758839,1.6648435882347152,-223.70271607128953,0.0681017361111111,-120.3419566927445,2.817029365786833,-120.0016533618522,0.2,0.25,-10,1,400,0.8,0.5,eff,1,6.5,5,10
7.482433334471366,-88.99189763453363,1.7398467296524174,-253.87675214470806,0.0681017361111111,-149.3588211857301,2.817029365786833,-120.14195000713912,0.2,0.25,-10,1,400,0.8,1,eq,1,6.5,10,10
5.327510845438027,-92.09914869793256,1.6648435882347152,-225.4119997016337,0.0681017361111111,-122.27882496882735,2.817029365786833,-120.01101812700665,0.2,0.25,-10,1,400,0.8,0.5,eff,0.5,6.5,5,10
7.482433334471366,-91.40332519353423,1.7398467296524174,-256.28817970370864,0.0681017361111111,-152.10804564051722,2.817029365786833,-120.1552425173702,0.2,0.25,-10,1,400,0.8,1,eq,0.5,6.5,10,10
5.327510845438027,-92.09914869793256,1.6648435882347152,-231.569629959489,0.0681017361111111,-122.77244224516046,2.817029365786833,-120.0134047683319,0.2,0.25,-10,1,400,0.8,0.5,eq,0.5,6.5,5,10
5.327510845438027,-94.59076824889578,1.6648435882347152,-227.9036192525969,0.0681017361111111,-125.10219423239808,2.817029365786833,-120.02466912765775,0.2,0.25,-10,1,400,0.8,0.5,eff,0.5,35,5,10
5.327510845438027,-91.51466541437559,1.7398467296524174,-222.93785448359694,0.0681017361111111,-114.08594983735362,2.817029365786833,-119.97140554596864,0.2,0.25,-10,1,400,0.8,1,eq,1,35,5,10
5.327510845438027,-92.09914869793256,1.7398467296524174,-223.5223377671539,0.0681017361111111,-114.75230853874577,2.817029365786833,-119.9746273927117,0.2,0.25,-10,1,400,0.8,1,eq,0.5,6.5,5,10
5.327510845438027,-90.38986506758839,1.7398467296524174,-221.81305413680974,0.0681017361111111,-112.80358553468372,2.817029365786833,-119.9652053099044,0.2,0.25,-10,1,400,0.8,1,eq,1,6.5,5,10
7.482433334471366,-93.33965489659246,1.6648435882347152,-260.2398885774373,0.0681017361111111,-161.74391542641587,2.817029365786833,-120.2018319828072,0.2,0.25,-10,1,400,0.8,0.5,eff,0.5,35,10,10
7.482433334471366,-88.99189763453363,1.7398467296524174,-253.87675214470806,0.0681017361111111,-149.3588211857301,2.817029365786833,-120.14195000713912,0.2,0.25,-10,1,400,0.8,1,eq,1,35,10,10
7.482433334471366,-93.33965489659246,1.7398467296524174,-258.2245094067669,0.0681017361111111,-154.31561971942813,2.817029365786833,-120.1659161460652,0.2,0.25,-10,1,400,0.8,1,eq,0.5,35,10,10
5.327510845438027,-91.51466541437559,1.6648435882347152,-224.82751641807673,0.0681017361111111,-121.61651994834129,2.817029365786833,-120.00781587982546,0.2,0.25,-10,1,400,0.8,0.5,eff,1,35,5,10
5.327510845438027,-91.51466541437559,1.7398467296524174,-217.14062534001079,0.0681017361111111,-113.89996699135891,2.817029365786833,-119.97050631823237,0.2,0.25,-10,1,400,0.8,1,eff,1,35,5,10
7.482433334471366,-88.99189763453363,1.7398467296524174,-247.72493840993175,0.0681017361111111,-148.51763904198202,2.817029365786833,-120.13788288841675,0.2,0.25,-10,1,400,0.8,1,eff,1,6.5,10,10
7.482433334471366,-88.99189763453363,1.7398467296524174,-247.72493840993175,0.0681017361111111,-148.51763904198202,2.817029365786833,-120.13788288841675,0.2,0.25,-10,1,400,0.8,1,eff,1,35,10,10
5.327510845438027,-90.38986506758839,1.7398467296524174,-216.0158249932236,0.0681017361111111,-112.62683166087115,2.817029365786833,-119.96435070428203,0.2,0.25,-10,1,400,0.8,1,eff,1,6.5,5,10
5.327510845438027,-94.59076824889578,1.7398467296524174,-220.21672817453097,0.0681017361111111,-117.38173618705223,2.817029365786833,-119.9873406849481,0.2,0.25,-10,1,400,0.8,1,eff,0.5,35,5,10
5.327510845438027,-92.09914869793256,1.6648435882347152,-231.569629959489,0.08755937499999998,-122.77252970033331,2.820920893564611,-120.01721146936684,0.2,0.25,-10,1,500,0.7,0.5,eq,0.5,6.5,5,10
7.482433334471366,-91.40332519353423,1.7398467296524174,-250.13636596893235,0.0681017361111111,-151.24707776508427,2.817029365786833,-120.1510797345633,0.2,0.25,-10,1,400,0.8,1,eff,0.5,6.5,10,10
7.482433334471366,-88.99189763453363,1.6648435882347152,-262.3746001532685,0.08755937499999998,-157.93899273011553,2.820920893564611,-120.2355198615569,0.2,0.25,-10,1,500,0.7,0.5,eq,1,6.5,10,10
5.327510845438027,-92.09914869793256,1.7398467296524174,-217.72510862356776,0.0681017361111111,-114.56153001491305,2.817029365786833,-119.97370497785553,0.2,0.25,-10,1,400,0.8,1,eff,0.5,6.5,5,10
5.327510845438027,-94.59076824889578,1.7398467296524174,-226.01395731811712,0.0681017361111111,-117.59295841689178,2.817029365786833,-119.98836194519713,0.2,0.25,-10,1,400,0.8,1,eq,0.5,35,5,10
7.482433334471366,-93.33965489659246,1.7398467296524174,-252.0726956719906,0.0681017361111111,-153.43876428380383,2.817029365786833,-120.16167654684718,0.2,0.25,-10,1,400,0.8,1,eff,0.5,35,10,10
7.482433334471366,-88.99189763453363,1.6648435882347152,-262.3746001532685,0.08755937499999998,-157.93899273011553,2.820920893564611,-120.2355198615569,0.2,0.25,-10,1,500,0.7,0.5,eq,1,35,10,10
5.327510845438027,-94.59076824889578,1.6648435882347152,-234.0612495104522,0.08755937499999998,-125.61692287041498,2.820920893564611,-120.03486905691518,0.2,0.25,-10,1,500,0.7,0.5,eq,0.5,35,5,10
5.327510845438027,-91.51466541437559,1.6648435882347152,-230.98514667593201,0.08755937499999998,-122.10529289876933,2.820920893564611,-120.01306935836654,0.2,0.25,-10,1,500,0.7,0.5,eq,1,35,5,10
7.482433334471366,-93.33965489659246,1.6648435882347152,-266.7223574153273,0.08755937499999998,-162.90232312952583,2.820920893564611,-120.26633150953214,0.2,0.25,-10,1,500,0.7,0.5,eq,0.5,35,10,10
7.482433334471366,-91.40332519353423,1.6648435882347152,-264.78602771226906,0.08755937499999998,-160.69184000022102,2.820920893564611,-120.2526091452013,0.2,0.25,-10,1,500,0.7,0.5,eq,0.5,6.5,10,10
5.327510845438027,-90.38986506758839,1.6648435882347152,-229.86034632914482,0.08755937499999998,-120.82123874902194,2.820920893564611,-120.00509813314886,0.2,0.25,-10,1,500,0.7,0.5,eq,1,6.5,5,10
5.327510845438027,-90.38986506758839,1.6648435882347152,-223.70271607128953,0.08755937499999998,-120.3420383279535,2.820920893564611,-120.00212332520832,0.2,0.25,-10,1,500,0.7,0.5,eff,1,6.5,5,10
7.482433334471366,-88.99189763453363,1.6648435882347152,-255.8921313153784,0.08755937499999998,-156.81735237614797,2.820920893564611,-120.2285568780439,0.2,0.25,-10,1,500,0.7,0.5,eff,1,6.5,10,10
7.482433334471366,-88.99189763453363,1.6648435882347152,-255.8921313153784,0.08755937499999998,-156.81735237614797,2.820920893564611,-120.2285568780439,0.2,0.25,-10,1,500,0.7,0.5,eff,1,35,10,10
7.482433334471366,-91.40332519353423,1.6648435882347152,-258.303558874379,0.08755937499999998,-159.54985238750115,2.820920893564611,-120.24551984880483,0.2,0.25,-10,1,500,0.7,0.5,eff,0.5,6.5,10,10
5.327510845438027,-92.09914869793256,1.6648435882347152,-225.4119997016337,0.08755937499999998,-122.27890660414297,2.820920893564611,-120.01414712751391,0.2,0.25,-10,1,500,0.7,0.5,eff,0.5,6.5,5,10
7.482433334471366,-91.40332519353423,1.7398467296524174,-256.28817970370864,0.08755937499999998,-152.10812832859062,2.820920893564611,-120.19932268609756,0.2,0.25,-10,1,500,0.7,1,eq,0.5,6.5,10,10
5.327510845438027,-90.38986506758839,1.7398467296524174,-221.81305413680974,0.08755937499999998,-112.80366822275654,2.820920893564611,-119.95532619761539,0.2,0.25,-10,1,500,0.7,1,eq,1,6.5,5,10
7.482433334471366,-88.99189763453363,1.7398467296524174,-253.87675214470806,0.08755937499999998,-149.35890387380007,2.820920893564611,-120.18225589237463,0.2,0.25,-10,1,500,0.7,1,eq,1,35,10,10
5.327510845438027,-91.51466541437559,1.6648435882347152,-224.82751641807673,0.08755937499999998,-121.61660158363469,2.820920893564611,-120.01003563230783,0.2,0.25,-10,1,500,0.7,0.5,eff,1,35,5,10
7.482433334471366,-88.99189763453363,1.7398467296524174,-253.87675214470806,0.08755937499999998,-149.35890387380007,2.820920893564611,-120.18225589237463,0.2,0.25,-10,1,500,0.7,1,eq,1,6.5,10,10
5.327510845438027,-94.59076824889578,1.6648435882347152,-227.9036192525969,0.08755937499999998,-125.10227586758793,2.820920893564611,-120.03167420164529,0.2,0.25,-10,1,500,0.7,0.5,eff,0.5,35,5,10
7.482433334471366,-93.33965489659246,1.7398467296524174,-258.2245094067669,0.08755937499999998,-154.31570240750162,2.820920893564611,-120.21302699145808,0.2,0.25,-10,1,500,0.7,1,eq,0.5,35,10,10
7.482433334471366,-93.33965489659246,1.6648435882347152,-260.2398885774373,0.08755937499999998,-161.74399706154801,2.820920893564611,-120.25914078633303,0.2,0.25,-10,1,500,0.7,0.5,eff,0.5,35,10,10
5.327510845438027,-92.09914869793256,1.7398467296524174,-223.5223377671539,0.08755937499999998,-114.75239122681863,2.820920893564611,-119.96742359238266,0.2,0.25,-10,1,500,0.7,1,eq,0.5,6.5,5,10
5.327510845438027,-90.38986506758839,1.7398467296524174,-216.0158249932236,0.08755937499999998,-112.62690894544855,2.820920893564611,-119.95422890120544,0.2,0.25,-10,1,500,0.7,1,eff,1,6.5,5,10
5.327510845438027,-94.59076824889578,1.7398467296524174,-226.01395731811712,0.08755937499999998,-117.59304110496468,2.820920893564611,-119.98505794210801,0.2,0.25,-10,1,500,0.7,1,eq,0.5,35,5,10
7.482433334471366,-88.99189763453363,1.7398467296524174,-247.72493840993175,0.08755937499999998,-148.51771632644076,2.820920893564611,-120.17703391992774,0.2,0.25,-10,1,500,0.7,1,eff,1,35,10,10
5.327510845438027,-91.51466541437559,1.7398467296524174,-222.93785448359694,0.08755937499999998,-114.08603252540432,2.820920893564611,-119.96328693250291,0.2,0.25,-10,1,500,0.7,1,eq,1,35,5,10
5.327510845438027,-91.51466541437559,1.7398467296524174,-217.14062534001079,0.08755937499999998,-113.90004427586102,2.820920893564611,-119.96213234394826,0.2,0.25,-10,1,500,0.7,1,eff,1,35,5,10
7.482433334471366,-88.99189763453363,1.7398467296524174,-247.72493840993175,0.08755937499999998,-148.51771632644076,2.820920893564611,-120.17703391992774,0.2,0.25,-10,1,500,0.7,1,eff,1,6.5,10,10
7.482433334471366,-91.40332519353423,1.7398467296524174,-250.13636596893235,0.08755937499999998,-151.2471550495404,2.820920893564611,-120.19397788664732,0.2,0.25,-10,1,500,0.7,1,eff,0.5,6.5,10,10
5.327510845438027,-94.59076824889578,1.7398467296524174,-220.21672817453097,0.08755937499999998,-117.38181347163616,2.820920893564611,-119.98374667105483,0.2,0.25,-10,1,500,0.7,1,eff,0.5,35,5,10
5.327510845438027,-90.38986506758839,1.6648435882347152,-229.86034632914482,0.08755937499999998,-120.82123874902194,2.820920893564611,-120.00509813314886,0.2,0.25,-10,1,500,0.8,0.5,eq,1,6.5,5,10
7.482433334471366,-88.99189763453363,1.6648435882347152,-262.3746001532685,0.08755937499999998,-157.93899273011553,2.820920893564611,-120.2355198615569,0.2,0.25,-10,1,500,0.8,0.5,eq,1,6.5,10,10
7.482433334471366,-91.40332519353423,1.6648435882347152,-264.78602771226906,0.08755937499999998,-160.69184000022102,2.820920893564611,-120.2526091452013,0.2,0.25,-10,1,500,0.8,0.5,eq,0.5,6.5,10,10
5.327510845438027,-91.51466541437559,1.6648435882347152,-230.98514667593201,0.08755937499999998,-122.10529289876933,2.820920893564611,-120.01306935836654,0.2,0.25,-10,1,500,0.8,0.5,eq,1,35,5,10
7.482433334471366,-88.99189763453363,1.6648435882347152,-262.3746001532685,0.08755937499999998,-157.93899273011553,2.820920893564611,-120.2355198615569,0.2,0.25,-10,1,500,0.8,0.5,eq,1,35,10,10
7.482433334471366,-93.33965489659246,1.6648435882347152,-266.7223574153273,0.08755937499999998,-162.90232312952583,2.820920893564611,-120.26633150953214,0.2,0.25,-10,1,500,0.8,0.5,eq,0.5,35,10,10
7.482433334471366,-93.33965489659246,1.7398467296524174,-252.0726956719906,0.08755937499999998,-153.43884156843086,2.820920893564611,-120.20758356429873,0.2,0.25,-10,1,500,0.7,1,eff,0.5,35,10,10
5.327510845438027,-92.09914869793256,1.7398467296524174,-217.72510862356776,0.08755937499999998,-114.56160729949254,2.820920893564611,-119.96623923294348,0.2,0.25,-10,1,500,0.7,1,eff,0.5,6.5,5,10
7.482433334471366,-88.99189763453363,1.6648435882347152,-255.8921313153784,0.08755937499999998,-156.81735237614797,2.820920893564611,-120.2285568780439,0.2,0.25,-10,1,500,0.8,0.5,eff,1,6.5,10,10
5.327510845438027,-92.09914869793256,1.6648435882347152,-231.569629959489,0.08755937499999998,-122.77252970033331,2.820920893564611,-120.01721146936684,0.2,0.25,-10,1,500,0.8,0.5,eq,0.5,6.5,5,10
5.327510845438027,-94.59076824889578,1.6648435882347152,-234.0612495104522,0.08755937499999998,-125.61692287041498,2.820920893564611,-120.03486905691518,0.2,0.25,-10,1,500,0.8,0.5,eq,0.5,35,5,10
5.327510845438027,-90.38986506758839,1.6648435882347152,-223.70271607128953,0.08755937499999998,-120.3420383279535,2.820920893564611,-120.00212332520832,0.2,0.25,-10,1,500,0.8,0.5,eff,1,6.5,5,10
7.482433334471366,-88.99189763453363,1.6648435882347152,-255.8921313153784,0.08755937499999998,-156.81735237614797,2.820920893564611,-120.2285568780439,0.2,0.25,-10,1,500,0.8,0.5,eff,1,35,10,10
7.482433334471366,-91.40332519353423,1.6648435882347152,-258.303558874379,0.08755937499999998,-159.54985238750115,2.820920893564611,-120.24551984880483,0.2,0.25,-10,1,500,0.8,0.5,eff,0.5,6.5,10,10
7.482433334471366,-93.33965489659246,1.6648435882347152,-260.2398885774373,0.08755937499999998,-161.74399706154801,2.820920893564611,-120.25914078633303,0.2,0.25,-10,1,500,0.8,0.5,eff,0.5,35,10,10
5.327510845438027,-92.09914869793256,1.6648435882347152,-225.4119997016337,0.08755937499999998,-122.27890660414297,2.820920893564611,-120.01414712751391,0.2,0.25,-10,1,500,0.8,0.5,eff,0.5,6.5,5,10
5.327510845438027,-91.51466541437559,1.6648435882347152,-224.82751641807673,0.08755937499999998,-121.61660158363469,2.820920893564611,-120.01003563230783,0.2,0.25,-10,1,500,0.8,0.5,eff,1,35,5,10
5.327510845438027,-90.38986506758839,1.7398467296524174,-221.81305413680974,0.08755937499999998,-112.80366822275654,2.820920893564611,-119.95532619761539,0.2,0.25,-10,1,500,0.8,1,eq,1,6.5,5,10
7.482433334471366,-88.99189763453363,1.7398467296524174,-253.87675214470806,0.08755937499999998,-149.35890387380007,2.820920893564611,-120.18225589237463,0.2,0.25,-10,1,500,0.8,1,eq,1,6.5,10,10
7.482433334471366,-91.40332519353423,1.7398467296524174,-256.28817970370864,0.08755937499999998,-152.10812832859062,2.820920893564611,-120.19932268609756,0.2,0.25,-10,1,500,0.8,1,eq,0.5,6.5,10,10
5.327510845438027,-92.09914869793256,1.7398467296524174,-223.5223377671539,0.08755937499999998,-114.75239122681863,2.820920893564611,-119.96742359238266,0.2,0.25,-10,1,500,0.8,1,eq,0.5,6.5,5,10
5.327510845438027,-94.59076824889578,1.6648435882347152,-227.9036192525969,0.08755937499999998,-125.10227586758793,2.820920893564611,-120.03167420164529,0.2,0.25,-10,1,500,0.8,0.5,eff,0.5,35,5,10
5.327510845438027,-91.51466541437559,1.7398467296524174,-222.93785448359694,0.08755937499999998,-114.08603252540432,2.820920893564611,-119.96328693250291,0.2,0.25,-10,1,500,0.8,1,eq,1,35,5,10
5.327510845438027,-90.38986506758839,1.7398467296524174,-216.0158249932236,0.08755937499999998,-112.62690894544855,2.820920893564611,-119.95422890120544,0.2,0.25,-10,1,500,0.8,1,eff,1,6.5,5,10
7.482433334471366,-88.99189763453363,1.7398467296524174,-253.87675214470806,0.08755937499999998,-149.35890387380007,2.820920893564611,-120.18225589237463,0.2,0.25,-10,1,500,0.8,1,eq,1,35,10,10
7.482433334471366,-88.99189763453363,1.7398467296524174,-247.72493840993175,0.08755937499999998,-148.51771632644076,2.820920893564611,-120.17703391992774,0.2,0.25,-10,1,500,0.8,1,eff,1,35,10,10
7.482433334471366,-93.33965489659246,1.7398467296524174,-258.2245094067669,0.08755937499999998,-154.31570240750162,2.820920893564611,-120.21302699145808,0.2,0.25,-10,1,500,0.8,1,eq,0.5,35,10,10
5.327510845438027,-92.09914869793256,1.7398467296524174,-217.72510862356776,0.08755937499999998,-114.56160729949254,2.820920893564611,-119.96623923294348,0.2,0.25,-10,1,500,0.8,1,eff,0.5,6.5,5,10
7.482433334471366,-88.99189763453363,1.7398467296524174,-247.72493840993175,0.08755937499999998,-148.51771632644076,2.820920893564611,-120.17703391992774,0.2,0.25,-10,1,500,0.8,1,eff,1,6.5,10,10
7.482433334471366,-91.40332519353423,1.7398467296524174,-250.13636596893235,0.08755937499999998,-151.2471550495404,2.820920893564611,-120.19397788664732,0.2,0.25,-10,1,500,0.8,1,eff,0.5,6.5,10,10
5.327510845438027,-90.38986506758839,1.6648435882347152,-229.86034632914482,0.1362034722222222,-120.82145738681709,2.8306497130090555,-120.00790527685933,0.2,0.25,-10,2,400,0.7,0.5,eq,1,6.5,5,10
5.327510845438027,-94.59076824889578,1.7398467296524174,-226.01395731811712,0.08755937499999998,-117.59304110496468,2.820920893564611,-119.98505794210801,0.2,0.25,-10,1,500,0.8,1,eq,0.5,35,5,10
5.327510845438027,-94.59076824889578,1.7398467296524174,-220.21672817453097,0.08755937499999998,-117.38181347163616,2.820920893564611,-119.98374667105483,0.2,0.25,-10,1,500,0.8,1,eff,0.5,35,5,10
5.327510845438027,-92.09914869793256,1.6648435882347152,-231.569629959489,0.1362034722222222,-122.77274833814506,2.8306497130090555,-120.02668348185352,0.2,0.25,-10,2,400,0.7,0.5,eq,0.5,6.5,5,10
7.482433334471366,-93.33965489659246,1.7398467296524174,-252.0726956719906,0.08755937499999998,-153.43884156843086,2.820920893564611,-120.20758356429873,0.2,0.25,-10,1,500,0.8,1,eff,0.5,35,10,10
7.482433334471366,-88.99189763453363,1.6648435882347152,-262.3746001532685,0.1362034722222222,-157.93921136778374,2.8306497130090555,-120.36510715528792,0.2,0.25,-10,2,400,0.7,0.5,eq,1,6.5,10,10
5.327510845438027,-94.59076824889578,1.6648435882347152,-234.0612495104522,0.1362034722222222,-125.61714150813638,2.8306497130090555,-120.05405643614996,0.2,0.25,-10,2,400,0.7,0.5,eq,0.5,35,5,10
5.327510845438027,-91.51466541437559,1.7398467296524174,-217.14062534001079,0.08755937499999998,-113.90004427586102,2.820920893564611,-119.96213234394826,0.2,0.25,-10,1,500,0.8,1,eff,1,35,5,10
7.482433334471366,-93.33965489659246,1.6648435882347152,-266.7223574153273,0.1362034722222222,-162.90254176737974,2.8306497130090555,-120.41287165480207,0.2,0.25,-10,2,400,0.7,0.5,eq,0.5,35,10,10
5.327510845438027,-91.51466541437559,1.6648435882347152,-230.98514667593201,0.1362034722222222,-122.10551153657504,2.8306497130090555,-120.02026234336005,0.2,0.25,-10,2,400,0.7,0.5,eq,1,35,5,10
7.482433334471366,-88.99189763453363,1.6648435882347152,-255.8921313153784,0.1362034722222222,-156.81755646434945,2.8306497130090555,-120.35431293431587,0.2,0.25,-10,2,400,0.7,0.5,eff,1,6.5,10,10
5.327510845438027,-91.51466541437559,1.6648435882347152,-224.82751641807673,0.1362034722222222,-121.61680567170086,2.8306497130090555,-120.01555929335805,0.2,0.25,-10,2,400,0.7,0.5,eff,1,35,5,10
7.482433334471366,-88.99189763453363,1.6648435882347152,-262.3746001532685,0.1362034722222222,-157.93921136778374,2.8306497130090555,-120.36510715528792,0.2,0.25,-10,2,400,0.7,0.5,eq,1,35,10,10
7.482433334471366,-93.33965489659246,1.6648435882347152,-260.2398885774373,0.1362034722222222,-161.74420114975703,2.8306497130090555,-120.401724389677,0.2,0.25,-10,2,400,0.7,0.5,eff,0.5,35,10,10
7.482433334471366,-88.99189763453363,1.7398467296524174,-253.87675214470806,0.1362034722222222,-149.35911059399507,2.8306497130090555,-120.28253674666134,0.2,0.25,-10,2,400,0.7,1,eq,1,6.5,10,10
7.482433334471366,-88.99189763453363,1.6648435882347152,-255.8921313153784,0.1362034722222222,-156.81755646434945,2.8306497130090555,-120.35431293431587,0.2,0.25,-10,2,400,0.7,0.5,eff,1,35,10,10
5.327510845438027,-90.38986506758839,1.6648435882347152,-223.70271607128953,0.1362034722222222,-120.34224241601736,2.8306497130090555,-120.00329356226513,0.2,0.25,-10,2,400,0.7,0.5,eff,1,6.5,5,10
7.482433334471366,-91.40332519353423,1.6648435882347152,-264.78602771226906,0.1362034722222222,-160.69205863788673,2.8306497130090555,-120.39159911965646,0.2,0.25,-10,2,400,0.7,0.5,eq,0.5,6.5,10,10
5.327510845438027,-90.38986506758839,1.7398467296524174,-221.81305413680974,0.1362034722222222,-112.80387494294749,2.8306497130090555,-119.93074825084781,0.2,0.25,-10,2,400,0.7,1,eq,1,6.5,5,10
5.327510845438027,-94.59076824889578,1.6648435882347152,-227.9036192525969,0.1362034722222222,-125.10247995577514,2.8306497130090555,-120.04910360216792,0.2,0.25,-10,2,400,0.7,0.5,eff,0.5,35,5,10
7.482433334471366,-91.40332519353423,1.6648435882347152,-258.303558874379,0.1362034722222222,-159.55005647570837,2.8306497130090555,-120.3806090872932,0.2,0.25,-10,2,400,0.7,0.5,eff,0.5,6.5,10,10
5.327510845438027,-92.09914869793256,1.6648435882347152,-225.4119997016337,0.1362034722222222,-122.27911069220809,2.8306497130090555,-120.02193297096642,0.2,0.25,-10,2,400,0.7,0.5,eff,0.5,6.5,5,10
5.327510845438027,-91.51466541437559,1.7398467296524174,-222.93785448359694,0.1362034722222222,-114.08623924562131,2.8306497130090555,-119.94308905514262,0.2,0.25,-10,2,400,0.7,1,eq,1,35,5,10
5.327510845438027,-94.59076824889578,1.7398467296524174,-226.01395731811712,0.1362034722222222,-117.59324782501356,2.8306497130090555,-119.97683867406805,0.2,0.25,-10,2,400,0.7,1,eq,0.5,35,5,10
5.327510845438027,-90.38986506758839,1.7398467296524174,-216.0158249932236,0.1362034722222222,-112.62710215673914,2.8306497130090555,-119.92904708187835,0.2,0.25,-10,2,400,0.7,1,eff,1,6.5,5,10
7.482433334471366,-91.40332519353423,1.7398467296524174,-250.13636596893235,0.1362034722222222,-151.24734826090153,2.8306497130090555,-120.30070815977767,0.2,0.25,-10,2,400,0.7,1,eff,0.5,6.5,10,10
5.327510845438027,-91.51466541437559,1.7398467296524174,-217.14062534001079,0.1362034722222222,-113.90023748726448,2.8306497130090555,-119.94129907136542,0.2,0.25,-10,2,400,0.7,1,eff,1,35,5,10
5.327510845438027,-92.09914869793256,1.7398467296524174,-217.72510862356776,0.1362034722222222,-114.56180051087155,2.8306497130090555,-119.94766560838288,0.2,0.25,-10,2,400,0.7,1,eff,0.5,6.5,5,10
7.482433334471366,-93.33965489659246,1.7398467296524174,-258.2245094067669,0.1362034722222222,-154.3159091275251,2.8306497130090555,-120.33023838690815,0.2,0.25,-10,2,400,0.7,1,eq,0.5,35,10,10
7.482433334471366,-88.99189763453363,1.7398467296524174,-247.72493840993175,0.1362034722222222,-148.51790953795052,2.8306497130090555,-120.27444146704103,0.2,0.25,-10,2,400,0.7,1,eff,1,35,10,10
7.482433334471366,-88.99189763453363,1.7398467296524174,-253.87675214470806,0.1362034722222222,-149.35911059399507,2.8306497130090555,-120.28253674666134,0.2,0.25,-10,2,400,0.7,1,eq,1,35,10,10
7.482433334471366,-88.99189763453363,1.7398467296524174,-247.72493840993175,0.1362034722222222,-148.51790953795052,2.8306497130090555,-120.27444146704103,0.2,0.25,-10,2,400,0.7,1,eff,1,6.5,10,10
5.327510845438027,-94.59076824889578,1.7398467296524174,-220.21672817453097,0.1362034722222222,-117.3820066830117,2.8306497130090555,-119.97480579964459,0.2,0.25,-10,2,400,0.7,1,eff,0.5,35,5,10
7.482433334471366,-91.40332519353423,1.7398467296524174,-256.28817970370864,0.1362034722222222,-152.1083350488394,2.8306497130090555,-120.30899384694816,0.2,0.25,-10,2,400,0.7,1,eq,0.5,6.5,10,10
7.482433334471366,-93.33965489659246,1.7398467296524174,-252.0726956719906,0.1362034722222222,-153.4390347797208,2.8306497130090555,-120.32179980615953,0.2,0.25,-10,2,400,0.7,1,eff,0.5,35,10,10
5.327510845438027,-92.09914869793256,1.7398467296524174,-223.5223377671539,0.1362034722222222,-114.7525979469399,2.8306497130090555,-119.94950174325791,0.2,0.25,-10,2,400,0.7,1,eq,0.5,6.5,5,10
5.327510845438027,-90.38986506758839,1.6648435882347152,-229.86034632914482,0.1362034722222222,-120.82145738681709,2.8306497130090555,-120.00790527685933,0.2,0.25,-10,2,400,0.8,0.5,eq,1,6.5,5,10
7.482433334471366,-91.40332519353423,1.6648435882347152,-264.78602771226906,0.1362034722222222,-160.69205863788673,2.8306497130090555,-120.39159911965646,0.2,0.25,-10,2,400,0.8,0.5,eq,0.5,6.5,10,10
7.482433334471366,-93.33965489659246,1.6648435882347152,-266.7223574153273,0.1362034722222222,-162.90254176737974,2.8306497130090555,-120.41287165480207,0.2,0.25,-10,2,400,0.8,0.5,eq,0.5,35,10,10
7.482433334471366,-88.99189763453363,1.6648435882347152,-262.3746001532685,0.1362034722222222,-157.93921136778374,2.8306497130090555,-120.36510715528792,0.2,0.25,-10,2,400,0.8,0.5,eq,1,35,10,10
7.482433334471366,-88.99189763453363,1.6648435882347152,-262.3746001532685,0.1362034722222222,-157.93921136778374,2.8306497130090555,-120.36510715528792,0.2,0.25,-10,2,400,0.8,0.5,eq,1,6.5,10,10
5.327510845438027,-91.51466541437559,1.6648435882347152,-230.98514667593201,0.1362034722222222,-122.10551153657504,2.8306497130090555,-120.02026234336005,0.2,0.25,-10,2,400,0.8,0.5,eq,1,35,5,10
5.327510845438027,-92.09914869793256,1.6648435882347152,-225.4119997016337,0.1362034722222222,-122.27911069220809,2.8306497130090555,-120.02193297096642,0.2,0.25,-10,2,400,0.8,0.5,eff,0.5,6.5,5,10
5.327510845438027,-91.51466541437559,1.6648435882347152,-224.82751641807673,0.1362034722222222,-121.61680567170086,2.8306497130090555,-120.01555929335805,0.2,0.25,-10,2,400,0.8,0.5,eff,1,35,5,10
7.482433334471366,-88.99189763453363,1.6648435882347152,-255.8921313153784,0.1362034722222222,-156.81755646434945,2.8306497130090555,-120.35431293431587,0.2,0.25,-10,2,400,0.8,0.5,eff,1,6.5,10,10
5.327510845438027,-92.09914869793256,1.6648435882347152,-231.569629959489,0.1362034722222222,-122.77274833814506,2.8306497130090555,-120.02668348185352,0.2,0.25,-10,2,400,0.8,0.5,eq,0.5,6.5,5,10
5.327510845438027,-90.38986506758839,1.6648435882347152,-223.70271607128953,0.1362034722222222,-120.34224241601736,2.8306497130090555,-120.00329356226513,0.2,0.25,-10,2,400,0.8,0.5,eff,1,6.5,5,10
7.482433334471366,-93.33965489659246,1.6648435882347152,-260.2398885774373,0.1362034722222222,-161.74420114975703,2.8306497130090555,-120.401724389677,0.2,0.25,-10,2,400,0.8,0.5,eff,0.5,35,10,10
5.327510845438027,-90.38986506758839,1.7398467296524174,-221.81305413680974,0.1362034722222222,-112.80387494294749,2.8306497130090555,-119.93074825084781,0.2,0.25,-10,2,400,0.8,1,eq,1,6.5,5,10
7.482433334471366,-88.99189763453363,1.7398467296524174,-253.87675214470806,0.1362034722222222,-149.35911059399507,2.8306497130090555,-120.28253674666134,0.2,0.25,-10,2,400,0.8,1,eq,1,6.5,10,10
5.327510845438027,-91.51466541437559,1.7398467296524174,-222.93785448359694,0.1362034722222222,-114.08623924562131,2.8306497130090555,-119.94308905514262,0.2,0.25,-10,2,400,0.8,1,eq,1,35,5,10
5.327510845438027,-94.59076824889578,1.6648435882347152,-227.9036192525969,0.1362034722222222,-125.10247995577514,2.8306497130090555,-120.04910360216792,0.2,0.25,-10,2,400,0.8,0.5,eff,0.5,35,5,10
5.327510845438027,-94.59076824889578,1.6648435882347152,-234.0612495104522,0.1362034722222222,-125.61714150813638,2.8306497130090555,-120.05405643614996,0.2,0.25,-10,2,400,0.8,0.5,eq,0.5,35,5,10
7.482433334471366,-91.40332519353423,1.7398467296524174,-256.28817970370864,0.1362034722222222,-152.1083350488394,2.8306497130090555,-120.30899384694816,0.2,0.25,-10,2,400,0.8,1,eq,0.5,6.5,10,10
5.327510845438027,-92.09914869793256,1.7398467296524174,-223.5223377671539,0.1362034722222222,-114.7525979469399,2.8306497130090555,-119.94950174325791,0.2,0.25,-10,2,400,0.8,1,eq,0.5,6.5,5,10
7.482433334471366,-88.99189763453363,1.6648435882347152,-255.8921313153784,0.1362034722222222,-156.81755646434945,2.8306497130090555,-120.35431293431587,0.2,0.25,-10,2,400,0.8,0.5,eff,1,35,10,10
7.482433334471366,-93.33965489659246,1.7398467296524174,-258.2245094067669,0.1362034722222222,-154.3159091275251,2.8306497130090555,-120.33023838690815,0.2,0.25,-10,2,400,0.8,1,eq,0.5,35,10,10
5.327510845438027,-94.59076824889578,1.7398467296524174,-226.01395731811712,0.1362034722222222,-117.59324782501356,2.8306497130090555,-119.97683867406805,0.2,0.25,-10,2,400,0.8,1,eq,0.5,35,5,10
7.482433334471366,-88.99189763453363,1.7398467296524174,-247.72493840993175,0.1362034722222222,-148.51790953795052,2.8306497130090555,-120.27444146704103,0.2,0.25,-10,2,400,0.8,1,eff,1,35,10,10
7.482433334471366,-91.40332519353423,1.6648435882347152,-258.303558874379,0.1362034722222222,-159.55005647570837,2.8306497130090555,-120.3806090872932,0.2,0.25,-10,2,400,0.8,0.5,eff,0.5,6.5,10,10
5.327510845438027,-90.38986506758839,1.7398467296524174,-216.0158249932236,0.1362034722222222,-112.62710215673914,2.8306497130090555,-119.92904708187835,0.2,0.25,-10,2,400,0.8,1,eff,1,6.5,5,10
7.482433334471366,-88.99189763453363,1.7398467296524174,-253.87675214470806,0.1362034722222222,-149.35911059399507,2.8306497130090555,-120.28253674666134,0.2,0.25,-10,2,400,0.8,1,eq,1,35,10,10
7.482433334471366,-88.99189763453363,1.7398467296524174,-247.72493840993175,0.1362034722222222,-148.51790953795052,2.8306497130090555,-120.27444146704103,0.2,0.25,-10,2,400,0.8,1,eff,1,6.5,10,10
7.482433334471366,-93.33965489659246,1.7398467296524174,-252.0726956719906,0.1362034722222222,-153.4390347797208,2.8306497130090555,-120.32179980615953,0.2,0.25,-10,2,400,0.8,1,eff,0.5,35,10,10
5.327510845438027,-92.09914869793256,1.7398467296524174,-217.72510862356776,0.1362034722222222,-114.56180051087155,2.8306497130090555,-119.94766560838288,0.2,0.25,-10,2,400,0.8,1,eff,0.5,6.5,5,10
7.482433334471366,-88.99189763453363,1.6648435882347152,-262.3746001532685,0.17511874999999996,-157.93938627805676,2.838432768564611,-120.46813847235438,0.2,0.25,-10,2,500,0.7,0.5,eq,1,6.5,10,10
5.327510845438027,-90.38986506758839,1.6648435882347152,-229.86034632914482,0.17511874999999996,-120.82163229706289,2.838432768564611,-120.01013821587847,0.2,0.25,-10,2,500,0.7,0.5,eq,1,6.5,5,10
7.482433334471366,-91.40332519353423,1.6648435882347152,-264.78602771226906,0.17511874999999996,-160.6922335481617,2.838432768564611,-120.50210617299672,0.2,0.25,-10,2,500,0.7,0.5,eq,0.5,6.5,10,10
5.327510845438027,-91.51466541437559,1.7398467296524174,-217.14062534001079,0.1362034722222222,-113.90023748726448,2.8306497130090555,-119.94129907136542,0.2,0.25,-10,2,400,0.8,1,eff,1,35,5,10
7.482433334471366,-91.40332519353423,1.7398467296524174,-250.13636596893235,0.1362034722222222,-151.24734826090153,2.8306497130090555,-120.30070815977767,0.2,0.25,-10,2,400,0.8,1,eff,0.5,6.5,10,10
7.482433334471366,-93.33965489659246,1.6648435882347152,-266.7223574153273,0.17511874999999996,-162.90271667765612,2.838432768564611,-120.52938157982129,0.2,0.25,-10,2,500,0.7,0.5,eq,0.5,35,10,10
7.482433334471366,-88.99189763453363,1.6648435882347152,-262.3746001532685,0.17511874999999996,-157.93938627805676,2.838432768564611,-120.46813847235438,0.2,0.25,-10,2,500,0.7,0.5,eq,1,35,10,10
5.327510845438027,-94.59076824889578,1.6648435882347152,-234.0612495104522,0.17511874999999996,-125.61731641836471,2.838432768564611,-120.06931271654086,0.2,0.25,-10,2,500,0.7,0.5,eq,0.5,35,5,10
7.482433334471366,-88.99189763453363,1.6648435882347152,-255.8921313153784,0.17511874999999996,-156.81771973490766,2.838432768564611,-120.45429809923513,0.2,0.25,-10,2,500,0.7,0.5,eff,1,6.5,10,10
5.327510845438027,-94.59076824889578,1.7398467296524174,-220.21672817453097,0.1362034722222222,-117.3820066830117,2.8306497130090555,-119.97480579964459,0.2,0.25,-10,2,400,0.8,1,eff,0.5,35,5,10
5.327510845438027,-91.51466541437559,1.6648435882347152,-230.98514667593201,0.17511874999999996,-122.10568644682226,2.838432768564611,-120.02598230844453,0.2,0.25,-10,2,500,0.7,0.5,eq,1,35,5,10
5.327510845438027,-91.51466541437559,1.6648435882347152,-224.82751641807673,0.17511874999999996,-121.6169689422267,2.838432768564611,-120.01995196666893,0.2,0.25,-10,2,500,0.7,0.5,eff,1,35,5,10
7.482433334471366,-91.40332519353423,1.6648435882347152,-258.303558874379,0.17511874999999996,-159.55021974608397,2.838432768564611,-120.48801473269776,0.2,0.25,-10,2,500,0.7,0.5,eff,0.5,6.5,10,10
5.327510845438027,-92.09914869793256,1.6648435882347152,-225.4119997016337,0.17511874999999996,-122.27927396271271,2.838432768564611,-120.02812422486653,0.2,0.25,-10,2,500,0.7,0.5,eff,0.5,6.5,5,10
5.327510845438027,-90.38986506758839,1.6648435882347152,-223.70271607128953,0.17511874999999996,-120.34240568663125,2.838432768564611,-120.00422498334285,0.2,0.25,-10,2,500,0.7,0.5,eff,1,6.5,5,10
5.327510845438027,-94.59076824889578,1.6648435882347152,-227.9036192525969,0.17511874999999996,-125.10264322628356,2.838432768564611,-120.06296210453738,0.2,0.25,-10,2,500,0.7,0.5,eff,0.5,35,5,10
7.482433334471366,-88.99189763453363,1.6648435882347152,-255.8921313153784,0.17511874999999996,-156.81771973490766,2.838432768564611,-120.45429809923513,0.2,0.25,-10,2,500,0.7,0.5,eff,1,35,10,10
7.482433334471366,-88.99189763453363,1.7398467296524174,-253.87675214470806,0.17511874999999996,-149.35927597013955,2.838432768564611,-120.3622674995677,0.2,0.25,-10,2,500,0.7,1,eq,1,6.5,10,10
5.327510845438027,-92.09914869793256,1.6648435882347152,-231.569629959489,0.17511874999999996,-122.77292324828436,2.838432768564611,-120.03421542045756,0.2,0.25,-10,2,500,0.7,0.5,eq,0.5,6.5,5,10
7.482433334471366,-91.40332519353423,1.7398467296524174,-256.28817970370864,0.17511874999999996,-152.1085004249873,2.838432768564611,-120.39619049787409,0.2,0.25,-10,2,500,0.7,1,eq,0.5,6.5,10,10
7.482433334471366,-93.33965489659246,1.6648435882347152,-260.2398885774373,0.17511874999999996,-161.744364420302,2.838432768564611,-120.51508853743442,0.2,0.25,-10,2,500,0.7,0.5,eff,0.5,35,10,10
7.482433334471366,-88.99189763453363,1.7398467296524174,-253.87675214470806,0.17511874999999996,-149.35927597013955,2.838432768564611,-120.3622674995677,0.2,0.25,-10,2,500,0.7,1,eq,1,35,10,10
7.482433334471366,-93.33965489659246,1.7398467296524174,-258.2245094067669,0.17511874999999996,-154.31607450366863,2.838432768564611,-120.42343000958434,0.2,0.25,-10,2,500,0.7,1,eq,0.5,35,10,10
5.327510845438027,-92.09914869793256,1.7398467296524174,-223.5223377671539,0.17511874999999996,-114.75276332308121,2.838432768564611,-119.93525374016312,0.2,0.25,-10,2,500,0.7,1,eq,0.5,6.5,5,10
5.327510845438027,-91.51466541437559,1.7398467296524174,-222.93785448359694,0.17511874999999996,-114.08640462169166,2.838432768564611,-119.92703146312822,0.2,0.25,-10,2,500,0.7,1,eq,1,35,5,10
5.327510845438027,-94.59076824889578,1.7398467296524174,-226.01395731811712,0.17511874999999996,-117.59341320115512,2.838432768564611,-119.97030484733351,0.2,0.25,-10,2,500,0.7,1,eq,0.5,35,5,10
5.327510845438027,-90.38986506758839,1.7398467296524174,-221.81305413680974,0.17511874999999996,-112.80404031908866,2.838432768564611,-119.91120822178158,0.2,0.25,-10,2,500,0.7,1,eq,1,6.5,5,10
7.482433334471366,-88.99189763453363,1.7398467296524174,-247.72493840993175,0.17511874999999996,-148.51806410703608,2.838432768564611,-120.35188768916095,0.2,0.25,-10,2,500,0.7,1,eff,1,6.5,10,10
7.482433334471366,-88.99189763453363,1.7398467296524174,-247.72493840993175,0.17511874999999996,-148.51806410703608,2.838432768564611,-120.35188768916095,0.2,0.25,-10,2,500,0.7,1,eff,1,35,10,10
5.327510845438027,-90.38986506758839,1.7398467296524174,-216.0158249932236,0.17511874999999996,-112.62725672582074,2.838432768564611,-119.9090268685914,0.2,0.25,-10,2,500,0.7,1,eff,1,6.5,5,10
5.327510845438027,-90.38986506758839,1.6648435882347152,-229.86034632914482,0.17511874999999996,-120.82163229706289,2.838432768564611,-120.01013821587847,0.2,0.25,-10,2,500,0.8,0.5,eq,1,6.5,5,10
7.482433334471366,-88.99189763453363,1.6648435882347152,-262.3746001532685,0.17511874999999996,-157.93938627805676,2.838432768564611,-120.46813847235438,0.2,0.25,-10,2,500,0.8,0.5,eq,1,35,10,10
5.327510845438027,-91.51466541437559,1.6648435882347152,-230.98514667593201,0.17511874999999996,-122.10568644682226,2.838432768564611,-120.02598230844453,0.2,0.25,-10,2,500,0.8,0.5,eq,1,35,5,10
5.327510845438027,-91.51466541437559,1.7398467296524174,-217.14062534001079,0.17511874999999996,-113.90039205634615,2.838432768564611,-119.92473623258493,0.2,0.25,-10,2,500,0.7,1,eff,1,35,5,10
5.327510845438027,-92.09914869793256,1.7398467296524174,-217.72510862356776,0.17511874999999996,-114.5619550799575,2.838432768564611,-119.93289933519735,0.2,0.25,-10,2,500,0.7,1,eff,0.5,6.5,5,10
7.482433334471366,-91.40332519353423,1.6648435882347152,-264.78602771226906,0.17511874999999996,-160.6922335481617,2.838432768564611,-120.50210617299672,0.2,0.25,-10,2,500,0.8,0.5,eq,0.5,6.5,10,10
5.327510845438027,-94.59076824889578,1.7398467296524174,-220.21672817453097,0.17511874999999996,-117.38216125209328,2.838432768564611,-119.96769818511733,0.2,0.25,-10,2,500,0.7,1,eff,0.5,35,5,10
7.482433334471366,-93.33965489659246,1.6648435882347152,-266.7223574153273,0.17511874999999996,-162.90271667765612,2.838432768564611,-120.52938157982129,0.2,0.25,-10,2,500,0.8,0.5,eq,0.5,35,10,10
7.482433334471366,-88.99189763453363,1.6648435882347152,-262.3746001532685,0.17511874999999996,-157.93938627805676,2.838432768564611,-120.46813847235438,0.2,0.25,-10,2,500,0.8,0.5,eq,1,6.5,10,10
7.482433334471366,-91.40332519353423,1.7398467296524174,-250.13636596893235,0.17511874999999996,-151.24750282998258,2.838432768564611,-120.38556654903432,0.2,0.25,-10,2,500,0.7,1,eff,0.5,6.5,10,10
5.327510845438027,-92.09914869793256,1.6648435882347152,-231.569629959489,0.17511874999999996,-122.77292324828436,2.838432768564611,-120.03421542045756,0.2,0.25,-10,2,500,0.8,0.5,eq,0.5,6.5,5,10
7.482433334471366,-93.33965489659246,1.7398467296524174,-252.0726956719906,0.17511874999999996,-153.43918934880205,2.838432768564611,-120.41261002230719,0.2,0.25,-10,2,500,0.7,1,eff,0.5,35,10,10
7.482433334471366,-91.40332519353423,1.6648435882347152,-258.303558874379,0.17511874999999996,-159.55021974608397,2.838432768564611,-120.48801473269776,0.2,0.25,-10,2,500,0.8,0.5,eff,0.5,6.5,10,10
7.482433334471366,-88.99189763453363,1.6648435882347152,-255.8921313153784,0.17511874999999996,-156.81771973490766,2.838432768564611,-120.45429809923513,0.2,0.25,-10,2,500,0.8,0.5,eff,1,6.5,10,10
5.327510845438027,-90.38986506758839,1.6648435882347152,-223.70271607128953,0.17511874999999996,-120.34240568663125,2.838432768564611,-120.00422498334285,0.2,0.25,-10,2,500,0.8,0.5,eff,1,6.5,5,10
5.327510845438027,-91.51466541437559,1.6648435882347152,-224.82751641807673,0.17511874999999996,-121.6169689422267,2.838432768564611,-120.01995196666893,0.2,0.25,-10,2,500,0.8,0.5,eff,1,35,5,10
7.482433334471366,-88.99189763453363,1.6648435882347152,-255.8921313153784,0.17511874999999996,-156.81771973490766,2.838432768564611,-120.45429809923513,0.2,0.25,-10,2,500,0.8,0.5,eff,1,35,10,10
5.327510845438027,-94.59076824889578,1.6648435882347152,-234.0612495104522,0.17511874999999996,-125.61731641836471,2.838432768564611,-120.06931271654086,0.2,0.25,-10,2,500,0.8,0.5,eq,0.5,35,5,10
5.327510845438027,-94.59076824889578,1.6648435882347152,-227.9036192525969,0.17511874999999996,-125.10264322628356,2.838432768564611,-120.06296210453738,0.2,0.25,-10,2,500,0.8,0.5,eff,0.5,35,5,10
7.482433334471366,-93.33965489659246,1.7398467296524174,-258.2245094067669,0.17511874999999996,-154.31607450366863,2.838432768564611,-120.42343000958434,0.2,0.25,-10,2,500,0.8,1,eq,0.5,35,10,10
7.482433334471366,-93.33965489659246,1.6648435882347152,-260.2398885774373,0.17511874999999996,-161.744364420302,2.838432768564611,-120.51508853743442,0.2,0.25,-10,2,500,0.8,0.5,eff,0.5,35,10,10
7.482433334471366,-88.99189763453363,1.7398467296524174,-253.87675214470806,0.17511874999999996,-149.35927597013955,2.838432768564611,-120.3622674995677,0.2,0.25,-10,2,500,0.8,1,eq,1,35,10,10
7.482433334471366,-88.99189763453363,1.7398467296524174,-253.87675214470806,0.17511874999999996,-149.35927597013955,2.838432768564611,-120.3622674995677,0.2,0.25,-10,2,500,0.8,1,eq,1,6.5,10,10
7.482433334471366,-91.40332519353423,1.7398467296524174,-256.28817970370864,0.17511874999999996,-152.1085004249873,2.838432768564611,-120.39619049787409,0.2,0.25,-10,2,500,0.8,1,eq,0.5,6.5,10,10
5.327510845438027,-92.09914869793256,1.6648435882347152,-225.4119997016337,0.17511874999999996,-122.27927396271271,2.838432768564611,-120.02812422486653,0.2,0.25,-10,2,500,0.8,0.5,eff,0.5,6.5,5,10
5.327510845438027,-92.09914869793256,1.7398467296524174,-223.5223377671539,0.17511874999999996,-114.75276332308121,2.838432768564611,-119.93525374016312,0.2,0.25,-10,2,500,0.8,1,eq,0.5,6.5,5,10
5.327510845438027,-91.51466541437559,1.7398467296524174,-217.14062534001079,0.17511874999999996,-113.90039205634615,2.838432768564611,-119.92473623258493,0.2,0.25,-10,2,500,0.8,1,eff,1,35,5,10
5.327510845438027,-90.38986506758839,1.7398467296524174,-221.81305413680974,0.17511874999999996,-112.80404031908866,2.838432768564611,-119.91120822178158,0.2,0.25,-10,2,500,0.8,1,eq,1,6.5,5,10
7.482433334471366,-88.99189763453363,1.7398467296524174,-247.72493840993175,0.17511874999999996,-148.51806410703608,2.838432768564611,-120.35188768916095,0.2,0.25,-10,2,500,0.8,1,eff,1,35,10,10
5.327510845438027,-91.51466541437559,1.7398467296524174,-222.93785448359694,0.17511874999999996,-114.08640462169166,2.838432768564611,-119.92703146312822,0.2,0.25,-10,2,500,0.8,1,eq,1,35,5,10
5.327510845438027,-94.59076824889578,1.7398467296524174,-226.01395731811712,0.17511874999999996,-117.59341320115512,2.838432768564611,-119.97030484733351,0.2,0.25,-10,2,500,0.8,1,eq,0.5,35,5,10
7.482433334471366,-91.40332519353423,1.7398467296524174,-250.13636596893235,0.17511874999999996,-151.24750282998258,2.838432768564611,-120.38556654903432,0.2,0.25,-10,2,500,0.8,1,eff,0.5,6.5,10,10
7.482433334471366,-88.99189763453363,1.7398467296524174,-247.72493840993175,0.17511874999999996,-148.51806410703608,2.838432768564611,-120.35188768916095,0.2,0.25,-10,2,500,0.8,1,eff,1,6.5,10,10
5.327510845438027,-90.38986506758839,1.7398467296524174,-216.0158249932236,0.17511874999999996,-112.62725672582074,2.838432768564611,-119.9090268685914,0.2,0.25,-10,2,500,0.8,1,eff,1,6.5,5,10
7.482433334471366,-93.33965489659246,1.7398467296524174,-252.0726956719906,0.17511874999999996,-153.43918934880205,2.838432768564611,-120.41261002230719,0.2,0.25,-10,2,500,0.8,1,eff,0.5,35,10,10
5.327510845438027,-90.38986506758839,0.664380693404857,-371.31651453120645,0.2724069444444444,-263.415817109474,2.8578904074535,-122.73400718389371,0.2,1,-20,1,400,0.7,0.5,eq,1,6.5,5,10
5.327510845438027,-94.59076824889578,1.7398467296524174,-220.21672817453097,0.17511874999999996,-117.38216125209328,2.838432768564611,-119.96769818511733,0.2,0.25,-10,2,500,0.8,1,eff,0.5,35,5,10
5.327510845438027,-92.09914869793256,1.7398467296524174,-217.72510862356776,0.17511874999999996,-114.5619550799575,2.838432768564611,-119.93289933519735,0.2,0.25,-10,2,500,0.8,1,eff,0.5,6.5,5,10
5.327510845438027,-92.09914869793256,0.664380693404857,-373.02579816155065,0.2724069444444444,-265.4184670063648,2.8578904074535,-122.77218469677398,0.2,1,-20,1,400,0.7,0.5,eq,0.5,6.5,5,10
7.482433334471366,-91.40332519353423,0.664380693404857,-406.2421959143308,0.2724069444444444,-304.33583235907406,2.8578904074535,-123.5140858245367,0.2,1,-20,1,400,0.7,0.5,eq,0.5,6.5,10,10
5.327510845438027,-91.51466541437559,0.664380693404857,-372.44131487799365,0.2724069444444444,-264.7336682011202,2.8578904074535,-122.75913003592287,0.2,1,-20,1,400,0.7,0.5,eq,1,35,5,10
7.482433334471366,-88.99189763453363,0.664380693404857,-403.83076835533024,0.2724069444444444,-301.51052878249374,2.8578904074535,-123.46022565464243,0.2,1,-20,1,400,0.7,0.5,eq,1,35,10,10
7.482433334471366,-93.33965489659246,0.664380693404857,-408.178525617389,0.2724069444444444,-306.6044965006058,2.8578904074535,-123.55733449951411,0.2,1,-20,1,400,0.7,0.5,eq,0.5,35,10,10
7.482433334471366,-88.99189763453363,0.664380693404857,-403.83076835533024,0.2724069444444444,-301.51052878249374,2.8578904074535,-123.46022565464243,0.2,1,-20,1,400,0.7,0.5,eq,1,6.5,10,10
5.327510845438027,-94.59076824889578,0.664380693404857,-375.51741771251386,0.2724069444444444,-268.33772601482406,2.8578904074535,-122.82783598588321,0.2,1,-20,1,400,0.7,0.5,eq,0.5,35,5,10
5.327510845438027,-90.38986506758839,0.664380693404857,-355.31984670291115,0.2724069444444444,-253.19479138749756,2.8578904074535,-122.5391586775446,0.2,1,-20,1,400,0.7,0.5,eff,1,6.5,5,10
7.482433334471366,-88.99189763453363,0.664380693404857,-387.50926194699997,0.2724069444444444,-290.48343890579895,2.8578904074535,-123.25001074565989,0.2,1,-20,1,400,0.7,0.5,eff,1,6.5,10,10
7.482433334471366,-88.99189763453363,0.664380693404857,-387.50926194699997,0.2724069444444444,-290.48343890579895,2.8578904074535,-123.25001074565989,0.2,1,-20,1,400,0.7,0.5,eff,1,35,10,10
5.327510845438027,-91.51466541437559,0.664380693404857,-356.44464704969835,0.2724069444444444,-254.49777509620876,2.8578904074535,-122.56399810524432,0.2,1,-20,1,400,0.7,0.5,eff,1,35,5,10
5.327510845438027,-92.09914869793256,0.6968241909147566,-360.62056755800916,0.2724069444444444,-251.84463277661607,2.8578904074535,-122.51341993117792,0.2,1,-20,1,400,0.7,1,eq,0.5,6.5,5,10
7.482433334471366,-93.33965489659246,0.6968241909147566,-395.3227391976221,0.2724069444444444,-292.45064214439515,2.8578904074535,-123.28751252123027,0.2,1,-20,1,400,0.7,1,eq,0.5,35,10,10
7.482433334471366,-88.99189763453363,0.6968241909147566,-375.3466826445973,0.2724069444444444,-277.17978792597154,2.8578904074535,-122.9963966179859,0.2,1,-20,1,400,0.7,1,eff,1,35,10,10
5.327510845438027,-92.09914869793256,0.664380693404857,-357.02913033325535,0.2724069444444444,-255.17484832009896,2.8578904074535,-122.57690548948862,0.2,1,-20,1,400,0.7,0.5,eff,0.5,6.5,5,10
7.482433334471366,-93.33965489659246,0.664380693404857,-391.85701920905893,0.2724069444444444,-295.5199388489429,2.8578904074535,-123.34602405370198,0.2,1,-20,1,400,0.7,0.5,eff,0.5,35,10,10
5.327510845438027,-90.38986506758839,0.6968241909147566,-358.91128392766495,0.2724069444444444,-249.84455082708845,2.8578904074535,-122.4752913723578,0.2,1,-20,1,400,0.7,1,eq,1,6.5,5,10
7.482433334471366,-91.40332519353423,0.6968241909147566,-393.3864094945639,0.2724069444444444,-290.1848870535656,2.8578904074535,-123.244319302936,0.2,1,-20,1,400,0.7,1,eq,0.5,6.5,10,10
5.327510845438027,-90.38986506758839,0.6968241909147566,-343.6375692278891,0.2724069444444444,-240.48741226970415,2.8578904074535,-122.29691157749146,0.2,1,-20,1,400,0.7,1,eff,1,6.5,5,10
7.482433334471366,-88.99189763453363,0.6968241909147566,-390.9749819355633,0.2724069444444444,-287.3632062937842,2.8578904074535,-123.19052819660348,0.2,1,-20,1,400,0.7,1,eq,1,6.5,10,10
7.482433334471366,-91.40332519353423,0.664380693404857,-389.92068950600054,0.2724069444444444,-293.2768687207894,2.8578904074535,-123.30326329015462,0.2,1,-20,1,400,0.7,0.5,eff,0.5,6.5,10,10
5.327510845438027,-94.59076824889578,0.664380693404857,-359.52074988421856,0.2724069444444444,-258.0611736071066,2.8578904074535,-122.63192894665531,0.2,1,-20,1,400,0.7,0.5,eff,0.5,35,5,10
7.482433334471366,-88.99189763453363,0.6968241909147566,-390.9749819355633,0.2724069444444444,-287.3632062937842,2.8578904074535,-123.19052819660348,0.2,1,-20,1,400,0.7,1,eq,1,35,10,10
5.327510845438027,-91.51466541437559,0.6968241909147566,-360.03608427445215,0.2724069444444444,-251.1607120720471,2.8578904074535,-122.50038200999735,0.2,1,-20,1,400,0.7,1,eq,1,35,5,10
7.482433334471366,-88.99189763453363,0.6968241909147566,-375.3466826445973,0.2724069444444444,-277.17978792597154,2.8578904074535,-122.9963966179859,0.2,1,-20,1,400,0.7,1,eff,1,6.5,10,10
5.327510845438027,-91.51466541437559,0.6968241909147566,-344.7623695746763,0.2724069444444444,-241.78898120118703,2.8578904074535,-122.32172403458807,0.2,1,-20,1,400,0.7,1,eff,1,35,5,10
5.327510845438027,-94.59076824889578,0.6968241909147566,-363.11218710897236,0.2724069444444444,-254.7601484937445,2.8578904074535,-122.5689998600591,0.2,1,-20,1,400,0.7,1,eq,0.5,35,5,10
5.327510845438027,-94.59076824889578,0.6968241909147566,-347.8384724091965,0.2724069444444444,-245.3485105797044,2.8578904074535,-122.38958111680043,0.2,1,-20,1,400,0.7,1,eff,0.5,35,5,10
5.327510845438027,-92.09914869793256,0.6968241909147566,-345.3468528582333,0.2724069444444444,-242.46531925994552,2.8578904074535,-122.33461740401307,0.2,1,-20,1,400,0.7,1,eff,0.5,6.5,5,10
7.482433334471366,-91.40332519353423,0.6968241909147566,-377.7581102035979,0.2724069444444444,-279.9701846391452,2.8578904074535,-123.04959134094939,0.2,1,-20,1,400,0.7,1,eff,0.5,6.5,10,10
7.482433334471366,-93.33965489659246,0.6968241909147566,-379.69443990665616,0.2724069444444444,-282.2108192458582,2.8578904074535,-123.09230567493789,0.2,1,-20,1,400,0.7,1,eff,0.5,35,10,10
5.327510845438027,-91.51466541437559,0.664380693404857,-372.44131487799365,0.2724069444444444,-264.7336682011202,2.8578904074535,-122.75913003592287,0.2,1,-20,1,400,0.8,0.5,eq,1,35,5,10
7.482433334471366,-88.99189763453363,0.664380693404857,-403.83076835533024,0.2724069444444444,-301.51052878249374,2.8578904074535,-123.46022565464243,0.2,1,-20,1,400,0.8,0.5,eq,1,6.5,10,10
5.327510845438027,-94.59076824889578,0.664380693404857,-375.51741771251386,0.2724069444444444,-268.33772601482406,2.8578904074535,-122.82783598588321,0.2,1,-20,1,400,0.8,0.5,eq,0.5,35,5,10
7.482433334471366,-91.40332519353423,0.664380693404857,-406.2421959143308,0.2724069444444444,-304.33583235907406,2.8578904074535,-123.5140858245367,0.2,1,-20,1,400,0.8,0.5,eq,0.5,6.5,10,10
5.327510845438027,-92.09914869793256,0.664380693404857,-373.02579816155065,0.2724069444444444,-265.4184670063648,2.8578904074535,-122.77218469677398,0.2,1,-20,1,400,0.8,0.5,eq,0.5,6.5,5,10
5.327510845438027,-90.38986506758839,0.664380693404857,-371.31651453120645,0.2724069444444444,-263.415817109474,2.8578904074535,-122.73400718389371,0.2,1,-20,1,400,0.8,0.5,eq,1,6.5,5,10
7.482433334471366,-88.99189763453363,0.664380693404857,-403.83076835533024,0.2724069444444444,-301.51052878249374,2.8578904074535,-123.46022565464243,0.2,1,-20,1,400,0.8,0.5,eq,1,35,10,10
7.482433334471366,-93.33965489659246,0.664380693404857,-408.178525617389,0.2724069444444444,-306.6044965006058,2.8578904074535,-123.55733449951411,0.2,1,-20,1,400,0.8,0.5,eq,0.5,35,10,10
7.482433334471366,-88.99189763453363,0.664380693404857,-387.50926194699997,0.2724069444444444,-290.48343890579895,2.8578904074535,-123.25001074565989,0.2,1,-20,1,400,0.8,0.5,eff,1,6.5,10,10
7.482433334471366,-88.99189763453363,0.664380693404857,-387.50926194699997,0.2724069444444444,-290.48343890579895,2.8578904074535,-123.25001074565989,0.2,1,-20,1,400,0.8,0.5,eff,1,35,10,10
5.327510845438027,-90.38986506758839,0.664380693404857,-355.31984670291115,0.2724069444444444,-253.19479138749756,2.8578904074535,-122.5391586775446,0.2,1,-20,1,400,0.8,0.5,eff,1,6.5,5,10
5.327510845438027,-91.51466541437559,0.664380693404857,-356.44464704969835,0.2724069444444444,-254.49777509620876,2.8578904074535,-122.56399810524432,0.2,1,-20,1,400,0.8,0.5,eff,1,35,5,10
7.482433334471366,-93.33965489659246,0.6968241909147566,-395.3227391976221,0.2724069444444444,-292.45064214439515,2.8578904074535,-123.28751252123027,0.2,1,-20,1,400,0.8,1,eq,0.5,35,10,10
7.482433334471366,-93.33965489659246,0.664380693404857,-391.85701920905893,0.2724069444444444,-295.5199388489429,2.8578904074535,-123.34602405370198,0.2,1,-20,1,400,0.8,0.5,eff,0.5,35,10,10
5.327510845438027,-90.38986506758839,0.6968241909147566,-358.91128392766495,0.2724069444444444,-249.84455082708845,2.8578904074535,-122.4752913723578,0.2,1,-20,1,400,0.8,1,eq,1,6.5,5,10
7.482433334471366,-91.40332519353423,0.6968241909147566,-393.3864094945639,0.2724069444444444,-290.1848870535656,2.8578904074535,-123.244319302936,0.2,1,-20,1,400,0.8,1,eq,0.5,6.5,10,10
5.327510845438027,-90.38986506758839,0.6968241909147566,-343.6375692278891,0.2724069444444444,-240.48741226970415,2.8578904074535,-122.29691157749146,0.2,1,-20,1,400,0.8,1,eff,1,6.5,5,10
5.327510845438027,-92.09914869793256,0.664380693404857,-357.02913033325535,0.2724069444444444,-255.17484832009896,2.8578904074535,-122.57690548948862,0.2,1,-20,1,400,0.8,0.5,eff,0.5,6.5,5,10
5.327510845438027,-94.59076824889578,0.6968241909147566,-363.11218710897236,0.2724069444444444,-254.7601484937445,2.8578904074535,-122.5689998600591,0.2,1,-20,1,400,0.8,1,eq,0.5,35,5,10
7.482433334471366,-88.99189763453363,0.6968241909147566,-390.9749819355633,0.2724069444444444,-287.3632062937842,2.8578904074535,-123.19052819660348,0.2,1,-20,1,400,0.8,1,eq,1,6.5,10,10
5.327510845438027,-91.51466541437559,0.6968241909147566,-360.03608427445215,0.2724069444444444,-251.1607120720471,2.8578904074535,-122.50038200999735,0.2,1,-20,1,400,0.8,1,eq,1,35,5,10
5.327510845438027,-92.09914869793256,0.6968241909147566,-360.62056755800916,0.2724069444444444,-251.84463277661607,2.8578904074535,-122.51341993117792,0.2,1,-20,1,400,0.8,1,eq,0.5,6.5,5,10
7.482433334471366,-88.99189763453363,0.6968241909147566,-375.3466826445973,0.2724069444444444,-277.17978792597154,2.8578904074535,-122.9963966179859,0.2,1,-20,1,400,0.8,1,eff,1,6.5,10,10
7.482433334471366,-91.40332519353423,0.664380693404857,-389.92068950600054,0.2724069444444444,-293.2768687207894,2.8578904074535,-123.30326329015462,0.2,1,-20,1,400,0.8,0.5,eff,0.5,6.5,10,10
5.327510845438027,-91.51466541437559,0.6968241909147566,-344.7623695746763,0.2724069444444444,-241.78898120118703,2.8578904074535,-122.32172403458807,0.2,1,-20,1,400,0.8,1,eff,1,35,5,10
7.482433334471366,-88.99189763453363,0.6968241909147566,-390.9749819355633,0.2724069444444444,-287.3632062937842,2.8578904074535,-123.19052819660348,0.2,1,-20,1,400,0.8,1,eq,1,35,10,10
7.482433334471366,-88.99189763453363,0.6968241909147566,-375.3466826445973,0.2724069444444444,-277.17978792597154,2.8578904074535,-122.9963966179859,0.2,1,-20,1,400,0.8,1,eff,1,35,10,10
5.327510845438027,-94.59076824889578,0.664380693404857,-359.52074988421856,0.2724069444444444,-258.0611736071066,2.8578904074535,-122.63192894665531,0.2,1,-20,1,400,0.8,0.5,eff,0.5,35,5,10
7.482433334471366,-93.33965489659246,0.6968241909147566,-379.69443990665616,0.2724069444444444,-282.2108192458582,2.8578904074535,-123.09230567493789,0.2,1,-20,1,400,0.8,1,eff,0.5,35,10,10
7.482433334471366,-91.40332519353423,0.6968241909147566,-377.7581102035979,0.2724069444444444,-279.9701846391452,2.8578904074535,-123.04959134094939,0.2,1,-20,1,400,0.8,1,eff,0.5,6.5,10,10
5.327510845438027,-94.59076824889578,0.6968241909147566,-347.8384724091965,0.2724069444444444,-245.3485105797044,2.8578904074535,-122.38958111680043,0.2,1,-20,1,400,0.8,1,eff,0.5,35,5,10
7.482433334471366,-88.99189763453363,0.664380693404857,-403.83076835533024,0.3502374999999999,-301.51080143337725,2.873456518564611,-124.42476779490497,0.2,1,-20,1,500,0.7,0.5,eq,1,6.5,10,10
5.327510845438027,-90.38986506758839,0.664380693404857,-371.31651453120645,0.3502374999999999,-263.41608976020143,2.873456518564611,-123.49611643070746,0.2,1,-20,1,500,0.7,0.5,eq,1,6.5,5,10
7.482433334471366,-88.99189763453363,0.664380693404857,-403.83076835533024,0.3502374999999999,-301.51080143337725,2.873456518564611,-124.42476779490497,0.2,1,-20,1,500,0.7,0.5,eq,1,35,10,10
5.327510845438027,-91.51466541437559,0.664380693404857,-372.44131487799365,0.3502374999999999,-264.73394085147305,2.873456518564611,-123.52824226025105,0.2,1,-20,1,500,0.7,0.5,eq,1,35,5,10
5.327510845438027,-92.09914869793256,0.6968241909147566,-345.3468528582333,0.2724069444444444,-242.46531925994552,2.8578904074535,-122.33461740401307,0.2,1,-20,1,400,0.8,1,eff,0.5,6.5,5,10
7.482433334471366,-88.99189763453363,0.664380693404857,-387.50926194699997,0.3502374999999999,-290.4836877204792,2.873456518564611,-124.1559550452378,0.2,1,-20,1,500,0.7,0.5,eff,1,35,10,10
7.482433334471366,-93.33965489659246,0.664380693404857,-408.178525617389,0.3502374999999999,-306.60476915022656,2.873456518564611,-124.54894566268915,0.2,1,-20,1,500,0.7,0.5,eq,0.5,35,10,10
5.327510845438027,-92.09914869793256,0.664380693404857,-357.02913033325535,0.3502374999999999,-255.17509713354792,2.873456518564611,-123.2952221672009,0.2,1,-20,1,500,0.7,0.5,eff,0.5,6.5,5,10
7.482433334471366,-93.33965489659246,0.664380693404857,-391.85701920905893,0.3502374999999999,-295.52018766365285,2.873456518564611,-124.27873199609473,0.2,1,-20,1,500,0.7,0.5,eff,0.5,35,10,10
7.482433334471366,-91.40332519353423,0.664380693404857,-389.92068950600054,0.3502374999999999,-293.2771175353707,2.873456518564611,-124.22405169945705,0.2,1,-20,1,500,0.7,0.5,eff,0.5,6.5,10,10
5.327510845438027,-90.38986506758839,0.664380693404857,-355.31984670291115,0.3502374999999999,-253.19504020108351,2.873456518564611,-123.24695345769344,0.2,1,-20,1,500,0.7,0.5,eff,1,6.5,5,10
5.327510845438027,-91.51466541437559,0.664380693404857,-356.44464704969835,0.3502374999999999,-254.49802391059606,2.873456518564611,-123.27871685860192,0.2,1,-20,1,500,0.7,0.5,eff,1,35,5,10
5.327510845438027,-92.09914869793256,0.664380693404857,-373.02579816155065,0.3502374999999999,-265.4187396570634,2.873456518564611,-123.54493589873994,0.2,1,-20,1,500,0.7,0.5,eq,0.5,6.5,5,10
7.482433334471366,-91.40332519353423,0.664380693404857,-406.2421959143308,0.3502374999999999,-304.33610500859817,2.873456518564611,-124.49364144965026,0.2,1,-20,1,500,0.7,0.5,eq,0.5,6.5,10,10
7.482433334471366,-88.99189763453363,0.664380693404857,-387.50926194699997,0.3502374999999999,-290.4836877204792,2.873456518564611,-124.1559550452378,0.2,1,-20,1,500,0.7,0.5,eff,1,6.5,10,10
5.327510845438027,-90.38986506758839,0.6968241909147566,-358.91128392766495,0.3502374999999999,-249.84480817745478,2.873456518564611,-123.16528339372735,0.2,1,-20,1,500,0.7,1,eq,1,6.5,5,10
5.327510845438027,-91.51466541437559,0.6968241909147566,-360.03608427445215,0.3502374999999999,-251.1609694225842,2.873456518564611,-123.19736802915583,0.2,1,-20,1,500,0.7,1,eq,1,35,5,10
7.482433334471366,-88.99189763453363,0.6968241909147566,-390.9749819355633,0.3502374999999999,-287.3634636443319,2.873456518564611,-124.07989198510028,0.2,1,-20,1,500,0.7,1,eq,1,35,10,10
5.327510845438027,-94.59076824889578,0.664380693404857,-359.52074988421856,0.3502374999999999,-258.0614224207072,2.873456518564611,-123.36558337477311,0.2,1,-20,1,500,0.7,0.5,eff,0.5,35,5,10
7.482433334471366,-88.99189763453363,0.6968241909147566,-390.9749819355633,0.3502374999999999,-287.3634636443319,2.873456518564611,-124.07989198510028,0.2,1,-20,1,500,0.7,1,eq,1,6.5,10,10
5.327510845438027,-92.09914869793256,0.6968241909147566,-360.62056755800916,0.3502374999999999,-251.84489012715545,2.873456518564611,-123.21404026179417,0.2,1,-20,1,500,0.7,1,eq,0.5,6.5,5,10
7.482433334471366,-91.40332519353423,0.6968241909147566,-393.3864094945639,0.3502374999999999,-290.18514440396774,2.873456518564611,-124.14867732489354,0.2,1,-20,1,500,0.7,1,eq,0.5,6.5,10,10
5.327510845438027,-94.59076824889578,0.664380693404857,-375.51741771251386,0.3502374999999999,-268.3379986662173,2.873456518564611,-123.61609994598489,0.2,1,-20,1,500,0.7,0.5,eq,0.5,35,5,10
7.482433334471366,-88.99189763453363,0.6968241909147566,-375.3466826445973,0.3502374999999999,-277.18002301599256,2.873456518564611,-123.83164582135808,0.2,1,-20,1,500,0.7,1,eff,1,6.5,10,10
7.482433334471366,-93.33965489659246,0.6968241909147566,-395.3227391976221,0.3502374999999999,-292.4508994949458,2.873456518564611,-124.20391062273883,0.2,1,-20,1,500,0.7,1,eq,0.5,35,10,10
7.482433334471366,-88.99189763453363,0.6968241909147566,-375.3466826445973,0.3502374999999999,-277.18002301599256,2.873456518564611,-123.83164582135808,0.2,1,-20,1,500,0.7,1,eff,1,35,10,10
7.482433334471366,-88.99189763453363,0.664380693404857,-403.83076835533024,0.3502374999999999,-301.51080143337725,2.873456518564611,-124.42476779490497,0.2,1,-20,1,500,0.8,0.5,eq,1,6.5,10,10
5.327510845438027,-94.59076824889578,0.6968241909147566,-363.11218710897236,0.3502374999999999,-254.76040584415594,2.873456518564611,-123.28511305717748,0.2,1,-20,1,500,0.7,1,eq,0.5,35,5,10
5.327510845438027,-92.09914869793256,0.6968241909147566,-345.3468528582333,0.3502374999999999,-242.46555434986058,2.873456518564611,-122.9853961119296,0.2,1,-20,1,500,0.7,1,eff,0.5,6.5,5,10
5.327510845438027,-90.38986506758839,0.6968241909147566,-343.6375692278891,0.3502374999999999,-240.487647359618,2.873456518564611,-122.9371798124993,0.2,1,-20,1,500,0.7,1,eff,1,6.5,5,10
5.327510845438027,-91.51466541437559,0.6968241909147566,-344.7623695746763,0.3502374999999999,-241.7892162918052,2.873456518564611,-122.96890872476519,0.2,1,-20,1,500,0.7,1,eff,1,35,5,10
7.482433334471366,-88.99189763453363,0.664380693404857,-403.83076835533024,0.3502374999999999,-301.51080143337725,2.873456518564611,-124.42476779490497,0.2,1,-20,1,500,0.8,0.5,eq,1,35,10,10
7.482433334471366,-93.33965489659246,0.6968241909147566,-379.69443990665616,0.3502374999999999,-282.21105433575934,2.873456518564611,-123.95428946120258,0.2,1,-20,1,500,0.7,1,eff,0.5,35,10,10
7.482433334471366,-93.33965489659246,0.664380693404857,-408.178525617389,0.3502374999999999,-306.60476915022656,2.873456518564611,-124.54894566268915,0.2,1,-20,1,500,0.8,0.5,eq,0.5,35,10,10
5.327510845438027,-94.59076824889578,0.6968241909147566,-347.8384724091965,0.3502374999999999,-245.34874566961653,2.873456518564611,-123.0556809214146,0.2,1,-20,1,500,0.7,1,eff,0.5,35,5,10
5.327510845438027,-90.38986506758839,0.664380693404857,-371.31651453120645,0.3502374999999999,-263.41608976020143,2.873456518564611,-123.49611643070746,0.2,1,-20,1,500,0.8,0.5,eq,1,6.5,5,10
5.327510845438027,-94.59076824889578,0.664380693404857,-375.51741771251386,0.3502374999999999,-268.3379986662173,2.873456518564611,-123.61609994598489,0.2,1,-20,1,500,0.8,0.5,eq,0.5,35,5,10
5.327510845438027,-90.38986506758839,0.664380693404857,-355.31984670291115,0.3502374999999999,-253.19504020108351,2.873456518564611,-123.24695345769344,0.2,1,-20,1,500,0.8,0.5,eff,1,6.5,5,10
7.482433334471366,-88.99189763453363,0.664380693404857,-387.50926194699997,0.3502374999999999,-290.4836877204792,2.873456518564611,-124.1559550452378,0.2,1,-20,1,500,0.8,0.5,eff,1,35,10,10
7.482433334471366,-88.99189763453363,0.664380693404857,-387.50926194699997,0.3502374999999999,-290.4836877204792,2.873456518564611,-124.1559550452378,0.2,1,-20,1,500,0.8,0.5,eff,1,6.5,10,10
5.327510845438027,-92.09914869793256,0.664380693404857,-373.02579816155065,0.3502374999999999,-265.4187396570634,2.873456518564611,-123.54493589873994,0.2,1,-20,1,500,0.8,0.5,eq,0.5,6.5,5,10
7.482433334471366,-91.40332519353423,0.664380693404857,-406.2421959143308,0.3502374999999999,-304.33610500859817,2.873456518564611,-124.49364144965026,0.2,1,-20,1,500,0.8,0.5,eq,0.5,6.5,10,10
5.327510845438027,-91.51466541437559,0.664380693404857,-372.44131487799365,0.3502374999999999,-264.73394085147305,2.873456518564611,-123.52824226025105,0.2,1,-20,1,500,0.8,0.5,eq,1,35,5,10
7.482433334471366,-91.40332519353423,0.6968241909147566,-377.7581102035979,0.3502374999999999,-279.9704197301847,2.873456518564611,-123.8996685363617,0.2,1,-20,1,500,0.7,1,eff,0.5,6.5,10,10
5.327510845438027,-92.09914869793256,0.664380693404857,-357.02913033325535,0.3502374999999999,-255.17509713354792,2.873456518564611,-123.2952221672009,0.2,1,-20,1,500,0.8,0.5,eff,0.5,6.5,5,10
7.482433334471366,-91.40332519353423,0.664380693404857,-389.92068950600054,0.3502374999999999,-293.2771175353707,2.873456518564611,-124.22405169945705,0.2,1,-20,1,500,0.8,0.5,eff,0.5,6.5,10,10
5.327510845438027,-91.51466541437559,0.664380693404857,-356.44464704969835,0.3502374999999999,-254.49802391059606,2.873456518564611,-123.27871685860192,0.2,1,-20,1,500,0.8,0.5,eff,1,35,5,10
5.327510845438027,-90.38986506758839,0.6968241909147566,-358.91128392766495,0.3502374999999999,-249.84480817745478,2.873456518564611,-123.16528339372735,0.2,1,-20,1,500,0.8,1,eq,1,6.5,5,10
7.482433334471366,-88.99189763453363,0.6968241909147566,-390.9749819355633,0.3502374999999999,-287.3634636443319,2.873456518564611,-124.07989198510028,0.2,1,-20,1,500,0.8,1,eq,1,6.5,10,10
5.327510845438027,-91.51466541437559,0.6968241909147566,-360.03608427445215,0.3502374999999999,-251.1609694225842,2.873456518564611,-123.19736802915583,0.2,1,-20,1,500,0.8,1,eq,1,35,5,10
7.482433334471366,-93.33965489659246,0.664380693404857,-391.85701920905893,0.3502374999999999,-295.52018766365285,2.873456518564611,-124.27873199609473,0.2,1,-20,1,500,0.8,0.5,eff,0.5,35,10,10
7.482433334471366,-88.99189763453363,0.6968241909147566,-390.9749819355633,0.3502374999999999,-287.3634636443319,2.873456518564611,-124.07989198510028,0.2,1,-20,1,500,0.8,1,eq,1,35,10,10
5.327510845438027,-94.59076824889578,0.664380693404857,-359.52074988421856,0.3502374999999999,-258.0614224207072,2.873456518564611,-123.36558337477311,0.2,1,-20,1,500,0.8,0.5,eff,0.5,35,5,10
5.327510845438027,-92.09914869793256,0.6968241909147566,-360.62056755800916,0.3502374999999999,-251.84489012715545,2.873456518564611,-123.21404026179417,0.2,1,-20,1,500,0.8,1,eq,0.5,6.5,5,10
5.327510845438027,-94.59076824889578,0.6968241909147566,-363.11218710897236,0.3502374999999999,-254.76040584415594,2.873456518564611,-123.28511305717748,0.2,1,-20,1,500,0.8,1,eq,0.5,35,5,10
7.482433334471366,-88.99189763453363,0.6968241909147566,-375.3466826445973,0.3502374999999999,-277.18002301599256,2.873456518564611,-123.83164582135808,0.2,1,-20,1,500,0.8,1,eff,1,6.5,10,10
5.327510845438027,-90.38986506758839,0.6968241909147566,-343.6375692278891,0.3502374999999999,-240.487647359618,2.873456518564611,-122.9371798124993,0.2,1,-20,1,500,0.8,1,eff,1,6.5,5,10
7.482433334471366,-93.33965489659246,0.6968241909147566,-395.3227391976221,0.3502374999999999,-292.4508994949458,2.873456518564611,-124.20391062273883,0.2,1,-20,1,500,0.8,1,eq,0.5,35,10,10
7.482433334471366,-91.40332519353423,0.6968241909147566,-393.3864094945639,0.3502374999999999,-290.18514440396774,2.873456518564611,-124.14867732489354,0.2,1,-20,1,500,0.8,1,eq,0.5,6.5,10,10
7.482433334471366,-88.99189763453363,0.6968241909147566,-375.3466826445973,0.3502374999999999,-277.18002301599256,2.873456518564611,-123.83164582135808,0.2,1,-20,1,500,0.8,1,eff,1,35,10,10
7.482433334471366,-91.40332519353423,0.6968241909147566,-377.7581102035979,0.3502374999999999,-279.9704197301847,2.873456518564611,-123.8996685363617,0.2,1,-20,1,500,0.8,1,eff,0.5,6.5,10,10
5.327510845438027,-91.51466541437559,0.6968241909147566,-344.7623695746763,0.3502374999999999,-241.7892162918052,2.873456518564611,-122.96890872476519,0.2,1,-20,1,500,0.8,1,eff,1,35,5,10
5.327510845438027,-92.09914869793256,0.6968241909147566,-345.3468528582333,0.3502374999999999,-242.46555434986058,2.873456518564611,-122.9853961119296,0.2,1,-20,1,500,0.8,1,eff,0.5,6.5,5,10
5.327510845438027,-94.59076824889578,0.6968241909147566,-347.8384724091965,0.3502374999999999,-245.34874566961653,2.873456518564611,-123.0556809214146,0.2,1,-20,1,500,0.8,1,eff,0.5,35,5,10
5.327510845438027,-90.38986506758839,0.664380693404857,-371.31651453120645,0.5448138888888888,-263.41677138646355,2.9123717963423887,-125.36576058380166,0.2,1,-20,2,400,0.7,0.5,eq,1,6.5,5,10
7.482433334471366,-91.40332519353423,0.664380693404857,-406.2421959143308,0.5448138888888888,-304.3367866348602,2.9123717963423887,-126.89673219043985,0.2,1,-20,2,400,0.7,0.5,eq,0.5,6.5,10,10
7.482433334471366,-88.99189763453363,0.664380693404857,-403.83076835533024,0.5448138888888888,-301.5114830596394,2.9123717963423887,-126.79102696214173,0.2,1,-20,2,400,0.7,0.5,eq,1,6.5,10,10
5.327510845438027,-91.51466541437559,0.664380693404857,-356.44464704969835,0.5448138888888888,-254.49864594472393,2.9123717963423887,-125.03209998390052,0.2,1,-20,2,400,0.7,0.5,eff,1,35,5,10
7.482433334471366,-88.99189763453363,0.664380693404857,-403.83076835533024,0.5448138888888888,-301.5114830596394,2.9123717963423887,-126.79102696214173,0.2,1,-20,2,400,0.7,0.5,eq,1,35,10,10
5.327510845438027,-91.51466541437559,0.664380693404857,-372.44131487799365,0.5448138888888888,-264.73462247773523,2.9123717963423887,-125.41506634750344,0.2,1,-20,2,400,0.7,0.5,eq,1,35,5,10
7.482433334471366,-93.33965489659246,0.6968241909147566,-379.69443990665616,0.3502374999999999,-282.21105433575934,2.873456518564611,-123.95428946120258,0.2,1,-20,1,500,0.8,1,eff,0.5,35,10,10
5.327510845438027,-90.38986506758839,0.664380693404857,-355.31984670291115,0.5448138888888888,-253.19566223665186,2.9123717963423887,-124.98335046489706,0.2,1,-20,2,400,0.7,0.5,eff,1,6.5,5,10
7.482433334471366,-93.33965489659246,0.664380693404857,-408.178525617389,0.5448138888888888,-306.6054507764886,2.9123717963423887,-126.98161144487685,0.2,1,-20,2,400,0.7,0.5,eq,0.5,35,10,10
7.482433334471366,-88.99189763453363,0.664380693404857,-387.50926194699997,0.5448138888888888,-290.4843097542701,2.9123717963423887,-126.37845895283095,0.2,1,-20,2,400,0.7,0.5,eff,1,35,10,10
5.327510845438027,-92.09914869793256,0.664380693404857,-357.02913033325535,0.5448138888888888,-255.17571916861402,2.9123717963423887,-125.05743183861995,0.2,1,-20,2,400,0.7,0.5,eff,0.5,6.5,5,10
5.327510845438027,-94.59076824889578,0.664380693404857,-359.52074988421856,0.5448138888888888,-258.06204445561855,2.9123717963423887,-125.16542011856325,0.2,1,-20,2,400,0.7,0.5,eff,0.5,35,5,10
5.327510845438027,-94.59076824889578,0.664380693404857,-375.51741771251386,0.5448138888888888,-268.3386802924794,2.9123717963423887,-125.5499076995792,0.2,1,-20,2,400,0.7,0.5,eq,0.5,35,5,10
7.482433334471366,-91.40332519353423,0.664380693404857,-389.92068950600054,0.5448138888888888,-293.27773956925984,2.9123717963423887,-126.48297166393141,0.2,1,-20,2,400,0.7,0.5,eff,0.5,6.5,10,10
7.482433334471366,-88.99189763453363,0.664380693404857,-387.50926194699997,0.5448138888888888,-290.4843097542701,2.9123717963423887,-126.37845895283095,0.2,1,-20,2,400,0.7,0.5,eff,1,6.5,10,10
5.327510845438027,-92.09914869793256,0.664380693404857,-373.02579816155065,0.5448138888888888,-265.4194212833255,2.9123717963423887,-125.44068724527824,0.2,1,-20,2,400,0.7,0.5,eq,0.5,6.5,5,10
5.327510845438027,-90.38986506758839,0.6968241909147566,-358.91128392766495,0.5448138888888888,-249.8454515527818,2.9123717963423887,-124.85800648830947,0.2,1,-20,2,400,0.7,1,eq,1,6.5,5,10
7.482433334471366,-93.33965489659246,0.664380693404857,-391.85701920905893,0.5448138888888888,-295.52080969755906,2.9123717963423887,-126.56689335011062,0.2,1,-20,2,400,0.7,0.5,eff,0.5,35,10,10
7.482433334471366,-88.99189763453363,0.6968241909147566,-390.9749819355633,0.5448138888888888,-287.3641070193456,2.9123717963423887,-126.26172043831363,0.2,1,-20,2,400,0.7,1,eq,1,6.5,10,10
5.327510845438027,-91.51466541437559,0.6968241909147566,-360.03608427445215,0.5448138888888888,-251.16161279810524,2.9123717963423887,-124.90724902852158,0.2,1,-20,2,400,0.7,1,eq,1,35,5,10
7.482433334471366,-88.99189763453363,0.6968241909147566,-390.9749819355633,0.5448138888888888,-287.3641070193456,2.9123717963423887,-126.26172043831363,0.2,1,-20,2,400,0.7,1,eq,1,35,10,10
5.327510845438027,-92.09914869793256,0.6968241909147566,-360.62056755800916,0.5448138888888888,-251.84553350229473,2.9123717963423887,-124.93283707322166,0.2,1,-20,2,400,0.7,1,eq,0.5,6.5,5,10
7.482433334471366,-91.40332519353423,0.6968241909147566,-393.3864094945639,0.5448138888888888,-290.18578778022163,2.9123717963423887,-126.36729012350744,0.2,1,-20,2,400,0.7,1,eq,0.5,6.5,10,10
7.482433334471366,-91.40332519353423,0.6968241909147566,-377.7581102035979,0.5448138888888888,-279.9710074550941,2.9123717963423887,-125.98511678972713,0.2,1,-20,2,400,0.7,1,eff,0.5,6.5,10,10
7.482433334471366,-93.33965489659246,0.6968241909147566,-395.3227391976221,0.5448138888888888,-292.4515428710552,2.9123717963423887,-126.45206053941772,0.2,1,-20,2,400,0.7,1,eq,0.5,35,10,10
5.327510845438027,-92.09914869793256,0.6968241909147566,-345.3468528582333,0.5448138888888888,-242.46614207510373,2.9123717963423887,-124.58191877870462,0.2,1,-20,2,400,0.7,1,eff,0.5,6.5,5,10
5.327510845438027,-94.59076824889578,0.6968241909147566,-363.11218710897236,0.5448138888888888,-254.76104921943838,2.9123717963423887,-125.04191747689607,0.2,1,-20,2,400,0.7,1,eq,0.5,35,5,10
5.327510845438027,-90.38986506758839,0.6968241909147566,-343.6375692278891,0.5448138888888888,-240.48823508565079,2.9123717963423887,-124.50791784241366,0.2,1,-20,2,400,0.7,1,eff,1,6.5,5,10
5.327510845438027,-91.51466541437559,0.6968241909147566,-344.7623695746763,0.5448138888888888,-241.78980401712676,2.9123717963423887,-124.55661442930588,0.2,1,-20,2,400,0.7,1,eff,1,35,5,10
7.482433334471366,-88.99189763453363,0.6968241909147566,-375.3466826445973,0.5448138888888888,-277.1806107414894,2.9123717963423887,-125.88071755835206,0.2,1,-20,2,400,0.7,1,eff,1,6.5,10,10
7.482433334471366,-88.99189763453363,0.6968241909147566,-375.3466826445973,0.5448138888888888,-277.1806107414894,2.9123717963423887,-125.88071755835206,0.2,1,-20,2,400,0.7,1,eff,1,35,10,10
7.482433334471366,-93.33965489659246,0.6968241909147566,-379.69443990665616,0.5448138888888888,-282.2116420613868,2.9123717963423887,-126.06894735387186,0.2,1,-20,2,400,0.7,1,eff,0.5,35,10,10
5.327510845438027,-90.38986506758839,0.664380693404857,-371.31651453120645,0.5448138888888888,-263.41677138646355,2.9123717963423887,-125.36576058380166,0.2,1,-20,2,400,0.8,0.5,eq,1,6.5,5,10
7.482433334471366,-88.99189763453363,0.664380693404857,-403.83076835533024,0.5448138888888888,-301.5114830596394,2.9123717963423887,-126.79102696214173,0.2,1,-20,2,400,0.8,0.5,eq,1,6.5,10,10
5.327510845438027,-94.59076824889578,0.6968241909147566,-347.8384724091965,0.5448138888888888,-245.3493333956564,2.9123717963423887,-124.68978980518098,0.2,1,-20,2,400,0.7,1,eff,0.5,35,5,10
7.482433334471366,-93.33965489659246,0.664380693404857,-408.178525617389,0.5448138888888888,-306.6054507764886,2.9123717963423887,-126.98161144487685,0.2,1,-20,2,400,0.8,0.5,eq,0.5,35,10,10
7.482433334471366,-91.40332519353423,0.664380693404857,-406.2421959143308,0.5448138888888888,-304.3367866348602,2.9123717963423887,-126.89673219043985,0.2,1,-20,2,400,0.8,0.5,eq,0.5,6.5,10,10
5.327510845438027,-92.09914869793256,0.664380693404857,-357.02913033325535,0.5448138888888888,-255.17571916861402,2.9123717963423887,-125.05743183861995,0.2,1,-20,2,400,0.8,0.5,eff,0.5,6.5,5,10
7.482433334471366,-91.40332519353423,0.664380693404857,-389.92068950600054,0.5448138888888888,-293.27773956925984,2.9123717963423887,-126.48297166393141,0.2,1,-20,2,400,0.8,0.5,eff,0.5,6.5,10,10
5.327510845438027,-91.51466541437559,0.664380693404857,-356.44464704969835,0.5448138888888888,-254.49864594472393,2.9123717963423887,-125.03209998390052,0.2,1,-20,2,400,0.8,0.5,eff,1,35,5,10
5.327510845438027,-94.59076824889578,0.664380693404857,-359.52074988421856,0.5448138888888888,-258.06204445561855,2.9123717963423887,-125.16542011856325,0.2,1,-20,2,400,0.8,0.5,eff,0.5,35,5,10
5.327510845438027,-90.38986506758839,0.664380693404857,-355.31984670291115,0.5448138888888888,-253.19566223665186,2.9123717963423887,-124.98335046489706,0.2,1,-20,2,400,0.8,0.5,eff,1,6.5,5,10
7.482433334471366,-88.99189763453363,0.664380693404857,-403.83076835533024,0.5448138888888888,-301.5114830596394,2.9123717963423887,-126.79102696214173,0.2,1,-20,2,400,0.8,0.5,eq,1,35,10,10
5.327510845438027,-94.59076824889578,0.664380693404857,-375.51741771251386,0.5448138888888888,-268.3386802924794,2.9123717963423887,-125.5499076995792,0.2,1,-20,2,400,0.8,0.5,eq,0.5,35,5,10
5.327510845438027,-91.51466541437559,0.664380693404857,-372.44131487799365,0.5448138888888888,-264.73462247773523,2.9123717963423887,-125.41506634750344,0.2,1,-20,2,400,0.8,0.5,eq,1,35,5,10
7.482433334471366,-88.99189763453363,0.6968241909147566,-390.9749819355633,0.5448138888888888,-287.3641070193456,2.9123717963423887,-126.26172043831363,0.2,1,-20,2,400,0.8,1,eq,1,6.5,10,10
7.482433334471366,-88.99189763453363,0.664380693404857,-387.50926194699997,0.5448138888888888,-290.4843097542701,2.9123717963423887,-126.37845895283095,0.2,1,-20,2,400,0.8,0.5,eff,1,35,10,10
7.482433334471366,-88.99189763453363,0.664380693404857,-387.50926194699997,0.5448138888888888,-290.4843097542701,2.9123717963423887,-126.37845895283095,0.2,1,-20,2,400,0.8,0.5,eff,1,6.5,10,10
7.482433334471366,-93.33965489659246,0.664380693404857,-391.85701920905893,0.5448138888888888,-295.52080969755906,2.9123717963423887,-126.56689335011062,0.2,1,-20,2,400,0.8,0.5,eff,0.5,35,10,10
5.327510845438027,-90.38986506758839,0.6968241909147566,-358.91128392766495,0.5448138888888888,-249.8454515527818,2.9123717963423887,-124.85800648830947,0.2,1,-20,2,400,0.8,1,eq,1,6.5,5,10
5.327510845438027,-92.09914869793256,0.664380693404857,-373.02579816155065,0.5448138888888888,-265.4194212833255,2.9123717963423887,-125.44068724527824,0.2,1,-20,2,400,0.8,0.5,eq,0.5,6.5,5,10
7.482433334471366,-91.40332519353423,0.6968241909147566,-393.3864094945639,0.5448138888888888,-290.18578778022163,2.9123717963423887,-126.36729012350744,0.2,1,-20,2,400,0.8,1,eq,0.5,6.5,10,10
5.327510845438027,-91.51466541437559,0.6968241909147566,-360.03608427445215,0.5448138888888888,-251.16161279810524,2.9123717963423887,-124.90724902852158,0.2,1,-20,2,400,0.8,1,eq,1,35,5,10
5.327510845438027,-94.59076824889578,0.6968241909147566,-363.11218710897236,0.5448138888888888,-254.76104921943838,2.9123717963423887,-125.04191747689607,0.2,1,-20,2,400,0.8,1,eq,0.5,35,5,10
7.482433334471366,-93.33965489659246,0.6968241909147566,-395.3227391976221,0.5448138888888888,-292.4515428710552,2.9123717963423887,-126.45206053941772,0.2,1,-20,2,400,0.8,1,eq,0.5,35,10,10
7.482433334471366,-88.99189763453363,0.6968241909147566,-390.9749819355633,0.5448138888888888,-287.3641070193456,2.9123717963423887,-126.26172043831363,0.2,1,-20,2,400,0.8,1,eq,1,35,10,10
5.327510845438027,-92.09914869793256,0.6968241909147566,-360.62056755800916,0.5448138888888888,-251.84553350229473,2.9123717963423887,-124.93283707322166,0.2,1,-20,2,400,0.8,1,eq,0.5,6.5,5,10
5.327510845438027,-91.51466541437559,0.6968241909147566,-344.7623695746763,0.5448138888888888,-241.78980401712676,2.9123717963423887,-124.55661442930588,0.2,1,-20,2,400,0.8,1,eff,1,35,5,10
5.327510845438027,-90.38986506758839,0.6968241909147566,-343.6375692278891,0.5448138888888888,-240.48823508565079,2.9123717963423887,-124.50791784241366,0.2,1,-20,2,400,0.8,1,eff,1,6.5,5,10
7.482433334471366,-88.99189763453363,0.6968241909147566,-375.3466826445973,0.5448138888888888,-277.1806107414894,2.9123717963423887,-125.88071755835206,0.2,1,-20,2,400,0.8,1,eff,1,6.5,10,10
7.482433334471366,-88.99189763453363,0.6968241909147566,-375.3466826445973,0.5448138888888888,-277.1806107414894,2.9123717963423887,-125.88071755835206,0.2,1,-20,2,400,0.8,1,eff,1,35,10,10
7.482433334471366,-88.99189763453363,0.664380693404857,-403.83076835533024,0.7004749999999998,-301.51202836072866,2.943504018564611,-128.63899877588625,0.2,1,-20,2,500,0.7,0.5,eq,1,6.5,10,10
5.327510845438027,-90.38986506758839,0.664380693404857,-371.31651453120645,0.7004749999999998,-263.4173166876696,2.943504018564611,-126.82589487041263,0.2,1,-20,2,500,0.7,0.5,eq,1,6.5,5,10
7.482433334471366,-88.99189763453363,0.664380693404857,-387.50926194699997,0.7004749999999998,-290.4848073824035,2.943504018564611,-128.11416221605333,0.2,1,-20,2,500,0.7,0.5,eff,1,6.5,10,10
7.482433334471366,-93.33965489659246,0.6968241909147566,-379.69443990665616,0.5448138888888888,-282.2116420613868,2.9123717963423887,-126.06894735387186,0.2,1,-20,2,400,0.8,1,eff,0.5,35,10,10
5.327510845438027,-92.09914869793256,0.6968241909147566,-345.3468528582333,0.5448138888888888,-242.46614207510373,2.9123717963423887,-124.58191877870462,0.2,1,-20,2,400,0.8,1,eff,0.5,6.5,5,10
5.327510845438027,-94.59076824889578,0.6968241909147566,-347.8384724091965,0.5448138888888888,-245.3493333956564,2.9123717963423887,-124.68978980518098,0.2,1,-20,2,400,0.8,1,eff,0.5,35,5,10
7.482433334471366,-88.99189763453363,0.664380693404857,-403.83076835533024,0.7004749999999998,-301.51202836072866,2.943504018564611,-128.63899877588625,0.2,1,-20,2,500,0.7,0.5,eq,1,35,10,10
5.327510845438027,-90.38986506758839,0.664380693404857,-355.31984670291115,0.7004749999999998,-253.19615986409644,2.943504018564611,-126.33942263997999,0.2,1,-20,2,500,0.7,0.5,eff,1,6.5,5,10
7.482433334471366,-88.99189763453363,0.664380693404857,-387.50926194699997,0.7004749999999998,-290.4848073824035,2.943504018564611,-128.11416221605333,0.2,1,-20,2,500,0.7,0.5,eff,1,35,10,10
5.327510845438027,-94.59076824889578,0.664380693404857,-375.51741771251386,0.7004749999999998,-268.33922559306586,2.943504018564611,-127.06015132929716,0.2,1,-20,2,500,0.7,0.5,eq,0.5,35,5,10
5.327510845438027,-92.09914869793256,0.664380693404857,-373.02579816155065,0.7004749999999998,-265.4199665845628,2.943504018564611,-126.92121026170678,0.2,1,-20,2,500,0.7,0.5,eq,0.5,6.5,5,10
7.482433334471366,-93.33965489659246,0.664380693404857,-408.178525617389,0.7004749999999998,-306.60599607759946,2.943504018564611,-128.88144431113759,0.2,1,-20,2,500,0.7,0.5,eq,0.5,35,10,10
7.482433334471366,-91.40332519353423,0.6968241909147566,-377.7581102035979,0.5448138888888888,-279.9710074550941,2.9123717963423887,-125.98511678972713,0.2,1,-20,2,400,0.8,1,eff,0.5,6.5,10,10
7.482433334471366,-91.40332519353423,0.664380693404857,-406.2421959143308,0.7004749999999998,-304.3373319367797,2.943504018564611,-128.7734680689434,0.2,1,-20,2,500,0.7,0.5,eq,0.5,6.5,10,10
5.327510845438027,-94.59076824889578,0.664380693404857,-359.52074988421856,0.7004749999999998,-258.062542082781,2.943504018564611,-126.57103632646616,0.2,1,-20,2,500,0.7,0.5,eff,0.5,35,5,10
5.327510845438027,-91.51466541437559,0.664380693404857,-372.44131487799365,0.7004749999999998,-264.7351677793174,2.943504018564611,-126.88861751237945,0.2,1,-20,2,500,0.7,0.5,eq,1,35,5,10
5.327510845438027,-91.51466541437559,0.664380693404857,-356.44464704969835,0.7004749999999998,-254.49914357267824,2.943504018564611,-126.40143767427337,0.2,1,-20,2,500,0.7,0.5,eff,1,35,5,10
7.482433334471366,-91.40332519353423,0.664380693404857,-389.92068950600054,0.7004749999999998,-293.27823719728406,2.943504018564611,-128.24711448907456,0.2,1,-20,2,500,0.7,0.5,eff,0.5,6.5,10,10
7.482433334471366,-88.99189763453363,0.6968241909147566,-390.9749819355633,0.7004749999999998,-287.3646217197022,2.943504018564611,-127.96565811765248,0.2,1,-20,2,500,0.7,1,eq,1,6.5,10,10
7.482433334471366,-88.99189763453363,0.6968241909147566,-390.9749819355633,0.7004749999999998,-287.3646217197022,2.943504018564611,-127.96565811765248,0.2,1,-20,2,500,0.7,1,eq,1,35,10,10
5.327510845438027,-92.09914869793256,0.664380693404857,-357.02913033325535,0.7004749999999998,-255.17621679657154,2.943504018564611,-126.43366272737433,0.2,1,-20,2,500,0.7,0.5,eff,0.5,6.5,5,10
7.482433334471366,-93.33965489659246,0.664380693404857,-391.85701920905893,0.7004749999999998,-295.52130732555736,2.943504018564611,-128.353872593578,0.2,1,-20,2,500,0.7,0.5,eff,0.5,35,10,10
5.327510845438027,-90.38986506758839,0.6968241909147566,-358.91128392766495,0.7004749999999998,-249.8459662531698,2.943504018564611,-126.17997139718828,0.2,1,-20,2,500,0.7,1,eq,1,6.5,5,10
5.327510845438027,-91.51466541437559,0.6968241909147566,-360.03608427445215,0.7004749999999998,-251.16212749812956,2.943504018564611,-126.24261361151834,0.2,1,-20,2,500,0.7,1,eq,1,35,5,10
7.482433334471366,-91.40332519353423,0.6968241909147566,-393.3864094945639,0.7004749999999998,-290.18630248061464,2.943504018564611,-128.0999549841444,0.2,1,-20,2,500,0.7,1,eq,0.5,6.5,10,10
7.482433334471366,-93.33965489659246,0.6968241909147566,-395.3227391976221,0.7004749999999998,-292.4520575715741,2.943504018564611,-128.20779277117177,0.2,1,-20,2,500,0.7,1,eq,0.5,35,10,10
5.327510845438027,-92.09914869793256,0.6968241909147566,-360.62056755800916,0.7004749999999998,-251.846048202697,2.943504018564611,-126.27516456796417,0.2,1,-20,2,500,0.7,1,eq,0.5,6.5,5,10
7.482433334471366,-91.40332519353423,0.6968241909147566,-377.7581102035979,0.7004749999999998,-279.9714776362176,2.943504018564611,-127.6137841219509,0.2,1,-20,2,500,0.7,1,eff,0.5,6.5,10,10
7.482433334471366,-88.99189763453363,0.6968241909147566,-375.3466826445973,0.7004749999999998,-277.1810809220258,2.943504018564611,-127.48097620825038,0.2,1,-20,2,500,0.7,1,eff,1,35,10,10
7.482433334471366,-88.99189763453363,0.6968241909147566,-375.3466826445973,0.7004749999999998,-277.1810809220258,2.943504018564611,-127.48097620825038,0.2,1,-20,2,500,0.7,1,eff,1,6.5,10,10
5.327510845438027,-92.09914869793256,0.6968241909147566,-345.3468528582333,0.7004749999999998,-242.4666122558914,2.943504018564611,-125.82875373560908,0.2,1,-20,2,500,0.7,1,eff,0.5,6.5,5,10
5.327510845438027,-94.59076824889578,0.6968241909147566,-363.11218710897236,0.7004749999999998,-254.76156391968163,2.943504018564611,-126.41392747496027,0.2,1,-20,2,500,0.7,1,eq,0.5,35,5,10
5.327510845438027,-90.38986506758839,0.6968241909147566,-343.6375692278891,0.7004749999999998,-240.48870526565966,2.943504018564611,-125.73461597393154,0.2,1,-20,2,500,0.7,1,eff,1,6.5,5,10
7.482433334471366,-93.33965489659246,0.6968241909147566,-379.69443990665616,0.7004749999999998,-282.21211224180183,2.943504018564611,-127.72042630864044,0.2,1,-20,2,500,0.7,1,eff,0.5,35,10,10
5.327510845438027,-90.38986506758839,0.664380693404857,-371.31651453120645,0.7004749999999998,-263.4173166876696,2.943504018564611,-126.82589487041263,0.2,1,-20,2,500,0.8,0.5,eq,1,6.5,5,10
5.327510845438027,-91.51466541437559,0.6968241909147566,-344.7623695746763,0.7004749999999998,-241.79027419780246,2.943504018564611,-125.7965636724565,0.2,1,-20,2,500,0.7,1,eff,1,35,5,10
7.482433334471366,-88.99189763453363,0.664380693404857,-403.83076835533024,0.7004749999999998,-301.51202836072866,2.943504018564611,-128.63899877588625,0.2,1,-20,2,500,0.8,0.5,eq,1,6.5,10,10
7.482433334471366,-88.99189763453363,0.664380693404857,-403.83076835533024,0.7004749999999998,-301.51202836072866,2.943504018564611,-128.63899877588625,0.2,1,-20,2,500,0.8,0.5,eq,1,35,10,10
5.327510845438027,-94.59076824889578,0.6968241909147566,-347.8384724091965,0.7004749999999998,-245.3498035756583,2.943504018564611,-125.96597817471134,0.2,1,-20,2,500,0.7,1,eff,0.5,35,5,10
7.482433334471366,-91.40332519353423,0.664380693404857,-406.2421959143308,0.7004749999999998,-304.3373319367797,2.943504018564611,-128.7734680689434,0.2,1,-20,2,500,0.8,0.5,eq,0.5,6.5,10,10
7.482433334471366,-91.40332519353423,0.664380693404857,-389.92068950600054,0.7004749999999998,-293.27823719728406,2.943504018564611,-128.24711448907456,0.2,1,-20,2,500,0.8,0.5,eff,0.5,6.5,10,10
5.327510845438027,-91.51466541437559,0.664380693404857,-372.44131487799365,0.7004749999999998,-264.7351677793174,2.943504018564611,-126.88861751237945,0.2,1,-20,2,500,0.8,0.5,eq,1,35,5,10
7.482433334471366,-93.33965489659246,0.664380693404857,-408.178525617389,0.7004749999999998,-306.60599607759946,2.943504018564611,-128.88144431113759,0.2,1,-20,2,500,0.8,0.5,eq,0.5,35,10,10
5.327510845438027,-92.09914869793256,0.664380693404857,-373.02579816155065,0.7004749999999998,-265.4199665845628,2.943504018564611,-126.92121026170678,0.2,1,-20,2,500,0.8,0.5,eq,0.5,6.5,5,10
7.482433334471366,-88.99189763453363,0.664380693404857,-387.50926194699997,0.7004749999999998,-290.4848073824035,2.943504018564611,-128.11416221605333,0.2,1,-20,2,500,0.8,0.5,eff,1,35,10,10
7.482433334471366,-93.33965489659246,0.664380693404857,-391.85701920905893,0.7004749999999998,-295.52130732555736,2.943504018564611,-128.353872593578,0.2,1,-20,2,500,0.8,0.5,eff,0.5,35,10,10
5.327510845438027,-90.38986506758839,0.664380693404857,-355.31984670291115,0.7004749999999998,-253.19615986409644,2.943504018564611,-126.33942263997999,0.2,1,-20,2,500,0.8,0.5,eff,1,6.5,5,10
7.482433334471366,-88.99189763453363,0.6968241909147566,-390.9749819355633,0.7004749999999998,-287.3646217197022,2.943504018564611,-127.96565811765248,0.2,1,-20,2,500,0.8,1,eq,1,6.5,10,10
5.327510845438027,-91.51466541437559,0.664380693404857,-356.44464704969835,0.7004749999999998,-254.49914357267824,2.943504018564611,-126.40143767427337,0.2,1,-20,2,500,0.8,0.5,eff,1,35,5,10
5.327510845438027,-94.59076824889578,0.664380693404857,-359.52074988421856,0.7004749999999998,-258.062542082781,2.943504018564611,-126.57103632646616,0.2,1,-20,2,500,0.8,0.5,eff,0.5,35,5,10
5.327510845438027,-94.59076824889578,0.664380693404857,-375.51741771251386,0.7004749999999998,-268.33922559306586,2.943504018564611,-127.06015132929716,0.2,1,-20,2,500,0.8,0.5,eq,0.5,35,5,10
5.327510845438027,-90.38986506758839,0.6968241909147566,-358.91128392766495,0.7004749999999998,-249.8459662531698,2.943504018564611,-126.17997139718828,0.2,1,-20,2,500,0.8,1,eq,1,6.5,5,10
7.482433334471366,-88.99189763453363,0.664380693404857,-387.50926194699997,0.7004749999999998,-290.4848073824035,2.943504018564611,-128.11416221605333,0.2,1,-20,2,500,0.8,0.5,eff,1,6.5,10,10
5.327510845438027,-92.09914869793256,0.664380693404857,-357.02913033325535,0.7004749999999998,-255.17621679657154,2.943504018564611,-126.43366272737433,0.2,1,-20,2,500,0.8,0.5,eff,0.5,6.5,5,10
7.482433334471366,-91.40332519353423,0.6968241909147566,-393.3864094945639,0.7004749999999998,-290.18630248061464,2.943504018564611,-128.0999549841444,0.2,1,-20,2,500,0.8,1,eq,0.5,6.5,10,10
7.482433334471366,-88.99189763453363,0.6968241909147566,-390.9749819355633,0.7004749999999998,-287.3646217197022,2.943504018564611,-127.96565811765248,0.2,1,-20,2,500,0.8,1,eq,1,35,10,10
5.327510845438027,-92.09914869793256,0.6968241909147566,-360.62056755800916,0.7004749999999998,-251.846048202697,2.943504018564611,-126.27516456796417,0.2,1,-20,2,500,0.8,1,eq,0.5,6.5,5,10
7.482433334471366,-93.33965489659246,0.6968241909147566,-395.3227391976221,0.7004749999999998,-292.4520575715741,2.943504018564611,-128.20779277117177,0.2,1,-20,2,500,0.8,1,eq,0.5,35,10,10
5.327510845438027,-91.51466541437559,0.6968241909147566,-360.03608427445215,0.7004749999999998,-251.16212749812956,2.943504018564611,-126.24261361151834,0.2,1,-20,2,500,0.8,1,eq,1,35,5,10
7.482433334471366,-88.99189763453363,0.6968241909147566,-375.3466826445973,0.7004749999999998,-277.1810809220258,2.943504018564611,-127.48097620825038,0.2,1,-20,2,500,0.8,1,eff,1,35,10,10
5.327510845438027,-90.38986506758839,0.6968241909147566,-343.6375692278891,0.7004749999999998,-240.48870526565966,2.943504018564611,-125.73461597393154,0.2,1,-20,2,500,0.8,1,eff,1,6.5,5,10
5.327510845438027,-92.09914869793256,0.6968241909147566,-345.3468528582333,0.7004749999999998,-242.4666122558914,2.943504018564611,-125.82875373560908,0.2,1,-20,2,500,0.8,1,eff,0.5,6.5,5,10
7.482433334471366,-93.33965489659246,0.6968241909147566,-379.69443990665616,0.7004749999999998,-282.21211224180183,2.943504018564611,-127.72042630864044,0.2,1,-20,2,500,0.8,1,eff,0.5,35,10,10
7.482433334471366,-88.99189763453363,0.6968241909147566,-375.3466826445973,0.7004749999999998,-277.1810809220258,2.943504018564611,-127.48097620825038,0.2,1,-20,2,500,0.8,1,eff,1,6.5,10,10
5.327510845438027,-94.59076824889578,0.6968241909147566,-363.11218710897236,0.7004749999999998,-254.76156391968163,2.943504018564611,-126.41392747496027,0.2,1,-20,2,500,0.8,1,eq,0.5,35,5,10
5.327510845438027,-91.51466541437559,0.6968241909147566,-344.7623695746763,0.7004749999999998,-241.79027419780246,2.943504018564611,-125.7965636724565,0.2,1,-20,2,500,0.8,1,eff,1,35,5,10
7.482433334471366,-91.40332519353423,0.6968241909147566,-377.7581102035979,0.7004749999999998,-279.9714776362176,2.943504018564611,-127.6137841219509,0.2,1,-20,2,500,0.8,1,eff,0.5,6.5,10,10
5.327510845438027,-94.59076824889578,0.6968241909147566,-347.8384724091965,0.7004749999999998,-245.3498035756583,2.943504018564611,-125.96597817471134,0.2,1,-20,2,500,0.8,1,eff,0.5,35,5,10
7.482433334471366,-88.99189763453363,1.6648435882347152,-262.3746001532685,0.2724069444444444,-157.93890527493366,2.8578904074535,-120.72324825574555,0.2,1,-10,1,400,0.7,0.5,eq,1,35,10,10
5.327510845438027,-90.38986506758839,1.6648435882347152,-229.86034632914482,0.2724069444444444,-120.82115129376272,2.8578904074535,-120.01565401628255,0.2,1,-10,1,400,0.7,0.5,eq,1,6.5,5,10
7.482433334471366,-88.99189763453363,1.6648435882347152,-262.3746001532685,0.2724069444444444,-157.93890527493366,2.8578904074535,-120.72324825574555,0.2,1,-10,1,400,0.7,0.5,eq,1,6.5,10,10
5.327510845438027,-91.51466541437559,1.6648435882347152,-230.98514667593201,0.2724069444444444,-122.10520544374238,2.8578904074535,-120.04013258037193,0.2,1,-10,1,400,0.7,0.5,eq,1,35,5,10
7.482433334471366,-93.33965489659246,1.6648435882347152,-266.7223574153273,0.2724069444444444,-162.9022356742529,2.8578904074535,-120.81786669631411,0.2,1,-10,1,400,0.7,0.5,eq,0.5,35,10,10
7.482433334471366,-91.40332519353423,1.6648435882347152,-264.78602771226906,0.2724069444444444,-160.6917525446882,2.8578904074535,-120.77572715495866,0.2,1,-10,1,400,0.7,0.5,eq,0.5,6.5,10,10
5.327510845438027,-92.09914869793256,1.6648435882347152,-231.569629959489,0.2724069444444444,-122.77244224535985,2.8578904074535,-120.05285244799724,0.2,1,-10,1,400,0.7,0.5,eq,0.5,6.5,5,10
7.482433334471366,-91.40332519353423,1.6648435882347152,-258.303558874379,0.2724069444444444,-159.54977075254183,2.8578904074535,-120.75395698701952,0.2,1,-10,1,400,0.7,0.5,eff,0.5,6.5,10,10
5.327510845438027,-91.51466541437559,1.6648435882347152,-224.82751641807673,0.2724069444444444,-121.61651994824105,2.8578904074535,-120.03081652526537,0.2,1,-10,1,400,0.7,0.5,eff,1,35,5,10
7.482433334471366,-88.99189763453363,1.6648435882347152,-255.8921313153784,0.2724069444444444,-156.81727074112345,2.8578904074535,-120.7018659777308,0.2,1,-10,1,400,0.7,0.5,eff,1,6.5,10,10
5.327510845438027,-92.09914869793256,1.6648435882347152,-225.4119997016337,0.2724069444444444,-122.2788249688192,2.8578904074535,-120.04344237589105,0.2,1,-10,1,400,0.7,0.5,eff,0.5,6.5,5,10
7.482433334471366,-88.99189763453363,1.6648435882347152,-255.8921313153784,0.2724069444444444,-156.81727074112345,2.8578904074535,-120.7018659777308,0.2,1,-10,1,400,0.7,0.5,eff,1,35,10,10
5.327510845438027,-90.38986506758839,1.6648435882347152,-223.70271607128953,0.2724069444444444,-120.34195669255948,2.8578904074535,-120.00651889082314,0.2,1,-10,1,400,0.7,0.5,eff,1,6.5,5,10
7.482433334471366,-93.33965489659246,1.6648435882347152,-260.2398885774373,0.2724069444444444,-161.74391542656477,2.8578904074535,-120.7957850602558,0.2,1,-10,1,400,0.7,0.5,eff,0.5,35,10,10
5.327510845438027,-90.38986506758839,1.7398467296524174,-221.81305413680974,0.2724069444444444,-112.80358553454093,2.8578904074535,-119.86281116516018,0.2,1,-10,1,400,0.7,1,eq,1,6.5,5,10
5.327510845438027,-94.59076824889578,1.6648435882347152,-227.9036192525969,0.2724069444444444,-125.10219423230521,2.8578904074535,-120.09726567101109,0.2,1,-10,1,400,0.7,0.5,eff,0.5,35,5,10
7.482433334471366,-88.99189763453363,1.7398467296524174,-253.87675214470806,0.2724069444444444,-149.358821185622,2.8578904074535,-120.55968183740062,0.2,1,-10,1,400,0.7,1,eq,1,6.5,10,10
7.482433334471366,-91.40332519353423,1.7398467296524174,-256.28817970370864,0.2724069444444444,-152.10804564049596,2.8578904074535,-120.61209167308861,0.2,1,-10,1,400,0.7,1,eq,0.5,6.5,10,10
5.327510845438027,-94.59076824889578,1.6648435882347152,-234.0612495104522,0.2724069444444444,-125.6168354151977,2.8578904074535,-120.1070765323199,0.2,1,-10,1,400,0.7,0.5,eq,0.5,35,5,10
5.327510845438027,-91.51466541437559,1.7398467296524174,-222.93785448359694,0.2724069444444444,-114.08594983732651,2.8578904074535,-119.88725751485052,0.2,1,-10,1,400,0.7,1,eq,1,35,5,10
5.327510845438027,-92.09914869793256,1.7398467296524174,-223.5223377671539,0.2724069444444444,-114.75230853848561,2.8578904074535,-119.89996064280916,0.2,1,-10,1,400,0.7,1,eq,0.5,6.5,5,10
7.482433334471366,-93.33965489659246,1.7398467296524174,-258.2245094067669,0.2724069444444444,-154.3156197190975,2.8578904074535,-120.65417575775605,0.2,1,-10,1,400,0.7,1,eq,0.5,35,10,10
7.482433334471366,-88.99189763453363,1.7398467296524174,-253.87675214470806,0.2724069444444444,-149.358821185622,2.8578904074535,-120.55968183740062,0.2,1,-10,1,400,0.7,1,eq,1,35,10,10
5.327510845438027,-94.59076824889578,1.7398467296524174,-226.01395731811712,0.2724069444444444,-117.5929584169244,2.8578904074535,-119.95411336690265,0.2,1,-10,1,400,0.7,1,eq,0.5,35,5,10
7.482433334471366,-88.99189763453363,1.7398467296524174,-247.72493840993175,0.2724069444444444,-148.51763904167376,2.8578904074535,-120.5436459630399,0.2,1,-10,1,400,0.7,1,eff,1,6.5,10,10
5.327510845438027,-90.38986506758839,1.7398467296524174,-216.0158249932236,0.2724069444444444,-112.6268316608556,2.8578904074535,-119.859441617992,0.2,1,-10,1,400,0.7,1,eff,1,6.5,5,10
5.327510845438027,-92.09914869793256,1.7398467296524174,-217.72510862356776,0.2724069444444444,-114.56153001492922,2.8578904074535,-119.89632373675208,0.2,1,-10,1,400,0.7,1,eff,0.5,6.5,5,10
7.482433334471366,-93.33965489659246,1.7398467296524174,-252.0726956719906,0.2724069444444444,-153.43876428403408,2.8578904074535,-120.6374598256712,0.2,1,-10,1,400,0.7,1,eff,0.5,35,10,10
7.482433334471366,-88.99189763453363,1.7398467296524174,-247.72493840993175,0.2724069444444444,-148.51763904167376,2.8578904074535,-120.5436459630399,0.2,1,-10,1,400,0.7,1,eff,1,35,10,10
5.327510845438027,-91.51466541437559,1.7398467296524174,-217.14062534001079,0.2724069444444444,-113.8999669912287,2.8578904074535,-119.88371203118243,0.2,1,-10,1,400,0.7,1,eff,1,35,5,10
7.482433334471366,-88.99189763453363,1.6648435882347152,-262.3746001532685,0.2724069444444444,-157.93890527493366,2.8578904074535,-120.72324825574555,0.2,1,-10,1,400,0.8,0.5,eq,1,35,10,10
5.327510845438027,-94.59076824889578,1.7398467296524174,-220.21672817453097,0.2724069444444444,-117.38173618691663,2.8578904074535,-119.95008673228259,0.2,1,-10,1,400,0.7,1,eff,0.5,35,5,10
5.327510845438027,-91.51466541437559,1.6648435882347152,-230.98514667593201,0.2724069444444444,-122.10520544374238,2.8578904074535,-120.04013258037193,0.2,1,-10,1,400,0.8,0.5,eq,1,35,5,10
5.327510845438027,-92.09914869793256,1.6648435882347152,-231.569629959489,0.2724069444444444,-122.77244224535985,2.8578904074535,-120.05285244799724,0.2,1,-10,1,400,0.8,0.5,eq,0.5,6.5,5,10
7.482433334471366,-91.40332519353423,1.6648435882347152,-264.78602771226906,0.2724069444444444,-160.6917525446882,2.8578904074535,-120.77572715495866,0.2,1,-10,1,400,0.8,0.5,eq,0.5,6.5,10,10
5.327510845438027,-94.59076824889578,1.6648435882347152,-234.0612495104522,0.2724069444444444,-125.6168354151977,2.8578904074535,-120.1070765323199,0.2,1,-10,1,400,0.8,0.5,eq,0.5,35,5,10
7.482433334471366,-93.33965489659246,1.6648435882347152,-266.7223574153273,0.2724069444444444,-162.9022356742529,2.8578904074535,-120.81786669631411,0.2,1,-10,1,400,0.8,0.5,eq,0.5,35,10,10
7.482433334471366,-88.99189763453363,1.6648435882347152,-262.3746001532685,0.2724069444444444,-157.93890527493366,2.8578904074535,-120.72324825574555,0.2,1,-10,1,400,0.8,0.5,eq,1,6.5,10,10
7.482433334471366,-88.99189763453363,1.6648435882347152,-255.8921313153784,0.2724069444444444,-156.81727074112345,2.8578904074535,-120.7018659777308,0.2,1,-10,1,400,0.8,0.5,eff,1,35,10,10
7.482433334471366,-88.99189763453363,1.6648435882347152,-255.8921313153784,0.2724069444444444,-156.81727074112345,2.8578904074535,-120.7018659777308,0.2,1,-10,1,400,0.8,0.5,eff,1,6.5,10,10
7.482433334471366,-91.40332519353423,1.6648435882347152,-258.303558874379,0.2724069444444444,-159.54977075254183,2.8578904074535,-120.75395698701952,0.2,1,-10,1,400,0.8,0.5,eff,0.5,6.5,10,10
5.327510845438027,-91.51466541437559,1.6648435882347152,-224.82751641807673,0.2724069444444444,-121.61651994824105,2.8578904074535,-120.03081652526537,0.2,1,-10,1,400,0.8,0.5,eff,1,35,5,10
5.327510845438027,-94.59076824889578,1.6648435882347152,-227.9036192525969,0.2724069444444444,-125.10219423230521,2.8578904074535,-120.09726567101109,0.2,1,-10,1,400,0.8,0.5,eff,0.5,35,5,10
5.327510845438027,-90.38986506758839,1.6648435882347152,-229.86034632914482,0.2724069444444444,-120.82115129376272,2.8578904074535,-120.01565401628255,0.2,1,-10,1,400,0.8,0.5,eq,1,6.5,5,10
7.482433334471366,-93.33965489659246,1.6648435882347152,-260.2398885774373,0.2724069444444444,-161.74391542656477,2.8578904074535,-120.7957850602558,0.2,1,-10,1,400,0.8,0.5,eff,0.5,35,10,10
7.482433334471366,-91.40332519353423,1.7398467296524174,-250.13636596893235,0.2724069444444444,-151.24707776518588,2.8578904074535,-120.59567861347188,0.2,1,-10,1,400,0.7,1,eff,0.5,6.5,10,10
5.327510845438027,-90.38986506758839,1.6648435882347152,-223.70271607128953,0.2724069444444444,-120.34195669255948,2.8578904074535,-120.00651889082314,0.2,1,-10,1,400,0.8,0.5,eff,1,6.5,5,10
5.327510845438027,-92.09914869793256,1.6648435882347152,-225.4119997016337,0.2724069444444444,-122.2788249688192,2.8578904074535,-120.04344237589105,0.2,1,-10,1,400,0.8,0.5,eff,0.5,6.5,5,10
5.327510845438027,-90.38986506758839,1.7398467296524174,-221.81305413680974,0.2724069444444444,-112.80358553454093,2.8578904074535,-119.86281116516018,0.2,1,-10,1,400,0.8,1,eq,1,6.5,5,10
7.482433334471366,-88.99189763453363,1.7398467296524174,-253.87675214470806,0.2724069444444444,-149.358821185622,2.8578904074535,-120.55968183740062,0.2,1,-10,1,400,0.8,1,eq,1,6.5,10,10
5.327510845438027,-92.09914869793256,1.7398467296524174,-223.5223377671539,0.2724069444444444,-114.75230853848561,2.8578904074535,-119.89996064280916,0.2,1,-10,1,400,0.8,1,eq,0.5,6.5,5,10
7.482433334471366,-93.33965489659246,1.7398467296524174,-258.2245094067669,0.2724069444444444,-154.3156197190975,2.8578904074535,-120.65417575775605,0.2,1,-10,1,400,0.8,1,eq,0.5,35,10,10
7.482433334471366,-88.99189763453363,1.7398467296524174,-253.87675214470806,0.2724069444444444,-149.358821185622,2.8578904074535,-120.55968183740062,0.2,1,-10,1,400,0.8,1,eq,1,35,10,10
5.327510845438027,-91.51466541437559,1.7398467296524174,-222.93785448359694,0.2724069444444444,-114.08594983732651,2.8578904074535,-119.88725751485052,0.2,1,-10,1,400,0.8,1,eq,1,35,5,10
7.482433334471366,-91.40332519353423,1.7398467296524174,-256.28817970370864,0.2724069444444444,-152.10804564049596,2.8578904074535,-120.61209167308861,0.2,1,-10,1,400,0.8,1,eq,0.5,6.5,10,10
5.327510845438027,-94.59076824889578,1.7398467296524174,-226.01395731811712,0.2724069444444444,-117.5929584169244,2.8578904074535,-119.95411336690265,0.2,1,-10,1,400,0.8,1,eq,0.5,35,5,10
5.327510845438027,-91.51466541437559,1.7398467296524174,-217.14062534001079,0.2724069444444444,-113.8999669912287,2.8578904074535,-119.88371203118243,0.2,1,-10,1,400,0.8,1,eff,1,35,5,10
7.482433334471366,-88.99189763453363,1.7398467296524174,-247.72493840993175,0.2724069444444444,-148.51763904167376,2.8578904074535,-120.5436459630399,0.2,1,-10,1,400,0.8,1,eff,1,6.5,10,10
5.327510845438027,-92.09914869793256,1.7398467296524174,-217.72510862356776,0.2724069444444444,-114.56153001492922,2.8578904074535,-119.89632373675208,0.2,1,-10,1,400,0.8,1,eff,0.5,6.5,5,10
7.482433334471366,-93.33965489659246,1.7398467296524174,-252.0726956719906,0.2724069444444444,-153.43876428403408,2.8578904074535,-120.6374598256712,0.2,1,-10,1,400,0.8,1,eff,0.5,35,10,10
7.482433334471366,-88.99189763453363,1.6648435882347152,-262.3746001532685,0.3502374999999999,-157.93899273012156,2.873456518564611,-120.92485533575793,0.2,1,-10,1,500,0.7,0.5,eq,1,35,10,10
7.482433334471366,-91.40332519353423,1.7398467296524174,-250.13636596893235,0.2724069444444444,-151.24707776518588,2.8578904074535,-120.59567861347188,0.2,1,-10,1,400,0.8,1,eff,0.5,6.5,10,10
5.327510845438027,-91.51466541437559,1.6648435882347152,-230.98514667593201,0.3502374999999999,-122.10529289884225,2.873456518564611,-120.05132164115895,0.2,1,-10,1,500,0.7,0.5,eq,1,35,5,10
5.327510845438027,-90.38986506758839,1.7398467296524174,-216.0158249932236,0.2724069444444444,-112.6268316608556,2.8578904074535,-119.859441617992,0.2,1,-10,1,400,0.8,1,eff,1,6.5,5,10
7.482433334471366,-91.40332519353423,1.6648435882347152,-264.78602771226906,0.3502374999999999,-160.69183999987303,2.873456518564611,-120.99196269161394,0.2,1,-10,1,500,0.7,0.5,eq,0.5,6.5,10,10
7.482433334471366,-88.99189763453363,1.6648435882347152,-262.3746001532685,0.3502374999999999,-157.93899273012156,2.873456518564611,-120.92485533575793,0.2,1,-10,1,500,0.7,0.5,eq,1,6.5,10,10
7.482433334471366,-88.99189763453363,1.7398467296524174,-247.72493840993175,0.2724069444444444,-148.51763904167376,2.8578904074535,-120.5436459630399,0.2,1,-10,1,400,0.8,1,eff,1,35,10,10
5.327510845438027,-90.38986506758839,1.6648435882347152,-229.86034632914482,0.3502374999999999,-120.82123874892858,2.873456518564611,-120.02001969436249,0.2,1,-10,1,500,0.7,0.5,eq,1,6.5,5,10
5.327510845438027,-92.09914869793256,1.6648435882347152,-231.569629959489,0.3502374999999999,-122.77252970013248,2.873456518564611,-120.06758716302657,0.2,1,-10,1,500,0.7,0.5,eq,0.5,6.5,5,10
5.327510845438027,-94.59076824889578,1.7398467296524174,-220.21672817453097,0.2724069444444444,-117.38173618691663,2.8578904074535,-119.95008673228259,0.2,1,-10,1,400,0.8,1,eff,0.5,35,5,10
5.327510845438027,-94.59076824889578,1.6648435882347152,-234.0612495104522,0.3502374999999999,-125.61692287038065,2.873456518564611,-120.13692617313698,0.2,1,-10,1,500,0.7,0.5,eq,0.5,35,5,10
7.482433334471366,-88.99189763453363,1.6648435882347152,-255.8921313153784,0.3502374999999999,-156.81735237602308,2.873456518564611,-120.89751262074,0.2,1,-10,1,500,0.7,0.5,eff,1,6.5,10,10
7.482433334471366,-93.33965489659246,1.6648435882347152,-266.7223574153273,0.3502374999999999,-162.9023231293747,2.873456518564611,-121.04584860080136,0.2,1,-10,1,500,0.7,0.5,eq,0.5,35,10,10
5.327510845438027,-91.51466541437559,1.6648435882347152,-224.82751641807673,0.3502374999999999,-121.61660158376604,2.873456518564611,-120.0394086003066,0.2,1,-10,1,500,0.7,0.5,eff,1,35,5,10
7.482433334471366,-91.40332519353423,1.6648435882347152,-258.303558874379,0.3502374999999999,-159.54985238749987,2.873456518564611,-120.96412396262646,0.2,1,-10,1,500,0.7,0.5,eff,0.5,6.5,10,10
5.327510845438027,-92.09914869793256,1.6648435882347152,-225.4119997016337,0.3502374999999999,-122.27890660394503,2.873456518564611,-120.05555389799993,0.2,1,-10,1,500,0.7,0.5,eff,0.5,6.5,5,10
5.327510845438027,-90.38986506758839,1.7398467296524174,-221.81305413680974,0.3502374999999999,-112.80366822273402,2.873456518564611,-119.82457188862561,0.2,1,-10,1,500,0.7,1,eq,1,6.5,5,10
7.482433334471366,-88.99189763453363,1.6648435882347152,-255.8921313153784,0.3502374999999999,-156.81735237602308,2.873456518564611,-120.89751262074,0.2,1,-10,1,500,0.7,0.5,eff,1,35,10,10
5.327510845438027,-90.38986506758839,1.6648435882347152,-223.70271607128953,0.3502374999999999,-120.34203832805586,2.873456518564611,-120.00833801716837,0.2,1,-10,1,500,0.7,0.5,eff,1,6.5,5,10
5.327510845438027,-91.51466541437559,1.7398467296524174,-222.93785448359694,0.3502374999999999,-114.08603252550762,2.873456518564611,-119.85583264128297,0.2,1,-10,1,500,0.7,1,eq,1,35,5,10
5.327510845438027,-94.59076824889578,1.6648435882347152,-227.9036192525969,0.3502374999999999,-125.10227586776543,2.873456518564611,-120.12438039919448,0.2,1,-10,1,500,0.7,0.5,eff,0.5,35,5,10
7.482433334471366,-93.33965489659246,1.6648435882347152,-260.2398885774373,0.3502374999999999,-161.74399706145306,2.873456518564611,-121.01761158217306,0.2,1,-10,1,500,0.7,0.5,eff,0.5,35,10,10
7.482433334471366,-88.99189763453363,1.7398467296524174,-253.87675214470806,0.3502374999999999,-149.35890387404967,2.873456518564611,-120.71569477590171,0.2,1,-10,1,500,0.7,1,eq,1,35,10,10
7.482433334471366,-91.40332519353423,1.7398467296524174,-256.28817970370864,0.3502374999999999,-152.108128328541,2.873456518564611,-120.7827138168135,0.2,1,-10,1,500,0.7,1,eq,0.5,6.5,10,10
5.327510845438027,-92.09914869793256,1.7398467296524174,-223.5223377671539,0.3502374999999999,-114.75239122666899,2.873456518564611,-119.8720767573216,0.2,1,-10,1,500,0.7,1,eq,0.5,6.5,5,10
7.482433334471366,-88.99189763453363,1.7398467296524174,-253.87675214470806,0.3502374999999999,-149.35890387404967,2.873456518564611,-120.71569477590171,0.2,1,-10,1,500,0.7,1,eq,1,6.5,10,10
5.327510845438027,-94.59076824889578,1.7398467296524174,-226.01395731811712,0.3502374999999999,-117.59304110472752,2.873456518564611,-119.9413245155696,0.2,1,-10,1,500,0.7,1,eq,0.5,35,5,10
7.482433334471366,-93.33965489659246,1.7398467296524174,-252.0726956719906,0.3502374999999999,-153.43884156810438,2.873456518564611,-120.81515319254311,0.2,1,-10,1,500,0.7,1,eff,0.5,35,10,10
7.482433334471366,-93.33965489659246,1.7398467296524174,-258.2245094067669,0.3502374999999999,-154.31570240755846,2.873456518564611,-120.83652881081153,0.2,1,-10,1,500,0.7,1,eq,0.5,35,10,10
7.482433334471366,-88.99189763453363,1.7398467296524174,-247.72493840993175,0.3502374999999999,-148.51771632664182,2.873456518564611,-120.6951887809975,0.2,1,-10,1,500,0.7,1,eff,1,6.5,10,10
5.327510845438027,-90.38986506758839,1.7398467296524174,-216.0158249932236,0.3502374999999999,-112.62690894545572,2.873456518564611,-119.82026295080284,0.2,1,-10,1,500,0.7,1,eff,1,6.5,5,10
7.482433334471366,-88.99189763453363,1.7398467296524174,-247.72493840993175,0.3502374999999999,-148.51771632664182,2.873456518564611,-120.6951887809975,0.2,1,-10,1,500,0.7,1,eff,1,35,10,10
5.327510845438027,-94.59076824889578,1.7398467296524174,-220.21672817453097,0.3502374999999999,-117.38181347154165,2.873456518564611,-119.9361753276349,0.2,1,-10,1,500,0.7,1,eff,0.5,35,5,10
7.482433334471366,-91.40332519353423,1.7398467296524174,-250.13636596893235,0.3502374999999999,-151.24715504987347,2.873456518564611,-120.7617254965282,0.2,1,-10,1,500,0.7,1,eff,0.5,6.5,10,10
5.327510845438027,-91.51466541437559,1.7398467296524174,-217.14062534001079,0.3502374999999999,-113.90004427611939,2.873456518564611,-119.85129872479084,0.2,1,-10,1,500,0.7,1,eff,1,35,5,10
7.482433334471366,-88.99189763453363,1.6648435882347152,-262.3746001532685,0.3502374999999999,-157.93899273012156,2.873456518564611,-120.92485533575793,0.2,1,-10,1,500,0.8,0.5,eq,1,35,10,10
5.327510845438027,-91.51466541437559,1.6648435882347152,-230.98514667593201,0.3502374999999999,-122.10529289884225,2.873456518564611,-120.05132164115895,0.2,1,-10,1,500,0.8,0.5,eq,1,35,5,10
5.327510845438027,-92.09914869793256,1.7398467296524174,-217.72510862356776,0.3502374999999999,-114.56160729922603,2.873456518564611,-119.86742593449861,0.2,1,-10,1,500,0.7,1,eff,0.5,6.5,5,10
5.327510845438027,-92.09914869793256,1.6648435882347152,-231.569629959489,0.3502374999999999,-122.77252970013248,2.873456518564611,-120.06758716302657,0.2,1,-10,1,500,0.8,0.5,eq,0.5,6.5,5,10
7.482433334471366,-88.99189763453363,1.6648435882347152,-262.3746001532685,0.3502374999999999,-157.93899273012156,2.873456518564611,-120.92485533575793,0.2,1,-10,1,500,0.8,0.5,eq,1,6.5,10,10
7.482433334471366,-88.99189763453363,1.6648435882347152,-255.8921313153784,0.3502374999999999,-156.81735237602308,2.873456518564611,-120.89751262074,0.2,1,-10,1,500,0.8,0.5,eff,1,6.5,10,10
5.327510845438027,-90.38986506758839,1.6648435882347152,-229.86034632914482,0.3502374999999999,-120.82123874892858,2.873456518564611,-120.02001969436249,0.2,1,-10,1,500,0.8,0.5,eq,1,6.5,5,10
5.327510845438027,-94.59076824889578,1.6648435882347152,-234.0612495104522,0.3502374999999999,-125.61692287038065,2.873456518564611,-120.13692617313698,0.2,1,-10,1,500,0.8,0.5,eq,0.5,35,5,10
7.482433334471366,-91.40332519353423,1.6648435882347152,-264.78602771226906,0.3502374999999999,-160.69183999987303,2.873456518564611,-120.99196269161394,0.2,1,-10,1,500,0.8,0.5,eq,0.5,6.5,10,10
7.482433334471366,-93.33965489659246,1.6648435882347152,-266.7223574153273,0.3502374999999999,-162.9023231293747,2.873456518564611,-121.04584860080136,0.2,1,-10,1,500,0.8,0.5,eq,0.5,35,10,10
5.327510845438027,-91.51466541437559,1.6648435882347152,-224.82751641807673,0.3502374999999999,-121.61660158376604,2.873456518564611,-120.0394086003066,0.2,1,-10,1,500,0.8,0.5,eff,1,35,5,10
7.482433334471366,-88.99189763453363,1.6648435882347152,-255.8921313153784,0.3502374999999999,-156.81735237602308,2.873456518564611,-120.89751262074,0.2,1,-10,1,500,0.8,0.5,eff,1,35,10,10
7.482433334471366,-91.40332519353423,1.6648435882347152,-258.303558874379,0.3502374999999999,-159.54985238749987,2.873456518564611,-120.96412396262646,0.2,1,-10,1,500,0.8,0.5,eff,0.5,6.5,10,10
5.327510845438027,-90.38986506758839,1.7398467296524174,-221.81305413680974,0.3502374999999999,-112.80366822273402,2.873456518564611,-119.82457188862561,0.2,1,-10,1,500,0.8,1,eq,1,6.5,5,10
5.327510845438027,-92.09914869793256,1.6648435882347152,-225.4119997016337,0.3502374999999999,-122.27890660394503,2.873456518564611,-120.05555389799993,0.2,1,-10,1,500,0.8,0.5,eff,0.5,6.5,5,10
7.482433334471366,-88.99189763453363,1.7398467296524174,-253.87675214470806,0.3502374999999999,-149.35890387404967,2.873456518564611,-120.71569477590171,0.2,1,-10,1,500,0.8,1,eq,1,35,10,10
5.327510845438027,-94.59076824889578,1.6648435882347152,-227.9036192525969,0.3502374999999999,-125.10227586776543,2.873456518564611,-120.12438039919448,0.2,1,-10,1,500,0.8,0.5,eff,0.5,35,5,10
5.327510845438027,-92.09914869793256,1.7398467296524174,-223.5223377671539,0.3502374999999999,-114.75239122666899,2.873456518564611,-119.8720767573216,0.2,1,-10,1,500,0.8,1,eq,0.5,6.5,5,10
5.327510845438027,-90.38986506758839,1.6648435882347152,-223.70271607128953,0.3502374999999999,-120.34203832805586,2.873456518564611,-120.00833801716837,0.2,1,-10,1,500,0.8,0.5,eff,1,6.5,5,10
7.482433334471366,-91.40332519353423,1.7398467296524174,-256.28817970370864,0.3502374999999999,-152.108128328541,2.873456518564611,-120.7827138168135,0.2,1,-10,1,500,0.8,1,eq,0.5,6.5,10,10
5.327510845438027,-94.59076824889578,1.7398467296524174,-226.01395731811712,0.3502374999999999,-117.59304110472752,2.873456518564611,-119.9413245155696,0.2,1,-10,1,500,0.8,1,eq,0.5,35,5,10
7.482433334471366,-93.33965489659246,1.7398467296524174,-258.2245094067669,0.3502374999999999,-154.31570240755846,2.873456518564611,-120.83652881081153,0.2,1,-10,1,500,0.8,1,eq,0.5,35,10,10
7.482433334471366,-88.99189763453363,1.7398467296524174,-247.72493840993175,0.3502374999999999,-148.51771632664182,2.873456518564611,-120.6951887809975,0.2,1,-10,1,500,0.8,1,eff,1,6.5,10,10
5.327510845438027,-91.51466541437559,1.7398467296524174,-217.14062534001079,0.3502374999999999,-113.90004427611939,2.873456518564611,-119.85129872479084,0.2,1,-10,1,500,0.8,1,eff,1,35,5,10
7.482433334471366,-88.99189763453363,1.7398467296524174,-247.72493840993175,0.3502374999999999,-148.51771632664182,2.873456518564611,-120.6951887809975,0.2,1,-10,1,500,0.8,1,eff,1,35,10,10
7.482433334471366,-91.40332519353423,1.7398467296524174,-250.13636596893235,0.3502374999999999,-151.24715504987347,2.873456518564611,-120.7617254965282,0.2,1,-10,1,500,0.8,1,eff,0.5,6.5,10,10
5.327510845438027,-90.38986506758839,1.7398467296524174,-216.0158249932236,0.3502374999999999,-112.62690894545572,2.873456518564611,-119.82026295080284,0.2,1,-10,1,500,0.8,1,eff,1,6.5,5,10
7.482433334471366,-88.99189763453363,1.7398467296524174,-253.87675214470806,0.3502374999999999,-149.35890387404967,2.873456518564611,-120.71569477590171,0.2,1,-10,1,500,0.8,1,eq,1,6.5,10,10
7.482433334471366,-93.33965489659246,1.6648435882347152,-260.2398885774373,0.3502374999999999,-161.74399706145306,2.873456518564611,-121.01761158217306,0.2,1,-10,1,500,0.8,0.5,eff,0.5,35,10,10
5.327510845438027,-91.51466541437559,1.7398467296524174,-222.93785448359694,0.3502374999999999,-114.08603252550762,2.873456518564611,-119.85583264128297,0.2,1,-10,1,500,0.8,1,eq,1,35,5,10
7.482433334471366,-93.33965489659246,1.7398467296524174,-252.0726956719906,0.3502374999999999,-153.43884156810438,2.873456518564611,-120.81515319254311,0.2,1,-10,1,500,0.8,1,eff,0.5,35,10,10
5.327510845438027,-94.59076824889578,1.7398467296524174,-220.21672817453097,0.3502374999999999,-117.38181347154165,2.873456518564611,-119.9361753276349,0.2,1,-10,1,500,0.8,1,eff,0.5,35,5,10
7.482433334471366,-88.99189763453363,1.6648435882347152,-262.3746001532685,0.5448138888888888,-157.93921136763643,2.9123717963423887,-121.41944852731635,0.2,1,-10,2,400,0.7,0.5,eq,1,6.5,10,10
5.327510845438027,-92.09914869793256,1.6648435882347152,-231.569629959489,0.5448138888888888,-122.77274833827664,2.9123717963423887,-120.10373893930593,0.2,1,-10,2,400,0.7,0.5,eq,0.5,6.5,5,10
5.327510845438027,-90.38986506758839,1.6648435882347152,-229.86034632914482,0.5448138888888888,-120.82145738699252,2.9123717963423887,-120.03073380906415,0.2,1,-10,2,400,0.7,0.5,eq,1,6.5,5,10
7.482433334471366,-91.40332519353423,1.6648435882347152,-264.78602771226906,0.5448138888888888,-160.69205863812596,2.9123717963423887,-121.52244289285963,0.2,1,-10,2,400,0.7,0.5,eq,0.5,6.5,10,10
7.482433334471366,-88.99189763453363,1.6648435882347152,-262.3746001532685,0.5448138888888888,-157.93921136763643,2.9123717963423887,-121.41944852731635,0.2,1,-10,2,400,0.7,0.5,eq,1,35,10,10
7.482433334471366,-93.33965489659246,1.6648435882347152,-266.7223574153273,0.5448138888888888,-162.90254176743778,2.9123717963423887,-121.60514537689792,0.2,1,-10,2,400,0.7,0.5,eq,0.5,35,10,10
5.327510845438027,-92.09914869793256,1.7398467296524174,-217.72510862356776,0.3502374999999999,-114.56160729922603,2.873456518564611,-119.86742593449861,0.2,1,-10,1,500,0.8,1,eff,0.5,6.5,5,10
5.327510845438027,-91.51466541437559,1.6648435882347152,-230.98514667593201,0.5448138888888888,-122.10551153657454,2.9123717963423887,-120.07877510211995,0.2,1,-10,2,400,0.7,0.5,eq,1,35,5,10
5.327510845438027,-94.59076824889578,1.6648435882347152,-234.0612495104522,0.5448138888888888,-125.61714150801417,2.9123717963423887,-120.21015838110117,0.2,1,-10,2,400,0.7,0.5,eq,0.5,35,5,10
7.482433334471366,-88.99189763453363,1.6648435882347152,-255.8921313153784,0.5448138888888888,-156.81755646436875,2.9123717963423887,-121.37748320059482,0.2,1,-10,2,400,0.7,0.5,eff,1,6.5,10,10
7.482433334471366,-91.40332519353423,1.6648435882347152,-258.303558874379,0.5448138888888888,-159.55005647585403,2.9123717963423887,-121.47971629868448,0.2,1,-10,2,400,0.7,0.5,eff,0.5,6.5,10,10
7.482433334471366,-88.99189763453363,1.6648435882347152,-255.8921313153784,0.5448138888888888,-156.81755646436875,2.9123717963423887,-121.37748320059482,0.2,1,-10,2,400,0.7,0.5,eff,1,35,10,10
5.327510845438027,-91.51466541437559,1.6648435882347152,-224.82751641807673,0.5448138888888888,-121.61680567189497,2.9123717963423887,-120.0604907784637,0.2,1,-10,2,400,0.7,0.5,eff,1,35,5,10
5.327510845438027,-90.38986506758839,1.6648435882347152,-223.70271607128953,0.5448138888888888,-120.3422424161767,2.9123717963423887,-120.01280457542774,0.2,1,-10,2,400,0.7,0.5,eff,1,6.5,5,10
5.327510845438027,-92.09914869793256,1.6648435882347152,-225.4119997016337,0.5448138888888888,-122.27911069207754,2.9123717963423887,-120.08527009916237,0.2,1,-10,2,400,0.7,0.5,eff,0.5,6.5,5,10
7.482433334471366,-88.99189763453363,1.7398467296524174,-253.87675214470806,0.5448138888888888,-149.35911059376713,2.9123717963423887,-121.09843470102244,0.2,1,-10,2,400,0.7,1,eq,1,6.5,10,10
5.327510845438027,-92.09914869793256,1.7398467296524174,-223.5223377671539,0.5448138888888888,-114.75259794682752,2.9123717963423887,-119.80367496191636,0.2,1,-10,2,400,0.7,1,eq,0.5,6.5,5,10
7.482433334471366,-93.33965489659246,1.6648435882347152,-260.2398885774373,0.5448138888888888,-161.7442011498132,2.9123717963423887,-121.5618074996847,0.2,1,-10,2,400,0.7,0.5,eff,0.5,35,10,10
5.327510845438027,-94.59076824889578,1.6648435882347152,-227.9036192525969,0.5448138888888888,-125.10247995556264,2.9123717963423887,-120.1909029575865,0.2,1,-10,2,400,0.7,0.5,eff,0.5,35,5,10
7.482433334471366,-88.99189763453363,1.7398467296524174,-253.87675214470806,0.5448138888888888,-149.35911059376713,2.9123717963423887,-121.09843470102244,0.2,1,-10,2,400,0.7,1,eq,1,35,10,10
5.327510845438027,-91.51466541437559,1.7398467296524174,-222.93785448359694,0.5448138888888888,-114.08623924576098,2.9123717963423887,-119.77874397777633,0.2,1,-10,2,400,0.7,1,eq,1,35,5,10
5.327510845438027,-90.38986506758839,1.7398467296524174,-221.81305413680974,0.5448138888888888,-112.80387494297439,2.9123717963423887,-119.73076590824205,0.2,1,-10,2,400,0.7,1,eq,1,6.5,5,10
5.327510845438027,-90.38986506758839,1.7398467296524174,-216.0158249932236,0.5448138888888888,-112.62710215670498,2.9123717963423887,-119.72415217374166,0.2,1,-10,2,400,0.7,1,eff,1,6.5,5,10
5.327510845438027,-91.51466541437559,1.7398467296524174,-217.14062534001079,0.5448138888888888,-113.90023748739684,2.9123717963423887,-119.77178495273411,0.2,1,-10,2,400,0.7,1,eff,1,35,5,10
7.482433334471366,-93.33965489659246,1.7398467296524174,-258.2245094067669,0.5448138888888888,-154.31590912746327,2.9123717963423887,-121.28388716893701,0.2,1,-10,2,400,0.7,1,eq,0.5,35,10,10
7.482433334471366,-88.99189763453363,1.7398467296524174,-247.72493840993175,0.5448138888888888,-148.51790953797735,2.9123717963423887,-121.06696220708358,0.2,1,-10,2,400,0.7,1,eff,1,35,10,10
7.482433334471366,-91.40332519353423,1.7398467296524174,-256.28817970370864,0.5448138888888888,-152.108335048944,2.9123717963423887,-121.20129352342524,0.2,1,-10,2,400,0.7,1,eq,0.5,6.5,10,10
7.482433334471366,-88.99189763453363,1.7398467296524174,-247.72493840993175,0.5448138888888888,-148.51790953797735,2.9123717963423887,-121.06696220708358,0.2,1,-10,2,400,0.7,1,eff,1,6.5,10,10
5.327510845438027,-94.59076824889578,1.7398467296524174,-226.01395731811712,0.5448138888888888,-117.59324782525275,2.9123717963423887,-119.9099543531108,0.2,1,-10,2,400,0.7,1,eq,0.5,35,5,10
7.482433334471366,-91.40332519353423,1.7398467296524174,-250.13636596893235,0.5448138888888888,-151.24734826114033,2.9123717963423887,-121.1690807708683,0.2,1,-10,2,400,0.7,1,eff,0.5,6.5,10,10
5.327510845438027,-92.09914869793256,1.7398467296524174,-217.72510862356776,0.5448138888888888,-114.56180051087372,2.9123717963423887,-119.79653651254651,0.2,1,-10,2,400,0.7,1,eff,0.5,6.5,5,10
7.482433334471366,-88.99189763453363,1.6648435882347152,-262.3746001532685,0.5448138888888888,-157.93921136763643,2.9123717963423887,-121.41944852731635,0.2,1,-10,2,400,0.8,0.5,eq,1,6.5,10,10
7.482433334471366,-93.33965489659246,1.7398467296524174,-252.0726956719906,0.5448138888888888,-153.43903478004844,2.9123717963423887,-121.25108000304685,0.2,1,-10,2,400,0.7,1,eff,0.5,35,10,10
5.327510845438027,-94.59076824889578,1.7398467296524174,-220.21672817453097,0.5448138888888888,-117.38200668317943,2.9123717963423887,-119.90205102783824,0.2,1,-10,2,400,0.7,1,eff,0.5,35,5,10
7.482433334471366,-88.99189763453363,1.6648435882347152,-262.3746001532685,0.5448138888888888,-157.93921136763643,2.9123717963423887,-121.41944852731635,0.2,1,-10,2,400,0.8,0.5,eq,1,35,10,10
7.482433334471366,-91.40332519353423,1.6648435882347152,-264.78602771226906,0.5448138888888888,-160.69205863812596,2.9123717963423887,-121.52244289285963,0.2,1,-10,2,400,0.8,0.5,eq,0.5,6.5,10,10
5.327510845438027,-92.09914869793256,1.6648435882347152,-231.569629959489,0.5448138888888888,-122.77274833827664,2.9123717963423887,-120.10373893930593,0.2,1,-10,2,400,0.8,0.5,eq,0.5,6.5,5,10
5.327510845438027,-91.51466541437559,1.6648435882347152,-230.98514667593201,0.5448138888888888,-122.10551153657454,2.9123717963423887,-120.07877510211995,0.2,1,-10,2,400,0.8,0.5,eq,1,35,5,10
5.327510845438027,-90.38986506758839,1.6648435882347152,-229.86034632914482,0.5448138888888888,-120.82145738699252,2.9123717963423887,-120.03073380906415,0.2,1,-10,2,400,0.8,0.5,eq,1,6.5,5,10
7.482433334471366,-88.99189763453363,1.6648435882347152,-255.8921313153784,0.5448138888888888,-156.81755646436875,2.9123717963423887,-121.37748320059482,0.2,1,-10,2,400,0.8,0.5,eff,1,35,10,10
5.327510845438027,-90.38986506758839,1.6648435882347152,-223.70271607128953,0.5448138888888888,-120.3422424161767,2.9123717963423887,-120.01280457542774,0.2,1,-10,2,400,0.8,0.5,eff,1,6.5,5,10
5.327510845438027,-91.51466541437559,1.6648435882347152,-224.82751641807673,0.5448138888888888,-121.61680567189497,2.9123717963423887,-120.0604907784637,0.2,1,-10,2,400,0.8,0.5,eff,1,35,5,10
5.327510845438027,-94.59076824889578,1.6648435882347152,-234.0612495104522,0.5448138888888888,-125.61714150801417,2.9123717963423887,-120.21015838110117,0.2,1,-10,2,400,0.8,0.5,eq,0.5,35,5,10
5.327510845438027,-94.59076824889578,1.6648435882347152,-227.9036192525969,0.5448138888888888,-125.10247995556264,2.9123717963423887,-120.1909029575865,0.2,1,-10,2,400,0.8,0.5,eff,0.5,35,5,10
7.482433334471366,-93.33965489659246,1.6648435882347152,-266.7223574153273,0.5448138888888888,-162.90254176743778,2.9123717963423887,-121.60514537689792,0.2,1,-10,2,400,0.8,0.5,eq,0.5,35,10,10
7.482433334471366,-88.99189763453363,1.6648435882347152,-255.8921313153784,0.5448138888888888,-156.81755646436875,2.9123717963423887,-121.37748320059482,0.2,1,-10,2,400,0.8,0.5,eff,1,6.5,10,10
5.327510845438027,-92.09914869793256,1.6648435882347152,-225.4119997016337,0.5448138888888888,-122.27911069207754,2.9123717963423887,-120.08527009916237,0.2,1,-10,2,400,0.8,0.5,eff,0.5,6.5,5,10
7.482433334471366,-91.40332519353423,1.6648435882347152,-258.303558874379,0.5448138888888888,-159.55005647585403,2.9123717963423887,-121.47971629868448,0.2,1,-10,2,400,0.8,0.5,eff,0.5,6.5,10,10
7.482433334471366,-93.33965489659246,1.6648435882347152,-260.2398885774373,0.5448138888888888,-161.7442011498132,2.9123717963423887,-121.5618074996847,0.2,1,-10,2,400,0.8,0.5,eff,0.5,35,10,10
7.482433334471366,-88.99189763453363,1.7398467296524174,-253.87675214470806,0.5448138888888888,-149.35911059376713,2.9123717963423887,-121.09843470102244,0.2,1,-10,2,400,0.8,1,eq,1,6.5,10,10
5.327510845438027,-90.38986506758839,1.7398467296524174,-221.81305413680974,0.5448138888888888,-112.80387494297439,2.9123717963423887,-119.73076590824205,0.2,1,-10,2,400,0.8,1,eq,1,6.5,5,10
5.327510845438027,-91.51466541437559,1.7398467296524174,-222.93785448359694,0.5448138888888888,-114.08623924576098,2.9123717963423887,-119.77874397777633,0.2,1,-10,2,400,0.8,1,eq,1,35,5,10
7.482433334471366,-91.40332519353423,1.7398467296524174,-256.28817970370864,0.5448138888888888,-152.108335048944,2.9123717963423887,-121.20129352342524,0.2,1,-10,2,400,0.8,1,eq,0.5,6.5,10,10
7.482433334471366,-88.99189763453363,1.7398467296524174,-253.87675214470806,0.5448138888888888,-149.35911059376713,2.9123717963423887,-121.09843470102244,0.2,1,-10,2,400,0.8,1,eq,1,35,10,10
5.327510845438027,-94.59076824889578,1.7398467296524174,-226.01395731811712,0.5448138888888888,-117.59324782525275,2.9123717963423887,-119.9099543531108,0.2,1,-10,2,400,0.8,1,eq,0.5,35,5,10
5.327510845438027,-92.09914869793256,1.7398467296524174,-223.5223377671539,0.5448138888888888,-114.75259794682752,2.9123717963423887,-119.80367496191636,0.2,1,-10,2,400,0.8,1,eq,0.5,6.5,5,10
5.327510845438027,-91.51466541437559,1.7398467296524174,-217.14062534001079,0.5448138888888888,-113.90023748739684,2.9123717963423887,-119.77178495273411,0.2,1,-10,2,400,0.8,1,eff,1,35,5,10
7.482433334471366,-91.40332519353423,1.7398467296524174,-250.13636596893235,0.5448138888888888,-151.24734826114033,2.9123717963423887,-121.1690807708683,0.2,1,-10,2,400,0.8,1,eff,0.5,6.5,10,10
7.482433334471366,-88.99189763453363,1.7398467296524174,-247.72493840993175,0.5448138888888888,-148.51790953797735,2.9123717963423887,-121.06696220708358,0.2,1,-10,2,400,0.8,1,eff,1,35,10,10
7.482433334471366,-93.33965489659246,1.7398467296524174,-258.2245094067669,0.5448138888888888,-154.31590912746327,2.9123717963423887,-121.28388716893701,0.2,1,-10,2,400,0.8,1,eq,0.5,35,10,10
5.327510845438027,-90.38986506758839,1.7398467296524174,-216.0158249932236,0.5448138888888888,-112.62710215670498,2.9123717963423887,-119.72415217374166,0.2,1,-10,2,400,0.8,1,eff,1,6.5,5,10
5.327510845438027,-92.09914869793256,1.7398467296524174,-217.72510862356776,0.5448138888888888,-114.56180051087372,2.9123717963423887,-119.79653651254651,0.2,1,-10,2,400,0.8,1,eff,0.5,6.5,5,10
7.482433334471366,-88.99189763453363,1.7398467296524174,-247.72493840993175,0.5448138888888888,-148.51790953797735,2.9123717963423887,-121.06696220708358,0.2,1,-10,2,400,0.8,1,eff,1,6.5,10,10
7.482433334471366,-93.33965489659246,1.7398467296524174,-252.0726956719906,0.5448138888888888,-153.43903478004844,2.9123717963423887,-121.25108000304685,0.2,1,-10,2,400,0.8,1,eff,0.5,35,10,10
5.327510845438027,-94.59076824889578,1.7398467296524174,-220.21672817453097,0.5448138888888888,-117.38200668317943,2.9123717963423887,-119.90205102783824,0.2,1,-10,2,400,0.8,1,eff,0.5,35,5,10
7.482433334471366,-91.40332519353423,1.6648435882347152,-264.78602771226906,0.7004749999999998,-160.692233548482,2.943504018564611,-121.93673201158207,0.2,1,-10,2,500,0.7,0.5,eq,0.5,6.5,10,10
7.482433334471366,-88.99189763453363,1.6648435882347152,-262.3746001532685,0.7004749999999998,-157.93938627799199,2.943504018564611,-121.80571124995687,0.2,1,-10,2,500,0.7,0.5,eq,1,6.5,10,10
5.327510845438027,-91.51466541437559,1.6648435882347152,-230.98514667593201,0.7004749999999998,-122.10568644692361,2.943504018564611,-120.10021937830595,0.2,1,-10,2,500,0.7,0.5,eq,1,35,5,10
5.327510845438027,-90.38986506758839,1.6648435882347152,-229.86034632914482,0.7004749999999998,-120.82163229698442,2.943504018564611,-120.03910528945094,0.2,1,-10,2,500,0.7,0.5,eq,1,6.5,5,10
7.482433334471366,-93.33965489659246,1.6648435882347152,-266.7223574153273,0.7004749999999998,-162.9027166777942,2.943504018564611,-122.04193914975747,0.2,1,-10,2,500,0.7,0.5,eq,0.5,35,10,10
7.482433334471366,-88.99189763453363,1.6648435882347152,-262.3746001532685,0.7004749999999998,-157.93938627799199,2.943504018564611,-121.80571124995687,0.2,1,-10,2,500,0.7,0.5,eq,1,35,10,10
7.482433334471366,-88.99189763453363,1.6648435882347152,-255.8921313153784,0.7004749999999998,-156.8177197350107,2.943504018564611,-121.75232594001739,0.2,1,-10,2,500,0.7,0.5,eff,1,6.5,10,10
7.482433334471366,-91.40332519353423,1.6648435882347152,-258.303558874379,0.7004749999999998,-159.55021974642892,2.943504018564611,-121.88237828126958,0.2,1,-10,2,500,0.7,0.5,eff,0.5,6.5,10,10
5.327510845438027,-94.59076824889578,1.6648435882347152,-234.0612495104522,0.7004749999999998,-125.61731641835856,2.943504018564611,-120.2673541257856,0.2,1,-10,2,500,0.7,0.5,eq,0.5,35,5,10
5.327510845438027,-92.09914869793256,1.6648435882347152,-225.4119997016337,0.7004749999999998,-122.27927396270609,2.943504018564611,-120.1084812127966,0.2,1,-10,2,500,0.7,0.5,eff,0.5,6.5,5,10
5.327510845438027,-91.51466541437559,1.6648435882347152,-224.82751641807673,0.7004749999999998,-121.61696894212797,2.943504018564611,-120.07695904694494,0.2,1,-10,2,500,0.7,0.5,eff,1,35,5,10
7.482433334471366,-88.99189763453363,1.6648435882347152,-255.8921313153784,0.7004749999999998,-156.8177197350107,2.943504018564611,-121.75232594001739,0.2,1,-10,2,500,0.7,0.5,eff,1,35,10,10
5.327510845438027,-92.09914869793256,1.6648435882347152,-231.569629959489,0.7004749999999998,-122.77292324853688,2.943504018564611,-120.13197627047678,0.2,1,-10,2,500,0.7,0.5,eq,0.5,6.5,5,10
5.327510845438027,-90.38986506758839,1.6648435882347152,-223.70271607128953,0.7004749999999998,-120.34240568644672,2.943504018564611,-120.01629667374003,0.2,1,-10,2,500,0.7,0.5,eff,1,6.5,5,10
7.482433334471366,-93.33965489659246,1.6648435882347152,-260.2398885774373,0.7004749999999998,-161.74436442045183,2.943504018564611,-121.98680779662563,0.2,1,-10,2,500,0.7,0.5,eff,0.5,35,10,10
7.482433334471366,-88.99189763453363,1.7398467296524174,-253.87675214470806,0.7004749999999998,-149.35927597024795,2.943504018564611,-121.39734402980629,0.2,1,-10,2,500,0.7,1,eq,1,6.5,10,10
5.327510845438027,-91.51466541437559,1.7398467296524174,-222.93785448359694,0.7004749999999998,-114.08640462166223,2.943504018564611,-119.71854458519404,0.2,1,-10,2,500,0.7,1,eq,1,35,5,10
5.327510845438027,-94.59076824889578,1.6648435882347152,-227.9036192525969,0.7004749999999998,-125.10264322619213,2.943504018564611,-120.24285844295268,0.2,1,-10,2,500,0.7,0.5,eff,0.5,35,5,10
7.482433334471366,-93.33965489659246,1.7398467296524174,-258.2245094067669,0.7004749999999998,-154.3160745039624,2.943504018564611,-121.63326104782313,0.2,1,-10,2,500,0.7,1,eq,0.5,35,10,10
7.482433334471366,-88.99189763453363,1.7398467296524174,-247.72493840993175,0.7004749999999998,-148.51806410674865,2.943504018564611,-121.35730685802938,0.2,1,-10,2,500,0.7,1,eff,1,35,10,10
5.327510845438027,-90.38986506758839,1.7398467296524174,-221.81305413680974,0.7004749999999998,-112.80404031897724,2.943504018564611,-119.65751092400257,0.2,1,-10,2,500,0.7,1,eq,1,6.5,5,10
5.327510845438027,-92.09914869793256,1.7398467296524174,-223.5223377671539,0.7004749999999998,-114.75276332313345,2.943504018564611,-119.75025968450892,0.2,1,-10,2,500,0.7,1,eq,0.5,6.5,5,10
7.482433334471366,-91.40332519353423,1.7398467296524174,-256.28817970370864,0.7004749999999998,-152.108500424751,2.943504018564611,-121.52819236482615,0.2,1,-10,2,500,0.7,1,eq,0.5,6.5,10,10
7.482433334471366,-88.99189763453363,1.7398467296524174,-253.87675214470806,0.7004749999999998,-149.35927597024795,2.943504018564611,-121.39734402980629,0.2,1,-10,2,500,0.7,1,eq,1,35,10,10
5.327510845438027,-91.51466541437559,1.7398467296524174,-217.14062534001079,0.7004749999999998,-113.90039205621127,2.943504018564611,-119.7096913849971,0.2,1,-10,2,500,0.7,1,eff,1,35,5,10
7.482433334471366,-88.99189763453363,1.7398467296524174,-247.72493840993175,0.7004749999999998,-148.51806410674865,2.943504018564611,-121.35730685802938,0.2,1,-10,2,500,0.7,1,eff,1,6.5,10,10
5.327510845438027,-94.59076824889578,1.7398467296524174,-226.01395731811712,0.7004749999999998,-117.59341320122455,2.943504018564611,-119.88545937921324,0.2,1,-10,2,500,0.7,1,eq,0.5,35,5,10
5.327510845438027,-90.38986506758839,1.7398467296524174,-216.0158249932236,0.7004749999999998,-112.62725672590435,2.943504018564611,-119.64909697337933,0.2,1,-10,2,500,0.7,1,eff,1,6.5,5,10
5.327510845438027,-92.09914869793256,1.7398467296524174,-217.72510862356776,0.7004749999999998,-114.56195508000168,2.943504018564611,-119.74117823578212,0.2,1,-10,2,500,0.7,1,eff,0.5,6.5,5,10
7.482433334471366,-91.40332519353423,1.7398467296524174,-250.13636596893235,0.7004749999999998,-151.24750283019296,2.943504018564611,-121.4872134983972,0.2,1,-10,2,500,0.7,1,eff,0.5,6.5,10,10
7.482433334471366,-93.33965489659246,1.7398467296524174,-252.0726956719906,0.7004749999999998,-153.439189349095,2.943504018564611,-121.59152601875701,0.2,1,-10,2,500,0.7,1,eff,0.5,35,10,10
7.482433334471366,-88.99189763453363,1.6648435882347152,-262.3746001532685,0.7004749999999998,-157.93938627799199,2.943504018564611,-121.80571124995687,0.2,1,-10,2,500,0.8,0.5,eq,1,6.5,10,10
5.327510845438027,-94.59076824889578,1.7398467296524174,-220.21672817453097,0.7004749999999998,-117.38216125198825,2.943504018564611,-119.87540491975224,0.2,1,-10,2,500,0.7,1,eff,0.5,35,5,10
5.327510845438027,-90.38986506758839,1.6648435882347152,-229.86034632914482,0.7004749999999998,-120.82163229698442,2.943504018564611,-120.03910528945094,0.2,1,-10,2,500,0.8,0.5,eq,1,6.5,5,10
7.482433334471366,-91.40332519353423,1.6648435882347152,-264.78602771226906,0.7004749999999998,-160.692233548482,2.943504018564611,-121.93673201158207,0.2,1,-10,2,500,0.8,0.5,eq,0.5,6.5,10,10
5.327510845438027,-91.51466541437559,1.6648435882347152,-230.98514667593201,0.7004749999999998,-122.10568644692361,2.943504018564611,-120.10021937830595,0.2,1,-10,2,500,0.8,0.5,eq,1,35,5,10
5.327510845438027,-92.09914869793256,1.6648435882347152,-231.569629959489,0.7004749999999998,-122.77292324853688,2.943504018564611,-120.13197627047678,0.2,1,-10,2,500,0.8,0.5,eq,0.5,6.5,5,10
7.482433334471366,-93.33965489659246,1.6648435882347152,-266.7223574153273,0.7004749999999998,-162.9027166777942,2.943504018564611,-122.04193914975747,0.2,1,-10,2,500,0.8,0.5,eq,0.5,35,10,10
5.327510845438027,-94.59076824889578,1.6648435882347152,-234.0612495104522,0.7004749999999998,-125.61731641835856,2.943504018564611,-120.2673541257856,0.2,1,-10,2,500,0.8,0.5,eq,0.5,35,5,10
7.482433334471366,-88.99189763453363,1.6648435882347152,-262.3746001532685,0.7004749999999998,-157.93938627799199,2.943504018564611,-121.80571124995687,0.2,1,-10,2,500,0.8,0.5,eq,1,35,10,10
5.327510845438027,-91.51466541437559,1.6648435882347152,-224.82751641807673,0.7004749999999998,-121.61696894212797,2.943504018564611,-120.07695904694494,0.2,1,-10,2,500,0.8,0.5,eff,1,35,5,10
7.482433334471366,-91.40332519353423,1.6648435882347152,-258.303558874379,0.7004749999999998,-159.55021974642892,2.943504018564611,-121.88237828126958,0.2,1,-10,2,500,0.8,0.5,eff,0.5,6.5,10,10
7.482433334471366,-88.99189763453363,1.6648435882347152,-255.8921313153784,0.7004749999999998,-156.8177197350107,2.943504018564611,-121.75232594001739,0.2,1,-10,2,500,0.8,0.5,eff,1,35,10,10
5.327510845438027,-90.38986506758839,1.6648435882347152,-223.70271607128953,0.7004749999999998,-120.34240568644672,2.943504018564611,-120.01629667374003,0.2,1,-10,2,500,0.8,0.5,eff,1,6.5,5,10
5.327510845438027,-92.09914869793256,1.6648435882347152,-225.4119997016337,0.7004749999999998,-122.27927396270609,2.943504018564611,-120.1084812127966,0.2,1,-10,2,500,0.8,0.5,eff,0.5,6.5,5,10
7.482433334471366,-88.99189763453363,1.6648435882347152,-255.8921313153784,0.7004749999999998,-156.8177197350107,2.943504018564611,-121.75232594001739,0.2,1,-10,2,500,0.8,0.5,eff,1,6.5,10,10
7.482433334471366,-93.33965489659246,1.6648435882347152,-260.2398885774373,0.7004749999999998,-161.74436442045183,2.943504018564611,-121.98680779662563,0.2,1,-10,2,500,0.8,0.5,eff,0.5,35,10,10
5.327510845438027,-94.59076824889578,1.6648435882347152,-227.9036192525969,0.7004749999999998,-125.10264322619213,2.943504018564611,-120.24285844295268,0.2,1,-10,2,500,0.8,0.5,eff,0.5,35,5,10
7.482433334471366,-88.99189763453363,1.7398467296524174,-253.87675214470806,0.7004749999999998,-149.35927597024795,2.943504018564611,-121.39734402980629,0.2,1,-10,2,500,0.8,1,eq,1,35,10,10
7.482433334471366,-91.40332519353423,1.7398467296524174,-256.28817970370864,0.7004749999999998,-152.108500424751,2.943504018564611,-121.52819236482615,0.2,1,-10,2,500,0.8,1,eq,0.5,6.5,10,10
5.327510845438027,-91.51466541437559,1.7398467296524174,-222.93785448359694,0.7004749999999998,-114.08640462166223,2.943504018564611,-119.71854458519404,0.2,1,-10,2,500,0.8,1,eq,1,35,5,10
7.482433334471366,-88.99189763453363,1.7398467296524174,-253.87675214470806,0.7004749999999998,-149.35927597024795,2.943504018564611,-121.39734402980629,0.2,1,-10,2,500,0.8,1,eq,1,6.5,10,10
5.327510845438027,-90.38986506758839,1.7398467296524174,-221.81305413680974,0.7004749999999998,-112.80404031897724,2.943504018564611,-119.65751092400257,0.2,1,-10,2,500,0.8,1,eq,1,6.5,5,10
7.482433334471366,-93.33965489659246,1.7398467296524174,-258.2245094067669,0.7004749999999998,-154.3160745039624,2.943504018564611,-121.63326104782313,0.2,1,-10,2,500,0.8,1,eq,0.5,35,10,10
5.327510845438027,-92.09914869793256,1.7398467296524174,-223.5223377671539,0.7004749999999998,-114.75276332313345,2.943504018564611,-119.75025968450892,0.2,1,-10,2,500,0.8,1,eq,0.5,6.5,5,10
5.327510845438027,-92.09914869793256,1.7398467296524174,-217.72510862356776,0.7004749999999998,-114.56195508000168,2.943504018564611,-119.74117823578212,0.2,1,-10,2,500,0.8,1,eff,0.5,6.5,5,10
5.327510845438027,-94.59076824889578,1.7398467296524174,-226.01395731811712,0.7004749999999998,-117.59341320122455,2.943504018564611,-119.88545937921324,0.2,1,-10,2,500,0.8,1,eq,0.5,35,5,10
7.482433334471366,-88.99189763453363,1.7398467296524174,-247.72493840993175,0.7004749999999998,-148.51806410674865,2.943504018564611,-121.35730685802938,0.2,1,-10,2,500,0.8,1,eff,1,35,10,10
5.327510845438027,-91.51466541437559,1.7398467296524174,-217.14062534001079,0.7004749999999998,-113.90039205621127,2.943504018564611,-119.7096913849971,0.2,1,-10,2,500,0.8,1,eff,1,35,5,10
7.482433334471366,-88.99189763453363,1.7398467296524174,-247.72493840993175,0.7004749999999998,-148.51806410674865,2.943504018564611,-121.35730685802938,0.2,1,-10,2,500,0.8,1,eff,1,6.5,10,10
5.327510845438027,-90.38986506758839,1.7398467296524174,-216.0158249932236,0.7004749999999998,-112.62725672590435,2.943504018564611,-119.64909697337933,0.2,1,-10,2,500,0.8,1,eff,1,6.5,5,10
7.482433334471366,-91.40332519353423,1.7398467296524174,-250.13636596893235,0.7004749999999998,-151.24750283019296,2.943504018564611,-121.4872134983972,0.2,1,-10,2,500,0.8,1,eff,0.5,6.5,10,10
7.482433334471366,-93.33965489659246,1.7398467296524174,-252.0726956719906,0.7004749999999998,-153.439189349095,2.943504018564611,-121.59152601875701,0.2,1,-10,2,500,0.8,1,eff,0.5,35,10,10
5.327510845438027,-94.59076824889578,1.7398467296524174,-220.21672817453097,0.7004749999999998,-117.38216125198825,2.943504018564611,-119.87540491975224,0.2,1,-10,2,500,0.8,1,eff,0.5,35,5,10
5.327510845438027,-90.38986506758839,0.664380693404857,-371.31651453120645,0.8172208333333333,-263.4158171078845,2.966853185231278,-127.90078822595663,0.2,3,-20,1,400,0.7,0.5,eq,1,6.5,5,10
7.482433334471366,-88.99189763453363,0.664380693404857,-403.83076835533024,0.8172208333333333,-301.51052878267865,2.966853185231278,-129.99942877719383,0.2,3,-20,1,400,0.7,0.5,eq,1,6.5,10,10
5.327510845438027,-92.09914869793256,0.664380693404857,-373.02579816155065,0.8172208333333333,-265.4184670048174,2.966853185231278,-128.01111436044786,0.2,3,-20,1,400,0.7,0.5,eq,0.5,6.5,5,10
7.482433334471366,-91.40332519353423,0.664380693404857,-406.2421959143308,0.8172208333333333,-304.3358323583668,2.966853185231278,-130.1550749651508,0.2,3,-20,1,400,0.7,0.5,eq,0.5,6.5,10,10
7.482433334471366,-93.33965489659246,0.664380693404857,-391.85701920905893,0.8172208333333333,-295.51993885098506,2.966853185231278,-129.6694067241644,0.2,3,-20,1,400,0.7,0.5,eff,0.5,35,10,10
5.327510845438027,-91.51466541437559,0.664380693404857,-372.44131487799365,0.8172208333333333,-264.73366819987126,2.966853185231278,-127.9733887424207,0.2,3,-20,1,400,0.7,0.5,eq,1,35,5,10
7.482433334471366,-88.99189763453363,0.664380693404857,-387.50926194699997,0.8172208333333333,-290.4834389050197,2.966853185231278,-129.39194556070566,0.2,3,-20,1,400,0.7,0.5,eff,1,35,10,10
7.482433334471366,-88.99189763453363,0.664380693404857,-403.83076835533024,0.8172208333333333,-301.51052878267865,2.966853185231278,-129.99942877719383,0.2,3,-20,1,400,0.7,0.5,eq,1,35,10,10
7.482433334471366,-93.33965489659246,0.664380693404857,-408.178525617389,0.8172208333333333,-306.6044965000442,2.966853185231278,-130.28005584453118,0.2,3,-20,1,400,0.7,0.5,eq,0.5,35,10,10
5.327510845438027,-90.38986506758839,0.664380693404857,-355.31984670291115,0.8172208333333333,-253.19479138817118,2.966853185231278,-127.33771114497638,0.2,3,-20,1,400,0.7,0.5,eff,1,6.5,5,10
5.327510845438027,-92.09914869793256,0.664380693404857,-357.02913033325535,0.8172208333333333,-255.17484831837484,2.966853185231278,-127.44679263121938,0.2,3,-20,1,400,0.7,0.5,eff,0.5,6.5,5,10
7.482433334471366,-88.99189763453363,0.664380693404857,-387.50926194699997,0.8172208333333333,-290.4834389050197,2.966853185231278,-129.39194556070566,0.2,3,-20,1,400,0.7,0.5,eff,1,6.5,10,10
5.327510845438027,-94.59076824889578,0.664380693404857,-375.51741771251386,0.8172208333333333,-268.3377260161645,2.966853185231278,-128.17193656047067,0.2,3,-20,1,400,0.7,0.5,eq,0.5,35,5,10
7.482433334471366,-91.40332519353423,0.664380693404857,-389.92068950600054,0.8172208333333333,-293.2768687217084,2.966853185231278,-129.54583582086542,0.2,3,-20,1,400,0.7,0.5,eff,0.5,6.5,10,10
5.327510845438027,-91.51466541437559,0.664380693404857,-356.44464704969835,0.8172208333333333,-254.4977750953582,2.966853185231278,-127.4094926160858,0.2,3,-20,1,400,0.7,0.5,eff,1,35,5,10
5.327510845438027,-94.59076824889578,0.664380693404857,-359.52074988421856,0.8172208333333333,-258.0611736061393,2.966853185231278,-127.60580050991588,0.2,3,-20,1,400,0.7,0.5,eff,0.5,35,5,10
7.482433334471366,-88.99189763453363,0.6968241909147566,-390.9749819355633,0.8172208333333333,-287.3632062932216,2.966853185231278,-129.22005170981345,0.2,3,-20,1,400,0.7,1,eq,1,6.5,10,10
7.482433334471366,-88.99189763453363,0.6968241909147566,-390.9749819355633,0.8172208333333333,-287.3632062932216,2.966853185231278,-129.22005170981345,0.2,3,-20,1,400,0.7,1,eq,1,35,10,10
5.327510845438027,-90.38986506758839,0.6968241909147566,-358.91128392766495,0.8172208333333333,-249.84455082598515,2.966853185231278,-127.15314613867778,0.2,3,-20,1,400,0.7,1,eq,1,6.5,5,10
5.327510845438027,-91.51466541437559,0.6968241909147566,-360.03608427445215,0.8172208333333333,-251.16071207041261,2.966853185231278,-127.22565356131166,0.2,3,-20,1,400,0.7,1,eq,1,35,5,10
5.327510845438027,-94.59076824889578,0.6968241909147566,-363.11218710897236,0.8172208333333333,-254.76014849268662,2.966853185231278,-127.42394678641512,0.2,3,-20,1,400,0.7,1,eq,0.5,35,5,10
5.327510845438027,-90.38986506758839,0.6968241909147566,-343.6375692278891,0.8172208333333333,-240.48741227124756,2.966853185231278,-126.63766066704186,0.2,3,-20,1,400,0.7,1,eff,1,6.5,5,10
7.482433334471366,-88.99189763453363,0.6968241909147566,-375.3466826445973,0.8172208333333333,-277.17978792530977,2.966853185231278,-128.65904642069205,0.2,3,-20,1,400,0.7,1,eff,1,6.5,10,10
7.482433334471366,-93.33965489659246,0.6968241909147566,-379.69443990665616,0.8172208333333333,-282.21081924725286,2.966853185231278,-128.936206317239,0.2,3,-20,1,400,0.7,1,eff,0.5,35,10,10
7.482433334471366,-88.99189763453363,0.6968241909147566,-375.3466826445973,0.8172208333333333,-277.17978792530977,2.966853185231278,-128.65904642069205,0.2,3,-20,1,400,0.7,1,eff,1,35,10,10
5.327510845438027,-91.51466541437559,0.6968241909147566,-344.7623695746763,0.8172208333333333,-241.78898120016797,2.966853185231278,-126.70936419790924,0.2,3,-20,1,400,0.7,1,eff,1,35,5,10
5.327510845438027,-94.59076824889578,0.6968241909147566,-347.8384724091965,0.8172208333333333,-245.34851057976022,2.966853185231278,-126.90545894100913,0.2,3,-20,1,400,0.7,1,eff,0.5,35,5,10
5.327510845438027,-92.09914869793256,0.6968241909147566,-360.62056755800916,0.8172208333333333,-251.84463277549173,2.966853185231278,-127.26333080475061,0.2,3,-20,1,400,0.7,1,eq,0.5,6.5,5,10
7.482433334471366,-93.33965489659246,0.6968241909147566,-395.3227391976221,0.8172208333333333,-292.45064214528077,2.966853185231278,-129.5003189361964,0.2,3,-20,1,400,0.7,1,eq,0.5,35,10,10
7.482433334471366,-91.40332519353423,0.6968241909147566,-393.3864094945639,0.8172208333333333,-290.18488705340764,2.966853185231278,-129.3754983165899,0.2,3,-20,1,400,0.7,1,eq,0.5,6.5,10,10
7.482433334471366,-91.40332519353423,0.6968241909147566,-377.7581102035979,0.8172208333333333,-279.9701846383365,2.966853185231278,-128.81276958694122,0.2,3,-20,1,400,0.7,1,eff,0.5,6.5,10,10
5.327510845438027,-92.09914869793256,0.6968241909147566,-345.3468528582333,0.8172208333333333,-242.46531925897426,2.966853185231278,-126.74662371279088,0.2,3,-20,1,400,0.7,1,eff,0.5,6.5,5,10
7.482433334471366,-88.99189763453363,0.664380693404857,-403.83076835533024,0.8172208333333333,-301.51052878267865,2.966853185231278,-129.99942877719383,0.2,3,-20,1,400,0.8,0.5,eq,1,6.5,10,10
5.327510845438027,-90.38986506758839,0.664380693404857,-371.31651453120645,0.8172208333333333,-263.4158171078845,2.966853185231278,-127.90078822595663,0.2,3,-20,1,400,0.8,0.5,eq,1,6.5,5,10
7.482433334471366,-88.99189763453363,0.664380693404857,-403.83076835533024,0.8172208333333333,-301.51052878267865,2.966853185231278,-129.99942877719383,0.2,3,-20,1,400,0.8,0.5,eq,1,35,10,10
5.327510845438027,-92.09914869793256,0.664380693404857,-357.02913033325535,0.8172208333333333,-255.17484831837484,2.966853185231278,-127.44679263121938,0.2,3,-20,1,400,0.8,0.5,eff,0.5,6.5,5,10
7.482433334471366,-88.99189763453363,0.664380693404857,-387.50926194699997,0.8172208333333333,-290.4834389050197,2.966853185231278,-129.39194556070566,0.2,3,-20,1,400,0.8,0.5,eff,1,6.5,10,10
5.327510845438027,-92.09914869793256,0.664380693404857,-373.02579816155065,0.8172208333333333,-265.4184670048174,2.966853185231278,-128.01111436044786,0.2,3,-20,1,400,0.8,0.5,eq,0.5,6.5,5,10
7.482433334471366,-88.99189763453363,0.664380693404857,-387.50926194699997,0.8172208333333333,-290.4834389050197,2.966853185231278,-129.39194556070566,0.2,3,-20,1,400,0.8,0.5,eff,1,35,10,10
5.327510845438027,-91.51466541437559,0.664380693404857,-372.44131487799365,0.8172208333333333,-264.73366819987126,2.966853185231278,-127.9733887424207,0.2,3,-20,1,400,0.8,0.5,eq,1,35,5,10
7.482433334471366,-91.40332519353423,0.664380693404857,-406.2421959143308,0.8172208333333333,-304.3358323583668,2.966853185231278,-130.1550749651508,0.2,3,-20,1,400,0.8,0.5,eq,0.5,6.5,10,10
5.327510845438027,-90.38986506758839,0.664380693404857,-355.31984670291115,0.8172208333333333,-253.19479138817118,2.966853185231278,-127.33771114497638,0.2,3,-20,1,400,0.8,0.5,eff,1,6.5,5,10
7.482433334471366,-93.33965489659246,0.664380693404857,-408.178525617389,0.8172208333333333,-306.6044965000442,2.966853185231278,-130.28005584453118,0.2,3,-20,1,400,0.8,0.5,eq,0.5,35,10,10
5.327510845438027,-91.51466541437559,0.664380693404857,-356.44464704969835,0.8172208333333333,-254.4977750953582,2.966853185231278,-127.4094926160858,0.2,3,-20,1,400,0.8,0.5,eff,1,35,5,10
5.327510845438027,-94.59076824889578,0.664380693404857,-375.51741771251386,0.8172208333333333,-268.3377260161645,2.966853185231278,-128.17193656047067,0.2,3,-20,1,400,0.8,0.5,eq,0.5,35,5,10
7.482433334471366,-91.40332519353423,0.664380693404857,-389.92068950600054,0.8172208333333333,-293.2768687217084,2.966853185231278,-129.54583582086542,0.2,3,-20,1,400,0.8,0.5,eff,0.5,6.5,10,10
5.327510845438027,-94.59076824889578,0.664380693404857,-359.52074988421856,0.8172208333333333,-258.0611736061393,2.966853185231278,-127.60580050991588,0.2,3,-20,1,400,0.8,0.5,eff,0.5,35,5,10
7.482433334471366,-93.33965489659246,0.664380693404857,-391.85701920905893,0.8172208333333333,-295.51993885098506,2.966853185231278,-129.6694067241644,0.2,3,-20,1,400,0.8,0.5,eff,0.5,35,10,10
7.482433334471366,-88.99189763453363,0.6968241909147566,-390.9749819355633,0.8172208333333333,-287.3632062932216,2.966853185231278,-129.22005170981345,0.2,3,-20,1,400,0.8,1,eq,1,6.5,10,10
5.327510845438027,-91.51466541437559,0.6968241909147566,-360.03608427445215,0.8172208333333333,-251.16071207041261,2.966853185231278,-127.22565356131166,0.2,3,-20,1,400,0.8,1,eq,1,35,5,10
7.482433334471366,-88.99189763453363,0.6968241909147566,-390.9749819355633,0.8172208333333333,-287.3632062932216,2.966853185231278,-129.22005170981345,0.2,3,-20,1,400,0.8,1,eq,1,35,10,10
7.482433334471366,-91.40332519353423,0.6968241909147566,-393.3864094945639,0.8172208333333333,-290.18488705340764,2.966853185231278,-129.3754983165899,0.2,3,-20,1,400,0.8,1,eq,0.5,6.5,10,10
5.327510845438027,-90.38986506758839,0.6968241909147566,-343.6375692278891,0.8172208333333333,-240.48741227124756,2.966853185231278,-126.63766066704186,0.2,3,-20,1,400,0.8,1,eff,1,6.5,5,10
7.482433334471366,-93.33965489659246,0.6968241909147566,-395.3227391976221,0.8172208333333333,-292.45064214528077,2.966853185231278,-129.5003189361964,0.2,3,-20,1,400,0.8,1,eq,0.5,35,10,10
5.327510845438027,-94.59076824889578,0.6968241909147566,-363.11218710897236,0.8172208333333333,-254.76014849268662,2.966853185231278,-127.42394678641512,0.2,3,-20,1,400,0.8,1,eq,0.5,35,5,10
5.327510845438027,-92.09914869793256,0.6968241909147566,-360.62056755800916,0.8172208333333333,-251.84463277549173,2.966853185231278,-127.26333080475061,0.2,3,-20,1,400,0.8,1,eq,0.5,6.5,5,10
5.327510845438027,-94.59076824889578,0.6968241909147566,-347.8384724091965,0.8172208333333333,-245.34851057976022,2.966853185231278,-126.90545894100913,0.2,3,-20,1,400,0.8,1,eff,0.5,35,5,10
7.482433334471366,-88.99189763453363,0.6968241909147566,-375.3466826445973,0.8172208333333333,-277.17978792530977,2.966853185231278,-128.65904642069205,0.2,3,-20,1,400,0.8,1,eff,1,6.5,10,10
7.482433334471366,-93.33965489659246,0.6968241909147566,-379.69443990665616,0.8172208333333333,-282.21081924725286,2.966853185231278,-128.936206317239,0.2,3,-20,1,400,0.8,1,eff,0.5,35,10,10
5.327510845438027,-92.09914869793256,0.6968241909147566,-345.3468528582333,0.8172208333333333,-242.46531925897426,2.966853185231278,-126.74662371279088,0.2,3,-20,1,400,0.8,1,eff,0.5,6.5,5,10
7.482433334471366,-91.40332519353423,0.6968241909147566,-377.7581102035979,0.8172208333333333,-279.9701846383365,2.966853185231278,-128.81276958694122,0.2,3,-20,1,400,0.8,1,eff,0.5,6.5,10,10
5.327510845438027,-91.51466541437559,0.6968241909147566,-344.7623695746763,0.8172208333333333,-241.78898120016797,2.966853185231278,-126.70936419790924,0.2,3,-20,1,400,0.8,1,eff,1,35,5,10
5.327510845438027,-90.38986506758839,0.6968241909147566,-358.91128392766495,0.8172208333333333,-249.84455082598515,2.966853185231278,-127.15314613867778,0.2,3,-20,1,400,0.8,1,eq,1,6.5,5,10
7.482433334471366,-88.99189763453363,0.6968241909147566,-375.3466826445973,0.8172208333333333,-277.17978792530977,2.966853185231278,-128.65904642069205,0.2,3,-20,1,400,0.8,1,eff,1,35,10,10
7.482433334471366,-88.99189763453363,0.664380693404857,-403.83076835533024,1.0507124999999997,-301.5108014354541,3.013551518564611,-132.65720308933615,0.2,3,-20,1,500,0.7,0.5,eq,1,6.5,10,10
5.327510845438027,-90.38986506758839,0.664380693404857,-371.31651453120645,1.0507124999999997,-263.41608975914124,3.013551518564611,-130.00076337057786,0.2,3,-20,1,500,0.7,0.5,eq,1,6.5,5,10
7.482433334471366,-91.40332519353423,0.664380693404857,-406.2421959143308,1.0507124999999997,-304.33610500798494,3.013551518564611,-132.8542185882693,0.2,3,-20,1,500,0.7,0.5,eq,0.5,6.5,10,10
7.482433334471366,-88.99189763453363,0.664380693404857,-403.83076835533024,1.0507124999999997,-301.5108014354541,3.013551518564611,-132.65720308933615,0.2,3,-20,1,500,0.7,0.5,eq,1,35,10,10
5.327510845438027,-92.09914869793256,0.664380693404857,-373.02579816155065,1.0507124999999997,-265.41873965601184,3.013551518564611,-130.14041316695946,0.2,3,-20,1,500,0.7,0.5,eq,0.5,6.5,5,10
5.327510845438027,-91.51466541437559,0.664380693404857,-372.44131487799365,1.0507124999999997,-264.7339408510976,3.013551518564611,-130.0926604300393,0.2,3,-20,1,500,0.7,0.5,eq,1,35,5,10
7.482433334471366,-93.33965489659246,0.664380693404857,-408.178525617389,1.0507124999999997,-306.6047691522127,3.013551518564611,-133.01241822480824,0.2,3,-20,1,500,0.7,0.5,eq,0.5,35,10,10
5.327510845438027,-94.59076824889578,0.664380693404857,-375.51741771251386,1.0507124999999997,-268.3379986649277,3.013551518564611,-130.34398041394434,0.2,3,-20,1,500,0.7,0.5,eq,0.5,35,5,10
7.482433334471366,-88.99189763453363,0.664380693404857,-387.50926194699997,1.0507124999999997,-290.48368771958513,3.013551518564611,-131.88825481360178,0.2,3,-20,1,500,0.7,0.5,eff,1,6.5,10,10
5.327510845438027,-91.51466541437559,0.664380693404857,-356.44464704969835,1.0507124999999997,-254.4980239107215,3.013551518564611,-129.37888428836985,0.2,3,-20,1,500,0.7,0.5,eff,1,35,5,10
7.482433334471366,-93.33965489659246,0.664380693404857,-391.85701920905893,1.0507124999999997,-295.52018766234,3.013551518564611,-132.2394625771659,0.2,3,-20,1,500,0.7,0.5,eff,0.5,35,10,10
5.327510845438027,-94.59076824889578,0.664380693404857,-359.52074988421856,1.0507124999999997,-258.06142242057103,3.013551518564611,-129.62736899710737,0.2,3,-20,1,500,0.7,0.5,eff,0.5,35,5,10
5.327510845438027,-92.09914869793256,0.664380693404857,-357.02913033325535,1.0507124999999997,-255.1750971328166,3.013551518564611,-129.42609830103814,0.2,3,-20,1,500,0.7,0.5,eff,0.5,6.5,5,10
7.482433334471366,-88.99189763453363,0.664380693404857,-387.50926194699997,1.0507124999999997,-290.48368771958513,3.013551518564611,-131.88825481360178,0.2,3,-20,1,500,0.7,0.5,eff,1,35,10,10
7.482433334471366,-91.40332519353423,0.664380693404857,-389.92068950600054,1.0507124999999997,-293.2771175350507,3.013551518564611,-132.08304767557223,0.2,3,-20,1,500,0.7,0.5,eff,0.5,6.5,10,10
5.327510845438027,-90.38986506758839,0.664380693404857,-355.31984670291115,1.0507124999999997,-253.19504020272126,3.013551518564611,-129.28802396885263,0.2,3,-20,1,500,0.7,0.5,eff,1,6.5,5,10
7.482433334471366,-88.99189763453363,0.6968241909147566,-390.9749819355633,1.0507124999999997,-287.363463643818,3.013551518564611,-131.67067376884367,0.2,3,-20,1,500,0.7,1,eq,1,6.5,10,10
7.482433334471366,-91.40332519353423,0.6968241909147566,-393.3864094945639,1.0507124999999997,-290.18514440395546,3.013551518564611,-131.86743663998902,0.2,3,-20,1,500,0.7,1,eq,0.5,6.5,10,10
7.482433334471366,-88.99189763453363,0.6968241909147566,-390.9749819355633,1.0507124999999997,-287.363463643818,3.013551518564611,-131.67067376884367,0.2,3,-20,1,500,0.7,1,eq,1,35,10,10
5.327510845438027,-90.38986506758839,0.6968241909147566,-358.91128392766495,1.0507124999999997,-249.84480817652113,3.013551518564611,-129.05440389326117,0.2,3,-20,1,500,0.7,1,eq,1,6.5,5,10
5.327510845438027,-91.51466541437559,0.6968241909147566,-360.03608427445215,1.0507124999999997,-251.16096942100552,3.013551518564611,-129.14618311542313,0.2,3,-20,1,500,0.7,1,eq,1,35,5,10
5.327510845438027,-92.09914869793256,0.6968241909147566,-360.62056755800916,1.0507124999999997,-251.8448901260854,3.013551518564611,-129.19387462024133,0.2,3,-20,1,500,0.7,1,eq,0.5,6.5,5,10
5.327510845438027,-94.59076824889578,0.6968241909147566,-363.11218710897236,1.0507124999999997,-254.76040584323766,3.013551518564611,-129.39718083811002,0.2,3,-20,1,500,0.7,1,eq,0.5,35,5,10
7.482433334471366,-93.33965489659246,0.6968241909147566,-395.3227391976221,1.0507124999999997,-292.45089949587816,3.013551518564611,-132.0254334210199,0.2,3,-20,1,500,0.7,1,eq,0.5,35,10,10
5.327510845438027,-90.38986506758839,0.6968241909147566,-343.6375692278891,1.0507124999999997,-240.48764735937894,3.013551518564611,-128.40190561841735,0.2,3,-20,1,500,0.7,1,eff,1,6.5,5,10
5.327510845438027,-91.51466541437559,0.6968241909147566,-344.7623695746763,1.0507124999999997,-241.7892162919955,3.013551518564611,-128.4926672821014,0.2,3,-20,1,500,0.7,1,eff,1,35,5,10
7.482433334471366,-88.99189763453363,0.6968241909147566,-375.3466826445973,1.0507124999999997,-277.18002301654224,3.013551518564611,-130.9605569320037,0.2,3,-20,1,500,0.7,1,eff,1,6.5,10,10
7.482433334471366,-88.99189763453363,0.6968241909147566,-375.3466826445973,1.0507124999999997,-277.18002301654224,3.013551518564611,-130.9605569320037,0.2,3,-20,1,500,0.7,1,eff,1,35,10,10
7.482433334471366,-91.40332519353423,0.6968241909147566,-377.7581102035979,1.0507124999999997,-279.9704197302888,3.013551518564611,-131.1551382881897,0.2,3,-20,1,500,0.7,1,eff,0.5,6.5,10,10
5.327510845438027,-94.59076824889578,0.6968241909147566,-347.8384724091965,1.0507124999999997,-245.3487456678531,3.013551518564611,-128.74088218642876,0.2,3,-20,1,500,0.7,1,eff,0.5,35,5,10
5.327510845438027,-92.09914869793256,0.6968241909147566,-345.3468528582333,1.0507124999999997,-242.46555435057277,3.013551518564611,-128.53983002997515,0.2,3,-20,1,500,0.7,1,eff,0.5,6.5,5,10
7.482433334471366,-93.33965489659246,0.6968241909147566,-379.69443990665616,1.0507124999999997,-282.2110543350973,3.013551518564611,-131.31138335469683,0.2,3,-20,1,500,0.7,1,eff,0.5,35,10,10
7.482433334471366,-88.99189763453363,0.664380693404857,-403.83076835533024,1.0507124999999997,-301.5108014354541,3.013551518564611,-132.65720308933615,0.2,3,-20,1,500,0.8,0.5,eq,1,6.5,10,10
5.327510845438027,-91.51466541437559,0.664380693404857,-372.44131487799365,1.0507124999999997,-264.7339408510976,3.013551518564611,-130.0926604300393,0.2,3,-20,1,500,0.8,0.5,eq,1,35,5,10
5.327510845438027,-92.09914869793256,0.664380693404857,-373.02579816155065,1.0507124999999997,-265.41873965601184,3.013551518564611,-130.14041316695946,0.2,3,-20,1,500,0.8,0.5,eq,0.5,6.5,5,10
7.482433334471366,-91.40332519353423,0.664380693404857,-406.2421959143308,1.0507124999999997,-304.33610500798494,3.013551518564611,-132.8542185882693,0.2,3,-20,1,500,0.8,0.5,eq,0.5,6.5,10,10
7.482433334471366,-88.99189763453363,0.664380693404857,-403.83076835533024,1.0507124999999997,-301.5108014354541,3.013551518564611,-132.65720308933615,0.2,3,-20,1,500,0.8,0.5,eq,1,35,10,10
5.327510845438027,-94.59076824889578,0.664380693404857,-375.51741771251386,1.0507124999999997,-268.3379986649277,3.013551518564611,-130.34398041394434,0.2,3,-20,1,500,0.8,0.5,eq,0.5,35,5,10
7.482433334471366,-88.99189763453363,0.664380693404857,-387.50926194699997,1.0507124999999997,-290.48368771958513,3.013551518564611,-131.88825481360178,0.2,3,-20,1,500,0.8,0.5,eff,1,6.5,10,10
7.482433334471366,-93.33965489659246,0.664380693404857,-408.178525617389,1.0507124999999997,-306.6047691522127,3.013551518564611,-133.01241822480824,0.2,3,-20,1,500,0.8,0.5,eq,0.5,35,10,10
5.327510845438027,-90.38986506758839,0.664380693404857,-371.31651453120645,1.0507124999999997,-263.41608975914124,3.013551518564611,-130.00076337057786,0.2,3,-20,1,500,0.8,0.5,eq,1,6.5,5,10
7.482433334471366,-91.40332519353423,0.664380693404857,-389.92068950600054,1.0507124999999997,-293.2771175350507,3.013551518564611,-132.08304767557223,0.2,3,-20,1,500,0.8,0.5,eff,0.5,6.5,10,10
5.327510845438027,-90.38986506758839,0.664380693404857,-355.31984670291115,1.0507124999999997,-253.19504020272126,3.013551518564611,-129.28802396885263,0.2,3,-20,1,500,0.8,0.5,eff,1,6.5,5,10
5.327510845438027,-91.51466541437559,0.664380693404857,-356.44464704969835,1.0507124999999997,-254.4980239107215,3.013551518564611,-129.37888428836985,0.2,3,-20,1,500,0.8,0.5,eff,1,35,5,10
7.482433334471366,-88.99189763453363,0.664380693404857,-387.50926194699997,1.0507124999999997,-290.48368771958513,3.013551518564611,-131.88825481360178,0.2,3,-20,1,500,0.8,0.5,eff,1,35,10,10
5.327510845438027,-92.09914869793256,0.664380693404857,-357.02913033325535,1.0507124999999997,-255.1750971328166,3.013551518564611,-129.42609830103814,0.2,3,-20,1,500,0.8,0.5,eff,0.5,6.5,5,10
7.482433334471366,-93.33965489659246,0.664380693404857,-391.85701920905893,1.0507124999999997,-295.52018766234,3.013551518564611,-132.2394625771659,0.2,3,-20,1,500,0.8,0.5,eff,0.5,35,10,10
5.327510845438027,-94.59076824889578,0.664380693404857,-359.52074988421856,1.0507124999999997,-258.06142242057103,3.013551518564611,-129.62736899710737,0.2,3,-20,1,500,0.8,0.5,eff,0.5,35,5,10
7.482433334471366,-88.99189763453363,0.6968241909147566,-390.9749819355633,1.0507124999999997,-287.363463643818,3.013551518564611,-131.67067376884367,0.2,3,-20,1,500,0.8,1,eq,1,6.5,10,10
5.327510845438027,-90.38986506758839,0.6968241909147566,-358.91128392766495,1.0507124999999997,-249.84480817652113,3.013551518564611,-129.05440389326117,0.2,3,-20,1,500,0.8,1,eq,1,6.5,5,10
7.482433334471366,-88.99189763453363,0.6968241909147566,-390.9749819355633,1.0507124999999997,-287.363463643818,3.013551518564611,-131.67067376884367,0.2,3,-20,1,500,0.8,1,eq,1,35,10,10
7.482433334471366,-91.40332519353423,0.6968241909147566,-393.3864094945639,1.0507124999999997,-290.18514440395546,3.013551518564611,-131.86743663998902,0.2,3,-20,1,500,0.8,1,eq,0.5,6.5,10,10
5.327510845438027,-92.09914869793256,0.6968241909147566,-360.62056755800916,1.0507124999999997,-251.8448901260854,3.013551518564611,-129.19387462024133,0.2,3,-20,1,500,0.8,1,eq,0.5,6.5,5,10
5.327510845438027,-91.51466541437559,0.6968241909147566,-360.03608427445215,1.0507124999999997,-251.16096942100552,3.013551518564611,-129.14618311542313,0.2,3,-20,1,500,0.8,1,eq,1,35,5,10
7.482433334471366,-93.33965489659246,0.6968241909147566,-395.3227391976221,1.0507124999999997,-292.45089949587816,3.013551518564611,-132.0254334210199,0.2,3,-20,1,500,0.8,1,eq,0.5,35,10,10
5.327510845438027,-94.59076824889578,0.6968241909147566,-363.11218710897236,1.0507124999999997,-254.76040584323766,3.013551518564611,-129.39718083811002,0.2,3,-20,1,500,0.8,1,eq,0.5,35,5,10
7.482433334471366,-88.99189763453363,0.6968241909147566,-375.3466826445973,1.0507124999999997,-277.18002301654224,3.013551518564611,-130.9605569320037,0.2,3,-20,1,500,0.8,1,eff,1,6.5,10,10
7.482433334471366,-88.99189763453363,0.6968241909147566,-375.3466826445973,1.0507124999999997,-277.18002301654224,3.013551518564611,-130.9605569320037,0.2,3,-20,1,500,0.8,1,eff,1,35,10,10
5.327510845438027,-90.38986506758839,0.6968241909147566,-343.6375692278891,1.0507124999999997,-240.48764735937894,3.013551518564611,-128.40190561841735,0.2,3,-20,1,500,0.8,1,eff,1,6.5,5,10
7.482433334471366,-91.40332519353423,0.6968241909147566,-377.7581102035979,1.0507124999999997,-279.9704197302888,3.013551518564611,-131.1551382881897,0.2,3,-20,1,500,0.8,1,eff,0.5,6.5,10,10
5.327510845438027,-91.51466541437559,0.6968241909147566,-344.7623695746763,1.0507124999999997,-241.7892162919955,3.013551518564611,-128.4926672821014,0.2,3,-20,1,500,0.8,1,eff,1,35,5,10
5.327510845438027,-90.38986506758839,0.664380693404857,-371.31651453120645,1.6344416666666666,-263.4167713854028,3.1302973518979442,-134.97661854449606,0.2,3,-20,2,400,0.7,0.5,eq,1,6.5,5,10
5.327510845438027,-94.59076824889578,0.6968241909147566,-347.8384724091965,1.0507124999999997,-245.3487456678531,3.013551518564611,-128.74088218642876,0.2,3,-20,1,500,0.8,1,eff,0.5,35,5,10
7.482433334471366,-88.99189763453363,0.664380693404857,-403.83076835533024,1.6344416666666666,-301.5114830617156,3.1302973518979442,-138.95474439287082,0.2,3,-20,2,400,0.7,0.5,eq,1,6.5,10,10
5.327510845438027,-92.09914869793256,0.6968241909147566,-345.3468528582333,1.0507124999999997,-242.46555435057277,3.013551518564611,-128.53983002997515,0.2,3,-20,1,500,0.8,1,eff,0.5,6.5,5,10
7.482433334471366,-93.33965489659246,0.6968241909147566,-379.69443990665616,1.0507124999999997,-282.2110543350973,3.013551518564611,-131.31138335469683,0.2,3,-20,1,500,0.8,1,eff,0.5,35,10,10
7.482433334471366,-91.40332519353423,0.664380693404857,-406.2421959143308,1.6344416666666666,-304.3367866342464,3.1302973518979442,-139.24978306561064,0.2,3,-20,2,400,0.7,0.5,eq,0.5,6.5,10,10
5.327510845438027,-91.51466541437559,0.664380693404857,-372.44131487799365,1.6344416666666666,-264.73462247735915,3.1302973518979442,-135.11423810538858,0.2,3,-20,2,400,0.7,0.5,eq,1,35,5,10
7.482433334471366,-88.99189763453363,0.664380693404857,-403.83076835533024,1.6344416666666666,-301.5114830617156,3.1302973518979442,-138.95474439287082,0.2,3,-20,2,400,0.7,0.5,eq,1,35,10,10
5.327510845438027,-92.09914869793256,0.664380693404857,-373.02579816155065,1.6344416666666666,-265.41942128227333,3.1302973518979442,-135.18574975902476,0.2,3,-20,2,400,0.7,0.5,eq,0.5,6.5,5,10
7.482433334471366,-93.33965489659246,0.664380693404857,-408.178525617389,1.6344416666666666,-306.6054507784742,3.1302973518979442,-139.4866934155332,0.2,3,-20,2,400,0.7,0.5,eq,0.5,35,10,10
5.327510845438027,-94.59076824889578,0.664380693404857,-375.51741771251386,1.6344416666666666,-268.33868029118923,3.1302973518979442,-135.49059993928458,0.2,3,-20,2,400,0.7,0.5,eq,0.5,35,5,10
7.482433334471366,-88.99189763453363,0.664380693404857,-387.50926194699997,1.6344416666666666,-290.48430975459047,3.1302973518979442,-137.8032070472066,0.2,3,-20,2,400,0.7,0.5,eff,1,6.5,10,10
5.327510845438027,-90.38986506758839,0.664380693404857,-355.31984670291115,1.6344416666666666,-253.1956622350568,3.1302973518979442,-133.90925625926496,0.2,3,-20,2,400,0.7,0.5,eff,1,6.5,5,10
7.482433334471366,-91.40332519353423,0.664380693404857,-389.92068950600054,1.6344416666666666,-293.2777395701038,3.1302973518979442,-138.0949172312641,0.2,3,-20,2,400,0.7,0.5,eff,0.5,6.5,10,10
7.482433334471366,-93.33965489659246,0.664380693404857,-391.85701920905893,1.6344416666666666,-295.52080969741075,3.1302973518979442,-138.32915486847153,0.2,3,-20,2,400,0.7,0.5,eff,0.5,35,10,10
5.327510845438027,-90.38986506758839,0.6968241909147566,-358.91128392766495,1.6344416666666666,-249.8454515520367,3.1302973518979442,-133.55940298228353,0.2,3,-20,2,400,0.7,1,eq,1,6.5,5,10
5.327510845438027,-94.59076824889578,0.664380693404857,-359.52074988421856,1.6344416666666666,-258.06204445632034,3.1302973518979442,-134.41743915527871,0.2,3,-20,2,400,0.7,0.5,eff,0.5,35,5,10
7.482433334471366,-88.99189763453363,0.664380693404857,-387.50926194699997,1.6344416666666666,-290.48430975459047,3.1302973518979442,-137.8032070472066,0.2,3,-20,2,400,0.7,0.5,eff,1,35,10,10
7.482433334471366,-88.99189763453363,0.6968241909147566,-390.9749819355633,1.6344416666666666,-287.3641070185954,3.1302973518979442,-137.47737286681695,0.2,3,-20,2,400,0.7,1,eq,1,35,10,10
5.327510845438027,-91.51466541437559,0.664380693404857,-356.44464704969835,1.6344416666666666,-254.49864594561527,3.1302973518979442,-134.0453232604547,0.2,3,-20,2,400,0.7,0.5,eff,1,35,5,10
7.482433334471366,-88.99189763453363,0.6968241909147566,-390.9749819355633,1.6344416666666666,-287.3641070185954,3.1302973518979442,-137.47737286681695,0.2,3,-20,2,400,0.7,1,eq,1,6.5,10,10
5.327510845438027,-91.51466541437559,0.6968241909147566,-360.03608427445215,1.6344416666666666,-251.16161279721388,3.1302973518979442,-133.69684607712972,0.2,3,-20,2,400,0.7,1,eq,1,35,5,10
7.482433334471366,-91.40332519353423,0.6968241909147566,-393.3864094945639,1.6344416666666666,-290.1857877794718,3.1302973518979442,-137.77203321931097,0.2,3,-20,2,400,0.7,1,eq,0.5,6.5,10,10
5.327510845438027,-94.59076824889578,0.6968241909147566,-363.11218710897236,1.6344416666666666,-254.7610492187191,3.1302973518979442,-134.07272531174996,0.2,3,-20,2,400,0.7,1,eq,0.5,35,5,10
5.327510845438027,-92.09914869793256,0.664380693404857,-357.02913033325535,1.6344416666666666,-255.17571916861752,3.1302973518979442,-134.11602815284385,0.2,3,-20,2,400,0.7,0.5,eff,0.5,6.5,5,10
5.327510845438027,-92.09914869793256,0.6968241909147566,-360.62056755800916,1.6344416666666666,-251.8455335015531,3.1302973518979442,-133.76826603314075,0.2,3,-20,2,400,0.7,1,eq,0.5,6.5,5,10
7.482433334471366,-93.33965489659246,0.6968241909147566,-395.3227391976221,1.6344416666666666,-292.451542870123,3.1302973518979442,-138.0086397847785,0.2,3,-20,2,400,0.7,1,eq,0.5,35,10,10
7.482433334471366,-88.99189763453363,0.6968241909147566,-375.3466826445973,1.6344416666666666,-277.18061074193383,3.1302973518979442,-136.41393839041947,0.2,3,-20,2,400,0.7,1,eff,1,6.5,10,10
5.327510845438027,-90.38986506758839,0.6968241909147566,-343.6375692278891,1.6344416666666666,-240.48823508737559,3.1302973518979442,-132.58225463153096,0.2,3,-20,2,400,0.7,1,eff,1,6.5,5,10
7.482433334471366,-91.40332519353423,0.6968241909147566,-377.7581102035979,1.6344416666666666,-279.97100745517037,3.1302973518979442,-136.70533183595757,0.2,3,-20,2,400,0.7,1,eff,0.5,6.5,10,10
5.327510845438027,-92.09914869793256,0.6968241909147566,-345.3468528582333,1.6344416666666666,-242.46614207415533,3.1302973518979442,-132.78880201208722,0.2,3,-20,2,400,0.7,1,eff,0.5,6.5,5,10
5.327510845438027,-94.59076824889578,0.6968241909147566,-347.8384724091965,1.6344416666666666,-245.34933339589003,3.1302973518979442,-133.08988574308535,0.2,3,-20,2,400,0.7,1,eff,0.5,35,5,10
5.327510845438027,-90.38986506758839,0.664380693404857,-371.31651453120645,1.6344416666666666,-263.4167713854028,3.1302973518979442,-134.97661854449606,0.2,3,-20,2,400,0.8,0.5,eq,1,6.5,5,10
7.482433334471366,-91.40332519353423,0.664380693404857,-406.2421959143308,1.6344416666666666,-304.3367866342464,3.1302973518979442,-139.24978306561064,0.2,3,-20,2,400,0.8,0.5,eq,0.5,6.5,10,10
7.482433334471366,-88.99189763453363,0.6968241909147566,-375.3466826445973,1.6344416666666666,-277.18061074193383,3.1302973518979442,-136.41393839041947,0.2,3,-20,2,400,0.7,1,eff,1,35,10,10
5.327510845438027,-91.51466541437559,0.664380693404857,-372.44131487799365,1.6344416666666666,-264.73462247735915,3.1302973518979442,-135.11423810538858,0.2,3,-20,2,400,0.8,0.5,eq,1,35,5,10
5.327510845438027,-92.09914869793256,0.664380693404857,-373.02579816155065,1.6344416666666666,-265.41942128227333,3.1302973518979442,-135.18574975902476,0.2,3,-20,2,400,0.8,0.5,eq,0.5,6.5,5,10
7.482433334471366,-88.99189763453363,0.664380693404857,-403.83076835533024,1.6344416666666666,-301.5114830617156,3.1302973518979442,-138.95474439287082,0.2,3,-20,2,400,0.8,0.5,eq,1,35,10,10
5.327510845438027,-91.51466541437559,0.6968241909147566,-344.7623695746763,1.6344416666666666,-241.7898040162937,3.1302973518979442,-132.71817389096952,0.2,3,-20,2,400,0.7,1,eff,1,35,5,10
7.482433334471366,-88.99189763453363,0.664380693404857,-403.83076835533024,1.6344416666666666,-301.5114830617156,3.1302973518979442,-138.95474439287082,0.2,3,-20,2,400,0.8,0.5,eq,1,6.5,10,10
7.482433334471366,-93.33965489659246,0.6968241909147566,-379.69443990665616,1.6344416666666666,-282.21164206248426,3.1302973518979442,-136.9393151385183,0.2,3,-20,2,400,0.7,1,eff,0.5,35,10,10
5.327510845438027,-94.59076824889578,0.664380693404857,-375.51741771251386,1.6344416666666666,-268.33868029118923,3.1302973518979442,-135.49059993928458,0.2,3,-20,2,400,0.8,0.5,eq,0.5,35,5,10
7.482433334471366,-93.33965489659246,0.664380693404857,-408.178525617389,1.6344416666666666,-306.6054507784742,3.1302973518979442,-139.4866934155332,0.2,3,-20,2,400,0.8,0.5,eq,0.5,35,10,10
7.482433334471366,-88.99189763453363,0.664380693404857,-387.50926194699997,1.6344416666666666,-290.48430975459047,3.1302973518979442,-137.8032070472066,0.2,3,-20,2,400,0.8,0.5,eff,1,6.5,10,10
5.327510845438027,-90.38986506758839,0.664380693404857,-355.31984670291115,1.6344416666666666,-253.1956622350568,3.1302973518979442,-133.90925625926496,0.2,3,-20,2,400,0.8,0.5,eff,1,6.5,5,10
7.482433334471366,-88.99189763453363,0.664380693404857,-387.50926194699997,1.6344416666666666,-290.48430975459047,3.1302973518979442,-137.8032070472066,0.2,3,-20,2,400,0.8,0.5,eff,1,35,10,10
5.327510845438027,-92.09914869793256,0.664380693404857,-357.02913033325535,1.6344416666666666,-255.17571916861752,3.1302973518979442,-134.11602815284385,0.2,3,-20,2,400,0.8,0.5,eff,0.5,6.5,5,10
5.327510845438027,-91.51466541437559,0.664380693404857,-356.44464704969835,1.6344416666666666,-254.49864594561527,3.1302973518979442,-134.0453232604547,0.2,3,-20,2,400,0.8,0.5,eff,1,35,5,10
7.482433334471366,-91.40332519353423,0.6968241909147566,-393.3864094945639,1.6344416666666666,-290.1857877794718,3.1302973518979442,-137.77203321931097,0.2,3,-20,2,400,0.8,1,eq,0.5,6.5,10,10
5.327510845438027,-92.09914869793256,0.6968241909147566,-360.62056755800916,1.6344416666666666,-251.8455335015531,3.1302973518979442,-133.76826603314075,0.2,3,-20,2,400,0.8,1,eq,0.5,6.5,5,10
5.327510845438027,-94.59076824889578,0.664380693404857,-359.52074988421856,1.6344416666666666,-258.06204445632034,3.1302973518979442,-134.41743915527871,0.2,3,-20,2,400,0.8,0.5,eff,0.5,35,5,10
5.327510845438027,-91.51466541437559,0.6968241909147566,-360.03608427445215,1.6344416666666666,-251.16161279721388,3.1302973518979442,-133.69684607712972,0.2,3,-20,2,400,0.8,1,eq,1,35,5,10
7.482433334471366,-91.40332519353423,0.664380693404857,-389.92068950600054,1.6344416666666666,-293.2777395701038,3.1302973518979442,-138.0949172312641,0.2,3,-20,2,400,0.8,0.5,eff,0.5,6.5,10,10
7.482433334471366,-88.99189763453363,0.6968241909147566,-390.9749819355633,1.6344416666666666,-287.3641070185954,3.1302973518979442,-137.47737286681695,0.2,3,-20,2,400,0.8,1,eq,1,6.5,10,10
7.482433334471366,-93.33965489659246,0.664380693404857,-391.85701920905893,1.6344416666666666,-295.52080969741075,3.1302973518979442,-138.32915486847153,0.2,3,-20,2,400,0.8,0.5,eff,0.5,35,10,10
7.482433334471366,-93.33965489659246,0.6968241909147566,-395.3227391976221,1.6344416666666666,-292.451542870123,3.1302973518979442,-138.0086397847785,0.2,3,-20,2,400,0.8,1,eq,0.5,35,10,10
5.327510845438027,-94.59076824889578,0.6968241909147566,-363.11218710897236,1.6344416666666666,-254.7610492187191,3.1302973518979442,-134.07272531174996,0.2,3,-20,2,400,0.8,1,eq,0.5,35,5,10
7.482433334471366,-88.99189763453363,0.6968241909147566,-375.3466826445973,1.6344416666666666,-277.18061074193383,3.1302973518979442,-136.41393839041947,0.2,3,-20,2,400,0.8,1,eff,1,6.5,10,10
5.327510845438027,-90.38986506758839,0.6968241909147566,-358.91128392766495,1.6344416666666666,-249.8454515520367,3.1302973518979442,-133.55940298228353,0.2,3,-20,2,400,0.8,1,eq,1,6.5,5,10
5.327510845438027,-90.38986506758839,0.6968241909147566,-343.6375692278891,1.6344416666666666,-240.48823508737559,3.1302973518979442,-132.58225463153096,0.2,3,-20,2,400,0.8,1,eff,1,6.5,5,10
7.482433334471366,-88.99189763453363,0.6968241909147566,-390.9749819355633,1.6344416666666666,-287.3641070185954,3.1302973518979442,-137.47737286681695,0.2,3,-20,2,400,0.8,1,eq,1,35,10,10
7.482433334471366,-88.99189763453363,0.6968241909147566,-375.3466826445973,1.6344416666666666,-277.18061074193383,3.1302973518979442,-136.41393839041947,0.2,3,-20,2,400,0.8,1,eff,1,35,10,10
7.482433334471366,-91.40332519353423,0.6968241909147566,-377.7581102035979,1.6344416666666666,-279.97100745517037,3.1302973518979442,-136.70533183595757,0.2,3,-20,2,400,0.8,1,eff,0.5,6.5,10,10
5.327510845438027,-92.09914869793256,0.6968241909147566,-345.3468528582333,1.6344416666666666,-242.46614207415533,3.1302973518979442,-132.78880201208722,0.2,3,-20,2,400,0.8,1,eff,0.5,6.5,5,10
5.327510845438027,-91.51466541437559,0.6968241909147566,-344.7623695746763,1.6344416666666666,-241.7898040162937,3.1302973518979442,-132.71817389096952,0.2,3,-20,2,400,0.8,1,eff,1,35,5,10
7.482433334471366,-91.40332519353423,0.664380693404857,-406.2421959143308,2.1014249999999994,-304.3373319374991,3.223694018564611,-144.03274476646766,0.2,3,-20,2,500,0.7,0.5,eq,0.5,6.5,10,10
5.327510845438027,-91.51466541437559,0.664380693404857,-372.44131487799365,2.1014249999999994,-264.73516777984554,3.223694018564611,-138.8696630759757,0.2,3,-20,2,500,0.7,0.5,eq,1,35,5,10
7.482433334471366,-88.99189763453363,0.664380693404857,-403.83076835533024,2.1014249999999994,-301.5120283613283,3.223694018564611,-143.66439941276076,0.2,3,-20,2,500,0.7,0.5,eq,1,35,10,10
5.327510845438027,-94.59076824889578,0.6968241909147566,-347.8384724091965,1.6344416666666666,-245.34933339589003,3.1302973518979442,-133.08988574308535,0.2,3,-20,2,400,0.8,1,eff,0.5,35,5,10
7.482433334471366,-88.99189763453363,0.664380693404857,-403.83076835533024,2.1014249999999994,-301.5120283613283,3.223694018564611,-143.66439941276076,0.2,3,-20,2,500,0.7,0.5,eq,1,6.5,10,10
7.482433334471366,-93.33965489659246,0.664380693404857,-408.178525617389,2.1014249999999994,-306.60599607817005,3.223694018564611,-144.32851896304788,0.2,3,-20,2,500,0.7,0.5,eq,0.5,35,10,10
5.327510845438027,-90.38986506758839,0.664380693404857,-371.31651453120645,2.1014249999999994,-263.41731668788435,3.223694018564611,-138.69784991908318,0.2,3,-20,2,500,0.7,0.5,eq,1,6.5,5,10
7.482433334471366,-93.33965489659246,0.6968241909147566,-379.69443990665616,1.6344416666666666,-282.21164206248426,3.1302973518979442,-136.9393151385183,0.2,3,-20,2,400,0.8,1,eff,0.5,35,10,10
5.327510845438027,-90.38986506758839,0.664380693404857,-355.31984670291115,2.1014249999999994,-253.19615986481077,3.223694018564611,-137.36527962219802,0.2,3,-20,2,500,0.7,0.5,eff,1,6.5,5,10
5.327510845438027,-92.09914869793256,0.664380693404857,-373.02579816155065,2.1014249999999994,-265.41996658477854,3.223694018564611,-138.9589428475898,0.2,3,-20,2,500,0.7,0.5,eq,0.5,6.5,5,10
7.482433334471366,-88.99189763453363,0.664380693404857,-387.50926194699997,2.1014249999999994,-290.4848073816612,3.223694018564611,-142.22673952855646,0.2,3,-20,2,500,0.7,0.5,eff,1,6.5,10,10
5.327510845438027,-94.59076824889578,0.664380693404857,-375.51741771251386,2.1014249999999994,-268.33922559265585,3.223694018564611,-139.33953752098617,0.2,3,-20,2,500,0.7,0.5,eq,0.5,35,5,10
7.482433334471366,-88.99189763453363,0.6968241909147566,-390.9749819355633,2.1014249999999994,-287.36462171954196,3.223694018564611,-141.81994929863652,0.2,3,-20,2,500,0.7,1,eq,1,35,10,10
7.482433334471366,-88.99189763453363,0.6968241909147566,-390.9749819355633,2.1014249999999994,-287.36462171954196,3.223694018564611,-141.81994929863652,0.2,3,-20,2,500,0.7,1,eq,1,6.5,10,10
7.482433334471366,-88.99189763453363,0.664380693404857,-387.50926194699997,2.1014249999999994,-290.4848073816612,3.223694018564611,-142.22673952855646,0.2,3,-20,2,500,0.7,0.5,eff,1,35,10,10
5.327510845438027,-92.09914869793256,0.664380693404857,-357.02913033325535,2.1014249999999994,-255.1762167949724,3.223694018564611,-137.62342702145503,0.2,3,-20,2,500,0.7,0.5,eff,0.5,6.5,5,10
5.327510845438027,-91.51466541437559,0.664380693404857,-356.44464704969835,2.1014249999999994,-254.49914357195465,3.223694018564611,-137.53515446273923,0.2,3,-20,2,500,0.7,0.5,eff,1,35,5,10
5.327510845438027,-90.38986506758839,0.6968241909147566,-358.91128392766495,2.1014249999999994,-249.8459662529938,3.223694018564611,-136.92850239891507,0.2,3,-20,2,500,0.7,1,eq,1,6.5,5,10
7.482433334471366,-91.40332519353423,0.664380693404857,-389.92068950600054,2.1014249999999994,-293.2782371983133,3.223694018564611,-142.5909293814801,0.2,3,-20,2,500,0.7,0.5,eff,0.5,6.5,10,10
7.482433334471366,-91.40332519353423,0.6968241909147566,-393.3864094945639,2.1014249999999994,-290.18630248043047,3.223694018564611,-142.1878223324171,0.2,3,-20,2,500,0.7,1,eq,0.5,6.5,10,10
5.327510845438027,-94.59076824889578,0.664380693404857,-359.52074988421856,2.1014249999999994,-258.0625420819012,3.223694018564611,-137.99972800294745,0.2,3,-20,2,500,0.7,0.5,eff,0.5,35,5,10
5.327510845438027,-91.51466541437559,0.6968241909147566,-360.03608427445215,2.1014249999999994,-251.16212749743127,3.223694018564611,-137.10009524408994,0.2,3,-20,2,500,0.7,1,eq,1,35,5,10
7.482433334471366,-93.33965489659246,0.664380693404857,-391.85701920905893,2.1014249999999994,-295.52130732762987,3.223694018564611,-142.8833667914423,0.2,3,-20,2,500,0.7,0.5,eff,0.5,35,10,10
5.327510845438027,-92.09914869793256,0.6968241909147566,-360.62056755800916,2.1014249999999994,-251.84604820251488,3.223694018564611,-137.18926053455505,0.2,3,-20,2,500,0.7,1,eq,0.5,6.5,5,10
7.482433334471366,-93.33965489659246,0.6968241909147566,-395.3227391976221,2.1014249999999994,-292.4520575711237,3.223694018564611,-142.48321726531356,0.2,3,-20,2,500,0.7,1,eq,0.5,35,10,10
7.482433334471366,-88.99189763453363,0.6968241909147566,-375.3466826445973,2.1014249999999994,-277.181080921245,3.223694018564611,-140.49228314305074,0.2,3,-20,2,500,0.7,1,eff,1,6.5,10,10
5.327510845438027,-94.59076824889578,0.6968241909147566,-363.11218710897236,2.1014249999999994,-254.7615639196279,3.223694018564611,-137.56936718118772,0.2,3,-20,2,500,0.7,1,eq,0.5,35,5,10
5.327510845438027,-90.38986506758839,0.6968241909147566,-343.6375692278891,2.1014249999999994,-240.4887052671499,3.223694018564611,-135.70856142102207,0.2,3,-20,2,500,0.7,1,eff,1,6.5,5,10
7.482433334471366,-88.99189763453363,0.6968241909147566,-375.3466826445973,2.1014249999999994,-277.181080921245,3.223694018564611,-140.49228314305074,0.2,3,-20,2,500,0.7,1,eff,1,35,10,10
7.482433334471366,-93.33965489659246,0.6968241909147566,-379.69443990665616,2.1014249999999994,-282.2121122431512,3.223694018564611,-141.14819744104267,0.2,3,-20,2,500,0.7,1,eff,0.5,35,10,10
7.482433334471366,-91.40332519353423,0.6968241909147566,-377.7581102035979,2.1014249999999994,-279.97147763504114,3.223694018564611,-140.85607755905437,0.2,3,-20,2,500,0.7,1,eff,0.5,6.5,10,10
5.327510845438027,-92.09914869793256,0.6968241909147566,-345.3468528582333,2.1014249999999994,-242.46661225487335,3.223694018564611,-135.96642852427343,0.2,3,-20,2,500,0.7,1,eff,0.5,6.5,5,10
5.327510845438027,-94.59076824889578,0.6968241909147566,-347.8384724091965,2.1014249999999994,-245.34980357566198,3.223694018564611,-136.34232091892352,0.2,3,-20,2,500,0.7,1,eff,0.5,35,5,10
5.327510845438027,-91.51466541437559,0.6968241909147566,-344.7623695746763,2.1014249999999994,-241.79027419629023,3.223694018564611,-135.87825181168378,0.2,3,-20,2,500,0.7,1,eff,1,35,5,10
5.327510845438027,-91.51466541437559,0.664380693404857,-372.44131487799365,2.1014249999999994,-264.73516777984554,3.223694018564611,-138.8696630759757,0.2,3,-20,2,500,0.8,0.5,eq,1,35,5,10
5.327510845438027,-92.09914869793256,0.664380693404857,-373.02579816155065,2.1014249999999994,-265.41996658477854,3.223694018564611,-138.9589428475898,0.2,3,-20,2,500,0.8,0.5,eq,0.5,6.5,5,10
7.482433334471366,-91.40332519353423,0.664380693404857,-406.2421959143308,2.1014249999999994,-304.3373319374991,3.223694018564611,-144.03274476646766,0.2,3,-20,2,500,0.8,0.5,eq,0.5,6.5,10,10
5.327510845438027,-90.38986506758839,0.664380693404857,-371.31651453120645,2.1014249999999994,-263.41731668788435,3.223694018564611,-138.69784991908318,0.2,3,-20,2,500,0.8,0.5,eq,1,6.5,5,10
7.482433334471366,-88.99189763453363,0.664380693404857,-403.83076835533024,2.1014249999999994,-301.5120283613283,3.223694018564611,-143.66439941276076,0.2,3,-20,2,500,0.8,0.5,eq,1,35,10,10
7.482433334471366,-88.99189763453363,0.664380693404857,-403.83076835533024,2.1014249999999994,-301.5120283613283,3.223694018564611,-143.66439941276076,0.2,3,-20,2,500,0.8,0.5,eq,1,6.5,10,10
7.482433334471366,-93.33965489659246,0.664380693404857,-408.178525617389,2.1014249999999994,-306.60599607817005,3.223694018564611,-144.32851896304788,0.2,3,-20,2,500,0.8,0.5,eq,0.5,35,10,10
7.482433334471366,-88.99189763453363,0.664380693404857,-387.50926194699997,2.1014249999999994,-290.4848073816612,3.223694018564611,-142.22673952855646,0.2,3,-20,2,500,0.8,0.5,eff,1,6.5,10,10
5.327510845438027,-94.59076824889578,0.664380693404857,-375.51741771251386,2.1014249999999994,-268.33922559265585,3.223694018564611,-139.33953752098617,0.2,3,-20,2,500,0.8,0.5,eq,0.5,35,5,10
5.327510845438027,-90.38986506758839,0.664380693404857,-355.31984670291115,2.1014249999999994,-253.19615986481077,3.223694018564611,-137.36527962219802,0.2,3,-20,2,500,0.8,0.5,eff,1,6.5,5,10
7.482433334471366,-93.33965489659246,0.664380693404857,-391.85701920905893,2.1014249999999994,-295.52130732762987,3.223694018564611,-142.8833667914423,0.2,3,-20,2,500,0.8,0.5,eff,0.5,35,10,10
7.482433334471366,-88.99189763453363,0.664380693404857,-387.50926194699997,2.1014249999999994,-290.4848073816612,3.223694018564611,-142.22673952855646,0.2,3,-20,2,500,0.8,0.5,eff,1,35,10,10
5.327510845438027,-91.51466541437559,0.664380693404857,-356.44464704969835,2.1014249999999994,-254.49914357195465,3.223694018564611,-137.53515446273923,0.2,3,-20,2,500,0.8,0.5,eff,1,35,5,10
7.482433334471366,-91.40332519353423,0.664380693404857,-389.92068950600054,2.1014249999999994,-293.2782371983133,3.223694018564611,-142.5909293814801,0.2,3,-20,2,500,0.8,0.5,eff,0.5,6.5,10,10
5.327510845438027,-92.09914869793256,0.664380693404857,-357.02913033325535,2.1014249999999994,-255.1762167949724,3.223694018564611,-137.62342702145503,0.2,3,-20,2,500,0.8,0.5,eff,0.5,6.5,5,10
5.327510845438027,-94.59076824889578,0.664380693404857,-359.52074988421856,2.1014249999999994,-258.0625420819012,3.223694018564611,-137.99972800294745,0.2,3,-20,2,500,0.8,0.5,eff,0.5,35,5,10
7.482433334471366,-88.99189763453363,0.6968241909147566,-390.9749819355633,2.1014249999999994,-287.36462171954196,3.223694018564611,-141.81994929863652,0.2,3,-20,2,500,0.8,1,eq,1,6.5,10,10
7.482433334471366,-91.40332519353423,0.6968241909147566,-393.3864094945639,2.1014249999999994,-290.18630248043047,3.223694018564611,-142.1878223324171,0.2,3,-20,2,500,0.8,1,eq,0.5,6.5,10,10
5.327510845438027,-92.09914869793256,0.6968241909147566,-360.62056755800916,2.1014249999999994,-251.84604820251488,3.223694018564611,-137.18926053455505,0.2,3,-20,2,500,0.8,1,eq,0.5,6.5,5,10
5.327510845438027,-91.51466541437559,0.6968241909147566,-360.03608427445215,2.1014249999999994,-251.16212749743127,3.223694018564611,-137.10009524408994,0.2,3,-20,2,500,0.8,1,eq,1,35,5,10
5.327510845438027,-94.59076824889578,0.6968241909147566,-363.11218710897236,2.1014249999999994,-254.7615639196279,3.223694018564611,-137.56936718118772,0.2,3,-20,2,500,0.8,1,eq,0.5,35,5,10
7.482433334471366,-88.99189763453363,0.6968241909147566,-390.9749819355633,2.1014249999999994,-287.36462171954196,3.223694018564611,-141.81994929863652,0.2,3,-20,2,500,0.8,1,eq,1,35,10,10
7.482433334471366,-93.33965489659246,0.6968241909147566,-395.3227391976221,2.1014249999999994,-292.4520575711237,3.223694018564611,-142.48321726531356,0.2,3,-20,2,500,0.8,1,eq,0.5,35,10,10
5.327510845438027,-90.38986506758839,0.6968241909147566,-358.91128392766495,2.1014249999999994,-249.8459662529938,3.223694018564611,-136.92850239891507,0.2,3,-20,2,500,0.8,1,eq,1,6.5,5,10
7.482433334471366,-88.99189763453363,0.6968241909147566,-375.3466826445973,2.1014249999999994,-277.181080921245,3.223694018564611,-140.49228314305074,0.2,3,-20,2,500,0.8,1,eff,1,6.5,10,10
5.327510845438027,-90.38986506758839,0.6968241909147566,-343.6375692278891,2.1014249999999994,-240.4887052671499,3.223694018564611,-135.70856142102207,0.2,3,-20,2,500,0.8,1,eff,1,6.5,5,10
7.482433334471366,-88.99189763453363,0.6968241909147566,-375.3466826445973,2.1014249999999994,-277.181080921245,3.223694018564611,-140.49228314305074,0.2,3,-20,2,500,0.8,1,eff,1,35,10,10
5.327510845438027,-91.51466541437559,0.6968241909147566,-344.7623695746763,2.1014249999999994,-241.79027419629023,3.223694018564611,-135.87825181168378,0.2,3,-20,2,500,0.8,1,eff,1,35,5,10
7.482433334471366,-91.40332519353423,0.6968241909147566,-377.7581102035979,2.1014249999999994,-279.97147763504114,3.223694018564611,-140.85607755905437,0.2,3,-20,2,500,0.8,1,eff,0.5,6.5,10,10
5.327510845438027,-92.09914869793256,0.6968241909147566,-345.3468528582333,2.1014249999999994,-242.46661225487335,3.223694018564611,-135.96642852427343,0.2,3,-20,2,500,0.8,1,eff,0.5,6.5,5,10
7.482433334471366,-93.33965489659246,0.6968241909147566,-379.69443990665616,2.1014249999999994,-282.2121122431512,3.223694018564611,-141.14819744104267,0.2,3,-20,2,500,0.8,1,eff,0.5,35,10,10
5.327510845438027,-94.59076824889578,0.6968241909147566,-347.8384724091965,2.1014249999999994,-245.34980357566198,3.223694018564611,-136.34232091892352,0.2,3,-20,2,500,0.8,1,eff,0.5,35,5,10
7.482433334471366,-88.99189763453363,1.6648435882347152,-262.3746001532685,0.8172208333333333,-157.93890527565858,2.966853185231278,-122.09005716490906,0.2,3,-10,1,400,0.7,0.5,eq,1,6.5,10,10
5.327510845438027,-90.38986506758839,1.6648435882347152,-229.86034632914482,0.8172208333333333,-120.82115129329256,2.966853185231278,-120.04523728693673,0.2,3,-10,1,400,0.7,0.5,eq,1,6.5,5,10
7.482433334471366,-91.40332519353423,1.6648435882347152,-264.78602771226906,0.8172208333333333,-160.69175254465907,2.966853185231278,-122.24171172944287,0.2,3,-10,1,400,0.7,0.5,eq,0.5,6.5,10,10
7.482433334471366,-88.99189763453363,1.6648435882347152,-262.3746001532685,0.8172208333333333,-157.93890527565858,2.966853185231278,-122.09005716490906,0.2,3,-10,1,400,0.7,0.5,eq,1,35,10,10
5.327510845438027,-94.59076824889578,1.6648435882347152,-234.0612495104522,0.8172208333333333,-125.61683541554095,2.966853185231278,-120.3094318884288,0.2,3,-10,1,400,0.7,0.5,eq,0.5,35,5,10
5.327510845438027,-91.51466541437559,1.6648435882347152,-230.98514667593201,0.8172208333333333,-122.10520544324575,2.966853185231278,-120.11597592730439,0.2,3,-10,1,400,0.7,0.5,eq,1,35,5,10
5.327510845438027,-92.09914869793256,1.6648435882347152,-231.569629959489,0.8172208333333333,-122.77244224582638,2.966853185231278,-120.1527340532913,0.2,3,-10,1,400,0.7,0.5,eq,0.5,6.5,5,10
7.482433334471366,-93.33965489659246,1.6648435882347152,-266.7223574153273,0.8172208333333333,-162.90223567421944,2.966853185231278,-122.36348741245962,0.2,3,-10,1,400,0.7,0.5,eq,0.5,35,10,10
7.482433334471366,-88.99189763453363,1.6648435882347152,-255.8921313153784,0.8172208333333333,-156.81727074114627,2.966853185231278,-122.02826623345653,0.2,3,-10,1,400,0.7,0.5,eff,1,6.5,10,10
5.327510845438027,-90.38986506758839,1.6648435882347152,-223.70271607128953,0.8172208333333333,-120.34195669208354,2.966853185231278,-120.01883842006478,0.2,3,-10,1,400,0.7,0.5,eff,1,6.5,5,10
7.482433334471366,-88.99189763453363,1.6648435882347152,-255.8921313153784,0.8172208333333333,-156.81727074114627,2.966853185231278,-122.02826623345653,0.2,3,-10,1,400,0.7,0.5,eff,1,35,10,10
7.482433334471366,-91.40332519353423,1.6648435882347152,-258.303558874379,0.8172208333333333,-159.5497707528966,2.966853185231278,-122.17879986604763,0.2,3,-10,1,400,0.7,0.5,eff,0.5,6.5,10,10
5.327510845438027,-92.09914869793256,1.6648435882347152,-225.4119997016337,0.8172208333333333,-122.27882496881739,2.966853185231278,-120.12554064011715,0.2,3,-10,1,400,0.7,0.5,eff,0.5,6.5,5,10
5.327510845438027,-91.51466541437559,1.6648435882347152,-224.82751641807673,0.8172208333333333,-121.61651994779062,2.966853185231278,-120.08905420634963,0.2,3,-10,1,400,0.7,0.5,eff,1,35,5,10
7.482433334471366,-93.33965489659246,1.6648435882347152,-260.2398885774373,0.8172208333333333,-161.74391542653862,2.966853185231278,-122.29967546229037,0.2,3,-10,1,400,0.7,0.5,eff,0.5,35,10,10
5.327510845438027,-94.59076824889578,1.6648435882347152,-227.9036192525969,0.8172208333333333,-125.10219423277388,2.966853185231278,-120.28108026669415,0.2,3,-10,1,400,0.7,0.5,eff,0.5,35,5,10
7.482433334471366,-88.99189763453363,1.7398467296524174,-253.87675214470806,0.8172208333333333,-149.35882118587284,2.966853185231278,-121.61737968259689,0.2,3,-10,1,400,0.7,1,eq,1,6.5,10,10
5.327510845438027,-90.38986506758839,1.7398467296524174,-221.81305413680974,0.8172208333333333,-112.80358553530891,2.966853185231278,-119.60354898212533,0.2,3,-10,1,400,0.7,1,eq,1,6.5,5,10
7.482433334471366,-88.99189763453363,1.7398467296524174,-253.87675214470806,0.8172208333333333,-149.35882118587284,2.966853185231278,-121.61737968259689,0.2,3,-10,1,400,0.7,1,eq,1,35,10,10
5.327510845438027,-92.09914869793256,1.7398467296524174,-223.5223377671539,0.8172208333333333,-114.75230853836186,2.966853185231278,-119.71090427994868,0.2,3,-10,1,400,0.7,1,eq,0.5,6.5,5,10
5.327510845438027,-91.51466541437559,1.7398467296524174,-222.93785448359694,0.8172208333333333,-114.08594983732047,2.966853185231278,-119.67419452864203,0.2,3,-10,1,400,0.7,1,eq,1,35,5,10
7.482433334471366,-93.33965489659246,1.7398467296524174,-258.2245094067669,0.8172208333333333,-154.31561971938703,2.966853185231278,-121.89045008920729,0.2,3,-10,1,400,0.7,1,eq,0.5,35,10,10
7.482433334471366,-88.99189763453363,1.7398467296524174,-247.72493840993175,0.8172208333333333,-148.5176390415773,2.966853185231278,-121.57103889456123,0.2,3,-10,1,400,0.7,1,eff,1,6.5,10,10
7.482433334471366,-91.40332519353423,1.7398467296524174,-256.28817970370864,0.8172208333333333,-152.10804564110563,2.966853185231278,-121.76883466604593,0.2,3,-10,1,400,0.7,1,eq,0.5,6.5,10,10
5.327510845438027,-94.59076824889578,1.7398467296524174,-226.01395731811712,0.8172208333333333,-117.59295841693165,2.966853185231278,-119.86739589689344,0.2,3,-10,1,400,0.7,1,eq,0.5,35,5,10
5.327510845438027,-90.38986506758839,1.7398467296524174,-216.0158249932236,0.8172208333333333,-112.62683166124089,2.966853185231278,-119.59381159781668,0.2,3,-10,1,400,0.7,1,eff,1,6.5,5,10
7.482433334471366,-88.99189763453363,1.7398467296524174,-247.72493840993175,0.8172208333333333,-148.5176390415773,2.966853185231278,-121.57103889456123,0.2,3,-10,1,400,0.7,1,eff,1,35,10,10
5.327510845438027,-92.09914869793256,1.7398467296524174,-217.72510862356776,0.8172208333333333,-114.56153001539978,2.966853185231278,-119.70039427667022,0.2,3,-10,1,400,0.7,1,eff,0.5,6.5,5,10
5.327510845438027,-91.51466541437559,1.7398467296524174,-217.14062534001079,0.8172208333333333,-113.89996699194211,2.966853185231278,-119.66394871960495,0.2,3,-10,1,400,0.7,1,eff,1,35,5,10
7.482433334471366,-93.33965489659246,1.7398467296524174,-252.0726956719906,0.8172208333333333,-153.43876428303946,2.966853185231278,-121.84214405681104,0.2,3,-10,1,400,0.7,1,eff,0.5,35,10,10
7.482433334471366,-91.40332519353423,1.7398467296524174,-250.13636596893235,0.8172208333333333,-151.24707776474682,2.966853185231278,-121.72140388053253,0.2,3,-10,1,400,0.7,1,eff,0.5,6.5,10,10
5.327510845438027,-94.59076824889578,1.7398467296524174,-220.21672817453097,0.8172208333333333,-117.38173618772596,2.966853185231278,-119.85575964828965,0.2,3,-10,1,400,0.7,1,eff,0.5,35,5,10
5.327510845438027,-90.38986506758839,1.6648435882347152,-229.86034632914482,0.8172208333333333,-120.82115129329256,2.966853185231278,-120.04523728693673,0.2,3,-10,1,400,0.8,0.5,eq,1,6.5,5,10
7.482433334471366,-88.99189763453363,1.6648435882347152,-262.3746001532685,0.8172208333333333,-157.93890527565858,2.966853185231278,-122.09005716490906,0.2,3,-10,1,400,0.8,0.5,eq,1,6.5,10,10
7.482433334471366,-88.99189763453363,1.6648435882347152,-262.3746001532685,0.8172208333333333,-157.93890527565858,2.966853185231278,-122.09005716490906,0.2,3,-10,1,400,0.8,0.5,eq,1,35,10,10
5.327510845438027,-91.51466541437559,1.6648435882347152,-230.98514667593201,0.8172208333333333,-122.10520544324575,2.966853185231278,-120.11597592730439,0.2,3,-10,1,400,0.8,0.5,eq,1,35,5,10
7.482433334471366,-91.40332519353423,1.6648435882347152,-264.78602771226906,0.8172208333333333,-160.69175254465907,2.966853185231278,-122.24171172944287,0.2,3,-10,1,400,0.8,0.5,eq,0.5,6.5,10,10
5.327510845438027,-92.09914869793256,1.6648435882347152,-231.569629959489,0.8172208333333333,-122.77244224582638,2.966853185231278,-120.1527340532913,0.2,3,-10,1,400,0.8,0.5,eq,0.5,6.5,5,10
5.327510845438027,-94.59076824889578,1.6648435882347152,-234.0612495104522,0.8172208333333333,-125.61683541554095,2.966853185231278,-120.3094318884288,0.2,3,-10,1,400,0.8,0.5,eq,0.5,35,5,10
7.482433334471366,-93.33965489659246,1.6648435882347152,-266.7223574153273,0.8172208333333333,-162.90223567421944,2.966853185231278,-122.36348741245962,0.2,3,-10,1,400,0.8,0.5,eq,0.5,35,10,10
7.482433334471366,-88.99189763453363,1.6648435882347152,-255.8921313153784,0.8172208333333333,-156.81727074114627,2.966853185231278,-122.02826623345653,0.2,3,-10,1,400,0.8,0.5,eff,1,6.5,10,10
5.327510845438027,-90.38986506758839,1.6648435882347152,-223.70271607128953,0.8172208333333333,-120.34195669208354,2.966853185231278,-120.01883842006478,0.2,3,-10,1,400,0.8,0.5,eff,1,6.5,5,10
7.482433334471366,-88.99189763453363,1.6648435882347152,-255.8921313153784,0.8172208333333333,-156.81727074114627,2.966853185231278,-122.02826623345653,0.2,3,-10,1,400,0.8,0.5,eff,1,35,10,10
5.327510845438027,-91.51466541437559,1.6648435882347152,-224.82751641807673,0.8172208333333333,-121.61651994779062,2.966853185231278,-120.08905420634963,0.2,3,-10,1,400,0.8,0.5,eff,1,35,5,10
7.482433334471366,-91.40332519353423,1.6648435882347152,-258.303558874379,0.8172208333333333,-159.5497707528966,2.966853185231278,-122.17879986604763,0.2,3,-10,1,400,0.8,0.5,eff,0.5,6.5,10,10
5.327510845438027,-92.09914869793256,1.6648435882347152,-225.4119997016337,0.8172208333333333,-122.27882496881739,2.966853185231278,-120.12554064011715,0.2,3,-10,1,400,0.8,0.5,eff,0.5,6.5,5,10
7.482433334471366,-93.33965489659246,1.6648435882347152,-260.2398885774373,0.8172208333333333,-161.74391542653862,2.966853185231278,-122.29967546229037,0.2,3,-10,1,400,0.8,0.5,eff,0.5,35,10,10
7.482433334471366,-91.40332519353423,1.7398467296524174,-256.28817970370864,0.8172208333333333,-152.10804564110563,2.966853185231278,-121.76883466604593,0.2,3,-10,1,400,0.8,1,eq,0.5,6.5,10,10
7.482433334471366,-88.99189763453363,1.7398467296524174,-253.87675214470806,0.8172208333333333,-149.35882118587284,2.966853185231278,-121.61737968259689,0.2,3,-10,1,400,0.8,1,eq,1,35,10,10
7.482433334471366,-88.99189763453363,1.7398467296524174,-253.87675214470806,0.8172208333333333,-149.35882118587284,2.966853185231278,-121.61737968259689,0.2,3,-10,1,400,0.8,1,eq,1,6.5,10,10
5.327510845438027,-90.38986506758839,1.7398467296524174,-221.81305413680974,0.8172208333333333,-112.80358553530891,2.966853185231278,-119.60354898212533,0.2,3,-10,1,400,0.8,1,eq,1,6.5,5,10
5.327510845438027,-94.59076824889578,1.6648435882347152,-227.9036192525969,0.8172208333333333,-125.10219423277388,2.966853185231278,-120.28108026669415,0.2,3,-10,1,400,0.8,0.5,eff,0.5,35,5,10
5.327510845438027,-91.51466541437559,1.7398467296524174,-222.93785448359694,0.8172208333333333,-114.08594983732047,2.966853185231278,-119.67419452864203,0.2,3,-10,1,400,0.8,1,eq,1,35,5,10
5.327510845438027,-92.09914869793256,1.7398467296524174,-223.5223377671539,0.8172208333333333,-114.75230853836186,2.966853185231278,-119.71090427994868,0.2,3,-10,1,400,0.8,1,eq,0.5,6.5,5,10
7.482433334471366,-93.33965489659246,1.7398467296524174,-258.2245094067669,0.8172208333333333,-154.31561971938703,2.966853185231278,-121.89045008920729,0.2,3,-10,1,400,0.8,1,eq,0.5,35,10,10
7.482433334471366,-88.99189763453363,1.7398467296524174,-247.72493840993175,0.8172208333333333,-148.5176390415773,2.966853185231278,-121.57103889456123,0.2,3,-10,1,400,0.8,1,eff,1,6.5,10,10
5.327510845438027,-90.38986506758839,1.7398467296524174,-216.0158249932236,0.8172208333333333,-112.62683166124089,2.966853185231278,-119.59381159781668,0.2,3,-10,1,400,0.8,1,eff,1,6.5,5,10
5.327510845438027,-94.59076824889578,1.7398467296524174,-226.01395731811712,0.8172208333333333,-117.59295841693165,2.966853185231278,-119.86739589689344,0.2,3,-10,1,400,0.8,1,eq,0.5,35,5,10
7.482433334471366,-88.99189763453363,1.7398467296524174,-247.72493840993175,0.8172208333333333,-148.5176390415773,2.966853185231278,-121.57103889456123,0.2,3,-10,1,400,0.8,1,eff,1,35,10,10
5.327510845438027,-91.51466541437559,1.7398467296524174,-217.14062534001079,0.8172208333333333,-113.89996699194211,2.966853185231278,-119.66394871960495,0.2,3,-10,1,400,0.8,1,eff,1,35,5,10
7.482433334471366,-91.40332519353423,1.7398467296524174,-250.13636596893235,0.8172208333333333,-151.24707776474682,2.966853185231278,-121.72140388053253,0.2,3,-10,1,400,0.8,1,eff,0.5,6.5,10,10
7.482433334471366,-93.33965489659246,1.7398467296524174,-252.0726956719906,0.8172208333333333,-153.43876428303946,2.966853185231278,-121.84214405681104,0.2,3,-10,1,400,0.8,1,eff,0.5,35,10,10
5.327510845438027,-92.09914869793256,1.7398467296524174,-217.72510862356776,0.8172208333333333,-114.56153001539978,2.966853185231278,-119.70039427667022,0.2,3,-10,1,400,0.8,1,eff,0.5,6.5,5,10
7.482433334471366,-88.99189763453363,1.6648435882347152,-262.3746001532685,1.0507124999999997,-157.9389927290319,3.013551518564611,-122.64558104629918,0.2,3,-10,1,500,0.7,0.5,eq,1,35,10,10
5.327510845438027,-94.59076824889578,1.7398467296524174,-220.21672817453097,0.8172208333333333,-117.38173618772596,2.966853185231278,-119.85575964828965,0.2,3,-10,1,400,0.8,1,eff,0.5,35,5,10
5.327510845438027,-90.38986506758839,1.6648435882347152,-229.86034632914482,1.0507124999999997,-120.8212387493429,3.013551518564611,-120.05726703619324,0.2,3,-10,1,500,0.7,0.5,eq,1,6.5,5,10
7.482433334471366,-88.99189763453363,1.6648435882347152,-262.3746001532685,1.0507124999999997,-157.9389927290319,3.013551518564611,-122.64558104629918,0.2,3,-10,1,500,0.7,0.5,eq,1,6.5,10,10
5.327510845438027,-94.59076824889578,1.6648435882347152,-234.0612495104522,1.0507124999999997,-125.61692286982593,3.013551518564611,-120.39168210893381,0.2,3,-10,1,500,0.7,0.5,eq,0.5,35,5,10
5.327510845438027,-91.51466541437559,1.6648435882347152,-230.98514667593201,1.0507124999999997,-122.10529289928408,3.013551518564611,-120.14680735018534,0.2,3,-10,1,500,0.7,0.5,eq,1,35,5,10
7.482433334471366,-91.40332519353423,1.6648435882347152,-264.78602771226906,1.0507124999999997,-160.69183999952077,3.013551518564611,-122.83754398569968,0.2,3,-10,1,500,0.7,0.5,eq,0.5,6.5,10,10
5.327510845438027,-90.38986506758839,1.6648435882347152,-223.70271607128953,1.0507124999999997,-120.3420383280786,3.013551518564611,-120.02385118983871,0.2,3,-10,1,500,0.7,0.5,eff,1,6.5,5,10
5.327510845438027,-92.09914869793256,1.6648435882347152,-231.569629959489,1.0507124999999997,-122.77252969966564,3.013551518564611,-120.1933354445155,0.2,3,-10,1,500,0.7,0.5,eq,0.5,6.5,5,10
7.482433334471366,-88.99189763453363,1.6648435882347152,-255.8921313153784,1.0507124999999997,-156.81735237681556,3.013551518564611,-122.56736625346632,0.2,3,-10,1,500,0.7,0.5,eff,1,6.5,10,10
7.482433334471366,-88.99189763453363,1.6648435882347152,-255.8921313153784,1.0507124999999997,-156.81735237681556,3.013551518564611,-122.56736625346632,0.2,3,-10,1,500,0.7,0.5,eff,1,35,10,10
7.482433334471366,-93.33965489659246,1.6648435882347152,-266.7223574153273,1.0507124999999997,-162.9023231290893,3.013551518564611,-122.99168651427227,0.2,3,-10,1,500,0.7,0.5,eq,0.5,35,10,10
5.327510845438027,-91.51466541437559,1.6648435882347152,-224.82751641807673,1.0507124999999997,-121.61660158379523,3.013551518564611,-120.11272967999042,0.2,3,-10,1,500,0.7,0.5,eff,1,35,5,10
7.482433334471366,-91.40332519353423,1.6648435882347152,-258.303558874379,1.0507124999999997,-159.54985238859788,3.013551518564611,-122.7579103275226,0.2,3,-10,1,500,0.7,0.5,eff,0.5,6.5,10,10
5.327510845438027,-92.09914869793256,1.6648435882347152,-225.4119997016337,1.0507124999999997,-122.27890660435499,3.013551518564611,-120.1589138689535,0.2,3,-10,1,500,0.7,0.5,eff,0.5,6.5,5,10
7.482433334471366,-93.33965489659246,1.6648435882347152,-260.2398885774373,1.0507124999999997,-161.74399706222647,3.013551518564611,-122.9109135346148,0.2,3,-10,1,500,0.7,0.5,eff,0.5,35,10,10
7.482433334471366,-88.99189763453363,1.7398467296524174,-253.87675214470806,1.0507124999999997,-149.35890387336704,3.013551518564611,-122.04726994683924,0.2,3,-10,1,500,0.7,1,eq,1,6.5,10,10
5.327510845438027,-94.59076824889578,1.6648435882347152,-227.9036192525969,1.0507124999999997,-125.10227586695707,3.013551518564611,-120.35579448360734,0.2,3,-10,1,500,0.7,0.5,eff,0.5,35,5,10
5.327510845438027,-90.38986506758839,1.7398467296524174,-221.81305413680974,1.0507124999999997,-112.80366822312014,3.013551518564611,-119.49818174963755,0.2,3,-10,1,500,0.7,1,eq,1,6.5,5,10
7.482433334471366,-88.99189763453363,1.7398467296524174,-253.87675214470806,1.0507124999999997,-149.35890387336704,3.013551518564611,-122.04726994683924,0.2,3,-10,1,500,0.7,1,eq,1,35,10,10
5.327510845438027,-91.51466541437559,1.7398467296524174,-222.93785448359694,1.0507124999999997,-114.08603252512772,3.013551518564611,-119.58760422629832,0.2,3,-10,1,500,0.7,1,eq,1,35,5,10
7.482433334471366,-93.33965489659246,1.7398467296524174,-258.2245094067669,1.0507124999999997,-154.31570240676868,3.013551518564611,-122.39291993138013,0.2,3,-10,1,500,0.7,1,eq,0.5,35,10,10
7.482433334471366,-88.99189763453363,1.7398467296524174,-247.72493840993175,1.0507124999999997,-148.51771632671446,3.013551518564611,-121.98861183101361,0.2,3,-10,1,500,0.7,1,eff,1,6.5,10,10
5.327510845438027,-92.09914869793256,1.7398467296524174,-223.5223377671539,1.0507124999999997,-114.75239122616986,3.013551518564611,-119.63407108856072,0.2,3,-10,1,500,0.7,1,eq,0.5,6.5,5,10
5.327510845438027,-94.59076824889578,1.7398467296524174,-226.01395731811712,1.0507124999999997,-117.5930411046129,3.013551518564611,-119.83215672386616,0.2,3,-10,1,500,0.7,1,eq,0.5,35,5,10
7.482433334471366,-91.40332519353423,1.7398467296524174,-256.28817970370864,1.0507124999999997,-152.10812832825312,3.013551518564611,-122.23898025822821,0.2,3,-10,1,500,0.7,1,eq,0.5,6.5,10,10
5.327510845438027,-90.38986506758839,1.7398467296524174,-216.0158249932236,1.0507124999999997,-112.6269089446592,3.013551518564611,-119.48585588215354,0.2,3,-10,1,500,0.7,1,eff,1,6.5,5,10
7.482433334471366,-88.99189763453363,1.7398467296524174,-247.72493840993175,1.0507124999999997,-148.51771632671446,3.013551518564611,-121.98861183101361,0.2,3,-10,1,500,0.7,1,eff,1,35,10,10
5.327510845438027,-91.51466541437559,1.7398467296524174,-217.14062534001079,1.0507124999999997,-113.90004427543445,3.013551518564611,-119.57463479952057,0.2,3,-10,1,500,0.7,1,eff,1,35,5,10
5.327510845438027,-92.09914869793256,1.7398467296524174,-217.72510862356776,1.0507124999999997,-114.56160729991595,3.013551518564611,-119.62076724723725,0.2,3,-10,1,500,0.7,1,eff,0.5,6.5,5,10
7.482433334471366,-91.40332519353423,1.7398467296524174,-250.13636596893235,1.0507124999999997,-151.24715504979056,3.013551518564611,-122.17894243373617,0.2,3,-10,1,500,0.7,1,eff,0.5,6.5,10,10
7.482433334471366,-93.33965489659246,1.7398467296524174,-252.0726956719906,1.0507124999999997,-153.4388415677344,3.013551518564611,-122.33177422747188,0.2,3,-10,1,500,0.7,1,eff,0.5,35,10,10
5.327510845438027,-94.59076824889578,1.7398467296524174,-220.21672817453097,1.0507124999999997,-117.38181347106988,3.013551518564611,-119.81742729159717,0.2,3,-10,1,500,0.7,1,eff,0.5,35,5,10
7.482433334471366,-88.99189763453363,1.6648435882347152,-262.3746001532685,1.0507124999999997,-157.9389927290319,3.013551518564611,-122.64558104629918,0.2,3,-10,1,500,0.8,0.5,eq,1,6.5,10,10
5.327510845438027,-90.38986506758839,1.6648435882347152,-229.86034632914482,1.0507124999999997,-120.8212387493429,3.013551518564611,-120.05726703619324,0.2,3,-10,1,500,0.8,0.5,eq,1,6.5,5,10
7.482433334471366,-88.99189763453363,1.6648435882347152,-262.3746001532685,1.0507124999999997,-157.9389927290319,3.013551518564611,-122.64558104629918,0.2,3,-10,1,500,0.8,0.5,eq,1,35,10,10
7.482433334471366,-88.99189763453363,1.6648435882347152,-255.8921313153784,1.0507124999999997,-156.81735237681556,3.013551518564611,-122.56736625346632,0.2,3,-10,1,500,0.8,0.5,eff,1,6.5,10,10
5.327510845438027,-91.51466541437559,1.6648435882347152,-230.98514667593201,1.0507124999999997,-122.10529289928408,3.013551518564611,-120.14680735018534,0.2,3,-10,1,500,0.8,0.5,eq,1,35,5,10
7.482433334471366,-91.40332519353423,1.6648435882347152,-264.78602771226906,1.0507124999999997,-160.69183999952077,3.013551518564611,-122.83754398569968,0.2,3,-10,1,500,0.8,0.5,eq,0.5,6.5,10,10
5.327510845438027,-92.09914869793256,1.6648435882347152,-231.569629959489,1.0507124999999997,-122.77252969966564,3.013551518564611,-120.1933354445155,0.2,3,-10,1,500,0.8,0.5,eq,0.5,6.5,5,10
5.327510845438027,-90.38986506758839,1.6648435882347152,-223.70271607128953,1.0507124999999997,-120.3420383280786,3.013551518564611,-120.02385118983871,0.2,3,-10,1,500,0.8,0.5,eff,1,6.5,5,10
7.482433334471366,-93.33965489659246,1.6648435882347152,-266.7223574153273,1.0507124999999997,-162.9023231290893,3.013551518564611,-122.99168651427227,0.2,3,-10,1,500,0.8,0.5,eq,0.5,35,10,10
5.327510845438027,-91.51466541437559,1.6648435882347152,-224.82751641807673,1.0507124999999997,-121.61660158379523,3.013551518564611,-120.11272967999042,0.2,3,-10,1,500,0.8,0.5,eff,1,35,5,10
5.327510845438027,-94.59076824889578,1.6648435882347152,-234.0612495104522,1.0507124999999997,-125.61692286982593,3.013551518564611,-120.39168210893381,0.2,3,-10,1,500,0.8,0.5,eq,0.5,35,5,10
7.482433334471366,-88.99189763453363,1.6648435882347152,-255.8921313153784,1.0507124999999997,-156.81735237681556,3.013551518564611,-122.56736625346632,0.2,3,-10,1,500,0.8,0.5,eff,1,35,10,10
5.327510845438027,-92.09914869793256,1.6648435882347152,-225.4119997016337,1.0507124999999997,-122.27890660435499,3.013551518564611,-120.1589138689535,0.2,3,-10,1,500,0.8,0.5,eff,0.5,6.5,5,10
7.482433334471366,-91.40332519353423,1.6648435882347152,-258.303558874379,1.0507124999999997,-159.54985238859788,3.013551518564611,-122.7579103275226,0.2,3,-10,1,500,0.8,0.5,eff,0.5,6.5,10,10
7.482433334471366,-93.33965489659246,1.6648435882347152,-260.2398885774373,1.0507124999999997,-161.74399706222647,3.013551518564611,-122.9109135346148,0.2,3,-10,1,500,0.8,0.5,eff,0.5,35,10,10
7.482433334471366,-88.99189763453363,1.7398467296524174,-253.87675214470806,1.0507124999999997,-149.35890387336704,3.013551518564611,-122.04726994683924,0.2,3,-10,1,500,0.8,1,eq,1,6.5,10,10
5.327510845438027,-94.59076824889578,1.6648435882347152,-227.9036192525969,1.0507124999999997,-125.10227586695707,3.013551518564611,-120.35579448360734,0.2,3,-10,1,500,0.8,0.5,eff,0.5,35,5,10
7.482433334471366,-88.99189763453363,1.7398467296524174,-253.87675214470806,1.0507124999999997,-149.35890387336704,3.013551518564611,-122.04726994683924,0.2,3,-10,1,500,0.8,1,eq,1,35,10,10
5.327510845438027,-90.38986506758839,1.7398467296524174,-221.81305413680974,1.0507124999999997,-112.80366822312014,3.013551518564611,-119.49818174963755,0.2,3,-10,1,500,0.8,1,eq,1,6.5,5,10
7.482433334471366,-91.40332519353423,1.7398467296524174,-256.28817970370864,1.0507124999999997,-152.10812832825312,3.013551518564611,-122.23898025822821,0.2,3,-10,1,500,0.8,1,eq,0.5,6.5,10,10
5.327510845438027,-94.59076824889578,1.7398467296524174,-226.01395731811712,1.0507124999999997,-117.5930411046129,3.013551518564611,-119.83215672386616,0.2,3,-10,1,500,0.8,1,eq,0.5,35,5,10
7.482433334471366,-88.99189763453363,1.7398467296524174,-247.72493840993175,1.0507124999999997,-148.51771632671446,3.013551518564611,-121.98861183101361,0.2,3,-10,1,500,0.8,1,eff,1,6.5,10,10
5.327510845438027,-92.09914869793256,1.7398467296524174,-223.5223377671539,1.0507124999999997,-114.75239122616986,3.013551518564611,-119.63407108856072,0.2,3,-10,1,500,0.8,1,eq,0.5,6.5,5,10
7.482433334471366,-93.33965489659246,1.7398467296524174,-258.2245094067669,1.0507124999999997,-154.31570240676868,3.013551518564611,-122.39291993138013,0.2,3,-10,1,500,0.8,1,eq,0.5,35,10,10
5.327510845438027,-91.51466541437559,1.7398467296524174,-222.93785448359694,1.0507124999999997,-114.08603252512772,3.013551518564611,-119.58760422629832,0.2,3,-10,1,500,0.8,1,eq,1,35,5,10
7.482433334471366,-88.99189763453363,1.7398467296524174,-247.72493840993175,1.0507124999999997,-148.51771632671446,3.013551518564611,-121.98861183101361,0.2,3,-10,1,500,0.8,1,eff,1,35,10,10
5.327510845438027,-90.38986506758839,1.7398467296524174,-216.0158249932236,1.0507124999999997,-112.6269089446592,3.013551518564611,-119.48585588215354,0.2,3,-10,1,500,0.8,1,eff,1,6.5,5,10
5.327510845438027,-91.51466541437559,1.7398467296524174,-217.14062534001079,1.0507124999999997,-113.90004427543445,3.013551518564611,-119.57463479952057,0.2,3,-10,1,500,0.8,1,eff,1,35,5,10
7.482433334471366,-91.40332519353423,1.7398467296524174,-250.13636596893235,1.0507124999999997,-151.24715504979056,3.013551518564611,-122.17894243373617,0.2,3,-10,1,500,0.8,1,eff,0.5,6.5,10,10
7.482433334471366,-88.99189763453363,1.6648435882347152,-262.3746001532685,1.6344416666666666,-157.9392113680668,3.1302973518979442,-123.9618873793471,0.2,3,-10,2,400,0.7,0.5,eq,1,6.5,10,10
5.327510845438027,-92.09914869793256,1.7398467296524174,-217.72510862356776,1.0507124999999997,-114.56160729991595,3.013551518564611,-119.62076724723725,0.2,3,-10,1,500,0.8,1,eff,0.5,6.5,5,10
7.482433334471366,-93.33965489659246,1.7398467296524174,-252.0726956719906,1.0507124999999997,-153.4388415677344,3.013551518564611,-122.33177422747188,0.2,3,-10,1,500,0.8,1,eff,0.5,35,10,10
7.482433334471366,-88.99189763453363,1.6648435882347152,-262.3746001532685,1.6344416666666666,-157.9392113680668,3.1302973518979442,-123.9618873793471,0.2,3,-10,2,400,0.7,0.5,eq,1,35,10,10
5.327510845438027,-90.38986506758839,1.6648435882347152,-229.86034632914482,1.6344416666666666,-120.82145738622171,3.1302973518979442,-120.08578253299906,0.2,3,-10,2,400,0.7,0.5,eq,1,6.5,5,10
5.327510845438027,-91.51466541437559,1.6648435882347152,-230.98514667593201,1.6344416666666666,-122.10551153745176,3.1302973518979442,-120.21987277242985,0.2,3,-10,2,400,0.7,0.5,eq,1,35,5,10
5.327510845438027,-94.59076824889578,1.7398467296524174,-220.21672817453097,1.0507124999999997,-117.38181347106988,3.013551518564611,-119.81742729159717,0.2,3,-10,1,500,0.8,1,eff,0.5,35,5,10
7.482433334471366,-91.40332519353423,1.6648435882347152,-264.78602771226906,1.6344416666666666,-160.6920586374214,3.1302973518979442,-124.24935963985139,0.2,3,-10,2,400,0.7,0.5,eq,0.5,6.5,10,10
5.327510845438027,-92.09914869793256,1.6648435882347152,-231.569629959489,1.6344416666666666,-122.7727483383059,3.1302973518979442,-120.28955047433809,0.2,3,-10,2,400,0.7,0.5,eq,0.5,6.5,5,10
7.482433334471366,-93.33965489659246,1.6648435882347152,-266.7223574153273,1.6344416666666666,-162.9025417668878,3.1302973518979442,-124.48019430660106,0.2,3,-10,2,400,0.7,0.5,eq,0.5,35,10,10
5.327510845438027,-94.59076824889578,1.6648435882347152,-234.0612495104522,1.6344416666666666,-125.617141507987,3.1302973518979442,-120.58658262114619,0.2,3,-10,2,400,0.7,0.5,eq,0.5,35,5,10
7.482433334471366,-88.99189763453363,1.6648435882347152,-255.8921313153784,1.6344416666666666,-156.81755646366787,3.1302973518979442,-123.84475604610434,0.2,3,-10,2,400,0.7,0.5,eff,1,6.5,10,10
5.327510845438027,-90.38986506758839,1.6648435882347152,-223.70271607128953,1.6344416666666666,-120.3422424157834,3.1302973518979442,-120.03573943313184,0.2,3,-10,2,400,0.7,0.5,eff,1,6.5,5,10
7.482433334471366,-88.99189763453363,1.6648435882347152,-255.8921313153784,1.6344416666666666,-156.81755646366787,3.1302973518979442,-123.84475604610434,0.2,3,-10,2,400,0.7,0.5,eff,1,35,10,10
5.327510845438027,-91.51466541437559,1.6648435882347152,-224.82751641807673,1.6344416666666666,-121.61680567149268,3.1302973518979442,-120.16883856447625,0.2,3,-10,2,400,0.7,0.5,eff,1,35,5,10
7.482433334471366,-91.40332519353423,1.6648435882347152,-258.303558874379,1.6344416666666666,-159.55005647539025,3.1302973518979442,-124.13010349851928,0.2,3,-10,2,400,0.7,0.5,eff,0.5,6.5,10,10
7.482433334471366,-93.33965489659246,1.6648435882347152,-260.2398885774373,1.6344416666666666,-161.74420114897194,3.1302973518979442,-124.35923198530807,0.2,3,-10,2,400,0.7,0.5,eff,0.5,35,10,10
5.327510845438027,-92.09914869793256,1.6648435882347152,-225.4119997016337,1.6344416666666666,-122.27911069204852,3.1302973518979442,-120.2380012541474,0.2,3,-10,2,400,0.7,0.5,eff,0.5,6.5,5,10
5.327510845438027,-94.59076824889578,1.6648435882347152,-227.9036192525969,1.6344416666666666,-125.10247995600474,3.1302973518979442,-120.5328379323689,0.2,3,-10,2,400,0.7,0.5,eff,0.5,35,5,10
5.327510845438027,-91.51466541437559,1.7398467296524174,-222.93785448359694,1.6344416666666666,-114.08623924579199,3.1302973518979442,-119.3824422476979,0.2,3,-10,2,400,0.7,1,eq,1,35,5,10
7.482433334471366,-88.99189763453363,1.7398467296524174,-253.87675214470806,1.6344416666666666,-149.35911059424797,3.1302973518979442,-123.06589108043798,0.2,3,-10,2,400,0.7,1,eq,1,6.5,10,10
7.482433334471366,-88.99189763453363,1.7398467296524174,-253.87675214470806,1.6344416666666666,-149.35911059424797,3.1302973518979442,-123.06589108043798,0.2,3,-10,2,400,0.7,1,eq,1,35,10,10
7.482433334471366,-93.33965489659246,1.7398467296524174,-258.2245094067669,1.6344416666666666,-154.31590912783568,3.1302973518979442,-123.58351590299077,0.2,3,-10,2,400,0.7,1,eq,0.5,35,10,10
5.327510845438027,-90.38986506758839,1.7398467296524174,-221.81305413680974,1.6344416666666666,-112.80387494218067,3.1302973518979442,-119.24852847440116,0.2,3,-10,2,400,0.7,1,eq,1,6.5,5,10
5.327510845438027,-92.09914869793256,1.7398467296524174,-223.5223377671539,1.6344416666666666,-114.75259794680254,3.1302973518979442,-119.45202825205736,0.2,3,-10,2,400,0.7,1,eq,0.5,6.5,5,10
7.482433334471366,-91.40332519353423,1.7398467296524174,-256.28817970370864,1.6344416666666666,-152.1083350483529,3.1302973518979442,-123.35298502032089,0.2,3,-10,2,400,0.7,1,eq,0.5,6.5,10,10
7.482433334471366,-88.99189763453363,1.7398467296524174,-247.72493840993175,1.6344416666666666,-148.51790953747977,3.1302973518979442,-122.9780467702869,0.2,3,-10,2,400,0.7,1,eff,1,6.5,10,10
5.327510845438027,-94.59076824889578,1.7398467296524174,-226.01395731811712,1.6344416666666666,-117.59324782536781,3.1302973518979442,-119.74866949728113,0.2,3,-10,2,400,0.7,1,eq,0.5,35,5,10
5.327510845438027,-90.38986506758839,1.7398467296524174,-216.0158249932236,1.6344416666666666,-112.62710215669739,3.1302973518979442,-119.23006857914854,0.2,3,-10,2,400,0.7,1,eff,1,6.5,5,10
7.482433334471366,-88.99189763453363,1.7398467296524174,-247.72493840993175,1.6344416666666666,-148.51790953747977,3.1302973518979442,-122.9780467702869,0.2,3,-10,2,400,0.7,1,eff,1,35,10,10
5.327510845438027,-91.51466541437559,1.7398467296524174,-217.14062534001079,1.6344416666666666,-113.90023748749344,3.1302973518979442,-119.36301859622577,0.2,3,-10,2,400,0.7,1,eff,1,35,5,10
7.482433334471366,-91.40332519353423,1.7398467296524174,-250.13636596893235,1.6344416666666666,-151.24734826090088,3.1302973518979442,-123.26307454079367,0.2,3,-10,2,400,0.7,1,eff,0.5,6.5,10,10
7.482433334471366,-93.33965489659246,1.7398467296524174,-252.0726956719906,1.6344416666666666,-153.4390347804187,3.1302973518979442,-123.49194632932203,0.2,3,-10,2,400,0.7,1,eff,0.5,35,10,10
5.327510845438027,-92.09914869793256,1.7398467296524174,-217.72510862356776,1.6344416666666666,-114.56180051047346,3.1302973518979442,-119.43210380113311,0.2,3,-10,2,400,0.7,1,eff,0.5,6.5,5,10
5.327510845438027,-94.59076824889578,1.7398467296524174,-220.21672817453097,1.6344416666666666,-117.38200668327892,3.1302973518979442,-119.72661016645525,0.2,3,-10,2,400,0.7,1,eff,0.5,35,5,10
7.482433334471366,-88.99189763453363,1.6648435882347152,-262.3746001532685,1.6344416666666666,-157.9392113680668,3.1302973518979442,-123.9618873793471,0.2,3,-10,2,400,0.8,0.5,eq,1,6.5,10,10
5.327510845438027,-90.38986506758839,1.6648435882347152,-229.86034632914482,1.6344416666666666,-120.82145738622171,3.1302973518979442,-120.08578253299906,0.2,3,-10,2,400,0.8,0.5,eq,1,6.5,5,10
5.327510845438027,-92.09914869793256,1.6648435882347152,-231.569629959489,1.6344416666666666,-122.7727483383059,3.1302973518979442,-120.28955047433809,0.2,3,-10,2,400,0.8,0.5,eq,0.5,6.5,5,10
7.482433334471366,-91.40332519353423,1.6648435882347152,-264.78602771226906,1.6344416666666666,-160.6920586374214,3.1302973518979442,-124.24935963985139,0.2,3,-10,2,400,0.8,0.5,eq,0.5,6.5,10,10
7.482433334471366,-88.99189763453363,1.6648435882347152,-255.8921313153784,1.6344416666666666,-156.81755646366787,3.1302973518979442,-123.84475604610434,0.2,3,-10,2,400,0.8,0.5,eff,1,6.5,10,10
7.482433334471366,-88.99189763453363,1.6648435882347152,-262.3746001532685,1.6344416666666666,-157.9392113680668,3.1302973518979442,-123.9618873793471,0.2,3,-10,2,400,0.8,0.5,eq,1,35,10,10
5.327510845438027,-94.59076824889578,1.6648435882347152,-234.0612495104522,1.6344416666666666,-125.617141507987,3.1302973518979442,-120.58658262114619,0.2,3,-10,2,400,0.8,0.5,eq,0.5,35,5,10
5.327510845438027,-91.51466541437559,1.6648435882347152,-230.98514667593201,1.6344416666666666,-122.10551153745176,3.1302973518979442,-120.21987277242985,0.2,3,-10,2,400,0.8,0.5,eq,1,35,5,10
7.482433334471366,-93.33965489659246,1.6648435882347152,-266.7223574153273,1.6344416666666666,-162.9025417668878,3.1302973518979442,-124.48019430660106,0.2,3,-10,2,400,0.8,0.5,eq,0.5,35,10,10
5.327510845438027,-90.38986506758839,1.6648435882347152,-223.70271607128953,1.6344416666666666,-120.3422424157834,3.1302973518979442,-120.03573943313184,0.2,3,-10,2,400,0.8,0.5,eff,1,6.5,5,10
7.482433334471366,-88.99189763453363,1.6648435882347152,-255.8921313153784,1.6344416666666666,-156.81755646366787,3.1302973518979442,-123.84475604610434,0.2,3,-10,2,400,0.8,0.5,eff,1,35,10,10
5.327510845438027,-91.51466541437559,1.6648435882347152,-224.82751641807673,1.6344416666666666,-121.61680567149268,3.1302973518979442,-120.16883856447625,0.2,3,-10,2,400,0.8,0.5,eff,1,35,5,10
7.482433334471366,-91.40332519353423,1.6648435882347152,-258.303558874379,1.6344416666666666,-159.55005647539025,3.1302973518979442,-124.13010349851928,0.2,3,-10,2,400,0.8,0.5,eff,0.5,6.5,10,10
7.482433334471366,-93.33965489659246,1.6648435882347152,-260.2398885774373,1.6344416666666666,-161.74420114897194,3.1302973518979442,-124.35923198530807,0.2,3,-10,2,400,0.8,0.5,eff,0.5,35,10,10
5.327510845438027,-92.09914869793256,1.6648435882347152,-225.4119997016337,1.6344416666666666,-122.27911069204852,3.1302973518979442,-120.2380012541474,0.2,3,-10,2,400,0.8,0.5,eff,0.5,6.5,5,10
7.482433334471366,-88.99189763453363,1.7398467296524174,-253.87675214470806,1.6344416666666666,-149.35911059424797,3.1302973518979442,-123.06589108043798,0.2,3,-10,2,400,0.8,1,eq,1,6.5,10,10
5.327510845438027,-90.38986506758839,1.7398467296524174,-221.81305413680974,1.6344416666666666,-112.80387494218067,3.1302973518979442,-119.24852847440116,0.2,3,-10,2,400,0.8,1,eq,1,6.5,5,10
5.327510845438027,-94.59076824889578,1.6648435882347152,-227.9036192525969,1.6344416666666666,-125.10247995600474,3.1302973518979442,-120.5328379323689,0.2,3,-10,2,400,0.8,0.5,eff,0.5,35,5,10
7.482433334471366,-88.99189763453363,1.7398467296524174,-253.87675214470806,1.6344416666666666,-149.35911059424797,3.1302973518979442,-123.06589108043798,0.2,3,-10,2,400,0.8,1,eq,1,35,10,10
5.327510845438027,-92.09914869793256,1.7398467296524174,-223.5223377671539,1.6344416666666666,-114.75259794680254,3.1302973518979442,-119.45202825205736,0.2,3,-10,2,400,0.8,1,eq,0.5,6.5,5,10
5.327510845438027,-91.51466541437559,1.7398467296524174,-222.93785448359694,1.6344416666666666,-114.08623924579199,3.1302973518979442,-119.3824422476979,0.2,3,-10,2,400,0.8,1,eq,1,35,5,10
7.482433334471366,-93.33965489659246,1.7398467296524174,-258.2245094067669,1.6344416666666666,-154.31590912783568,3.1302973518979442,-123.58351590299077,0.2,3,-10,2,400,0.8,1,eq,0.5,35,10,10
5.327510845438027,-90.38986506758839,1.7398467296524174,-216.0158249932236,1.6344416666666666,-112.62710215669739,3.1302973518979442,-119.23006857914854,0.2,3,-10,2,400,0.8,1,eff,1,6.5,5,10
7.482433334471366,-91.40332519353423,1.7398467296524174,-256.28817970370864,1.6344416666666666,-152.1083350483529,3.1302973518979442,-123.35298502032089,0.2,3,-10,2,400,0.8,1,eq,0.5,6.5,10,10
7.482433334471366,-88.99189763453363,1.7398467296524174,-247.72493840993175,1.6344416666666666,-148.51790953747977,3.1302973518979442,-122.9780467702869,0.2,3,-10,2,400,0.8,1,eff,1,6.5,10,10
5.327510845438027,-94.59076824889578,1.7398467296524174,-226.01395731811712,1.6344416666666666,-117.59324782536781,3.1302973518979442,-119.74866949728113,0.2,3,-10,2,400,0.8,1,eq,0.5,35,5,10
7.482433334471366,-88.99189763453363,1.7398467296524174,-247.72493840993175,1.6344416666666666,-148.51790953747977,3.1302973518979442,-122.9780467702869,0.2,3,-10,2,400,0.8,1,eff,1,35,10,10
5.327510845438027,-91.51466541437559,1.7398467296524174,-217.14062534001079,1.6344416666666666,-113.90023748749344,3.1302973518979442,-119.36301859622577,0.2,3,-10,2,400,0.8,1,eff,1,35,5,10
7.482433334471366,-91.40332519353423,1.7398467296524174,-250.13636596893235,1.6344416666666666,-151.24734826090088,3.1302973518979442,-123.26307454079367,0.2,3,-10,2,400,0.8,1,eff,0.5,6.5,10,10
7.482433334471366,-93.33965489659246,1.7398467296524174,-252.0726956719906,1.6344416666666666,-153.4390347804187,3.1302973518979442,-123.49194632932203,0.2,3,-10,2,400,0.8,1,eff,0.5,35,10,10
5.327510845438027,-92.09914869793256,1.7398467296524174,-217.72510862356776,1.6344416666666666,-114.56180051047346,3.1302973518979442,-119.43210380113311,0.2,3,-10,2,400,0.8,1,eff,0.5,6.5,5,10
5.327510845438027,-92.09914869793256,1.6648435882347152,-231.569629959489,2.1014249999999994,-122.77292324864801,3.223694018564611,-120.36151633524972,0.2,3,-10,2,500,0.7,0.5,eq,0.5,6.5,5,10
7.482433334471366,-88.99189763453363,1.6648435882347152,-262.3746001532685,2.1014249999999994,-157.93938627771465,3.223694018564611,-124.94629914312671,0.2,3,-10,2,500,0.7,0.5,eq,1,6.5,10,10
5.327510845438027,-94.59076824889578,1.7398467296524174,-220.21672817453097,1.6344416666666666,-117.38200668327892,3.1302973518979442,-119.72661016645525,0.2,3,-10,2,400,0.8,1,eff,0.5,35,5,10
7.482433334471366,-88.99189763453363,1.6648435882347152,-262.3746001532685,2.1014249999999994,-157.93938627771465,3.223694018564611,-124.94629914312671,0.2,3,-10,2,500,0.7,0.5,eq,1,35,10,10
5.327510845438027,-91.51466541437559,1.6648435882347152,-230.98514667593201,2.1014249999999994,-122.10568644606879,3.223694018564611,-120.2745261873147,0.2,3,-10,2,500,0.7,0.5,eq,1,35,5,10
5.327510845438027,-90.38986506758839,1.6648435882347152,-223.70271607128953,2.1014249999999994,-120.34240568683444,3.223694018564611,-120.04464070512356,0.2,3,-10,2,500,0.7,0.5,eff,1,6.5,5,10
7.482433334471366,-91.40332519353423,1.6648435882347152,-264.78602771226906,2.1014249999999994,-160.69223354857138,3.223694018564611,-125.30519809835306,0.2,3,-10,2,500,0.7,0.5,eq,0.5,6.5,10,10
5.327510845438027,-94.59076824889578,1.6648435882347152,-234.0612495104522,2.1014249999999994,-125.61731641835719,3.223694018564611,-120.73235047038999,0.2,3,-10,2,500,0.7,0.5,eq,0.5,35,5,10
5.327510845438027,-90.38986506758839,1.6648435882347152,-229.86034632914482,2.1014249999999994,-120.8216322964744,3.223694018564611,-120.10711926371886,0.2,3,-10,2,500,0.7,0.5,eq,1,6.5,5,10
7.482433334471366,-88.99189763453363,1.6648435882347152,-255.8921313153784,2.1014249999999994,-156.81771973394785,3.223694018564611,-124.80006329672445,0.2,3,-10,2,500,0.7,0.5,eff,1,6.5,10,10
7.482433334471366,-88.99189763453363,1.6648435882347152,-255.8921313153784,2.1014249999999994,-156.81771973394785,3.223694018564611,-124.80006329672445,0.2,3,-10,2,500,0.7,0.5,eff,1,35,10,10
7.482433334471366,-93.33965489659246,1.6648435882347152,-266.7223574153273,2.1014249999999994,-162.9027166780767,3.223694018564611,-125.59338701973766,0.2,3,-10,2,500,0.7,0.5,eq,0.5,35,10,10
5.327510845438027,-91.51466541437559,1.6648435882347152,-224.82751641807673,2.1014249999999994,-121.61696894255144,3.223694018564611,-120.21081026552349,0.2,3,-10,2,500,0.7,0.5,eff,1,35,5,10
7.482433334471366,-91.40332519353423,1.6648435882347152,-258.303558874379,2.1014249999999994,-159.55021974568555,3.223694018564611,-125.15630950396984,0.2,3,-10,2,500,0.7,0.5,eff,0.5,6.5,10,10
5.327510845438027,-92.09914869793256,1.6648435882347152,-225.4119997016337,2.1014249999999994,-122.27927396358332,3.223694018564611,-120.29715743872327,0.2,3,-10,2,500,0.7,0.5,eff,0.5,6.5,5,10
5.327510845438027,-94.59076824889578,1.6648435882347152,-227.9036192525969,2.1014249999999994,-125.10264322576123,3.223694018564611,-120.66525060870813,0.2,3,-10,2,500,0.7,0.5,eff,0.5,35,5,10
7.482433334471366,-88.99189763453363,1.7398467296524174,-253.87675214470806,2.1014249999999994,-149.35927597006545,3.223694018564611,-123.82767819464857,0.2,3,-10,2,500,0.7,1,eq,1,6.5,10,10
7.482433334471366,-93.33965489659246,1.6648435882347152,-260.2398885774373,2.1014249999999994,-161.7443644207395,3.223694018564611,-125.44236832017397,0.2,3,-10,2,500,0.7,0.5,eff,0.5,35,10,10
5.327510845438027,-90.38986506758839,1.7398467296524174,-221.81305413680974,2.1014249999999994,-112.80404031927478,3.223694018564611,-119.06183592580521,0.2,3,-10,2,500,0.7,1,eq,1,6.5,5,10
7.482433334471366,-91.40332519353423,1.7398467296524174,-256.28817970370864,2.1014249999999994,-152.1085004250111,3.223694018564611,-124.1861048298667,0.2,3,-10,2,500,0.7,1,eq,0.5,6.5,10,10
7.482433334471366,-93.33965489659246,1.7398467296524174,-258.2245094067669,2.1014249999999994,-154.31607450363455,3.223694018564611,-124.47391448744926,0.2,3,-10,2,500,0.7,1,eq,0.5,35,10,10
5.327510845438027,-94.59076824889578,1.7398467296524174,-226.01395731811712,2.1014249999999994,-117.59341320085217,3.223694018564611,-119.68624431256336,0.2,3,-10,2,500,0.7,1,eq,0.5,35,5,10
5.327510845438027,-92.09914869793256,1.7398467296524174,-223.5223377671539,2.1014249999999994,-114.7527633227939,3.223694018564611,-119.31589820430233,0.2,3,-10,2,500,0.7,1,eq,0.5,6.5,5,10
7.482433334471366,-88.99189763453363,1.7398467296524174,-253.87675214470806,2.1014249999999994,-149.35927597006545,3.223694018564611,-123.82767819464857,0.2,3,-10,2,500,0.7,1,eq,1,35,10,10
5.327510845438027,-90.38986506758839,1.7398467296524174,-216.0158249932236,2.1014249999999994,-112.62725672631166,3.223694018564611,-119.03878799013245,0.2,3,-10,2,500,0.7,1,eff,1,6.5,5,10
5.327510845438027,-91.51466541437559,1.7398467296524174,-222.93785448359694,2.1014249999999994,-114.08640462125284,3.223694018564611,-119.22902253767143,0.2,3,-10,2,500,0.7,1,eq,1,35,5,10
7.482433334471366,-88.99189763453363,1.7398467296524174,-247.72493840993175,2.1014249999999994,-148.5180641071981,3.223694018564611,-123.7180062699097,0.2,3,-10,2,500,0.7,1,eff,1,6.5,10,10
5.327510845438027,-91.51466541437559,1.7398467296524174,-217.14062534001079,2.1014249999999994,-113.90039205699084,3.223694018564611,-119.20477138662523,0.2,3,-10,2,500,0.7,1,eff,1,35,5,10
7.482433334471366,-88.99189763453363,1.7398467296524174,-247.72493840993175,2.1014249999999994,-148.5180641071981,3.223694018564611,-123.7180062699097,0.2,3,-10,2,500,0.7,1,eff,1,35,10,10
5.327510845438027,-92.09914869793256,1.7398467296524174,-217.72510862356776,2.1014249999999994,-114.56195508047847,3.223694018564611,-119.29102182284068,0.2,3,-10,2,500,0.7,1,eff,0.5,6.5,5,10
7.482433334471366,-91.40332519353423,1.7398467296524174,-250.13636596893235,2.1014249999999994,-151.24750282920655,3.223694018564611,-124.07385336540733,0.2,3,-10,2,500,0.7,1,eff,0.5,6.5,10,10
7.482433334471366,-93.33965489659246,1.7398467296524174,-252.0726956719906,2.1014249999999994,-153.4391893487549,3.223694018564611,-124.35959170271971,0.2,3,-10,2,500,0.7,1,eff,0.5,35,10,10
5.327510845438027,-94.59076824889578,1.7398467296524174,-220.21672817453097,2.1014249999999994,-117.38216125280438,3.223694018564611,-119.65870260901646,0.2,3,-10,2,500,0.7,1,eff,0.5,35,5,10
7.482433334471366,-88.99189763453363,1.6648435882347152,-262.3746001532685,2.1014249999999994,-157.93938627771465,3.223694018564611,-124.94629914312671,0.2,3,-10,2,500,0.8,0.5,eq,1,6.5,10,10
7.482433334471366,-93.33965489659246,1.6648435882347152,-266.7223574153273,2.1014249999999994,-162.9027166780767,3.223694018564611,-125.59338701973766,0.2,3,-10,2,500,0.8,0.5,eq,0.5,35,10,10
5.327510845438027,-90.38986506758839,1.6648435882347152,-229.86034632914482,2.1014249999999994,-120.8216322964744,3.223694018564611,-120.10711926371886,0.2,3,-10,2,500,0.8,0.5,eq,1,6.5,5,10
5.327510845438027,-94.59076824889578,1.6648435882347152,-234.0612495104522,2.1014249999999994,-125.61731641835719,3.223694018564611,-120.73235047038999,0.2,3,-10,2,500,0.8,0.5,eq,0.5,35,5,10
5.327510845438027,-91.51466541437559,1.6648435882347152,-230.98514667593201,2.1014249999999994,-122.10568644606879,3.223694018564611,-120.2745261873147,0.2,3,-10,2,500,0.8,0.5,eq,1,35,5,10
7.482433334471366,-88.99189763453363,1.6648435882347152,-262.3746001532685,2.1014249999999994,-157.93938627771465,3.223694018564611,-124.94629914312671,0.2,3,-10,2,500,0.8,0.5,eq,1,35,10,10
7.482433334471366,-91.40332519353423,1.6648435882347152,-264.78602771226906,2.1014249999999994,-160.69223354857138,3.223694018564611,-125.30519809835306,0.2,3,-10,2,500,0.8,0.5,eq,0.5,6.5,10,10
5.327510845438027,-92.09914869793256,1.6648435882347152,-231.569629959489,2.1014249999999994,-122.77292324864801,3.223694018564611,-120.36151633524972,0.2,3,-10,2,500,0.8,0.5,eq,0.5,6.5,5,10
5.327510845438027,-90.38986506758839,1.6648435882347152,-223.70271607128953,2.1014249999999994,-120.34240568683444,3.223694018564611,-120.04464070512356,0.2,3,-10,2,500,0.8,0.5,eff,1,6.5,5,10
7.482433334471366,-88.99189763453363,1.6648435882347152,-255.8921313153784,2.1014249999999994,-156.81771973394785,3.223694018564611,-124.80006329672445,0.2,3,-10,2,500,0.8,0.5,eff,1,6.5,10,10
5.327510845438027,-91.51466541437559,1.6648435882347152,-224.82751641807673,2.1014249999999994,-121.61696894255144,3.223694018564611,-120.21081026552349,0.2,3,-10,2,500,0.8,0.5,eff,1,35,5,10
7.482433334471366,-88.99189763453363,1.6648435882347152,-255.8921313153784,2.1014249999999994,-156.81771973394785,3.223694018564611,-124.80006329672445,0.2,3,-10,2,500,0.8,0.5,eff,1,35,10,10
5.327510845438027,-92.09914869793256,1.6648435882347152,-225.4119997016337,2.1014249999999994,-122.27927396358332,3.223694018564611,-120.29715743872327,0.2,3,-10,2,500,0.8,0.5,eff,0.5,6.5,5,10
7.482433334471366,-91.40332519353423,1.6648435882347152,-258.303558874379,2.1014249999999994,-159.55021974568555,3.223694018564611,-125.15630950396984,0.2,3,-10,2,500,0.8,0.5,eff,0.5,6.5,10,10
7.482433334471366,-93.33965489659246,1.6648435882347152,-260.2398885774373,2.1014249999999994,-161.7443644207395,3.223694018564611,-125.44236832017397,0.2,3,-10,2,500,0.8,0.5,eff,0.5,35,10,10
5.327510845438027,-94.59076824889578,1.6648435882347152,-227.9036192525969,2.1014249999999994,-125.10264322576123,3.223694018564611,-120.66525060870813,0.2,3,-10,2,500,0.8,0.5,eff,0.5,35,5,10
7.482433334471366,-88.99189763453363,1.7398467296524174,-253.87675214470806,2.1014249999999994,-149.35927597006545,3.223694018564611,-123.82767819464857,0.2,3,-10,2,500,0.8,1,eq,1,6.5,10,10
7.482433334471366,-91.40332519353423,1.7398467296524174,-256.28817970370864,2.1014249999999994,-152.1085004250111,3.223694018564611,-124.1861048298667,0.2,3,-10,2,500,0.8,1,eq,0.5,6.5,10,10
7.482433334471366,-88.99189763453363,1.7398467296524174,-253.87675214470806,2.1014249999999994,-149.35927597006545,3.223694018564611,-123.82767819464857,0.2,3,-10,2,500,0.8,1,eq,1,35,10,10
5.327510845438027,-90.38986506758839,1.7398467296524174,-221.81305413680974,2.1014249999999994,-112.80404031927478,3.223694018564611,-119.06183592580521,0.2,3,-10,2,500,0.8,1,eq,1,6.5,5,10
7.482433334471366,-88.99189763453363,0.664380693404857,-403.83076835533024,0.10896277777777777,-301.51110134919145,2.8578904074535,-123.46023656976668,0.5,0.25,-20,1,400,0.7,0.5,eq,1,6.5,10,10
7.482433334471366,-93.33965489659246,1.7398467296524174,-258.2245094067669,2.1014249999999994,-154.31607450363455,3.223694018564611,-124.47391448744926,0.2,3,-10,2,500,0.8,1,eq,0.5,35,10,10
5.327510845438027,-92.09914869793256,1.7398467296524174,-223.5223377671539,2.1014249999999994,-114.7527633227939,3.223694018564611,-119.31589820430233,0.2,3,-10,2,500,0.8,1,eq,0.5,6.5,5,10
7.482433334471366,-88.99189763453363,1.7398467296524174,-247.72493840993175,2.1014249999999994,-148.5180641071981,3.223694018564611,-123.7180062699097,0.2,3,-10,2,500,0.8,1,eff,1,6.5,10,10
5.327510845438027,-90.38986506758839,1.7398467296524174,-216.0158249932236,2.1014249999999994,-112.62725672631166,3.223694018564611,-119.03878799013245,0.2,3,-10,2,500,0.8,1,eff,1,6.5,5,10
5.327510845438027,-94.59076824889578,1.7398467296524174,-226.01395731811712,2.1014249999999994,-117.59341320085217,3.223694018564611,-119.68624431256336,0.2,3,-10,2,500,0.8,1,eq,0.5,35,5,10
5.327510845438027,-91.51466541437559,1.7398467296524174,-222.93785448359694,2.1014249999999994,-114.08640462125284,3.223694018564611,-119.22902253767143,0.2,3,-10,2,500,0.8,1,eq,1,35,5,10
7.482433334471366,-91.40332519353423,0.664380693404857,-406.2421959143308,0.10896277777777777,-304.33640492448694,2.8578904074535,-123.51409673963654,0.5,0.25,-20,1,400,0.7,0.5,eq,0.5,6.5,10,10
5.327510845438027,-91.51466541437559,0.664380693404857,-372.44131487799365,0.10896277777777777,-264.7342407672152,2.8578904074535,-122.75914095103558,0.5,0.25,-20,1,400,0.7,0.5,eq,1,35,5,10
5.327510845438027,-90.38986506758839,0.664380693404857,-371.31651453120645,0.10896277777777777,-263.4163896754963,2.8578904074535,-122.73401809900508,0.5,0.25,-20,1,400,0.7,0.5,eq,1,6.5,5,10
7.482433334471366,-88.99189763453363,1.7398467296524174,-247.72493840993175,2.1014249999999994,-148.5180641071981,3.223694018564611,-123.7180062699097,0.2,3,-10,2,500,0.8,1,eff,1,35,10,10
7.482433334471366,-88.99189763453363,0.664380693404857,-403.83076835533024,0.10896277777777777,-301.51110134919145,2.8578904074535,-123.46023656976668,0.5,0.25,-20,1,400,0.7,0.5,eq,1,35,10,10
5.327510845438027,-94.59076824889578,0.664380693404857,-375.51741771251386,0.10896277777777777,-268.3382985812516,2.8578904074535,-122.82784690100223,0.5,0.25,-20,1,400,0.7,0.5,eq,0.5,35,5,10
7.482433334471366,-88.99189763453363,0.664380693404857,-387.50926194699997,0.10896277777777777,-290.4839614154754,2.8578904074535,-123.25002070652214,0.5,0.25,-20,1,400,0.7,0.5,eff,1,35,10,10
5.327510845438027,-91.51466541437559,1.7398467296524174,-217.14062534001079,2.1014249999999994,-113.90039205699084,3.223694018564611,-119.20477138662523,0.2,3,-10,2,500,0.8,1,eff,1,35,5,10
5.327510845438027,-92.09914869793256,0.664380693404857,-373.02579816155065,0.10896277777777777,-265.41903957234524,2.8578904074535,-122.77219561188468,0.5,0.25,-20,1,400,0.7,0.5,eq,0.5,6.5,5,10
7.482433334471366,-88.99189763453363,0.664380693404857,-387.50926194699997,0.10896277777777777,-290.4839614154754,2.8578904074535,-123.25002070652214,0.5,0.25,-20,1,400,0.7,0.5,eff,1,6.5,10,10
7.482433334471366,-93.33965489659246,0.664380693404857,-408.178525617389,0.10896277777777777,-306.60506906610954,2.8578904074535,-123.55734541461571,0.5,0.25,-20,1,400,0.7,0.5,eq,0.5,35,10,10
5.327510845438027,-91.51466541437559,0.664380693404857,-356.44464704969835,0.10896277777777777,-254.49829760567073,2.8578904074535,-122.56400806610257,0.5,0.25,-20,1,400,0.7,0.5,eff,1,35,5,10
5.327510845438027,-90.38986506758839,0.664380693404857,-355.31984670291115,0.10896277777777777,-253.19531389680327,2.8578904074535,-122.53916863839987,0.5,0.25,-20,1,400,0.7,0.5,eff,1,6.5,5,10
5.327510845438027,-92.09914869793256,0.664380693404857,-357.02913033325535,0.10896277777777777,-255.17537082910212,2.8578904074535,-122.57691545033822,0.5,0.25,-20,1,400,0.7,0.5,eff,0.5,6.5,5,10
7.482433334471366,-91.40332519353423,0.664380693404857,-389.92068950600054,0.10896277777777777,-293.277391230112,2.8578904074535,-123.30327325101021,0.5,0.25,-20,1,400,0.7,0.5,eff,0.5,6.5,10,10
7.482433334471366,-93.33965489659246,0.664380693404857,-391.85701920905893,0.10896277777777777,-295.5204613583604,2.8578904074535,-123.34603401455924,0.5,0.25,-20,1,400,0.7,0.5,eff,0.5,35,10,10
5.327510845438027,-91.51466541437559,0.6968241909147566,-360.03608427445215,0.10896277777777777,-251.16125250737392,2.8578904074535,-122.50039231258525,0.5,0.25,-20,1,400,0.7,1,eq,1,35,5,10
5.327510845438027,-94.59076824889578,0.664380693404857,-359.52074988421856,0.10896277777777777,-258.0616961158738,2.8578904074535,-122.63193890750024,0.5,0.25,-20,1,400,0.7,0.5,eff,0.5,35,5,10
7.482433334471366,-91.40332519353423,0.6968241909147566,-393.3864094945639,0.10896277777777777,-290.18542748955895,2.8578904074535,-123.24432960553666,0.5,0.25,-20,1,400,0.7,1,eq,0.5,6.5,10,10
7.482433334471366,-88.99189763453363,0.6968241909147566,-390.9749819355633,0.10896277777777777,-287.3637467291854,2.8578904074535,-123.19053849919293,0.5,0.25,-20,1,400,0.7,1,eq,1,35,10,10
5.327510845438027,-92.09914869793256,0.6968241909147566,-360.62056755800916,0.10896277777777777,-251.84517321213718,2.8578904074535,-122.51343023376948,0.5,0.25,-20,1,400,0.7,1,eq,0.5,6.5,5,10
5.327510845438027,-90.38986506758839,0.6968241909147566,-358.91128392766495,0.10896277777777777,-249.84509126261435,2.8578904074535,-122.47530167494958,0.5,0.25,-20,1,400,0.7,1,eq,1,6.5,5,10
7.482433334471366,-88.99189763453363,0.6968241909147566,-390.9749819355633,0.10896277777777777,-287.3637467291854,2.8578904074535,-123.19053849919293,0.5,0.25,-20,1,400,0.7,1,eq,1,6.5,10,10
5.327510845438027,-94.59076824889578,0.6968241909147566,-363.11218710897236,0.10896277777777777,-254.7606889292417,2.8578904074535,-122.56901016265032,0.5,0.25,-20,1,400,0.7,1,eq,0.5,35,5,10
7.482433334471366,-93.33965489659246,0.6968241909147566,-395.3227391976221,0.10896277777777777,-292.4511825804121,2.8578904074535,-123.28752282383138,0.5,0.25,-20,1,400,0.7,1,eq,0.5,35,10,10
7.482433334471366,-91.40332519353423,1.7398467296524174,-250.13636596893235,2.1014249999999994,-151.24750282920655,3.223694018564611,-124.07385336540733,0.2,3,-10,2,500,0.8,1,eff,0.5,6.5,10,10
5.327510845438027,-92.09914869793256,0.6968241909147566,-345.3468528582333,0.10896277777777777,-242.46581294929302,2.8578904074535,-122.33462681545915,0.5,0.25,-20,1,400,0.7,1,eff,0.5,6.5,5,10
7.482433334471366,-88.99189763453363,0.6968241909147566,-375.3466826445973,0.10896277777777777,-277.18028161568714,2.8578904074535,-122.99640602943884,0.5,0.25,-20,1,400,0.7,1,eff,1,6.5,10,10
7.482433334471366,-88.99189763453363,0.6968241909147566,-375.3466826445973,0.10896277777777777,-277.18028161568714,2.8578904074535,-122.99640602943884,0.5,0.25,-20,1,400,0.7,1,eff,1,35,10,10
7.482433334471366,-93.33965489659246,0.6968241909147566,-379.69443990665616,0.10896277777777777,-282.2113129352807,2.8578904074535,-123.09231508638541,0.5,0.25,-20,1,400,0.7,1,eff,0.5,35,10,10
5.327510845438027,-92.09914869793256,1.7398467296524174,-217.72510862356776,2.1014249999999994,-114.56195508047847,3.223694018564611,-119.29102182284068,0.2,3,-10,2,500,0.8,1,eff,0.5,6.5,5,10
7.482433334471366,-88.99189763453363,0.664380693404857,-403.83076835533024,0.10896277777777777,-301.51110134919145,2.8578904074535,-123.46023656976668,0.5,0.25,-20,1,400,0.8,0.5,eq,1,6.5,10,10
5.327510845438027,-94.59076824889578,0.6968241909147566,-347.8384724091965,0.10896277777777777,-245.34900426890647,2.8578904074535,-122.38959052824372,0.5,0.25,-20,1,400,0.7,1,eff,0.5,35,5,10
7.482433334471366,-91.40332519353423,0.6968241909147566,-377.7581102035979,0.10896277777777777,-279.9706783289414,2.8578904074535,-123.04960075240412,0.5,0.25,-20,1,400,0.7,1,eff,0.5,6.5,10,10
5.327510845438027,-90.38986506758839,0.664380693404857,-371.31651453120645,0.10896277777777777,-263.4163896754963,2.8578904074535,-122.73401809900508,0.5,0.25,-20,1,400,0.8,0.5,eq,1,6.5,5,10
7.482433334471366,-93.33965489659246,1.7398467296524174,-252.0726956719906,2.1014249999999994,-153.4391893487549,3.223694018564611,-124.35959170271971,0.2,3,-10,2,500,0.8,1,eff,0.5,35,10,10
5.327510845438027,-91.51466541437559,0.664380693404857,-372.44131487799365,0.10896277777777777,-264.7342407672152,2.8578904074535,-122.75914095103558,0.5,0.25,-20,1,400,0.8,0.5,eq,1,35,5,10
7.482433334471366,-88.99189763453363,0.664380693404857,-403.83076835533024,0.10896277777777777,-301.51110134919145,2.8578904074535,-123.46023656976668,0.5,0.25,-20,1,400,0.8,0.5,eq,1,35,10,10
7.482433334471366,-91.40332519353423,0.664380693404857,-406.2421959143308,0.10896277777777777,-304.33640492448694,2.8578904074535,-123.51409673963654,0.5,0.25,-20,1,400,0.8,0.5,eq,0.5,6.5,10,10
5.327510845438027,-92.09914869793256,0.664380693404857,-373.02579816155065,0.10896277777777777,-265.41903957234524,2.8578904074535,-122.77219561188468,0.5,0.25,-20,1,400,0.8,0.5,eq,0.5,6.5,5,10
7.482433334471366,-88.99189763453363,0.664380693404857,-387.50926194699997,0.10896277777777777,-290.4839614154754,2.8578904074535,-123.25002070652214,0.5,0.25,-20,1,400,0.8,0.5,eff,1,35,10,10
7.482433334471366,-93.33965489659246,0.664380693404857,-408.178525617389,0.10896277777777777,-306.60506906610954,2.8578904074535,-123.55734541461571,0.5,0.25,-20,1,400,0.8,0.5,eq,0.5,35,10,10
5.327510845438027,-91.51466541437559,0.6968241909147566,-344.7623695746763,0.10896277777777777,-241.78947489061065,2.8578904074535,-122.32173344603558,0.5,0.25,-20,1,400,0.7,1,eff,1,35,5,10
7.482433334471366,-88.99189763453363,0.664380693404857,-387.50926194699997,0.10896277777777777,-290.4839614154754,2.8578904074535,-123.25002070652214,0.5,0.25,-20,1,400,0.8,0.5,eff,1,6.5,10,10
5.327510845438027,-92.09914869793256,0.664380693404857,-357.02913033325535,0.10896277777777777,-255.17537082910212,2.8578904074535,-122.57691545033822,0.5,0.25,-20,1,400,0.8,0.5,eff,0.5,6.5,5,10
7.482433334471366,-91.40332519353423,0.664380693404857,-389.92068950600054,0.10896277777777777,-293.277391230112,2.8578904074535,-123.30327325101021,0.5,0.25,-20,1,400,0.8,0.5,eff,0.5,6.5,10,10
5.327510845438027,-94.59076824889578,1.7398467296524174,-220.21672817453097,2.1014249999999994,-117.38216125280438,3.223694018564611,-119.65870260901646,0.2,3,-10,2,500,0.8,1,eff,0.5,35,5,10
7.482433334471366,-93.33965489659246,0.664380693404857,-391.85701920905893,0.10896277777777777,-295.5204613583604,2.8578904074535,-123.34603401455924,0.5,0.25,-20,1,400,0.8,0.5,eff,0.5,35,10,10
5.327510845438027,-91.51466541437559,0.664380693404857,-356.44464704969835,0.10896277777777777,-254.49829760567073,2.8578904074535,-122.56400806610257,0.5,0.25,-20,1,400,0.8,0.5,eff,1,35,5,10
7.482433334471366,-88.99189763453363,0.6968241909147566,-390.9749819355633,0.10896277777777777,-287.3637467291854,2.8578904074535,-123.19053849919293,0.5,0.25,-20,1,400,0.8,1,eq,1,6.5,10,10
5.327510845438027,-90.38986506758839,0.6968241909147566,-343.6375692278891,0.10896277777777777,-240.48790595945766,2.8578904074535,-122.29692098894517,0.5,0.25,-20,1,400,0.7,1,eff,1,6.5,5,10
7.482433334471366,-88.99189763453363,0.6968241909147566,-390.9749819355633,0.10896277777777777,-287.3637467291854,2.8578904074535,-123.19053849919293,0.5,0.25,-20,1,400,0.8,1,eq,1,35,10,10
5.327510845438027,-90.38986506758839,0.6968241909147566,-358.91128392766495,0.10896277777777777,-249.84509126261435,2.8578904074535,-122.47530167494958,0.5,0.25,-20,1,400,0.8,1,eq,1,6.5,5,10
7.482433334471366,-88.99189763453363,0.6968241909147566,-375.3466826445973,0.10896277777777777,-277.18028161568714,2.8578904074535,-122.99640602943884,0.5,0.25,-20,1,400,0.8,1,eff,1,6.5,10,10
7.482433334471366,-93.33965489659246,0.6968241909147566,-395.3227391976221,0.10896277777777777,-292.4511825804121,2.8578904074535,-123.28752282383138,0.5,0.25,-20,1,400,0.8,1,eq,0.5,35,10,10
5.327510845438027,-90.38986506758839,0.6968241909147566,-343.6375692278891,0.10896277777777777,-240.48790595945766,2.8578904074535,-122.29692098894517,0.5,0.25,-20,1,400,0.8,1,eff,1,6.5,5,10
5.327510845438027,-91.51466541437559,0.6968241909147566,-360.03608427445215,0.10896277777777777,-251.16125250737392,2.8578904074535,-122.50039231258525,0.5,0.25,-20,1,400,0.8,1,eq,1,35,5,10
5.327510845438027,-91.51466541437559,0.6968241909147566,-344.7623695746763,0.10896277777777777,-241.78947489061065,2.8578904074535,-122.32173344603558,0.5,0.25,-20,1,400,0.8,1,eff,1,35,5,10
7.482433334471366,-88.99189763453363,0.6968241909147566,-375.3466826445973,0.10896277777777777,-277.18028161568714,2.8578904074535,-122.99640602943884,0.5,0.25,-20,1,400,0.8,1,eff,1,35,10,10
5.327510845438027,-94.59076824889578,0.6968241909147566,-363.11218710897236,0.10896277777777777,-254.7606889292417,2.8578904074535,-122.56901016265032,0.5,0.25,-20,1,400,0.8,1,eq,0.5,35,5,10
5.327510845438027,-92.09914869793256,0.6968241909147566,-345.3468528582333,0.10896277777777777,-242.46581294929302,2.8578904074535,-122.33462681545915,0.5,0.25,-20,1,400,0.8,1,eff,0.5,6.5,5,10
5.327510845438027,-92.09914869793256,0.6968241909147566,-360.62056755800916,0.10896277777777777,-251.84517321213718,2.8578904074535,-122.51343023376948,0.5,0.25,-20,1,400,0.8,1,eq,0.5,6.5,5,10
7.482433334471366,-93.33965489659246,0.6968241909147566,-379.69443990665616,0.10896277777777777,-282.2113129352807,2.8578904074535,-123.09231508638541,0.5,0.25,-20,1,400,0.8,1,eff,0.5,35,10,10
5.327510845438027,-94.59076824889578,0.664380693404857,-375.51741771251386,0.10896277777777777,-268.3382985812516,2.8578904074535,-122.82784690100223,0.5,0.25,-20,1,400,0.8,0.5,eq,0.5,35,5,10
5.327510845438027,-94.59076824889578,0.664380693404857,-359.52074988421856,0.10896277777777777,-258.0616961158738,2.8578904074535,-122.63193890750024,0.5,0.25,-20,1,400,0.8,0.5,eff,0.5,35,5,10
5.327510845438027,-90.38986506758839,0.664380693404857,-355.31984670291115,0.10896277777777777,-253.19531389680327,2.8578904074535,-122.53916863839987,0.5,0.25,-20,1,400,0.8,0.5,eff,1,6.5,5,10
7.482433334471366,-91.40332519353423,0.6968241909147566,-393.3864094945639,0.10896277777777777,-290.18542748955895,2.8578904074535,-123.24432960553666,0.5,0.25,-20,1,400,0.8,1,eq,0.5,6.5,10,10
7.482433334471366,-91.40332519353423,0.6968241909147566,-377.7581102035979,0.10896277777777777,-279.9706783289414,2.8578904074535,-123.04960075240412,0.5,0.25,-20,1,400,0.8,1,eff,0.5,6.5,10,10
5.327510845438027,-94.59076824889578,0.6968241909147566,-347.8384724091965,0.10896277777777777,-245.34900426890647,2.8578904074535,-122.38959052824372,0.5,0.25,-20,1,400,0.8,1,eff,0.5,35,5,10
5.327510845438027,-91.51466541437559,0.664380693404857,-372.44131487799365,0.14009499999999997,-264.7346770081447,2.873456518564611,-123.5282602058625,0.5,0.25,-20,1,500,0.7,0.5,eq,1,35,5,10
5.327510845438027,-90.38986506758839,0.664380693404857,-371.31651453120645,0.14009499999999997,-263.41682591638727,2.873456518564611,-123.49613437630713,0.5,0.25,-20,1,500,0.7,0.5,eq,1,6.5,5,10
7.482433334471366,-88.99189763453363,0.664380693404857,-403.83076835533024,0.14009499999999997,-301.51153759008804,2.873456518564611,-124.42478574051752,0.5,0.25,-20,1,500,0.7,0.5,eq,1,6.5,10,10
5.327510845438027,-92.09914869793256,0.664380693404857,-373.02579816155065,0.14009499999999997,-265.4194758131124,2.873456518564611,-123.54495384433639,0.5,0.25,-20,1,500,0.7,0.5,eq,0.5,6.5,5,10
7.482433334471366,-88.99189763453363,0.664380693404857,-387.50926194699997,0.14009499999999997,-290.4843595176809,2.873456518564611,-124.15597142193057,0.5,0.25,-20,1,500,0.7,0.5,eff,1,35,10,10
5.327510845438027,-94.59076824889578,0.664380693404857,-359.52074988421856,0.14009499999999997,-258.0620942180797,2.873456518564611,-123.36559975146987,0.5,0.25,-20,1,500,0.7,0.5,eff,0.5,35,5,10
5.327510845438027,-94.59076824889578,0.664380693404857,-375.51741771251386,0.14009499999999997,-268.3387348221431,2.873456518564611,-123.61611789157823,0.5,0.25,-20,1,500,0.7,0.5,eq,0.5,35,5,10
5.327510845438027,-90.38986506758839,0.664380693404857,-355.31984670291115,0.14009499999999997,-253.19571199904928,2.873456518564611,-123.24696983440487,0.5,0.25,-20,1,500,0.7,0.5,eff,1,6.5,5,10
7.482433334471366,-91.40332519353423,0.664380693404857,-389.92068950600054,0.14009499999999997,-293.2777893323176,2.873456518564611,-124.2240680761435,0.5,0.25,-20,1,500,0.7,0.5,eff,0.5,6.5,10,10
5.327510845438027,-91.51466541437559,0.664380693404857,-356.44464704969835,0.14009499999999997,-254.49869570788474,2.873456518564611,-123.2787332352967,0.5,0.25,-20,1,500,0.7,0.5,eff,1,35,5,10
5.327510845438027,-92.09914869793256,0.664380693404857,-357.02913033325535,0.14009499999999997,-255.17576893134836,2.873456518564611,-123.29523854390823,0.5,0.25,-20,1,500,0.7,0.5,eff,0.5,6.5,5,10
7.482433334471366,-93.33965489659246,0.664380693404857,-391.85701920905893,0.14009499999999997,-295.5208594605727,2.873456518564611,-124.27874837278064,0.5,0.25,-20,1,500,0.7,0.5,eff,0.5,35,10,10
7.482433334471366,-93.33965489659246,0.664380693404857,-408.178525617389,0.14009499999999997,-306.60550530690324,2.873456518564611,-124.5489636083007,0.5,0.25,-20,1,500,0.7,0.5,eq,0.5,35,10,10
7.482433334471366,-91.40332519353423,0.664380693404857,-406.2421959143308,0.14009499999999997,-304.3368411654194,2.873456518564611,-124.49365939526535,0.5,0.25,-20,1,500,0.7,0.5,eq,0.5,6.5,10,10
7.482433334471366,-88.99189763453363,0.664380693404857,-403.83076835533024,0.14009499999999997,-301.51153759008804,2.873456518564611,-124.42478574051752,0.5,0.25,-20,1,500,0.7,0.5,eq,1,35,10,10
7.482433334471366,-91.40332519353423,0.6968241909147566,-393.3864094945639,0.14009499999999997,-290.1858392497344,2.873456518564611,-124.1486942634512,0.5,0.25,-20,1,500,0.7,1,eq,0.5,6.5,10,10
7.482433334471366,-88.99189763453363,0.664380693404857,-387.50926194699997,0.14009499999999997,-290.4843595176809,2.873456518564611,-124.15597142193057,0.5,0.25,-20,1,500,0.7,0.5,eff,1,6.5,10,10
7.482433334471366,-93.33965489659246,0.6968241909147566,-395.3227391976221,0.14009499999999997,-292.4515943407686,2.873456518564611,-124.20392756129795,0.5,0.25,-20,1,500,0.7,1,eq,0.5,35,10,10
5.327510845438027,-91.51466541437559,0.6968241909147566,-360.03608427445215,0.14009499999999997,-251.16166426776726,2.873456518564611,-123.19738496769928,0.5,0.25,-20,1,500,0.7,1,eq,1,35,5,10
7.482433334471366,-88.99189763453363,0.6968241909147566,-390.9749819355633,0.14009499999999997,-287.36415848953965,2.873456518564611,-124.0799089236444,0.5,0.25,-20,1,500,0.7,1,eq,1,6.5,10,10
7.482433334471366,-88.99189763453363,0.6968241909147566,-390.9749819355633,0.14009499999999997,-287.36415848953965,2.873456518564611,-124.0799089236444,0.5,0.25,-20,1,500,0.7,1,eq,1,35,10,10
7.482433334471366,-88.99189763453363,0.6968241909147566,-375.3466826445973,0.14009499999999997,-277.1806577600029,2.873456518564611,-123.83166129478917,0.5,0.25,-20,1,500,0.7,1,eff,1,6.5,10,10
5.327510845438027,-90.38986506758839,0.6968241909147566,-343.6375692278891,0.14009499999999997,-240.48828210378014,2.873456518564611,-122.93719528593405,0.5,0.25,-20,1,500,0.7,1,eff,1,6.5,5,10
7.482433334471366,-88.99189763453363,0.6968241909147566,-375.3466826445973,0.14009499999999997,-277.1806577600029,2.873456518564611,-123.83166129478917,0.5,0.25,-20,1,500,0.7,1,eff,1,35,10,10
5.327510845438027,-92.09914869793256,0.6968241909147566,-360.62056755800916,0.14009499999999997,-251.84558497253784,2.873456518564611,-123.2140572003424,0.5,0.25,-20,1,500,0.7,1,eq,0.5,6.5,5,10
5.327510845438027,-90.38986506758839,0.6968241909147566,-358.91128392766495,0.14009499999999997,-249.84550302297697,2.873456518564611,-123.1653003322789,0.5,0.25,-20,1,500,0.7,1,eq,1,6.5,5,10
5.327510845438027,-94.59076824889578,0.6968241909147566,-363.11218710897236,0.14009499999999997,-254.7611006894615,2.873456518564611,-123.28512999572384,0.5,0.25,-20,1,500,0.7,1,eq,0.5,35,5,10
5.327510845438027,-91.51466541437559,0.6968241909147566,-344.7623695746763,0.14009499999999997,-241.78985103507705,2.873456518564611,-122.96892419817817,0.5,0.25,-20,1,500,0.7,1,eff,1,35,5,10
5.327510845438027,-92.09914869793256,0.6968241909147566,-345.3468528582333,0.14009499999999997,-242.46618909362573,2.873456518564611,-122.98541158535458,0.5,0.25,-20,1,500,0.7,1,eff,0.5,6.5,5,10
5.327510845438027,-94.59076824889578,0.6968241909147566,-347.8384724091965,0.14009499999999997,-245.34938041322744,2.873456518564611,-123.05569639483582,0.5,0.25,-20,1,500,0.7,1,eff,0.5,35,5,10
7.482433334471366,-91.40332519353423,0.664380693404857,-406.2421959143308,0.14009499999999997,-304.3368411654194,2.873456518564611,-124.49365939526535,0.5,0.25,-20,1,500,0.8,0.5,eq,0.5,6.5,10,10
7.482433334471366,-93.33965489659246,0.6968241909147566,-379.69443990665616,0.14009499999999997,-282.2116890795952,2.873456518564611,-123.95430493462922,0.5,0.25,-20,1,500,0.7,1,eff,0.5,35,10,10
5.327510845438027,-90.38986506758839,0.664380693404857,-355.31984670291115,0.14009499999999997,-253.19571199904928,2.873456518564611,-123.24696983440487,0.5,0.25,-20,1,500,0.8,0.5,eff,1,6.5,5,10
7.482433334471366,-91.40332519353423,0.6968241909147566,-377.7581102035979,0.14009499999999997,-279.9710544732657,2.873456518564611,-123.89968400977003,0.5,0.25,-20,1,500,0.7,1,eff,0.5,6.5,10,10
7.482433334471366,-88.99189763453363,0.664380693404857,-403.83076835533024,0.14009499999999997,-301.51153759008804,2.873456518564611,-124.42478574051752,0.5,0.25,-20,1,500,0.8,0.5,eq,1,6.5,10,10
5.327510845438027,-90.38986506758839,0.664380693404857,-371.31651453120645,0.14009499999999997,-263.41682591638727,2.873456518564611,-123.49613437630713,0.5,0.25,-20,1,500,0.8,0.5,eq,1,6.5,5,10
5.327510845438027,-92.09914869793256,0.664380693404857,-373.02579816155065,0.14009499999999997,-265.4194758131124,2.873456518564611,-123.54495384433639,0.5,0.25,-20,1,500,0.8,0.5,eq,0.5,6.5,5,10
7.482433334471366,-93.33965489659246,0.664380693404857,-408.178525617389,0.14009499999999997,-306.60550530690324,2.873456518564611,-124.5489636083007,0.5,0.25,-20,1,500,0.8,0.5,eq,0.5,35,10,10
7.482433334471366,-93.33965489659246,0.664380693404857,-391.85701920905893,0.14009499999999997,-295.5208594605727,2.873456518564611,-124.27874837278064,0.5,0.25,-20,1,500,0.8,0.5,eff,0.5,35,10,10
7.482433334471366,-91.40332519353423,0.664380693404857,-389.92068950600054,0.14009499999999997,-293.2777893323176,2.873456518564611,-124.2240680761435,0.5,0.25,-20,1,500,0.8,0.5,eff,0.5,6.5,10,10
5.327510845438027,-90.38986506758839,0.6968241909147566,-358.91128392766495,0.14009499999999997,-249.84550302297697,2.873456518564611,-123.1653003322789,0.5,0.25,-20,1,500,0.8,1,eq,1,6.5,5,10
7.482433334471366,-88.99189763453363,0.664380693404857,-403.83076835533024,0.14009499999999997,-301.51153759008804,2.873456518564611,-124.42478574051752,0.5,0.25,-20,1,500,0.8,0.5,eq,1,35,10,10
5.327510845438027,-91.51466541437559,0.664380693404857,-356.44464704969835,0.14009499999999997,-254.49869570788474,2.873456518564611,-123.2787332352967,0.5,0.25,-20,1,500,0.8,0.5,eff,1,35,5,10
5.327510845438027,-94.59076824889578,0.664380693404857,-375.51741771251386,0.14009499999999997,-268.3387348221431,2.873456518564611,-123.61611789157823,0.5,0.25,-20,1,500,0.8,0.5,eq,0.5,35,5,10
5.327510845438027,-91.51466541437559,0.664380693404857,-372.44131487799365,0.14009499999999997,-264.7346770081447,2.873456518564611,-123.5282602058625,0.5,0.25,-20,1,500,0.8,0.5,eq,1,35,5,10
7.482433334471366,-88.99189763453363,0.664380693404857,-387.50926194699997,0.14009499999999997,-290.4843595176809,2.873456518564611,-124.15597142193057,0.5,0.25,-20,1,500,0.8,0.5,eff,1,6.5,10,10
7.482433334471366,-88.99189763453363,0.664380693404857,-387.50926194699997,0.14009499999999997,-290.4843595176809,2.873456518564611,-124.15597142193057,0.5,0.25,-20,1,500,0.8,0.5,eff,1,35,10,10
7.482433334471366,-88.99189763453363,0.6968241909147566,-390.9749819355633,0.14009499999999997,-287.36415848953965,2.873456518564611,-124.0799089236444,0.5,0.25,-20,1,500,0.8,1,eq,1,6.5,10,10
5.327510845438027,-94.59076824889578,0.664380693404857,-359.52074988421856,0.14009499999999997,-258.0620942180797,2.873456518564611,-123.36559975146987,0.5,0.25,-20,1,500,0.8,0.5,eff,0.5,35,5,10
5.327510845438027,-92.09914869793256,0.664380693404857,-357.02913033325535,0.14009499999999997,-255.17576893134836,2.873456518564611,-123.29523854390823,0.5,0.25,-20,1,500,0.8,0.5,eff,0.5,6.5,5,10
7.482433334471366,-88.99189763453363,0.6968241909147566,-375.3466826445973,0.14009499999999997,-277.1806577600029,2.873456518564611,-123.83166129478917,0.5,0.25,-20,1,500,0.8,1,eff,1,6.5,10,10
7.482433334471366,-88.99189763453363,0.6968241909147566,-390.9749819355633,0.14009499999999997,-287.36415848953965,2.873456518564611,-124.0799089236444,0.5,0.25,-20,1,500,0.8,1,eq,1,35,10,10
7.482433334471366,-93.33965489659246,0.6968241909147566,-395.3227391976221,0.14009499999999997,-292.4515943407686,2.873456518564611,-124.20392756129795,0.5,0.25,-20,1,500,0.8,1,eq,0.5,35,10,10
7.482433334471366,-91.40332519353423,0.6968241909147566,-393.3864094945639,0.14009499999999997,-290.1858392497344,2.873456518564611,-124.1486942634512,0.5,0.25,-20,1,500,0.8,1,eq,0.5,6.5,10,10
5.327510845438027,-92.09914869793256,0.6968241909147566,-360.62056755800916,0.14009499999999997,-251.84558497253784,2.873456518564611,-123.2140572003424,0.5,0.25,-20,1,500,0.8,1,eq,0.5,6.5,5,10
5.327510845438027,-94.59076824889578,0.6968241909147566,-347.8384724091965,0.14009499999999997,-245.34938041322744,2.873456518564611,-123.05569639483582,0.5,0.25,-20,1,500,0.8,1,eff,0.5,35,5,10
7.482433334471366,-91.40332519353423,0.6968241909147566,-377.7581102035979,0.14009499999999997,-279.9710544732657,2.873456518564611,-123.89968400977003,0.5,0.25,-20,1,500,0.8,1,eff,0.5,6.5,10,10
7.482433334471366,-93.33965489659246,0.6968241909147566,-379.69443990665616,0.14009499999999997,-282.2116890795952,2.873456518564611,-123.95430493462922,0.5,0.25,-20,1,500,0.8,1,eff,0.5,35,10,10
7.482433334471366,-88.99189763453363,0.6968241909147566,-375.3466826445973,0.14009499999999997,-277.1806577600029,2.873456518564611,-123.83166129478917,0.5,0.25,-20,1,500,0.8,1,eff,1,35,10,10
5.327510845438027,-92.09914869793256,0.6968241909147566,-345.3468528582333,0.14009499999999997,-242.46618909362573,2.873456518564611,-122.98541158535458,0.5,0.25,-20,1,500,0.8,1,eff,0.5,6.5,5,10
5.327510845438027,-91.51466541437559,0.6968241909147566,-344.7623695746763,0.14009499999999997,-241.78985103507705,2.873456518564611,-122.96892419817817,0.5,0.25,-20,1,500,0.8,1,eff,1,35,5,10
7.482433334471366,-88.99189763453363,0.664380693404857,-403.83076835533024,0.21792555555555554,-301.51262819190265,2.9123717963423887,-126.79106980584476,0.5,0.25,-20,2,400,0.7,0.5,eq,1,35,10,10
5.327510845438027,-91.51466541437559,0.6968241909147566,-360.03608427445215,0.14009499999999997,-251.16166426776726,2.873456518564611,-123.19738496769928,0.5,0.25,-20,1,500,0.8,1,eq,1,35,5,10
5.327510845438027,-94.59076824889578,0.6968241909147566,-363.11218710897236,0.14009499999999997,-254.7611006894615,2.873456518564611,-123.28512999572384,0.5,0.25,-20,1,500,0.8,1,eq,0.5,35,5,10
5.327510845438027,-90.38986506758839,0.6968241909147566,-343.6375692278891,0.14009499999999997,-240.48828210378014,2.873456518564611,-122.93719528593405,0.5,0.25,-20,1,500,0.8,1,eff,1,6.5,5,10
7.482433334471366,-88.99189763453363,0.664380693404857,-403.83076835533024,0.21792555555555554,-301.51262819190265,2.9123717963423887,-126.79106980584476,0.5,0.25,-20,2,400,0.7,0.5,eq,1,6.5,10,10
5.327510845438027,-90.38986506758839,0.664380693404857,-371.31651453120645,0.21792555555555554,-263.4179165182495,2.9123717963423887,-125.36580342748671,0.5,0.25,-20,2,400,0.7,0.5,eq,1,6.5,5,10
5.327510845438027,-91.51466541437559,0.664380693404857,-372.44131487799365,0.21792555555555554,-264.7357676102248,2.9123717963423887,-125.4151091912149,0.5,0.25,-20,2,400,0.7,0.5,eq,1,35,5,10
7.482433334471366,-91.40332519353423,0.664380693404857,-406.2421959143308,0.21792555555555554,-304.3379317675387,2.9123717963423887,-126.89677503415852,0.5,0.25,-20,2,400,0.7,0.5,eq,0.5,6.5,10,10
7.482433334471366,-88.99189763453363,0.664380693404857,-387.50926194699997,0.21792555555555554,-290.48535477334974,2.9123717963423887,-126.37849805092338,0.5,0.25,-20,2,400,0.7,0.5,eff,1,35,10,10
7.482433334471366,-93.33965489659246,0.664380693404857,-391.85701920905893,0.21792555555555554,-295.5218547161311,2.9123717963423887,-126.56693244818406,0.5,0.25,-20,2,400,0.7,0.5,eff,0.5,35,10,10
7.482433334471366,-88.99189763453363,0.6968241909147566,-390.9749819355633,0.21792555555555554,-287.36518789075353,2.9123717963423887,-126.26176087777641,0.5,0.25,-20,2,400,0.7,1,eq,1,35,10,10
7.482433334471366,-93.33965489659246,0.664380693404857,-408.178525617389,0.21792555555555554,-306.60659590916293,2.9123717963423887,-126.98165428859521,0.5,0.25,-20,2,400,0.7,0.5,eq,0.5,35,10,10
5.327510845438027,-90.38986506758839,0.6968241909147566,-358.91128392766495,0.21792555555555554,-249.84653242400736,2.9123717963423887,-124.85804692776559,0.5,0.25,-20,2,400,0.7,1,eq,1,6.5,5,10
7.482433334471366,-88.99189763453363,0.664380693404857,-387.50926194699997,0.21792555555555554,-290.48535477334974,2.9123717963423887,-126.37849805092338,0.5,0.25,-20,2,400,0.7,0.5,eff,1,6.5,10,10
5.327510845438027,-91.51466541437559,0.664380693404857,-356.44464704969835,0.21792555555555554,-254.49969096344176,2.9123717963423887,-125.03213908197941,0.5,0.25,-20,2,400,0.7,0.5,eff,1,35,5,10
5.327510845438027,-94.59076824889578,0.664380693404857,-359.52074988421856,0.21792555555555554,-258.06308947364323,2.9123717963423887,-125.16545921661614,0.5,0.25,-20,2,400,0.7,0.5,eff,0.5,35,5,10
7.482433334471366,-88.99189763453363,0.6968241909147566,-390.9749819355633,0.21792555555555554,-287.36518789075353,2.9123717963423887,-126.26176087777641,0.5,0.25,-20,2,400,0.7,1,eq,1,6.5,10,10
7.482433334471366,-91.40332519353423,0.6968241909147566,-393.3864094945639,0.21792555555555554,-290.18686865067315,2.9123717963423887,-126.36733056293437,0.5,0.25,-20,2,400,0.7,1,eq,0.5,6.5,10,10
5.327510845438027,-91.51466541437559,0.6968241909147566,-360.03608427445215,0.21792555555555554,-251.16269366870648,2.9123717963423887,-124.90728946795416,0.5,0.25,-20,2,400,0.7,1,eq,1,35,5,10
5.327510845438027,-92.09914869793256,0.6968241909147566,-360.62056755800916,0.21792555555555554,-251.84661437353185,2.9123717963423887,-124.93287751267823,0.5,0.25,-20,2,400,0.7,1,eq,0.5,6.5,5,10
5.327510845438027,-92.09914869793256,0.664380693404857,-373.02579816155065,0.21792555555555554,-265.4205664150959,2.9123717963423887,-125.44073008896284,0.5,0.25,-20,2,400,0.7,0.5,eq,0.5,6.5,5,10
5.327510845438027,-90.38986506758839,0.664380693404857,-355.31984670291115,0.21792555555555554,-253.19670725457405,2.9123717963423887,-124.9833895629463,0.5,0.25,-20,2,400,0.7,0.5,eff,1,6.5,5,10
7.482433334471366,-91.40332519353423,0.664380693404857,-389.92068950600054,0.21792555555555554,-293.2787845881609,2.9123717963423887,-126.48301076201729,0.5,0.25,-20,2,400,0.7,0.5,eff,0.5,6.5,10,10
5.327510845438027,-94.59076824889578,0.664380693404857,-375.51741771251386,0.21792555555555554,-268.33982542400065,2.9123717963423887,-125.54995054325457,0.5,0.25,-20,2,400,0.7,0.5,eq,0.5,35,5,10
5.327510845438027,-92.09914869793256,0.664380693404857,-357.02913033325535,0.21792555555555554,-255.17676418687302,2.9123717963423887,-125.05747093668185,0.5,0.25,-20,2,400,0.7,0.5,eff,0.5,6.5,5,10
5.327510845438027,-90.38986506758839,0.6968241909147566,-343.6375692278891,0.21792555555555554,-240.48922246459296,2.9123717963423887,-124.50795478397193,0.5,0.25,-20,2,400,0.7,1,eff,1,6.5,5,10
5.327510845438027,-94.59076824889578,0.6968241909147566,-363.11218710897236,0.21792555555555554,-254.7621300906293,2.9123717963423887,-125.04195791635075,0.5,0.25,-20,2,400,0.7,1,eq,0.5,35,5,10
7.482433334471366,-88.99189763453363,0.6968241909147566,-375.3466826445973,0.21792555555555554,-277.1815981207263,2.9123717963423887,-125.88075449992142,0.5,0.25,-20,2,400,0.7,1,eff,1,35,10,10
7.482433334471366,-88.99189763453363,0.6968241909147566,-375.3466826445973,0.21792555555555554,-277.1815981207263,2.9123717963423887,-125.88075449992142,0.5,0.25,-20,2,400,0.7,1,eff,1,6.5,10,10
7.482433334471366,-93.33965489659246,0.6968241909147566,-379.69443990665616,0.21792555555555554,-282.2126294404552,2.9123717963423887,-126.06898429543479,0.5,0.25,-20,2,400,0.7,1,eff,0.5,35,10,10
7.482433334471366,-88.99189763453363,0.664380693404857,-403.83076835533024,0.21792555555555554,-301.51262819190265,2.9123717963423887,-126.79106980584476,0.5,0.25,-20,2,400,0.8,0.5,eq,1,35,10,10
7.482433334471366,-93.33965489659246,0.6968241909147566,-395.3227391976221,0.21792555555555554,-292.45262374184364,2.9123717963423887,-126.45210097885729,0.5,0.25,-20,2,400,0.7,1,eq,0.5,35,10,10
5.327510845438027,-92.09914869793256,0.6968241909147566,-345.3468528582333,0.21792555555555554,-242.46712945443056,2.9123717963423887,-124.5819557202773,0.5,0.25,-20,2,400,0.7,1,eff,0.5,6.5,5,10
5.327510845438027,-94.59076824889578,0.6968241909147566,-347.8384724091965,0.21792555555555554,-245.35032077404702,2.9123717963423887,-124.68982674671858,0.5,0.25,-20,2,400,0.7,1,eff,0.5,35,5,10
5.327510845438027,-91.51466541437559,0.6968241909147566,-344.7623695746763,0.21792555555555554,-241.79079139592565,2.9123717963423887,-124.5566513708587,0.5,0.25,-20,2,400,0.7,1,eff,1,35,5,10
7.482433334471366,-91.40332519353423,0.664380693404857,-406.2421959143308,0.21792555555555554,-304.3379317675387,2.9123717963423887,-126.89677503415852,0.5,0.25,-20,2,400,0.8,0.5,eq,0.5,6.5,10,10
7.482433334471366,-91.40332519353423,0.6968241909147566,-377.7581102035979,0.21792555555555554,-279.97199483426846,2.9123717963423887,-125.98515373129405,0.5,0.25,-20,2,400,0.7,1,eff,0.5,6.5,10,10
5.327510845438027,-91.51466541437559,0.664380693404857,-372.44131487799365,0.21792555555555554,-264.7357676102248,2.9123717963423887,-125.4151091912149,0.5,0.25,-20,2,400,0.8,0.5,eq,1,35,5,10
7.482433334471366,-88.99189763453363,0.664380693404857,-403.83076835533024,0.21792555555555554,-301.51262819190265,2.9123717963423887,-126.79106980584476,0.5,0.25,-20,2,400,0.8,0.5,eq,1,6.5,10,10
5.327510845438027,-90.38986506758839,0.664380693404857,-371.31651453120645,0.21792555555555554,-263.4179165182495,2.9123717963423887,-125.36580342748671,0.5,0.25,-20,2,400,0.8,0.5,eq,1,6.5,5,10
5.327510845438027,-94.59076824889578,0.664380693404857,-375.51741771251386,0.21792555555555554,-268.33982542400065,2.9123717963423887,-125.54995054325457,0.5,0.25,-20,2,400,0.8,0.5,eq,0.5,35,5,10
5.327510845438027,-91.51466541437559,0.664380693404857,-356.44464704969835,0.21792555555555554,-254.49969096344176,2.9123717963423887,-125.03213908197941,0.5,0.25,-20,2,400,0.8,0.5,eff,1,35,5,10
5.327510845438027,-92.09914869793256,0.664380693404857,-373.02579816155065,0.21792555555555554,-265.4205664150959,2.9123717963423887,-125.44073008896284,0.5,0.25,-20,2,400,0.8,0.5,eq,0.5,6.5,5,10
7.482433334471366,-88.99189763453363,0.664380693404857,-387.50926194699997,0.21792555555555554,-290.48535477334974,2.9123717963423887,-126.37849805092338,0.5,0.25,-20,2,400,0.8,0.5,eff,1,35,10,10
7.482433334471366,-88.99189763453363,0.664380693404857,-387.50926194699997,0.21792555555555554,-290.48535477334974,2.9123717963423887,-126.37849805092338,0.5,0.25,-20,2,400,0.8,0.5,eff,1,6.5,10,10
5.327510845438027,-94.59076824889578,0.664380693404857,-359.52074988421856,0.21792555555555554,-258.06308947364323,2.9123717963423887,-125.16545921661614,0.5,0.25,-20,2,400,0.8,0.5,eff,0.5,35,5,10
7.482433334471366,-88.99189763453363,0.6968241909147566,-390.9749819355633,0.21792555555555554,-287.36518789075353,2.9123717963423887,-126.26176087777641,0.5,0.25,-20,2,400,0.8,1,eq,1,6.5,10,10
7.482433334471366,-91.40332519353423,0.664380693404857,-389.92068950600054,0.21792555555555554,-293.2787845881609,2.9123717963423887,-126.48301076201729,0.5,0.25,-20,2,400,0.8,0.5,eff,0.5,6.5,10,10
5.327510845438027,-90.38986506758839,0.6968241909147566,-358.91128392766495,0.21792555555555554,-249.84653242400736,2.9123717963423887,-124.85804692776559,0.5,0.25,-20,2,400,0.8,1,eq,1,6.5,5,10
7.482433334471366,-93.33965489659246,0.664380693404857,-391.85701920905893,0.21792555555555554,-295.5218547161311,2.9123717963423887,-126.56693244818406,0.5,0.25,-20,2,400,0.8,0.5,eff,0.5,35,10,10
7.482433334471366,-93.33965489659246,0.664380693404857,-408.178525617389,0.21792555555555554,-306.60659590916293,2.9123717963423887,-126.98165428859521,0.5,0.25,-20,2,400,0.8,0.5,eq,0.5,35,10,10
5.327510845438027,-92.09914869793256,0.664380693404857,-357.02913033325535,0.21792555555555554,-255.17676418687302,2.9123717963423887,-125.05747093668185,0.5,0.25,-20,2,400,0.8,0.5,eff,0.5,6.5,5,10
5.327510845438027,-90.38986506758839,0.664380693404857,-355.31984670291115,0.21792555555555554,-253.19670725457405,2.9123717963423887,-124.9833895629463,0.5,0.25,-20,2,400,0.8,0.5,eff,1,6.5,5,10
5.327510845438027,-92.09914869793256,0.6968241909147566,-360.62056755800916,0.21792555555555554,-251.84661437353185,2.9123717963423887,-124.93287751267823,0.5,0.25,-20,2,400,0.8,1,eq,0.5,6.5,5,10
5.327510845438027,-94.59076824889578,0.6968241909147566,-363.11218710897236,0.21792555555555554,-254.7621300906293,2.9123717963423887,-125.04195791635075,0.5,0.25,-20,2,400,0.8,1,eq,0.5,35,5,10
5.327510845438027,-90.38986506758839,0.6968241909147566,-343.6375692278891,0.21792555555555554,-240.48922246459296,2.9123717963423887,-124.50795478397193,0.5,0.25,-20,2,400,0.8,1,eff,1,6.5,5,10
5.327510845438027,-91.51466541437559,0.6968241909147566,-344.7623695746763,0.21792555555555554,-241.79079139592565,2.9123717963423887,-124.5566513708587,0.5,0.25,-20,2,400,0.8,1,eff,1,35,5,10
5.327510845438027,-91.51466541437559,0.6968241909147566,-360.03608427445215,0.21792555555555554,-251.16269366870648,2.9123717963423887,-124.90728946795416,0.5,0.25,-20,2,400,0.8,1,eq,1,35,5,10
7.482433334471366,-91.40332519353423,0.6968241909147566,-377.7581102035979,0.21792555555555554,-279.97199483426846,2.9123717963423887,-125.98515373129405,0.5,0.25,-20,2,400,0.8,1,eff,0.5,6.5,10,10
7.482433334471366,-88.99189763453363,0.6968241909147566,-375.3466826445973,0.21792555555555554,-277.1815981207263,2.9123717963423887,-125.88075449992142,0.5,0.25,-20,2,400,0.8,1,eff,1,6.5,10,10
7.482433334471366,-88.99189763453363,0.6968241909147566,-375.3466826445973,0.21792555555555554,-277.1815981207263,2.9123717963423887,-125.88075449992142,0.5,0.25,-20,2,400,0.8,1,eff,1,35,10,10
7.482433334471366,-93.33965489659246,0.6968241909147566,-379.69443990665616,0.21792555555555554,-282.2126294404552,2.9123717963423887,-126.06898429543479,0.5,0.25,-20,2,400,0.8,1,eff,0.5,35,10,10
7.482433334471366,-91.40332519353423,0.6968241909147566,-393.3864094945639,0.21792555555555554,-290.18686865067315,2.9123717963423887,-126.36733056293437,0.5,0.25,-20,2,400,0.8,1,eq,0.5,6.5,10,10
5.327510845438027,-92.09914869793256,0.6968241909147566,-345.3468528582333,0.21792555555555554,-242.46712945443056,2.9123717963423887,-124.5819557202773,0.5,0.25,-20,2,400,0.8,1,eff,0.5,6.5,5,10
7.482433334471366,-88.99189763453363,0.6968241909147566,-390.9749819355633,0.21792555555555554,-287.36518789075353,2.9123717963423887,-126.26176087777641,0.5,0.25,-20,2,400,0.8,1,eq,1,35,10,10
5.327510845438027,-94.59076824889578,0.6968241909147566,-347.8384724091965,0.21792555555555554,-245.35032077404702,2.9123717963423887,-124.68982674671858,0.5,0.25,-20,2,400,0.8,1,eff,0.5,35,5,10
5.327510845438027,-90.38986506758839,0.664380693404857,-371.31651453120645,0.28018999999999994,-263.41878899990564,2.943504018564611,-126.82596494457643,0.5,0.25,-20,2,500,0.7,0.5,eq,1,6.5,5,10
7.482433334471366,-93.33965489659246,0.6968241909147566,-395.3227391976221,0.21792555555555554,-292.45262374184364,2.9123717963423887,-126.45210097885729,0.5,0.25,-20,2,400,0.8,1,eq,0.5,35,10,10
7.482433334471366,-88.99189763453363,0.664380693404857,-403.83076835533024,0.28018999999999994,-301.51350067359084,2.943504018564611,-128.63906885007992,0.5,0.25,-20,2,500,0.7,0.5,eq,1,35,10,10
5.327510845438027,-91.51466541437559,0.664380693404857,-372.44131487799365,0.28018999999999994,-264.73664009178685,2.943504018564611,-126.88868758655435,0.5,0.25,-20,2,500,0.7,0.5,eq,1,35,5,10
7.482433334471366,-88.99189763453363,0.664380693404857,-403.83076835533024,0.28018999999999994,-301.51350067359084,2.943504018564611,-128.63906885007992,0.5,0.25,-20,2,500,0.7,0.5,eq,1,6.5,10,10
5.327510845438027,-92.09914869793256,0.664380693404857,-373.02579816155065,0.28018999999999994,-265.42143889675395,2.943504018564611,-126.92128033586836,0.5,0.25,-20,2,500,0.7,0.5,eq,0.5,6.5,5,10
7.482433334471366,-91.40332519353423,0.664380693404857,-406.2421959143308,0.28018999999999994,-304.33880424902713,2.943504018564611,-128.77353814310766,0.5,0.25,-20,2,500,0.7,0.5,eq,0.5,6.5,10,10
7.482433334471366,-91.40332519353423,0.664380693404857,-389.92068950600054,0.28018999999999994,-293.2795807926069,2.943504018564611,-128.24717843700384,0.5,0.25,-20,2,500,0.7,0.5,eff,0.5,6.5,10,10
7.482433334471366,-88.99189763453363,0.664380693404857,-387.50926194699997,0.28018999999999994,-290.4861509777978,2.943504018564611,-128.11422616398593,0.5,0.25,-20,2,500,0.7,0.5,eff,1,35,10,10
5.327510845438027,-90.38986506758839,0.664380693404857,-355.31984670291115,0.28018999999999994,-253.19750345899473,2.943504018564611,-126.33948658788907,0.5,0.25,-20,2,500,0.7,0.5,eff,1,6.5,5,10
5.327510845438027,-94.59076824889578,0.664380693404857,-359.52074988421856,0.28018999999999994,-258.06388567806357,2.943504018564611,-126.57110027439344,0.5,0.25,-20,2,500,0.7,0.5,eff,0.5,35,5,10
5.327510845438027,-92.09914869793256,0.664380693404857,-357.02913033325535,0.28018999999999994,-255.1775603914619,2.943504018564611,-126.43372667528297,0.5,0.25,-20,2,500,0.7,0.5,eff,0.5,6.5,5,10
7.482433334471366,-93.33965489659246,0.664380693404857,-408.178525617389,0.28018999999999994,-306.6074683908563,2.943504018564611,-128.88151438535002,0.5,0.25,-20,2,500,0.7,0.5,eq,0.5,35,10,10
7.482433334471366,-93.33965489659246,0.664380693404857,-391.85701920905893,0.28018999999999994,-295.5226509208661,2.943504018564611,-128.35393654150673,0.5,0.25,-20,2,500,0.7,0.5,eff,0.5,35,10,10
5.327510845438027,-94.59076824889578,0.664380693404857,-375.51741771251386,0.28018999999999994,-268.34069790582197,2.943504018564611,-127.06022140348571,0.5,0.25,-20,2,500,0.7,0.5,eq,0.5,35,5,10
7.482433334471366,-88.99189763453363,0.6968241909147566,-390.9749819355633,0.28018999999999994,-287.36601141129074,2.943504018564611,-127.96572425951658,0.5,0.25,-20,2,500,0.7,1,eq,1,6.5,10,10
5.327510845438027,-91.51466541437559,0.664380693404857,-356.44464704969835,0.28018999999999994,-254.50048716803113,2.943504018564611,-126.40150162220398,0.5,0.25,-20,2,500,0.7,0.5,eff,1,35,5,10
7.482433334471366,-88.99189763453363,0.6968241909147566,-390.9749819355633,0.28018999999999994,-287.36601141129074,2.943504018564611,-127.96572425951658,0.5,0.25,-20,2,500,0.7,1,eq,1,35,10,10
5.327510845438027,-90.38986506758839,0.6968241909147566,-358.91128392766495,0.28018999999999994,-249.84735594471934,2.943504018564611,-126.1800375390506,0.5,0.25,-20,2,500,0.7,1,eq,1,6.5,5,10
7.482433334471366,-91.40332519353423,0.6968241909147566,-393.3864094945639,0.28018999999999994,-290.18769217151316,2.943504018564611,-128.10002112597584,0.5,0.25,-20,2,500,0.7,1,eq,0.5,6.5,10,10
7.482433334471366,-88.99189763453363,0.664380693404857,-387.50926194699997,0.28018999999999994,-290.4861509777978,2.943504018564611,-128.11422616398593,0.5,0.25,-20,2,500,0.7,0.5,eff,1,6.5,10,10
5.327510845438027,-90.38986506758839,0.6968241909147566,-343.6375692278891,0.28018999999999994,-240.48997475320377,2.943504018564611,-125.73467639472824,0.5,0.25,-20,2,500,0.7,1,eff,1,6.5,5,10
5.327510845438027,-91.51466541437559,0.6968241909147566,-360.03608427445215,0.28018999999999994,-251.16351718951967,2.943504018564611,-126.24267975337311,0.5,0.25,-20,2,500,0.7,1,eq,1,35,5,10
5.327510845438027,-94.59076824889578,0.6968241909147566,-347.8384724091965,0.28018999999999994,-245.3510730626566,2.943504018564611,-125.96603859548195,0.5,0.25,-20,2,500,0.7,1,eff,0.5,35,5,10
5.327510845438027,-92.09914869793256,0.6968241909147566,-360.62056755800916,0.28018999999999994,-251.84743789428228,2.943504018564611,-126.27523070982826,0.5,0.25,-20,2,500,0.7,1,eq,0.5,6.5,5,10
5.327510845438027,-91.51466541437559,0.6968241909147566,-344.7623695746763,0.28018999999999994,-241.7915436845021,2.943504018564611,-125.7966240932128,0.5,0.25,-20,2,500,0.7,1,eff,1,35,5,10
7.482433334471366,-93.33965489659246,0.6968241909147566,-379.69443990665616,0.28018999999999994,-282.213381729056,2.943504018564611,-127.72048672942327,0.5,0.25,-20,2,500,0.7,1,eff,0.5,35,10,10
5.327510845438027,-94.59076824889578,0.6968241909147566,-363.11218710897236,0.28018999999999994,-254.76295361121382,2.943504018564611,-126.41399361682181,0.5,0.25,-20,2,500,0.7,1,eq,0.5,35,5,10
7.482433334471366,-93.33965489659246,0.6968241909147566,-395.3227391976221,0.28018999999999994,-292.4534472625126,2.943504018564611,-128.20785891300503,0.5,0.25,-20,2,500,0.7,1,eq,0.5,35,10,10
7.482433334471366,-93.33965489659246,0.664380693404857,-408.178525617389,0.28018999999999994,-306.6074683908563,2.943504018564611,-128.88151438535002,0.5,0.25,-20,2,500,0.8,0.5,eq,0.5,35,10,10
7.482433334471366,-88.99189763453363,0.6968241909147566,-375.3466826445973,0.28018999999999994,-277.1823504093281,2.943504018564611,-127.48103662903543,0.5,0.25,-20,2,500,0.7,1,eff,1,35,10,10
5.327510845438027,-92.09914869793256,0.6968241909147566,-345.3468528582333,0.28018999999999994,-242.46788174305127,2.943504018564611,-125.82881415638747,0.5,0.25,-20,2,500,0.7,1,eff,0.5,6.5,5,10
7.482433334471366,-88.99189763453363,0.664380693404857,-403.83076835533024,0.28018999999999994,-301.51350067359084,2.943504018564611,-128.63906885007992,0.5,0.25,-20,2,500,0.8,0.5,eq,1,6.5,10,10
7.482433334471366,-88.99189763453363,0.6968241909147566,-375.3466826445973,0.28018999999999994,-277.1823504093281,2.943504018564611,-127.48103662903543,0.5,0.25,-20,2,500,0.7,1,eff,1,6.5,10,10
7.482433334471366,-88.99189763453363,0.664380693404857,-387.50926194699997,0.28018999999999994,-290.4861509777978,2.943504018564611,-128.11422616398593,0.5,0.25,-20,2,500,0.8,0.5,eff,1,6.5,10,10
7.482433334471366,-91.40332519353423,0.6968241909147566,-377.7581102035979,0.28018999999999994,-279.9727471228787,2.943504018564611,-127.61384454270541,0.5,0.25,-20,2,500,0.7,1,eff,0.5,6.5,10,10
5.327510845438027,-92.09914869793256,0.664380693404857,-373.02579816155065,0.28018999999999994,-265.42143889675395,2.943504018564611,-126.92128033586836,0.5,0.25,-20,2,500,0.8,0.5,eq,0.5,6.5,5,10
5.327510845438027,-90.38986506758839,0.664380693404857,-355.31984670291115,0.28018999999999994,-253.19750345899473,2.943504018564611,-126.33948658788907,0.5,0.25,-20,2,500,0.8,0.5,eff,1,6.5,5,10
7.482433334471366,-88.99189763453363,0.664380693404857,-403.83076835533024,0.28018999999999994,-301.51350067359084,2.943504018564611,-128.63906885007992,0.5,0.25,-20,2,500,0.8,0.5,eq,1,35,10,10
7.482433334471366,-88.99189763453363,0.664380693404857,-387.50926194699997,0.28018999999999994,-290.4861509777978,2.943504018564611,-128.11422616398593,0.5,0.25,-20,2,500,0.8,0.5,eff,1,35,10,10
5.327510845438027,-94.59076824889578,0.664380693404857,-375.51741771251386,0.28018999999999994,-268.34069790582197,2.943504018564611,-127.06022140348571,0.5,0.25,-20,2,500,0.8,0.5,eq,0.5,35,5,10
5.327510845438027,-91.51466541437559,0.664380693404857,-356.44464704969835,0.28018999999999994,-254.50048716803113,2.943504018564611,-126.40150162220398,0.5,0.25,-20,2,500,0.8,0.5,eff,1,35,5,10
7.482433334471366,-91.40332519353423,0.664380693404857,-406.2421959143308,0.28018999999999994,-304.33880424902713,2.943504018564611,-128.77353814310766,0.5,0.25,-20,2,500,0.8,0.5,eq,0.5,6.5,10,10
5.327510845438027,-90.38986506758839,0.6968241909147566,-358.91128392766495,0.28018999999999994,-249.84735594471934,2.943504018564611,-126.1800375390506,0.5,0.25,-20,2,500,0.8,1,eq,1,6.5,5,10
5.327510845438027,-90.38986506758839,0.664380693404857,-371.31651453120645,0.28018999999999994,-263.41878899990564,2.943504018564611,-126.82596494457643,0.5,0.25,-20,2,500,0.8,0.5,eq,1,6.5,5,10
7.482433334471366,-91.40332519353423,0.664380693404857,-389.92068950600054,0.28018999999999994,-293.2795807926069,2.943504018564611,-128.24717843700384,0.5,0.25,-20,2,500,0.8,0.5,eff,0.5,6.5,10,10
5.327510845438027,-92.09914869793256,0.664380693404857,-357.02913033325535,0.28018999999999994,-255.1775603914619,2.943504018564611,-126.43372667528297,0.5,0.25,-20,2,500,0.8,0.5,eff,0.5,6.5,5,10
7.482433334471366,-88.99189763453363,0.6968241909147566,-390.9749819355633,0.28018999999999994,-287.36601141129074,2.943504018564611,-127.96572425951658,0.5,0.25,-20,2,500,0.8,1,eq,1,6.5,10,10
5.327510845438027,-91.51466541437559,0.664380693404857,-372.44131487799365,0.28018999999999994,-264.73664009178685,2.943504018564611,-126.88868758655435,0.5,0.25,-20,2,500,0.8,0.5,eq,1,35,5,10
7.482433334471366,-88.99189763453363,0.6968241909147566,-390.9749819355633,0.28018999999999994,-287.36601141129074,2.943504018564611,-127.96572425951658,0.5,0.25,-20,2,500,0.8,1,eq,1,35,10,10
5.327510845438027,-91.51466541437559,0.6968241909147566,-360.03608427445215,0.28018999999999994,-251.16351718951967,2.943504018564611,-126.24267975337311,0.5,0.25,-20,2,500,0.8,1,eq,1,35,5,10
7.482433334471366,-93.33965489659246,0.6968241909147566,-395.3227391976221,0.28018999999999994,-292.4534472625126,2.943504018564611,-128.20785891300503,0.5,0.25,-20,2,500,0.8,1,eq,0.5,35,10,10
7.482433334471366,-93.33965489659246,0.664380693404857,-391.85701920905893,0.28018999999999994,-295.5226509208661,2.943504018564611,-128.35393654150673,0.5,0.25,-20,2,500,0.8,0.5,eff,0.5,35,10,10
5.327510845438027,-94.59076824889578,0.664380693404857,-359.52074988421856,0.28018999999999994,-258.06388567806357,2.943504018564611,-126.57110027439344,0.5,0.25,-20,2,500,0.8,0.5,eff,0.5,35,5,10
5.327510845438027,-94.59076824889578,0.6968241909147566,-363.11218710897236,0.28018999999999994,-254.76295361121382,2.943504018564611,-126.41399361682181,0.5,0.25,-20,2,500,0.8,1,eq,0.5,35,5,10
7.482433334471366,-91.40332519353423,0.6968241909147566,-393.3864094945639,0.28018999999999994,-290.18769217151316,2.943504018564611,-128.10002112597584,0.5,0.25,-20,2,500,0.8,1,eq,0.5,6.5,10,10
5.327510845438027,-92.09914869793256,0.6968241909147566,-360.62056755800916,0.28018999999999994,-251.84743789428228,2.943504018564611,-126.27523070982826,0.5,0.25,-20,2,500,0.8,1,eq,0.5,6.5,5,10
5.327510845438027,-90.38986506758839,0.6968241909147566,-343.6375692278891,0.28018999999999994,-240.48997475320377,2.943504018564611,-125.73467639472824,0.5,0.25,-20,2,500,0.8,1,eff,1,6.5,5,10
7.482433334471366,-88.99189763453363,0.6968241909147566,-375.3466826445973,0.28018999999999994,-277.1823504093281,2.943504018564611,-127.48103662903543,0.5,0.25,-20,2,500,0.8,1,eff,1,6.5,10,10
7.482433334471366,-93.33965489659246,0.6968241909147566,-379.69443990665616,0.28018999999999994,-282.213381729056,2.943504018564611,-127.72048672942327,0.5,0.25,-20,2,500,0.8,1,eff,0.5,35,10,10
5.327510845438027,-92.09914869793256,0.6968241909147566,-345.3468528582333,0.28018999999999994,-242.46788174305127,2.943504018564611,-125.82881415638747,0.5,0.25,-20,2,500,0.8,1,eff,0.5,6.5,5,10
5.327510845438027,-91.51466541437559,0.6968241909147566,-344.7623695746763,0.28018999999999994,-241.7915436845021,2.943504018564611,-125.7966240932128,0.5,0.25,-20,2,500,0.8,1,eff,1,35,5,10
7.482433334471366,-88.99189763453363,1.6648435882347152,-262.3746001532685,0.10896277777777777,-157.93908893067018,2.8578904074535,-120.72325175686626,0.5,0.25,-10,1,400,0.7,0.5,eq,1,6.5,10,10
7.482433334471366,-88.99189763453363,0.6968241909147566,-375.3466826445973,0.28018999999999994,-277.1823504093281,2.943504018564611,-127.48103662903543,0.5,0.25,-20,2,500,0.8,1,eff,1,35,10,10
7.482433334471366,-93.33965489659246,1.6648435882347152,-266.7223574153273,0.10896277777777777,-162.90241933026704,2.8578904074535,-120.81787019744029,0.5,0.25,-10,1,400,0.7,0.5,eq,0.5,35,10,10
5.327510845438027,-90.38986506758839,1.6648435882347152,-229.86034632914482,0.10896277777777777,-120.82133494960698,2.8578904074535,-120.0156575174054,0.5,0.25,-10,1,400,0.7,0.5,eq,1,6.5,5,10
7.482433334471366,-91.40332519353423,0.6968241909147566,-377.7581102035979,0.28018999999999994,-279.9727471228787,2.943504018564611,-127.61384454270541,0.5,0.25,-20,2,500,0.8,1,eff,0.5,6.5,10,10
5.327510845438027,-91.51466541437559,1.6648435882347152,-230.98514667593201,0.10896277777777777,-122.10538909945481,2.8578904074535,-120.04013608149234,0.5,0.25,-10,1,400,0.7,0.5,eq,1,35,5,10
7.482433334471366,-88.99189763453363,1.6648435882347152,-262.3746001532685,0.10896277777777777,-157.93908893067018,2.8578904074535,-120.72325175686626,0.5,0.25,-10,1,400,0.7,0.5,eq,1,35,10,10
5.327510845438027,-94.59076824889578,0.6968241909147566,-347.8384724091965,0.28018999999999994,-245.3510730626566,2.943504018564611,-125.96603859548195,0.5,0.25,-20,2,500,0.8,1,eff,0.5,35,5,10
5.327510845438027,-92.09914869793256,1.6648435882347152,-231.569629959489,0.10896277777777777,-122.77262590092015,2.8578904074535,-120.05285594911463,0.5,0.25,-10,1,400,0.7,0.5,eq,0.5,6.5,5,10
7.482433334471366,-91.40332519353423,1.6648435882347152,-264.78602771226906,0.10896277777777777,-160.69193620071925,2.8578904074535,-120.77573065608516,0.5,0.25,-10,1,400,0.7,0.5,eq,0.5,6.5,10,10
5.327510845438027,-91.51466541437559,1.6648435882347152,-224.82751641807673,0.10896277777777777,-121.61669138234774,2.8578904074535,-120.03081979339913,0.5,0.25,-10,1,400,0.7,0.5,eff,1,35,5,10
5.327510845438027,-90.38986506758839,1.6648435882347152,-223.70271607128953,0.10896277777777777,-120.34212812673175,2.8578904074535,-120.00652215895813,0.5,0.25,-10,1,400,0.7,0.5,eff,1,6.5,5,10
7.482433334471366,-88.99189763453363,1.6648435882347152,-255.8921313153784,0.10896277777777777,-156.8174421749908,2.8578904074535,-120.70186924586001,0.5,0.25,-10,1,400,0.7,0.5,eff,1,35,10,10
7.482433334471366,-88.99189763453363,1.6648435882347152,-255.8921313153784,0.10896277777777777,-156.8174421749908,2.8578904074535,-120.70186924586001,0.5,0.25,-10,1,400,0.7,0.5,eff,1,6.5,10,10
7.482433334471366,-91.40332519353423,1.6648435882347152,-258.303558874379,0.10896277777777777,-159.54994218634917,2.8578904074535,-120.75396025514762,0.5,0.25,-10,1,400,0.7,0.5,eff,0.5,6.5,10,10
5.327510845438027,-94.59076824889578,1.6648435882347152,-234.0612495104522,0.10896277777777777,-125.6170190709301,2.8578904074535,-120.10708003344051,0.5,0.25,-10,1,400,0.7,0.5,eq,0.5,35,5,10
7.482433334471366,-88.99189763453363,1.7398467296524174,-253.87675214470806,0.10896277777777777,-149.3589948307488,2.8578904074535,-120.55968514768433,0.5,0.25,-10,1,400,0.7,1,eq,1,6.5,10,10
5.327510845438027,-92.09914869793256,1.6648435882347152,-225.4119997016337,0.10896277777777777,-122.27899640293502,2.8578904074535,-120.04344564402503,0.5,0.25,-10,1,400,0.7,0.5,eff,0.5,6.5,5,10
7.482433334471366,-93.33965489659246,1.6648435882347152,-260.2398885774373,0.10896277777777777,-161.74408686038117,2.8578904074535,-120.795788328384,0.5,0.25,-10,1,400,0.7,0.5,eff,0.5,35,10,10
5.327510845438027,-94.59076824889578,1.6648435882347152,-227.9036192525969,0.10896277777777777,-125.10236566640529,2.8578904074535,-120.09726893914474,0.5,0.25,-10,1,400,0.7,0.5,eff,0.5,35,5,10
7.482433334471366,-88.99189763453363,1.7398467296524174,-247.72493840993175,0.10896277777777777,-148.51780133949646,2.8578904074535,-120.54364905700422,0.5,0.25,-10,1,400,0.7,1,eff,1,6.5,10,10
5.327510845438027,-91.51466541437559,1.7398467296524174,-222.93785448359694,0.10896277777777777,-114.08612348231598,2.8578904074535,-119.88726082513156,0.5,0.25,-10,1,400,0.7,1,eq,1,35,5,10
5.327510845438027,-90.38986506758839,1.7398467296524174,-216.0158249932236,0.10896277777777777,-112.62699395839286,2.8578904074535,-119.85944471195076,0.5,0.25,-10,1,400,0.7,1,eff,1,6.5,5,10
5.327510845438027,-91.51466541437559,1.7398467296524174,-217.14062534001079,0.10896277777777777,-113.90012928889676,2.8578904074535,-119.88371512514384,0.5,0.25,-10,1,400,0.7,1,eff,1,35,5,10
5.327510845438027,-92.09914869793256,1.7398467296524174,-217.72510862356776,0.10896277777777777,-114.56169231251151,2.8578904074535,-119.89632683071171,0.5,0.25,-10,1,400,0.7,1,eff,0.5,6.5,5,10
5.327510845438027,-92.09914869793256,1.7398467296524174,-223.5223377671539,0.10896277777777777,-114.7524821836134,2.8578904074535,-119.89996395309265,0.5,0.25,-10,1,400,0.7,1,eq,0.5,6.5,5,10
7.482433334471366,-91.40332519353423,1.7398467296524174,-250.13636596893235,0.10896277777777777,-151.24724006261627,2.8578904074535,-120.59568170742862,0.5,0.25,-10,1,400,0.7,1,eff,0.5,6.5,10,10
7.482433334471366,-93.33965489659246,1.7398467296524174,-252.0726956719906,0.10896277777777777,-153.43892658133575,2.8578904074535,-120.6374629196254,0.5,0.25,-10,1,400,0.7,1,eff,0.5,35,10,10
5.327510845438027,-94.59076824889578,1.7398467296524174,-220.21672817453097,0.10896277777777777,-117.38189848465377,2.8578904074535,-119.95008982624522,0.5,0.25,-10,1,400,0.7,1,eff,0.5,35,5,10
7.482433334471366,-88.99189763453363,1.6648435882347152,-262.3746001532685,0.10896277777777777,-157.93908893067018,2.8578904074535,-120.72325175686626,0.5,0.25,-10,1,400,0.8,0.5,eq,1,6.5,10,10
7.482433334471366,-91.40332519353423,1.6648435882347152,-264.78602771226906,0.10896277777777777,-160.69193620071925,2.8578904074535,-120.77573065608516,0.5,0.25,-10,1,400,0.8,0.5,eq,0.5,6.5,10,10
7.482433334471366,-93.33965489659246,1.6648435882347152,-266.7223574153273,0.10896277777777777,-162.90241933026704,2.8578904074535,-120.81787019744029,0.5,0.25,-10,1,400,0.8,0.5,eq,0.5,35,10,10
5.327510845438027,-92.09914869793256,1.6648435882347152,-231.569629959489,0.10896277777777777,-122.77262590092015,2.8578904074535,-120.05285594911463,0.5,0.25,-10,1,400,0.8,0.5,eq,0.5,6.5,5,10
5.327510845438027,-94.59076824889578,1.6648435882347152,-234.0612495104522,0.10896277777777777,-125.6170190709301,2.8578904074535,-120.10708003344051,0.5,0.25,-10,1,400,0.8,0.5,eq,0.5,35,5,10
7.482433334471366,-88.99189763453363,1.6648435882347152,-255.8921313153784,0.10896277777777777,-156.8174421749908,2.8578904074535,-120.70186924586001,0.5,0.25,-10,1,400,0.8,0.5,eff,1,6.5,10,10
5.327510845438027,-94.59076824889578,1.7398467296524174,-226.01395731811712,0.10896277777777777,-117.59313206175862,2.8578904074535,-119.9541166771807,0.5,0.25,-10,1,400,0.7,1,eq,0.5,35,5,10
7.482433334471366,-93.33965489659246,1.7398467296524174,-258.2245094067669,0.10896277777777777,-154.3157933642831,2.8578904074535,-120.65417906804066,0.5,0.25,-10,1,400,0.7,1,eq,0.5,35,10,10
7.482433334471366,-91.40332519353423,1.7398467296524174,-256.28817970370864,0.10896277777777777,-152.10821928544345,2.8578904074535,-120.61209498336878,0.5,0.25,-10,1,400,0.7,1,eq,0.5,6.5,10,10
7.482433334471366,-88.99189763453363,1.7398467296524174,-247.72493840993175,0.10896277777777777,-148.51780133949646,2.8578904074535,-120.54364905700422,0.5,0.25,-10,1,400,0.7,1,eff,1,35,10,10
7.482433334471366,-88.99189763453363,1.6648435882347152,-262.3746001532685,0.10896277777777777,-157.93908893067018,2.8578904074535,-120.72325175686626,0.5,0.25,-10,1,400,0.8,0.5,eq,1,35,10,10
5.327510845438027,-90.38986506758839,1.7398467296524174,-221.81305413680974,0.10896277777777777,-112.80375917962353,2.8578904074535,-119.862814475443,0.5,0.25,-10,1,400,0.7,1,eq,1,6.5,5,10
7.482433334471366,-88.99189763453363,1.7398467296524174,-253.87675214470806,0.10896277777777777,-149.3589948307488,2.8578904074535,-120.55968514768433,0.5,0.25,-10,1,400,0.7,1,eq,1,35,10,10
5.327510845438027,-91.51466541437559,1.6648435882347152,-230.98514667593201,0.10896277777777777,-122.10538909945481,2.8578904074535,-120.04013608149234,0.5,0.25,-10,1,400,0.8,0.5,eq,1,35,5,10
5.327510845438027,-91.51466541437559,1.6648435882347152,-224.82751641807673,0.10896277777777777,-121.61669138234774,2.8578904074535,-120.03081979339913,0.5,0.25,-10,1,400,0.8,0.5,eff,1,35,5,10
7.482433334471366,-88.99189763453363,1.6648435882347152,-255.8921313153784,0.10896277777777777,-156.8174421749908,2.8578904074535,-120.70186924586001,0.5,0.25,-10,1,400,0.8,0.5,eff,1,35,10,10
7.482433334471366,-91.40332519353423,1.6648435882347152,-258.303558874379,0.10896277777777777,-159.54994218634917,2.8578904074535,-120.75396025514762,0.5,0.25,-10,1,400,0.8,0.5,eff,0.5,6.5,10,10
7.482433334471366,-88.99189763453363,1.7398467296524174,-253.87675214470806,0.10896277777777777,-149.3589948307488,2.8578904074535,-120.55968514768433,0.5,0.25,-10,1,400,0.8,1,eq,1,6.5,10,10
5.327510845438027,-90.38986506758839,1.6648435882347152,-223.70271607128953,0.10896277777777777,-120.34212812673175,2.8578904074535,-120.00652215895813,0.5,0.25,-10,1,400,0.8,0.5,eff,1,6.5,5,10
5.327510845438027,-90.38986506758839,1.6648435882347152,-229.86034632914482,0.10896277777777777,-120.82133494960698,2.8578904074535,-120.0156575174054,0.5,0.25,-10,1,400,0.8,0.5,eq,1,6.5,5,10
5.327510845438027,-92.09914869793256,1.7398467296524174,-223.5223377671539,0.10896277777777777,-114.7524821836134,2.8578904074535,-119.89996395309265,0.5,0.25,-10,1,400,0.8,1,eq,0.5,6.5,5,10
7.482433334471366,-91.40332519353423,1.7398467296524174,-256.28817970370864,0.10896277777777777,-152.10821928544345,2.8578904074535,-120.61209498336878,0.5,0.25,-10,1,400,0.8,1,eq,0.5,6.5,10,10
5.327510845438027,-92.09914869793256,1.6648435882347152,-225.4119997016337,0.10896277777777777,-122.27899640293502,2.8578904074535,-120.04344564402503,0.5,0.25,-10,1,400,0.8,0.5,eff,0.5,6.5,5,10
7.482433334471366,-88.99189763453363,1.7398467296524174,-253.87675214470806,0.10896277777777777,-149.3589948307488,2.8578904074535,-120.55968514768433,0.5,0.25,-10,1,400,0.8,1,eq,1,35,10,10
5.327510845438027,-94.59076824889578,1.6648435882347152,-227.9036192525969,0.10896277777777777,-125.10236566640529,2.8578904074535,-120.09726893914474,0.5,0.25,-10,1,400,0.8,0.5,eff,0.5,35,5,10
7.482433334471366,-93.33965489659246,1.7398467296524174,-258.2245094067669,0.10896277777777777,-154.3157933642831,2.8578904074535,-120.65417906804066,0.5,0.25,-10,1,400,0.8,1,eq,0.5,35,10,10
5.327510845438027,-90.38986506758839,1.7398467296524174,-221.81305413680974,0.10896277777777777,-112.80375917962353,2.8578904074535,-119.862814475443,0.5,0.25,-10,1,400,0.8,1,eq,1,6.5,5,10
5.327510845438027,-91.51466541437559,1.7398467296524174,-222.93785448359694,0.10896277777777777,-114.08612348231598,2.8578904074535,-119.88726082513156,0.5,0.25,-10,1,400,0.8,1,eq,1,35,5,10
7.482433334471366,-93.33965489659246,1.7398467296524174,-252.0726956719906,0.10896277777777777,-153.43892658133575,2.8578904074535,-120.6374629196254,0.5,0.25,-10,1,400,0.8,1,eff,0.5,35,10,10
7.482433334471366,-88.99189763453363,1.7398467296524174,-247.72493840993175,0.10896277777777777,-148.51780133949646,2.8578904074535,-120.54364905700422,0.5,0.25,-10,1,400,0.8,1,eff,1,6.5,10,10
7.482433334471366,-91.40332519353423,1.7398467296524174,-250.13636596893235,0.10896277777777777,-151.24724006261627,2.8578904074535,-120.59568170742862,0.5,0.25,-10,1,400,0.8,1,eff,0.5,6.5,10,10
5.327510845438027,-92.09914869793256,1.7398467296524174,-217.72510862356776,0.10896277777777777,-114.56169231251151,2.8578904074535,-119.89632683071171,0.5,0.25,-10,1,400,0.8,1,eff,0.5,6.5,5,10
7.482433334471366,-88.99189763453363,1.6648435882347152,-262.3746001532685,0.14009499999999997,-157.93922885893934,2.873456518564611,-120.92486109197299,0.5,0.25,-10,1,500,0.7,0.5,eq,1,6.5,10,10
5.327510845438027,-94.59076824889578,1.7398467296524174,-226.01395731811712,0.10896277777777777,-117.59313206175862,2.8578904074535,-119.9541166771807,0.5,0.25,-10,1,400,0.8,1,eq,0.5,35,5,10
5.327510845438027,-92.09914869793256,1.6648435882347152,-231.569629959489,0.14009499999999997,-122.77276582912782,2.873456518564611,-120.06759291924574,0.5,0.25,-10,1,500,0.7,0.5,eq,0.5,6.5,5,10
5.327510845438027,-90.38986506758839,1.6648435882347152,-229.86034632914482,0.14009499999999997,-120.8214748778056,2.873456518564611,-120.02002545057877,0.5,0.25,-10,1,500,0.7,0.5,eq,1,6.5,5,10
5.327510845438027,-94.59076824889578,1.6648435882347152,-234.0612495104522,0.14009499999999997,-125.61715899921246,2.873456518564611,-120.13693192935237,0.5,0.25,-10,1,500,0.7,0.5,eq,0.5,35,5,10
5.327510845438027,-91.51466541437559,1.6648435882347152,-230.98514667593201,0.14009499999999997,-122.10552902756314,2.873456518564611,-120.05132739737145,0.5,0.25,-10,1,500,0.7,0.5,eq,1,35,5,10
5.327510845438027,-90.38986506758839,1.6648435882347152,-223.70271607128953,0.14009499999999997,-120.34225874317947,2.873456518564611,-120.00834339032373,0.5,0.25,-10,1,500,0.7,0.5,eff,1,6.5,5,10
7.482433334471366,-93.33965489659246,1.6648435882347152,-266.7223574153273,0.14009499999999997,-162.90255925835277,2.873456518564611,-121.04585435702032,0.5,0.25,-10,1,500,0.7,0.5,eq,0.5,35,10,10
7.482433334471366,-93.33965489659246,1.6648435882347152,-260.2398885774373,0.10896277777777777,-161.74408686038117,2.8578904074535,-120.795788328384,0.5,0.25,-10,1,400,0.8,0.5,eff,0.5,35,10,10
5.327510845438027,-91.51466541437559,1.7398467296524174,-217.14062534001079,0.10896277777777777,-113.90012928889676,2.8578904074535,-119.88371512514384,0.5,0.25,-10,1,400,0.8,1,eff,1,35,5,10
7.482433334471366,-88.99189763453363,1.6648435882347152,-255.8921313153784,0.14009499999999997,-156.81757279130036,2.873456518564611,-120.89751799389914,0.5,0.25,-10,1,500,0.7,0.5,eff,1,6.5,10,10
7.482433334471366,-88.99189763453363,1.6648435882347152,-262.3746001532685,0.14009499999999997,-157.93922885893934,2.873456518564611,-120.92486109197299,0.5,0.25,-10,1,500,0.7,0.5,eq,1,35,10,10
7.482433334471366,-91.40332519353423,1.6648435882347152,-264.78602771226906,0.14009499999999997,-160.6920761290466,2.873456518564611,-120.99196844783755,0.5,0.25,-10,1,500,0.7,0.5,eq,0.5,6.5,10,10
5.327510845438027,-94.59076824889578,1.7398467296524174,-220.21672817453097,0.10896277777777777,-117.38189848465377,2.8578904074535,-119.95008982624522,0.5,0.25,-10,1,400,0.8,1,eff,0.5,35,5,10
7.482433334471366,-88.99189763453363,1.7398467296524174,-247.72493840993175,0.10896277777777777,-148.51780133949646,2.8578904074535,-120.54364905700422,0.5,0.25,-10,1,400,0.8,1,eff,1,35,10,10
5.327510845438027,-90.38986506758839,1.7398467296524174,-216.0158249932236,0.10896277777777777,-112.62699395839286,2.8578904074535,-119.85944471195076,0.5,0.25,-10,1,400,0.8,1,eff,1,6.5,5,10
7.482433334471366,-88.99189763453363,1.6648435882347152,-255.8921313153784,0.14009499999999997,-156.81757279130036,2.873456518564611,-120.89751799389914,0.5,0.25,-10,1,500,0.7,0.5,eff,1,35,10,10
5.327510845438027,-91.51466541437559,1.6648435882347152,-224.82751641807673,0.14009499999999997,-121.6168219987974,2.873456518564611,-120.03941397345986,0.5,0.25,-10,1,500,0.7,0.5,eff,1,35,5,10
5.327510845438027,-94.59076824889578,1.6648435882347152,-227.9036192525969,0.14009499999999997,-125.1024962827497,2.873456518564611,-120.12438577234651,0.5,0.25,-10,1,500,0.7,0.5,eff,0.5,35,5,10
5.327510845438027,-92.09914869793256,1.6648435882347152,-225.4119997016337,0.14009499999999997,-122.27912701928346,2.873456518564611,-120.05555927116052,0.5,0.25,-10,1,500,0.7,0.5,eff,0.5,6.5,5,10
7.482433334471366,-93.33965489659246,1.6648435882347152,-260.2398885774373,0.14009499999999997,-161.74421747687472,2.873456518564611,-121.01761695533564,0.5,0.25,-10,1,500,0.7,0.5,eff,0.5,35,10,10
7.482433334471366,-88.99189763453363,1.7398467296524174,-253.87675214470806,0.14009499999999997,-149.35912713155767,2.873456518564611,-120.7157002183471,0.5,0.25,-10,1,500,0.7,1,eq,1,6.5,10,10
7.482433334471366,-91.40332519353423,1.6648435882347152,-258.303558874379,0.14009499999999997,-159.55007280265664,2.873456518564611,-120.9641293357826,0.5,0.25,-10,1,500,0.7,0.5,eff,0.5,6.5,10,10
7.482433334471366,-91.40332519353423,1.7398467296524174,-256.28817970370864,0.14009499999999997,-152.10835158634822,2.873456518564611,-120.7827192592662,0.5,0.25,-10,1,500,0.7,1,eq,0.5,6.5,10,10
5.327510845438027,-92.09914869793256,1.7398467296524174,-223.5223377671539,0.14009499999999997,-114.75261448457755,2.873456518564611,-119.87208219977674,0.5,0.25,-10,1,500,0.7,1,eq,0.5,6.5,5,10
7.482433334471366,-93.33965489659246,1.7398467296524174,-258.2245094067669,0.14009499999999997,-154.31592566525921,2.873456518564611,-120.83653425326158,0.5,0.25,-10,1,500,0.7,1,eq,0.5,35,10,10
5.327510845438027,-91.51466541437559,1.7398467296524174,-217.14062534001079,0.14009499999999997,-113.90025294413854,2.873456518564611,-119.85130381158193,0.5,0.25,-10,1,500,0.7,1,eff,1,35,5,10
5.327510845438027,-91.51466541437559,1.7398467296524174,-222.93785448359694,0.14009499999999997,-114.08625578318568,2.873456518564611,-119.85583808373246,0.5,0.25,-10,1,500,0.7,1,eq,1,35,5,10
5.327510845438027,-92.09914869793256,1.7398467296524174,-217.72510862356776,0.14009499999999997,-114.56181596776749,2.873456518564611,-119.86743102130237,0.5,0.25,-10,1,500,0.7,1,eff,0.5,6.5,5,10
5.327510845438027,-94.59076824889578,1.7398467296524174,-226.01395731811712,0.14009499999999997,-117.59326436272383,2.873456518564611,-119.94132995802676,0.5,0.25,-10,1,500,0.7,1,eq,0.5,35,5,10
7.482433334471366,-88.99189763453363,1.7398467296524174,-247.72493840993175,0.14009499999999997,-148.5179249948397,2.873456518564611,-120.69519386779304,0.5,0.25,-10,1,500,0.7,1,eff,1,6.5,10,10
7.482433334471366,-91.40332519353423,1.7398467296524174,-250.13636596893235,0.14009499999999997,-151.24736371777246,2.873456518564611,-120.7617305833164,0.5,0.25,-10,1,500,0.7,1,eff,0.5,6.5,10,10
5.327510845438027,-90.38986506758839,1.7398467296524174,-216.0158249932236,0.14009499999999997,-112.62711761370856,2.873456518564611,-119.82026803759949,0.5,0.25,-10,1,500,0.7,1,eff,1,6.5,5,10
7.482433334471366,-88.99189763453363,1.7398467296524174,-247.72493840993175,0.14009499999999997,-148.5179249948397,2.873456518564611,-120.69519386779304,0.5,0.25,-10,1,500,0.7,1,eff,1,35,10,10
5.327510845438027,-90.38986506758839,1.6648435882347152,-229.86034632914482,0.14009499999999997,-120.8214748778056,2.873456518564611,-120.02002545057877,0.5,0.25,-10,1,500,0.8,0.5,eq,1,6.5,5,10
7.482433334471366,-88.99189763453363,1.6648435882347152,-262.3746001532685,0.14009499999999997,-157.93922885893934,2.873456518564611,-120.92486109197299,0.5,0.25,-10,1,500,0.8,0.5,eq,1,6.5,10,10
5.327510845438027,-94.59076824889578,1.7398467296524174,-220.21672817453097,0.14009499999999997,-117.38202213988542,2.873456518564611,-119.93618041443399,0.5,0.25,-10,1,500,0.7,1,eff,0.5,35,5,10
5.327510845438027,-92.09914869793256,1.6648435882347152,-231.569629959489,0.14009499999999997,-122.77276582912782,2.873456518564611,-120.06759291924574,0.5,0.25,-10,1,500,0.8,0.5,eq,0.5,6.5,5,10
7.482433334471366,-88.99189763453363,1.6648435882347152,-255.8921313153784,0.14009499999999997,-156.81757279130036,2.873456518564611,-120.89751799389914,0.5,0.25,-10,1,500,0.8,0.5,eff,1,35,10,10
7.482433334471366,-88.99189763453363,1.6648435882347152,-255.8921313153784,0.14009499999999997,-156.81757279130036,2.873456518564611,-120.89751799389914,0.5,0.25,-10,1,500,0.8,0.5,eff,1,6.5,10,10
7.482433334471366,-93.33965489659246,1.7398467296524174,-252.0726956719906,0.14009499999999997,-153.43905023659178,2.873456518564611,-120.81515827934552,0.5,0.25,-10,1,500,0.7,1,eff,0.5,35,10,10
5.327510845438027,-90.38986506758839,1.7398467296524174,-221.81305413680974,0.14009499999999997,-112.80389148051437,2.873456518564611,-119.82457733107776,0.5,0.25,-10,1,500,0.7,1,eq,1,6.5,5,10
7.482433334471366,-91.40332519353423,1.6648435882347152,-264.78602771226906,0.14009499999999997,-160.6920761290466,2.873456518564611,-120.99196844783755,0.5,0.25,-10,1,500,0.8,0.5,eq,0.5,6.5,10,10
7.482433334471366,-88.99189763453363,1.6648435882347152,-262.3746001532685,0.14009499999999997,-157.93922885893934,2.873456518564611,-120.92486109197299,0.5,0.25,-10,1,500,0.8,0.5,eq,1,35,10,10
7.482433334471366,-88.99189763453363,1.7398467296524174,-253.87675214470806,0.14009499999999997,-149.35912713155767,2.873456518564611,-120.7157002183471,0.5,0.25,-10,1,500,0.7,1,eq,1,35,10,10
5.327510845438027,-94.59076824889578,1.6648435882347152,-234.0612495104522,0.14009499999999997,-125.61715899921246,2.873456518564611,-120.13693192935237,0.5,0.25,-10,1,500,0.8,0.5,eq,0.5,35,5,10
5.327510845438027,-91.51466541437559,1.6648435882347152,-230.98514667593201,0.14009499999999997,-122.10552902756314,2.873456518564611,-120.05132739737145,0.5,0.25,-10,1,500,0.8,0.5,eq,1,35,5,10
5.327510845438027,-90.38986506758839,1.6648435882347152,-223.70271607128953,0.14009499999999997,-120.34225874317947,2.873456518564611,-120.00834339032373,0.5,0.25,-10,1,500,0.8,0.5,eff,1,6.5,5,10
7.482433334471366,-93.33965489659246,1.6648435882347152,-266.7223574153273,0.14009499999999997,-162.90255925835277,2.873456518564611,-121.04585435702032,0.5,0.25,-10,1,500,0.8,0.5,eq,0.5,35,10,10
5.327510845438027,-91.51466541437559,1.6648435882347152,-224.82751641807673,0.14009499999999997,-121.6168219987974,2.873456518564611,-120.03941397345986,0.5,0.25,-10,1,500,0.8,0.5,eff,1,35,5,10
7.482433334471366,-91.40332519353423,1.7398467296524174,-256.28817970370864,0.14009499999999997,-152.10835158634822,2.873456518564611,-120.7827192592662,0.5,0.25,-10,1,500,0.8,1,eq,0.5,6.5,10,10
7.482433334471366,-93.33965489659246,1.6648435882347152,-260.2398885774373,0.14009499999999997,-161.74421747687472,2.873456518564611,-121.01761695533564,0.5,0.25,-10,1,500,0.8,0.5,eff,0.5,35,10,10
7.482433334471366,-88.99189763453363,1.7398467296524174,-253.87675214470806,0.14009499999999997,-149.35912713155767,2.873456518564611,-120.7157002183471,0.5,0.25,-10,1,500,0.8,1,eq,1,35,10,10
7.482433334471366,-93.33965489659246,1.7398467296524174,-258.2245094067669,0.14009499999999997,-154.31592566525921,2.873456518564611,-120.83653425326158,0.5,0.25,-10,1,500,0.8,1,eq,0.5,35,10,10
5.327510845438027,-94.59076824889578,1.6648435882347152,-227.9036192525969,0.14009499999999997,-125.1024962827497,2.873456518564611,-120.12438577234651,0.5,0.25,-10,1,500,0.8,0.5,eff,0.5,35,5,10
5.327510845438027,-90.38986506758839,1.7398467296524174,-221.81305413680974,0.14009499999999997,-112.80389148051437,2.873456518564611,-119.82457733107776,0.5,0.25,-10,1,500,0.8,1,eq,1,6.5,5,10
5.327510845438027,-92.09914869793256,1.7398467296524174,-223.5223377671539,0.14009499999999997,-114.75261448457755,2.873456518564611,-119.87208219977674,0.5,0.25,-10,1,500,0.8,1,eq,0.5,6.5,5,10
5.327510845438027,-90.38986506758839,1.7398467296524174,-216.0158249932236,0.14009499999999997,-112.62711761370856,2.873456518564611,-119.82026803759949,0.5,0.25,-10,1,500,0.8,1,eff,1,6.5,5,10
7.482433334471366,-88.99189763453363,1.7398467296524174,-253.87675214470806,0.14009499999999997,-149.35912713155767,2.873456518564611,-120.7157002183471,0.5,0.25,-10,1,500,0.8,1,eq,1,6.5,10,10
7.482433334471366,-91.40332519353423,1.7398467296524174,-250.13636596893235,0.14009499999999997,-151.24736371777246,2.873456518564611,-120.7617305833164,0.5,0.25,-10,1,500,0.8,1,eff,0.5,6.5,10,10
7.482433334471366,-91.40332519353423,1.6648435882347152,-258.303558874379,0.14009499999999997,-159.55007280265664,2.873456518564611,-120.9641293357826,0.5,0.25,-10,1,500,0.8,0.5,eff,0.5,6.5,10,10
5.327510845438027,-91.51466541437559,1.7398467296524174,-217.14062534001079,0.14009499999999997,-113.90025294413854,2.873456518564611,-119.85130381158193,0.5,0.25,-10,1,500,0.8,1,eff,1,35,5,10
5.327510845438027,-94.59076824889578,1.7398467296524174,-226.01395731811712,0.14009499999999997,-117.59326436272383,2.873456518564611,-119.94132995802676,0.5,0.25,-10,1,500,0.8,1,eq,0.5,35,5,10
5.327510845438027,-90.38986506758839,1.6648435882347152,-229.86034632914482,0.21792555555555554,-120.82182469835203,2.9123717963423887,-120.03074755156307,0.5,0.25,-10,2,400,0.7,0.5,eq,1,6.5,5,10
7.482433334471366,-88.99189763453363,1.7398467296524174,-247.72493840993175,0.14009499999999997,-148.5179249948397,2.873456518564611,-120.69519386779304,0.5,0.25,-10,1,500,0.8,1,eff,1,35,10,10
5.327510845438027,-91.51466541437559,1.7398467296524174,-222.93785448359694,0.14009499999999997,-114.08625578318568,2.873456518564611,-119.85583808373246,0.5,0.25,-10,1,500,0.8,1,eq,1,35,5,10
7.482433334471366,-88.99189763453363,1.7398467296524174,-247.72493840993175,0.14009499999999997,-148.5179249948397,2.873456518564611,-120.69519386779304,0.5,0.25,-10,1,500,0.8,1,eff,1,6.5,10,10
7.482433334471366,-88.99189763453363,1.6648435882347152,-262.3746001532685,0.21792555555555554,-157.9395786793607,2.9123717963423887,-121.41946226982891,0.5,0.25,-10,2,400,0.7,0.5,eq,1,6.5,10,10
5.327510845438027,-92.09914869793256,1.6648435882347152,-225.4119997016337,0.14009499999999997,-122.27912701928346,2.873456518564611,-120.05555927116052,0.5,0.25,-10,1,500,0.8,0.5,eff,0.5,6.5,5,10
7.482433334471366,-93.33965489659246,1.7398467296524174,-252.0726956719906,0.14009499999999997,-153.43905023659178,2.873456518564611,-120.81515827934552,0.5,0.25,-10,1,500,0.8,1,eff,0.5,35,10,10
7.482433334471366,-91.40332519353423,1.6648435882347152,-264.78602771226906,0.21792555555555554,-160.69242594946607,2.9123717963423887,-121.52245663535777,0.5,0.25,-10,2,400,0.7,0.5,eq,0.5,6.5,10,10
5.327510845438027,-94.59076824889578,1.7398467296524174,-220.21672817453097,0.14009499999999997,-117.38202213988542,2.873456518564611,-119.93618041443399,0.5,0.25,-10,1,500,0.8,1,eff,0.5,35,5,10
5.327510845438027,-92.09914869793256,1.7398467296524174,-217.72510862356776,0.14009499999999997,-114.56181596776749,2.873456518564611,-119.86743102130237,0.5,0.25,-10,1,500,0.8,1,eff,0.5,6.5,5,10
7.482433334471366,-88.99189763453363,1.6648435882347152,-262.3746001532685,0.21792555555555554,-157.9395786793607,2.9123717963423887,-121.41946226982891,0.5,0.25,-10,2,400,0.7,0.5,eq,1,35,10,10
5.327510845438027,-91.51466541437559,1.6648435882347152,-230.98514667593201,0.21792555555555554,-122.10587884811193,2.9123717963423887,-120.07878884462554,0.5,0.25,-10,2,400,0.7,0.5,eq,1,35,5,10
5.327510845438027,-90.38986506758839,1.6648435882347152,-223.70271607128953,0.21792555555555554,-120.34258528411489,2.9123717963423887,-120.01281740340619,0.5,0.25,-10,2,400,0.7,0.5,eff,1,6.5,5,10
7.482433334471366,-91.40332519353423,1.6648435882347152,-258.303558874379,0.21792555555555554,-159.550399343643,2.9123717963423887,-121.4797291266575,0.5,0.25,-10,2,400,0.7,0.5,eff,0.5,6.5,10,10
5.327510845438027,-92.09914869793256,1.6648435882347152,-225.4119997016337,0.21792555555555554,-122.27945356030077,2.9123717963423887,-120.08528292715148,0.5,0.25,-10,2,400,0.7,0.5,eff,0.5,6.5,5,10
5.327510845438027,-91.51466541437559,1.6648435882347152,-224.82751641807673,0.21792555555555554,-121.61714853981537,2.9123717963423887,-120.0605036064416,0.5,0.25,-10,2,400,0.7,0.5,eff,1,35,5,10
7.482433334471366,-93.33965489659246,1.6648435882347152,-266.7223574153273,0.21792555555555554,-162.90290907877085,2.9123717963423887,-121.60515911939585,0.5,0.25,-10,2,400,0.7,0.5,eq,0.5,35,10,10
7.482433334471366,-88.99189763453363,1.6648435882347152,-255.8921313153784,0.21792555555555554,-156.81789933240387,2.9123717963423887,-121.37749602857694,0.5,0.25,-10,2,400,0.7,0.5,eff,1,35,10,10
7.482433334471366,-88.99189763453363,1.6648435882347152,-255.8921313153784,0.21792555555555554,-156.81789933240387,2.9123717963423887,-121.37749602857694,0.5,0.25,-10,2,400,0.7,0.5,eff,1,6.5,10,10
5.327510845438027,-94.59076824889578,1.6648435882347152,-234.0612495104522,0.21792555555555554,-125.61750881967824,2.9123717963423887,-120.2101721236114,0.5,0.25,-10,2,400,0.7,0.5,eq,0.5,35,5,10
5.327510845438027,-92.09914869793256,1.6648435882347152,-231.569629959489,0.21792555555555554,-122.77311564957934,2.9123717963423887,-120.10375268180273,0.5,0.25,-10,2,400,0.7,0.5,eq,0.5,6.5,5,10
7.482433334471366,-88.99189763453363,1.7398467296524174,-253.87675214470806,0.21792555555555554,-149.3594578837812,2.9123717963423887,-121.09844769444766,0.5,0.25,-10,2,400,0.7,1,eq,1,35,10,10
7.482433334471366,-93.33965489659246,1.6648435882347152,-260.2398885774373,0.21792555555555554,-161.7445440178597,2.9123717963423887,-121.56182032766738,0.5,0.25,-10,2,400,0.7,0.5,eff,0.5,35,10,10
5.327510845438027,-94.59076824889578,1.6648435882347152,-227.9036192525969,0.21792555555555554,-125.10282282378802,2.9123717963423887,-120.19091578557584,0.5,0.25,-10,2,400,0.7,0.5,eff,0.5,35,5,10
7.482433334471366,-88.99189763453363,1.7398467296524174,-253.87675214470806,0.21792555555555554,-149.3594578837812,2.9123717963423887,-121.09844769444766,0.5,0.25,-10,2,400,0.7,1,eq,1,6.5,10,10
7.482433334471366,-93.33965489659246,1.7398467296524174,-258.2245094067669,0.21792555555555554,-154.31625641748087,2.9123717963423887,-121.28390016236213,0.5,0.25,-10,2,400,0.7,1,eq,0.5,35,10,10
7.482433334471366,-91.40332519353423,1.7398467296524174,-256.28817970370864,0.21792555555555554,-152.108682338623,2.9123717963423887,-121.20130651683769,0.5,0.25,-10,2,400,0.7,1,eq,0.5,6.5,10,10
5.327510845438027,-90.38986506758839,1.7398467296524174,-221.81305413680974,0.21792555555555554,-112.8042222327788,2.9123717963423887,-119.73077890165928,0.5,0.25,-10,2,400,0.7,1,eq,1,6.5,5,10
5.327510845438027,-91.51466541437559,1.7398467296524174,-222.93785448359694,0.21792555555555554,-114.08658653545048,2.9123717963423887,-119.77875697118911,0.5,0.25,-10,2,400,0.7,1,eq,1,35,5,10
5.327510845438027,-94.59076824889578,1.7398467296524174,-226.01395731811712,0.21792555555555554,-117.59359511492097,2.9123717963423887,-119.90996734652303,0.5,0.25,-10,2,400,0.7,1,eq,0.5,35,5,10
5.327510845438027,-92.09914869793256,1.7398467296524174,-223.5223377671539,0.21792555555555554,-114.75294523684258,2.9123717963423887,-119.80368795534146,0.5,0.25,-10,2,400,0.7,1,eq,0.5,6.5,5,10
7.482433334471366,-88.99189763453363,1.7398467296524174,-247.72493840993175,0.21792555555555554,-148.5182341330055,2.9123717963423887,-121.06697435140379,0.5,0.25,-10,2,400,0.7,1,eff,1,6.5,10,10
5.327510845438027,-90.38986506758839,1.7398467296524174,-216.0158249932236,0.21792555555555554,-112.62742675189429,2.9123717963423887,-119.72416431806788,0.5,0.25,-10,2,400,0.7,1,eff,1,6.5,5,10
5.327510845438027,-92.09914869793256,1.7398467296524174,-217.72510862356776,0.21792555555555554,-114.56212510593657,2.9123717963423887,-119.79654865686807,0.5,0.25,-10,2,400,0.7,1,eff,0.5,6.5,5,10
7.482433334471366,-93.33965489659246,1.7398467296524174,-252.0726956719906,0.21792555555555554,-153.43935937482738,2.9123717963423887,-121.25109214735785,0.5,0.25,-10,2,400,0.7,1,eff,0.5,35,10,10
7.482433334471366,-88.99189763453363,1.6648435882347152,-262.3746001532685,0.21792555555555554,-157.9395786793607,2.9123717963423887,-121.41946226982891,0.5,0.25,-10,2,400,0.8,0.5,eq,1,6.5,10,10
5.327510845438027,-91.51466541437559,1.7398467296524174,-217.14062534001079,0.21792555555555554,-113.90056208237651,2.9123717963423887,-119.77179709705266,0.5,0.25,-10,2,400,0.7,1,eff,1,35,5,10
7.482433334471366,-88.99189763453363,1.7398467296524174,-247.72493840993175,0.21792555555555554,-148.5182341330055,2.9123717963423887,-121.06697435140379,0.5,0.25,-10,2,400,0.7,1,eff,1,35,10,10
5.327510845438027,-92.09914869793256,1.6648435882347152,-231.569629959489,0.21792555555555554,-122.77311564957934,2.9123717963423887,-120.10375268180273,0.5,0.25,-10,2,400,0.8,0.5,eq,0.5,6.5,5,10
5.327510845438027,-91.51466541437559,1.6648435882347152,-230.98514667593201,0.21792555555555554,-122.10587884811193,2.9123717963423887,-120.07878884462554,0.5,0.25,-10,2,400,0.8,0.5,eq,1,35,5,10
7.482433334471366,-91.40332519353423,1.7398467296524174,-250.13636596893235,0.21792555555555554,-151.24767285610758,2.9123717963423887,-121.16909291518651,0.5,0.25,-10,2,400,0.7,1,eff,0.5,6.5,10,10
5.327510845438027,-94.59076824889578,1.7398467296524174,-220.21672817453097,0.21792555555555554,-117.38233127807004,2.9123717963423887,-119.90206317215335,0.5,0.25,-10,2,400,0.7,1,eff,0.5,35,5,10
7.482433334471366,-88.99189763453363,1.6648435882347152,-255.8921313153784,0.21792555555555554,-156.81789933240387,2.9123717963423887,-121.37749602857694,0.5,0.25,-10,2,400,0.8,0.5,eff,1,6.5,10,10
5.327510845438027,-91.51466541437559,1.6648435882347152,-224.82751641807673,0.21792555555555554,-121.61714853981537,2.9123717963423887,-120.0605036064416,0.5,0.25,-10,2,400,0.8,0.5,eff,1,35,5,10
5.327510845438027,-90.38986506758839,1.6648435882347152,-229.86034632914482,0.21792555555555554,-120.82182469835203,2.9123717963423887,-120.03074755156307,0.5,0.25,-10,2,400,0.8,0.5,eq,1,6.5,5,10
7.482433334471366,-88.99189763453363,1.6648435882347152,-255.8921313153784,0.21792555555555554,-156.81789933240387,2.9123717963423887,-121.37749602857694,0.5,0.25,-10,2,400,0.8,0.5,eff,1,35,10,10
5.327510845438027,-90.38986506758839,1.6648435882347152,-223.70271607128953,0.21792555555555554,-120.34258528411489,2.9123717963423887,-120.01281740340619,0.5,0.25,-10,2,400,0.8,0.5,eff,1,6.5,5,10
7.482433334471366,-93.33965489659246,1.6648435882347152,-266.7223574153273,0.21792555555555554,-162.90290907877085,2.9123717963423887,-121.60515911939585,0.5,0.25,-10,2,400,0.8,0.5,eq,0.5,35,10,10
5.327510845438027,-94.59076824889578,1.6648435882347152,-234.0612495104522,0.21792555555555554,-125.61750881967824,2.9123717963423887,-120.2101721236114,0.5,0.25,-10,2,400,0.8,0.5,eq,0.5,35,5,10
5.327510845438027,-92.09914869793256,1.6648435882347152,-225.4119997016337,0.21792555555555554,-122.27945356030077,2.9123717963423887,-120.08528292715148,0.5,0.25,-10,2,400,0.8,0.5,eff,0.5,6.5,5,10
7.482433334471366,-91.40332519353423,1.6648435882347152,-264.78602771226906,0.21792555555555554,-160.69242594946607,2.9123717963423887,-121.52245663535777,0.5,0.25,-10,2,400,0.8,0.5,eq,0.5,6.5,10,10
7.482433334471366,-93.33965489659246,1.6648435882347152,-260.2398885774373,0.21792555555555554,-161.7445440178597,2.9123717963423887,-121.56182032766738,0.5,0.25,-10,2,400,0.8,0.5,eff,0.5,35,10,10
7.482433334471366,-88.99189763453363,1.6648435882347152,-262.3746001532685,0.21792555555555554,-157.9395786793607,2.9123717963423887,-121.41946226982891,0.5,0.25,-10,2,400,0.8,0.5,eq,1,35,10,10
7.482433334471366,-91.40332519353423,1.6648435882347152,-258.303558874379,0.21792555555555554,-159.550399343643,2.9123717963423887,-121.4797291266575,0.5,0.25,-10,2,400,0.8,0.5,eff,0.5,6.5,10,10
7.482433334471366,-88.99189763453363,1.7398467296524174,-253.87675214470806,0.21792555555555554,-149.3594578837812,2.9123717963423887,-121.09844769444766,0.5,0.25,-10,2,400,0.8,1,eq,1,6.5,10,10
5.327510845438027,-94.59076824889578,1.6648435882347152,-227.9036192525969,0.21792555555555554,-125.10282282378802,2.9123717963423887,-120.19091578557584,0.5,0.25,-10,2,400,0.8,0.5,eff,0.5,35,5,10
5.327510845438027,-90.38986506758839,1.7398467296524174,-221.81305413680974,0.21792555555555554,-112.8042222327788,2.9123717963423887,-119.73077890165928,0.5,0.25,-10,2,400,0.8,1,eq,1,6.5,5,10
7.482433334471366,-91.40332519353423,1.7398467296524174,-256.28817970370864,0.21792555555555554,-152.108682338623,2.9123717963423887,-121.20130651683769,0.5,0.25,-10,2,400,0.8,1,eq,0.5,6.5,10,10
5.327510845438027,-90.38986506758839,1.7398467296524174,-216.0158249932236,0.21792555555555554,-112.62742675189429,2.9123717963423887,-119.72416431806788,0.5,0.25,-10,2,400,0.8,1,eff,1,6.5,5,10
7.482433334471366,-88.99189763453363,1.7398467296524174,-247.72493840993175,0.21792555555555554,-148.5182341330055,2.9123717963423887,-121.06697435140379,0.5,0.25,-10,2,400,0.8,1,eff,1,35,10,10
7.482433334471366,-91.40332519353423,1.7398467296524174,-250.13636596893235,0.21792555555555554,-151.24767285610758,2.9123717963423887,-121.16909291518651,0.5,0.25,-10,2,400,0.8,1,eff,0.5,6.5,10,10
7.482433334471366,-93.33965489659246,1.7398467296524174,-258.2245094067669,0.21792555555555554,-154.31625641748087,2.9123717963423887,-121.28390016236213,0.5,0.25,-10,2,400,0.8,1,eq,0.5,35,10,10
7.482433334471366,-93.33965489659246,1.7398467296524174,-252.0726956719906,0.21792555555555554,-153.43935937482738,2.9123717963423887,-121.25109214735785,0.5,0.25,-10,2,400,0.8,1,eff,0.5,35,10,10
5.327510845438027,-94.59076824889578,1.7398467296524174,-220.21672817453097,0.21792555555555554,-117.38233127807004,2.9123717963423887,-119.90206317215335,0.5,0.25,-10,2,400,0.8,1,eff,0.5,35,5,10
5.327510845438027,-91.51466541437559,1.7398467296524174,-217.14062534001079,0.21792555555555554,-113.90056208237651,2.9123717963423887,-119.77179709705266,0.5,0.25,-10,2,400,0.8,1,eff,1,35,5,10
5.327510845438027,-94.59076824889578,1.7398467296524174,-226.01395731811712,0.21792555555555554,-117.59359511492097,2.9123717963423887,-119.90996734652303,0.5,0.25,-10,2,400,0.8,1,eq,0.5,35,5,10
7.482433334471366,-88.99189763453363,1.7398467296524174,-247.72493840993175,0.21792555555555554,-148.5182341330055,2.9123717963423887,-121.06697435140379,0.5,0.25,-10,2,400,0.8,1,eff,1,6.5,10,10
7.482433334471366,-88.99189763453363,1.7398467296524174,-253.87675214470806,0.21792555555555554,-149.3594578837812,2.9123717963423887,-121.09844769444766,0.5,0.25,-10,2,400,0.8,1,eq,1,35,10,10
7.482433334471366,-88.99189763453363,1.6648435882347152,-255.8921313153784,0.28018999999999994,-156.81816056520285,2.943504018564611,-121.75234692116965,0.5,0.25,-10,2,500,0.7,0.5,eff,1,6.5,10,10
7.482433334471366,-93.33965489659246,1.6648435882347152,-266.7223574153273,0.28018999999999994,-162.90318893518608,2.943504018564611,-122.0419616266758,0.5,0.25,-10,2,500,0.7,0.5,eq,0.5,35,10,10
5.327510845438027,-92.09914869793256,1.6648435882347152,-231.569629959489,0.28018999999999994,-122.77339550596112,2.943504018564611,-120.13199874739666,0.5,0.25,-10,2,500,0.7,0.5,eq,0.5,6.5,5,10
5.327510845438027,-90.38986506758839,1.6648435882347152,-229.86034632914482,0.28018999999999994,-120.82210455463337,2.943504018564611,-120.03912776638148,0.5,0.25,-10,2,500,0.7,0.5,eq,1,6.5,5,10
5.327510845438027,-91.51466541437559,1.7398467296524174,-222.93785448359694,0.21792555555555554,-114.08658653545048,2.9123717963423887,-119.77875697118911,0.5,0.25,-10,2,400,0.8,1,eq,1,35,5,10
7.482433334471366,-91.40332519353423,1.6648435882347152,-264.78602771226906,0.28018999999999994,-160.69270580587965,2.943504018564611,-121.93675448850072,0.5,0.25,-10,2,500,0.7,0.5,eq,0.5,6.5,10,10
7.482433334471366,-88.99189763453363,1.6648435882347152,-262.3746001532685,0.28018999999999994,-157.93985853577263,2.943504018564611,-121.80573372689364,0.5,0.25,-10,2,500,0.7,0.5,eq,1,6.5,10,10
5.327510845438027,-94.59076824889578,1.6648435882347152,-234.0612495104522,0.28018999999999994,-125.61778867604545,2.943504018564611,-120.26737660271792,0.5,0.25,-10,2,500,0.7,0.5,eq,0.5,35,5,10
7.482433334471366,-91.40332519353423,1.6648435882347152,-258.303558874379,0.28018999999999994,-159.55066057644203,2.943504018564611,-121.88239926241329,0.5,0.25,-10,2,500,0.7,0.5,eff,0.5,6.5,10,10
5.327510845438027,-90.38986506758839,1.6648435882347152,-223.70271607128953,0.28018999999999994,-120.34284651691385,2.943504018564611,-120.01631765490517,0.5,0.25,-10,2,500,0.7,0.5,eff,1,6.5,5,10
5.327510845438027,-94.59076824889578,1.6648435882347152,-227.9036192525969,0.28018999999999994,-125.10308405658697,2.943504018564611,-120.24287942411449,0.5,0.25,-10,2,500,0.7,0.5,eff,0.5,35,5,10
7.482433334471366,-88.99189763453363,1.6648435882347152,-255.8921313153784,0.28018999999999994,-156.81816056520285,2.943504018564611,-121.75234692116965,0.5,0.25,-10,2,500,0.7,0.5,eff,1,35,10,10
5.327510845438027,-92.09914869793256,1.7398467296524174,-217.72510862356776,0.21792555555555554,-114.56212510593657,2.9123717963423887,-119.79654865686807,0.5,0.25,-10,2,400,0.8,1,eff,0.5,6.5,5,10
5.327510845438027,-92.09914869793256,1.7398467296524174,-223.5223377671539,0.21792555555555554,-114.75294523684258,2.9123717963423887,-119.80368795534146,0.5,0.25,-10,2,400,0.8,1,eq,0.5,6.5,5,10
5.327510845438027,-91.51466541437559,1.6648435882347152,-230.98514667593201,0.28018999999999994,-122.10615870439642,2.943504018564611,-120.10024185522816,0.5,0.25,-10,2,500,0.7,0.5,eq,1,35,5,10
7.482433334471366,-88.99189763453363,1.6648435882347152,-262.3746001532685,0.28018999999999994,-157.93985853577263,2.943504018564611,-121.80573372689364,0.5,0.25,-10,2,500,0.7,0.5,eq,1,35,10,10
7.482433334471366,-88.99189763453363,1.7398467296524174,-253.87675214470806,0.28018999999999994,-149.35972248565898,2.943504018564611,-121.39736528154444,0.5,0.25,-10,2,500,0.7,1,eq,1,6.5,10,10
7.482433334471366,-93.33965489659246,1.6648435882347152,-260.2398885774373,0.28018999999999994,-161.74480525065874,2.943504018564611,-121.98682877777856,0.5,0.25,-10,2,500,0.7,0.5,eff,0.5,35,10,10
5.327510845438027,-91.51466541437559,1.6648435882347152,-224.82751641807673,0.28018999999999994,-121.61740977261468,2.943504018564611,-120.07698002811107,0.5,0.25,-10,2,500,0.7,0.5,eff,1,35,5,10
5.327510845438027,-92.09914869793256,1.6648435882347152,-225.4119997016337,0.28018999999999994,-122.27971479309976,2.943504018564611,-120.10850219395819,0.5,0.25,-10,2,500,0.7,0.5,eff,0.5,6.5,5,10
5.327510845438027,-94.59076824889578,1.7398467296524174,-226.01395731811712,0.28018999999999994,-117.5938597166717,2.943504018564611,-119.88548063095317,0.5,0.25,-10,2,500,0.7,1,eq,0.5,35,5,10
7.482433334471366,-93.33965489659246,1.7398467296524174,-258.2245094067669,0.28018999999999994,-154.316521019189,2.943504018564611,-121.6332822995525,0.5,0.25,-10,2,500,0.7,1,eq,0.5,35,10,10
5.327510845438027,-90.38986506758839,1.7398467296524174,-221.81305413680974,0.28018999999999994,-112.80448683460975,2.943504018564611,-119.65753217575126,0.5,0.25,-10,2,500,0.7,1,eq,1,6.5,5,10
5.327510845438027,-92.09914869793256,1.7398467296524174,-223.5223377671539,0.28018999999999994,-114.75320983859814,2.943504018564611,-119.75028093624962,0.5,0.25,-10,2,500,0.7,1,eq,0.5,6.5,5,10
5.327510845438027,-91.51466541437559,1.7398467296524174,-222.93785448359694,0.28018999999999994,-114.0868511372836,2.943504018564611,-119.71856583694208,0.5,0.25,-10,2,500,0.7,1,eq,1,35,5,10
7.482433334471366,-91.40332519353423,1.7398467296524174,-256.28817970370864,0.28018999999999994,-152.1089469405033,2.943504018564611,-121.5282136165805,0.5,0.25,-10,2,500,0.7,1,eq,0.5,6.5,10,10
5.327510845438027,-92.09914869793256,1.7398467296524174,-217.72510862356776,0.28018999999999994,-114.56237241649325,2.943504018564611,-119.74119809876026,0.5,0.25,-10,2,500,0.7,1,eff,0.5,6.5,5,10
5.327510845438027,-90.38986506758839,1.7398467296524174,-216.0158249932236,0.28018999999999994,-112.62767406242628,2.943504018564611,-119.64911683635881,0.5,0.25,-10,2,500,0.7,1,eff,1,6.5,5,10
7.482433334471366,-88.99189763453363,1.7398467296524174,-247.72493840993175,0.28018999999999994,-148.51848144357996,2.943504018564611,-121.35732672102372,0.5,0.25,-10,2,500,0.7,1,eff,1,6.5,10,10
7.482433334471366,-88.99189763453363,1.7398467296524174,-253.87675214470806,0.28018999999999994,-149.35972248565898,2.943504018564611,-121.39736528154444,0.5,0.25,-10,2,500,0.7,1,eq,1,35,10,10
7.482433334471366,-88.99189763453363,1.6648435882347152,-262.3746001532685,0.28018999999999994,-157.93985853577263,2.943504018564611,-121.80573372689364,0.5,0.25,-10,2,500,0.8,0.5,eq,1,6.5,10,10
5.327510845438027,-91.51466541437559,1.7398467296524174,-217.14062534001079,0.28018999999999994,-113.90080939286347,2.943504018564611,-119.7097112479828,0.5,0.25,-10,2,500,0.7,1,eff,1,35,5,10
5.327510845438027,-91.51466541437559,1.6648435882347152,-230.98514667593201,0.28018999999999994,-122.10615870439642,2.943504018564611,-120.10024185522816,0.5,0.25,-10,2,500,0.8,0.5,eq,1,35,5,10
5.327510845438027,-94.59076824889578,1.7398467296524174,-220.21672817453097,0.28018999999999994,-117.38257858861458,2.943504018564611,-119.87542478273672,0.5,0.25,-10,2,500,0.7,1,eff,0.5,35,5,10
5.327510845438027,-92.09914869793256,1.6648435882347152,-231.569629959489,0.28018999999999994,-122.77339550596112,2.943504018564611,-120.13199874739666,0.5,0.25,-10,2,500,0.8,0.5,eq,0.5,6.5,5,10
7.482433334471366,-91.40332519353423,1.6648435882347152,-258.303558874379,0.28018999999999994,-159.55066057644203,2.943504018564611,-121.88239926241329,0.5,0.25,-10,2,500,0.8,0.5,eff,0.5,6.5,10,10
7.482433334471366,-93.33965489659246,1.6648435882347152,-266.7223574153273,0.28018999999999994,-162.90318893518608,2.943504018564611,-122.0419616266758,0.5,0.25,-10,2,500,0.8,0.5,eq,0.5,35,10,10
5.327510845438027,-92.09914869793256,1.6648435882347152,-225.4119997016337,0.28018999999999994,-122.27971479309976,2.943504018564611,-120.10850219395819,0.5,0.25,-10,2,500,0.8,0.5,eff,0.5,6.5,5,10
7.482433334471366,-88.99189763453363,1.6648435882347152,-255.8921313153784,0.28018999999999994,-156.81816056520285,2.943504018564611,-121.75234692116965,0.5,0.25,-10,2,500,0.8,0.5,eff,1,35,10,10
5.327510845438027,-94.59076824889578,1.6648435882347152,-234.0612495104522,0.28018999999999994,-125.61778867604545,2.943504018564611,-120.26737660271792,0.5,0.25,-10,2,500,0.8,0.5,eq,0.5,35,5,10
5.327510845438027,-90.38986506758839,1.6648435882347152,-229.86034632914482,0.28018999999999994,-120.82210455463337,2.943504018564611,-120.03912776638148,0.5,0.25,-10,2,500,0.8,0.5,eq,1,6.5,5,10
7.482433334471366,-91.40332519353423,1.6648435882347152,-264.78602771226906,0.28018999999999994,-160.69270580587965,2.943504018564611,-121.93675448850072,0.5,0.25,-10,2,500,0.8,0.5,eq,0.5,6.5,10,10
7.482433334471366,-88.99189763453363,1.6648435882347152,-255.8921313153784,0.28018999999999994,-156.81816056520285,2.943504018564611,-121.75234692116965,0.5,0.25,-10,2,500,0.8,0.5,eff,1,6.5,10,10
7.482433334471366,-88.99189763453363,1.7398467296524174,-253.87675214470806,0.28018999999999994,-149.35972248565898,2.943504018564611,-121.39736528154444,0.5,0.25,-10,2,500,0.8,1,eq,1,35,10,10
7.482433334471366,-93.33965489659246,1.6648435882347152,-260.2398885774373,0.28018999999999994,-161.74480525065874,2.943504018564611,-121.98682877777856,0.5,0.25,-10,2,500,0.8,0.5,eff,0.5,35,10,10
5.327510845438027,-90.38986506758839,1.7398467296524174,-221.81305413680974,0.28018999999999994,-112.80448683460975,2.943504018564611,-119.65753217575126,0.5,0.25,-10,2,500,0.8,1,eq,1,6.5,5,10
5.327510845438027,-92.09914869793256,1.7398467296524174,-223.5223377671539,0.28018999999999994,-114.75320983859814,2.943504018564611,-119.75028093624962,0.5,0.25,-10,2,500,0.8,1,eq,0.5,6.5,5,10
5.327510845438027,-94.59076824889578,1.7398467296524174,-226.01395731811712,0.28018999999999994,-117.5938597166717,2.943504018564611,-119.88548063095317,0.5,0.25,-10,2,500,0.8,1,eq,0.5,35,5,10
7.482433334471366,-91.40332519353423,1.7398467296524174,-256.28817970370864,0.28018999999999994,-152.1089469405033,2.943504018564611,-121.5282136165805,0.5,0.25,-10,2,500,0.8,1,eq,0.5,6.5,10,10
5.327510845438027,-94.59076824889578,1.6648435882347152,-227.9036192525969,0.28018999999999994,-125.10308405658697,2.943504018564611,-120.24287942411449,0.5,0.25,-10,2,500,0.8,0.5,eff,0.5,35,5,10
7.482433334471366,-88.99189763453363,1.7398467296524174,-247.72493840993175,0.28018999999999994,-148.51848144357996,2.943504018564611,-121.35732672102372,0.5,0.25,-10,2,500,0.8,1,eff,1,6.5,10,10
5.327510845438027,-91.51466541437559,1.7398467296524174,-222.93785448359694,0.28018999999999994,-114.0868511372836,2.943504018564611,-119.71856583694208,0.5,0.25,-10,2,500,0.8,1,eq,1,35,5,10
7.482433334471366,-88.99189763453363,1.7398467296524174,-247.72493840993175,0.28018999999999994,-148.51848144357996,2.943504018564611,-121.35732672102372,0.5,0.25,-10,2,500,0.8,1,eff,1,35,10,10
5.327510845438027,-91.51466541437559,1.7398467296524174,-217.14062534001079,0.28018999999999994,-113.90080939286347,2.943504018564611,-119.7097112479828,0.5,0.25,-10,2,500,0.8,1,eff,1,35,5,10
7.482433334471366,-91.40332519353423,1.7398467296524174,-250.13636596893235,0.28018999999999994,-151.24792016653257,2.943504018564611,-121.48723336136813,0.5,0.25,-10,2,500,0.8,1,eff,0.5,6.5,10,10
5.327510845438027,-94.59076824889578,1.7398467296524174,-220.21672817453097,0.28018999999999994,-117.38257858861458,2.943504018564611,-119.87542478273672,0.5,0.25,-10,2,500,0.8,1,eff,0.5,35,5,10
5.327510845438027,-92.09914869793256,1.7398467296524174,-217.72510862356776,0.28018999999999994,-114.56237241649325,2.943504018564611,-119.74119809876026,0.5,0.25,-10,2,500,0.8,1,eff,0.5,6.5,5,10
5.327510845438027,-90.38986506758839,1.7398467296524174,-216.0158249932236,0.28018999999999994,-112.62767406242628,2.943504018564611,-119.64911683635881,0.5,0.25,-10,2,500,0.8,1,eff,1,6.5,5,10
7.482433334471366,-93.33965489659246,1.7398467296524174,-258.2245094067669,0.28018999999999994,-154.316521019189,2.943504018564611,-121.6332822995525,0.5,0.25,-10,2,500,0.8,1,eq,0.5,35,10,10
7.482433334471366,-88.99189763453363,1.7398467296524174,-247.72493840993175,0.28018999999999994,-148.51848144357996,2.943504018564611,-121.35732672102372,0.5,0.25,-10,2,500,0.7,1,eff,1,35,10,10
7.482433334471366,-93.33965489659246,1.7398467296524174,-252.0726956719906,0.28018999999999994,-153.43960668542366,2.943504018564611,-121.59154588172738,0.5,0.25,-10,2,500,0.7,1,eff,0.5,35,10,10
7.482433334471366,-91.40332519353423,1.7398467296524174,-250.13636596893235,0.28018999999999994,-151.24792016653257,2.943504018564611,-121.48723336136813,0.5,0.25,-10,2,500,0.7,1,eff,0.5,6.5,10,10
5.327510845438027,-90.38986506758839,1.6648435882347152,-223.70271607128953,0.28018999999999994,-120.34284651691385,2.943504018564611,-120.01631765490517,0.5,0.25,-10,2,500,0.8,0.5,eff,1,6.5,5,10
7.482433334471366,-88.99189763453363,1.6648435882347152,-262.3746001532685,0.28018999999999994,-157.93985853577263,2.943504018564611,-121.80573372689364,0.5,0.25,-10,2,500,0.8,0.5,eq,1,35,10,10
5.327510845438027,-91.51466541437559,1.6648435882347152,-224.82751641807673,0.28018999999999994,-121.61740977261468,2.943504018564611,-120.07698002811107,0.5,0.25,-10,2,500,0.8,0.5,eff,1,35,5,10
7.482433334471366,-88.99189763453363,1.7398467296524174,-253.87675214470806,0.28018999999999994,-149.35972248565898,2.943504018564611,-121.39736528154444,0.5,0.25,-10,2,500,0.8,1,eq,1,6.5,10,10
7.482433334471366,-93.33965489659246,1.7398467296524174,-252.0726956719906,0.28018999999999994,-153.43960668542366,2.943504018564611,-121.59154588172738,0.5,0.25,-10,2,500,0.8,1,eff,0.5,35,10,10
7.482433334471366,-88.99189763453363,0.664380693404857,-403.83076835533024,0.4358511111111111,-301.5111013485789,3.0213345741201665,-133.09219705083763,0.5,1,-20,1,400,0.7,0.5,eq,1,6.5,10,10
7.482433334471366,-88.99189763453363,0.664380693404857,-403.83076835533024,0.4358511111111111,-301.5111013485789,3.0213345741201665,-133.09219705083763,0.5,1,-20,1,400,0.7,0.5,eq,1,35,10,10
5.327510845438027,-90.38986506758839,0.664380693404857,-371.31651453120645,0.4358511111111111,-263.41638967543594,3.0213345741201665,-130.34446719787485,0.5,1,-20,1,400,0.7,0.5,eq,1,6.5,5,10
7.482433334471366,-91.40332519353423,0.664380693404857,-406.2421959143308,0.4358511111111111,-304.3364049251599,3.0213345741201665,-133.29598310512424,0.5,1,-20,1,400,0.7,0.5,eq,0.5,6.5,10,10
5.327510845438027,-91.51466541437559,0.664380693404857,-372.44131487799365,0.4358511111111111,-264.73424076772835,3.0213345741201665,-130.43952235458855,0.5,1,-20,1,400,0.7,0.5,eq,1,35,5,10
5.327510845438027,-91.51466541437559,0.664380693404857,-356.44464704969835,0.4358511111111111,-254.49829760581483,3.0213345741201665,-129.70121497899945,0.5,1,-20,1,400,0.7,0.5,eff,1,35,5,10
5.327510845438027,-92.09914869793256,0.664380693404857,-373.02579816155065,0.4358511111111111,-265.41903957232654,3.0213345741201665,-130.48891614275558,0.5,1,-20,1,400,0.7,0.5,eq,0.5,6.5,5,10
7.482433334471366,-91.40332519353423,0.664380693404857,-389.92068950600054,0.4358511111111111,-293.2773912298669,3.0213345741201665,-132.49830855292888,0.5,1,-20,1,400,0.7,0.5,eff,0.5,6.5,10,10
5.327510845438027,-94.59076824889578,0.664380693404857,-359.52074988421856,0.4358511111111111,-258.0616961157809,3.0213345741201665,-129.95823901288227,0.5,1,-20,1,400,0.7,0.5,eff,0.5,35,5,10
7.482433334471366,-88.99189763453363,0.664380693404857,-387.50926194699997,0.4358511111111111,-290.48396141566474,3.0213345741201665,-132.29682151823252,0.5,1,-20,1,400,0.7,0.5,eff,1,6.5,10,10
5.327510845438027,-94.59076824889578,0.664380693404857,-375.51741771251386,0.4358511111111111,-268.3382985814465,3.0213345741201665,-130.6994790995437,0.5,1,-20,1,400,0.7,0.5,eq,0.5,35,5,10
5.327510845438027,-92.09914869793256,0.664380693404857,-357.02913033325535,0.4358511111111111,-255.17537082876902,3.0213345741201665,-129.7500515294192,0.5,1,-20,1,400,0.7,0.5,eff,0.5,6.5,5,10
7.482433334471366,-93.33965489659246,0.664380693404857,-391.85701920905893,0.4358511111111111,-295.52046135815897,3.0213345741201665,-132.66009874592677,0.5,1,-20,1,400,0.7,0.5,eff,0.5,35,10,10
7.482433334471366,-88.99189763453363,0.664380693404857,-387.50926194699997,0.4358511111111111,-290.48396141566474,3.0213345741201665,-132.29682151823252,0.5,1,-20,1,400,0.7,0.5,eff,1,35,10,10
7.482433334471366,-93.33965489659246,0.664380693404857,-408.178525617389,0.4358511111111111,-306.6050690658726,3.0213345741201665,-133.45961936622163,0.5,1,-20,1,400,0.7,0.5,eq,0.5,35,10,10
5.327510845438027,-90.38986506758839,0.664380693404857,-355.31984670291115,0.4358511111111111,-253.19531389685142,3.0213345741201665,-129.60723219037095,0.5,1,-20,1,400,0.7,0.5,eff,1,6.5,5,10
7.482433334471366,-88.99189763453363,0.6968241909147566,-390.9749819355633,0.4358511111111111,-287.3637467297925,3.0213345741201665,-132.0717638484543,0.5,1,-20,1,400,0.7,1,eq,1,35,10,10
7.482433334471366,-88.99189763453363,0.6968241909147566,-390.9749819355633,0.4358511111111111,-287.3637467297925,3.0213345741201665,-132.0717638484543,0.5,1,-20,1,400,0.7,1,eq,1,6.5,10,10
5.327510845438027,-90.38986506758839,0.6968241909147566,-358.91128392766495,0.4358511111111111,-249.8450912630525,3.0213345741201665,-129.36558429908496,0.5,1,-20,1,400,0.7,1,eq,1,6.5,5,10
7.482433334471366,-91.40332519353423,0.6968241909147566,-393.3864094945639,0.4358511111111111,-290.1854274896139,3.0213345741201665,-132.2752885929337,0.5,1,-20,1,400,0.7,1,eq,0.5,6.5,10,10
7.482433334471366,-88.99189763453363,0.6968241909147566,-375.3466826445973,0.4358511111111111,-277.18028161588546,3.0213345741201665,-131.33724165702344,0.5,1,-20,1,400,0.7,1,eff,1,6.5,10,10
5.327510845438027,-92.09914869793256,0.6968241909147566,-360.62056755800916,0.4358511111111111,-251.8451732125827,3.0213345741201665,-129.5098480207334,0.5,1,-20,1,400,0.7,1,eq,0.5,6.5,5,10
7.482433334471366,-93.33965489659246,0.6968241909147566,-395.3227391976221,0.4358511111111111,-292.45118258040867,3.0213345741201665,-132.43871502744508,0.5,1,-20,1,400,0.7,1,eq,0.5,35,10,10
5.327510845438027,-92.09914869793256,0.6968241909147566,-345.3468528582333,0.4358511111111111,-242.46581294935558,3.0213345741201665,-128.8333250319762,0.5,1,-20,1,400,0.7,1,eff,0.5,6.5,5,10
5.327510845438027,-94.59076824889578,0.6968241909147566,-363.11218710897236,0.4358511111111111,-254.76068892882736,3.0213345741201665,-129.72014097790418,0.5,1,-20,1,400,0.7,1,eq,0.5,35,5,10
5.327510845438027,-91.51466541437559,0.6968241909147566,-360.03608427445215,0.4358511111111111,-251.16125250749784,3.0213345741201665,-129.4605175689232,0.5,1,-20,1,400,0.7,1,eq,1,35,5,10
7.482433334471366,-91.40332519353423,0.6968241909147566,-377.7581102035979,0.4358511111111111,-279.97067832953934,3.0213345741201665,-131.5385099174976,0.5,1,-20,1,400,0.7,1,eff,0.5,6.5,10,10
5.327510845438027,-91.51466541437559,0.6968241909147566,-344.7623695746763,0.4358511111111111,-241.78947489055636,3.0213345741201665,-128.78454150814213,0.5,1,-20,1,400,0.7,1,eff,1,35,5,10
5.327510845438027,-90.38986506758839,0.6968241909147566,-343.6375692278891,0.4358511111111111,-240.48790595912422,3.0213345741201665,-128.69066076586833,0.5,1,-20,1,400,0.7,1,eff,1,6.5,5,10
5.327510845438027,-94.59076824889578,0.664380693404857,-375.51741771251386,0.4358511111111111,-268.3382985814465,3.0213345741201665,-130.6994790995437,0.5,1,-20,1,400,0.8,0.5,eq,0.5,35,5,10
5.327510845438027,-90.38986506758839,0.664380693404857,-371.31651453120645,0.4358511111111111,-263.41638967543594,3.0213345741201665,-130.34446719787485,0.5,1,-20,1,400,0.8,0.5,eq,1,6.5,5,10
7.482433334471366,-91.40332519353423,0.664380693404857,-406.2421959143308,0.4358511111111111,-304.3364049251599,3.0213345741201665,-133.29598310512424,0.5,1,-20,1,400,0.8,0.5,eq,0.5,6.5,10,10
5.327510845438027,-91.51466541437559,0.664380693404857,-372.44131487799365,0.4358511111111111,-264.73424076772835,3.0213345741201665,-130.43952235458855,0.5,1,-20,1,400,0.8,0.5,eq,1,35,5,10
7.482433334471366,-88.99189763453363,0.664380693404857,-403.83076835533024,0.4358511111111111,-301.5111013485789,3.0213345741201665,-133.09219705083763,0.5,1,-20,1,400,0.8,0.5,eq,1,35,10,10
5.327510845438027,-92.09914869793256,0.664380693404857,-373.02579816155065,0.4358511111111111,-265.41903957232654,3.0213345741201665,-130.48891614275558,0.5,1,-20,1,400,0.8,0.5,eq,0.5,6.5,5,10
7.482433334471366,-88.99189763453363,0.6968241909147566,-375.3466826445973,0.4358511111111111,-277.18028161588546,3.0213345741201665,-131.33724165702344,0.5,1,-20,1,400,0.7,1,eff,1,35,10,10
7.482433334471366,-88.99189763453363,0.664380693404857,-387.50926194699997,0.4358511111111111,-290.48396141566474,3.0213345741201665,-132.29682151823252,0.5,1,-20,1,400,0.8,0.5,eff,1,6.5,10,10
5.327510845438027,-94.59076824889578,0.6968241909147566,-347.8384724091965,0.4358511111111111,-245.34900426839886,3.0213345741201665,-129.0412864657604,0.5,1,-20,1,400,0.7,1,eff,0.5,35,5,10
7.482433334471366,-93.33965489659246,0.6968241909147566,-379.69443990665616,0.4358511111111111,-282.2113129356915,3.0213345741201665,-131.70012443894962,0.5,1,-20,1,400,0.7,1,eff,0.5,35,10,10
7.482433334471366,-93.33965489659246,0.664380693404857,-408.178525617389,0.4358511111111111,-306.6050690658726,3.0213345741201665,-133.45961936622163,0.5,1,-20,1,400,0.8,0.5,eq,0.5,35,10,10
7.482433334471366,-88.99189763453363,0.664380693404857,-403.83076835533024,0.4358511111111111,-301.5111013485789,3.0213345741201665,-133.09219705083763,0.5,1,-20,1,400,0.8,0.5,eq,1,6.5,10,10
5.327510845438027,-90.38986506758839,0.664380693404857,-355.31984670291115,0.4358511111111111,-253.19531389685142,3.0213345741201665,-129.60723219037095,0.5,1,-20,1,400,0.8,0.5,eff,1,6.5,5,10
5.327510845438027,-91.51466541437559,0.664380693404857,-356.44464704969835,0.4358511111111111,-254.49829760581483,3.0213345741201665,-129.70121497899945,0.5,1,-20,1,400,0.8,0.5,eff,1,35,5,10
7.482433334471366,-88.99189763453363,0.664380693404857,-387.50926194699997,0.4358511111111111,-290.48396141566474,3.0213345741201665,-132.29682151823252,0.5,1,-20,1,400,0.8,0.5,eff,1,35,10,10
7.482433334471366,-91.40332519353423,0.664380693404857,-389.92068950600054,0.4358511111111111,-293.2773912298669,3.0213345741201665,-132.49830855292888,0.5,1,-20,1,400,0.8,0.5,eff,0.5,6.5,10,10
7.482433334471366,-88.99189763453363,0.6968241909147566,-390.9749819355633,0.4358511111111111,-287.3637467297925,3.0213345741201665,-132.0717638484543,0.5,1,-20,1,400,0.8,1,eq,1,6.5,10,10
5.327510845438027,-94.59076824889578,0.664380693404857,-359.52074988421856,0.4358511111111111,-258.0616961157809,3.0213345741201665,-129.95823901288227,0.5,1,-20,1,400,0.8,0.5,eff,0.5,35,5,10
5.327510845438027,-92.09914869793256,0.664380693404857,-357.02913033325535,0.4358511111111111,-255.17537082876902,3.0213345741201665,-129.7500515294192,0.5,1,-20,1,400,0.8,0.5,eff,0.5,6.5,5,10
5.327510845438027,-90.38986506758839,0.6968241909147566,-358.91128392766495,0.4358511111111111,-249.8450912630525,3.0213345741201665,-129.36558429908496,0.5,1,-20,1,400,0.8,1,eq,1,6.5,5,10
7.482433334471366,-88.99189763453363,0.6968241909147566,-390.9749819355633,0.4358511111111111,-287.3637467297925,3.0213345741201665,-132.0717638484543,0.5,1,-20,1,400,0.8,1,eq,1,35,10,10
5.327510845438027,-92.09914869793256,0.6968241909147566,-360.62056755800916,0.4358511111111111,-251.8451732125827,3.0213345741201665,-129.5098480207334,0.5,1,-20,1,400,0.8,1,eq,0.5,6.5,5,10
7.482433334471366,-93.33965489659246,0.664380693404857,-391.85701920905893,0.4358511111111111,-295.52046135815897,3.0213345741201665,-132.66009874592677,0.5,1,-20,1,400,0.8,0.5,eff,0.5,35,10,10
7.482433334471366,-91.40332519353423,0.6968241909147566,-393.3864094945639,0.4358511111111111,-290.1854274896139,3.0213345741201665,-132.2752885929337,0.5,1,-20,1,400,0.8,1,eq,0.5,6.5,10,10
5.327510845438027,-91.51466541437559,0.6968241909147566,-360.03608427445215,0.4358511111111111,-251.16125250749784,3.0213345741201665,-129.4605175689232,0.5,1,-20,1,400,0.8,1,eq,1,35,5,10
5.327510845438027,-90.38986506758839,0.6968241909147566,-343.6375692278891,0.4358511111111111,-240.48790595912422,3.0213345741201665,-128.69066076586833,0.5,1,-20,1,400,0.8,1,eff,1,6.5,5,10
7.482433334471366,-88.99189763453363,0.6968241909147566,-375.3466826445973,0.4358511111111111,-277.18028161588546,3.0213345741201665,-131.33724165702344,0.5,1,-20,1,400,0.8,1,eff,1,6.5,10,10
5.327510845438027,-94.59076824889578,0.6968241909147566,-363.11218710897236,0.4358511111111111,-254.76068892882736,3.0213345741201665,-129.72014097790418,0.5,1,-20,1,400,0.8,1,eq,0.5,35,5,10
7.482433334471366,-88.99189763453363,0.6968241909147566,-375.3466826445973,0.4358511111111111,-277.18028161588546,3.0213345741201665,-131.33724165702344,0.5,1,-20,1,400,0.8,1,eff,1,35,10,10
7.482433334471366,-93.33965489659246,0.6968241909147566,-395.3227391976221,0.4358511111111111,-292.45118258040867,3.0213345741201665,-132.43871502744508,0.5,1,-20,1,400,0.8,1,eq,0.5,35,10,10
5.327510845438027,-91.51466541437559,0.6968241909147566,-344.7623695746763,0.4358511111111111,-241.78947489055636,3.0213345741201665,-128.78454150814213,0.5,1,-20,1,400,0.8,1,eff,1,35,5,10
5.327510845438027,-92.09914869793256,0.6968241909147566,-345.3468528582333,0.4358511111111111,-242.46581294935558,3.0213345741201665,-128.8333250319762,0.5,1,-20,1,400,0.8,1,eff,0.5,6.5,5,10
7.482433334471366,-91.40332519353423,0.6968241909147566,-377.7581102035979,0.4358511111111111,-279.97067832953934,3.0213345741201665,-131.5385099174976,0.5,1,-20,1,400,0.8,1,eff,0.5,6.5,10,10
7.482433334471366,-93.33965489659246,0.6968241909147566,-379.69443990665616,0.4358511111111111,-282.2113129356915,3.0213345741201665,-131.70012443894962,0.5,1,-20,1,400,0.8,1,eff,0.5,35,10,10
5.327510845438027,-90.38986506758839,0.664380693404857,-371.31651453120645,0.5603799999999999,-263.41682591637317,3.0835990185646107,-133.03151292096783,0.5,1,-20,1,500,0.7,0.5,eq,1,6.5,5,10
5.327510845438027,-94.59076824889578,0.6968241909147566,-347.8384724091965,0.4358511111111111,-245.34900426839886,3.0213345741201665,-129.0412864657604,0.5,1,-20,1,400,0.8,1,eff,0.5,35,5,10
7.482433334471366,-88.99189763453363,0.664380693404857,-403.83076835533024,0.5603799999999999,-301.51153758951756,3.0835990185646107,-136.49297376572667,0.5,1,-20,1,500,0.7,0.5,eq,1,6.5,10,10
5.327510845438027,-91.51466541437559,0.664380693404857,-372.44131487799365,0.5603799999999999,-264.7346770076431,3.0835990185646107,-133.1512589369186,0.5,1,-20,1,500,0.7,0.5,eq,1,35,5,10
5.327510845438027,-92.09914869793256,0.664380693404857,-373.02579816155065,0.5603799999999999,-265.41947581323285,3.0835990185646107,-133.21348290838276,0.5,1,-20,1,500,0.7,0.5,eq,0.5,6.5,5,10
5.327510845438027,-90.38986506758839,0.664380693404857,-355.31984670291115,0.5603799999999999,-253.19571199860763,3.0835990185646107,-132.10277546471062,0.5,1,-20,1,500,0.7,0.5,eff,1,6.5,5,10
5.327510845438027,-94.59076824889578,0.664380693404857,-375.51741771251386,0.5603799999999999,-268.3387348223839,3.0835990185646107,-133.4787402187041,0.5,1,-20,1,500,0.7,0.5,eq,0.5,35,5,10
7.482433334471366,-88.99189763453363,0.664380693404857,-387.50926194699997,0.5603799999999999,-290.484359517236,3.0835990185646107,-135.4909936102423,0.5,1,-20,1,500,0.7,0.5,eff,1,35,10,10
7.482433334471366,-93.33965489659246,0.664380693404857,-391.85701920905893,0.5603799999999999,-295.5208594610153,3.0835990185646107,-135.94863317710949,0.5,1,-20,1,500,0.7,0.5,eff,0.5,35,10,10
7.482433334471366,-88.99189763453363,0.664380693404857,-403.83076835533024,0.5603799999999999,-301.51153758951756,3.0835990185646107,-136.49297376572667,0.5,1,-20,1,500,0.7,0.5,eq,1,35,10,10
7.482433334471366,-93.33965489659246,0.664380693404857,-408.178525617389,0.5603799999999999,-306.6055053067855,3.0835990185646107,-136.95583511900534,0.5,1,-20,1,500,0.7,0.5,eq,0.5,35,10,10
5.327510845438027,-91.51466541437559,0.664380693404857,-356.44464704969835,0.5603799999999999,-254.49869570755607,3.0835990185646107,-132.2211705618722,0.5,1,-20,1,500,0.7,0.5,eff,1,35,5,10
7.482433334471366,-91.40332519353423,0.664380693404857,-406.2421959143308,0.5603799999999999,-304.33684116473637,3.0835990185646107,-136.7496938528633,0.5,1,-20,1,500,0.7,0.5,eq,0.5,6.5,10,10
7.482433334471366,-88.99189763453363,0.664380693404857,-387.50926194699997,0.5603799999999999,-290.484359517236,3.0835990185646107,-135.4909936102423,0.5,1,-20,1,500,0.7,0.5,eff,1,6.5,10,10
7.482433334471366,-91.40332519353423,0.664380693404857,-389.92068950600054,0.5603799999999999,-293.2777893327125,3.0835990185646107,-135.74481750086053,0.5,1,-20,1,500,0.7,0.5,eff,0.5,6.5,10,10
5.327510845438027,-92.09914869793256,0.664380693404857,-357.02913033325535,0.5603799999999999,-255.17576893144917,3.0835990185646107,-132.28269255142422,0.5,1,-20,1,500,0.7,0.5,eff,0.5,6.5,5,10
5.327510845438027,-94.59076824889578,0.664380693404857,-359.52074988421856,0.5603799999999999,-258.0620942181697,3.0835990185646107,-132.54495735213823,0.5,1,-20,1,500,0.7,0.5,eff,0.5,35,5,10
7.482433334471366,-88.99189763453363,0.6968241909147566,-390.9749819355633,0.5603799999999999,-287.3641584893161,3.0835990185646107,-135.20747778320086,0.5,1,-20,1,500,0.7,1,eq,1,6.5,10,10
7.482433334471366,-91.40332519353423,0.6968241909147566,-393.3864094945639,0.5603799999999999,-290.185839250333,3.0835990185646107,-135.46386868476412,0.5,1,-20,1,500,0.7,1,eq,0.5,6.5,10,10
5.327510845438027,-90.38986506758839,0.6968241909147566,-358.91128392766495,0.5603799999999999,-249.84550302289358,3.0835990185646107,-131.7983600568532,0.5,1,-20,1,500,0.7,1,eq,1,6.5,5,10
5.327510845438027,-91.51466541437559,0.6968241909147566,-360.03608427445215,0.5603799999999999,-251.1616642673339,3.0835990185646107,-131.91795252554294,0.5,1,-20,1,500,0.7,1,eq,1,35,5,10
7.482433334471366,-88.99189763453363,0.6968241909147566,-390.9749819355633,0.5603799999999999,-287.3641584893161,3.0835990185646107,-135.20747778320086,0.5,1,-20,1,500,0.7,1,eq,1,35,10,10
5.327510845438027,-92.09914869793256,0.6968241909147566,-360.62056755800916,0.5603799999999999,-251.84558497241412,3.0835990185646107,-131.98009670875322,0.5,1,-20,1,500,0.7,1,eq,0.5,6.5,5,10
7.482433334471366,-93.33965489659246,0.6968241909147566,-395.3227391976221,0.5603799999999999,-292.4515943411752,3.0835990185646107,-135.66974562112344,0.5,1,-20,1,500,0.7,1,eq,0.5,35,10,10
5.327510845438027,-94.59076824889578,0.6968241909147566,-363.11218710897236,0.5603799999999999,-254.76110068951613,3.0835990185646107,-132.24501388632925,0.5,1,-20,1,500,0.7,1,eq,0.5,35,5,10
5.327510845438027,-90.38986506758839,0.6968241909147566,-343.6375692278891,0.5603799999999999,-240.48828210324208,3.0835990185646107,-130.94811989472677,0.5,1,-20,1,500,0.7,1,eff,1,6.5,5,10
5.327510845438027,-92.09914869793256,0.6968241909147566,-345.3468528582333,0.5603799999999999,-242.46618909348476,3.0835990185646107,-131.12784162776003,0.5,1,-20,1,500,0.7,1,eff,0.5,6.5,5,10
5.327510845438027,-91.51466541437559,0.6968241909147566,-344.7623695746763,0.5603799999999999,-241.78985103542928,3.0835990185646107,-131.0663864387599,0.5,1,-20,1,500,0.7,1,eff,1,35,5,10
7.482433334471366,-88.99189763453363,0.6968241909147566,-375.3466826445973,0.5603799999999999,-277.1806577596172,3.0835990185646107,-134.2821580343372,0.5,1,-20,1,500,0.7,1,eff,1,6.5,10,10
5.327510845438027,-94.59076824889578,0.6968241909147566,-347.8384724091965,0.5603799999999999,-245.34938041324057,3.0835990185646107,-131.38982166181069,0.5,1,-20,1,500,0.7,1,eff,0.5,35,5,10
7.482433334471366,-88.99189763453363,0.664380693404857,-403.83076835533024,0.5603799999999999,-301.51153758951756,3.0835990185646107,-136.49297376572667,0.5,1,-20,1,500,0.8,0.5,eq,1,6.5,10,10
5.327510845438027,-90.38986506758839,0.664380693404857,-371.31651453120645,0.5603799999999999,-263.41682591637317,3.0835990185646107,-133.03151292096783,0.5,1,-20,1,500,0.8,0.5,eq,1,6.5,5,10
5.327510845438027,-92.09914869793256,0.664380693404857,-373.02579816155065,0.5603799999999999,-265.41947581323285,3.0835990185646107,-133.21348290838276,0.5,1,-20,1,500,0.8,0.5,eq,0.5,6.5,5,10
5.327510845438027,-91.51466541437559,0.664380693404857,-372.44131487799365,0.5603799999999999,-264.7346770076431,3.0835990185646107,-133.1512589369186,0.5,1,-20,1,500,0.8,0.5,eq,1,35,5,10
7.482433334471366,-88.99189763453363,0.664380693404857,-387.50926194699997,0.5603799999999999,-290.484359517236,3.0835990185646107,-135.4909936102423,0.5,1,-20,1,500,0.8,0.5,eff,1,6.5,10,10
7.482433334471366,-88.99189763453363,0.664380693404857,-403.83076835533024,0.5603799999999999,-301.51153758951756,3.0835990185646107,-136.49297376572667,0.5,1,-20,1,500,0.8,0.5,eq,1,35,10,10
7.482433334471366,-91.40332519353423,0.6968241909147566,-377.7581102035979,0.5603799999999999,-279.9710544738093,3.0835990185646107,-134.53570632341194,0.5,1,-20,1,500,0.7,1,eff,0.5,6.5,10,10
7.482433334471366,-93.33965489659246,0.664380693404857,-408.178525617389,0.5603799999999999,-306.6055053067855,3.0835990185646107,-136.95583511900534,0.5,1,-20,1,500,0.8,0.5,eq,0.5,35,10,10
7.482433334471366,-88.99189763453363,0.6968241909147566,-375.3466826445973,0.5603799999999999,-277.1806577596172,3.0835990185646107,-134.2821580343372,0.5,1,-20,1,500,0.7,1,eff,1,35,10,10
7.482433334471366,-93.33965489659246,0.6968241909147566,-379.69443990665616,0.5603799999999999,-282.21168907938403,3.0835990185646107,-134.73930069685548,0.5,1,-20,1,500,0.7,1,eff,0.5,35,10,10
7.482433334471366,-91.40332519353423,0.664380693404857,-406.2421959143308,0.5603799999999999,-304.33684116473637,3.0835990185646107,-136.7496938528633,0.5,1,-20,1,500,0.8,0.5,eq,0.5,6.5,10,10
7.482433334471366,-88.99189763453363,0.664380693404857,-387.50926194699997,0.5603799999999999,-290.484359517236,3.0835990185646107,-135.4909936102423,0.5,1,-20,1,500,0.8,0.5,eff,1,35,10,10
5.327510845438027,-94.59076824889578,0.664380693404857,-375.51741771251386,0.5603799999999999,-268.3387348223839,3.0835990185646107,-133.4787402187041,0.5,1,-20,1,500,0.8,0.5,eq,0.5,35,5,10
7.482433334471366,-91.40332519353423,0.664380693404857,-389.92068950600054,0.5603799999999999,-293.2777893327125,3.0835990185646107,-135.74481750086053,0.5,1,-20,1,500,0.8,0.5,eff,0.5,6.5,10,10
5.327510845438027,-90.38986506758839,0.664380693404857,-355.31984670291115,0.5603799999999999,-253.19571199860763,3.0835990185646107,-132.10277546471062,0.5,1,-20,1,500,0.8,0.5,eff,1,6.5,5,10
5.327510845438027,-91.51466541437559,0.664380693404857,-356.44464704969835,0.5603799999999999,-254.49869570755607,3.0835990185646107,-132.2211705618722,0.5,1,-20,1,500,0.8,0.5,eff,1,35,5,10
5.327510845438027,-92.09914869793256,0.664380693404857,-357.02913033325535,0.5603799999999999,-255.17576893144917,3.0835990185646107,-132.28269255142422,0.5,1,-20,1,500,0.8,0.5,eff,0.5,6.5,5,10
7.482433334471366,-93.33965489659246,0.6968241909147566,-395.3227391976221,0.5603799999999999,-292.4515943411752,3.0835990185646107,-135.66974562112344,0.5,1,-20,1,500,0.8,1,eq,0.5,35,10,10
7.482433334471366,-91.40332519353423,0.6968241909147566,-393.3864094945639,0.5603799999999999,-290.185839250333,3.0835990185646107,-135.46386868476412,0.5,1,-20,1,500,0.8,1,eq,0.5,6.5,10,10
7.482433334471366,-88.99189763453363,0.6968241909147566,-390.9749819355633,0.5603799999999999,-287.3641584893161,3.0835990185646107,-135.20747778320086,0.5,1,-20,1,500,0.8,1,eq,1,35,10,10
5.327510845438027,-94.59076824889578,0.664380693404857,-359.52074988421856,0.5603799999999999,-258.0620942181697,3.0835990185646107,-132.54495735213823,0.5,1,-20,1,500,0.8,0.5,eff,0.5,35,5,10
7.482433334471366,-88.99189763453363,0.6968241909147566,-375.3466826445973,0.5603799999999999,-277.1806577596172,3.0835990185646107,-134.2821580343372,0.5,1,-20,1,500,0.8,1,eff,1,35,10,10
5.327510845438027,-92.09914869793256,0.6968241909147566,-360.62056755800916,0.5603799999999999,-251.84558497241412,3.0835990185646107,-131.98009670875322,0.5,1,-20,1,500,0.8,1,eq,0.5,6.5,5,10
7.482433334471366,-93.33965489659246,0.664380693404857,-391.85701920905893,0.5603799999999999,-295.5208594610153,3.0835990185646107,-135.94863317710949,0.5,1,-20,1,500,0.8,0.5,eff,0.5,35,10,10
5.327510845438027,-91.51466541437559,0.6968241909147566,-360.03608427445215,0.5603799999999999,-251.1616642673339,3.0835990185646107,-131.91795252554294,0.5,1,-20,1,500,0.8,1,eq,1,35,5,10
5.327510845438027,-92.09914869793256,0.6968241909147566,-345.3468528582333,0.5603799999999999,-242.46618909348476,3.0835990185646107,-131.12784162776003,0.5,1,-20,1,500,0.8,1,eff,0.5,6.5,5,10
5.327510845438027,-90.38986506758839,0.6968241909147566,-358.91128392766495,0.5603799999999999,-249.84550302289358,3.0835990185646107,-131.7983600568532,0.5,1,-20,1,500,0.8,1,eq,1,6.5,5,10
5.327510845438027,-90.38986506758839,0.6968241909147566,-343.6375692278891,0.5603799999999999,-240.48828210324208,3.0835990185646107,-130.94811989472677,0.5,1,-20,1,500,0.8,1,eff,1,6.5,5,10
5.327510845438027,-94.59076824889578,0.6968241909147566,-363.11218710897236,0.5603799999999999,-254.76110068951613,3.0835990185646107,-132.24501388632925,0.5,1,-20,1,500,0.8,1,eq,0.5,35,5,10
7.482433334471366,-88.99189763453363,0.6968241909147566,-390.9749819355633,0.5603799999999999,-287.3641584893161,3.0835990185646107,-135.20747778320086,0.5,1,-20,1,500,0.8,1,eq,1,6.5,10,10
5.327510845438027,-91.51466541437559,0.6968241909147566,-344.7623695746763,0.5603799999999999,-241.78985103542928,3.0835990185646107,-131.0663864387599,0.5,1,-20,1,500,0.8,1,eff,1,35,5,10
7.482433334471366,-88.99189763453363,0.6968241909147566,-375.3466826445973,0.5603799999999999,-277.1806577596172,3.0835990185646107,-134.2821580343372,0.5,1,-20,1,500,0.8,1,eff,1,6.5,10,10
7.482433334471366,-91.40332519353423,0.6968241909147566,-377.7581102035979,0.5603799999999999,-279.9710544738093,3.0835990185646107,-134.53570632341194,0.5,1,-20,1,500,0.8,1,eff,0.5,6.5,10,10
5.327510845438027,-94.59076824889578,0.6968241909147566,-347.8384724091965,0.5603799999999999,-245.34938041324057,3.0835990185646107,-131.38982166181069,0.5,1,-20,1,500,0.8,1,eff,0.5,35,5,10
7.482433334471366,-88.99189763453363,0.664380693404857,-403.83076835533024,0.8717022222222222,-301.5126281923738,3.239260129675722,-144.423009425385,0.5,1,-20,2,400,0.7,0.5,eq,1,6.5,10,10
7.482433334471366,-88.99189763453363,0.664380693404857,-403.83076835533024,0.8717022222222222,-301.5126281923738,3.239260129675722,-144.423009425385,0.5,1,-20,2,400,0.7,0.5,eq,1,35,10,10
5.327510845438027,-91.51466541437559,0.664380693404857,-372.44131487799365,0.8717022222222222,-264.7357676104655,3.239260129675722,-139.47458450546114,0.5,1,-20,2,400,0.7,0.5,eq,1,35,5,10
5.327510845438027,-90.38986506758839,0.664380693404857,-371.31651453120645,0.8717022222222222,-263.4179165180156,3.239260129675722,-139.29726411749323,0.5,1,-20,2,400,0.7,0.5,eq,1,6.5,5,10
7.482433334471366,-93.33965489659246,0.6968241909147566,-379.69443990665616,0.5603799999999999,-282.21168907938403,3.0835990185646107,-134.73930069685548,0.5,1,-20,1,500,0.8,1,eff,0.5,35,10,10
7.482433334471366,-91.40332519353423,0.664380693404857,-406.2421959143308,0.8717022222222222,-304.33793176773804,3.239260129675722,-144.80316157533656,0.5,1,-20,2,400,0.7,0.5,eq,0.5,6.5,10,10
5.327510845438027,-92.09914869793256,0.664380693404857,-373.02579816155065,0.8717022222222222,-265.4205664148981,3.239260129675722,-139.56672601551313,0.5,1,-20,2,400,0.7,0.5,eq,0.5,6.5,5,10
5.327510845438027,-90.38986506758839,0.664380693404857,-355.31984670291115,0.8717022222222222,-253.19670725468623,3.239260129675722,-137.92197308312737,0.5,1,-20,2,400,0.7,0.5,eff,1,6.5,5,10
7.482433334471366,-88.99189763453363,0.664380693404857,-387.50926194699997,0.8717022222222222,-290.4853547733943,3.239260129675722,-142.93926030373927,0.5,1,-20,2,400,0.7,0.5,eff,1,6.5,10,10
7.482433334471366,-91.40332519353423,0.664380693404857,-389.92068950600054,0.8717022222222222,-293.2787845883959,3.239260129675722,-143.31512375401468,0.5,1,-20,2,400,0.7,0.5,eff,0.5,6.5,10,10
7.482433334471366,-93.33965489659246,0.664380693404857,-408.178525617389,0.8717022222222222,-306.60659590926826,3.239260129675722,-145.1084164012042,0.5,1,-20,2,400,0.7,0.5,eq,0.5,35,10,10
5.327510845438027,-91.51466541437559,0.664380693404857,-356.44464704969835,0.8717022222222222,-254.4996909636445,3.239260129675722,-138.09729302489637,0.5,1,-20,2,400,0.7,0.5,eff,1,35,5,10
7.482433334471366,-88.99189763453363,0.6968241909147566,-390.9749819355633,0.8717022222222222,-287.3651878908091,3.239260129675722,-142.51943350743846,0.5,1,-20,2,400,0.7,1,eq,1,35,10,10
5.327510845438027,-94.59076824889578,0.664380693404857,-375.51741771251386,0.8717022222222222,-268.3398254240071,3.239260129675722,-139.95952012027945,0.5,1,-20,2,400,0.7,0.5,eq,0.5,35,5,10
5.327510845438027,-92.09914869793256,0.664380693404857,-357.02913033325535,0.8717022222222222,-255.1767641865959,3.239260129675722,-138.1883950373045,0.5,1,-20,2,400,0.7,0.5,eff,0.5,6.5,5,10
7.482433334471366,-88.99189763453363,0.664380693404857,-387.50926194699997,0.8717022222222222,-290.4853547733943,3.239260129675722,-142.93926030373927,0.5,1,-20,2,400,0.7,0.5,eff,1,35,10,10
7.482433334471366,-88.99189763453363,0.6968241909147566,-390.9749819355633,0.8717022222222222,-287.3651878908091,3.239260129675722,-142.51943350743846,0.5,1,-20,2,400,0.7,1,eq,1,6.5,10,10
7.482433334471366,-93.33965489659246,0.664380693404857,-391.85701920905893,0.8717022222222222,-295.52185471656736,3.239260129675722,-143.61693483695527,0.5,1,-20,2,400,0.7,0.5,eff,0.5,35,10,10
5.327510845438027,-90.38986506758839,0.6968241909147566,-358.91128392766495,0.8717022222222222,-249.84653242420552,3.239260129675722,-137.47119810247543,0.5,1,-20,2,400,0.7,1,eq,1,6.5,5,10
5.327510845438027,-94.59076824889578,0.664380693404857,-359.52074988421856,0.8717022222222222,-258.06308947359616,3.239260129675722,-138.57675782170776,0.5,1,-20,2,400,0.7,0.5,eff,0.5,35,5,10
5.327510845438027,-92.09914869793256,0.6968241909147566,-360.62056755800916,0.8717022222222222,-251.84661437372517,3.239260129675722,-137.74031447631197,0.5,1,-20,2,400,0.7,1,eq,0.5,6.5,5,10
5.327510845438027,-91.51466541437559,0.6968241909147566,-360.03608427445215,0.8717022222222222,-251.16269366851256,3.239260129675722,-137.64829111685773,0.5,1,-20,2,400,0.7,1,eq,1,35,5,10
7.482433334471366,-91.40332519353423,0.6968241909147566,-393.3864094945639,0.8717022222222222,-290.18686865043554,3.239260129675722,-142.8990981978464,0.5,1,-20,2,400,0.7,1,eq,0.5,6.5,10,10
7.482433334471366,-93.33965489659246,0.6968241909147566,-395.3227391976221,0.8717022222222222,-292.45262374137013,3.239260129675722,-143.2039616031785,0.5,1,-20,2,400,0.7,1,eq,0.5,35,10,10
7.482433334471366,-93.33965489659246,0.6968241909147566,-379.69443990665616,0.8717022222222222,-282.21262944104546,3.239260129675722,-141.82614299186037,0.5,1,-20,2,400,0.7,1,eff,0.5,35,10,10
5.327510845438027,-94.59076824889578,0.6968241909147566,-363.11218710897236,0.8717022222222222,-254.76213009088244,3.239260129675722,-138.13260491113778,0.5,1,-20,2,400,0.7,1,eq,0.5,35,5,10
5.327510845438027,-91.51466541437559,0.6968241909147566,-344.7623695746763,0.8717022222222222,-241.79079139538544,3.239260129675722,-136.38727660877737,0.5,1,-20,2,400,0.7,1,eff,1,35,5,10
7.482433334471366,-91.40332519353423,0.6968241909147566,-377.7581102035979,0.8717022222222222,-279.9719948343228,3.239260129675722,-141.5246596148425,0.5,1,-20,2,400,0.7,1,eff,0.5,6.5,10,10
7.482433334471366,-88.99189763453363,0.6968241909147566,-375.3466826445973,0.8717022222222222,-277.18159812113856,3.239260129675722,-141.149204276526,0.5,1,-20,2,400,0.7,1,eff,1,35,10,10
7.482433334471366,-88.99189763453363,0.6968241909147566,-375.3466826445973,0.8717022222222222,-277.18159812113856,3.239260129675722,-141.149204276526,0.5,1,-20,2,400,0.7,1,eff,1,6.5,10,10
5.327510845438027,-90.38986506758839,0.6968241909147566,-343.6375692278891,0.8717022222222222,-240.4892224646797,3.239260129675722,-136.2121470292049,0.5,1,-20,2,400,0.7,1,eff,1,6.5,5,10
5.327510845438027,-92.09914869793256,0.6968241909147566,-345.3468528582333,0.8717022222222222,-242.4671294541393,3.239260129675722,-136.4782797028772,0.5,1,-20,2,400,0.7,1,eff,0.5,6.5,5,10
7.482433334471366,-88.99189763453363,0.664380693404857,-403.83076835533024,0.8717022222222222,-301.5126281923738,3.239260129675722,-144.423009425385,0.5,1,-20,2,400,0.8,0.5,eq,1,6.5,10,10
5.327510845438027,-90.38986506758839,0.664380693404857,-371.31651453120645,0.8717022222222222,-263.4179165180156,3.239260129675722,-139.29726411749323,0.5,1,-20,2,400,0.8,0.5,eq,1,6.5,5,10
7.482433334471366,-91.40332519353423,0.664380693404857,-406.2421959143308,0.8717022222222222,-304.33793176773804,3.239260129675722,-144.80316157533656,0.5,1,-20,2,400,0.8,0.5,eq,0.5,6.5,10,10
7.482433334471366,-88.99189763453363,0.664380693404857,-403.83076835533024,0.8717022222222222,-301.5126281923738,3.239260129675722,-144.423009425385,0.5,1,-20,2,400,0.8,0.5,eq,1,35,10,10
5.327510845438027,-94.59076824889578,0.6968241909147566,-347.8384724091965,0.8717022222222222,-245.35032077388206,3.239260129675722,-136.86622080360678,0.5,1,-20,2,400,0.7,1,eff,0.5,35,5,10
5.327510845438027,-92.09914869793256,0.664380693404857,-373.02579816155065,0.8717022222222222,-265.4205664148981,3.239260129675722,-139.56672601551313,0.5,1,-20,2,400,0.8,0.5,eq,0.5,6.5,5,10
5.327510845438027,-91.51466541437559,0.664380693404857,-372.44131487799365,0.8717022222222222,-264.7357676104655,3.239260129675722,-139.47458450546114,0.5,1,-20,2,400,0.8,0.5,eq,1,35,5,10
7.482433334471366,-88.99189763453363,0.664380693404857,-387.50926194699997,0.8717022222222222,-290.4853547733943,3.239260129675722,-142.93926030373927,0.5,1,-20,2,400,0.8,0.5,eff,1,6.5,10,10
7.482433334471366,-93.33965489659246,0.664380693404857,-408.178525617389,0.8717022222222222,-306.60659590926826,3.239260129675722,-145.1084164012042,0.5,1,-20,2,400,0.8,0.5,eq,0.5,35,10,10
5.327510845438027,-91.51466541437559,0.664380693404857,-356.44464704969835,0.8717022222222222,-254.4996909636445,3.239260129675722,-138.09729302489637,0.5,1,-20,2,400,0.8,0.5,eff,1,35,5,10
5.327510845438027,-94.59076824889578,0.664380693404857,-375.51741771251386,0.8717022222222222,-268.3398254240071,3.239260129675722,-139.95952012027945,0.5,1,-20,2,400,0.8,0.5,eq,0.5,35,5,10
7.482433334471366,-91.40332519353423,0.664380693404857,-389.92068950600054,0.8717022222222222,-293.2787845883959,3.239260129675722,-143.31512375401468,0.5,1,-20,2,400,0.8,0.5,eff,0.5,6.5,10,10
7.482433334471366,-88.99189763453363,0.664380693404857,-387.50926194699997,0.8717022222222222,-290.4853547733943,3.239260129675722,-142.93926030373927,0.5,1,-20,2,400,0.8,0.5,eff,1,35,10,10
5.327510845438027,-91.51466541437559,0.6968241909147566,-360.03608427445215,0.8717022222222222,-251.16269366851256,3.239260129675722,-137.64829111685773,0.5,1,-20,2,400,0.8,1,eq,1,35,5,10
5.327510845438027,-90.38986506758839,0.6968241909147566,-358.91128392766495,0.8717022222222222,-249.84653242420552,3.239260129675722,-137.47119810247543,0.5,1,-20,2,400,0.8,1,eq,1,6.5,5,10
7.482433334471366,-88.99189763453363,0.6968241909147566,-390.9749819355633,0.8717022222222222,-287.3651878908091,3.239260129675722,-142.51943350743846,0.5,1,-20,2,400,0.8,1,eq,1,6.5,10,10
7.482433334471366,-93.33965489659246,0.6968241909147566,-395.3227391976221,0.8717022222222222,-292.45262374137013,3.239260129675722,-143.2039616031785,0.5,1,-20,2,400,0.8,1,eq,0.5,35,10,10
5.327510845438027,-92.09914869793256,0.664380693404857,-357.02913033325535,0.8717022222222222,-255.1767641865959,3.239260129675722,-138.1883950373045,0.5,1,-20,2,400,0.8,0.5,eff,0.5,6.5,5,10
5.327510845438027,-90.38986506758839,0.664380693404857,-355.31984670291115,0.8717022222222222,-253.19670725468623,3.239260129675722,-137.92197308312737,0.5,1,-20,2,400,0.8,0.5,eff,1,6.5,5,10
7.482433334471366,-93.33965489659246,0.664380693404857,-391.85701920905893,0.8717022222222222,-295.52185471656736,3.239260129675722,-143.61693483695527,0.5,1,-20,2,400,0.8,0.5,eff,0.5,35,10,10
5.327510845438027,-94.59076824889578,0.664380693404857,-359.52074988421856,0.8717022222222222,-258.06308947359616,3.239260129675722,-138.57675782170776,0.5,1,-20,2,400,0.8,0.5,eff,0.5,35,5,10
7.482433334471366,-88.99189763453363,0.6968241909147566,-390.9749819355633,0.8717022222222222,-287.3651878908091,3.239260129675722,-142.51943350743846,0.5,1,-20,2,400,0.8,1,eq,1,35,10,10
7.482433334471366,-91.40332519353423,0.6968241909147566,-393.3864094945639,0.8717022222222222,-290.18686865043554,3.239260129675722,-142.8990981978464,0.5,1,-20,2,400,0.8,1,eq,0.5,6.5,10,10
5.327510845438027,-94.59076824889578,0.6968241909147566,-363.11218710897236,0.8717022222222222,-254.76213009088244,3.239260129675722,-138.13260491113778,0.5,1,-20,2,400,0.8,1,eq,0.5,35,5,10
7.482433334471366,-88.99189763453363,0.6968241909147566,-375.3466826445973,0.8717022222222222,-277.18159812113856,3.239260129675722,-141.149204276526,0.5,1,-20,2,400,0.8,1,eff,1,35,10,10
5.327510845438027,-92.09914869793256,0.6968241909147566,-360.62056755800916,0.8717022222222222,-251.84661437372517,3.239260129675722,-137.74031447631197,0.5,1,-20,2,400,0.8,1,eq,0.5,6.5,5,10
7.482433334471366,-88.99189763453363,0.6968241909147566,-375.3466826445973,0.8717022222222222,-277.18159812113856,3.239260129675722,-141.149204276526,0.5,1,-20,2,400,0.8,1,eff,1,6.5,10,10
5.327510845438027,-90.38986506758839,0.6968241909147566,-343.6375692278891,0.8717022222222222,-240.4892224646797,3.239260129675722,-136.2121470292049,0.5,1,-20,2,400,0.8,1,eff,1,6.5,5,10
7.482433334471366,-93.33965489659246,0.6968241909147566,-379.69443990665616,0.8717022222222222,-282.21262944104546,3.239260129675722,-141.82614299186037,0.5,1,-20,2,400,0.8,1,eff,0.5,35,10,10
5.327510845438027,-91.51466541437559,0.6968241909147566,-344.7623695746763,0.8717022222222222,-241.79079139538544,3.239260129675722,-136.38727660877737,0.5,1,-20,2,400,0.8,1,eff,1,35,5,10
7.482433334471366,-91.40332519353423,0.6968241909147566,-377.7581102035979,0.8717022222222222,-279.9719948343228,3.239260129675722,-141.5246596148425,0.5,1,-20,2,400,0.8,1,eff,0.5,6.5,10,10
7.482433334471366,-88.99189763453363,0.664380693404857,-403.83076835533024,1.1207599999999998,-301.51350067422493,3.363789018564611,-150.2386787478207,0.5,1,-20,2,500,0.7,0.5,eq,1,35,10,10
5.327510845438027,-90.38986506758839,0.664380693404857,-371.31651453120645,1.1207599999999998,-263.4187889998586,3.363789018564611,-143.89240839309113,0.5,1,-20,2,500,0.7,0.5,eq,1,6.5,5,10
5.327510845438027,-92.09914869793256,0.6968241909147566,-345.3468528582333,0.8717022222222222,-242.4671294541393,3.239260129675722,-136.4782797028772,0.5,1,-20,2,400,0.8,1,eff,0.5,6.5,5,10
7.482433334471366,-91.40332519353423,0.664380693404857,-406.2421959143308,1.1207599999999998,-304.33880424948325,3.363789018564611,-150.7093514353065,0.5,1,-20,2,500,0.7,0.5,eq,0.5,6.5,10,10
7.482433334471366,-88.99189763453363,0.664380693404857,-403.83076835533024,1.1207599999999998,-301.51350067422493,3.363789018564611,-150.2386787478207,0.5,1,-20,2,500,0.7,0.5,eq,1,6.5,10,10
5.327510845438027,-94.59076824889578,0.6968241909147566,-347.8384724091965,0.8717022222222222,-245.35032077388206,3.239260129675722,-136.86622080360678,0.5,1,-20,2,400,0.8,1,eff,0.5,35,5,10
5.327510845438027,-91.51466541437559,0.664380693404857,-372.44131487799365,1.1207599999999998,-264.73664009218675,3.363789018564611,-144.1119517089896,0.5,1,-20,2,500,0.7,0.5,eq,1,35,5,10
5.327510845438027,-92.09914869793256,0.664380693404857,-373.02579816155065,1.1207599999999998,-265.4214388967416,3.363789018564611,-144.22603364218423,0.5,1,-20,2,500,0.7,0.5,eq,0.5,6.5,5,10
7.482433334471366,-93.33965489659246,0.664380693404857,-408.178525617389,1.1207599999999998,-306.6074683911206,3.363789018564611,-151.0872925025596,0.5,1,-20,2,500,0.7,0.5,eq,0.5,35,10,10
5.327510845438027,-90.38986506758839,0.664380693404857,-355.31984670291115,1.1207599999999998,-253.1975034590942,3.363789018564611,-142.1896250259649,0.5,1,-20,2,500,0.7,0.5,eff,1,6.5,5,10
7.482433334471366,-88.99189763453363,0.664380693404857,-387.50926194699997,1.1207599999999998,-290.4861509778092,3.363789018564611,-148.40161162239352,0.5,1,-20,2,500,0.7,0.5,eff,1,6.5,10,10
5.327510845438027,-91.51466541437559,0.664380693404857,-356.44464704969835,1.1207599999999998,-254.5004871680946,3.363789018564611,-142.40669155624363,0.5,1,-20,2,500,0.7,0.5,eff,1,35,5,10
5.327510845438027,-94.59076824889578,0.664380693404857,-375.51741771251386,1.1207599999999998,-268.3406979052487,3.363789018564611,-144.7123585437041,0.5,1,-20,2,500,0.7,0.5,eq,0.5,35,5,10
7.482433334471366,-88.99189763453363,0.664380693404857,-387.50926194699997,1.1207599999999998,-290.4861509778092,3.363789018564611,-148.40161162239352,0.5,1,-20,2,500,0.7,0.5,eff,1,35,10,10
7.482433334471366,-91.40332519353423,0.664380693404857,-389.92068950600054,1.1207599999999998,-293.2795807928102,3.363789018564611,-148.86697439963405,0.5,1,-20,2,500,0.7,0.5,eff,0.5,6.5,10,10
5.327510845438027,-92.09914869793256,0.664380693404857,-357.02913033325535,1.1207599999999998,-255.17756039104594,3.363789018564611,-142.519486470129,0.5,1,-20,2,500,0.7,0.5,eff,0.5,6.5,5,10
7.482433334471366,-93.33965489659246,0.664380693404857,-391.85701920905893,1.1207599999999998,-295.5226509211184,3.363789018564611,-149.24065171160706,0.5,1,-20,2,500,0.7,0.5,eff,0.5,35,10,10
5.327510845438027,-91.51466541437559,0.6968241909147566,-360.03608427445215,1.1207599999999998,-251.16351718940317,3.363789018564611,-141.85077939102197,0.5,1,-20,2,500,0.7,1,eq,1,35,5,10
7.482433334471366,-88.99189763453363,0.6968241909147566,-390.9749819355633,1.1207599999999998,-287.3660114116878,3.363789018564611,-147.88182164733476,0.5,1,-20,2,500,0.7,1,eq,1,6.5,10,10
5.327510845438027,-90.38986506758839,0.6968241909147566,-358.91128392766495,1.1207599999999998,-249.84735594494762,3.363789018564611,-141.6315175900893,0.5,1,-20,2,500,0.7,1,eq,1,6.5,5,10
5.327510845438027,-94.59076824889578,0.664380693404857,-359.52074988421856,1.1207599999999998,-258.0638856780041,3.363789018564611,-143.00032488043922,0.5,1,-20,2,500,0.7,0.5,eff,0.5,35,5,10
7.482433334471366,-91.40332519353423,0.6968241909147566,-393.3864094945639,1.1207599999999998,-290.1876921714714,3.363789018564611,-148.3518908031114,0.5,1,-20,2,500,0.7,1,eq,0.5,6.5,10,10
7.482433334471366,-88.99189763453363,0.6968241909147566,-390.9749819355633,1.1207599999999998,-287.3660114116878,3.363789018564611,-147.88182164733476,0.5,1,-20,2,500,0.7,1,eq,1,35,10,10
5.327510845438027,-92.09914869793256,0.6968241909147566,-360.62056755800916,1.1207599999999998,-251.84743789448788,3.363789018564611,-141.96471503995843,0.5,1,-20,2,500,0.7,1,eq,0.5,6.5,5,10
5.327510845438027,-90.38986506758839,0.6968241909147566,-343.6375692278891,1.1207599999999998,-240.4899747528546,3.363789018564611,-140.07265368885024,0.5,1,-20,2,500,0.7,1,eff,1,6.5,5,10
7.482433334471366,-88.99189763453363,0.6968241909147566,-375.3466826445973,1.1207599999999998,-277.1823504091214,3.363789018564611,-146.18530622347092,0.5,1,-20,2,500,0.7,1,eff,1,6.5,10,10
5.327510845438027,-91.51466541437559,0.6968241909147566,-344.7623695746763,1.1207599999999998,-241.7915436850422,3.363789018564611,-140.28948452877322,0.5,1,-20,2,500,0.7,1,eff,1,35,5,10
5.327510845438027,-94.59076824889578,0.6968241909147566,-363.11218710897236,1.1207599999999998,-254.76295361161934,3.363789018564611,-142.4504163394601,0.5,1,-20,2,500,0.7,1,eq,0.5,35,5,10
7.482433334471366,-93.33965489659246,0.6968241909147566,-395.3227391976221,1.1207599999999998,-292.45344726230263,3.363789018564611,-148.7293472460668,0.5,1,-20,2,500,0.7,1,eq,0.5,35,10,10
7.482433334471366,-88.99189763453363,0.6968241909147566,-375.3466826445973,1.1207599999999998,-277.1823504091214,3.363789018564611,-146.18530622347092,0.5,1,-20,2,500,0.7,1,eff,1,35,10,10
5.327510845438027,-94.59076824889578,0.6968241909147566,-347.8384724091965,1.1207599999999998,-245.3510730628545,3.363789018564611,-140.88247328690574,0.5,1,-20,2,500,0.7,1,eff,0.5,35,5,10
7.482433334471366,-93.33965489659246,0.6968241909147566,-379.69443990665616,1.1207599999999998,-282.21338172900585,3.363789018564611,-147.02343528432394,0.5,1,-20,2,500,0.7,1,eff,0.5,35,10,10
7.482433334471366,-91.40332519353423,0.6968241909147566,-377.7581102035979,1.1207599999999998,-279.97274712229523,3.363789018564611,-146.65016371051865,0.5,1,-20,2,500,0.7,1,eff,0.5,6.5,10,10
7.482433334471366,-88.99189763453363,0.664380693404857,-403.83076835533024,1.1207599999999998,-301.51350067422493,3.363789018564611,-150.2386787478207,0.5,1,-20,2,500,0.8,0.5,eq,1,6.5,10,10
5.327510845438027,-92.09914869793256,0.6968241909147566,-345.3468528582333,1.1207599999999998,-242.4678817430978,3.363789018564611,-140.40215697014258,0.5,1,-20,2,500,0.7,1,eff,0.5,6.5,5,10
5.327510845438027,-91.51466541437559,0.664380693404857,-372.44131487799365,1.1207599999999998,-264.73664009218675,3.363789018564611,-144.1119517089896,0.5,1,-20,2,500,0.8,0.5,eq,1,35,5,10
7.482433334471366,-88.99189763453363,0.664380693404857,-403.83076835533024,1.1207599999999998,-301.51350067422493,3.363789018564611,-150.2386787478207,0.5,1,-20,2,500,0.8,0.5,eq,1,35,10,10
5.327510845438027,-90.38986506758839,0.664380693404857,-371.31651453120645,1.1207599999999998,-263.4187889998586,3.363789018564611,-143.89240839309113,0.5,1,-20,2,500,0.8,0.5,eq,1,6.5,5,10
7.482433334471366,-91.40332519353423,0.664380693404857,-406.2421959143308,1.1207599999999998,-304.33880424948325,3.363789018564611,-150.7093514353065,0.5,1,-20,2,500,0.8,0.5,eq,0.5,6.5,10,10
5.327510845438027,-92.09914869793256,0.664380693404857,-373.02579816155065,1.1207599999999998,-265.4214388967416,3.363789018564611,-144.22603364218423,0.5,1,-20,2,500,0.8,0.5,eq,0.5,6.5,5,10
7.482433334471366,-93.33965489659246,0.664380693404857,-408.178525617389,1.1207599999999998,-306.6074683911206,3.363789018564611,-151.0872925025596,0.5,1,-20,2,500,0.8,0.5,eq,0.5,35,10,10
5.327510845438027,-90.38986506758839,0.664380693404857,-355.31984670291115,1.1207599999999998,-253.1975034590942,3.363789018564611,-142.1896250259649,0.5,1,-20,2,500,0.8,0.5,eff,1,6.5,5,10
7.482433334471366,-88.99189763453363,0.664380693404857,-387.50926194699997,1.1207599999999998,-290.4861509778092,3.363789018564611,-148.40161162239352,0.5,1,-20,2,500,0.8,0.5,eff,1,6.5,10,10
5.327510845438027,-94.59076824889578,0.664380693404857,-375.51741771251386,1.1207599999999998,-268.3406979052487,3.363789018564611,-144.7123585437041,0.5,1,-20,2,500,0.8,0.5,eq,0.5,35,5,10
7.482433334471366,-93.33965489659246,0.664380693404857,-391.85701920905893,1.1207599999999998,-295.5226509211184,3.363789018564611,-149.24065171160706,0.5,1,-20,2,500,0.8,0.5,eff,0.5,35,10,10
7.482433334471366,-88.99189763453363,0.664380693404857,-387.50926194699997,1.1207599999999998,-290.4861509778092,3.363789018564611,-148.40161162239352,0.5,1,-20,2,500,0.8,0.5,eff,1,35,10,10
5.327510845438027,-91.51466541437559,0.664380693404857,-356.44464704969835,1.1207599999999998,-254.5004871680946,3.363789018564611,-142.40669155624363,0.5,1,-20,2,500,0.8,0.5,eff,1,35,5,10
7.482433334471366,-91.40332519353423,0.664380693404857,-389.92068950600054,1.1207599999999998,-293.2795807928102,3.363789018564611,-148.86697439963405,0.5,1,-20,2,500,0.8,0.5,eff,0.5,6.5,10,10
5.327510845438027,-91.51466541437559,0.6968241909147566,-360.03608427445215,1.1207599999999998,-251.16351718940317,3.363789018564611,-141.85077939102197,0.5,1,-20,2,500,0.8,1,eq,1,35,5,10
5.327510845438027,-90.38986506758839,0.6968241909147566,-358.91128392766495,1.1207599999999998,-249.84735594494762,3.363789018564611,-141.6315175900893,0.5,1,-20,2,500,0.8,1,eq,1,6.5,5,10
7.482433334471366,-91.40332519353423,0.6968241909147566,-393.3864094945639,1.1207599999999998,-290.1876921714714,3.363789018564611,-148.3518908031114,0.5,1,-20,2,500,0.8,1,eq,0.5,6.5,10,10
5.327510845438027,-94.59076824889578,0.664380693404857,-359.52074988421856,1.1207599999999998,-258.0638856780041,3.363789018564611,-143.00032488043922,0.5,1,-20,2,500,0.8,0.5,eff,0.5,35,5,10
7.482433334471366,-88.99189763453363,0.6968241909147566,-390.9749819355633,1.1207599999999998,-287.3660114116878,3.363789018564611,-147.88182164733476,0.5,1,-20,2,500,0.8,1,eq,1,6.5,10,10
7.482433334471366,-88.99189763453363,0.6968241909147566,-390.9749819355633,1.1207599999999998,-287.3660114116878,3.363789018564611,-147.88182164733476,0.5,1,-20,2,500,0.8,1,eq,1,35,10,10
7.482433334471366,-93.33965489659246,0.6968241909147566,-395.3227391976221,1.1207599999999998,-292.45344726230263,3.363789018564611,-148.7293472460668,0.5,1,-20,2,500,0.8,1,eq,0.5,35,10,10
5.327510845438027,-92.09914869793256,0.664380693404857,-357.02913033325535,1.1207599999999998,-255.17756039104594,3.363789018564611,-142.519486470129,0.5,1,-20,2,500,0.8,0.5,eff,0.5,6.5,5,10
7.482433334471366,-88.99189763453363,0.6968241909147566,-375.3466826445973,1.1207599999999998,-277.1823504091214,3.363789018564611,-146.18530622347092,0.5,1,-20,2,500,0.8,1,eff,1,6.5,10,10
5.327510845438027,-92.09914869793256,0.6968241909147566,-360.62056755800916,1.1207599999999998,-251.84743789448788,3.363789018564611,-141.96471503995843,0.5,1,-20,2,500,0.8,1,eq,0.5,6.5,5,10
5.327510845438027,-90.38986506758839,0.6968241909147566,-343.6375692278891,1.1207599999999998,-240.4899747528546,3.363789018564611,-140.07265368885024,0.5,1,-20,2,500,0.8,1,eff,1,6.5,5,10
5.327510845438027,-94.59076824889578,0.6968241909147566,-363.11218710897236,1.1207599999999998,-254.76295361161934,3.363789018564611,-142.4504163394601,0.5,1,-20,2,500,0.8,1,eq,0.5,35,5,10
7.482433334471366,-88.99189763453363,0.6968241909147566,-375.3466826445973,1.1207599999999998,-277.1823504091214,3.363789018564611,-146.18530622347092,0.5,1,-20,2,500,0.8,1,eff,1,35,10,10
7.482433334471366,-91.40332519353423,0.6968241909147566,-377.7581102035979,1.1207599999999998,-279.97274712229523,3.363789018564611,-146.65016371051865,0.5,1,-20,2,500,0.8,1,eff,0.5,6.5,10,10
7.482433334471366,-93.33965489659246,0.6968241909147566,-379.69443990665616,1.1207599999999998,-282.21338172900585,3.363789018564611,-147.02343528432394,0.5,1,-20,2,500,0.8,1,eff,0.5,35,10,10
5.327510845438027,-91.51466541437559,0.6968241909147566,-344.7623695746763,1.1207599999999998,-241.7915436850422,3.363789018564611,-140.28948452877322,0.5,1,-20,2,500,0.8,1,eff,1,35,5,10
5.327510845438027,-92.09914869793256,0.6968241909147566,-345.3468528582333,1.1207599999999998,-242.4678817430978,3.363789018564611,-140.40215697014258,0.5,1,-20,2,500,0.8,1,eff,0.5,6.5,5,10
5.327510845438027,-94.59076824889578,0.6968241909147566,-347.8384724091965,1.1207599999999998,-245.3510730628545,3.363789018564611,-140.88247328690574,0.5,1,-20,2,500,0.8,1,eff,0.5,35,5,10
5.327510845438027,-92.09914869793256,1.6648435882347152,-231.569629959489,0.4358511111111111,-122.77262590088671,3.0213345741201665,-120.19998647120178,0.5,1,-10,1,400,0.7,0.5,eq,0.5,6.5,5,10
7.482433334471366,-88.99189763453363,1.6648435882347152,-262.3746001532685,0.4358511111111111,-157.93908893090685,3.0213345741201665,-122.73650495491617,0.5,1,-10,1,400,0.7,0.5,eq,1,6.5,10,10
7.482433334471366,-93.33965489659246,1.6648435882347152,-266.7223574153273,0.4358511111111111,-162.9024193299648,3.0213345741201665,-123.09450454353687,0.5,1,-10,1,400,0.7,0.5,eq,0.5,35,10,10
5.327510845438027,-90.38986506758839,1.6648435882347152,-229.86034632914482,0.4358511111111111,-120.82133494967954,3.0213345741201665,-120.05924199085372,0.5,1,-10,1,400,0.7,0.5,eq,1,6.5,5,10
7.482433334471366,-88.99189763453363,1.6648435882347152,-262.3746001532685,0.4358511111111111,-157.93908893090685,3.0213345741201665,-122.73650495491617,0.5,1,-10,1,400,0.7,0.5,eq,1,35,10,10
5.327510845438027,-91.51466541437559,1.6648435882347152,-230.98514667593201,0.4358511111111111,-122.10538909927648,3.0213345741201665,-120.15185941108619,0.5,1,-10,1,400,0.7,0.5,eq,1,35,5,10
7.482433334471366,-91.40332519353423,1.6648435882347152,-264.78602771226906,0.4358511111111111,-160.69193620064652,3.0213345741201665,-122.93506481510386,0.5,1,-10,1,400,0.7,0.5,eq,0.5,6.5,10,10
5.327510845438027,-90.38986506758839,1.6648435882347152,-223.70271607128953,0.4358511111111111,-120.34212812671159,3.0213345741201665,-120.0246773272724,0.5,1,-10,1,400,0.7,0.5,eff,1,6.5,5,10
7.482433334471366,-91.40332519353423,1.6648435882347152,-258.303558874379,0.4358511111111111,-159.54994218606237,3.0213345741201665,-122.85269403690502,0.5,1,-10,1,400,0.7,0.5,eff,0.5,6.5,10,10
5.327510845438027,-94.59076824889578,1.6648435882347152,-234.0612495104522,0.4358511111111111,-125.61701907112091,3.0213345741201665,-120.40514943698233,0.5,1,-10,1,400,0.7,0.5,eq,0.5,35,5,10
5.327510845438027,-92.09914869793256,1.6648435882347152,-225.4119997016337,0.4358511111111111,-122.27899640306683,3.0213345741201665,-120.16438151587106,0.5,1,-10,1,400,0.7,0.5,eff,0.5,6.5,5,10
7.482433334471366,-93.33965489659246,1.6648435882347152,-260.2398885774373,0.4358511111111111,-161.74408686075722,3.0213345741201665,-123.01095529049077,0.5,1,-10,1,400,0.7,0.5,eff,0.5,35,10,10
7.482433334471366,-88.99189763453363,1.6648435882347152,-255.8921313153784,0.4358511111111111,-156.81744217503797,3.0213345741201665,-122.65560180221546,0.5,1,-10,1,400,0.7,0.5,eff,1,35,10,10
5.327510845438027,-90.38986506758839,1.7398467296524174,-221.81305413680974,0.4358511111111111,-112.80375917958777,3.0213345741201665,-119.48094302692158,0.5,1,-10,1,400,0.7,1,eq,1,6.5,5,10
5.327510845438027,-94.59076824889578,1.6648435882347152,-227.9036192525969,0.4358511111111111,-125.10236566612448,3.0213345741201665,-120.3680280502405,0.5,1,-10,1,400,0.7,0.5,eff,0.5,35,5,10
7.482433334471366,-88.99189763453363,1.6648435882347152,-255.8921313153784,0.4358511111111111,-156.81744217503797,3.0213345741201665,-122.65560180221546,0.5,1,-10,1,400,0.7,0.5,eff,1,6.5,10,10
5.327510845438027,-91.51466541437559,1.6648435882347152,-224.82751641807673,0.4358511111111111,-121.61669138239984,3.0213345741201665,-120.1166101797163,0.5,1,-10,1,400,0.7,0.5,eff,1,35,5,10
7.482433334471366,-88.99189763453363,1.7398467296524174,-253.87675214470806,0.4358511111111111,-149.3589948308771,3.0213345741201665,-122.11763215960103,0.5,1,-10,1,400,0.7,1,eq,1,6.5,10,10
5.327510845438027,-92.09914869793256,1.7398467296524174,-223.5223377671539,0.4358511111111111,-114.75248218374331,3.0213345741201665,-119.62150228405987,0.5,1,-10,1,400,0.7,1,eq,0.5,6.5,5,10
7.482433334471366,-91.40332519353423,1.7398467296524174,-256.28817970370864,0.4358511111111111,-152.10821928531385,3.0213345741201665,-122.31593071008673,0.5,1,-10,1,400,0.7,1,eq,0.5,6.5,10,10
5.327510845438027,-91.51466541437559,1.7398467296524174,-217.14062534001079,0.4358511111111111,-113.90012928874607,3.0213345741201665,-119.5600230027638,0.5,1,-10,1,400,0.7,1,eff,1,35,5,10
7.482433334471366,-88.99189763453363,1.7398467296524174,-253.87675214470806,0.4358511111111111,-149.3589948308771,3.0213345741201665,-122.11763215960103,0.5,1,-10,1,400,0.7,1,eq,1,35,10,10
5.327510845438027,-91.51466541437559,1.7398467296524174,-222.93785448359694,0.4358511111111111,-114.08612348229514,3.0213345741201665,-119.57343856034764,0.5,1,-10,1,400,0.7,1,eq,1,35,5,10
5.327510845438027,-94.59076824889578,1.7398467296524174,-226.01395731811712,0.4358511111111111,-117.59313206185224,3.0213345741201665,-119.82639525027683,0.5,1,-10,1,400,0.7,1,eq,0.5,35,5,10
7.482433334471366,-88.99189763453363,1.6648435882347152,-262.3746001532685,0.4358511111111111,-157.93908893090685,3.0213345741201665,-122.73650495491617,0.5,1,-10,1,400,0.8,0.5,eq,1,6.5,10,10
7.482433334471366,-93.33965489659246,1.7398467296524174,-258.2245094067669,0.4358511111111111,-154.31579336459282,3.0213345741201665,-122.47516061192465,0.5,1,-10,1,400,0.7,1,eq,0.5,35,10,10
5.327510845438027,-94.59076824889578,1.7398467296524174,-220.21672817453097,0.4358511111111111,-117.38189848451991,3.0213345741201665,-119.81115920356878,0.5,1,-10,1,400,0.7,1,eff,0.5,35,5,10
7.482433334471366,-93.33965489659246,1.7398467296524174,-252.0726956719906,0.4358511111111111,-153.43892658154996,3.0213345741201665,-122.41191317071775,0.5,1,-10,1,400,0.7,1,eff,0.5,35,10,10
5.327510845438027,-92.09914869793256,1.7398467296524174,-217.72510862356776,0.4358511111111111,-114.56169231253622,3.0213345741201665,-119.60774081949599,0.5,1,-10,1,400,0.7,1,eff,0.5,6.5,5,10
7.482433334471366,-88.99189763453363,1.7398467296524174,-247.72493840993175,0.4358511111111111,-148.5178013394756,3.0213345741201665,-122.05695779387094,0.5,1,-10,1,400,0.7,1,eff,1,6.5,10,10
7.482433334471366,-88.99189763453363,1.7398467296524174,-247.72493840993175,0.4358511111111111,-148.5178013394756,3.0213345741201665,-122.05695779387094,0.5,1,-10,1,400,0.7,1,eff,1,35,10,10
5.327510845438027,-90.38986506758839,1.7398467296524174,-216.0158249932236,0.4358511111111111,-112.62699395836894,3.0213345741201665,-119.46819314500945,0.5,1,-10,1,400,0.7,1,eff,1,6.5,5,10
7.482433334471366,-91.40332519353423,1.6648435882347152,-264.78602771226906,0.4358511111111111,-160.69193620064652,3.0213345741201665,-122.93506481510386,0.5,1,-10,1,400,0.8,0.5,eq,0.5,6.5,10,10
7.482433334471366,-91.40332519353423,1.7398467296524174,-250.13636596893235,0.4358511111111111,-151.24724006270176,3.0213345741201665,-122.25382922122252,0.5,1,-10,1,400,0.7,1,eff,0.5,6.5,10,10
5.327510845438027,-91.51466541437559,1.6648435882347152,-230.98514667593201,0.4358511111111111,-122.10538909927648,3.0213345741201665,-120.15185941108619,0.5,1,-10,1,400,0.8,0.5,eq,1,35,5,10
7.482433334471366,-88.99189763453363,1.6648435882347152,-262.3746001532685,0.4358511111111111,-157.93908893090685,3.0213345741201665,-122.73650495491617,0.5,1,-10,1,400,0.8,0.5,eq,1,35,10,10
5.327510845438027,-92.09914869793256,1.6648435882347152,-231.569629959489,0.4358511111111111,-122.77262590088671,3.0213345741201665,-120.19998647120178,0.5,1,-10,1,400,0.8,0.5,eq,0.5,6.5,5,10
7.482433334471366,-93.33965489659246,1.6648435882347152,-266.7223574153273,0.4358511111111111,-162.9024193299648,3.0213345741201665,-123.09450454353687,0.5,1,-10,1,400,0.8,0.5,eq,0.5,35,10,10
5.327510845438027,-90.38986506758839,1.6648435882347152,-229.86034632914482,0.4358511111111111,-120.82133494967954,3.0213345741201665,-120.05924199085372,0.5,1,-10,1,400,0.8,0.5,eq,1,6.5,5,10
5.327510845438027,-94.59076824889578,1.6648435882347152,-234.0612495104522,0.4358511111111111,-125.61701907112091,3.0213345741201665,-120.40514943698233,0.5,1,-10,1,400,0.8,0.5,eq,0.5,35,5,10
5.327510845438027,-90.38986506758839,1.6648435882347152,-223.70271607128953,0.4358511111111111,-120.34212812671159,3.0213345741201665,-120.0246773272724,0.5,1,-10,1,400,0.8,0.5,eff,1,6.5,5,10
5.327510845438027,-91.51466541437559,1.6648435882347152,-224.82751641807673,0.4358511111111111,-121.61669138239984,3.0213345741201665,-120.1166101797163,0.5,1,-10,1,400,0.8,0.5,eff,1,35,5,10
7.482433334471366,-88.99189763453363,1.6648435882347152,-255.8921313153784,0.4358511111111111,-156.81744217503797,3.0213345741201665,-122.65560180221546,0.5,1,-10,1,400,0.8,0.5,eff,1,6.5,10,10
7.482433334471366,-88.99189763453363,1.6648435882347152,-255.8921313153784,0.4358511111111111,-156.81744217503797,3.0213345741201665,-122.65560180221546,0.5,1,-10,1,400,0.8,0.5,eff,1,35,10,10
5.327510845438027,-92.09914869793256,1.6648435882347152,-225.4119997016337,0.4358511111111111,-122.27899640306683,3.0213345741201665,-120.16438151587106,0.5,1,-10,1,400,0.8,0.5,eff,0.5,6.5,5,10
7.482433334471366,-91.40332519353423,1.6648435882347152,-258.303558874379,0.4358511111111111,-159.54994218606237,3.0213345741201665,-122.85269403690502,0.5,1,-10,1,400,0.8,0.5,eff,0.5,6.5,10,10
5.327510845438027,-91.51466541437559,1.7398467296524174,-222.93785448359694,0.4358511111111111,-114.08612348229514,3.0213345741201665,-119.57343856034764,0.5,1,-10,1,400,0.8,1,eq,1,35,5,10
7.482433334471366,-88.99189763453363,1.7398467296524174,-253.87675214470806,0.4358511111111111,-149.3589948308771,3.0213345741201665,-122.11763215960103,0.5,1,-10,1,400,0.8,1,eq,1,6.5,10,10
7.482433334471366,-93.33965489659246,1.6648435882347152,-260.2398885774373,0.4358511111111111,-161.74408686075722,3.0213345741201665,-123.01095529049077,0.5,1,-10,1,400,0.8,0.5,eff,0.5,35,10,10
5.327510845438027,-94.59076824889578,1.6648435882347152,-227.9036192525969,0.4358511111111111,-125.10236566612448,3.0213345741201665,-120.3680280502405,0.5,1,-10,1,400,0.8,0.5,eff,0.5,35,5,10
5.327510845438027,-90.38986506758839,1.7398467296524174,-216.0158249932236,0.4358511111111111,-112.62699395836894,3.0213345741201665,-119.46819314500945,0.5,1,-10,1,400,0.8,1,eff,1,6.5,5,10
7.482433334471366,-88.99189763453363,1.7398467296524174,-253.87675214470806,0.4358511111111111,-149.3589948308771,3.0213345741201665,-122.11763215960103,0.5,1,-10,1,400,0.8,1,eq,1,35,10,10
7.482433334471366,-91.40332519353423,1.7398467296524174,-256.28817970370864,0.4358511111111111,-152.10821928531385,3.0213345741201665,-122.31593071008673,0.5,1,-10,1,400,0.8,1,eq,0.5,6.5,10,10
5.327510845438027,-94.59076824889578,1.7398467296524174,-226.01395731811712,0.4358511111111111,-117.59313206185224,3.0213345741201665,-119.82639525027683,0.5,1,-10,1,400,0.8,1,eq,0.5,35,5,10
5.327510845438027,-92.09914869793256,1.7398467296524174,-223.5223377671539,0.4358511111111111,-114.75248218374331,3.0213345741201665,-119.62150228405987,0.5,1,-10,1,400,0.8,1,eq,0.5,6.5,5,10
7.482433334471366,-88.99189763453363,1.7398467296524174,-247.72493840993175,0.4358511111111111,-148.5178013394756,3.0213345741201665,-122.05695779387094,0.5,1,-10,1,400,0.8,1,eff,1,6.5,10,10
7.482433334471366,-93.33965489659246,1.7398467296524174,-258.2245094067669,0.4358511111111111,-154.31579336459282,3.0213345741201665,-122.47516061192465,0.5,1,-10,1,400,0.8,1,eq,0.5,35,10,10
7.482433334471366,-88.99189763453363,1.7398467296524174,-247.72493840993175,0.4358511111111111,-148.5178013394756,3.0213345741201665,-122.05695779387094,0.5,1,-10,1,400,0.8,1,eff,1,35,10,10
5.327510845438027,-90.38986506758839,1.7398467296524174,-221.81305413680974,0.4358511111111111,-112.80375917958777,3.0213345741201665,-119.48094302692158,0.5,1,-10,1,400,0.8,1,eq,1,6.5,5,10
7.482433334471366,-93.33965489659246,1.7398467296524174,-252.0726956719906,0.4358511111111111,-153.43892658154996,3.0213345741201665,-122.41191317071775,0.5,1,-10,1,400,0.8,1,eff,0.5,35,10,10
5.327510845438027,-91.51466541437559,1.7398467296524174,-217.14062534001079,0.4358511111111111,-113.90012928874607,3.0213345741201665,-119.5600230027638,0.5,1,-10,1,400,0.8,1,eff,1,35,5,10
7.482433334471366,-91.40332519353423,1.7398467296524174,-250.13636596893235,0.4358511111111111,-151.24724006270176,3.0213345741201665,-122.25382922122252,0.5,1,-10,1,400,0.8,1,eff,0.5,6.5,10,10
5.327510845438027,-94.59076824889578,1.7398467296524174,-220.21672817453097,0.4358511111111111,-117.38189848451991,3.0213345741201665,-119.81115920356878,0.5,1,-10,1,400,0.8,1,eff,0.5,35,5,10
5.327510845438027,-92.09914869793256,1.7398467296524174,-217.72510862356776,0.4358511111111111,-114.56169231253622,3.0213345741201665,-119.60774081949599,0.5,1,-10,1,400,0.8,1,eff,0.5,6.5,5,10
5.327510845438027,-92.09914869793256,1.6648435882347152,-231.569629959489,0.5603799999999999,-122.77276582916083,3.0835990185646107,-120.25194626570934,0.5,1,-10,1,500,0.7,0.5,eq,0.5,6.5,5,10
5.327510845438027,-91.51466541437559,1.6648435882347152,-230.98514667593201,0.5603799999999999,-122.10552902781026,3.0835990185646107,-120.19131805878469,0.5,1,-10,1,500,0.7,0.5,eq,1,35,5,10
7.482433334471366,-88.99189763453363,1.6648435882347152,-262.3746001532685,0.5603799999999999,-157.93922885870393,3.0835990185646107,-123.4473329605833,0.5,1,-10,1,500,0.7,0.5,eq,1,6.5,10,10
5.327510845438027,-90.38986506758839,1.6648435882347152,-229.86034632914482,0.5603799999999999,-120.82147487786963,3.0835990185646107,-120.07464298848336,0.5,1,-10,1,500,0.7,0.5,eq,1,6.5,5,10
7.482433334471366,-88.99189763453363,1.6648435882347152,-255.8921313153784,0.5603799999999999,-156.81757279151938,3.0835990185646107,-123.34541412756627,0.5,1,-10,1,500,0.7,0.5,eff,1,35,10,10
7.482433334471366,-88.99189763453363,1.6648435882347152,-255.8921313153784,0.5603799999999999,-156.81757279151938,3.0835990185646107,-123.34541412756627,0.5,1,-10,1,500,0.7,0.5,eff,1,6.5,10,10
5.327510845438027,-94.59076824889578,1.6648435882347152,-234.0612495104522,0.5603799999999999,-125.61715899933476,3.0835990185646107,-120.51040092130916,0.5,1,-10,1,500,0.7,0.5,eq,0.5,35,5,10
7.482433334471366,-93.33965489659246,1.6648435882347152,-266.7223574153273,0.5603799999999999,-162.90255925871398,3.0835990185646107,-123.89832400591894,0.5,1,-10,1,500,0.7,0.5,eq,0.5,35,10,10
7.482433334471366,-88.99189763453363,1.6648435882347152,-262.3746001532685,0.5603799999999999,-157.93922885870393,3.0835990185646107,-123.4473329605833,0.5,1,-10,1,500,0.7,0.5,eq,1,35,10,10
5.327510845438027,-94.59076824889578,1.6648435882347152,-227.9036192525969,0.5603799999999999,-125.1024962826843,3.0835990185646107,-120.4636362979875,0.5,1,-10,1,500,0.7,0.5,eff,0.5,35,5,10
7.482433334471366,-93.33965489659246,1.6648435882347152,-260.2398885774373,0.5603799999999999,-161.7442174770293,3.0835990185646107,-123.79307174002574,0.5,1,-10,1,500,0.7,0.5,eff,0.5,35,10,10
5.327510845438027,-90.38986506758839,1.7398467296524174,-221.81305413680974,0.5603799999999999,-112.8038914805178,3.0835990185646107,-119.34612845770954,0.5,1,-10,1,500,0.7,1,eq,1,6.5,5,10
5.327510845438027,-91.51466541437559,1.6648435882347152,-224.82751641807673,0.5603799999999999,-121.61682199870489,3.0835990185646107,-120.14691188870196,0.5,1,-10,1,500,0.7,0.5,eff,1,35,5,10
7.482433334471366,-91.40332519353423,1.6648435882347152,-264.78602771226906,0.5603799999999999,-160.69207612919917,3.0835990185646107,-123.6974693343713,0.5,1,-10,1,500,0.7,0.5,eq,0.5,6.5,10,10
5.327510845438027,-90.38986506758839,1.6648435882347152,-223.70271607128953,0.5603799999999999,-120.34225874301804,3.0835990185646107,-120.03109920473732,0.5,1,-10,1,500,0.7,0.5,eff,1,6.5,5,10
5.327510845438027,-92.09914869793256,1.6648435882347152,-225.4119997016337,0.5603799999999999,-122.27912701928305,3.0835990185646107,-120.20709197132584,0.5,1,-10,1,500,0.7,0.5,eff,0.5,6.5,5,10
7.482433334471366,-88.99189763453363,1.7398467296524174,-253.87675214470806,0.5603799999999999,-149.35912713178521,3.0835990185646107,-122.66770542522865,0.5,1,-10,1,500,0.7,1,eq,1,6.5,10,10
7.482433334471366,-91.40332519353423,1.6648435882347152,-258.303558874379,0.5603799999999999,-159.55007280300634,3.0835990185646107,-123.59370165574646,0.5,1,-10,1,500,0.7,0.5,eff,0.5,6.5,10,10
5.327510845438027,-91.51466541437559,1.7398467296524174,-222.93785448359694,0.5603799999999999,-114.08625578331231,3.0835990185646107,-119.46264998072121,0.5,1,-10,1,500,0.7,1,eq,1,35,5,10
7.482433334471366,-88.99189763453363,1.7398467296524174,-253.87675214470806,0.5603799999999999,-149.35912713178521,3.0835990185646107,-122.66770542522865,0.5,1,-10,1,500,0.7,1,eq,1,35,10,10
7.482433334471366,-91.40332519353423,1.7398467296524174,-256.28817970370864,0.5603799999999999,-152.10835158667044,3.0835990185646107,-122.9175126133153,0.5,1,-10,1,500,0.7,1,eq,0.5,6.5,10,10
5.327510845438027,-91.51466541437559,1.7398467296524174,-217.14062534001079,0.5603799999999999,-113.9002529441098,3.0835990185646107,-119.44574890661829,0.5,1,-10,1,500,0.7,1,eff,1,35,5,10
5.327510845438027,-92.09914869793256,1.7398467296524174,-223.5223377671539,0.5603799999999999,-114.75261448447576,3.0835990185646107,-119.52319839942116,0.5,1,-10,1,500,0.7,1,eq,0.5,6.5,5,10
7.482433334471366,-88.99189763453363,1.7398467296524174,-247.72493840993175,0.5603799999999999,-148.5179249945176,3.0835990185646107,-122.59126992715575,0.5,1,-10,1,500,0.7,1,eff,1,6.5,10,10
7.482433334471366,-91.40332519353423,1.7398467296524174,-250.13636596893235,0.5603799999999999,-151.24736371766556,3.0835990185646107,-122.8392792925871,0.5,1,-10,1,500,0.7,1,eff,0.5,6.5,10,10
5.327510845438027,-94.59076824889578,1.7398467296524174,-226.01395731811712,0.5603799999999999,-117.59326436258041,3.0835990185646107,-119.78131292227401,0.5,1,-10,1,500,0.7,1,eq,0.5,35,5,10
7.482433334471366,-91.40332519353423,1.6648435882347152,-264.78602771226906,0.5603799999999999,-160.69207612919917,3.0835990185646107,-123.6974693343713,0.5,1,-10,1,500,0.8,0.5,eq,0.5,6.5,10,10
5.327510845438027,-92.09914869793256,1.7398467296524174,-217.72510862356776,0.5603799999999999,-114.56181596790132,3.0835990185646107,-119.50586156799869,0.5,1,-10,1,500,0.7,1,eff,0.5,6.5,5,10
7.482433334471366,-88.99189763453363,1.6648435882347152,-262.3746001532685,0.5603799999999999,-157.93922885870393,3.0835990185646107,-123.4473329605833,0.5,1,-10,1,500,0.8,0.5,eq,1,35,10,10
7.482433334471366,-93.33965489659246,1.7398467296524174,-258.2245094067669,0.5603799999999999,-154.3159256652801,3.0835990185646107,-123.11810295510806,0.5,1,-10,1,500,0.7,1,eq,0.5,35,10,10
5.327510845438027,-90.38986506758839,1.7398467296524174,-216.0158249932236,0.5603799999999999,-112.62711761373802,3.0835990185646107,-119.33006597052021,0.5,1,-10,1,500,0.7,1,eff,1,6.5,5,10
7.482433334471366,-93.33965489659246,1.7398467296524174,-252.0726956719906,0.5603799999999999,-153.43905023656558,3.0835990185646107,-123.03842601757742,0.5,1,-10,1,500,0.7,1,eff,0.5,35,10,10
7.482433334471366,-88.99189763453363,1.6648435882347152,-262.3746001532685,0.5603799999999999,-157.93922885870393,3.0835990185646107,-123.4473329605833,0.5,1,-10,1,500,0.8,0.5,eq,1,6.5,10,10
5.327510845438027,-94.59076824889578,1.7398467296524174,-220.21672817453097,0.5603799999999999,-117.38202213986987,3.0835990185646107,-119.76211848161378,0.5,1,-10,1,500,0.7,1,eff,0.5,35,5,10
7.482433334471366,-88.99189763453363,1.7398467296524174,-247.72493840993175,0.5603799999999999,-148.5179249945176,3.0835990185646107,-122.59126992715575,0.5,1,-10,1,500,0.7,1,eff,1,35,10,10
5.327510845438027,-90.38986506758839,1.6648435882347152,-229.86034632914482,0.5603799999999999,-120.82147487786963,3.0835990185646107,-120.07464298848336,0.5,1,-10,1,500,0.8,0.5,eq,1,6.5,5,10
5.327510845438027,-91.51466541437559,1.6648435882347152,-230.98514667593201,0.5603799999999999,-122.10552902781026,3.0835990185646107,-120.19131805878469,0.5,1,-10,1,500,0.8,0.5,eq,1,35,5,10
5.327510845438027,-92.09914869793256,1.6648435882347152,-231.569629959489,0.5603799999999999,-122.77276582916083,3.0835990185646107,-120.25194626570934,0.5,1,-10,1,500,0.8,0.5,eq,0.5,6.5,5,10
7.482433334471366,-91.40332519353423,1.6648435882347152,-258.303558874379,0.5603799999999999,-159.55007280300634,3.0835990185646107,-123.59370165574646,0.5,1,-10,1,500,0.8,0.5,eff,0.5,6.5,10,10
7.482433334471366,-93.33965489659246,1.6648435882347152,-266.7223574153273,0.5603799999999999,-162.90255925871398,3.0835990185646107,-123.89832400591894,0.5,1,-10,1,500,0.8,0.5,eq,0.5,35,10,10
5.327510845438027,-91.51466541437559,1.6648435882347152,-224.82751641807673,0.5603799999999999,-121.61682199870489,3.0835990185646107,-120.14691188870196,0.5,1,-10,1,500,0.8,0.5,eff,1,35,5,10
5.327510845438027,-90.38986506758839,1.6648435882347152,-223.70271607128953,0.5603799999999999,-120.34225874301804,3.0835990185646107,-120.03109920473732,0.5,1,-10,1,500,0.8,0.5,eff,1,6.5,5,10
7.482433334471366,-88.99189763453363,1.6648435882347152,-255.8921313153784,0.5603799999999999,-156.81757279151938,3.0835990185646107,-123.34541412756627,0.5,1,-10,1,500,0.8,0.5,eff,1,35,10,10
7.482433334471366,-93.33965489659246,1.6648435882347152,-260.2398885774373,0.5603799999999999,-161.7442174770293,3.0835990185646107,-123.79307174002574,0.5,1,-10,1,500,0.8,0.5,eff,0.5,35,10,10
5.327510845438027,-94.59076824889578,1.6648435882347152,-234.0612495104522,0.5603799999999999,-125.61715899933476,3.0835990185646107,-120.51040092130916,0.5,1,-10,1,500,0.8,0.5,eq,0.5,35,5,10
5.327510845438027,-94.59076824889578,1.6648435882347152,-227.9036192525969,0.5603799999999999,-125.1024962826843,3.0835990185646107,-120.4636362979875,0.5,1,-10,1,500,0.8,0.5,eff,0.5,35,5,10
7.482433334471366,-88.99189763453363,1.6648435882347152,-255.8921313153784,0.5603799999999999,-156.81757279151938,3.0835990185646107,-123.34541412756627,0.5,1,-10,1,500,0.8,0.5,eff,1,6.5,10,10
7.482433334471366,-88.99189763453363,1.7398467296524174,-253.87675214470806,0.5603799999999999,-149.35912713178521,3.0835990185646107,-122.66770542522865,0.5,1,-10,1,500,0.8,1,eq,1,35,10,10
5.327510845438027,-91.51466541437559,1.7398467296524174,-222.93785448359694,0.5603799999999999,-114.08625578331231,3.0835990185646107,-119.46264998072121,0.5,1,-10,1,500,0.8,1,eq,1,35,5,10
7.482433334471366,-88.99189763453363,1.7398467296524174,-253.87675214470806,0.5603799999999999,-149.35912713178521,3.0835990185646107,-122.66770542522865,0.5,1,-10,1,500,0.8,1,eq,1,6.5,10,10
7.482433334471366,-88.99189763453363,1.7398467296524174,-247.72493840993175,0.5603799999999999,-148.5179249945176,3.0835990185646107,-122.59126992715575,0.5,1,-10,1,500,0.8,1,eff,1,35,10,10
5.327510845438027,-90.38986506758839,1.7398467296524174,-221.81305413680974,0.5603799999999999,-112.8038914805178,3.0835990185646107,-119.34612845770954,0.5,1,-10,1,500,0.8,1,eq,1,6.5,5,10
5.327510845438027,-92.09914869793256,1.6648435882347152,-225.4119997016337,0.5603799999999999,-122.27912701928305,3.0835990185646107,-120.20709197132584,0.5,1,-10,1,500,0.8,0.5,eff,0.5,6.5,5,10
7.482433334471366,-91.40332519353423,1.7398467296524174,-256.28817970370864,0.5603799999999999,-152.10835158667044,3.0835990185646107,-122.9175126133153,0.5,1,-10,1,500,0.8,1,eq,0.5,6.5,10,10
5.327510845438027,-94.59076824889578,1.7398467296524174,-226.01395731811712,0.5603799999999999,-117.59326436258041,3.0835990185646107,-119.78131292227401,0.5,1,-10,1,500,0.8,1,eq,0.5,35,5,10
7.482433334471366,-93.33965489659246,1.7398467296524174,-258.2245094067669,0.5603799999999999,-154.3159256652801,3.0835990185646107,-123.11810295510806,0.5,1,-10,1,500,0.8,1,eq,0.5,35,10,10
7.482433334471366,-93.33965489659246,1.7398467296524174,-252.0726956719906,0.5603799999999999,-153.43905023656558,3.0835990185646107,-123.03842601757742,0.5,1,-10,1,500,0.8,1,eff,0.5,35,10,10
5.327510845438027,-92.09914869793256,1.7398467296524174,-223.5223377671539,0.5603799999999999,-114.75261448447576,3.0835990185646107,-119.52319839942116,0.5,1,-10,1,500,0.8,1,eq,0.5,6.5,5,10
5.327510845438027,-90.38986506758839,1.7398467296524174,-216.0158249932236,0.5603799999999999,-112.62711761373802,3.0835990185646107,-119.33006597052021,0.5,1,-10,1,500,0.8,1,eff,1,6.5,5,10
7.482433334471366,-88.99189763453363,1.7398467296524174,-247.72493840993175,0.5603799999999999,-148.5179249945176,3.0835990185646107,-122.59126992715575,0.5,1,-10,1,500,0.8,1,eff,1,6.5,10,10
7.482433334471366,-91.40332519353423,1.7398467296524174,-250.13636596893235,0.5603799999999999,-151.24736371766556,3.0835990185646107,-122.8392792925871,0.5,1,-10,1,500,0.8,1,eff,0.5,6.5,10,10
5.327510845438027,-91.51466541437559,1.7398467296524174,-217.14062534001079,0.5603799999999999,-113.9002529441098,3.0835990185646107,-119.44574890661829,0.5,1,-10,1,500,0.8,1,eff,1,35,5,10
5.327510845438027,-92.09914869793256,1.7398467296524174,-217.72510862356776,0.5603799999999999,-114.56181596790132,3.0835990185646107,-119.50586156799869,0.5,1,-10,1,500,0.8,1,eff,0.5,6.5,5,10
5.327510845438027,-94.59076824889578,1.7398467296524174,-220.21672817453097,0.5603799999999999,-117.38202213986987,3.0835990185646107,-119.76211848161378,0.5,1,-10,1,500,0.8,1,eff,0.5,35,5,10
7.482433334471366,-88.99189763453363,1.6648435882347152,-262.3746001532685,0.8717022222222222,-157.939578679361,3.239260129675722,-125.10487174864294,0.5,1,-10,2,400,0.7,0.5,eq,1,6.5,10,10
7.482433334471366,-88.99189763453363,1.6648435882347152,-262.3746001532685,0.8717022222222222,-157.939578679361,3.239260129675722,-125.10487174864294,0.5,1,-10,2,400,0.7,0.5,eq,1,35,10,10
5.327510845438027,-91.51466541437559,1.6648435882347152,-230.98514667593201,0.8717022222222222,-122.10587884816894,3.239260129675722,-120.28335162941406,0.5,1,-10,2,400,0.7,0.5,eq,1,35,5,10
5.327510845438027,-90.38986506758839,1.6648435882347152,-229.86034632914482,0.8717022222222222,-120.8218246981893,3.239260129675722,-120.11057871041686,0.5,1,-10,2,400,0.7,0.5,eq,1,6.5,5,10
7.482433334471366,-91.40332519353423,1.6648435882347152,-264.78602771226906,0.8717022222222222,-160.69242594911245,3.239260129675722,-125.47527470895103,0.5,1,-10,2,400,0.7,0.5,eq,0.5,6.5,10,10
5.327510845438027,-94.59076824889578,1.6648435882347152,-234.0612495104522,0.8717022222222222,-125.61750881962463,3.239260129675722,-120.75585083095963,0.5,1,-10,2,400,0.7,0.5,eq,0.5,35,5,10
5.327510845438027,-92.09914869793256,1.6648435882347152,-231.569629959489,0.8717022222222222,-122.7731156497864,3.239260129675722,-120.37313012503247,0.5,1,-10,2,400,0.7,0.5,eq,0.5,6.5,5,10
7.482433334471366,-91.40332519353423,1.6648435882347152,-258.303558874379,0.8717022222222222,-159.55039934349827,3.239260129675722,-125.32161197578084,0.5,1,-10,2,400,0.7,0.5,eff,0.5,6.5,10,10
7.482433334471366,-88.99189763453363,1.6648435882347152,-255.8921313153784,0.8717022222222222,-156.81789933252512,3.239260129675722,-124.95394679354277,0.5,1,-10,2,400,0.7,0.5,eff,1,6.5,10,10
5.327510845438027,-90.38986506758839,1.6648435882347152,-223.70271607128953,0.8717022222222222,-120.34258528419124,3.239260129675722,-120.04609576594272,0.5,1,-10,2,400,0.7,0.5,eff,1,6.5,5,10
7.482433334471366,-93.33965489659246,1.6648435882347152,-266.7223574153273,0.8717022222222222,-162.90290907861416,3.239260129675722,-125.77270112409423,0.5,1,-10,2,400,0.7,0.5,eq,0.5,35,10,10
7.482433334471366,-88.99189763453363,1.6648435882347152,-255.8921313153784,0.8717022222222222,-156.81789933252512,3.239260129675722,-124.95394679354277,0.5,1,-10,2,400,0.7,0.5,eff,1,35,10,10
5.327510845438027,-91.51466541437559,1.6648435882347152,-224.82751641807673,0.8717022222222222,-121.61714853954608,3.239260129675722,-120.2175916596927,0.5,1,-10,2,400,0.7,0.5,eff,1,35,5,10
7.482433334471366,-93.33965489659246,1.6648435882347152,-260.2398885774373,0.8717022222222222,-161.74454401750805,3.239260129675722,-125.61684000805417,0.5,1,-10,2,400,0.7,0.5,eff,0.5,35,10,10
5.327510845438027,-91.51466541437559,1.7398467296524174,-222.93785448359694,0.8717022222222222,-114.08658653560366,3.239260129675722,-119.20433440793943,0.5,1,-10,2,400,0.7,1,eq,1,35,5,10
5.327510845438027,-92.09914869793256,1.6648435882347152,-225.4119997016337,0.8717022222222222,-122.27945356047955,3.239260129675722,-120.30670657103425,0.5,1,-10,2,400,0.7,0.5,eff,0.5,6.5,5,10
7.482433334471366,-88.99189763453363,1.7398467296524174,-253.87675214470806,0.8717022222222222,-149.35945788406627,3.239260129675722,-123.95039355535519,0.5,1,-10,2,400,0.7,1,eq,1,35,10,10
5.327510845438027,-90.38986506758839,1.7398467296524174,-221.81305413680974,0.8717022222222222,-112.80422223280907,3.239260129675722,-119.03178886239895,0.5,1,-10,2,400,0.7,1,eq,1,6.5,5,10
5.327510845438027,-94.59076824889578,1.6648435882347152,-227.9036192525969,0.8717022222222222,-125.10282282360404,3.239260129675722,-120.68659845410245,0.5,1,-10,2,400,0.7,0.5,eff,0.5,35,5,10
7.482433334471366,-88.99189763453363,1.7398467296524174,-253.87675214470806,0.8717022222222222,-149.35945788406627,3.239260129675722,-123.95039355535519,0.5,1,-10,2,400,0.7,1,eq,1,6.5,10,10
7.482433334471366,-91.40332519353423,1.7398467296524174,-256.28817970370864,0.8717022222222222,-152.1086823389643,3.239260129675722,-124.32030905623881,0.5,1,-10,2,400,0.7,1,eq,0.5,6.5,10,10
7.482433334471366,-88.99189763453363,1.6648435882347152,-262.3746001532685,0.8717022222222222,-157.939578679361,3.239260129675722,-125.10487174864294,0.5,1,-10,2,400,0.8,0.5,eq,1,6.5,10,10
5.327510845438027,-92.09914869793256,1.7398467296524174,-223.5223377671539,0.8717022222222222,-114.75294523676718,3.239260129675722,-119.293994752794,0.5,1,-10,2,400,0.7,1,eq,0.5,6.5,5,10
7.482433334471366,-93.33965489659246,1.7398467296524174,-258.2245094067669,0.8717022222222222,-154.31625641756065,3.239260129675722,-124.61734405080482,0.5,1,-10,2,400,0.7,1,eq,0.5,35,10,10
7.482433334471366,-88.99189763453363,1.7398467296524174,-247.72493840993175,0.8717022222222222,-148.51823413300687,3.239260129675722,-123.8372046505083,0.5,1,-10,2,400,0.7,1,eff,1,6.5,10,10
5.327510845438027,-94.59076824889578,1.7398467296524174,-226.01395731811712,0.8717022222222222,-117.59359511485486,3.239260129675722,-119.67621178880783,0.5,1,-10,2,400,0.7,1,eq,0.5,35,5,10
5.327510845438027,-92.09914869793256,1.7398467296524174,-217.72510862356776,0.8717022222222222,-114.56212510590579,3.239260129675722,-119.2683193939995,0.5,1,-10,2,400,0.7,1,eff,0.5,6.5,5,10
5.327510845438027,-94.59076824889578,1.7398467296524174,-220.21672817453097,0.8717022222222222,-117.38233127820983,3.239260129675722,-119.64778567474066,0.5,1,-10,2,400,0.7,1,eff,0.5,35,5,10
7.482433334471366,-93.33965489659246,1.7398467296524174,-252.0726956719906,0.8717022222222222,-153.4393593750909,3.239260129675722,-124.49935520922062,0.5,1,-10,2,400,0.7,1,eff,0.5,35,10,10
5.327510845438027,-91.51466541437559,1.6648435882347152,-230.98514667593201,0.8717022222222222,-122.10587884816894,3.239260129675722,-120.28335162941406,0.5,1,-10,2,400,0.8,0.5,eq,1,35,5,10
5.327510845438027,-90.38986506758839,1.6648435882347152,-229.86034632914482,0.8717022222222222,-120.8218246981893,3.239260129675722,-120.11057871041686,0.5,1,-10,2,400,0.8,0.5,eq,1,6.5,5,10
7.482433334471366,-88.99189763453363,1.7398467296524174,-247.72493840993175,0.8717022222222222,-148.51823413300687,3.239260129675722,-123.8372046505083,0.5,1,-10,2,400,0.7,1,eff,1,35,10,10
5.327510845438027,-91.51466541437559,1.7398467296524174,-217.14062534001079,0.8717022222222222,-113.90056208251625,3.239260129675722,-119.17930432041135,0.5,1,-10,2,400,0.7,1,eff,1,35,5,10
5.327510845438027,-90.38986506758839,1.7398467296524174,-216.0158249932236,0.8717022222222222,-112.62742675175957,3.239260129675722,-119.00800055773375,0.5,1,-10,2,400,0.7,1,eff,1,6.5,5,10
7.482433334471366,-91.40332519353423,1.7398467296524174,-250.13636596893235,0.8717022222222222,-151.2476728562365,3.239260129675722,-124.20445792829571,0.5,1,-10,2,400,0.7,1,eff,0.5,6.5,10,10
7.482433334471366,-88.99189763453363,1.6648435882347152,-262.3746001532685,0.8717022222222222,-157.939578679361,3.239260129675722,-125.10487174864294,0.5,1,-10,2,400,0.8,0.5,eq,1,35,10,10
5.327510845438027,-92.09914869793256,1.6648435882347152,-225.4119997016337,0.8717022222222222,-122.27945356047955,3.239260129675722,-120.30670657103425,0.5,1,-10,2,400,0.8,0.5,eff,0.5,6.5,5,10
7.482433334471366,-91.40332519353423,1.6648435882347152,-264.78602771226906,0.8717022222222222,-160.69242594911245,3.239260129675722,-125.47527470895103,0.5,1,-10,2,400,0.8,0.5,eq,0.5,6.5,10,10
7.482433334471366,-93.33965489659246,1.6648435882347152,-266.7223574153273,0.8717022222222222,-162.90290907861416,3.239260129675722,-125.77270112409423,0.5,1,-10,2,400,0.8,0.5,eq,0.5,35,10,10
5.327510845438027,-91.51466541437559,1.6648435882347152,-224.82751641807673,0.8717022222222222,-121.61714853954608,3.239260129675722,-120.2175916596927,0.5,1,-10,2,400,0.8,0.5,eff,1,35,5,10
7.482433334471366,-88.99189763453363,1.6648435882347152,-255.8921313153784,0.8717022222222222,-156.81789933252512,3.239260129675722,-124.95394679354277,0.5,1,-10,2,400,0.8,0.5,eff,1,6.5,10,10
7.482433334471366,-91.40332519353423,1.6648435882347152,-258.303558874379,0.8717022222222222,-159.55039934349827,3.239260129675722,-125.32161197578084,0.5,1,-10,2,400,0.8,0.5,eff,0.5,6.5,10,10
7.482433334471366,-88.99189763453363,1.6648435882347152,-255.8921313153784,0.8717022222222222,-156.81789933252512,3.239260129675722,-124.95394679354277,0.5,1,-10,2,400,0.8,0.5,eff,1,35,10,10
5.327510845438027,-94.59076824889578,1.6648435882347152,-234.0612495104522,0.8717022222222222,-125.61750881962463,3.239260129675722,-120.75585083095963,0.5,1,-10,2,400,0.8,0.5,eq,0.5,35,5,10
5.327510845438027,-90.38986506758839,1.6648435882347152,-223.70271607128953,0.8717022222222222,-120.34258528419124,3.239260129675722,-120.04609576594272,0.5,1,-10,2,400,0.8,0.5,eff,1,6.5,5,10
5.327510845438027,-92.09914869793256,1.6648435882347152,-231.569629959489,0.8717022222222222,-122.7731156497864,3.239260129675722,-120.37313012503247,0.5,1,-10,2,400,0.8,0.5,eq,0.5,6.5,5,10
7.482433334471366,-93.33965489659246,1.6648435882347152,-260.2398885774373,0.8717022222222222,-161.74454401750805,3.239260129675722,-125.61684000805417,0.5,1,-10,2,400,0.8,0.5,eff,0.5,35,10,10
5.327510845438027,-91.51466541437559,1.7398467296524174,-222.93785448359694,0.8717022222222222,-114.08658653560366,3.239260129675722,-119.20433440793943,0.5,1,-10,2,400,0.8,1,eq,1,35,5,10
7.482433334471366,-88.99189763453363,1.7398467296524174,-247.72493840993175,0.8717022222222222,-148.51823413300687,3.239260129675722,-123.8372046505083,0.5,1,-10,2,400,0.8,1,eff,1,6.5,10,10
5.327510845438027,-90.38986506758839,1.7398467296524174,-221.81305413680974,0.8717022222222222,-112.80422223280907,3.239260129675722,-119.03178886239895,0.5,1,-10,2,400,0.8,1,eq,1,6.5,5,10
5.327510845438027,-94.59076824889578,1.6648435882347152,-227.9036192525969,0.8717022222222222,-125.10282282360404,3.239260129675722,-120.68659845410245,0.5,1,-10,2,400,0.8,0.5,eff,0.5,35,5,10
7.482433334471366,-88.99189763453363,1.7398467296524174,-253.87675214470806,0.8717022222222222,-149.35945788406627,3.239260129675722,-123.95039355535519,0.5,1,-10,2,400,0.8,1,eq,1,35,10,10
7.482433334471366,-93.33965489659246,1.7398467296524174,-258.2245094067669,0.8717022222222222,-154.31625641756065,3.239260129675722,-124.61734405080482,0.5,1,-10,2,400,0.8,1,eq,0.5,35,10,10
5.327510845438027,-94.59076824889578,1.7398467296524174,-226.01395731811712,0.8717022222222222,-117.59359511485486,3.239260129675722,-119.67621178880783,0.5,1,-10,2,400,0.8,1,eq,0.5,35,5,10
7.482433334471366,-88.99189763453363,1.7398467296524174,-253.87675214470806,0.8717022222222222,-149.35945788406627,3.239260129675722,-123.95039355535519,0.5,1,-10,2,400,0.8,1,eq,1,6.5,10,10
5.327510845438027,-92.09914869793256,1.7398467296524174,-223.5223377671539,0.8717022222222222,-114.75294523676718,3.239260129675722,-119.293994752794,0.5,1,-10,2,400,0.8,1,eq,0.5,6.5,5,10
7.482433334471366,-91.40332519353423,1.7398467296524174,-256.28817970370864,0.8717022222222222,-152.1086823389643,3.239260129675722,-124.32030905623881,0.5,1,-10,2,400,0.8,1,eq,0.5,6.5,10,10
7.482433334471366,-93.33965489659246,1.7398467296524174,-252.0726956719906,0.8717022222222222,-153.4393593750909,3.239260129675722,-124.49935520922062,0.5,1,-10,2,400,0.8,1,eff,0.5,35,10,10
7.482433334471366,-88.99189763453363,1.7398467296524174,-247.72493840993175,0.8717022222222222,-148.51823413300687,3.239260129675722,-123.8372046505083,0.5,1,-10,2,400,0.8,1,eff,1,35,10,10
5.327510845438027,-90.38986506758839,1.7398467296524174,-216.0158249932236,0.8717022222222222,-112.62742675175957,3.239260129675722,-119.00800055773375,0.5,1,-10,2,400,0.8,1,eff,1,6.5,5,10
5.327510845438027,-94.59076824889578,1.7398467296524174,-220.21672817453097,0.8717022222222222,-117.38233127820983,3.239260129675722,-119.64778567474066,0.5,1,-10,2,400,0.8,1,eff,0.5,35,5,10
5.327510845438027,-91.51466541437559,1.7398467296524174,-217.14062534001079,0.8717022222222222,-113.90056208251625,3.239260129675722,-119.17930432041135,0.5,1,-10,2,400,0.8,1,eff,1,35,5,10
5.327510845438027,-92.09914869793256,1.7398467296524174,-217.72510862356776,0.8717022222222222,-114.56212510590579,3.239260129675722,-119.2683193939995,0.5,1,-10,2,400,0.8,1,eff,0.5,6.5,5,10
7.482433334471366,-91.40332519353423,1.7398467296524174,-250.13636596893235,0.8717022222222222,-151.2476728562365,3.239260129675722,-124.20445792829571,0.5,1,-10,2,400,0.8,1,eff,0.5,6.5,10,10
7.482433334471366,-88.99189763453363,1.6648435882347152,-262.3746001532685,1.1207599999999998,-157.93985853590075,3.363789018564611,-126.32047307634653,0.5,1,-10,2,500,0.7,0.5,eq,1,35,10,10
7.482433334471366,-88.99189763453363,1.6648435882347152,-262.3746001532685,1.1207599999999998,-157.93985853590075,3.363789018564611,-126.32047307634653,0.5,1,-10,2,500,0.7,0.5,eq,1,6.5,10,10
5.327510845438027,-90.38986506758839,1.6648435882347152,-229.86034632914482,1.1207599999999998,-120.82210455450581,3.363789018564611,-120.13695595880458,0.5,1,-10,2,500,0.7,0.5,eq,1,6.5,5,10
5.327510845438027,-94.59076824889578,1.6648435882347152,-234.0612495104522,1.1207599999999998,-125.61778867594501,3.363789018564611,-120.9358780829748,0.5,1,-10,2,500,0.7,0.5,eq,0.5,35,5,10
7.482433334471366,-88.99189763453363,1.6648435882347152,-255.8921313153784,1.1207599999999998,-156.81816056528174,3.363789018564611,-126.13360728146283,0.5,1,-10,2,500,0.7,0.5,eff,1,6.5,10,10
5.327510845438027,-91.51466541437559,1.6648435882347152,-230.98514667593201,1.1207599999999998,-122.1061587044403,3.363789018564611,-120.35086897789371,0.5,1,-10,2,500,0.7,0.5,eq,1,35,5,10
5.327510845438027,-92.09914869793256,1.6648435882347152,-231.569629959489,1.1207599999999998,-122.77339550578705,3.363789018564611,-120.46202522362593,0.5,1,-10,2,500,0.7,0.5,eq,0.5,6.5,5,10
7.482433334471366,-91.40332519353423,1.6648435882347152,-258.303558874379,1.1207599999999998,-159.55066057671567,3.363789018564611,-126.58881964702917,0.5,1,-10,2,500,0.7,0.5,eff,0.5,6.5,10,10
5.327510845438027,-90.38986506758839,1.6648435882347152,-223.70271607128953,1.1207599999999998,-120.34284651710045,3.363789018564611,-120.05711545230457,0.5,1,-10,2,500,0.7,0.5,eff,1,6.5,5,10
7.482433334471366,-91.40332519353423,1.6648435882347152,-264.78602771226906,1.1207599999999998,-160.69270580565959,3.363789018564611,-126.77907513031428,0.5,1,-10,2,500,0.7,0.5,eq,0.5,6.5,10,10
7.482433334471366,-88.99189763453363,1.6648435882347152,-255.8921313153784,1.1207599999999998,-156.81816056528174,3.363789018564611,-126.13360728146283,0.5,1,-10,2,500,0.7,0.5,eff,1,35,10,10
5.327510845438027,-92.09914869793256,1.6648435882347152,-225.4119997016337,1.1207599999999998,-122.27971479300008,3.363789018564611,-120.37978201624743,0.5,1,-10,2,500,0.7,0.5,eff,0.5,6.5,5,10
7.482433334471366,-93.33965489659246,1.6648435882347152,-260.2398885774373,1.1207599999999998,-161.74480525073827,3.363789018564611,-126.95434637466963,0.5,1,-10,2,500,0.7,0.5,eff,0.5,35,10,10
5.327510845438027,-94.59076824889578,1.6648435882347152,-227.9036192525969,1.1207599999999998,-125.10308405646519,3.363789018564611,-120.85013246305864,0.5,1,-10,2,500,0.7,0.5,eff,0.5,35,5,10
5.327510845438027,-91.51466541437559,1.6648435882347152,-224.82751641807673,1.1207599999999998,-121.61740977242218,3.363789018564611,-120.26944736523836,0.5,1,-10,2,500,0.7,0.5,eff,1,35,5,10
7.482433334471366,-88.99189763453363,1.7398467296524174,-253.87675214470806,1.1207599999999998,-149.3597224854314,3.363789018564611,-124.89109191913784,0.5,1,-10,2,500,0.7,1,eq,1,35,10,10
7.482433334471366,-93.33965489659246,1.6648435882347152,-266.7223574153273,1.1207599999999998,-162.9031889351672,3.363789018564611,-127.14732371227855,0.5,1,-10,2,500,0.7,0.5,eq,0.5,35,10,10
7.482433334471366,-88.99189763453363,1.7398467296524174,-253.87675214470806,1.1207599999999998,-149.3597224854314,3.363789018564611,-124.89109191913784,0.5,1,-10,2,500,0.7,1,eq,1,6.5,10,10
5.327510845438027,-90.38986506758839,1.7398467296524174,-221.81305413680974,1.1207599999999998,-112.8044868346383,3.363789018564611,-118.80128579843985,0.5,1,-10,2,500,0.7,1,eq,1,6.5,5,10
5.327510845438027,-91.51466541437559,1.7398467296524174,-222.93785448359694,1.1207599999999998,-114.08685113742487,3.363789018564611,-119.01491730268387,0.5,1,-10,2,500,0.7,1,eq,1,35,5,10
5.327510845438027,-92.09914869793256,1.7398467296524174,-223.5223377671539,1.1207599999999998,-114.7532098384904,3.363789018564611,-119.12592726402282,0.5,1,-10,2,500,0.7,1,eq,0.5,6.5,5,10
7.482433334471366,-91.40332519353423,1.7398467296524174,-256.28817970370864,1.1207599999999998,-152.10894694060838,3.363789018564611,-125.34909044154496,0.5,1,-10,2,500,0.7,1,eq,0.5,6.5,10,10
7.482433334471366,-93.33965489659246,1.7398467296524174,-252.0726956719906,1.1207599999999998,-153.43960668542408,3.363789018564611,-125.57076757518348,0.5,1,-10,2,500,0.7,1,eff,0.5,35,10,10
5.327510845438027,-94.59076824889578,1.7398467296524174,-226.01395731811712,1.1207599999999998,-117.59385971691563,3.363789018564611,-119.59915652129382,0.5,1,-10,2,500,0.7,1,eq,0.5,35,5,10
5.327510845438027,-92.09914869793256,1.7398467296524174,-217.72510862356776,1.1207599999999998,-114.56237241673334,3.363789018564611,-119.0941352955568,0.5,1,-10,2,500,0.7,1,eff,0.5,6.5,5,10
7.482433334471366,-93.33965489659246,1.7398467296524174,-258.2245094067669,1.1207599999999998,-154.31652101912755,3.363789018564611,-125.71685439918123,0.5,1,-10,2,500,0.7,1,eq,0.5,35,10,10
7.482433334471366,-88.99189763453363,1.7398467296524174,-247.72493840993175,1.1207599999999998,-148.51848144335324,3.363789018564611,-124.75094797653085,0.5,1,-10,2,500,0.7,1,eff,1,6.5,10,10
7.482433334471366,-88.99189763453363,1.7398467296524174,-247.72493840993175,1.1207599999999998,-148.51848144335324,3.363789018564611,-124.75094797653085,0.5,1,-10,2,500,0.7,1,eff,1,35,10,10
5.327510845438027,-90.38986506758839,1.6648435882347152,-229.86034632914482,1.1207599999999998,-120.82210455450581,3.363789018564611,-120.13695595880458,0.5,1,-10,2,500,0.8,0.5,eq,1,6.5,5,10
5.327510845438027,-90.38986506758839,1.7398467296524174,-216.0158249932236,1.1207599999999998,-112.62767406256802,3.363789018564611,-118.7718302229962,0.5,1,-10,2,500,0.7,1,eff,1,6.5,5,10
7.482433334471366,-88.99189763453363,1.6648435882347152,-262.3746001532685,1.1207599999999998,-157.93985853590075,3.363789018564611,-126.32047307634653,0.5,1,-10,2,500,0.8,0.5,eq,1,6.5,10,10
7.482433334471366,-88.99189763453363,1.6648435882347152,-262.3746001532685,1.1207599999999998,-157.93985853590075,3.363789018564611,-126.32047307634653,0.5,1,-10,2,500,0.8,0.5,eq,1,35,10,10
5.327510845438027,-91.51466541437559,1.7398467296524174,-217.14062534001079,1.1207599999999998,-113.9008093929416,3.363789018564611,-118.98392425520132,0.5,1,-10,2,500,0.7,1,eff,1,35,5,10
5.327510845438027,-92.09914869793256,1.6648435882347152,-231.569629959489,1.1207599999999998,-122.77339550578705,3.363789018564611,-120.46202522362593,0.5,1,-10,2,500,0.8,0.5,eq,0.5,6.5,5,10
7.482433334471366,-91.40332519353423,1.7398467296524174,-250.13636596893235,1.1207599999999998,-151.2479201665062,3.363789018564611,-125.20565035626963,0.5,1,-10,2,500,0.7,1,eff,0.5,6.5,10,10
5.327510845438027,-91.51466541437559,1.6648435882347152,-230.98514667593201,1.1207599999999998,-122.1061587044403,3.363789018564611,-120.35086897789371,0.5,1,-10,2,500,0.8,0.5,eq,1,35,5,10
5.327510845438027,-94.59076824889578,1.7398467296524174,-220.21672817453097,1.1207599999999998,-117.38257858870273,3.363789018564611,-119.56395879694959,0.5,1,-10,2,500,0.7,1,eff,0.5,35,5,10
7.482433334471366,-91.40332519353423,1.6648435882347152,-264.78602771226906,1.1207599999999998,-160.69270580565959,3.363789018564611,-126.77907513031428,0.5,1,-10,2,500,0.8,0.5,eq,0.5,6.5,10,10
7.482433334471366,-93.33965489659246,1.6648435882347152,-266.7223574153273,1.1207599999999998,-162.9031889351672,3.363789018564611,-127.14732371227855,0.5,1,-10,2,500,0.8,0.5,eq,0.5,35,10,10
5.327510845438027,-94.59076824889578,1.6648435882347152,-234.0612495104522,1.1207599999999998,-125.61778867594501,3.363789018564611,-120.9358780829748,0.5,1,-10,2,500,0.8,0.5,eq,0.5,35,5,10
5.327510845438027,-90.38986506758839,1.6648435882347152,-223.70271607128953,1.1207599999999998,-120.34284651710045,3.363789018564611,-120.05711545230457,0.5,1,-10,2,500,0.8,0.5,eff,1,6.5,5,10
7.482433334471366,-88.99189763453363,1.6648435882347152,-255.8921313153784,1.1207599999999998,-156.81816056528174,3.363789018564611,-126.13360728146283,0.5,1,-10,2,500,0.8,0.5,eff,1,6.5,10,10
7.482433334471366,-88.99189763453363,1.6648435882347152,-255.8921313153784,1.1207599999999998,-156.81816056528174,3.363789018564611,-126.13360728146283,0.5,1,-10,2,500,0.8,0.5,eff,1,35,10,10
5.327510845438027,-94.59076824889578,1.6648435882347152,-227.9036192525969,1.1207599999999998,-125.10308405646519,3.363789018564611,-120.85013246305864,0.5,1,-10,2,500,0.8,0.5,eff,0.5,35,5,10
5.327510845438027,-92.09914869793256,1.6648435882347152,-225.4119997016337,1.1207599999999998,-122.27971479300008,3.363789018564611,-120.37978201624743,0.5,1,-10,2,500,0.8,0.5,eff,0.5,6.5,5,10
5.327510845438027,-91.51466541437559,1.6648435882347152,-224.82751641807673,1.1207599999999998,-121.61740977242218,3.363789018564611,-120.26944736523836,0.5,1,-10,2,500,0.8,0.5,eff,1,35,5,10
7.482433334471366,-88.99189763453363,1.7398467296524174,-253.87675214470806,1.1207599999999998,-149.3597224854314,3.363789018564611,-124.89109191913784,0.5,1,-10,2,500,0.8,1,eq,1,6.5,10,10
5.327510845438027,-91.51466541437559,1.7398467296524174,-222.93785448359694,1.1207599999999998,-114.08685113742487,3.363789018564611,-119.01491730268387,0.5,1,-10,2,500,0.8,1,eq,1,35,5,10
7.482433334471366,-91.40332519353423,1.7398467296524174,-256.28817970370864,1.1207599999999998,-152.10894694060838,3.363789018564611,-125.34909044154496,0.5,1,-10,2,500,0.8,1,eq,0.5,6.5,10,10
7.482433334471366,-91.40332519353423,1.6648435882347152,-258.303558874379,1.1207599999999998,-159.55066057671567,3.363789018564611,-126.58881964702917,0.5,1,-10,2,500,0.8,0.5,eff,0.5,6.5,10,10
5.327510845438027,-90.38986506758839,1.7398467296524174,-221.81305413680974,1.1207599999999998,-112.8044868346383,3.363789018564611,-118.80128579843985,0.5,1,-10,2,500,0.8,1,eq,1,6.5,5,10
7.482433334471366,-93.33965489659246,1.6648435882347152,-260.2398885774373,1.1207599999999998,-161.74480525073827,3.363789018564611,-126.95434637466963,0.5,1,-10,2,500,0.8,0.5,eff,0.5,35,10,10
5.327510845438027,-92.09914869793256,1.7398467296524174,-223.5223377671539,1.1207599999999998,-114.7532098384904,3.363789018564611,-119.12592726402282,0.5,1,-10,2,500,0.8,1,eq,0.5,6.5,5,10
5.327510845438027,-90.38986506758839,1.7398467296524174,-216.0158249932236,1.1207599999999998,-112.62767406256802,3.363789018564611,-118.7718302229962,0.5,1,-10,2,500,0.8,1,eff,1,6.5,5,10
7.482433334471366,-88.99189763453363,1.7398467296524174,-253.87675214470806,1.1207599999999998,-149.3597224854314,3.363789018564611,-124.89109191913784,0.5,1,-10,2,500,0.8,1,eq,1,35,10,10
7.482433334471366,-88.99189763453363,1.7398467296524174,-247.72493840993175,1.1207599999999998,-148.51848144335324,3.363789018564611,-124.75094797653085,0.5,1,-10,2,500,0.8,1,eff,1,6.5,10,10
7.482433334471366,-88.99189763453363,1.7398467296524174,-247.72493840993175,1.1207599999999998,-148.51848144335324,3.363789018564611,-124.75094797653085,0.5,1,-10,2,500,0.8,1,eff,1,35,10,10
5.327510845438027,-92.09914869793256,1.7398467296524174,-217.72510862356776,1.1207599999999998,-114.56237241673334,3.363789018564611,-119.0941352955568,0.5,1,-10,2,500,0.8,1,eff,0.5,6.5,5,10
5.327510845438027,-91.51466541437559,1.7398467296524174,-217.14062534001079,1.1207599999999998,-113.9008093929416,3.363789018564611,-118.98392425520132,0.5,1,-10,2,500,0.8,1,eff,1,35,5,10
5.327510845438027,-94.59076824889578,1.7398467296524174,-226.01395731811712,1.1207599999999998,-117.59385971691563,3.363789018564611,-119.59915652129382,0.5,1,-10,2,500,0.8,1,eq,0.5,35,5,10
7.482433334471366,-93.33965489659246,1.7398467296524174,-258.2245094067669,1.1207599999999998,-154.31652101912755,3.363789018564611,-125.71685439918123,0.5,1,-10,2,500,0.8,1,eq,0.5,35,10,10
7.482433334471366,-91.40332519353423,1.7398467296524174,-250.13636596893235,1.1207599999999998,-151.2479201665062,3.363789018564611,-125.20565035626963,0.5,1,-10,2,500,0.8,1,eff,0.5,6.5,10,10
5.327510845438027,-94.59076824889578,1.7398467296524174,-220.21672817453097,1.1207599999999998,-117.38257858870273,3.363789018564611,-119.56395879694959,0.5,1,-10,2,500,0.8,1,eff,0.5,35,5,10
7.482433334471366,-93.33965489659246,1.7398467296524174,-252.0726956719906,1.1207599999999998,-153.43960668542408,3.363789018564611,-125.57076757518348,0.5,1,-10,2,500,0.8,1,eff,0.5,35,10,10
7.482433334471366,-88.99189763453363,0.664380693404857,-403.83076835533024,1.3075533333333331,-301.51110135050317,3.4571856852312774,-154.32494913734695,0.5,3,-20,1,400,0.7,0.5,eq,1,6.5,10,10
5.327510845438027,-90.38986506758839,0.664380693404857,-371.31651453120645,1.3075533333333331,-263.4163896742014,3.4571856852312774,-147.12098733577116,0.5,3,-20,1,400,0.7,0.5,eq,1,6.5,5,10
7.482433334471366,-91.40332519353423,0.664380693404857,-406.2421959143308,1.3075533333333331,-304.33640492378595,3.4571856852312774,-154.85923271961232,0.5,3,-20,1,400,0.7,0.5,eq,0.5,6.5,10,10
7.482433334471366,-88.99189763453363,0.664380693404857,-387.50926194699997,1.3075533333333331,-290.4839614151845,3.4571856852312774,-152.23964408110513,0.5,3,-20,1,400,0.7,0.5,eff,1,6.5,10,10
7.482433334471366,-88.99189763453363,0.664380693404857,-403.83076835533024,1.3075533333333331,-301.51110135050317,3.4571856852312774,-154.32494913734695,0.5,3,-20,1,400,0.7,0.5,eq,1,35,10,10
5.327510845438027,-92.09914869793256,0.664380693404857,-373.02579816155065,1.3075533333333331,-265.4190395710815,3.4571856852312774,-147.49970166970928,0.5,3,-20,1,400,0.7,0.5,eq,0.5,6.5,5,10
5.327510845438027,-91.51466541437559,0.664380693404857,-372.44131487799365,1.3075533333333331,-264.7342407670225,3.4571856852312774,-147.37020168902626,0.5,3,-20,1,400,0.7,0.5,eq,1,35,5,10
7.482433334471366,-93.33965489659246,0.664380693404857,-408.178525617389,1.3075533333333331,-306.60506906741,3.4571856852312774,-155.28825210608645,0.5,3,-20,1,400,0.7,0.5,eq,0.5,35,10,10
5.327510845438027,-94.59076824889578,0.664380693404857,-375.51741771251386,1.3075533333333331,-268.338298579986,3.4571856852312774,-148.05175284593952,0.5,3,-20,1,400,0.7,0.5,eq,0.5,35,5,10
7.482433334471366,-91.40332519353423,0.664380693404857,-389.92068950600054,1.3075533333333331,-293.2773912313002,3.4571856852312774,-152.76790012519004,0.5,3,-20,1,400,0.7,0.5,eff,0.5,6.5,10,10
5.327510845438027,-91.51466541437559,0.664380693404857,-356.44464704969835,1.3075533333333331,-254.49829760476484,3.4571856852312774,-145.43451717274525,0.5,3,-20,1,400,0.7,0.5,eff,1,35,5,10
5.327510845438027,-90.38986506758839,0.664380693404857,-355.31984670291115,1.3075533333333331,-253.19531389686207,3.4571856852312774,-145.18811434025858,0.5,3,-20,1,400,0.7,0.5,eff,1,6.5,5,10
7.482433334471366,-88.99189763453363,0.664380693404857,-387.50926194699997,1.3075533333333331,-290.4839614151845,3.4571856852312774,-152.23964408110513,0.5,3,-20,1,400,0.7,0.5,eff,1,35,10,10
5.327510845438027,-94.59076824889578,0.664380693404857,-359.52074988421856,1.3075533333333331,-258.0616961147407,3.4571856852312774,-146.10837938668686,0.5,3,-20,1,400,0.7,0.5,eff,0.5,35,5,10
5.327510845438027,-92.09914869793256,0.664380693404857,-357.02913033325535,1.3075533333333331,-255.17537083036567,3.4571856852312774,-145.56255619547233,0.5,3,-20,1,400,0.7,0.5,eff,0.5,6.5,5,10
7.482433334471366,-93.33965489659246,0.664380693404857,-391.85701920905893,1.3075533333333331,-295.52046135856904,3.4571856852312774,-153.19207951398306,0.5,3,-20,1,400,0.7,0.5,eff,0.5,35,10,10
7.482433334471366,-88.99189763453363,0.6968241909147566,-390.9749819355633,1.3075533333333331,-287.3637467285527,3.4571856852312774,-151.64959085780706,0.5,3,-20,1,400,0.7,1,eq,1,6.5,10,10
5.327510845438027,-90.38986506758839,0.6968241909147566,-358.91128392766495,1.3075533333333331,-249.84509126217566,3.4571856852312774,-144.55456509352493,0.5,3,-20,1,400,0.7,1,eq,1,6.5,5,10
5.327510845438027,-91.51466541437559,0.6968241909147566,-360.03608427445215,1.3075533333333331,-251.16125250643202,3.4571856852312774,-144.80345988524567,0.5,3,-20,1,400,0.7,1,eq,1,35,5,10
5.327510845438027,-92.09914869793256,0.6968241909147566,-360.62056755800916,1.3075533333333331,-251.84517321168315,3.4571856852312774,-144.93279381163958,0.5,3,-20,1,400,0.7,1,eq,0.5,6.5,5,10
7.482433334471366,-93.33965489659246,0.6968241909147566,-395.3227391976221,1.3075533333333331,-292.4511825824732,3.4571856852312774,-152.61165860807725,0.5,3,-20,1,400,0.7,1,eq,0.5,35,10,10
7.482433334471366,-91.40332519353423,0.6968241909147566,-393.3864094945639,1.3075533333333331,-290.18542748868975,3.4571856852312774,-152.18318934215824,0.5,3,-20,1,400,0.7,1,eq,0.5,6.5,10,10
5.327510845438027,-94.59076824889578,0.6968241909147566,-363.11218710897236,1.3075533333333331,-254.76068892793597,3.4571856852312774,-145.48413710648455,0.5,3,-20,1,400,0.7,1,eq,0.5,35,5,10
7.482433334471366,-88.99189763453363,0.6968241909147566,-375.3466826445973,1.3075533333333331,-277.1802816145784,3.4571856852312774,-149.72383028736047,0.5,3,-20,1,400,0.7,1,eff,1,6.5,10,10
7.482433334471366,-88.99189763453363,0.6968241909147566,-390.9749819355633,1.3075533333333331,-287.3637467285527,3.4571856852312774,-151.64959085780706,0.5,3,-20,1,400,0.7,1,eq,1,35,10,10
5.327510845438027,-90.38986506758839,0.6968241909147566,-343.6375692278891,1.3075533333333331,-240.48790595990494,3.4571856852312774,-142.78505949756172,0.5,3,-20,1,400,0.7,1,eff,1,6.5,5,10
7.482433334471366,-91.40332519353423,0.6968241909147566,-377.7581102035979,1.3075533333333331,-279.97067832774866,3.4571856852312774,-150.2515127516283,0.5,3,-20,1,400,0.7,1,eff,0.5,6.5,10,10
5.327510845438027,-91.51466541437559,0.6968241909147566,-344.7623695746763,1.3075533333333331,-241.78947489228017,3.4571856852312774,-143.03119478664382,0.5,3,-20,1,400,0.7,1,eff,1,35,5,10
5.327510845438027,-92.09914869793256,0.6968241909147566,-345.3468528582333,1.3075533333333331,-242.4658129476283,3.4571856852312774,-143.15909478381616,0.5,3,-20,1,400,0.7,1,eff,0.5,6.5,5,10
7.482433334471366,-88.99189763453363,0.6968241909147566,-375.3466826445973,1.3075533333333331,-277.1802816145784,3.4571856852312774,-149.72383028736047,0.5,3,-20,1,400,0.7,1,eff,1,35,10,10
5.327510845438027,-94.59076824889578,0.6968241909147566,-347.8384724091965,1.3075533333333331,-245.34900426817575,3.4571856852312774,-143.70432532175414,0.5,3,-20,1,400,0.7,1,eff,0.5,35,5,10
7.482433334471366,-93.33965489659246,0.6968241909147566,-379.69443990665616,1.3075533333333331,-282.211312936465,3.4571856852312774,-150.67523156776318,0.5,3,-20,1,400,0.7,1,eff,0.5,35,10,10
7.482433334471366,-91.40332519353423,0.664380693404857,-406.2421959143308,1.3075533333333331,-304.33640492378595,3.4571856852312774,-154.85923271961232,0.5,3,-20,1,400,0.8,0.5,eq,0.5,6.5,10,10
5.327510845438027,-92.09914869793256,0.664380693404857,-373.02579816155065,1.3075533333333331,-265.4190395710815,3.4571856852312774,-147.49970166970928,0.5,3,-20,1,400,0.8,0.5,eq,0.5,6.5,5,10
5.327510845438027,-90.38986506758839,0.664380693404857,-371.31651453120645,1.3075533333333331,-263.4163896742014,3.4571856852312774,-147.12098733577116,0.5,3,-20,1,400,0.8,0.5,eq,1,6.5,5,10
7.482433334471366,-88.99189763453363,0.664380693404857,-403.83076835533024,1.3075533333333331,-301.51110135050317,3.4571856852312774,-154.32494913734695,0.5,3,-20,1,400,0.8,0.5,eq,1,6.5,10,10
7.482433334471366,-88.99189763453363,0.664380693404857,-403.83076835533024,1.3075533333333331,-301.51110135050317,3.4571856852312774,-154.32494913734695,0.5,3,-20,1,400,0.8,0.5,eq,1,35,10,10
5.327510845438027,-91.51466541437559,0.664380693404857,-372.44131487799365,1.3075533333333331,-264.7342407670225,3.4571856852312774,-147.37020168902626,0.5,3,-20,1,400,0.8,0.5,eq,1,35,5,10
7.482433334471366,-93.33965489659246,0.664380693404857,-408.178525617389,1.3075533333333331,-306.60506906741,3.4571856852312774,-155.28825210608645,0.5,3,-20,1,400,0.8,0.5,eq,0.5,35,10,10
5.327510845438027,-94.59076824889578,0.664380693404857,-375.51741771251386,1.3075533333333331,-268.338298579986,3.4571856852312774,-148.05175284593952,0.5,3,-20,1,400,0.8,0.5,eq,0.5,35,5,10
7.482433334471366,-88.99189763453363,0.664380693404857,-387.50926194699997,1.3075533333333331,-290.4839614151845,3.4571856852312774,-152.23964408110513,0.5,3,-20,1,400,0.8,0.5,eff,1,6.5,10,10
5.327510845438027,-90.38986506758839,0.664380693404857,-355.31984670291115,1.3075533333333331,-253.19531389686207,3.4571856852312774,-145.18811434025858,0.5,3,-20,1,400,0.8,0.5,eff,1,6.5,5,10
7.482433334471366,-88.99189763453363,0.664380693404857,-387.50926194699997,1.3075533333333331,-290.4839614151845,3.4571856852312774,-152.23964408110513,0.5,3,-20,1,400,0.8,0.5,eff,1,35,10,10
5.327510845438027,-91.51466541437559,0.664380693404857,-356.44464704969835,1.3075533333333331,-254.49829760476484,3.4571856852312774,-145.43451717274525,0.5,3,-20,1,400,0.8,0.5,eff,1,35,5,10
5.327510845438027,-92.09914869793256,0.664380693404857,-357.02913033325535,1.3075533333333331,-255.17537083036567,3.4571856852312774,-145.56255619547233,0.5,3,-20,1,400,0.8,0.5,eff,0.5,6.5,5,10
7.482433334471366,-91.40332519353423,0.664380693404857,-389.92068950600054,1.3075533333333331,-293.2773912313002,3.4571856852312774,-152.76790012519004,0.5,3,-20,1,400,0.8,0.5,eff,0.5,6.5,10,10
7.482433334471366,-88.99189763453363,0.6968241909147566,-390.9749819355633,1.3075533333333331,-287.3637467285527,3.4571856852312774,-151.64959085780706,0.5,3,-20,1,400,0.8,1,eq,1,35,10,10
5.327510845438027,-91.51466541437559,0.6968241909147566,-360.03608427445215,1.3075533333333331,-251.16125250643202,3.4571856852312774,-144.80345988524567,0.5,3,-20,1,400,0.8,1,eq,1,35,5,10
7.482433334471366,-93.33965489659246,0.664380693404857,-391.85701920905893,1.3075533333333331,-295.52046135856904,3.4571856852312774,-153.19207951398306,0.5,3,-20,1,400,0.8,0.5,eff,0.5,35,10,10
7.482433334471366,-88.99189763453363,0.6968241909147566,-390.9749819355633,1.3075533333333331,-287.3637467285527,3.4571856852312774,-151.64959085780706,0.5,3,-20,1,400,0.8,1,eq,1,6.5,10,10
5.327510845438027,-90.38986506758839,0.6968241909147566,-358.91128392766495,1.3075533333333331,-249.84509126217566,3.4571856852312774,-144.55456509352493,0.5,3,-20,1,400,0.8,1,eq,1,6.5,5,10
7.482433334471366,-93.33965489659246,0.6968241909147566,-395.3227391976221,1.3075533333333331,-292.4511825824732,3.4571856852312774,-152.61165860807725,0.5,3,-20,1,400,0.8,1,eq,0.5,35,10,10
5.327510845438027,-92.09914869793256,0.6968241909147566,-360.62056755800916,1.3075533333333331,-251.84517321168315,3.4571856852312774,-144.93279381163958,0.5,3,-20,1,400,0.8,1,eq,0.5,6.5,5,10
5.327510845438027,-94.59076824889578,0.664380693404857,-359.52074988421856,1.3075533333333331,-258.0616961147407,3.4571856852312774,-146.10837938668686,0.5,3,-20,1,400,0.8,0.5,eff,0.5,35,5,10
7.482433334471366,-91.40332519353423,0.6968241909147566,-393.3864094945639,1.3075533333333331,-290.18542748868975,3.4571856852312774,-152.18318934215824,0.5,3,-20,1,400,0.8,1,eq,0.5,6.5,10,10
5.327510845438027,-94.59076824889578,0.6968241909147566,-363.11218710897236,1.3075533333333331,-254.76068892793597,3.4571856852312774,-145.48413710648455,0.5,3,-20,1,400,0.8,1,eq,0.5,35,5,10
7.482433334471366,-88.99189763453363,0.6968241909147566,-375.3466826445973,1.3075533333333331,-277.1802816145784,3.4571856852312774,-149.72383028736047,0.5,3,-20,1,400,0.8,1,eff,1,6.5,10,10
5.327510845438027,-90.38986506758839,0.6968241909147566,-343.6375692278891,1.3075533333333331,-240.48790595990494,3.4571856852312774,-142.78505949756172,0.5,3,-20,1,400,0.8,1,eff,1,6.5,5,10
7.482433334471366,-88.99189763453363,0.6968241909147566,-375.3466826445973,1.3075533333333331,-277.1802816145784,3.4571856852312774,-149.72383028736047,0.5,3,-20,1,400,0.8,1,eff,1,35,10,10
5.327510845438027,-91.51466541437559,0.6968241909147566,-344.7623695746763,1.3075533333333331,-241.78947489228017,3.4571856852312774,-143.03119478664382,0.5,3,-20,1,400,0.8,1,eff,1,35,5,10
7.482433334471366,-91.40332519353423,0.6968241909147566,-377.7581102035979,1.3075533333333331,-279.97067832774866,3.4571856852312774,-150.2515127516283,0.5,3,-20,1,400,0.8,1,eff,0.5,6.5,10,10
5.327510845438027,-92.09914869793256,0.6968241909147566,-345.3468528582333,1.3075533333333331,-242.4658129476283,3.4571856852312774,-143.15909478381616,0.5,3,-20,1,400,0.8,1,eff,0.5,6.5,5,10
7.482433334471366,-88.99189763453363,0.664380693404857,-403.83076835533024,1.6811399999999996,-301.5115375893387,3.643979018564611,-161.8699318448793,0.5,3,-20,1,500,0.7,0.5,eq,1,6.5,10,10
5.327510845438027,-94.59076824889578,0.6968241909147566,-347.8384724091965,1.3075533333333331,-245.34900426817575,3.4571856852312774,-143.70432532175414,0.5,3,-20,1,400,0.8,1,eff,0.5,35,5,10
5.327510845438027,-90.38986506758839,0.664380693404857,-371.31651453120645,1.6811399999999996,-263.41682591674873,3.643979018564611,-153.0824850381075,0.5,3,-20,1,500,0.7,0.5,eq,1,6.5,5,10
7.482433334471366,-93.33965489659246,0.6968241909147566,-379.69443990665616,1.3075533333333331,-282.211312936465,3.4571856852312774,-150.67523156776318,0.5,3,-20,1,400,0.8,1,eff,0.5,35,10,10
7.482433334471366,-88.99189763453363,0.664380693404857,-403.83076835533024,1.6811399999999996,-301.5115375893387,3.643979018564611,-161.8699318448793,0.5,3,-20,1,500,0.7,0.5,eq,1,35,10,10
5.327510845438027,-91.51466541437559,0.664380693404857,-372.44131487799365,1.6811399999999996,-264.73467700867843,3.643979018564611,-153.38647858107245,0.5,3,-20,1,500,0.7,0.5,eq,1,35,5,10
7.482433334471366,-91.40332519353423,0.664380693404857,-406.2421959143308,1.6811399999999996,-304.33684116487694,3.643979018564611,-162.52165497895655,0.5,3,-20,1,500,0.7,0.5,eq,0.5,6.5,10,10
5.327510845438027,-92.09914869793256,0.664380693404857,-373.02579816155065,1.6811399999999996,-265.41947581357897,3.643979018564611,-153.5444436320519,0.5,3,-20,1,500,0.7,0.5,eq,0.5,6.5,5,10
5.327510845438027,-94.59076824889578,0.664380693404857,-375.51741771251386,1.6811399999999996,-268.3387348224374,3.643979018564611,-154.21783981039826,0.5,3,-20,1,500,0.7,0.5,eq,0.5,35,5,10
5.327510845438027,-92.09914869793256,0.664380693404857,-357.02913033325535,1.6811399999999996,-255.1757689304016,3.643979018564611,-151.18149020917937,0.5,3,-20,1,500,0.7,0.5,eff,0.5,6.5,5,10
5.327510845438027,-90.38986506758839,0.664380693404857,-355.31984670291115,1.6811399999999996,-253.19571199951406,3.643979018564611,-150.72474321752094,0.5,3,-20,1,500,0.7,0.5,eff,1,6.5,5,10
7.482433334471366,-93.33965489659246,0.664380693404857,-408.178525617389,1.6811399999999996,-306.6055053062115,3.643979018564611,-163.04497605395895,0.5,3,-20,1,500,0.7,0.5,eq,0.5,35,10,10
5.327510845438027,-91.51466541437559,0.664380693404857,-356.44464704969835,1.6811399999999996,-254.49869570738392,3.643979018564611,-151.0253072464971,0.5,3,-20,1,500,0.7,0.5,eff,1,35,5,10
7.482433334471366,-88.99189763453363,0.664380693404857,-387.50926194699997,1.6811399999999996,-290.48435951707535,3.643979018564611,-159.32625225040852,0.5,3,-20,1,500,0.7,0.5,eff,1,6.5,10,10
7.482433334471366,-88.99189763453363,0.664380693404857,-387.50926194699997,1.6811399999999996,-290.48435951707535,3.643979018564611,-159.32625225040852,0.5,3,-20,1,500,0.7,0.5,eff,1,35,10,10
7.482433334471366,-91.40332519353423,0.664380693404857,-389.92068950600054,1.6811399999999996,-293.2777893307897,3.643979018564611,-159.97062294698816,0.5,3,-20,1,500,0.7,0.5,eff,0.5,6.5,10,10
7.482433334471366,-88.99189763453363,0.6968241909147566,-390.9749819355633,1.6811399999999996,-287.36415848866835,3.643979018564611,-158.60650403970644,0.5,3,-20,1,500,0.7,1,eq,1,35,10,10
5.327510845438027,-90.38986506758839,0.6968241909147566,-358.91128392766495,1.6811399999999996,-249.84550302215675,3.643979018564611,-149.95193822996455,0.5,3,-20,1,500,0.7,1,eq,1,6.5,5,10
7.482433334471366,-88.99189763453363,0.6968241909147566,-390.9749819355633,1.6811399999999996,-287.36415848866835,3.643979018564611,-158.60650403970644,0.5,3,-20,1,500,0.7,1,eq,1,6.5,10,10
5.327510845438027,-91.51466541437559,0.6968241909147566,-360.03608427445215,1.6811399999999996,-251.16166426642107,3.643979018564611,-150.25554196957324,0.5,3,-20,1,500,0.7,1,eq,1,35,5,10
5.327510845438027,-94.59076824889578,0.664380693404857,-359.52074988421856,1.6811399999999996,-258.0620942175008,3.643979018564611,-151.847289445184,0.5,3,-20,1,500,0.7,0.5,eff,0.5,35,5,10
7.482433334471366,-93.33965489659246,0.664380693404857,-391.85701920905893,1.6811399999999996,-295.52085946014,3.643979018564611,-160.4880401574118,0.5,3,-20,1,500,0.7,0.5,eff,0.5,35,10,10
7.482433334471366,-91.40332519353423,0.6968241909147566,-393.3864094945639,1.6811399999999996,-290.18583924959165,3.643979018564611,-159.25739148585416,0.5,3,-20,1,500,0.7,1,eq,0.5,6.5,10,10
5.327510845438027,-92.09914869793256,0.6968241909147566,-360.62056755800916,1.6811399999999996,-251.84558497167563,3.643979018564611,-150.4133044660878,0.5,3,-20,1,500,0.7,1,eq,0.5,6.5,5,10
7.482433334471366,-93.33965489659246,0.6968241909147566,-395.3227391976221,1.6811399999999996,-292.4515943402458,3.643979018564611,-159.78004151947067,0.5,3,-20,1,500,0.7,1,eq,0.5,35,10,10
5.327510845438027,-94.59076824889578,0.6968241909147566,-363.11218710897236,1.6811399999999996,-254.76110068882778,3.643979018564611,-151.08583716561242,0.5,3,-20,1,500,0.7,1,eq,0.5,35,5,10
7.482433334471366,-88.99189763453363,0.6968241909147566,-375.3466826445973,1.6811399999999996,-277.1806577594685,3.643979018564611,-156.25743859110364,0.5,3,-20,1,500,0.7,1,eff,1,35,10,10
5.327510845438027,-90.38986506758839,0.6968241909147566,-343.6375692278891,1.6811399999999996,-240.4882821047314,3.643979018564611,-147.79347377490348,0.5,3,-20,1,500,0.7,1,eff,1,6.5,5,10
7.482433334471366,-88.99189763453363,0.6968241909147566,-375.3466826445973,1.6811399999999996,-277.1806577594685,3.643979018564611,-156.25743859110364,0.5,3,-20,1,500,0.7,1,eff,1,6.5,10,10
5.327510845438027,-92.09914869793256,0.6968241909147566,-345.3468528582333,1.6811399999999996,-242.46618909245854,3.643979018564611,-148.24972483129096,0.5,3,-20,1,500,0.7,1,eff,0.5,6.5,5,10
7.482433334471366,-91.40332519353423,0.6968241909147566,-377.7581102035979,1.6811399999999996,-279.97105447333087,3.643979018564611,-156.90110963142024,0.5,3,-20,1,500,0.7,1,eff,0.5,6.5,10,10
5.327510845438027,-91.51466541437559,0.6968241909147566,-344.7623695746763,1.6811399999999996,-241.78985103388658,3.643979018564611,-148.0937114516866,0.5,3,-20,1,500,0.7,1,eff,1,35,5,10
5.327510845438027,-94.59076824889578,0.6968241909147566,-347.8384724091965,1.6811399999999996,-245.34938041324347,3.643979018564611,-148.91480114379584,0.5,3,-20,1,500,0.7,1,eff,0.5,35,5,10
7.482433334471366,-88.99189763453363,0.664380693404857,-403.83076835533024,1.6811399999999996,-301.5115375893387,3.643979018564611,-161.8699318448793,0.5,3,-20,1,500,0.8,0.5,eq,1,6.5,10,10
7.482433334471366,-93.33965489659246,0.6968241909147566,-379.69443990665616,1.6811399999999996,-282.21168907997543,3.643979018564611,-157.4179650308921,0.5,3,-20,1,500,0.7,1,eff,0.5,35,10,10
7.482433334471366,-88.99189763453363,0.664380693404857,-403.83076835533024,1.6811399999999996,-301.5115375893387,3.643979018564611,-161.8699318448793,0.5,3,-20,1,500,0.8,0.5,eq,1,35,10,10
7.482433334471366,-91.40332519353423,0.664380693404857,-406.2421959143308,1.6811399999999996,-304.33684116487694,3.643979018564611,-162.52165497895655,0.5,3,-20,1,500,0.8,0.5,eq,0.5,6.5,10,10
5.327510845438027,-91.51466541437559,0.664380693404857,-372.44131487799365,1.6811399999999996,-264.73467700867843,3.643979018564611,-153.38647858107245,0.5,3,-20,1,500,0.8,0.5,eq,1,35,5,10
5.327510845438027,-92.09914869793256,0.664380693404857,-373.02579816155065,1.6811399999999996,-265.41947581357897,3.643979018564611,-153.5444436320519,0.5,3,-20,1,500,0.8,0.5,eq,0.5,6.5,5,10
5.327510845438027,-90.38986506758839,0.664380693404857,-371.31651453120645,1.6811399999999996,-263.41682591674873,3.643979018564611,-153.0824850381075,0.5,3,-20,1,500,0.8,0.5,eq,1,6.5,5,10
7.482433334471366,-93.33965489659246,0.664380693404857,-408.178525617389,1.6811399999999996,-306.6055053062115,3.643979018564611,-163.04497605395895,0.5,3,-20,1,500,0.8,0.5,eq,0.5,35,10,10
5.327510845438027,-94.59076824889578,0.664380693404857,-375.51741771251386,1.6811399999999996,-268.3387348224374,3.643979018564611,-154.21783981039826,0.5,3,-20,1,500,0.8,0.5,eq,0.5,35,5,10
7.482433334471366,-88.99189763453363,0.664380693404857,-387.50926194699997,1.6811399999999996,-290.48435951707535,3.643979018564611,-159.32625225040852,0.5,3,-20,1,500,0.8,0.5,eff,1,35,10,10
7.482433334471366,-88.99189763453363,0.664380693404857,-387.50926194699997,1.6811399999999996,-290.48435951707535,3.643979018564611,-159.32625225040852,0.5,3,-20,1,500,0.8,0.5,eff,1,6.5,10,10
5.327510845438027,-91.51466541437559,0.664380693404857,-356.44464704969835,1.6811399999999996,-254.49869570738392,3.643979018564611,-151.0253072464971,0.5,3,-20,1,500,0.8,0.5,eff,1,35,5,10
5.327510845438027,-90.38986506758839,0.664380693404857,-355.31984670291115,1.6811399999999996,-253.19571199951406,3.643979018564611,-150.72474321752094,0.5,3,-20,1,500,0.8,0.5,eff,1,6.5,5,10
7.482433334471366,-91.40332519353423,0.664380693404857,-389.92068950600054,1.6811399999999996,-293.2777893307897,3.643979018564611,-159.97062294698816,0.5,3,-20,1,500,0.8,0.5,eff,0.5,6.5,10,10
5.327510845438027,-92.09914869793256,0.664380693404857,-357.02913033325535,1.6811399999999996,-255.1757689304016,3.643979018564611,-151.18149020917937,0.5,3,-20,1,500,0.8,0.5,eff,0.5,6.5,5,10
5.327510845438027,-94.59076824889578,0.664380693404857,-359.52074988421856,1.6811399999999996,-258.0620942175008,3.643979018564611,-151.847289445184,0.5,3,-20,1,500,0.8,0.5,eff,0.5,35,5,10
7.482433334471366,-88.99189763453363,0.6968241909147566,-390.9749819355633,1.6811399999999996,-287.36415848866835,3.643979018564611,-158.60650403970644,0.5,3,-20,1,500,0.8,1,eq,1,6.5,10,10
5.327510845438027,-92.09914869793256,0.6968241909147566,-360.62056755800916,1.6811399999999996,-251.84558497167563,3.643979018564611,-150.4133044660878,0.5,3,-20,1,500,0.8,1,eq,0.5,6.5,5,10
5.327510845438027,-91.51466541437559,0.6968241909147566,-360.03608427445215,1.6811399999999996,-251.16166426642107,3.643979018564611,-150.25554196957324,0.5,3,-20,1,500,0.8,1,eq,1,35,5,10
7.482433334471366,-93.33965489659246,0.6968241909147566,-395.3227391976221,1.6811399999999996,-292.4515943402458,3.643979018564611,-159.78004151947067,0.5,3,-20,1,500,0.8,1,eq,0.5,35,10,10
7.482433334471366,-88.99189763453363,0.6968241909147566,-390.9749819355633,1.6811399999999996,-287.36415848866835,3.643979018564611,-158.60650403970644,0.5,3,-20,1,500,0.8,1,eq,1,35,10,10
7.482433334471366,-93.33965489659246,0.664380693404857,-391.85701920905893,1.6811399999999996,-295.52085946014,3.643979018564611,-160.4880401574118,0.5,3,-20,1,500,0.8,0.5,eff,0.5,35,10,10
5.327510845438027,-90.38986506758839,0.6968241909147566,-358.91128392766495,1.6811399999999996,-249.84550302215675,3.643979018564611,-149.95193822996455,0.5,3,-20,1,500,0.8,1,eq,1,6.5,5,10
7.482433334471366,-91.40332519353423,0.6968241909147566,-393.3864094945639,1.6811399999999996,-290.18583924959165,3.643979018564611,-159.25739148585416,0.5,3,-20,1,500,0.8,1,eq,0.5,6.5,10,10
5.327510845438027,-94.59076824889578,0.6968241909147566,-363.11218710897236,1.6811399999999996,-254.76110068882778,3.643979018564611,-151.08583716561242,0.5,3,-20,1,500,0.8,1,eq,0.5,35,5,10
7.482433334471366,-88.99189763453363,0.6968241909147566,-375.3466826445973,1.6811399999999996,-277.1806577594685,3.643979018564611,-156.25743859110364,0.5,3,-20,1,500,0.8,1,eff,1,6.5,10,10
5.327510845438027,-90.38986506758839,0.6968241909147566,-343.6375692278891,1.6811399999999996,-240.4882821047314,3.643979018564611,-147.79347377490348,0.5,3,-20,1,500,0.8,1,eff,1,6.5,5,10
7.482433334471366,-91.40332519353423,0.6968241909147566,-377.7581102035979,1.6811399999999996,-279.97105447333087,3.643979018564611,-156.90110963142024,0.5,3,-20,1,500,0.8,1,eff,0.5,6.5,10,10
5.327510845438027,-91.51466541437559,0.6968241909147566,-344.7623695746763,1.6811399999999996,-241.78985103388658,3.643979018564611,-148.0937114516866,0.5,3,-20,1,500,0.8,1,eff,1,35,5,10
7.482433334471366,-88.99189763453363,0.6968241909147566,-375.3466826445973,1.6811399999999996,-277.1806577594685,3.643979018564611,-156.25743859110364,0.5,3,-20,1,500,0.8,1,eff,1,35,10,10
5.327510845438027,-94.59076824889578,0.6968241909147566,-347.8384724091965,1.6811399999999996,-245.34938041324347,3.643979018564611,-148.91480114379584,0.5,3,-20,1,500,0.8,1,eff,0.5,35,5,10
5.327510845438027,-92.09914869793256,0.6968241909147566,-345.3468528582333,1.6811399999999996,-242.46618909245854,3.643979018564611,-148.24972483129096,0.5,3,-20,1,500,0.8,1,eff,0.5,6.5,5,10
7.482433334471366,-93.33965489659246,0.6968241909147566,-379.69443990665616,1.6811399999999996,-282.21168907997543,3.643979018564611,-157.4179650308921,0.5,3,-20,1,500,0.8,1,eff,0.5,35,10,10
5.327510845438027,-91.51466541437559,0.664380693404857,-372.44131487799365,2.6151066666666662,-264.735767610192,4.110962351897944,-166.03538519487847,0.5,3,-20,2,400,0.7,0.5,eq,1,35,5,10
7.482433334471366,-88.99189763453363,0.664380693404857,-403.83076835533024,2.6151066666666662,-301.5126281921532,4.110962351897944,-177.7328181867611,0.5,3,-20,2,400,0.7,0.5,eq,1,6.5,10,10
5.327510845438027,-92.09914869793256,0.664380693404857,-373.02579816155065,2.6151066666666662,-265.42056641485414,4.110962351897944,-166.2531957421546,0.5,3,-20,2,400,0.7,0.5,eq,0.5,6.5,5,10
7.482433334471366,-88.99189763453363,0.664380693404857,-403.83076835533024,2.6151066666666662,-301.5126281921532,4.110962351897944,-177.7328181867611,0.5,3,-20,2,400,0.7,0.5,eq,1,35,10,10
7.482433334471366,-93.33965489659246,0.664380693404857,-408.178525617389,2.6151066666666662,-306.6065959089775,4.110962351897944,-179.35303114369827,0.5,3,-20,2,400,0.7,0.5,eq,0.5,35,10,10
7.482433334471366,-91.40332519353423,0.664380693404857,-406.2421959143308,2.6151066666666662,-304.3379317677824,4.110962351897944,-178.63144843237433,0.5,3,-20,2,400,0.7,0.5,eq,0.5,6.5,10,10
5.327510845438027,-90.38986506758839,0.664380693404857,-371.31651453120645,2.6151066666666662,-263.4179165179636,4.110962351897944,-165.61622285745526,0.5,3,-20,2,400,0.7,0.5,eq,1,6.5,5,10
5.327510845438027,-94.59076824889578,0.664380693404857,-375.51741771251386,2.6151066666666662,-268.33982542377396,4.110962351897944,-167.1817099247801,0.5,3,-20,2,400,0.7,0.5,eq,0.5,35,5,10
7.482433334471366,-88.99189763453363,0.664380693404857,-387.50926194699997,2.6151066666666662,-290.4853547724613,4.110962351897944,-174.22542821739307,0.5,3,-20,2,400,0.7,0.5,eff,1,6.5,10,10
5.327510845438027,-90.38986506758839,0.664380693404857,-355.31984670291115,2.6151066666666662,-253.1967072558266,4.110962351897944,-162.36521370257094,0.5,3,-20,2,400,0.7,0.5,eff,1,6.5,5,10
7.482433334471366,-91.40332519353423,0.664380693404857,-389.92068950600054,2.6151066666666662,-293.2787845879635,4.110962351897944,-175.1139205347715,0.5,3,-20,2,400,0.7,0.5,eff,0.5,6.5,10,10
7.482433334471366,-88.99189763453363,0.664380693404857,-387.50926194699997,2.6151066666666662,-290.4853547724613,4.110962351897944,-174.22542821739307,0.5,3,-20,2,400,0.7,0.5,eff,1,35,10,10
5.327510845438027,-92.09914869793256,0.664380693404857,-357.02913033325535,2.6151066666666662,-255.17676418573703,4.110962351897944,-162.9950005547174,0.5,3,-20,2,400,0.7,0.5,eff,0.5,6.5,5,10
7.482433334471366,-93.33965489659246,0.664380693404857,-391.85701920905893,2.6151066666666662,-295.52185471521597,4.110962351897944,-175.8273626854725,0.5,3,-20,2,400,0.7,0.5,eff,0.5,35,10,10
5.327510845438027,-91.51466541437559,0.664380693404857,-356.44464704969835,2.6151066666666662,-254.49969096364205,4.110962351897944,-162.77964724503502,0.5,3,-20,2,400,0.7,0.5,eff,1,35,5,10
5.327510845438027,-94.59076824889578,0.664380693404857,-359.52074988421856,2.6151066666666662,-258.06308947373304,4.110962351897944,-163.91303967265313,0.5,3,-20,2,400,0.7,0.5,eff,0.5,35,5,10
5.327510845438027,-90.38986506758839,0.6968241909147566,-358.91128392766495,2.6151066666666662,-249.84653242424955,4.110962351897944,-161.2996402690766,0.5,3,-20,2,400,0.7,1,eq,1,6.5,5,10
7.482433334471366,-93.33965489659246,0.6968241909147566,-395.3227391976221,2.6151066666666662,-292.4526237416063,4.110962351897944,-174.85114766650977,0.5,3,-20,2,400,0.7,1,eq,0.5,35,10,10
5.327510845438027,-92.09914869793256,0.6968241909147566,-360.62056755800916,2.6151066666666662,-251.84661437376815,4.110962351897944,-161.93579637953715,0.5,3,-20,2,400,0.7,1,eq,0.5,6.5,5,10
5.327510845438027,-91.51466541437559,0.6968241909147566,-360.03608427445215,2.6151066666666662,-251.16269366846944,4.110962351897944,-161.7182651249548,0.5,3,-20,2,400,0.7,1,eq,1,35,5,10
7.482433334471366,-88.99189763453363,0.6968241909147566,-390.9749819355633,2.6151066666666662,-287.3651878908215,4.110962351897944,-173.23301226769195,0.5,3,-20,2,400,0.7,1,eq,1,6.5,10,10
5.327510845438027,-94.59076824889578,0.6968241909147566,-363.11218710897236,2.6151066666666662,-254.76213009093868,4.110962351897944,-162.86311995198776,0.5,3,-20,2,400,0.7,1,eq,0.5,35,5,10
7.482433334471366,-88.99189763453363,0.6968241909147566,-390.9749819355633,2.6151066666666662,-287.3651878908215,4.110962351897944,-173.23301226769195,0.5,3,-20,2,400,0.7,1,eq,1,35,10,10
7.482433334471366,-91.40332519353423,0.6968241909147566,-393.3864094945639,2.6151066666666662,-290.1868686509091,4.110962351897944,-174.13049022239812,0.5,3,-20,2,400,0.7,1,eq,0.5,6.5,10,10
7.482433334471366,-88.99189763453363,0.6968241909147566,-375.3466826445973,2.6151066666666662,-277.18159811996486,4.110962351897944,-169.99396855715176,0.5,3,-20,2,400,0.7,1,eff,1,6.5,10,10
5.327510845438027,-90.38986506758839,0.6968241909147566,-343.6375692278891,2.6151066666666662,-240.48922246545305,4.110962351897944,-158.323407265627,0.5,3,-20,2,400,0.7,1,eff,1,6.5,5,10
7.482433334471366,-91.40332519353423,0.6968241909147566,-377.7581102035979,2.6151066666666662,-279.9719948330447,4.110962351897944,-170.88149615073957,0.5,3,-20,2,400,0.7,1,eff,0.5,6.5,10,10
7.482433334471366,-88.99189763453363,0.6968241909147566,-375.3466826445973,2.6151066666666662,-277.18159811996486,4.110962351897944,-169.99396855715176,0.5,3,-20,2,400,0.7,1,eff,1,35,10,10
5.327510845438027,-91.51466541437559,0.6968241909147566,-344.7623695746763,2.6151066666666662,-241.79079139688636,4.110962351897944,-158.73739081720905,0.5,3,-20,2,400,0.7,1,eff,1,35,5,10
7.482433334471366,-88.99189763453363,0.664380693404857,-403.83076835533024,2.6151066666666662,-301.5126281921532,4.110962351897944,-177.7328181867611,0.5,3,-20,2,400,0.8,0.5,eq,1,6.5,10,10
7.482433334471366,-88.99189763453363,0.664380693404857,-403.83076835533024,2.6151066666666662,-301.5126281921532,4.110962351897944,-177.7328181867611,0.5,3,-20,2,400,0.8,0.5,eq,1,35,10,10
5.327510845438027,-92.09914869793256,0.6968241909147566,-345.3468528582333,2.6151066666666662,-242.46712945570172,4.110962351897944,-158.95251029716627,0.5,3,-20,2,400,0.7,1,eff,0.5,6.5,5,10
7.482433334471366,-93.33965489659246,0.6968241909147566,-379.69443990665616,2.6151066666666662,-282.21262944048885,4.110962351897944,-171.5941636477778,0.5,3,-20,2,400,0.7,1,eff,0.5,35,10,10
5.327510845438027,-94.59076824889578,0.6968241909147566,-347.8384724091965,2.6151066666666662,-245.35032077299996,4.110962351897944,-159.86955260864121,0.5,3,-20,2,400,0.7,1,eff,0.5,35,5,10
5.327510845438027,-90.38986506758839,0.664380693404857,-371.31651453120645,2.6151066666666662,-263.4179165179636,4.110962351897944,-165.61622285745526,0.5,3,-20,2,400,0.8,0.5,eq,1,6.5,5,10
5.327510845438027,-91.51466541437559,0.664380693404857,-372.44131487799365,2.6151066666666662,-264.735767610192,4.110962351897944,-166.03538519487847,0.5,3,-20,2,400,0.8,0.5,eq,1,35,5,10
7.482433334471366,-91.40332519353423,0.664380693404857,-406.2421959143308,2.6151066666666662,-304.3379317677824,4.110962351897944,-178.63144843237433,0.5,3,-20,2,400,0.8,0.5,eq,0.5,6.5,10,10
7.482433334471366,-93.33965489659246,0.664380693404857,-408.178525617389,2.6151066666666662,-306.6065959089775,4.110962351897944,-179.35303114369827,0.5,3,-20,2,400,0.8,0.5,eq,0.5,35,10,10
5.327510845438027,-92.09914869793256,0.664380693404857,-373.02579816155065,2.6151066666666662,-265.42056641485414,4.110962351897944,-166.2531957421546,0.5,3,-20,2,400,0.8,0.5,eq,0.5,6.5,5,10
5.327510845438027,-94.59076824889578,0.664380693404857,-375.51741771251386,2.6151066666666662,-268.33982542377396,4.110962351897944,-167.1817099247801,0.5,3,-20,2,400,0.8,0.5,eq,0.5,35,5,10
5.327510845438027,-90.38986506758839,0.664380693404857,-355.31984670291115,2.6151066666666662,-253.1967072558266,4.110962351897944,-162.36521370257094,0.5,3,-20,2,400,0.8,0.5,eff,1,6.5,5,10
7.482433334471366,-88.99189763453363,0.664380693404857,-387.50926194699997,2.6151066666666662,-290.4853547724613,4.110962351897944,-174.22542821739307,0.5,3,-20,2,400,0.8,0.5,eff,1,6.5,10,10
7.482433334471366,-88.99189763453363,0.664380693404857,-387.50926194699997,2.6151066666666662,-290.4853547724613,4.110962351897944,-174.22542821739307,0.5,3,-20,2,400,0.8,0.5,eff,1,35,10,10
5.327510845438027,-91.51466541437559,0.664380693404857,-356.44464704969835,2.6151066666666662,-254.49969096364205,4.110962351897944,-162.77964724503502,0.5,3,-20,2,400,0.8,0.5,eff,1,35,5,10
7.482433334471366,-91.40332519353423,0.664380693404857,-389.92068950600054,2.6151066666666662,-293.2787845879635,4.110962351897944,-175.1139205347715,0.5,3,-20,2,400,0.8,0.5,eff,0.5,6.5,10,10
7.482433334471366,-93.33965489659246,0.664380693404857,-391.85701920905893,2.6151066666666662,-295.52185471521597,4.110962351897944,-175.8273626854725,0.5,3,-20,2,400,0.8,0.5,eff,0.5,35,10,10
7.482433334471366,-88.99189763453363,0.6968241909147566,-390.9749819355633,2.6151066666666662,-287.3651878908215,4.110962351897944,-173.23301226769195,0.5,3,-20,2,400,0.8,1,eq,1,6.5,10,10
5.327510845438027,-92.09914869793256,0.664380693404857,-357.02913033325535,2.6151066666666662,-255.17676418573703,4.110962351897944,-162.9950005547174,0.5,3,-20,2,400,0.8,0.5,eff,0.5,6.5,5,10
5.327510845438027,-94.59076824889578,0.664380693404857,-359.52074988421856,2.6151066666666662,-258.06308947373304,4.110962351897944,-163.91303967265313,0.5,3,-20,2,400,0.8,0.5,eff,0.5,35,5,10
5.327510845438027,-91.51466541437559,0.6968241909147566,-360.03608427445215,2.6151066666666662,-251.16269366846944,4.110962351897944,-161.7182651249548,0.5,3,-20,2,400,0.8,1,eq,1,35,5,10
5.327510845438027,-90.38986506758839,0.6968241909147566,-358.91128392766495,2.6151066666666662,-249.84653242424955,4.110962351897944,-161.2996402690766,0.5,3,-20,2,400,0.8,1,eq,1,6.5,5,10
7.482433334471366,-88.99189763453363,0.6968241909147566,-390.9749819355633,2.6151066666666662,-287.3651878908215,4.110962351897944,-173.23301226769195,0.5,3,-20,2,400,0.8,1,eq,1,35,10,10
5.327510845438027,-92.09914869793256,0.6968241909147566,-360.62056755800916,2.6151066666666662,-251.84661437376815,4.110962351897944,-161.93579637953715,0.5,3,-20,2,400,0.8,1,eq,0.5,6.5,5,10
7.482433334471366,-93.33965489659246,0.6968241909147566,-395.3227391976221,2.6151066666666662,-292.4526237416063,4.110962351897944,-174.85114766650977,0.5,3,-20,2,400,0.8,1,eq,0.5,35,10,10
7.482433334471366,-91.40332519353423,0.6968241909147566,-393.3864094945639,2.6151066666666662,-290.1868686509091,4.110962351897944,-174.13049022239812,0.5,3,-20,2,400,0.8,1,eq,0.5,6.5,10,10
5.327510845438027,-94.59076824889578,0.6968241909147566,-363.11218710897236,2.6151066666666662,-254.76213009093868,4.110962351897944,-162.86311995198776,0.5,3,-20,2,400,0.8,1,eq,0.5,35,5,10
7.482433334471366,-88.99189763453363,0.6968241909147566,-375.3466826445973,2.6151066666666662,-277.18159811996486,4.110962351897944,-169.99396855715176,0.5,3,-20,2,400,0.8,1,eff,1,6.5,10,10
5.327510845438027,-90.38986506758839,0.6968241909147566,-343.6375692278891,2.6151066666666662,-240.48922246545305,4.110962351897944,-158.323407265627,0.5,3,-20,2,400,0.8,1,eff,1,6.5,5,10
7.482433334471366,-88.99189763453363,0.6968241909147566,-375.3466826445973,2.6151066666666662,-277.18159811996486,4.110962351897944,-169.99396855715176,0.5,3,-20,2,400,0.8,1,eff,1,35,10,10
5.327510845438027,-91.51466541437559,0.6968241909147566,-344.7623695746763,2.6151066666666662,-241.79079139688636,4.110962351897944,-158.73739081720905,0.5,3,-20,2,400,0.8,1,eff,1,35,5,10
7.482433334471366,-91.40332519353423,0.6968241909147566,-377.7581102035979,2.6151066666666662,-279.9719948330447,4.110962351897944,-170.88149615073957,0.5,3,-20,2,400,0.8,1,eff,0.5,6.5,10,10
5.327510845438027,-92.09914869793256,0.6968241909147566,-345.3468528582333,2.6151066666666662,-242.46712945570172,4.110962351897944,-158.95251029716627,0.5,3,-20,2,400,0.8,1,eff,0.5,6.5,5,10
5.327510845438027,-94.59076824889578,0.6968241909147566,-347.8384724091965,2.6151066666666662,-245.35032077299996,4.110962351897944,-159.86955260864121,0.5,3,-20,2,400,0.8,1,eff,0.5,35,5,10
7.482433334471366,-93.33965489659246,0.6968241909147566,-379.69443990665616,2.6151066666666662,-282.21262944048885,4.110962351897944,-171.5941636477778,0.5,3,-20,2,400,0.8,1,eff,0.5,35,10,10
5.327510845438027,-91.51466541437559,0.664380693404857,-372.44131487799365,3.3622799999999993,-264.73664009236296,4.484549018564611,-174.25797646933873,0.5,3,-20,2,500,0.7,0.5,eq,1,35,5,10
7.482433334471366,-88.99189763453363,0.664380693404857,-403.83076835533024,3.3622799999999993,-301.51350067286586,4.484549018564611,-188.04465850589636,0.5,3,-20,2,500,0.7,0.5,eq,1,35,10,10
5.327510845438027,-92.09914869793256,0.664380693404857,-373.02579816155065,3.3622799999999993,-265.4214388970838,4.484549018564611,-174.5146896099027,0.5,3,-20,2,500,0.7,0.5,eq,0.5,6.5,5,10
7.482433334471366,-91.40332519353423,0.664380693404857,-406.2421959143308,3.3622799999999993,-304.33880424840316,4.484549018564611,-189.10379083633055,0.5,3,-20,2,500,0.7,0.5,eq,0.5,6.5,10,10
7.482433334471366,-88.99189763453363,0.664380693404857,-387.50926194699997,3.3622799999999993,-290.48615097575697,4.484549018564611,-183.91079385349673,0.5,3,-20,2,500,0.7,0.5,eff,1,6.5,10,10
7.482433334471366,-88.99189763453363,0.664380693404857,-403.83076835533024,3.3622799999999993,-301.51350067286586,4.484549018564611,-188.04465850589636,0.5,3,-20,2,500,0.7,0.5,eq,1,6.5,10,10
5.327510845438027,-90.38986506758839,0.664380693404857,-371.31651453120645,3.3622799999999993,-263.41878900014035,4.484549018564611,-173.76394860254373,0.5,3,-20,2,500,0.7,0.5,eq,1,6.5,5,10
7.482433334471366,-93.33965489659246,0.664380693404857,-408.178525617389,3.3622799999999993,-306.6074683895893,4.484549018564611,-189.95425361832386,0.5,3,-20,2,500,0.7,0.5,eq,0.5,35,10,10
5.327510845438027,-94.59076824889578,0.664380693404857,-375.51741771251386,3.3622799999999993,-268.34069790503776,4.484549018564611,-175.6090433717449,0.5,3,-20,2,500,0.7,0.5,eq,0.5,35,5,10
5.327510845438027,-90.38986506758839,0.664380693404857,-355.31984670291115,3.3622799999999993,-253.19750345842053,4.484549018564611,-169.93225629536346,0.5,3,-20,2,500,0.7,0.5,eff,1,6.5,5,10
7.482433334471366,-88.99189763453363,0.664380693404857,-387.50926194699997,3.3622799999999993,-290.48615097575697,4.484549018564611,-183.91079385349673,0.5,3,-20,2,500,0.7,0.5,eff,1,35,10,10
5.327510845438027,-91.51466541437559,0.664380693404857,-356.44464704969835,3.3622799999999993,-254.50048716627788,4.484549018564611,-170.4207107690596,0.5,3,-20,2,500,0.7,0.5,eff,1,35,5,10
7.482433334471366,-93.33965489659246,0.664380693404857,-391.85701920905893,3.3622799999999993,-295.5226509217504,4.484549018564611,-185.79884580346018,0.5,3,-20,2,500,0.7,0.5,eff,0.5,35,10,10
5.327510845438027,-92.09914869793256,0.664380693404857,-357.02913033325535,3.3622799999999993,-255.1775603919918,4.484549018564611,-170.67452779234648,0.5,3,-20,2,500,0.7,0.5,eff,0.5,6.5,5,10
7.482433334471366,-88.99189763453363,0.6968241909147566,-390.9749819355633,3.3622799999999993,-287.36601141243875,4.484549018564611,-182.74113523146752,0.5,3,-20,2,500,0.7,1,eq,1,6.5,10,10
5.327510845438027,-94.59076824889578,0.664380693404857,-359.52074988421856,3.3622799999999993,-258.06388567969935,4.484549018564611,-171.7565355648315,0.5,3,-20,2,500,0.7,0.5,eff,0.5,35,5,10
7.482433334471366,-91.40332519353423,0.664380693404857,-389.92068950600054,3.3622799999999993,-293.2795807924341,4.484549018564611,-184.95797754634248,0.5,3,-20,2,500,0.7,0.5,eff,0.5,6.5,10,10
5.327510845438027,-90.38986506758839,0.6968241909147566,-358.91128392766495,3.3622799999999993,-249.8473559458213,4.484549018564611,-168.6763737158631,0.5,3,-20,2,500,0.7,1,eq,1,6.5,5,10
7.482433334471366,-88.99189763453363,0.6968241909147566,-390.9749819355633,3.3622799999999993,-287.36601141243875,4.484549018564611,-182.74113523146752,0.5,3,-20,2,500,0.7,1,eq,1,35,10,10
5.327510845438027,-91.51466541437559,0.6968241909147566,-360.03608427445215,3.3622799999999993,-251.16351719009072,4.484549018564611,-169.16976810290885,0.5,3,-20,2,500,0.7,1,eq,1,35,5,10
7.482433334471366,-93.33965489659246,0.6968241909147566,-395.3227391976221,3.3622799999999993,-292.45344726324157,4.484549018564611,-184.648281718397,0.5,3,-20,2,500,0.7,1,eq,0.5,35,10,10
7.482433334471366,-91.40332519353423,0.6968241909147566,-393.3864094945639,3.3622799999999993,-290.1876921725788,4.484549018564611,-183.79890946327194,0.5,3,-20,2,500,0.7,1,eq,0.5,6.5,10,10
5.327510845438027,-94.59076824889578,0.6968241909147566,-363.11218710897236,3.3622799999999993,-254.76295361250874,4.484549018564611,-170.51910256711767,0.5,3,-20,2,500,0.7,1,eq,0.5,35,5,10
7.482433334471366,-88.99189763453363,0.6968241909147566,-375.3466826445973,3.3622799999999993,-277.18235040908695,4.484549018564611,-178.92354737853,0.5,3,-20,2,500,0.7,1,eff,1,6.5,10,10
5.327510845438027,-92.09914869793256,0.6968241909147566,-360.62056755800916,3.3622799999999993,-251.84743789534681,4.484549018564611,-169.4261520669762,0.5,3,-20,2,500,0.7,1,eq,0.5,6.5,5,10
5.327510845438027,-90.38986506758839,0.6968241909147566,-343.6375692278891,3.3622799999999993,-240.48997475438597,4.484549018564611,-165.168536528434,0.5,3,-20,2,500,0.7,1,eff,1,6.5,5,10
7.482433334471366,-88.99189763453363,0.6968241909147566,-375.3466826445973,3.3622799999999993,-277.18235040908695,4.484549018564611,-178.92354737853,0.5,3,-20,2,500,0.7,1,eff,1,35,10,10
5.327510845438027,-91.51466541437559,0.6968241909147566,-344.7623695746763,3.3622799999999993,-241.79154368354122,4.484549018564611,-165.65646063864025,0.5,3,-20,2,500,0.7,1,eff,1,35,5,10
7.482433334471366,-91.40332519353423,0.6968241909147566,-377.7581102035979,3.3622799999999993,-279.9727471221799,4.484549018564611,-179.96959404026336,0.5,3,-20,2,500,0.7,1,eff,0.5,6.5,10,10
5.327510845438027,-92.09914869793256,0.6968241909147566,-345.3468528582333,3.3622799999999993,-242.46788174211324,4.484549018564611,-165.910002067016,0.5,3,-20,2,500,0.7,1,eff,0.5,6.5,5,10
7.482433334471366,-88.99189763453363,0.664380693404857,-403.83076835533024,3.3622799999999993,-301.51350067286586,4.484549018564611,-188.04465850589636,0.5,3,-20,2,500,0.8,0.5,eq,1,6.5,10,10
5.327510845438027,-94.59076824889578,0.6968241909147566,-347.8384724091965,3.3622799999999993,-245.35107306289848,4.484549018564611,-166.99083499736423,0.5,3,-20,2,500,0.7,1,eff,0.5,35,5,10
7.482433334471366,-93.33965489659246,0.6968241909147566,-379.69443990665616,3.3622799999999993,-282.213381729633,4.484549018564611,-180.80954928400817,0.5,3,-20,2,500,0.7,1,eff,0.5,35,10,10
5.327510845438027,-90.38986506758839,0.664380693404857,-371.31651453120645,3.3622799999999993,-263.41878900014035,4.484549018564611,-173.76394860254373,0.5,3,-20,2,500,0.8,0.5,eq,1,6.5,5,10
7.482433334471366,-88.99189763453363,0.664380693404857,-403.83076835533024,3.3622799999999993,-301.51350067286586,4.484549018564611,-188.04465850589636,0.5,3,-20,2,500,0.8,0.5,eq,1,35,10,10
5.327510845438027,-91.51466541437559,0.664380693404857,-372.44131487799365,3.3622799999999993,-264.73664009236296,4.484549018564611,-174.25797646933873,0.5,3,-20,2,500,0.8,0.5,eq,1,35,5,10
7.482433334471366,-91.40332519353423,0.664380693404857,-406.2421959143308,3.3622799999999993,-304.33880424840316,4.484549018564611,-189.10379083633055,0.5,3,-20,2,500,0.8,0.5,eq,0.5,6.5,10,10
7.482433334471366,-93.33965489659246,0.664380693404857,-408.178525617389,3.3622799999999993,-306.6074683895893,4.484549018564611,-189.95425361832386,0.5,3,-20,2,500,0.8,0.5,eq,0.5,35,10,10
5.327510845438027,-94.59076824889578,0.664380693404857,-375.51741771251386,3.3622799999999993,-268.34069790503776,4.484549018564611,-175.6090433717449,0.5,3,-20,2,500,0.8,0.5,eq,0.5,35,5,10
7.482433334471366,-88.99189763453363,0.664380693404857,-387.50926194699997,3.3622799999999993,-290.48615097575697,4.484549018564611,-183.91079385349673,0.5,3,-20,2,500,0.8,0.5,eff,1,35,10,10
5.327510845438027,-92.09914869793256,0.664380693404857,-373.02579816155065,3.3622799999999993,-265.4214388970838,4.484549018564611,-174.5146896099027,0.5,3,-20,2,500,0.8,0.5,eq,0.5,6.5,5,10
7.482433334471366,-88.99189763453363,0.664380693404857,-387.50926194699997,3.3622799999999993,-290.48615097575697,4.484549018564611,-183.91079385349673,0.5,3,-20,2,500,0.8,0.5,eff,1,6.5,10,10
5.327510845438027,-90.38986506758839,0.664380693404857,-355.31984670291115,3.3622799999999993,-253.19750345842053,4.484549018564611,-169.93225629536346,0.5,3,-20,2,500,0.8,0.5,eff,1,6.5,5,10
5.327510845438027,-91.51466541437559,0.664380693404857,-356.44464704969835,3.3622799999999993,-254.50048716627788,4.484549018564611,-170.4207107690596,0.5,3,-20,2,500,0.8,0.5,eff,1,35,5,10
7.482433334471366,-91.40332519353423,0.664380693404857,-389.92068950600054,3.3622799999999993,-293.2795807924341,4.484549018564611,-184.95797754634248,0.5,3,-20,2,500,0.8,0.5,eff,0.5,6.5,10,10
7.482433334471366,-93.33965489659246,0.664380693404857,-391.85701920905893,3.3622799999999993,-295.5226509217504,4.484549018564611,-185.79884580346018,0.5,3,-20,2,500,0.8,0.5,eff,0.5,35,10,10
5.327510845438027,-92.09914869793256,0.664380693404857,-357.02913033325535,3.3622799999999993,-255.1775603919918,4.484549018564611,-170.67452779234648,0.5,3,-20,2,500,0.8,0.5,eff,0.5,6.5,5,10
5.327510845438027,-90.38986506758839,0.6968241909147566,-358.91128392766495,3.3622799999999993,-249.8473559458213,4.484549018564611,-168.6763737158631,0.5,3,-20,2,500,0.8,1,eq,1,6.5,5,10
7.482433334471366,-88.99189763453363,0.6968241909147566,-390.9749819355633,3.3622799999999993,-287.36601141243875,4.484549018564611,-182.74113523146752,0.5,3,-20,2,500,0.8,1,eq,1,6.5,10,10
5.327510845438027,-94.59076824889578,0.664380693404857,-359.52074988421856,3.3622799999999993,-258.06388567969935,4.484549018564611,-171.7565355648315,0.5,3,-20,2,500,0.8,0.5,eff,0.5,35,5,10
7.482433334471366,-88.99189763453363,0.6968241909147566,-390.9749819355633,3.3622799999999993,-287.36601141243875,4.484549018564611,-182.74113523146752,0.5,3,-20,2,500,0.8,1,eq,1,35,10,10
5.327510845438027,-94.59076824889578,0.6968241909147566,-363.11218710897236,3.3622799999999993,-254.76295361250874,4.484549018564611,-170.51910256711767,0.5,3,-20,2,500,0.8,1,eq,0.5,35,5,10
5.327510845438027,-91.51466541437559,0.6968241909147566,-344.7623695746763,3.3622799999999993,-241.79154368354122,4.484549018564611,-165.65646063864025,0.5,3,-20,2,500,0.8,1,eff,1,35,5,10
5.327510845438027,-91.51466541437559,0.6968241909147566,-360.03608427445215,3.3622799999999993,-251.16351719009072,4.484549018564611,-169.16976810290885,0.5,3,-20,2,500,0.8,1,eq,1,35,5,10
5.327510845438027,-92.09914869793256,0.6968241909147566,-360.62056755800916,3.3622799999999993,-251.84743789534681,4.484549018564611,-169.4261520669762,0.5,3,-20,2,500,0.8,1,eq,0.5,6.5,5,10
5.327510845438027,-92.09914869793256,0.6968241909147566,-345.3468528582333,3.3622799999999993,-242.46788174211324,4.484549018564611,-165.910002067016,0.5,3,-20,2,500,0.8,1,eff,0.5,6.5,5,10
7.482433334471366,-88.99189763453363,0.6968241909147566,-375.3466826445973,3.3622799999999993,-277.18235040908695,4.484549018564611,-178.92354737853,0.5,3,-20,2,500,0.8,1,eff,1,6.5,10,10
5.327510845438027,-94.59076824889578,0.6968241909147566,-347.8384724091965,3.3622799999999993,-245.35107306289848,4.484549018564611,-166.99083499736423,0.5,3,-20,2,500,0.8,1,eff,0.5,35,5,10
7.482433334471366,-93.33965489659246,0.6968241909147566,-379.69443990665616,3.3622799999999993,-282.213381729633,4.484549018564611,-180.80954928400817,0.5,3,-20,2,500,0.8,1,eff,0.5,35,10,10
7.482433334471366,-91.40332519353423,0.6968241909147566,-393.3864094945639,3.3622799999999993,-290.1876921725788,4.484549018564611,-183.79890946327194,0.5,3,-20,2,500,0.8,1,eq,0.5,6.5,10,10
7.482433334471366,-91.40332519353423,0.6968241909147566,-377.7581102035979,3.3622799999999993,-279.9727471221799,4.484549018564611,-179.96959404026336,0.5,3,-20,2,500,0.8,1,eff,0.5,6.5,10,10
5.327510845438027,-90.38986506758839,0.6968241909147566,-343.6375692278891,3.3622799999999993,-240.48997475438597,4.484549018564611,-165.168536528434,0.5,3,-20,2,500,0.8,1,eff,1,6.5,5,10
7.482433334471366,-93.33965489659246,0.6968241909147566,-395.3227391976221,3.3622799999999993,-292.45344726324157,4.484549018564611,-184.648281718397,0.5,3,-20,2,500,0.8,1,eq,0.5,35,10,10
7.482433334471366,-88.99189763453363,0.6968241909147566,-375.3466826445973,3.3622799999999993,-277.18235040908695,4.484549018564611,-178.92354737853,0.5,3,-20,2,500,0.8,1,eff,1,35,10,10
7.482433334471366,-88.99189763453363,1.6648435882347152,-262.3746001532685,1.3075533333333331,-157.93908893097972,3.4571856852312774,-127.1745325116972,0.5,3,-10,1,400,0.7,0.5,eq,1,6.5,10,10
5.327510845438027,-90.38986506758839,1.6648435882347152,-229.86034632914482,1.3075533333333331,-120.82133494932091,3.4571856852312774,-120.15531986831873,0.5,3,-10,1,400,0.7,0.5,eq,1,6.5,5,10
7.482433334471366,-88.99189763453363,1.6648435882347152,-262.3746001532685,1.3075533333333331,-157.93908893097972,3.4571856852312774,-127.1745325116972,0.5,3,-10,1,400,0.7,0.5,eq,1,35,10,10
5.327510845438027,-91.51466541437559,1.6648435882347152,-230.98514667593201,1.3075533333333331,-122.10538909881123,3.4571856852312774,-120.39814299617669,0.5,3,-10,1,400,0.7,0.5,eq,1,35,5,10
5.327510845438027,-94.59076824889578,1.6648435882347152,-234.0612495104522,1.3075533333333331,-125.6170190715714,3.4571856852312774,-121.06221543751683,0.5,3,-10,1,400,0.7,0.5,eq,0.5,35,5,10
7.482433334471366,-88.99189763453363,1.6648435882347152,-255.8921313153784,1.3075533333333331,-156.8174421749334,3.4571856852312774,-126.9624216955273,0.5,3,-10,1,400,0.7,0.5,eff,1,35,10,10
7.482433334471366,-91.40332519353423,1.6648435882347152,-264.78602771226906,1.3075533333333331,-160.69193620147715,3.4571856852312774,-127.6951141281365,0.5,3,-10,1,400,0.7,0.5,eq,0.5,6.5,10,10
5.327510845438027,-92.09914869793256,1.6648435882347152,-231.569629959489,1.3075533333333331,-122.77262590139458,3.4571856852312774,-120.5243218862877,0.5,3,-10,1,400,0.7,0.5,eq,0.5,6.5,5,10
7.482433334471366,-88.99189763453363,1.6648435882347152,-255.8921313153784,1.3075533333333331,-156.8174421749334,3.4571856852312774,-126.9624216955273,0.5,3,-10,1,400,0.7,0.5,eff,1,6.5,10,10
5.327510845438027,-91.51466541437559,1.6648435882347152,-224.82751641807673,1.3075533333333331,-121.61669138291333,3.4571856852312774,-120.30572702758336,0.5,3,-10,1,400,0.7,0.5,eff,1,35,5,10
5.327510845438027,-92.09914869793256,1.6648435882347152,-225.4119997016337,1.3075533333333331,-122.27899640221744,3.4571856852312774,-120.43097328487484,0.5,3,-10,1,400,0.7,0.5,eff,0.5,6.5,5,10
7.482433334471366,-91.40332519353423,1.6648435882347152,-258.303558874379,1.3075533333333331,-159.54994218647576,3.4571856852312774,-127.47915551079336,0.5,3,-10,1,400,0.7,0.5,eff,0.5,6.5,10,10
5.327510845438027,-90.38986506758839,1.6648435882347152,-223.70271607128953,1.3075533333333331,-120.342128127194,3.4571856852312774,-120.06469869047676,0.5,3,-10,1,400,0.7,0.5,eff,1,6.5,5,10
7.482433334471366,-93.33965489659246,1.6648435882347152,-266.7223574153273,1.3075533333333331,-162.90241933099423,3.4571856852312774,-128.11313110023949,0.5,3,-10,1,400,0.7,0.5,eq,0.5,35,10,10
7.482433334471366,-93.33965489659246,1.6648435882347152,-260.2398885774373,1.3075533333333331,-161.74408686031808,3.4571856852312774,-127.89408277292358,0.5,3,-10,1,400,0.7,0.5,eff,0.5,35,10,10
5.327510845438027,-90.38986506758839,1.7398467296524174,-221.81305413680974,1.3075533333333331,-112.80375917990216,3.4571856852312774,-118.63914329045366,0.5,3,-10,1,400,0.7,1,eq,1,6.5,5,10
5.327510845438027,-94.59076824889578,1.6648435882347152,-227.9036192525969,1.3075533333333331,-125.10236566600993,3.4571856852312774,-120.96489107642915,0.5,3,-10,1,400,0.7,0.5,eff,0.5,35,5,10
7.482433334471366,-88.99189763453363,1.7398467296524174,-253.87675214470806,1.3075533333333331,-149.35899483014026,3.4571856852312774,-125.55197999885526,0.5,3,-10,1,400,0.7,1,eq,1,6.5,10,10
7.482433334471366,-88.99189763453363,1.7398467296524174,-253.87675214470806,1.3075533333333331,-149.35899483014026,3.4571856852312774,-125.55197999885526,0.5,3,-10,1,400,0.7,1,eq,1,35,10,10
7.482433334471366,-91.40332519353423,1.7398467296524174,-256.28817970370864,1.3075533333333331,-152.10821928500815,3.4571856852312774,-126.07187651691054,0.5,3,-10,1,400,0.7,1,eq,0.5,6.5,10,10
5.327510845438027,-94.59076824889578,1.7398467296524174,-226.01395731811712,1.3075533333333331,-117.59313206148525,3.4571856852312774,-119.54484536232135,0.5,3,-10,1,400,0.7,1,eq,0.5,35,5,10
5.327510845438027,-91.51466541437559,1.7398467296524174,-222.93785448359694,1.3075533333333331,-114.08612348188765,3.4571856852312774,-118.88164685697767,0.5,3,-10,1,400,0.7,1,eq,1,35,5,10
5.327510845438027,-92.09914869793256,1.7398467296524174,-223.5223377671539,1.3075533333333331,-114.75248218342104,3.4571856852312774,-119.00765969237548,0.5,3,-10,1,400,0.7,1,eq,0.5,6.5,5,10
7.482433334471366,-93.33965489659246,1.7398467296524174,-258.2245094067669,1.3075533333333331,-154.3157933636109,3.4571856852312774,-126.48934336825558,0.5,3,-10,1,400,0.7,1,eq,0.5,35,10,10
7.482433334471366,-88.99189763453363,1.7398467296524174,-247.72493840993175,1.3075533333333331,-148.51780133918493,3.4571856852312774,-125.3929047490393,0.5,3,-10,1,400,0.7,1,eff,1,6.5,10,10
7.482433334471366,-88.99189763453363,1.7398467296524174,-247.72493840993175,1.3075533333333331,-148.51780133918493,3.4571856852312774,-125.3929047490393,0.5,3,-10,1,400,0.7,1,eff,1,35,10,10
5.327510845438027,-90.38986506758839,1.7398467296524174,-216.0158249932236,1.3075533333333331,-112.62699395875237,3.4571856852312774,-118.60571581863488,0.5,3,-10,1,400,0.7,1,eff,1,6.5,5,10
5.327510845438027,-90.38986506758839,1.6648435882347152,-229.86034632914482,1.3075533333333331,-120.82133494932091,3.4571856852312774,-120.15531986831873,0.5,3,-10,1,400,0.8,0.5,eq,1,6.5,5,10
7.482433334471366,-88.99189763453363,1.6648435882347152,-262.3746001532685,1.3075533333333331,-157.93908893097972,3.4571856852312774,-127.1745325116972,0.5,3,-10,1,400,0.8,0.5,eq,1,6.5,10,10
7.482433334471366,-91.40332519353423,1.7398467296524174,-250.13636596893235,1.3075533333333331,-151.24724006225915,3.4571856852312774,-125.90905965441956,0.5,3,-10,1,400,0.7,1,eff,0.5,6.5,10,10
5.327510845438027,-91.51466541437559,1.7398467296524174,-217.14062534001079,1.3075533333333331,-113.90012928945492,3.4571856852312774,-118.8464741256814,0.5,3,-10,1,400,0.7,1,eff,1,35,5,10
5.327510845438027,-94.59076824889578,1.7398467296524174,-220.21672817453097,1.3075533333333331,-117.38189848526743,3.4571856852312774,-119.5048996967073,0.5,3,-10,1,400,0.7,1,eff,0.5,35,5,10
5.327510845438027,-92.09914869793256,1.7398467296524174,-217.72510862356776,1.3075533333333331,-114.56169231294248,3.4571856852312774,-118.9715800666592,0.5,3,-10,1,400,0.7,1,eff,0.5,6.5,5,10
7.482433334471366,-93.33965489659246,1.7398467296524174,-252.0726956719906,1.3075533333333331,-153.43892658055177,3.4571856852312774,-126.32352206308583,0.5,3,-10,1,400,0.7,1,eff,0.5,35,10,10
7.482433334471366,-88.99189763453363,1.6648435882347152,-262.3746001532685,1.3075533333333331,-157.93908893097972,3.4571856852312774,-127.1745325116972,0.5,3,-10,1,400,0.8,0.5,eq,1,35,10,10
5.327510845438027,-91.51466541437559,1.6648435882347152,-230.98514667593201,1.3075533333333331,-122.10538909881123,3.4571856852312774,-120.39814299617669,0.5,3,-10,1,400,0.8,0.5,eq,1,35,5,10
5.327510845438027,-94.59076824889578,1.6648435882347152,-234.0612495104522,1.3075533333333331,-125.6170190715714,3.4571856852312774,-121.06221543751683,0.5,3,-10,1,400,0.8,0.5,eq,0.5,35,5,10
5.327510845438027,-92.09914869793256,1.6648435882347152,-231.569629959489,1.3075533333333331,-122.77262590139458,3.4571856852312774,-120.5243218862877,0.5,3,-10,1,400,0.8,0.5,eq,0.5,6.5,5,10
7.482433334471366,-91.40332519353423,1.6648435882347152,-264.78602771226906,1.3075533333333331,-160.69193620147715,3.4571856852312774,-127.6951141281365,0.5,3,-10,1,400,0.8,0.5,eq,0.5,6.5,10,10
7.482433334471366,-93.33965489659246,1.6648435882347152,-266.7223574153273,1.3075533333333331,-162.90241933099423,3.4571856852312774,-128.11313110023949,0.5,3,-10,1,400,0.8,0.5,eq,0.5,35,10,10
7.482433334471366,-88.99189763453363,1.6648435882347152,-255.8921313153784,1.3075533333333331,-156.8174421749334,3.4571856852312774,-126.9624216955273,0.5,3,-10,1,400,0.8,0.5,eff,1,6.5,10,10
5.327510845438027,-90.38986506758839,1.6648435882347152,-223.70271607128953,1.3075533333333331,-120.342128127194,3.4571856852312774,-120.06469869047676,0.5,3,-10,1,400,0.8,0.5,eff,1,6.5,5,10
5.327510845438027,-92.09914869793256,1.6648435882347152,-225.4119997016337,1.3075533333333331,-122.27899640221744,3.4571856852312774,-120.43097328487484,0.5,3,-10,1,400,0.8,0.5,eff,0.5,6.5,5,10
7.482433334471366,-88.99189763453363,1.6648435882347152,-255.8921313153784,1.3075533333333331,-156.8174421749334,3.4571856852312774,-126.9624216955273,0.5,3,-10,1,400,0.8,0.5,eff,1,35,10,10
7.482433334471366,-91.40332519353423,1.6648435882347152,-258.303558874379,1.3075533333333331,-159.54994218647576,3.4571856852312774,-127.47915551079336,0.5,3,-10,1,400,0.8,0.5,eff,0.5,6.5,10,10
7.482433334471366,-93.33965489659246,1.6648435882347152,-260.2398885774373,1.3075533333333331,-161.74408686031808,3.4571856852312774,-127.89408277292358,0.5,3,-10,1,400,0.8,0.5,eff,0.5,35,10,10
5.327510845438027,-91.51466541437559,1.6648435882347152,-224.82751641807673,1.3075533333333331,-121.61669138291333,3.4571856852312774,-120.30572702758336,0.5,3,-10,1,400,0.8,0.5,eff,1,35,5,10
7.482433334471366,-88.99189763453363,1.7398467296524174,-253.87675214470806,1.3075533333333331,-149.35899483014026,3.4571856852312774,-125.55197999885526,0.5,3,-10,1,400,0.8,1,eq,1,6.5,10,10
5.327510845438027,-94.59076824889578,1.6648435882347152,-227.9036192525969,1.3075533333333331,-125.10236566600993,3.4571856852312774,-120.96489107642915,0.5,3,-10,1,400,0.8,0.5,eff,0.5,35,5,10
5.327510845438027,-90.38986506758839,1.7398467296524174,-221.81305413680974,1.3075533333333331,-112.80375917990216,3.4571856852312774,-118.63914329045366,0.5,3,-10,1,400,0.8,1,eq,1,6.5,5,10
7.482433334471366,-88.99189763453363,1.7398467296524174,-253.87675214470806,1.3075533333333331,-149.35899483014026,3.4571856852312774,-125.55197999885526,0.5,3,-10,1,400,0.8,1,eq,1,35,10,10
7.482433334471366,-91.40332519353423,1.7398467296524174,-256.28817970370864,1.3075533333333331,-152.10821928500815,3.4571856852312774,-126.07187651691054,0.5,3,-10,1,400,0.8,1,eq,0.5,6.5,10,10
5.327510845438027,-91.51466541437559,1.7398467296524174,-222.93785448359694,1.3075533333333331,-114.08612348188765,3.4571856852312774,-118.88164685697767,0.5,3,-10,1,400,0.8,1,eq,1,35,5,10
7.482433334471366,-93.33965489659246,1.7398467296524174,-258.2245094067669,1.3075533333333331,-154.3157933636109,3.4571856852312774,-126.48934336825558,0.5,3,-10,1,400,0.8,1,eq,0.5,35,10,10
5.327510845438027,-92.09914869793256,1.7398467296524174,-223.5223377671539,1.3075533333333331,-114.75248218342104,3.4571856852312774,-119.00765969237548,0.5,3,-10,1,400,0.8,1,eq,0.5,6.5,5,10
5.327510845438027,-94.59076824889578,1.7398467296524174,-226.01395731811712,1.3075533333333331,-117.59313206148525,3.4571856852312774,-119.54484536232135,0.5,3,-10,1,400,0.8,1,eq,0.5,35,5,10
7.482433334471366,-88.99189763453363,1.7398467296524174,-247.72493840993175,1.3075533333333331,-148.51780133918493,3.4571856852312774,-125.3929047490393,0.5,3,-10,1,400,0.8,1,eff,1,6.5,10,10
7.482433334471366,-88.99189763453363,1.7398467296524174,-247.72493840993175,1.3075533333333331,-148.51780133918493,3.4571856852312774,-125.3929047490393,0.5,3,-10,1,400,0.8,1,eff,1,35,10,10
5.327510845438027,-90.38986506758839,1.7398467296524174,-216.0158249932236,1.3075533333333331,-112.62699395875237,3.4571856852312774,-118.60571581863488,0.5,3,-10,1,400,0.8,1,eff,1,6.5,5,10
7.482433334471366,-93.33965489659246,1.7398467296524174,-252.0726956719906,1.3075533333333331,-153.43892658055177,3.4571856852312774,-126.32352206308583,0.5,3,-10,1,400,0.8,1,eff,0.5,35,10,10
5.327510845438027,-91.51466541437559,1.7398467296524174,-217.14062534001079,1.3075533333333331,-113.90012928945492,3.4571856852312774,-118.8464741256814,0.5,3,-10,1,400,0.8,1,eff,1,35,5,10
7.482433334471366,-91.40332519353423,1.7398467296524174,-250.13636596893235,1.3075533333333331,-151.24724006225915,3.4571856852312774,-125.90905965441956,0.5,3,-10,1,400,0.8,1,eff,0.5,6.5,10,10
5.327510845438027,-92.09914869793256,1.7398467296524174,-217.72510862356776,1.3075533333333331,-114.56169231294248,3.4571856852312774,-118.9715800666592,0.5,3,-10,1,400,0.8,1,eff,0.5,6.5,5,10
7.482433334471366,-88.99189763453363,1.6648435882347152,-262.3746001532685,1.6811399999999996,-157.9392288593573,3.643979018564611,-128.75158101620244,0.5,3,-10,1,500,0.7,0.5,eq,1,6.5,10,10
7.482433334471366,-88.99189763453363,1.6648435882347152,-262.3746001532685,1.6811399999999996,-157.9392288593573,3.643979018564611,-128.75158101620244,0.5,3,-10,1,500,0.7,0.5,eq,1,35,10,10
5.327510845438027,-94.59076824889578,1.7398467296524174,-220.21672817453097,1.3075533333333331,-117.38189848526743,3.4571856852312774,-119.5048996967073,0.5,3,-10,1,400,0.8,1,eff,0.5,35,5,10
5.327510845438027,-90.38986506758839,1.6648435882347152,-229.86034632914482,1.6811399999999996,-120.82147487744882,3.643979018564611,-120.18949262172451,0.5,3,-10,1,500,0.7,0.5,eq,1,6.5,5,10
5.327510845438027,-91.51466541437559,1.6648435882347152,-230.98514667593201,1.6811399999999996,-122.10552902704369,3.643979018564611,-120.4856901000927,0.5,3,-10,1,500,0.7,0.5,eq,1,35,5,10
7.482433334471366,-91.40332519353423,1.6648435882347152,-264.78602771226906,1.6811399999999996,-160.69207612871386,3.643979018564611,-129.38659038848866,0.5,3,-10,1,500,0.7,0.5,eq,0.5,6.5,10,10
7.482433334471366,-88.99189763453363,1.6648435882347152,-255.8921313153784,1.6811399999999996,-156.81757279088404,3.643979018564611,-128.49284449860087,0.5,3,-10,1,500,0.7,0.5,eff,1,35,10,10
5.327510845438027,-94.59076824889578,1.6648435882347152,-234.0612495104522,1.6811399999999996,-125.61715899936193,3.643979018564611,-121.29573066036858,0.5,3,-10,1,500,0.7,0.5,eq,0.5,35,5,10
5.327510845438027,-90.38986506758839,1.6648435882347152,-223.70271607128953,1.6811399999999996,-120.34225874254733,3.643979018564611,-120.0789500789542,0.5,3,-10,1,500,0.7,0.5,eff,1,6.5,5,10
5.327510845438027,-92.09914869793256,1.6648435882347152,-231.569629959489,1.6811399999999996,-122.77276582953535,3.643979018564611,-120.6396040595894,0.5,3,-10,1,500,0.7,0.5,eq,0.5,6.5,5,10
5.327510845438027,-91.51466541437559,1.6648435882347152,-224.82751641807673,1.6811399999999996,-121.61682199825619,3.643979018564611,-120.37295825803352,0.5,3,-10,1,500,0.7,0.5,eff,1,35,5,10
7.482433334471366,-93.33965489659246,1.6648435882347152,-266.7223574153273,1.6811399999999996,-162.90255925824792,3.643979018564611,-129.89649063619225,0.5,3,-10,1,500,0.7,0.5,eq,0.5,35,10,10
7.482433334471366,-88.99189763453363,1.6648435882347152,-255.8921313153784,1.6811399999999996,-156.81757279088404,3.643979018564611,-128.49284449860087,0.5,3,-10,1,500,0.7,0.5,eff,1,6.5,10,10
7.482433334471366,-91.40332519353423,1.6648435882347152,-258.303558874379,1.6811399999999996,-159.55007280260693,3.643979018564611,-129.12316029437042,0.5,3,-10,1,500,0.7,0.5,eff,0.5,6.5,10,10
5.327510845438027,-92.09914869793256,1.6648435882347152,-225.4119997016337,1.6811399999999996,-122.27912701928295,3.643979018564611,-120.52573458541838,0.5,3,-10,1,500,0.7,0.5,eff,0.5,6.5,5,10
5.327510845438027,-94.59076824889578,1.6648435882347152,-227.9036192525969,1.6811399999999996,-125.10249628321121,3.643979018564611,-121.1770115247448,0.5,3,-10,1,500,0.7,0.5,eff,0.5,35,5,10
7.482433334471366,-88.99189763453363,1.7398467296524174,-253.87675214470806,1.6811399999999996,-149.35912713130426,3.643979018564611,-126.77237749367765,0.5,3,-10,1,500,0.7,1,eq,1,6.5,10,10
5.327510845438027,-90.38986506758839,1.7398467296524174,-221.81305413680974,1.6811399999999996,-112.80389148019624,3.643979018564611,-118.34004726490599,0.5,3,-10,1,500,0.7,1,eq,1,6.5,5,10
7.482433334471366,-93.33965489659246,1.6648435882347152,-260.2398885774373,1.6811399999999996,-161.74421747620988,3.643979018564611,-129.62929169054317,0.5,3,-10,1,500,0.7,0.5,eff,0.5,35,10,10
5.327510845438027,-91.51466541437559,1.7398467296524174,-222.93785448359694,1.6811399999999996,-114.08625578381022,3.643979018564611,-118.63585494030626,0.5,3,-10,1,500,0.7,1,eq,1,35,5,10
7.482433334471366,-88.99189763453363,1.7398467296524174,-247.72493840993175,1.6811399999999996,-148.51792499413202,3.643979018564611,-126.57833431262733,0.5,3,-10,1,500,0.7,1,eff,1,35,10,10
7.482433334471366,-91.40332519353423,1.7398467296524174,-256.28817970370864,1.6811399999999996,-152.10835158642945,3.643979018564611,-127.40655117812294,0.5,3,-10,1,500,0.7,1,eq,0.5,6.5,10,10
7.482433334471366,-93.33965489659246,1.7398467296524174,-258.2245094067669,1.6811399999999996,-154.3159256646271,3.643979018564611,-127.9157803842894,0.5,3,-10,1,500,0.7,1,eq,0.5,35,10,10
7.482433334471366,-88.99189763453363,1.7398467296524174,-253.87675214470806,1.6811399999999996,-149.35912713130426,3.643979018564611,-126.77237749367765,0.5,3,-10,1,500,0.7,1,eq,1,35,10,10
5.327510845438027,-94.59076824889578,1.7398467296524174,-226.01395731811712,1.6811399999999996,-117.59326436294006,3.643979018564611,-119.44482946687206,0.5,3,-10,1,500,0.7,1,eq,0.5,35,5,10
5.327510845438027,-92.09914869793256,1.7398467296524174,-223.5223377671539,1.6811399999999996,-114.75261448485305,3.643979018564611,-118.78956634492243,0.5,3,-10,1,500,0.7,1,eq,0.5,6.5,5,10
5.327510845438027,-90.38986506758839,1.7398467296524174,-216.0158249932236,1.6811399999999996,-112.62711761422304,3.643979018564611,-118.29927018914243,0.5,3,-10,1,500,0.7,1,eff,1,6.5,5,10
7.482433334471366,-88.99189763453363,1.7398467296524174,-247.72493840993175,1.6811399999999996,-148.51792499413202,3.643979018564611,-126.57833431262733,0.5,3,-10,1,500,0.7,1,eff,1,6.5,10,10
5.327510845438027,-91.51466541437559,1.7398467296524174,-217.14062534001079,1.6811399999999996,-113.90025294450926,3.643979018564611,-118.59294898342931,0.5,3,-10,1,500,0.7,1,eff,1,35,5,10
7.482433334471366,-91.40332519353423,1.7398467296524174,-250.13636596893235,1.6811399999999996,-151.2473637187006,3.643979018564611,-127.20794395006551,0.5,3,-10,1,500,0.7,1,eff,0.5,6.5,10,10
5.327510845438027,-92.09914869793256,1.7398467296524174,-217.72510862356776,1.6811399999999996,-114.56181596799728,3.643979018564611,-118.74555415152177,0.5,3,-10,1,500,0.7,1,eff,0.5,6.5,5,10
7.482433334471366,-93.33965489659246,1.7398467296524174,-252.0726956719906,1.6811399999999996,-153.43905023698875,3.643979018564611,-127.71350831453954,0.5,3,-10,1,500,0.7,1,eff,0.5,35,10,10
7.482433334471366,-88.99189763453363,1.6648435882347152,-262.3746001532685,1.6811399999999996,-157.9392288593573,3.643979018564611,-128.75158101620244,0.5,3,-10,1,500,0.8,0.5,eq,1,6.5,10,10
5.327510845438027,-94.59076824889578,1.7398467296524174,-220.21672817453097,1.6811399999999996,-117.38202214031716,3.643979018564611,-119.39610144891,0.5,3,-10,1,500,0.7,1,eff,0.5,35,5,10
7.482433334471366,-88.99189763453363,1.6648435882347152,-262.3746001532685,1.6811399999999996,-157.9392288593573,3.643979018564611,-128.75158101620244,0.5,3,-10,1,500,0.8,0.5,eq,1,35,10,10
7.482433334471366,-91.40332519353423,1.6648435882347152,-264.78602771226906,1.6811399999999996,-160.69207612871386,3.643979018564611,-129.38659038848866,0.5,3,-10,1,500,0.8,0.5,eq,0.5,6.5,10,10
5.327510845438027,-90.38986506758839,1.6648435882347152,-229.86034632914482,1.6811399999999996,-120.82147487744882,3.643979018564611,-120.18949262172451,0.5,3,-10,1,500,0.8,0.5,eq,1,6.5,5,10
5.327510845438027,-92.09914869793256,1.6648435882347152,-231.569629959489,1.6811399999999996,-122.77276582953535,3.643979018564611,-120.6396040595894,0.5,3,-10,1,500,0.8,0.5,eq,0.5,6.5,5,10
5.327510845438027,-91.51466541437559,1.6648435882347152,-230.98514667593201,1.6811399999999996,-122.10552902704369,3.643979018564611,-120.4856901000927,0.5,3,-10,1,500,0.8,0.5,eq,1,35,5,10
5.327510845438027,-90.38986506758839,1.6648435882347152,-223.70271607128953,1.6811399999999996,-120.34225874254733,3.643979018564611,-120.0789500789542,0.5,3,-10,1,500,0.8,0.5,eff,1,6.5,5,10
7.482433334471366,-93.33965489659246,1.6648435882347152,-266.7223574153273,1.6811399999999996,-162.90255925824792,3.643979018564611,-129.89649063619225,0.5,3,-10,1,500,0.8,0.5,eq,0.5,35,10,10
5.327510845438027,-94.59076824889578,1.6648435882347152,-234.0612495104522,1.6811399999999996,-125.61715899936193,3.643979018564611,-121.29573066036858,0.5,3,-10,1,500,0.8,0.5,eq,0.5,35,5,10
5.327510845438027,-91.51466541437559,1.6648435882347152,-224.82751641807673,1.6811399999999996,-121.61682199825619,3.643979018564611,-120.37295825803352,0.5,3,-10,1,500,0.8,0.5,eff,1,35,5,10
7.482433334471366,-88.99189763453363,1.6648435882347152,-255.8921313153784,1.6811399999999996,-156.81757279088404,3.643979018564611,-128.49284449860087,0.5,3,-10,1,500,0.8,0.5,eff,1,6.5,10,10
7.482433334471366,-88.99189763453363,1.6648435882347152,-255.8921313153784,1.6811399999999996,-156.81757279088404,3.643979018564611,-128.49284449860087,0.5,3,-10,1,500,0.8,0.5,eff,1,35,10,10
7.482433334471366,-91.40332519353423,1.6648435882347152,-258.303558874379,1.6811399999999996,-159.55007280260693,3.643979018564611,-129.12316029437042,0.5,3,-10,1,500,0.8,0.5,eff,0.5,6.5,10,10
5.327510845438027,-92.09914869793256,1.6648435882347152,-225.4119997016337,1.6811399999999996,-122.27912701928295,3.643979018564611,-120.52573458541838,0.5,3,-10,1,500,0.8,0.5,eff,0.5,6.5,5,10
7.482433334471366,-93.33965489659246,1.6648435882347152,-260.2398885774373,1.6811399999999996,-161.74421747620988,3.643979018564611,-129.62929169054317,0.5,3,-10,1,500,0.8,0.5,eff,0.5,35,10,10
5.327510845438027,-94.59076824889578,1.6648435882347152,-227.9036192525969,1.6811399999999996,-125.10249628321121,3.643979018564611,-121.1770115247448,0.5,3,-10,1,500,0.8,0.5,eff,0.5,35,5,10
7.482433334471366,-88.99189763453363,1.7398467296524174,-253.87675214470806,1.6811399999999996,-149.35912713130426,3.643979018564611,-126.77237749367765,0.5,3,-10,1,500,0.8,1,eq,1,35,10,10
5.327510845438027,-90.38986506758839,1.7398467296524174,-221.81305413680974,1.6811399999999996,-112.80389148019624,3.643979018564611,-118.34004726490599,0.5,3,-10,1,500,0.8,1,eq,1,6.5,5,10
7.482433334471366,-88.99189763453363,1.7398467296524174,-253.87675214470806,1.6811399999999996,-149.35912713130426,3.643979018564611,-126.77237749367765,0.5,3,-10,1,500,0.8,1,eq,1,6.5,10,10
5.327510845438027,-91.51466541437559,1.7398467296524174,-222.93785448359694,1.6811399999999996,-114.08625578381022,3.643979018564611,-118.63585494030626,0.5,3,-10,1,500,0.8,1,eq,1,35,5,10
7.482433334471366,-93.33965489659246,1.7398467296524174,-258.2245094067669,1.6811399999999996,-154.3159256646271,3.643979018564611,-127.9157803842894,0.5,3,-10,1,500,0.8,1,eq,0.5,35,10,10
5.327510845438027,-92.09914869793256,1.7398467296524174,-223.5223377671539,1.6811399999999996,-114.75261448485305,3.643979018564611,-118.78956634492243,0.5,3,-10,1,500,0.8,1,eq,0.5,6.5,5,10
7.482433334471366,-88.99189763453363,1.7398467296524174,-247.72493840993175,1.6811399999999996,-148.51792499413202,3.643979018564611,-126.57833431262733,0.5,3,-10,1,500,0.8,1,eff,1,6.5,10,10
5.327510845438027,-91.51466541437559,1.7398467296524174,-217.14062534001079,1.6811399999999996,-113.90025294450926,3.643979018564611,-118.59294898342931,0.5,3,-10,1,500,0.8,1,eff,1,35,5,10
7.482433334471366,-91.40332519353423,1.7398467296524174,-256.28817970370864,1.6811399999999996,-152.10835158642945,3.643979018564611,-127.40655117812294,0.5,3,-10,1,500,0.8,1,eq,0.5,6.5,10,10
5.327510845438027,-90.38986506758839,1.7398467296524174,-216.0158249932236,1.6811399999999996,-112.62711761422304,3.643979018564611,-118.29927018914243,0.5,3,-10,1,500,0.8,1,eff,1,6.5,5,10
5.327510845438027,-94.59076824889578,1.7398467296524174,-226.01395731811712,1.6811399999999996,-117.59326436294006,3.643979018564611,-119.44482946687206,0.5,3,-10,1,500,0.8,1,eq,0.5,35,5,10
7.482433334471366,-88.99189763453363,1.7398467296524174,-247.72493840993175,1.6811399999999996,-148.51792499413202,3.643979018564611,-126.57833431262733,0.5,3,-10,1,500,0.8,1,eff,1,35,10,10
7.482433334471366,-91.40332519353423,1.7398467296524174,-250.13636596893235,1.6811399999999996,-151.2473637187006,3.643979018564611,-127.20794395006551,0.5,3,-10,1,500,0.8,1,eff,0.5,6.5,10,10
5.327510845438027,-92.09914869793256,1.7398467296524174,-217.72510862356776,1.6811399999999996,-114.56181596799728,3.643979018564611,-118.74555415152177,0.5,3,-10,1,500,0.8,1,eff,0.5,6.5,5,10
7.482433334471366,-93.33965489659246,1.7398467296524174,-252.0726956719906,1.6811399999999996,-153.43905023698875,3.643979018564611,-127.71350831453954,0.5,3,-10,1,500,0.8,1,eff,0.5,35,10,10
5.327510845438027,-94.59076824889578,1.7398467296524174,-220.21672817453097,1.6811399999999996,-117.38202214031716,3.643979018564611,-119.39610144891,0.5,3,-10,1,500,0.8,1,eff,0.5,35,5,10
7.482433334471366,-88.99189763453363,1.6648435882347152,-262.3746001532685,2.6151066666666662,-157.93957867863506,4.110962351897944,-132.06725294957,0.5,3,-10,2,400,0.7,0.5,eq,1,6.5,10,10
5.327510845438027,-90.38986506758839,1.6648435882347152,-229.86034632914482,2.6151066666666662,-120.82182469772083,4.110962351897944,-120.26139369104772,0.5,3,-10,2,400,0.7,0.5,eq,1,6.5,5,10
7.482433334471366,-88.99189763453363,1.6648435882347152,-262.3746001532685,2.6151066666666662,-157.93957867863506,4.110962351897944,-132.06725294957,0.5,3,-10,2,400,0.7,0.5,eq,1,35,10,10
5.327510845438027,-91.51466541437559,1.6648435882347152,-230.98514667593201,2.6151066666666662,-122.105878847674,4.110962351897944,-120.66980640326253,0.5,3,-10,2,400,0.7,0.5,eq,1,35,5,10
7.482433334471366,-91.40332519353423,1.6648435882347152,-264.78602771226906,2.6151066666666662,-160.69242594908653,4.110962351897944,-132.94283737883984,0.5,3,-10,2,400,0.7,0.5,eq,0.5,6.5,10,10
5.327510845438027,-92.09914869793256,1.6648435882347152,-231.569629959489,2.6151066666666662,-122.77311565025464,4.110962351897944,-120.88203109194995,0.5,3,-10,2,400,0.7,0.5,eq,0.5,6.5,5,10
5.327510845438027,-90.38986506758839,1.6648435882347152,-223.70271607128953,2.6151066666666662,-120.34258528383157,4.110962351897944,-120.1089643960418,0.5,3,-10,2,400,0.7,0.5,eff,1,6.5,5,10
7.482433334471366,-93.33965489659246,1.6648435882347152,-266.7223574153273,2.6151066666666662,-162.90290907862592,4.110962351897944,-133.64591474537713,0.5,3,-10,2,400,0.7,0.5,eq,0.5,35,10,10
7.482433334471366,-88.99189763453363,1.6648435882347152,-255.8921313153784,2.6151066666666662,-156.8178993328176,4.110962351897944,-131.71048598310108,0.5,3,-10,2,400,0.7,0.5,eff,1,6.5,10,10
5.327510845438027,-91.51466541437559,1.6648435882347152,-224.82751641807673,2.6151066666666662,-121.61714853942973,4.110962351897944,-120.51435838672919,0.5,3,-10,2,400,0.7,0.5,eff,1,35,5,10
5.327510845438027,-94.59076824889578,1.6648435882347152,-234.0612495104522,2.6151066666666662,-125.61750881996933,4.110962351897944,-121.78673306973708,0.5,3,-10,2,400,0.7,0.5,eq,0.5,35,5,10
7.482433334471366,-88.99189763453363,1.6648435882347152,-255.8921313153784,2.6151066666666662,-156.8178993328176,4.110962351897944,-131.71048598310108,0.5,3,-10,2,400,0.7,0.5,eff,1,35,10,10
5.327510845438027,-92.09914869793256,1.6648435882347152,-225.4119997016337,2.6151066666666662,-122.27945356057494,4.110962351897944,-120.7250144482428,0.5,3,-10,2,400,0.7,0.5,eff,0.5,6.5,5,10
7.482433334471366,-91.40332519353423,1.6648435882347152,-258.303558874379,2.6151066666666662,-159.5503993443052,4.110962351897944,-132.57959866098867,0.5,3,-10,2,400,0.7,0.5,eff,0.5,6.5,10,10
7.482433334471366,-93.33965489659246,1.6648435882347152,-260.2398885774373,2.6151066666666662,-161.74454401795262,4.110962351897944,-133.27747933618372,0.5,3,-10,2,400,0.7,0.5,eff,0.5,35,10,10
5.327510845438027,-94.59076824889578,1.6648435882347152,-227.9036192525969,2.6151066666666662,-125.10282282441094,4.110962351897944,-121.6230294569317,0.5,3,-10,2,400,0.7,0.5,eff,0.5,35,5,10
5.327510845438027,-90.38986506758839,1.7398467296524174,-221.81305413680974,2.6151066666666662,-112.80422223329319,4.110962351897944,-117.71127478206178,0.5,3,-10,2,400,0.7,1,eq,1,6.5,5,10
7.482433334471366,-88.99189763453363,1.7398467296524174,-253.87675214470806,2.6151066666666662,-149.35945788366638,4.110962351897944,-129.33821663507194,0.5,3,-10,2,400,0.7,1,eq,1,6.5,10,10
5.327510845438027,-91.51466541437559,1.7398467296524174,-222.93785448359694,2.6151066666666662,-114.0865865352963,4.110962351897944,-118.1191500127502,0.5,3,-10,2,400,0.7,1,eq,1,35,5,10
7.482433334471366,-88.99189763453363,1.7398467296524174,-253.87675214470806,2.6151066666666662,-149.35945788366638,4.110962351897944,-129.33821663507194,0.5,3,-10,2,400,0.7,1,eq,1,35,10,10
7.482433334471366,-91.40332519353423,1.7398467296524174,-256.28817970370864,2.6151066666666662,-152.10868233889326,4.110962351897944,-130.21264877353556,0.5,3,-10,2,400,0.7,1,eq,0.5,6.5,10,10
5.327510845438027,-92.09914869793256,1.7398467296524174,-223.5223377671539,2.6151066666666662,-114.7529452363333,4.110962351897944,-118.33109540805032,0.5,3,-10,2,400,0.7,1,eq,0.5,6.5,5,10
7.482433334471366,-93.33965489659246,1.7398467296524174,-258.2245094067669,2.6151066666666662,-154.31625641716215,4.110962351897944,-130.91480087261476,0.5,3,-10,2,400,0.7,1,eq,0.5,35,10,10
7.482433334471366,-88.99189763453363,1.7398467296524174,-247.72493840993175,2.6151066666666662,-148.51823413250366,4.110962351897944,-129.07065278365292,0.5,3,-10,2,400,0.7,1,eff,1,6.5,10,10
5.327510845438027,-94.59076824889578,1.7398467296524174,-226.01395731811712,2.6151066666666662,-117.59359511439045,4.110962351897944,-119.23460677569197,0.5,3,-10,2,400,0.7,1,eq,0.5,35,5,10
7.482433334471366,-88.99189763453363,1.7398467296524174,-247.72493840993175,2.6151066666666662,-148.51823413250366,4.110962351897944,-129.07065278365292,0.5,3,-10,2,400,0.7,1,eff,1,35,10,10
5.327510845438027,-90.38986506758839,1.7398467296524174,-216.0158249932236,2.6151066666666662,-112.62742675172964,4.110962351897944,-117.65504232322411,0.5,3,-10,2,400,0.7,1,eff,1,6.5,5,10
7.482433334471366,-91.40332519353423,1.7398467296524174,-250.13636596893235,2.6151066666666662,-151.247672855947,4.110962351897944,-129.9387917728898,0.5,3,-10,2,400,0.7,1,eff,0.5,6.5,10,10
5.327510845438027,-91.51466541437559,1.7398467296524174,-217.14062534001079,2.6151066666666662,-113.90056208254728,4.110962351897944,-118.0599821409839,0.5,3,-10,2,400,0.7,1,eff,1,35,5,10
5.327510845438027,-92.09914869793256,1.7398467296524174,-217.72510862356776,2.6151066666666662,-114.56212510549821,4.110962351897944,-118.27040219882522,0.5,3,-10,2,400,0.7,1,eff,0.5,6.5,5,10
5.327510845438027,-94.59076824889578,1.7398467296524174,-220.21672817453097,2.6151066666666662,-117.3823312783031,4.110962351897944,-119.16741113889395,0.5,3,-10,2,400,0.7,1,eff,0.5,35,5,10
7.482433334471366,-93.33965489659246,1.7398467296524174,-252.0726956719906,2.6151066666666662,-153.43935937544688,4.110962351897944,-130.63589059523028,0.5,3,-10,2,400,0.7,1,eff,0.5,35,10,10
7.482433334471366,-88.99189763453363,1.6648435882347152,-262.3746001532685,2.6151066666666662,-157.93957867863506,4.110962351897944,-132.06725294957,0.5,3,-10,2,400,0.8,0.5,eq,1,6.5,10,10
5.327510845438027,-90.38986506758839,1.6648435882347152,-229.86034632914482,2.6151066666666662,-120.82182469772083,4.110962351897944,-120.26139369104772,0.5,3,-10,2,400,0.8,0.5,eq,1,6.5,5,10
7.482433334471366,-88.99189763453363,1.6648435882347152,-262.3746001532685,2.6151066666666662,-157.93957867863506,4.110962351897944,-132.06725294957,0.5,3,-10,2,400,0.8,0.5,eq,1,35,10,10
7.482433334471366,-91.40332519353423,1.6648435882347152,-264.78602771226906,2.6151066666666662,-160.69242594908653,4.110962351897944,-132.94283737883984,0.5,3,-10,2,400,0.8,0.5,eq,0.5,6.5,10,10
5.327510845438027,-92.09914869793256,1.6648435882347152,-231.569629959489,2.6151066666666662,-122.77311565025464,4.110962351897944,-120.88203109194995,0.5,3,-10,2,400,0.8,0.5,eq,0.5,6.5,5,10
5.327510845438027,-91.51466541437559,1.6648435882347152,-230.98514667593201,2.6151066666666662,-122.105878847674,4.110962351897944,-120.66980640326253,0.5,3,-10,2,400,0.8,0.5,eq,1,35,5,10
7.482433334471366,-88.99189763453363,1.6648435882347152,-255.8921313153784,2.6151066666666662,-156.8178993328176,4.110962351897944,-131.71048598310108,0.5,3,-10,2,400,0.8,0.5,eff,1,6.5,10,10
5.327510845438027,-94.59076824889578,1.6648435882347152,-234.0612495104522,2.6151066666666662,-125.61750881996933,4.110962351897944,-121.78673306973708,0.5,3,-10,2,400,0.8,0.5,eq,0.5,35,5,10
7.482433334471366,-93.33965489659246,1.6648435882347152,-266.7223574153273,2.6151066666666662,-162.90290907862592,4.110962351897944,-133.64591474537713,0.5,3,-10,2,400,0.8,0.5,eq,0.5,35,10,10
5.327510845438027,-90.38986506758839,1.6648435882347152,-223.70271607128953,2.6151066666666662,-120.34258528383157,4.110962351897944,-120.1089643960418,0.5,3,-10,2,400,0.8,0.5,eff,1,6.5,5,10
5.327510845438027,-92.09914869793256,1.6648435882347152,-225.4119997016337,2.6151066666666662,-122.27945356057494,4.110962351897944,-120.7250144482428,0.5,3,-10,2,400,0.8,0.5,eff,0.5,6.5,5,10
7.482433334471366,-88.99189763453363,1.6648435882347152,-255.8921313153784,2.6151066666666662,-156.8178993328176,4.110962351897944,-131.71048598310108,0.5,3,-10,2,400,0.8,0.5,eff,1,35,10,10
7.482433334471366,-91.40332519353423,1.6648435882347152,-258.303558874379,2.6151066666666662,-159.5503993443052,4.110962351897944,-132.57959866098867,0.5,3,-10,2,400,0.8,0.5,eff,0.5,6.5,10,10
7.482433334471366,-93.33965489659246,1.6648435882347152,-260.2398885774373,2.6151066666666662,-161.74454401795262,4.110962351897944,-133.27747933618372,0.5,3,-10,2,400,0.8,0.5,eff,0.5,35,10,10
5.327510845438027,-91.51466541437559,1.6648435882347152,-224.82751641807673,2.6151066666666662,-121.61714853942973,4.110962351897944,-120.51435838672919,0.5,3,-10,2,400,0.8,0.5,eff,1,35,5,10
5.327510845438027,-94.59076824889578,1.6648435882347152,-227.9036192525969,2.6151066666666662,-125.10282282441094,4.110962351897944,-121.6230294569317,0.5,3,-10,2,400,0.8,0.5,eff,0.5,35,5,10
7.482433334471366,-88.99189763453363,1.7398467296524174,-253.87675214470806,2.6151066666666662,-149.35945788366638,4.110962351897944,-129.33821663507194,0.5,3,-10,2,400,0.8,1,eq,1,6.5,10,10
7.482433334471366,-88.99189763453363,1.7398467296524174,-253.87675214470806,2.6151066666666662,-149.35945788366638,4.110962351897944,-129.33821663507194,0.5,3,-10,2,400,0.8,1,eq,1,35,10,10
5.327510845438027,-90.38986506758839,1.7398467296524174,-221.81305413680974,2.6151066666666662,-112.80422223329319,4.110962351897944,-117.71127478206178,0.5,3,-10,2,400,0.8,1,eq,1,6.5,5,10
5.327510845438027,-91.51466541437559,1.7398467296524174,-222.93785448359694,2.6151066666666662,-114.0865865352963,4.110962351897944,-118.1191500127502,0.5,3,-10,2,400,0.8,1,eq,1,35,5,10
7.482433334471366,-91.40332519353423,1.7398467296524174,-256.28817970370864,2.6151066666666662,-152.10868233889326,4.110962351897944,-130.21264877353556,0.5,3,-10,2,400,0.8,1,eq,0.5,6.5,10,10
5.327510845438027,-92.09914869793256,1.7398467296524174,-223.5223377671539,2.6151066666666662,-114.7529452363333,4.110962351897944,-118.33109540805032,0.5,3,-10,2,400,0.8,1,eq,0.5,6.5,5,10
7.482433334471366,-93.33965489659246,1.7398467296524174,-258.2245094067669,2.6151066666666662,-154.31625641716215,4.110962351897944,-130.91480087261476,0.5,3,-10,2,400,0.8,1,eq,0.5,35,10,10
7.482433334471366,-88.99189763453363,1.7398467296524174,-247.72493840993175,2.6151066666666662,-148.51823413250366,4.110962351897944,-129.07065278365292,0.5,3,-10,2,400,0.8,1,eff,1,6.5,10,10
5.327510845438027,-90.38986506758839,1.7398467296524174,-216.0158249932236,2.6151066666666662,-112.62742675172964,4.110962351897944,-117.65504232322411,0.5,3,-10,2,400,0.8,1,eff,1,6.5,5,10
5.327510845438027,-94.59076824889578,1.7398467296524174,-226.01395731811712,2.6151066666666662,-117.59359511439045,4.110962351897944,-119.23460677569197,0.5,3,-10,2,400,0.8,1,eq,0.5,35,5,10
5.327510845438027,-91.51466541437559,1.7398467296524174,-217.14062534001079,2.6151066666666662,-113.90056208254728,4.110962351897944,-118.0599821409839,0.5,3,-10,2,400,0.8,1,eff,1,35,5,10
7.482433334471366,-88.99189763453363,1.7398467296524174,-247.72493840993175,2.6151066666666662,-148.51823413250366,4.110962351897944,-129.07065278365292,0.5,3,-10,2,400,0.8,1,eff,1,35,10,10
5.327510845438027,-92.09914869793256,1.7398467296524174,-217.72510862356776,2.6151066666666662,-114.56212510549821,4.110962351897944,-118.27040219882522,0.5,3,-10,2,400,0.8,1,eff,0.5,6.5,5,10
5.327510845438027,-94.59076824889578,1.7398467296524174,-220.21672817453097,2.6151066666666662,-117.3823312783031,4.110962351897944,-119.16741113889395,0.5,3,-10,2,400,0.8,1,eff,0.5,35,5,10
7.482433334471366,-91.40332519353423,1.7398467296524174,-250.13636596893235,2.6151066666666662,-151.247672855947,4.110962351897944,-129.9387917728898,0.5,3,-10,2,400,0.8,1,eff,0.5,6.5,10,10
7.482433334471366,-93.33965489659246,1.7398467296524174,-252.0726956719906,2.6151066666666662,-153.43935937544688,4.110962351897944,-130.63589059523028,0.5,3,-10,2,400,0.8,1,eff,0.5,35,10,10
7.482433334471366,-88.99189763453363,1.6648435882347152,-262.3746001532685,3.3622799999999993,-157.93985853582717,4.484549018564611,-134.2226595171292,0.5,3,-10,2,500,0.7,0.5,eq,1,6.5,10,10
7.482433334471366,-88.99189763453363,1.6648435882347152,-262.3746001532685,3.3622799999999993,-157.93985853582717,4.484549018564611,-134.2226595171292,0.5,3,-10,2,500,0.7,0.5,eq,1,35,10,10
5.327510845438027,-90.38986506758839,1.6648435882347152,-229.86034632914482,3.3622799999999993,-120.82210455534482,4.484549018564611,-120.30818547114785,0.5,3,-10,2,500,0.7,0.5,eq,1,6.5,5,10
7.482433334471366,-91.40332519353423,1.6648435882347152,-264.78602771226906,3.3622799999999993,-160.69270580636842,4.484549018564611,-135.25462987607494,0.5,3,-10,2,500,0.7,0.5,eq,0.5,6.5,10,10
5.327510845438027,-91.51466541437559,1.6648435882347152,-230.98514667593201,3.3622799999999993,-122.10615870495766,4.484549018564611,-120.78954374912499,0.5,3,-10,2,500,0.7,0.5,eq,1,35,5,10
7.482433334471366,-93.33965489659246,1.6648435882347152,-266.7223574153273,3.3622799999999993,-162.90318893597774,4.484549018564611,-136.08328212028675,0.5,3,-10,2,500,0.7,0.5,eq,0.5,35,10,10
5.327510845438027,-92.09914869793256,1.6648435882347152,-231.569629959489,3.3622799999999993,-122.77339550569334,4.484549018564611,-121.03967335425259,0.5,3,-10,2,500,0.7,0.5,eq,0.5,6.5,5,10
5.327510845438027,-94.59076824889578,1.6648435882347152,-234.0612495104522,3.3622799999999993,-125.6177886755146,4.484549018564611,-122.10596187372636,0.5,3,-10,2,500,0.7,0.5,eq,0.5,35,5,10
7.482433334471366,-88.99189763453363,1.6648435882347152,-255.8921313153784,3.3622799999999993,-156.81816056459408,4.484549018564611,-133.80216431916114,0.5,3,-10,2,500,0.7,0.5,eff,1,6.5,10,10
5.327510845438027,-90.38986506758839,1.6648435882347152,-223.70271607128953,3.3622799999999993,-120.34284651671318,4.484549018564611,-120.12852418174514,0.5,3,-10,2,500,0.7,0.5,eff,1,6.5,5,10
5.327510845438027,-94.59076824889578,1.6648435882347152,-227.9036192525969,3.3622799999999993,-125.10308405692747,4.484549018564611,-121.91301258966026,0.5,3,-10,2,500,0.7,0.5,eff,0.5,35,5,10
7.482433334471366,-93.33965489659246,1.6648435882347152,-260.2398885774373,3.3622799999999993,-161.74480524990219,4.484549018564611,-135.64903440843267,0.5,3,-10,2,500,0.7,0.5,eff,0.5,35,10,10
7.482433334471366,-91.40332519353423,1.6648435882347152,-258.303558874379,3.3622799999999993,-159.55066057629935,4.484549018564611,-134.82650702355826,0.5,3,-10,2,500,0.7,0.5,eff,0.5,6.5,10,10
7.482433334471366,-88.99189763453363,1.6648435882347152,-255.8921313153784,3.3622799999999993,-156.81816056459408,4.484549018564611,-133.80216431916114,0.5,3,-10,2,500,0.7,0.5,eff,1,35,10,10
5.327510845438027,-91.51466541437559,1.6648435882347152,-224.82751641807673,3.3622799999999993,-121.61740977195123,4.484549018564611,-120.60632457193843,0.5,3,-10,2,500,0.7,0.5,eff,1,35,5,10
5.327510845438027,-92.09914869793256,1.6648435882347152,-225.4119997016337,3.3622799999999993,-122.27971479297793,4.484549018564611,-120.85460538199078,0.5,3,-10,2,500,0.7,0.5,eff,0.5,6.5,5,10
7.482433334471366,-88.99189763453363,1.7398467296524174,-253.87675214470806,3.3622799999999993,-149.35972248584403,4.484549018564611,-131.00619118121492,0.5,3,-10,2,500,0.7,1,eq,1,6.5,10,10
7.482433334471366,-88.99189763453363,1.7398467296524174,-253.87675214470806,3.3622799999999993,-149.35972248584403,4.484549018564611,-131.00619118121492,0.5,3,-10,2,500,0.7,1,eq,1,35,10,10
5.327510845438027,-90.38986506758839,1.7398467296524174,-221.81305413680974,3.3622799999999993,-112.80448683464463,4.484549018564611,-117.30259052744674,0.5,3,-10,2,500,0.7,1,eq,1,6.5,5,10
7.482433334471366,-91.40332519353423,1.7398467296524174,-256.28817970370864,3.3622799999999993,-152.10894693956863,4.484549018564611,-132.03680344099888,0.5,3,-10,2,500,0.7,1,eq,0.5,6.5,10,10
5.327510845438027,-92.09914869793256,1.7398467296524174,-223.5223377671539,3.3622799999999993,-114.7532098392835,4.484549018564611,-118.03311575494601,0.5,3,-10,2,500,0.7,1,eq,0.5,6.5,5,10
5.327510845438027,-91.51466541437559,1.7398467296524174,-222.93785448359694,3.3622799999999993,-114.08685113664508,4.484549018564611,-117.78331532580222,0.5,3,-10,2,500,0.7,1,eq,1,35,5,10
7.482433334471366,-93.33965489659246,1.7398467296524174,-258.2245094067669,3.3622799999999993,-154.31652101925866,4.484549018564611,-132.8643651585688,0.5,3,-10,2,500,0.7,1,eq,0.5,35,10,10
5.327510845438027,-94.59076824889578,1.7398467296524174,-226.01395731811712,3.3622799999999993,-117.59385971619051,4.484549018564611,-119.0980010119237,0.5,3,-10,2,500,0.7,1,eq,0.5,35,5,10
5.327510845438027,-90.38986506758839,1.7398467296524174,-216.0158249932236,3.3622799999999993,-112.62767406227987,4.484549018564611,-117.23630804889584,0.5,3,-10,2,500,0.7,1,eff,1,6.5,5,10
7.482433334471366,-88.99189763453363,1.7398467296524174,-247.72493840993175,3.3622799999999993,-148.51848144403365,4.484549018564611,-130.6908319423763,0.5,3,-10,2,500,0.7,1,eff,1,6.5,10,10
5.327510845438027,-94.59076824889578,1.7398467296524174,-220.21672817453097,3.3622799999999993,-117.3825785883336,4.484549018564611,-119.0187972494462,0.5,3,-10,2,500,0.7,1,eff,0.5,35,5,10
5.327510845438027,-92.09914869793256,1.7398467296524174,-217.72510862356776,3.3622799999999993,-114.56237241603755,4.484549018564611,-117.9615758020126,0.5,3,-10,2,500,0.7,1,eff,0.5,6.5,5,10
7.482433334471366,-88.99189763453363,1.7398467296524174,-247.72493840993175,3.3622799999999993,-148.51848144403365,4.484549018564611,-130.6908319423763,0.5,3,-10,2,500,0.7,1,eff,1,35,10,10
7.482433334471366,-91.40332519353423,1.7398467296524174,-250.13636596893235,3.3622799999999993,-151.2479201670975,4.484549018564611,-131.71402704982106,0.5,3,-10,2,500,0.7,1,eff,0.5,6.5,10,10
7.482433334471366,-93.33965489659246,1.7398467296524174,-252.0726956719906,3.3622799999999993,-153.43960668542417,4.484549018564611,-132.5356329366486,0.5,3,-10,2,500,0.7,1,eff,0.5,35,10,10
5.327510845438027,-91.51466541437559,1.7398467296524174,-217.14062534001079,3.3622799999999993,-113.90080939255529,4.484549018564611,-117.71357314741049,0.5,3,-10,2,500,0.7,1,eff,1,35,5,10
7.482433334471366,-88.99189763453363,1.6648435882347152,-262.3746001532685,3.3622799999999993,-157.93985853582717,4.484549018564611,-134.2226595171292,0.5,3,-10,2,500,0.8,0.5,eq,1,35,10,10
5.327510845438027,-90.38986506758839,1.6648435882347152,-229.86034632914482,3.3622799999999993,-120.82210455534482,4.484549018564611,-120.30818547114785,0.5,3,-10,2,500,0.8,0.5,eq,1,6.5,5,10
7.482433334471366,-88.99189763453363,1.6648435882347152,-262.3746001532685,3.3622799999999993,-157.93985853582717,4.484549018564611,-134.2226595171292,0.5,3,-10,2,500,0.8,0.5,eq,1,6.5,10,10
5.327510845438027,-91.51466541437559,1.6648435882347152,-230.98514667593201,3.3622799999999993,-122.10615870495766,4.484549018564611,-120.78954374912499,0.5,3,-10,2,500,0.8,0.5,eq,1,35,5,10
7.482433334471366,-91.40332519353423,1.6648435882347152,-264.78602771226906,3.3622799999999993,-160.69270580636842,4.484549018564611,-135.25462987607494,0.5,3,-10,2,500,0.8,0.5,eq,0.5,6.5,10,10
5.327510845438027,-92.09914869793256,1.6648435882347152,-231.569629959489,3.3622799999999993,-122.77339550569334,4.484549018564611,-121.03967335425259,0.5,3,-10,2,500,0.8,0.5,eq,0.5,6.5,5,10
7.482433334471366,-93.33965489659246,1.6648435882347152,-266.7223574153273,3.3622799999999993,-162.90318893597774,4.484549018564611,-136.08328212028675,0.5,3,-10,2,500,0.8,0.5,eq,0.5,35,10,10
5.327510845438027,-94.59076824889578,1.6648435882347152,-234.0612495104522,3.3622799999999993,-125.6177886755146,4.484549018564611,-122.10596187372636,0.5,3,-10,2,500,0.8,0.5,eq,0.5,35,5,10
7.482433334471366,-88.99189763453363,1.6648435882347152,-255.8921313153784,3.3622799999999993,-156.81816056459408,4.484549018564611,-133.80216431916114,0.5,3,-10,2,500,0.8,0.5,eff,1,35,10,10
7.482433334471366,-91.40332519353423,1.6648435882347152,-258.303558874379,3.3622799999999993,-159.55066057629935,4.484549018564611,-134.82650702355826,0.5,3,-10,2,500,0.8,0.5,eff,0.5,6.5,10,10
5.327510845438027,-90.38986506758839,1.6648435882347152,-223.70271607128953,3.3622799999999993,-120.34284651671318,4.484549018564611,-120.12852418174514,0.5,3,-10,2,500,0.8,0.5,eff,1,6.5,5,10
5.327510845438027,-94.59076824889578,1.6648435882347152,-227.9036192525969,3.3622799999999993,-125.10308405692747,4.484549018564611,-121.91301258966026,0.5,3,-10,2,500,0.8,0.5,eff,0.5,35,5,10
5.327510845438027,-91.51466541437559,1.6648435882347152,-224.82751641807673,3.3622799999999993,-121.61740977195123,4.484549018564611,-120.60632457193843,0.5,3,-10,2,500,0.8,0.5,eff,1,35,5,10
7.482433334471366,-88.99189763453363,1.6648435882347152,-255.8921313153784,3.3622799999999993,-156.81816056459408,4.484549018564611,-133.80216431916114,0.5,3,-10,2,500,0.8,0.5,eff,1,6.5,10,10
5.327510845438027,-92.09914869793256,1.6648435882347152,-225.4119997016337,3.3622799999999993,-122.27971479297793,4.484549018564611,-120.85460538199078,0.5,3,-10,2,500,0.8,0.5,eff,0.5,6.5,5,10
7.482433334471366,-93.33965489659246,1.6648435882347152,-260.2398885774373,3.3622799999999993,-161.74480524990219,4.484549018564611,-135.64903440843267,0.5,3,-10,2,500,0.8,0.5,eff,0.5,35,10,10
5.327510845438027,-90.38986506758839,1.7398467296524174,-221.81305413680974,3.3622799999999993,-112.80448683464463,4.484549018564611,-117.30259052744674,0.5,3,-10,2,500,0.8,1,eq,1,6.5,5,10
7.482433334471366,-88.99189763453363,1.7398467296524174,-253.87675214470806,3.3622799999999993,-149.35972248584403,4.484549018564611,-131.00619118121492,0.5,3,-10,2,500,0.8,1,eq,1,35,10,10
7.482433334471366,-88.99189763453363,1.7398467296524174,-253.87675214470806,3.3622799999999993,-149.35972248584403,4.484549018564611,-131.00619118121492,0.5,3,-10,2,500,0.8,1,eq,1,6.5,10,10
7.482433334471366,-91.40332519353423,1.7398467296524174,-256.28817970370864,3.3622799999999993,-152.10894693956863,4.484549018564611,-132.03680344099888,0.5,3,-10,2,500,0.8,1,eq,0.5,6.5,10,10
5.327510845438027,-91.51466541437559,1.7398467296524174,-222.93785448359694,3.3622799999999993,-114.08685113664508,4.484549018564611,-117.78331532580222,0.5,3,-10,2,500,0.8,1,eq,1,35,5,10
5.327510845438027,-92.09914869793256,1.7398467296524174,-223.5223377671539,3.3622799999999993,-114.7532098392835,4.484549018564611,-118.03311575494601,0.5,3,-10,2,500,0.8,1,eq,0.5,6.5,5,10
7.482433334471366,-93.33965489659246,1.7398467296524174,-258.2245094067669,3.3622799999999993,-154.31652101925866,4.484549018564611,-132.8643651585688,0.5,3,-10,2,500,0.8,1,eq,0.5,35,10,10
7.482433334471366,-88.99189763453363,1.7398467296524174,-247.72493840993175,3.3622799999999993,-148.51848144403365,4.484549018564611,-130.6908319423763,0.5,3,-10,2,500,0.8,1,eff,1,6.5,10,10
5.327510845438027,-90.38986506758839,1.7398467296524174,-216.0158249932236,3.3622799999999993,-112.62767406227987,4.484549018564611,-117.23630804889584,0.5,3,-10,2,500,0.8,1,eff,1,6.5,5,10
7.482433334471366,-88.99189763453363,1.7398467296524174,-247.72493840993175,3.3622799999999993,-148.51848144403365,4.484549018564611,-130.6908319423763,0.5,3,-10,2,500,0.8,1,eff,1,35,10,10
5.327510845438027,-94.59076824889578,1.7398467296524174,-226.01395731811712,3.3622799999999993,-117.59385971619051,4.484549018564611,-119.0980010119237,0.5,3,-10,2,500,0.8,1,eq,0.5,35,5,10
7.482433334471366,-91.40332519353423,1.7398467296524174,-250.13636596893235,3.3622799999999993,-151.2479201670975,4.484549018564611,-131.71402704982106,0.5,3,-10,2,500,0.8,1,eff,0.5,6.5,10,10
7.482433334471366,-93.33965489659246,1.7398467296524174,-252.0726956719906,3.3622799999999993,-153.43960668542417,4.484549018564611,-132.5356329366486,0.5,3,-10,2,500,0.8,1,eff,0.5,35,10,10
5.327510845438027,-94.59076824889578,1.7398467296524174,-220.21672817453097,3.3622799999999993,-117.3825785883336,4.484549018564611,-119.0187972494462,0.5,3,-10,2,500,0.8,1,eff,0.5,35,5,10
5.327510845438027,-92.09914869793256,1.7398467296524174,-217.72510862356776,3.3622799999999993,-114.56237241603755,4.484549018564611,-117.9615758020126,0.5,3,-10,2,500,0.8,1,eff,0.5,6.5,5,10
5.327510845438027,-91.51466541437559,1.7398467296524174,-217.14062534001079,3.3622799999999993,-113.90080939255529,4.484549018564611,-117.71357314741049,0.5,3,-10,2,500,0.8,1,eff,1,35,5,10
