ry_ini_q,ry_ini_delta,ry_fin_q,ry_fin_delta,snow_q,snow_delta,obs_fin_q,obs_fin_delta,resub_factor,prcp_duration,temp_air_fin,prcp_perday,p_top,rh_surf,dt,ALPHA_RY_MODE,h_air,surface_wind,temp_air_init,temp_sea_init
7.482433334471366,-10.590417768632232,0.664380693404857,-40.78178533493897,0.20430520833333332,-25.604746026423907,2.8442700602312776,-15.152348743288746,0.2,0.25,-20,2,400,0.7,0.5,eff,1,6.5,10,10
7.482433334471366,-10.590417768632122,0.664380693404857,-44.20996768434352,0.20430520833333332,-26.486296245025134,2.8442700602312776,-15.165013173687791,0.2,0.25,-20,2,400,0.7,0.5,eq,1,35,10,10
7.482433334471366,-13.567577996008495,0.664380693404857,-47.187127911719884,0.20430520833333332,-29.51866421517252,2.8442700602312776,-15.208576446989031,0.2,0.25,-20,2,400,0.7,0.5,eq,0.5,6.5,10,10
5.327510845438027,-12.316618528951274,0.664380693404857,-42.27098993906767,0.20430520833333332,-24.51136256308606,2.8442700602312776,-15.136641097282189,0.2,0.25,-20,2,400,0.7,0.5,eq,1,6.5,5,10
5.327510845438027,-12.316618528951274,0.664380693404857,-38.913334313905054,0.20430520833333332,-23.706731365222566,2.8442700602312776,-15.125081692511921,0.2,0.25,-20,2,400,0.7,0.5,eff,1,6.5,5,10
5.327510845438027,-13.706802534399266,0.664380693404857,-43.66117394451566,0.20430520833333332,-25.92732580615364,2.8442700602312776,-15.156982953662968,0.2,0.25,-20,2,400,0.7,0.5,eq,1,35,5,10
7.482433334471366,-10.590417768632232,0.664380693404857,-44.209967684343624,0.20430520833333332,-26.486296245025137,2.8442700602312776,-15.165013173687791,0.2,0.25,-20,2,400,0.7,0.5,eq,1,6.5,10,10
5.327510845438027,-17.503507624770375,0.664380693404857,-47.45787903488676,0.20430520833333332,-29.794436082011376,2.8442700602312776,-15.212538210641169,0.2,0.25,-20,2,400,0.7,0.5,eq,0.5,35,5,10
7.482433334471366,-10.590417768632122,0.664380693404857,-40.78178533493885,0.20430520833333332,-25.604746026423907,2.8442700602312776,-15.152348743288746,0.2,0.25,-20,2,400,0.7,0.5,eff,1,35,10,10
5.327510845438027,-14.426243307034792,0.664380693404857,-44.380614717151175,0.20430520833333332,-26.660107715327467,2.8442700602312776,-15.167510165035036,0.2,0.25,-20,2,400,0.7,0.5,eq,0.5,6.5,5,10
7.482433334471366,-15.959736888676467,0.664380693404857,-49.57928680438786,0.20430520833333332,-31.955182726627612,2.8442700602312776,-15.243579692922115,0.2,0.25,-20,2,400,0.7,0.5,eq,0.5,35,10,10
5.327510845438027,-12.316618528951274,0.6968241909147566,-40.94277239482864,0.20430520833333332,-23.323423136389685,2.8442700602312776,-15.119575051729672,0.2,0.25,-20,2,400,0.7,1,eq,1,6.5,5,10
7.482433334471366,-10.590417768632232,0.6968241909147566,-42.82863815415732,0.20430520833333332,-25.243935635714283,2.8442700602312776,-15.147165308489473,0.2,0.25,-20,2,400,0.7,1,eq,1,6.5,10,10
7.482433334471366,-13.567577996008495,0.6968241909147566,-45.805798381533585,0.20430520833333332,-28.275791641817754,2.8442700602312776,-15.19072122686904,0.2,0.25,-20,2,400,0.7,1,eq,0.5,6.5,10,10
7.482433334471366,-10.590417768632122,0.6968241909147566,-42.82863815415721,0.20430520833333332,-25.243935635714276,2.8442700602312776,-15.147165308489473,0.2,0.25,-20,2,400,0.7,1,eq,1,35,10,10
7.482433334471366,-10.590417768632232,0.6968241909147566,-39.54472443102673,0.20430520833333332,-24.46776700122849,2.8442700602312776,-15.136014799486453,0.2,0.25,-20,2,400,0.7,1,eff,1,6.5,10,10
5.327510845438027,-13.706802534399266,0.6968241909147566,-42.33295640027663,0.20430520833333332,-24.739147318033087,2.8442700602312776,-15.139913473732335,0.2,0.25,-20,2,400,0.7,1,eq,1,35,5,10
7.482433334471366,-15.959736888676467,0.6968241909147566,-48.197957274201556,0.20430520833333332,-30.711898788354798,2.8442700602312776,-15.225718563096402,0.2,0.25,-20,2,400,0.7,1,eq,0.5,35,10,10
5.327510845438027,-17.503507624770375,0.6968241909147566,-46.12966149064773,0.20430520833333332,-28.605604697723855,2.8442700602312776,-15.195459351144969,0.2,0.25,-20,2,400,0.7,1,eq,0.5,35,5,10
7.482433334471366,-13.567577996008495,0.664380693404857,-43.75894556231523,0.20430520833333332,-28.629012489214176,2.8442700602312776,-15.195795629600717,0.2,0.25,-20,2,400,0.7,0.5,eff,0.5,6.5,10,10
5.327510845438027,-14.426243307034792,0.6968241909147566,-43.05239717291216,0.20430520833333332,-25.471805509379134,2.8442700602312776,-15.150438907762908,0.2,0.25,-20,2,400,0.7,1,eq,0.5,6.5,5,10
5.327510845438027,-12.316618528951274,0.6968241909147566,-37.73583112266833,0.20430520833333332,-22.63047778564266,2.8442700602312776,-15.10962013596917,0.2,0.25,-20,2,400,0.7,1,eff,1,6.5,5,10
5.327510845438027,-13.706802534399266,0.6968241909147566,-39.126015128116315,0.20430520833333332,-24.042484822813492,2.8442700602312776,-15.129905157137301,0.2,0.25,-20,2,400,0.7,1,eff,1,35,5,10
7.482433334471366,-13.567577996008495,0.6968241909147566,-42.521884658402996,0.20430520833333332,-27.491662525381948,2.8442700602312776,-15.179456356860133,0.2,0.25,-20,2,400,0.7,1,eff,0.5,6.5,10,10
5.327510845438027,-13.706802534399266,0.664380693404857,-43.66117394451566,0.20430520833333332,-25.92732580615364,2.8442700602312776,-15.156982953662968,0.2,0.25,-20,2,400,0.8,0.5,eq,1,35,5,10
7.482433334471366,-10.590417768632122,0.6968241909147566,-39.54472443102662,0.20430520833333332,-24.467767001228484,2.8442700602312776,-15.136014799486453,0.2,0.25,-20,2,400,0.7,1,eff,1,35,10,10
5.327510845438027,-12.316618528951274,0.664380693404857,-42.27098993906767,0.20430520833333332,-24.51136256308606,2.8442700602312776,-15.136641097282189,0.2,0.25,-20,2,400,0.8,0.5,eq,1,6.5,5,10
7.482433334471366,-15.959736888676467,0.6968241909147566,-44.914043551070975,0.20430520833333332,-29.92137339618642,2.8442700602312776,-15.214361803610021,0.2,0.25,-20,2,400,0.7,1,eff,0.5,35,10,10
7.482433334471366,-10.590417768632232,0.664380693404857,-44.209967684343624,0.20430520833333332,-26.486296245025137,2.8442700602312776,-15.165013173687791,0.2,0.25,-20,2,400,0.8,0.5,eq,1,6.5,10,10
5.327510845438027,-14.426243307034792,0.6968241909147566,-39.845455900751844,0.20430520833333332,-24.7732193369585,2.8442700602312776,-15.140402955446719,0.2,0.25,-20,2,400,0.7,1,eff,0.5,6.5,5,10
7.482433334471366,-15.959736888676467,0.664380693404857,-46.1511044549832,0.20430520833333332,-31.05902141055814,2.8442700602312776,-15.230705358171726,0.2,0.25,-20,2,400,0.7,0.5,eff,0.5,35,10,10
5.327510845438027,-14.426243307034792,0.664380693404857,-41.02295909198857,0.20430520833333332,-25.84973576477487,2.8442700602312776,-15.1558682880909,0.2,0.25,-20,2,400,0.7,0.5,eff,0.5,6.5,5,10
7.482433334471366,-10.590417768632232,0.664380693404857,-40.78178533493897,0.20430520833333332,-25.604746026423907,2.8442700602312776,-15.152348743288746,0.2,0.25,-20,2,400,0.8,0.5,eff,1,6.5,10,10
7.482433334471366,-13.567577996008495,0.664380693404857,-47.187127911719884,0.20430520833333332,-29.51866421517252,2.8442700602312776,-15.208576446989031,0.2,0.25,-20,2,400,0.8,0.5,eq,0.5,6.5,10,10
7.482433334471366,-10.590417768632122,0.664380693404857,-44.20996768434352,0.20430520833333332,-26.486296245025134,2.8442700602312776,-15.165013173687791,0.2,0.25,-20,2,400,0.8,0.5,eq,1,35,10,10
5.327510845438027,-17.503507624770375,0.664380693404857,-47.45787903488676,0.20430520833333332,-29.794436082011376,2.8442700602312776,-15.212538210641169,0.2,0.25,-20,2,400,0.8,0.5,eq,0.5,35,5,10
5.327510845438027,-14.426243307034792,0.664380693404857,-44.380614717151175,0.20430520833333332,-26.660107715327467,2.8442700602312776,-15.167510165035036,0.2,0.25,-20,2,400,0.8,0.5,eq,0.5,6.5,5,10
7.482433334471366,-15.959736888676467,0.664380693404857,-49.57928680438786,0.20430520833333332,-31.955182726627612,2.8442700602312776,-15.243579692922115,0.2,0.25,-20,2,400,0.8,0.5,eq,0.5,35,10,10
5.327510845438027,-17.503507624770375,0.664380693404857,-44.100223409724144,0.20430520833333332,-28.975690218876675,2.8442700602312776,-15.200776033309493,0.2,0.25,-20,2,400,0.7,0.5,eff,0.5,35,5,10
5.327510845438027,-17.503507624770375,0.6968241909147566,-42.922720218487434,0.20430520833333332,-27.89879037993855,2.8442700602312776,-15.185305192546128,0.2,0.25,-20,2,400,0.7,1,eff,0.5,35,5,10
5.327510845438027,-13.706802534399266,0.6968241909147566,-42.33295640027663,0.20430520833333332,-24.739147318033087,2.8442700602312776,-15.139913473732335,0.2,0.25,-20,2,400,0.8,1,eq,1,35,5,10
5.327510845438027,-12.316618528951274,0.664380693404857,-38.913334313905054,0.20430520833333332,-23.706731365222566,2.8442700602312776,-15.125081692511921,0.2,0.25,-20,2,400,0.8,0.5,eff,1,6.5,5,10
5.327510845438027,-17.503507624770375,0.664380693404857,-44.100223409724144,0.20430520833333332,-28.975690218876675,2.8442700602312776,-15.200776033309493,0.2,0.25,-20,2,400,0.8,0.5,eff,0.5,35,5,10
7.482433334471366,-15.959736888676467,0.664380693404857,-46.1511044549832,0.20430520833333332,-31.05902141055814,2.8442700602312776,-15.230705358171726,0.2,0.25,-20,2,400,0.8,0.5,eff,0.5,35,10,10
7.482433334471366,-15.959736888676467,0.6968241909147566,-48.197957274201556,0.20430520833333332,-30.711898788354798,2.8442700602312776,-15.225718563096402,0.2,0.25,-20,2,400,0.8,1,eq,0.5,35,10,10
5.327510845438027,-14.426243307034792,0.664380693404857,-41.02295909198857,0.20430520833333332,-25.84973576477487,2.8442700602312776,-15.1558682880909,0.2,0.25,-20,2,400,0.8,0.5,eff,0.5,6.5,5,10
5.327510845438027,-14.426243307034792,0.6968241909147566,-43.05239717291216,0.20430520833333332,-25.471805509379134,2.8442700602312776,-15.150438907762908,0.2,0.25,-20,2,400,0.8,1,eq,0.5,6.5,5,10
5.327510845438027,-12.316618528951274,0.6968241909147566,-40.94277239482864,0.20430520833333332,-23.323423136389685,2.8442700602312776,-15.119575051729672,0.2,0.25,-20,2,400,0.8,1,eq,1,6.5,5,10
7.482433334471366,-10.590417768632232,0.6968241909147566,-42.82863815415732,0.20430520833333332,-25.243935635714283,2.8442700602312776,-15.147165308489473,0.2,0.25,-20,2,400,0.8,1,eq,1,6.5,10,10
7.482433334471366,-13.567577996008495,0.6968241909147566,-45.805798381533585,0.20430520833333332,-28.275791641817754,2.8442700602312776,-15.19072122686904,0.2,0.25,-20,2,400,0.8,1,eq,0.5,6.5,10,10
5.327510845438027,-13.706802534399266,0.664380693404857,-40.303518319353046,0.20430520833333332,-25.11891161206927,2.8442700602312776,-15.145369202025915,0.2,0.25,-20,2,400,0.8,0.5,eff,1,35,5,10
7.482433334471366,-10.590417768632122,0.664380693404857,-40.78178533493885,0.20430520833333332,-25.604746026423907,2.8442700602312776,-15.152348743288746,0.2,0.25,-20,2,400,0.8,0.5,eff,1,35,10,10
7.482433334471366,-13.567577996008495,0.664380693404857,-43.75894556231523,0.20430520833333332,-28.629012489214176,2.8442700602312776,-15.195795629600717,0.2,0.25,-20,2,400,0.8,0.5,eff,0.5,6.5,10,10
7.482433334471366,-10.590417768632122,0.6968241909147566,-42.82863815415721,0.20430520833333332,-25.243935635714276,2.8442700602312776,-15.147165308489473,0.2,0.25,-20,2,400,0.8,1,eq,1,35,10,10
7.482433334471366,-10.590417768632232,0.6968241909147566,-39.54472443102673,0.20430520833333332,-24.46776700122849,2.8442700602312776,-15.136014799486453,0.2,0.25,-20,2,400,0.8,1,eff,1,6.5,10,10
7.482433334471366,-15.959736888676467,0.6968241909147566,-44.914043551070975,0.20430520833333332,-29.92137339618642,2.8442700602312776,-15.214361803610021,0.2,0.25,-20,2,400,0.8,1,eff,0.5,35,10,10
5.327510845438027,-12.316618528951274,0.6968241909147566,-37.73583112266833,0.20430520833333332,-22.63047778564266,2.8442700602312776,-15.10962013596917,0.2,0.25,-20,2,400,0.8,1,eff,1,6.5,5,10
5.327510845438027,-17.503507624770375,0.6968241909147566,-46.12966149064773,0.20430520833333332,-28.605604697723855,2.8442700602312776,-15.195459351144969,0.2,0.25,-20,2,400,0.8,1,eq,0.5,35,5,10
5.327510845438027,-13.706802534399266,0.664380693404857,-40.303518319353046,0.20430520833333332,-25.11891161206927,2.8442700602312776,-15.145369202025915,0.2,0.25,-20,2,400,0.7,0.5,eff,1,35,5,10
7.482433334471366,-13.567577996008495,0.6968241909147566,-42.521884658402996,0.20430520833333332,-27.491662525381948,2.8442700602312776,-15.179456356860133,0.2,0.25,-20,2,400,0.8,1,eff,0.5,6.5,10,10
5.327510845438027,-12.316618528951274,0.664380693404857,-42.27098993906767,0.3064578125,-24.51149701164403,2.864700581064611,-15.203502773522448,0.2,0.25,-20,2,500,0.7,0.5,eq,1,6.5,5,10
7.482433334471366,-10.590417768632122,0.664380693404857,-44.20996768434352,0.3064578125,-26.486430693581333,2.864700581064611,-15.245757371437296,0.2,0.25,-20,2,500,0.7,0.5,eq,1,35,10,10
5.327510845438027,-13.706802534399266,0.6968241909147566,-39.126015128116315,0.20430520833333332,-24.042484822813492,2.8442700602312776,-15.129905157137301,0.2,0.25,-20,2,400,0.8,1,eff,1,35,5,10
7.482433334471366,-10.590417768632122,0.6968241909147566,-39.54472443102662,0.20430520833333332,-24.467767001228484,2.8442700602312776,-15.136014799486453,0.2,0.25,-20,2,400,0.8,1,eff,1,35,10,10
7.482433334471366,-10.590417768632232,0.664380693404857,-44.209967684343624,0.3064578125,-26.486430693581333,2.864700581064611,-15.245757371437296,0.2,0.25,-20,2,500,0.7,0.5,eq,1,6.5,10,10
5.327510845438027,-14.426243307034792,0.6968241909147566,-39.845455900751844,0.20430520833333332,-24.7732193369585,2.8442700602312776,-15.140402955446719,0.2,0.25,-20,2,400,0.8,1,eff,0.5,6.5,5,10
5.327510845438027,-14.426243307034792,0.664380693404857,-44.380614717151175,0.3064578125,-26.660242163908926,2.864700581064611,-15.24947614633032,0.2,0.25,-20,2,500,0.7,0.5,eq,0.5,6.5,5,10
5.327510845438027,-17.503507624770375,0.6968241909147566,-42.922720218487434,0.20430520833333332,-27.89879037993855,2.8442700602312776,-15.185305192546128,0.2,0.25,-20,2,400,0.8,1,eff,0.5,35,5,10
7.482433334471366,-15.959736888676467,0.664380693404857,-49.57928680438786,0.3064578125,-31.95531717518498,2.864700581064611,-15.362766667210925,0.2,0.25,-20,2,500,0.7,0.5,eq,0.5,35,10,10
5.327510845438027,-17.503507624770375,0.664380693404857,-47.45787903488676,0.3064578125,-29.794570530568894,2.864700581064611,-15.31653651705489,0.2,0.25,-20,2,500,0.7,0.5,eq,0.5,35,5,10
7.482433334471366,-13.567577996008495,0.664380693404857,-47.187127911719884,0.3064578125,-29.51879866373006,2.864700581064611,-15.31063625343776,0.2,0.25,-20,2,500,0.7,0.5,eq,0.5,6.5,10,10
7.482433334471366,-15.959736888676467,0.664380693404857,-46.1511044549832,0.3064578125,-31.059135822864107,2.864700581064611,-15.343592462503498,0.2,0.25,-20,2,500,0.7,0.5,eff,0.5,35,10,10
5.327510845438027,-13.706802534399266,0.664380693404857,-43.66117394451566,0.3064578125,-25.92746025470985,2.864700581064611,-15.233797946492267,0.2,0.25,-20,2,500,0.7,0.5,eq,1,35,5,10
5.327510845438027,-12.316618528951274,0.664380693404857,-38.913334313905054,0.3064578125,-23.7068457775102,2.864700581064611,-15.186286897024392,0.2,0.25,-20,2,500,0.7,0.5,eff,1,6.5,5,10
5.327510845438027,-13.706802534399266,0.664380693404857,-40.303518319353046,0.3064578125,-25.119026024362512,2.864700581064611,-15.216501131081973,0.2,0.25,-20,2,500,0.7,0.5,eff,1,35,5,10
5.327510845438027,-14.426243307034792,0.664380693404857,-41.02295909198857,0.3064578125,-25.84985017707076,2.864700581064611,-15.232137443835892,0.2,0.25,-20,2,500,0.7,0.5,eff,0.5,6.5,5,10
7.482433334471366,-10.590417768632232,0.664380693404857,-40.78178533493897,0.3064578125,-25.604860438718934,2.864700581064611,-15.22689577775771,0.2,0.25,-20,2,500,0.7,0.5,eff,1,6.5,10,10
7.482433334471366,-10.590417768632122,0.664380693404857,-40.78178533493885,0.3064578125,-25.604860438718934,2.864700581064611,-15.22689577775771,0.2,0.25,-20,2,500,0.7,0.5,eff,1,35,10,10
7.482433334471366,-15.959736888676467,0.6968241909147566,-48.197957274201556,0.3064578125,-30.71202576692961,2.864700581064611,-15.336165886117637,0.2,0.25,-20,2,500,0.7,1,eq,0.5,35,10,10
7.482433334471366,-10.590417768632232,0.6968241909147566,-42.82863815415732,0.3064578125,-25.24406261427657,2.864700581064611,-15.219176345383945,0.2,0.25,-20,2,500,0.7,1,eq,1,6.5,10,10
5.327510845438027,-14.426243307034792,0.6968241909147566,-43.05239717291216,0.3064578125,-25.4719324879561,2.864700581064611,-15.224051724227028,0.2,0.25,-20,2,500,0.7,1,eq,0.5,6.5,5,10
7.482433334471366,-10.590417768632122,0.6968241909147566,-42.82863815415721,0.3064578125,-25.24406261427656,2.864700581064611,-15.219176345383945,0.2,0.25,-20,2,500,0.7,1,eq,1,35,10,10
7.482433334471366,-13.567577996008495,0.6968241909147566,-45.805798381533585,0.3064578125,-28.275918620390218,2.864700581064611,-15.284044273682685,0.2,0.25,-20,2,500,0.7,1,eq,0.5,6.5,10,10
5.327510845438027,-13.706802534399266,0.6968241909147566,-42.33295640027663,0.3064578125,-24.73927429661099,2.864700581064611,-15.20837617138804,0.2,0.25,-20,2,500,0.7,1,eq,1,35,5,10
7.482433334471366,-13.567577996008495,0.664380693404857,-43.75894556231523,0.3064578125,-28.629126901522906,2.864700581064611,-15.291601324350147,0.2,0.25,-20,2,500,0.7,0.5,eff,0.5,6.5,10,10
5.327510845438027,-17.503507624770375,0.6968241909147566,-46.12966149064773,0.3064578125,-28.605731676295754,2.864700581064611,-15.291100772942269,0.2,0.25,-20,2,500,0.7,1,eq,0.5,35,5,10
5.327510845438027,-17.503507624770375,0.664380693404857,-44.100223409724144,0.3064578125,-28.975804631161736,2.864700581064611,-15.299018650919649,0.2,0.25,-20,2,500,0.7,0.5,eff,0.5,35,5,10
7.482433334471366,-10.590417768632232,0.6968241909147566,-39.54472443102673,0.3064578125,-24.46787521432742,2.864700581064611,-15.20256946547127,0.2,0.25,-20,2,500,0.7,1,eff,1,6.5,10,10
5.327510845438027,-13.706802534399266,0.6968241909147566,-39.126015128116315,0.3064578125,-24.0425930359151,2.864700581064611,-15.19347036122598,0.2,0.25,-20,2,500,0.7,1,eff,1,35,5,10
5.327510845438027,-12.316618528951274,0.6968241909147566,-40.94277239482864,0.3064578125,-23.323550114969617,2.864700581064611,-15.178086113245337,0.2,0.25,-20,2,500,0.7,1,eq,1,6.5,5,10
7.482433334471366,-10.590417768632122,0.6968241909147566,-39.54472443102662,0.3064578125,-24.46787521432742,2.864700581064611,-15.20256946547127,0.2,0.25,-20,2,500,0.7,1,eff,1,35,10,10
5.327510845438027,-14.426243307034792,0.6968241909147566,-39.845455900751844,0.3064578125,-24.773327550061765,2.864700581064611,-15.209104756122581,0.2,0.25,-20,2,500,0.7,1,eff,0.5,6.5,5,10
7.482433334471366,-13.567577996008495,0.6968241909147566,-42.521884658402996,0.3064578125,-27.49177073849051,2.864700581064611,-15.267267075664058,0.2,0.25,-20,2,500,0.7,1,eff,0.5,6.5,10,10
7.482433334471366,-15.959736888676467,0.6968241909147566,-44.914043551070975,0.3064578125,-29.921481609298933,2.864700581064611,-15.319251836891535,0.2,0.25,-20,2,500,0.7,1,eff,0.5,35,10,10
5.327510845438027,-12.316618528951274,0.6968241909147566,-37.73583112266833,0.3064578125,-22.630585998743367,2.864700581064611,-15.163259833067656,0.2,0.25,-20,2,500,0.7,1,eff,1,6.5,5,10
7.482433334471366,-15.959736888676467,0.664380693404857,-49.57928680438786,0.3064578125,-31.95531717518498,2.864700581064611,-15.362766667210925,0.2,0.25,-20,2,500,0.8,0.5,eq,0.5,35,10,10
7.482433334471366,-13.567577996008495,0.664380693404857,-47.187127911719884,0.3064578125,-29.51879866373006,2.864700581064611,-15.31063625343776,0.2,0.25,-20,2,500,0.8,0.5,eq,0.5,6.5,10,10
5.327510845438027,-14.426243307034792,0.664380693404857,-44.380614717151175,0.3064578125,-26.660242163908926,2.864700581064611,-15.24947614633032,0.2,0.25,-20,2,500,0.8,0.5,eq,0.5,6.5,5,10
5.327510845438027,-17.503507624770375,0.6968241909147566,-42.922720218487434,0.3064578125,-27.898898593047804,2.864700581064611,-15.275977759952596,0.2,0.25,-20,2,500,0.7,1,eff,0.5,35,5,10
5.327510845438027,-13.706802534399266,0.664380693404857,-43.66117394451566,0.3064578125,-25.92746025470985,2.864700581064611,-15.233797946492267,0.2,0.25,-20,2,500,0.8,0.5,eq,1,35,5,10
5.327510845438027,-13.706802534399266,0.664380693404857,-40.303518319353046,0.3064578125,-25.119026024362512,2.864700581064611,-15.216501131081973,0.2,0.25,-20,2,500,0.8,0.5,eff,1,35,5,10
5.327510845438027,-12.316618528951274,0.664380693404857,-38.913334313905054,0.3064578125,-23.7068457775102,2.864700581064611,-15.186286897024392,0.2,0.25,-20,2,500,0.8,0.5,eff,1,6.5,5,10
5.327510845438027,-17.503507624770375,0.664380693404857,-47.45787903488676,0.3064578125,-29.794570530568894,2.864700581064611,-15.31653651705489,0.2,0.25,-20,2,500,0.8,0.5,eq,0.5,35,5,10
7.482433334471366,-10.590417768632122,0.664380693404857,-40.78178533493885,0.3064578125,-25.604860438718934,2.864700581064611,-15.22689577775771,0.2,0.25,-20,2,500,0.8,0.5,eff,1,35,10,10
7.482433334471366,-10.590417768632232,0.664380693404857,-44.209967684343624,0.3064578125,-26.486430693581333,2.864700581064611,-15.245757371437296,0.2,0.25,-20,2,500,0.8,0.5,eq,1,6.5,10,10
7.482433334471366,-10.590417768632122,0.664380693404857,-44.20996768434352,0.3064578125,-26.486430693581333,2.864700581064611,-15.245757371437296,0.2,0.25,-20,2,500,0.8,0.5,eq,1,35,10,10
5.327510845438027,-12.316618528951274,0.6968241909147566,-40.94277239482864,0.3064578125,-23.323550114969617,2.864700581064611,-15.178086113245337,0.2,0.25,-20,2,500,0.8,1,eq,1,6.5,5,10
5.327510845438027,-12.316618528951274,0.664380693404857,-42.27098993906767,0.3064578125,-24.51149701164403,2.864700581064611,-15.203502773522448,0.2,0.25,-20,2,500,0.8,0.5,eq,1,6.5,5,10
5.327510845438027,-17.503507624770375,0.664380693404857,-44.100223409724144,0.3064578125,-28.975804631161736,2.864700581064611,-15.299018650919649,0.2,0.25,-20,2,500,0.8,0.5,eff,0.5,35,5,10
7.482433334471366,-13.567577996008495,0.664380693404857,-43.75894556231523,0.3064578125,-28.629126901522906,2.864700581064611,-15.291601324350147,0.2,0.25,-20,2,500,0.8,0.5,eff,0.5,6.5,10,10
5.327510845438027,-14.426243307034792,0.664380693404857,-41.02295909198857,0.3064578125,-25.84985017707076,2.864700581064611,-15.232137443835892,0.2,0.25,-20,2,500,0.8,0.5,eff,0.5,6.5,5,10
7.482433334471366,-10.590417768632232,0.664380693404857,-40.78178533493897,0.3064578125,-25.604860438718934,2.864700581064611,-15.22689577775771,0.2,0.25,-20,2,500,0.8,0.5,eff,1,6.5,10,10
7.482433334471366,-10.590417768632122,0.6968241909147566,-42.82863815415721,0.3064578125,-25.24406261427656,2.864700581064611,-15.219176345383945,0.2,0.25,-20,2,500,0.8,1,eq,1,35,10,10
5.327510845438027,-13.706802534399266,0.6968241909147566,-42.33295640027663,0.3064578125,-24.73927429661099,2.864700581064611,-15.20837617138804,0.2,0.25,-20,2,500,0.8,1,eq,1,35,5,10
7.482433334471366,-13.567577996008495,0.6968241909147566,-45.805798381533585,0.3064578125,-28.275918620390218,2.864700581064611,-15.284044273682685,0.2,0.25,-20,2,500,0.8,1,eq,0.5,6.5,10,10
7.482433334471366,-10.590417768632232,0.6968241909147566,-42.82863815415732,0.3064578125,-25.24406261427657,2.864700581064611,-15.219176345383945,0.2,0.25,-20,2,500,0.8,1,eq,1,6.5,10,10
5.327510845438027,-14.426243307034792,0.6968241909147566,-43.05239717291216,0.3064578125,-25.4719324879561,2.864700581064611,-15.224051724227028,0.2,0.25,-20,2,500,0.8,1,eq,0.5,6.5,5,10
7.482433334471366,-15.959736888676467,0.664380693404857,-46.1511044549832,0.3064578125,-31.059135822864107,2.864700581064611,-15.343592462503498,0.2,0.25,-20,2,500,0.8,0.5,eff,0.5,35,10,10
7.482433334471366,-10.590417768632122,0.6968241909147566,-39.54472443102662,0.3064578125,-24.46787521432742,2.864700581064611,-15.20256946547127,0.2,0.25,-20,2,500,0.8,1,eff,1,35,10,10
7.482433334471366,-15.959736888676467,0.6968241909147566,-48.197957274201556,0.3064578125,-30.71202576692961,2.864700581064611,-15.336165886117637,0.2,0.25,-20,2,500,0.8,1,eq,0.5,35,10,10
5.327510845438027,-12.316618528951274,0.6968241909147566,-37.73583112266833,0.3064578125,-22.630585998743367,2.864700581064611,-15.163259833067656,0.2,0.25,-20,2,500,0.8,1,eff,1,6.5,5,10
5.327510845438027,-14.426243307034792,0.6968241909147566,-39.845455900751844,0.3064578125,-24.773327550061765,2.864700581064611,-15.209104756122581,0.2,0.25,-20,2,500,0.8,1,eff,0.5,6.5,5,10
5.327510845438027,-17.503507624770375,0.6968241909147566,-46.12966149064773,0.3064578125,-28.605731676295754,2.864700581064611,-15.291100772942269,0.2,0.25,-20,2,500,0.8,1,eq,0.5,35,5,10
7.482433334471366,-15.959736888676467,0.6968241909147566,-44.914043551070975,0.3064578125,-29.921481609298933,2.864700581064611,-15.319251836891535,0.2,0.25,-20,2,500,0.8,1,eff,0.5,35,10,10
7.482433334471366,-13.567577996008495,0.6968241909147566,-42.521884658402996,0.3064578125,-27.49177073849051,2.864700581064611,-15.267267075664058,0.2,0.25,-20,2,500,0.8,1,eff,0.5,6.5,10,10
7.482433334471366,-10.590417768632122,0.664380693404857,-44.20996768434352,1.0215260416666667,-26.487371833518655,3.0077142268979444,-15.78030348583681,0.2,0.25,-20,10,400,0.7,0.5,eq,1,35,10,10
7.482433334471366,-10.590417768632232,0.664380693404857,-44.209967684343624,1.0215260416666667,-26.48737183351906,3.0077142268979444,-15.78030348583681,0.2,0.25,-20,10,400,0.7,0.5,eq,1,6.5,10,10
5.327510845438027,-12.316618528951274,0.664380693404857,-42.27098993906767,1.0215260416666667,-24.512438151584064,3.0077142268979444,-15.646152031644878,0.2,0.25,-20,10,400,0.7,0.5,eq,1,6.5,5,10
5.327510845438027,-13.706802534399266,0.6968241909147566,-39.126015128116315,0.3064578125,-24.0425930359151,2.864700581064611,-15.19347036122598,0.2,0.25,-20,2,500,0.8,1,eff,1,35,5,10
7.482433334471366,-10.590417768632232,0.6968241909147566,-39.54472443102673,0.3064578125,-24.46787521432742,2.864700581064611,-15.20256946547127,0.2,0.25,-20,2,500,0.8,1,eff,1,6.5,10,10
5.327510845438027,-17.503507624770375,0.6968241909147566,-42.922720218487434,0.3064578125,-27.898898593047804,2.864700581064611,-15.275977759952596,0.2,0.25,-20,2,500,0.8,1,eff,0.5,35,5,10
5.327510845438027,-13.706802534399266,0.664380693404857,-43.66117394451566,1.0215260416666667,-25.928401394656785,3.0077142268979444,-15.742334262915826,0.2,0.25,-20,10,400,0.7,0.5,eq,1,35,5,10
7.482433334471366,-15.959736888676467,0.664380693404857,-49.57928680438786,1.0215260416666667,-31.956258315142204,3.0077142268979444,-16.15178890888247,0.2,0.25,-20,10,400,0.7,0.5,eq,0.5,35,10,10
5.327510845438027,-14.426243307034792,0.664380693404857,-44.380614717151175,1.0215260416666667,-26.661183303833656,3.0077142268979444,-15.792109989372305,0.2,0.25,-20,10,400,0.7,0.5,eq,0.5,6.5,5,10
7.482433334471366,-13.567577996008495,0.664380693404857,-47.187127911719884,1.0215260416666667,-29.519739803660954,3.0077142268979444,-15.986283350660102,0.2,0.25,-20,10,400,0.7,0.5,eq,0.5,6.5,10,10
7.482433334471366,-10.590417768632232,0.664380693404857,-40.78178533493897,1.0215260416666667,-25.605661324838596,3.0077142268979444,-15.720411476298658,0.2,0.25,-20,10,400,0.7,0.5,eff,1,6.5,10,10
5.327510845438027,-17.503507624770375,0.664380693404857,-47.45787903488676,1.0215260416666667,-29.795511670499746,3.0077142268979444,-16.00501572496715,0.2,0.25,-20,10,400,0.7,0.5,eq,0.5,35,5,10
5.327510845438027,-13.706802534399266,0.6968241909147566,-42.33295640027663,1.0215260416666667,-24.740163146599375,3.0077142268979444,-15.661620722830172,0.2,0.25,-20,10,400,0.7,1,eq,1,35,5,10
5.327510845438027,-13.706802534399266,0.664380693404857,-40.303518319353046,1.0215260416666667,-25.119826910484054,3.0077142268979444,-15.687410169075822,0.2,0.25,-20,10,400,0.7,0.5,eff,1,35,5,10
5.327510845438027,-12.316618528951274,0.664380693404857,-38.913334313905054,1.0215260416666667,-23.707646663637238,3.0077142268979444,-15.591484905646213,0.2,0.25,-20,10,400,0.7,0.5,eff,1,6.5,5,10
7.482433334471366,-10.590417768632232,0.6968241909147566,-42.82863815415732,1.0215260416666667,-25.244951464284966,3.0077142268979444,-15.695909513130267,0.2,0.25,-20,10,400,0.7,1,eq,1,6.5,10,10
7.482433334471366,-10.590417768632122,0.664380693404857,-40.78178533493885,1.0215260416666667,-25.605661324838596,3.0077142268979444,-15.720411476298658,0.2,0.25,-20,10,400,0.7,0.5,eff,1,35,10,10
7.482433334471366,-15.959736888676467,0.664380693404857,-46.1511044549832,1.0215260416666667,-31.05993670897286,3.0077142268979444,-16.090904410333895,0.2,0.25,-20,10,400,0.7,0.5,eff,0.5,35,10,10
5.327510845438027,-14.426243307034792,0.664380693404857,-41.02295909198857,1.0215260416666667,-25.850651063189275,3.0077142268979444,-15.737052910875683,0.2,0.25,-20,10,400,0.7,0.5,eff,0.5,6.5,5,10
5.327510845438027,-12.316618528951274,0.6968241909147566,-40.94277239482864,1.0215260416666667,-23.32443896495935,3.0077142268979444,-15.565454730301354,0.2,0.25,-20,10,400,0.7,1,eq,1,6.5,5,10
7.482433334471366,-10.590417768632122,0.6968241909147566,-42.82863815415721,1.0215260416666667,-25.24495146428496,3.0077142268979444,-15.695909513130267,0.2,0.25,-20,10,400,0.7,1,eq,1,35,10,10
5.327510845438027,-17.503507624770375,0.664380693404857,-44.100223409724144,1.0215260416666667,-28.97660551729111,3.0077142268979444,-15.94938983114369,0.2,0.25,-20,10,400,0.7,0.5,eff,0.5,35,5,10
7.482433334471366,-13.567577996008495,0.664380693404857,-43.75894556231523,1.0215260416666667,-28.62992778762861,3.0077142268979444,-15.925841029482356,0.2,0.25,-20,10,400,0.7,0.5,eff,0.5,6.5,10,10
5.327510845438027,-17.503507624770375,0.6968241909147566,-46.12966149064773,1.0215260416666667,-28.60662052629948,3.0077142268979444,-15.92425783556084,0.2,0.25,-20,10,400,0.7,1,eq,0.5,35,5,10
7.482433334471366,-15.959736888676467,0.6968241909147566,-48.197957274201556,1.0215260416666667,-30.712914616934878,3.0077142268979444,-16.067332217146067,0.2,0.25,-20,10,400,0.7,1,eq,0.5,35,10,10
7.482433334471366,-10.590417768632232,0.6968241909147566,-39.54472443102673,1.0215260416666667,-24.468632706034594,3.0077142268979444,-15.643176456173414,0.2,0.25,-20,10,400,0.7,1,eff,1,6.5,10,10
7.482433334471366,-15.959736888676467,0.6968241909147566,-44.914043551070975,1.0215260416666667,-29.922239100992083,3.0077142268979444,-16.01362394773531,0.2,0.25,-20,10,400,0.7,1,eff,0.5,35,10,10
5.327510845438027,-14.426243307034792,0.6968241909147566,-39.845455900751844,1.0215260416666667,-24.77408504176428,3.0077142268979444,-15.663924937704188,0.2,0.25,-20,10,400,0.7,1,eff,0.5,6.5,5,10
7.482433334471366,-10.590417768632122,0.6968241909147566,-39.54472443102662,1.0215260416666667,-24.468632706034594,3.0077142268979444,-15.643176456173414,0.2,0.25,-20,10,400,0.7,1,eff,1,35,10,10
7.482433334471366,-10.590417768632122,0.664380693404857,-44.20996768434352,1.0215260416666667,-26.487371833518655,3.0077142268979444,-15.78030348583681,0.2,0.25,-20,10,400,0.8,0.5,eq,1,35,10,10
5.327510845438027,-12.316618528951274,0.6968241909147566,-37.73583112266833,1.0215260416666667,-22.631343490448337,3.0077142268979444,-15.518374786984811,0.2,0.25,-20,10,400,0.7,1,eff,1,6.5,5,10
7.482433334471366,-13.567577996008495,0.664380693404857,-47.187127911719884,1.0215260416666667,-29.519739803660954,3.0077142268979444,-15.986283350660102,0.2,0.25,-20,10,400,0.8,0.5,eq,0.5,6.5,10,10
5.327510845438027,-13.706802534399266,0.6968241909147566,-39.126015128116315,1.0215260416666667,-24.04335052761927,3.0077142268979444,-15.614288284789058,0.2,0.25,-20,10,400,0.7,1,eff,1,35,5,10
7.482433334471366,-13.567577996008495,0.6968241909147566,-42.521884658402996,1.0215260416666667,-27.49252823018771,3.0077142268979444,-15.848580812583112,0.2,0.25,-20,10,400,0.7,1,eff,0.5,6.5,10,10
5.327510845438027,-12.316618528951274,0.664380693404857,-42.27098993906767,1.0215260416666667,-24.512438151584064,3.0077142268979444,-15.646152031644878,0.2,0.25,-20,10,400,0.8,0.5,eq,1,6.5,5,10
5.327510845438027,-13.706802534399266,0.664380693404857,-43.66117394451566,1.0215260416666667,-25.928401394656785,3.0077142268979444,-15.742334262915826,0.2,0.25,-20,10,400,0.8,0.5,eq,1,35,5,10
7.482433334471366,-13.567577996008495,0.6968241909147566,-45.805798381533585,1.0215260416666667,-28.27680747038891,3.0077142268979444,-15.901854601737542,0.2,0.25,-20,10,400,0.7,1,eq,0.5,6.5,10,10
5.327510845438027,-17.503507624770375,0.6968241909147566,-42.922720218487434,1.0215260416666667,-27.899656084744596,3.0077142268979444,-15.876235813979012,0.2,0.25,-20,10,400,0.7,1,eff,0.5,35,5,10
7.482433334471366,-10.590417768632232,0.664380693404857,-44.209967684343624,1.0215260416666667,-26.48737183351906,3.0077142268979444,-15.78030348583681,0.2,0.25,-20,10,400,0.8,0.5,eq,1,6.5,10,10
5.327510845438027,-14.426243307034792,0.6968241909147566,-43.05239717291216,1.0215260416666667,-25.472821337971684,3.0077142268979444,-15.711388045498875,0.2,0.25,-20,10,400,0.7,1,eq,0.5,6.5,5,10
5.327510845438027,-14.426243307034792,0.664380693404857,-44.380614717151175,1.0215260416666667,-26.661183303833656,3.0077142268979444,-15.792109989372305,0.2,0.25,-20,10,400,0.8,0.5,eq,0.5,6.5,5,10
5.327510845438027,-17.503507624770375,0.664380693404857,-47.45787903488676,1.0215260416666667,-29.795511670499746,3.0077142268979444,-16.00501572496715,0.2,0.25,-20,10,400,0.8,0.5,eq,0.5,35,5,10
7.482433334471366,-15.959736888676467,0.664380693404857,-49.57928680438786,1.0215260416666667,-31.956258315142204,3.0077142268979444,-16.15178890888247,0.2,0.25,-20,10,400,0.8,0.5,eq,0.5,35,10,10
7.482433334471366,-10.590417768632122,0.664380693404857,-40.78178533493885,1.0215260416666667,-25.605661324838596,3.0077142268979444,-15.720411476298658,0.2,0.25,-20,10,400,0.8,0.5,eff,1,35,10,10
5.327510845438027,-12.316618528951274,0.664380693404857,-38.913334313905054,1.0215260416666667,-23.707646663637238,3.0077142268979444,-15.591484905646213,0.2,0.25,-20,10,400,0.8,0.5,eff,1,6.5,5,10
7.482433334471366,-13.567577996008495,0.664380693404857,-43.75894556231523,1.0215260416666667,-28.62992778762861,3.0077142268979444,-15.925841029482356,0.2,0.25,-20,10,400,0.8,0.5,eff,0.5,6.5,10,10
5.327510845438027,-12.316618528951274,0.6968241909147566,-40.94277239482864,1.0215260416666667,-23.32443896495935,3.0077142268979444,-15.565454730301354,0.2,0.25,-20,10,400,0.8,1,eq,1,6.5,5,10
7.482433334471366,-15.959736888676467,0.664380693404857,-46.1511044549832,1.0215260416666667,-31.05993670897286,3.0077142268979444,-16.090904410333895,0.2,0.25,-20,10,400,0.8,0.5,eff,0.5,35,10,10
5.327510845438027,-13.706802534399266,0.664380693404857,-40.303518319353046,1.0215260416666667,-25.119826910484054,3.0077142268979444,-15.687410169075822,0.2,0.25,-20,10,400,0.8,0.5,eff,1,35,5,10
5.327510845438027,-17.503507624770375,0.664380693404857,-44.100223409724144,1.0215260416666667,-28.97660551729111,3.0077142268979444,-15.94938983114369,0.2,0.25,-20,10,400,0.8,0.5,eff,0.5,35,5,10
7.482433334471366,-10.590417768632122,0.6968241909147566,-42.82863815415721,1.0215260416666667,-25.24495146428496,3.0077142268979444,-15.695909513130267,0.2,0.25,-20,10,400,0.8,1,eq,1,35,10,10
5.327510845438027,-14.426243307034792,0.664380693404857,-41.02295909198857,1.0215260416666667,-25.850651063189275,3.0077142268979444,-15.737052910875683,0.2,0.25,-20,10,400,0.8,0.5,eff,0.5,6.5,5,10
7.482433334471366,-13.567577996008495,0.6968241909147566,-45.805798381533585,1.0215260416666667,-28.27680747038891,3.0077142268979444,-15.901854601737542,0.2,0.25,-20,10,400,0.8,1,eq,0.5,6.5,10,10
7.482433334471366,-10.590417768632232,0.6968241909147566,-42.82863815415732,1.0215260416666667,-25.244951464284966,3.0077142268979444,-15.695909513130267,0.2,0.25,-20,10,400,0.8,1,eq,1,6.5,10,10
5.327510845438027,-13.706802534399266,0.6968241909147566,-42.33295640027663,1.0215260416666667,-24.740163146599375,3.0077142268979444,-15.661620722830172,0.2,0.25,-20,10,400,0.8,1,eq,1,35,5,10
5.327510845438027,-17.503507624770375,0.6968241909147566,-46.12966149064773,1.0215260416666667,-28.60662052629948,3.0077142268979444,-15.92425783556084,0.2,0.25,-20,10,400,0.8,1,eq,0.5,35,5,10
7.482433334471366,-10.590417768632122,0.6968241909147566,-39.54472443102662,1.0215260416666667,-24.468632706034594,3.0077142268979444,-15.643176456173414,0.2,0.25,-20,10,400,0.8,1,eff,1,35,10,10
5.327510845438027,-14.426243307034792,0.6968241909147566,-43.05239717291216,1.0215260416666667,-25.472821337971684,3.0077142268979444,-15.711388045498875,0.2,0.25,-20,10,400,0.8,1,eq,0.5,6.5,5,10
7.482433334471366,-15.959736888676467,0.6968241909147566,-44.914043551070975,1.0215260416666667,-29.922239100992083,3.0077142268979444,-16.01362394773531,0.2,0.25,-20,10,400,0.8,1,eff,0.5,35,10,10
7.482433334471366,-10.590417768632122,0.664380693404857,-44.20996768434352,1.5322890624999999,-26.48804407634651,3.109866831064611,-16.13207447417797,0.2,0.25,-20,10,500,0.7,0.5,eq,1,35,10,10
5.327510845438027,-12.316618528951274,0.6968241909147566,-37.73583112266833,1.0215260416666667,-22.631343490448337,3.0077142268979444,-15.518374786984811,0.2,0.25,-20,10,400,0.8,1,eff,1,6.5,5,10
7.482433334471366,-15.959736888676467,0.6968241909147566,-48.197957274201556,1.0215260416666667,-30.712914616934878,3.0077142268979444,-16.067332217146067,0.2,0.25,-20,10,400,0.8,1,eq,0.5,35,10,10
5.327510845438027,-17.503507624770375,0.6968241909147566,-42.922720218487434,1.0215260416666667,-27.899656084744596,3.0077142268979444,-15.876235813979012,0.2,0.25,-20,10,400,0.8,1,eff,0.5,35,5,10
5.327510845438027,-13.706802534399266,0.6968241909147566,-39.126015128116315,1.0215260416666667,-24.04335052761927,3.0077142268979444,-15.614288284789058,0.2,0.25,-20,10,400,0.8,1,eff,1,35,5,10
7.482433334471366,-13.567577996008495,0.6968241909147566,-42.521884658402996,1.0215260416666667,-27.49252823018771,3.0077142268979444,-15.848580812583112,0.2,0.25,-20,10,400,0.8,1,eff,0.5,6.5,10,10
5.327510845438027,-12.316618528951274,0.664380693404857,-42.27098993906767,1.5322890624999999,-24.51311039438108,3.109866831064611,-15.937457183829107,0.2,0.25,-20,10,500,0.7,0.5,eq,1,6.5,5,10
5.327510845438027,-14.426243307034792,0.6968241909147566,-39.845455900751844,1.0215260416666667,-24.77408504176428,3.0077142268979444,-15.663924937704188,0.2,0.25,-20,10,400,0.8,1,eff,0.5,6.5,5,10
7.482433334471366,-10.590417768632232,0.6968241909147566,-39.54472443102673,1.0215260416666667,-24.468632706034594,3.0077142268979444,-15.643176456173414,0.2,0.25,-20,10,400,0.8,1,eff,1,6.5,10,10
7.482433334471366,-13.567577996008495,0.664380693404857,-47.187127911719884,1.5322890624999999,-29.520412046473783,3.109866831064611,-16.430895261466127,0.2,0.25,-20,10,500,0.7,0.5,eq,0.5,6.5,10,10
7.482433334471366,-10.590417768632232,0.664380693404857,-44.209967684343624,1.5322890624999999,-26.48804407634651,3.109866831064611,-16.13207447417797,0.2,0.25,-20,10,500,0.7,0.5,eq,1,6.5,10,10
7.482433334471366,-10.590417768632232,0.664380693404857,-40.78178533493897,1.0215260416666667,-25.605661324838596,3.0077142268979444,-15.720411476298658,0.2,0.25,-20,10,400,0.8,0.5,eff,1,6.5,10,10
5.327510845438027,-14.426243307034792,0.664380693404857,-44.380614717151175,1.5322890624999999,-26.66185554664933,3.109866831064611,-16.14920250115459,0.2,0.25,-20,10,500,0.7,0.5,eq,0.5,6.5,5,10
7.482433334471366,-10.590417768632232,0.664380693404857,-40.78178533493897,1.5322890624999999,-25.60623338633446,3.109866831064611,-16.045177578014822,0.2,0.25,-20,10,500,0.7,0.5,eff,1,6.5,10,10
5.327510845438027,-13.706802534399266,0.664380693404857,-43.66117394451566,1.5322890624999999,-25.929073637475142,3.109866831064611,-16.076991453825574,0.2,0.25,-20,10,500,0.7,0.5,eq,1,35,5,10
5.327510845438027,-13.706802534399266,0.6968241909147566,-42.33295640027663,1.5322890624999999,-24.740798039474686,3.109866831064611,-15.959894368904548,0.2,0.25,-20,10,500,0.7,1,eq,1,35,5,10
7.482433334471366,-15.959736888676467,0.664380693404857,-49.57928680438786,1.5322890624999999,-31.956930557951463,3.109866831064611,-16.67099883300327,0.2,0.25,-20,10,500,0.7,0.5,eq,0.5,35,10,10
5.327510845438027,-12.316618528951274,0.664380693404857,-38.913334313905054,1.5322890624999999,-23.70821872513051,3.109866831064611,-15.858140173276025,0.2,0.25,-20,10,500,0.7,0.5,eff,1,6.5,5,10
7.482433334471366,-13.567577996008495,0.664380693404857,-43.75894556231523,1.5322890624999999,-28.630499849144652,3.109866831064611,-16.34320001272227,0.2,0.25,-20,10,500,0.7,0.5,eff,0.5,6.5,10,10
7.482433334471366,-10.590417768632122,0.6968241909147566,-42.82863815415721,1.5322890624999999,-25.245586357134076,3.109866831064611,-16.009638082062907,0.2,0.25,-20,10,500,0.7,1,eq,1,35,10,10
5.327510845438027,-14.426243307034792,0.664380693404857,-41.02295909198857,1.5322890624999999,-25.85122312469246,3.109866831064611,-16.069319775536606,0.2,0.25,-20,10,500,0.7,0.5,eff,0.5,6.5,5,10
5.327510845438027,-13.706802534399266,0.664380693404857,-40.303518319353046,1.5322890624999999,-25.12039897198429,3.109866831064611,-15.99730165279134,0.2,0.25,-20,10,500,0.7,0.5,eff,1,35,5,10
5.327510845438027,-17.503507624770375,0.664380693404857,-44.100223409724144,1.5322890624999999,-28.977177578783486,3.109866831064611,-16.37736292208103,0.2,0.25,-20,10,500,0.7,0.5,eff,0.5,35,5,10
5.327510845438027,-12.316618528951274,0.6968241909147566,-40.94277239482864,1.5322890624999999,-23.325073857833225,3.109866831064611,-15.820383656910186,0.2,0.25,-20,10,500,0.7,1,eq,1,6.5,5,10
5.327510845438027,-17.503507624770375,0.664380693404857,-47.45787903488676,1.5322890624999999,-29.79618391331125,3.109866831064611,-16.45807084410389,0.2,0.25,-20,10,500,0.7,0.5,eq,0.5,35,5,10
7.482433334471366,-15.959736888676467,0.664380693404857,-46.1511044549832,1.5322890624999999,-31.060508770486212,3.109866831064611,-16.582662105102173,0.2,0.25,-20,10,500,0.7,0.5,eff,0.5,35,10,10
7.482433334471366,-10.590417768632232,0.6968241909147566,-42.82863815415732,1.5322890624999999,-25.245586357134176,3.109866831064611,-16.009638082062907,0.2,0.25,-20,10,500,0.7,1,eq,1,6.5,10,10
7.482433334471366,-10.590417768632122,0.664380693404857,-40.78178533493885,1.5322890624999999,-25.60623338633446,3.109866831064611,-16.045177578014822,0.2,0.25,-20,10,500,0.7,0.5,eff,1,35,10,10
7.482433334471366,-13.567577996008495,0.6968241909147566,-45.805798381533585,1.5322890624999999,-28.277442363230954,3.109866831064611,-16.308408418516663,0.2,0.25,-20,10,500,0.7,1,eq,0.5,6.5,10,10
5.327510845438027,-14.426243307034792,0.6968241909147566,-43.05239717291216,1.5322890624999999,-25.473456230819956,3.109866831064611,-16.03209322461985,0.2,0.25,-20,10,500,0.7,1,eq,0.5,6.5,5,10
7.482433334471366,-13.567577996008495,0.6968241909147566,-42.521884658402996,1.5322890624999999,-27.49306929570062,3.109866831064611,-16.23111338708383,0.2,0.25,-20,10,500,0.7,1,eff,0.5,6.5,10,10
5.327510845438027,-17.503507624770375,0.6968241909147566,-42.922720218487434,1.5322890624999999,-27.90019715025669,3.109866831064611,-16.271233275970577,0.2,0.25,-20,10,500,0.7,1,eff,0.5,35,5,10
5.327510845438027,-12.316618528951274,0.6968241909147566,-37.73583112266833,1.5322890624999999,-22.631884555952013,3.109866831064611,-15.752074211958789,0.2,0.25,-20,10,500,0.7,1,eff,1,6.5,5,10
7.482433334471366,-15.959736888676467,0.6968241909147566,-44.914043551070975,1.5322890624999999,-29.922780166507792,3.109866831064611,-16.47054610845855,0.2,0.25,-20,10,500,0.7,1,eff,0.5,35,10,10
5.327510845438027,-13.706802534399266,0.6968241909147566,-39.126015128116315,1.5322890624999999,-24.043891593123607,3.109866831064611,-15.891218622749559,0.2,0.25,-20,10,500,0.7,1,eff,1,35,5,10
7.482433334471366,-10.590417768632122,0.6968241909147566,-39.54472443102662,1.5322890624999999,-24.46917377153637,3.109866831064611,-15.933127506046251,0.2,0.25,-20,10,500,0.7,1,eff,1,35,10,10
5.327510845438027,-17.503507624770375,0.6968241909147566,-46.12966149064773,1.5322890624999999,-28.607255419160353,3.109866831064611,-16.340909420374473,0.2,0.25,-20,10,500,0.7,1,eq,0.5,35,5,10
7.482433334471366,-15.959736888676467,0.6968241909147566,-48.197957274201556,1.5322890624999999,-30.713549509788884,3.109866831064611,-16.54847145262872,0.2,0.25,-20,10,500,0.7,1,eq,0.5,35,10,10
7.482433334471366,-10.590417768632122,0.664380693404857,-44.20996768434352,1.5322890624999999,-26.48804407634651,3.109866831064611,-16.13207447417797,0.2,0.25,-20,10,500,0.8,0.5,eq,1,35,10,10
5.327510845438027,-14.426243307034792,0.6968241909147566,-39.845455900751844,1.5322890624999999,-24.774626107270713,3.109866831064611,-15.963227912178635,0.2,0.25,-20,10,500,0.7,1,eff,0.5,6.5,5,10
7.482433334471366,-10.590417768632232,0.6968241909147566,-39.54472443102673,1.5322890624999999,-24.46917377153638,3.109866831064611,-15.933127506046251,0.2,0.25,-20,10,500,0.7,1,eff,1,6.5,10,10
5.327510845438027,-13.706802534399266,0.664380693404857,-43.66117394451566,1.5322890624999999,-25.929073637475142,3.109866831064611,-16.076991453825574,0.2,0.25,-20,10,500,0.8,0.5,eq,1,35,5,10
5.327510845438027,-12.316618528951274,0.664380693404857,-42.27098993906767,1.5322890624999999,-24.51311039438108,3.109866831064611,-15.937457183829107,0.2,0.25,-20,10,500,0.8,0.5,eq,1,6.5,5,10
7.482433334471366,-10.590417768632232,0.664380693404857,-44.209967684343624,1.5322890624999999,-26.48804407634651,3.109866831064611,-16.13207447417797,0.2,0.25,-20,10,500,0.8,0.5,eq,1,6.5,10,10
5.327510845438027,-14.426243307034792,0.664380693404857,-44.380614717151175,1.5322890624999999,-26.66185554664933,3.109866831064611,-16.14920250115459,0.2,0.25,-20,10,500,0.8,0.5,eq,0.5,6.5,5,10
7.482433334471366,-13.567577996008495,0.664380693404857,-47.187127911719884,1.5322890624999999,-29.520412046473783,3.109866831064611,-16.430895261466127,0.2,0.25,-20,10,500,0.8,0.5,eq,0.5,6.5,10,10
5.327510845438027,-17.503507624770375,0.664380693404857,-47.45787903488676,1.5322890624999999,-29.79618391331125,3.109866831064611,-16.45807084410389,0.2,0.25,-20,10,500,0.8,0.5,eq,0.5,35,5,10
5.327510845438027,-13.706802534399266,0.664380693404857,-40.303518319353046,1.5322890624999999,-25.12039897198429,3.109866831064611,-15.99730165279134,0.2,0.25,-20,10,500,0.8,0.5,eff,1,35,5,10
7.482433334471366,-13.567577996008495,0.664380693404857,-43.75894556231523,1.5322890624999999,-28.630499849144652,3.109866831064611,-16.34320001272227,0.2,0.25,-20,10,500,0.8,0.5,eff,0.5,6.5,10,10
7.482433334471366,-15.959736888676467,0.664380693404857,-49.57928680438786,1.5322890624999999,-31.956930557951463,3.109866831064611,-16.67099883300327,0.2,0.25,-20,10,500,0.8,0.5,eq,0.5,35,10,10
7.482433334471366,-10.590417768632232,0.6968241909147566,-42.82863815415732,1.5322890624999999,-25.245586357134176,3.109866831064611,-16.009638082062907,0.2,0.25,-20,10,500,0.8,1,eq,1,6.5,10,10
5.327510845438027,-17.503507624770375,0.664380693404857,-44.100223409724144,1.5322890624999999,-28.977177578783486,3.109866831064611,-16.37736292208103,0.2,0.25,-20,10,500,0.8,0.5,eff,0.5,35,5,10
5.327510845438027,-14.426243307034792,0.664380693404857,-41.02295909198857,1.5322890624999999,-25.85122312469246,3.109866831064611,-16.069319775536606,0.2,0.25,-20,10,500,0.8,0.5,eff,0.5,6.5,5,10
5.327510845438027,-12.316618528951274,0.6968241909147566,-40.94277239482864,1.5322890624999999,-23.325073857833225,3.109866831064611,-15.820383656910186,0.2,0.25,-20,10,500,0.8,1,eq,1,6.5,5,10
7.482433334471366,-10.590417768632122,0.6968241909147566,-42.82863815415721,1.5322890624999999,-25.245586357134076,3.109866831064611,-16.009638082062907,0.2,0.25,-20,10,500,0.8,1,eq,1,35,10,10
7.482433334471366,-10.590417768632232,0.664380693404857,-40.78178533493897,1.5322890624999999,-25.60623338633446,3.109866831064611,-16.045177578014822,0.2,0.25,-20,10,500,0.8,0.5,eff,1,6.5,10,10
7.482433334471366,-10.590417768632122,0.664380693404857,-40.78178533493885,1.5322890624999999,-25.60623338633446,3.109866831064611,-16.045177578014822,0.2,0.25,-20,10,500,0.8,0.5,eff,1,35,10,10
7.482433334471366,-15.959736888676467,0.664380693404857,-46.1511044549832,1.5322890624999999,-31.060508770486212,3.109866831064611,-16.582662105102173,0.2,0.25,-20,10,500,0.8,0.5,eff,0.5,35,10,10
5.327510845438027,-13.706802534399266,0.6968241909147566,-42.33295640027663,1.5322890624999999,-24.740798039474686,3.109866831064611,-15.959894368904548,0.2,0.25,-20,10,500,0.8,1,eq,1,35,5,10
5.327510845438027,-12.316618528951274,0.664380693404857,-38.913334313905054,1.5322890624999999,-23.70821872513051,3.109866831064611,-15.858140173276025,0.2,0.25,-20,10,500,0.8,0.5,eff,1,6.5,5,10
5.327510845438027,-14.426243307034792,0.6968241909147566,-43.05239717291216,1.5322890624999999,-25.473456230819956,3.109866831064611,-16.03209322461985,0.2,0.25,-20,10,500,0.8,1,eq,0.5,6.5,5,10
7.482433334471366,-13.567577996008495,0.6968241909147566,-45.805798381533585,1.5322890624999999,-28.277442363230954,3.109866831064611,-16.308408418516663,0.2,0.25,-20,10,500,0.8,1,eq,0.5,6.5,10,10
5.327510845438027,-17.503507624770375,0.6968241909147566,-46.12966149064773,1.5322890624999999,-28.607255419160353,3.109866831064611,-16.340909420374473,0.2,0.25,-20,10,500,0.8,1,eq,0.5,35,5,10
7.482433334471366,-15.959736888676467,0.6968241909147566,-48.197957274201556,1.5322890624999999,-30.713549509788884,3.109866831064611,-16.54847145262872,0.2,0.25,-20,10,500,0.8,1,eq,0.5,35,10,10
5.327510845438027,-13.706802534399266,0.6968241909147566,-39.126015128116315,1.5322890624999999,-24.043891593123607,3.109866831064611,-15.891218622749559,0.2,0.25,-20,10,500,0.8,1,eff,1,35,5,10
7.482433334471366,-13.567577996008495,0.6968241909147566,-42.521884658402996,1.5322890624999999,-27.49306929570062,3.109866831064611,-16.23111338708383,0.2,0.25,-20,10,500,0.8,1,eff,0.5,6.5,10,10
7.482433334471366,-10.590417768632232,0.6968241909147566,-39.54472443102673,1.5322890624999999,-24.46917377153638,3.109866831064611,-15.933127506046251,0.2,0.25,-20,10,500,0.8,1,eff,1,6.5,10,10
7.482433334471366,-10.590417768632122,0.6968241909147566,-39.54472443102662,1.5322890624999999,-24.46917377153637,3.109866831064611,-15.933127506046251,0.2,0.25,-20,10,500,0.8,1,eff,1,35,10,10
5.327510845438027,-12.316618528951274,0.6968241909147566,-37.73583112266833,1.5322890624999999,-22.631884555952013,3.109866831064611,-15.752074211958789,0.2,0.25,-20,10,500,0.8,1,eff,1,6.5,5,10
7.482433334471366,-15.959736888676467,0.6968241909147566,-44.914043551070975,1.5322890624999999,-29.922780166507792,3.109866831064611,-16.47054610845855,0.2,0.25,-20,10,500,0.8,1,eff,0.5,35,10,10
5.327510845438027,-13.706802534399266,1.6648435882347152,-28.45878912523611,0.20430520833333332,-13.784249799472654,2.8442700602312776,-14.982534422348092,0.2,0.25,-10,2,400,0.7,0.5,eq,1,35,5,10
7.482433334471366,-10.590417768632232,1.6648435882347152,-29.007582865064077,0.20430520833333332,-14.341332784302637,2.8442700602312776,-14.990537527036718,0.2,0.25,-10,2,400,0.7,0.5,eq,1,6.5,10,10
5.327510845438027,-14.426243307034792,0.6968241909147566,-39.845455900751844,1.5322890624999999,-24.774626107270713,3.109866831064611,-15.963227912178635,0.2,0.25,-20,10,500,0.8,1,eff,0.5,6.5,5,10
5.327510845438027,-12.316618528951274,1.6648435882347152,-27.068605119788113,0.20430520833333332,-12.373067785171266,2.8442700602312776,-14.962261253533393,0.2,0.25,-10,2,400,0.7,0.5,eq,1,6.5,5,10
5.327510845438027,-14.426243307034792,1.6648435882347152,-29.17822989787163,0.20430520833333332,-14.51455735209403,2.8442700602312776,-14.993026086889461,0.2,0.25,-10,2,400,0.7,0.5,eq,0.5,6.5,5,10
7.482433334471366,-10.590417768632122,1.6648435882347152,-29.007582865063966,0.20430520833333332,-14.341332784302637,2.8442700602312776,-14.990537527036718,0.2,0.25,-10,2,400,0.7,0.5,eq,1,35,10,10
5.327510845438027,-17.503507624770375,0.6968241909147566,-42.922720218487434,1.5322890624999999,-27.90019715025669,3.109866831064611,-16.271233275970577,0.2,0.25,-20,10,500,0.8,1,eff,0.5,35,5,10
7.482433334471366,-10.590417768632122,1.6648435882347152,-27.62483324786951,0.20430520833333332,-14.66544993718207,2.8442700602312776,-14.995193823453047,0.2,0.25,-10,2,400,0.7,0.5,eff,1,35,10,10
7.482433334471366,-13.567577996008495,1.6648435882347152,-30.601993475245887,0.20430520833333332,-17.682288665525608,2.8442700602312776,-15.038534002258297,0.2,0.25,-10,2,400,0.7,0.5,eff,0.5,6.5,10,10
7.482433334471366,-15.959736888676467,1.6648435882347152,-34.37690198510832,0.20430520833333332,-19.7917526867158,2.8442700602312776,-15.068838753719561,0.2,0.25,-10,2,400,0.7,0.5,eq,0.5,35,10,10
5.327510845438027,-12.316618528951274,1.6648435882347152,-25.75638222683571,0.20430520833333332,-12.77209688535419,2.8442700602312776,-14.967993741779374,0.2,0.25,-10,2,400,0.7,0.5,eff,1,6.5,5,10
7.482433334471366,-13.567577996008495,1.6648435882347152,-31.984743092440336,0.20430520833333332,-17.363461473844993,2.8442700602312776,-15.03395370190419,0.2,0.25,-10,2,400,0.7,0.5,eq,0.5,6.5,10,10
5.327510845438027,-14.426243307034792,1.6648435882347152,-27.866007004919222,0.20430520833333332,-14.909837969717781,2.8442700602312776,-14.998704724095147,0.2,0.25,-10,2,400,0.7,0.5,eff,0.5,6.5,5,10
5.327510845438027,-13.706802534399266,1.6648435882347152,-27.1465662322837,0.20430520833333332,-14.180808753997562,2.8442700602312776,-14.988231424257537,0.2,0.25,-10,2,400,0.7,0.5,eff,1,35,5,10
5.327510845438027,-17.503507624770375,1.6648435882347152,-32.255494215607214,0.20430520833333332,-17.638302152382256,2.8442700602312776,-15.037902088020804,0.2,0.25,-10,2,400,0.7,0.5,eq,0.5,35,5,10
7.482433334471366,-10.590417768632232,1.6648435882347152,-27.62483324786962,0.20430520833333332,-14.66544993718207,2.8442700602312776,-14.995193823453047,0.2,0.25,-10,2,400,0.7,0.5,eff,1,6.5,10,10
7.482433334471366,-15.959736888676467,1.6648435882347152,-32.994152367913856,0.20430520833333332,-20.106329375663663,2.8442700602312776,-15.073357990965652,0.2,0.25,-10,2,400,0.7,0.5,eff,0.5,35,10,10
7.482433334471366,-10.590417768632232,1.7398467296524174,-28.099233243312522,0.20430520833333332,-13.586390123008293,2.8442700602312776,-14.979691952289652,0.2,0.25,-10,2,400,0.7,1,eq,1,6.5,10,10
5.327510845438027,-12.316618528951274,1.7398467296524174,-26.213367483983845,0.20430520833333332,-11.672363639632865,2.8442700602312776,-14.952194874223279,0.2,0.25,-10,2,400,0.7,1,eq,1,6.5,5,10
5.327510845438027,-17.503507624770375,1.6648435882347152,-30.943271322654805,0.20430520833333332,-18.028114939061318,2.8442700602312776,-15.04350217387107,0.2,0.25,-10,2,400,0.7,0.5,eff,0.5,35,5,10
7.482433334471366,-15.959736888676467,1.7398467296524174,-33.46855236335676,0.20430520833333332,-19.03588669644628,2.8442700602312776,-15.057979914344767,0.2,0.25,-10,2,400,0.7,1,eq,0.5,35,10,10
5.327510845438027,-13.706802534399266,1.7398467296524174,-27.603551489431837,0.20430520833333332,-13.08330659250323,2.8442700602312776,-14.972464608659752,0.2,0.25,-10,2,400,0.7,1,eq,1,35,5,10
7.482433334471366,-10.590417768632122,1.7398467296524174,-26.78649749469527,0.20430520833333332,-13.937502840495888,2.8442700602312776,-14.984736069435733,0.2,0.25,-10,2,400,0.7,1,eff,1,35,10,10
7.482433334471366,-10.590417768632232,1.7398467296524174,-26.786497494695382,0.20430520833333332,-13.937502840495892,2.8442700602312776,-14.984736069435733,0.2,0.25,-10,2,400,0.7,1,eff,1,6.5,10,10
7.482433334471366,-15.959736888676467,1.7398467296524174,-32.15581661473962,0.20430520833333332,-19.377711588520413,2.8442700602312776,-15.062890601748368,0.2,0.25,-10,2,400,0.7,1,eff,0.5,35,10,10
7.482433334471366,-13.567577996008495,1.7398467296524174,-31.076393470688785,0.20430520833333332,-16.608006848513188,2.8442700602312776,-15.023100772235454,0.2,0.25,-10,2,400,0.7,1,eq,0.5,6.5,10,10
5.327510845438027,-12.316618528951274,1.7398467296524174,-24.977604186336976,0.20430520833333332,-12.104727216551723,2.8442700602312776,-14.958406248585465,0.2,0.25,-10,2,400,0.7,1,eff,1,6.5,5,10
7.482433334471366,-13.567577996008495,1.7398467296524174,-29.763657722071645,0.20430520833333332,-16.953969686880075,2.8442700602312776,-15.028070905750868,0.2,0.25,-10,2,400,0.7,1,eff,0.5,6.5,10,10
5.327510845438027,-14.426243307034792,1.7398467296524174,-28.322992262067363,0.20430520833333332,-13.813490427291507,2.8442700602312776,-14.982954495859513,0.2,0.25,-10,2,400,0.7,1,eq,0.5,6.5,5,10
5.327510845438027,-17.503507624770375,1.7398467296524174,-31.400256579802935,0.20430520833333332,-16.93670604926633,2.8442700602312776,-15.027822894767006,0.2,0.25,-10,2,400,0.7,1,eq,0.5,35,5,10
5.327510845438027,-17.503507624770375,1.7398467296524174,-30.164493282156084,0.20430520833333332,-17.360097367447985,2.8442700602312776,-15.033905372846657,0.2,0.25,-10,2,400,0.7,1,eff,0.5,35,5,10
5.327510845438027,-12.316618528951274,1.6648435882347152,-27.068605119788113,0.20430520833333332,-12.373067785171266,2.8442700602312776,-14.962261253533393,0.2,0.25,-10,2,400,0.8,0.5,eq,1,6.5,5,10
7.482433334471366,-10.590417768632232,1.6648435882347152,-29.007582865064077,0.20430520833333332,-14.341332784302637,2.8442700602312776,-14.990537527036718,0.2,0.25,-10,2,400,0.8,0.5,eq,1,6.5,10,10
7.482433334471366,-10.590417768632122,1.7398467296524174,-28.09923324331241,0.20430520833333332,-13.58639012300829,2.8442700602312776,-14.979691952289652,0.2,0.25,-10,2,400,0.7,1,eq,1,35,10,10
5.327510845438027,-13.706802534399266,1.7398467296524174,-26.367788191784967,0.20430520833333332,-13.513265435031515,2.8442700602312776,-14.978641436389605,0.2,0.25,-10,2,400,0.7,1,eff,1,35,5,10
7.482433334471366,-10.590417768632122,1.6648435882347152,-29.007582865063966,0.20430520833333332,-14.341332784302637,2.8442700602312776,-14.990537527036718,0.2,0.25,-10,2,400,0.8,0.5,eq,1,35,10,10
5.327510845438027,-17.503507624770375,1.6648435882347152,-32.255494215607214,0.20430520833333332,-17.638302152382256,2.8442700602312776,-15.037902088020804,0.2,0.25,-10,2,400,0.8,0.5,eq,0.5,35,5,10
5.327510845438027,-14.426243307034792,1.7398467296524174,-27.087228964420493,0.20430520833333332,-14.242204784233222,2.8442700602312776,-14.989113445196601,0.2,0.25,-10,2,400,0.7,1,eff,0.5,6.5,5,10
5.327510845438027,-13.706802534399266,1.6648435882347152,-28.45878912523611,0.20430520833333332,-13.784249799472654,2.8442700602312776,-14.982534422348092,0.2,0.25,-10,2,400,0.8,0.5,eq,1,35,5,10
5.327510845438027,-14.426243307034792,1.6648435882347152,-29.17822989787163,0.20430520833333332,-14.51455735209403,2.8442700602312776,-14.993026086889461,0.2,0.25,-10,2,400,0.8,0.5,eq,0.5,6.5,5,10
7.482433334471366,-13.567577996008495,1.6648435882347152,-31.984743092440336,0.20430520833333332,-17.363461473844993,2.8442700602312776,-15.03395370190419,0.2,0.25,-10,2,400,0.8,0.5,eq,0.5,6.5,10,10
7.482433334471366,-10.590417768632232,1.6648435882347152,-27.62483324786962,0.20430520833333332,-14.66544993718207,2.8442700602312776,-14.995193823453047,0.2,0.25,-10,2,400,0.8,0.5,eff,1,6.5,10,10
7.482433334471366,-15.959736888676467,1.6648435882347152,-34.37690198510832,0.20430520833333332,-19.7917526867158,2.8442700602312776,-15.068838753719561,0.2,0.25,-10,2,400,0.8,0.5,eq,0.5,35,10,10
7.482433334471366,-10.590417768632122,1.6648435882347152,-27.62483324786951,0.20430520833333332,-14.66544993718207,2.8442700602312776,-14.995193823453047,0.2,0.25,-10,2,400,0.8,0.5,eff,1,35,10,10
5.327510845438027,-12.316618528951274,1.6648435882347152,-25.75638222683571,0.20430520833333332,-12.77209688535419,2.8442700602312776,-14.967993741779374,0.2,0.25,-10,2,400,0.8,0.5,eff,1,6.5,5,10
7.482433334471366,-10.590417768632232,1.7398467296524174,-28.099233243312522,0.20430520833333332,-13.586390123008293,2.8442700602312776,-14.979691952289652,0.2,0.25,-10,2,400,0.8,1,eq,1,6.5,10,10
5.327510845438027,-14.426243307034792,1.6648435882347152,-27.866007004919222,0.20430520833333332,-14.909837969717781,2.8442700602312776,-14.998704724095147,0.2,0.25,-10,2,400,0.8,0.5,eff,0.5,6.5,5,10
5.327510845438027,-13.706802534399266,1.7398467296524174,-27.603551489431837,0.20430520833333332,-13.08330659250323,2.8442700602312776,-14.972464608659752,0.2,0.25,-10,2,400,0.8,1,eq,1,35,5,10
7.482433334471366,-15.959736888676467,1.6648435882347152,-32.994152367913856,0.20430520833333332,-20.106329375663663,2.8442700602312776,-15.073357990965652,0.2,0.25,-10,2,400,0.8,0.5,eff,0.5,35,10,10
5.327510845438027,-17.503507624770375,1.6648435882347152,-30.943271322654805,0.20430520833333332,-18.028114939061318,2.8442700602312776,-15.04350217387107,0.2,0.25,-10,2,400,0.8,0.5,eff,0.5,35,5,10
7.482433334471366,-13.567577996008495,1.7398467296524174,-31.076393470688785,0.20430520833333332,-16.608006848513188,2.8442700602312776,-15.023100772235454,0.2,0.25,-10,2,400,0.8,1,eq,0.5,6.5,10,10
7.482433334471366,-10.590417768632122,1.7398467296524174,-28.09923324331241,0.20430520833333332,-13.58639012300829,2.8442700602312776,-14.979691952289652,0.2,0.25,-10,2,400,0.8,1,eq,1,35,10,10
7.482433334471366,-15.959736888676467,1.7398467296524174,-33.46855236335676,0.20430520833333332,-19.03588669644628,2.8442700602312776,-15.057979914344767,0.2,0.25,-10,2,400,0.8,1,eq,0.5,35,10,10
7.482433334471366,-10.590417768632232,1.7398467296524174,-26.786497494695382,0.20430520833333332,-13.937502840495892,2.8442700602312776,-14.984736069435733,0.2,0.25,-10,2,400,0.8,1,eff,1,6.5,10,10
5.327510845438027,-12.316618528951274,1.7398467296524174,-26.213367483983845,0.20430520833333332,-11.672363639632865,2.8442700602312776,-14.952194874223279,0.2,0.25,-10,2,400,0.8,1,eq,1,6.5,5,10
5.327510845438027,-13.706802534399266,1.6648435882347152,-27.1465662322837,0.20430520833333332,-14.180808753997562,2.8442700602312776,-14.988231424257537,0.2,0.25,-10,2,400,0.8,0.5,eff,1,35,5,10
7.482433334471366,-13.567577996008495,1.6648435882347152,-30.601993475245887,0.20430520833333332,-17.682288665525608,2.8442700602312776,-15.038534002258297,0.2,0.25,-10,2,400,0.8,0.5,eff,0.5,6.5,10,10
5.327510845438027,-14.426243307034792,1.7398467296524174,-28.322992262067363,0.20430520833333332,-13.813490427291507,2.8442700602312776,-14.982954495859513,0.2,0.25,-10,2,400,0.8,1,eq,0.5,6.5,5,10
5.327510845438027,-17.503507624770375,1.7398467296524174,-31.400256579802935,0.20430520833333332,-16.93670604926633,2.8442700602312776,-15.027822894767006,0.2,0.25,-10,2,400,0.8,1,eq,0.5,35,5,10
5.327510845438027,-12.316618528951274,1.7398467296524174,-24.977604186336976,0.20430520833333332,-12.104727216551723,2.8442700602312776,-14.958406248585465,0.2,0.25,-10,2,400,0.8,1,eff,1,6.5,5,10
5.327510845438027,-14.426243307034792,1.7398467296524174,-27.087228964420493,0.20430520833333332,-14.242204784233222,2.8442700602312776,-14.989113445196601,0.2,0.25,-10,2,400,0.8,1,eff,0.5,6.5,5,10
5.327510845438027,-13.706802534399266,1.7398467296524174,-26.367788191784967,0.20430520833333332,-13.513265435031515,2.8442700602312776,-14.978641436389605,0.2,0.25,-10,2,400,0.8,1,eff,1,35,5,10
7.482433334471366,-13.567577996008495,1.7398467296524174,-29.763657722071645,0.20430520833333332,-16.953969686880075,2.8442700602312776,-15.028070905750868,0.2,0.25,-10,2,400,0.8,1,eff,0.5,6.5,10,10
5.327510845438027,-17.503507624770375,1.7398467296524174,-30.164493282156084,0.20430520833333332,-17.360097367447985,2.8442700602312776,-15.033905372846657,0.2,0.25,-10,2,400,0.8,1,eff,0.5,35,5,10
7.482433334471366,-10.590417768632122,1.7398467296524174,-26.78649749469527,0.20430520833333332,-13.937502840495888,2.8442700602312776,-14.984736069435733,0.2,0.25,-10,2,400,0.8,1,eff,1,35,10,10
7.482433334471366,-15.959736888676467,1.7398467296524174,-32.15581661473962,0.20430520833333332,-19.377711588520413,2.8442700602312776,-15.062890601748368,0.2,0.25,-10,2,400,0.8,1,eff,0.5,35,10,10
5.327510845438027,-14.426243307034792,1.6648435882347152,-29.17822989787163,0.3064578125,-14.514600907171364,2.864700581064611,-14.989614667224815,0.2,0.25,-10,2,500,0.7,0.5,eq,0.5,6.5,5,10
7.482433334471366,-10.590417768632232,1.6648435882347152,-29.007582865064077,0.3064578125,-14.341376339382741,2.864700581064611,-14.985908449376751,0.2,0.25,-10,2,500,0.7,0.5,eq,1,6.5,10,10
5.327510845438027,-13.706802534399266,1.6648435882347152,-28.45878912523611,0.3064578125,-13.784293354552934,2.864700581064611,-14.973989407363053,0.2,0.25,-10,2,500,0.7,0.5,eq,1,35,5,10
5.327510845438027,-17.503507624770375,1.6648435882347152,-32.255494215607214,0.3064578125,-17.63834570747737,2.864700581064611,-15.056448597768002,0.2,0.25,-10,2,500,0.7,0.5,eq,0.5,35,5,10
5.327510845438027,-12.316618528951274,1.6648435882347152,-25.75638222683571,0.3064578125,-12.772135249464743,2.864700581064611,-14.952333827660258,0.2,0.25,-10,2,500,0.7,0.5,eff,1,6.5,5,10
7.482433334471366,-13.567577996008495,1.6648435882347152,-31.984743092440336,0.3064578125,-17.363505028923935,2.864700581064611,-15.050568257344965,0.2,0.25,-10,2,500,0.7,0.5,eq,0.5,6.5,10,10
7.482433334471366,-10.590417768632122,1.6648435882347152,-29.007582865063966,0.3064578125,-14.341376339382741,2.864700581064611,-14.985908449376751,0.2,0.25,-10,2,500,0.7,0.5,eq,1,35,10,10
7.482433334471366,-13.567577996008495,1.6648435882347152,-30.601993475245887,0.3064578125,-17.68232702964295,2.864700581064611,-15.057389598015835,0.2,0.25,-10,2,500,0.7,0.5,eff,0.5,6.5,10,10
5.327510845438027,-12.316618528951274,1.6648435882347152,-27.068605119788113,0.3064578125,-12.373111340251388,2.864700581064611,-14.943796530941578,0.2,0.25,-10,2,500,0.7,0.5,eq,1,6.5,5,10
7.482433334471366,-15.959736888676467,1.6648435882347152,-32.994152367913856,0.3064578125,-20.106367739783128,2.864700581064611,-15.109253043595562,0.2,0.25,-10,2,500,0.7,0.5,eff,0.5,35,10,10
7.482433334471366,-10.590417768632232,1.6648435882347152,-27.62483324786962,0.3064578125,-14.665488301295786,2.864700581064611,-14.992842971155994,0.2,0.25,-10,2,500,0.7,0.5,eff,1,6.5,10,10
5.327510845438027,-13.706802534399266,1.6648435882347152,-27.1465662322837,0.3064578125,-14.180847118115874,2.864700581064611,-14.982473854200041,0.2,0.25,-10,2,500,0.7,0.5,eff,1,35,5,10
7.482433334471366,-15.959736888676467,1.6648435882347152,-34.37690198510832,0.3064578125,-19.79179624180115,2.864700581064611,-15.10252264434997,0.2,0.25,-10,2,500,0.7,0.5,eq,0.5,35,10,10
5.327510845438027,-14.426243307034792,1.6648435882347152,-27.866007004919222,0.3064578125,-14.909876333831832,2.864700581064611,-14.99807176346668,0.2,0.25,-10,2,500,0.7,0.5,eff,0.5,6.5,5,10
7.482433334471366,-10.590417768632122,1.7398467296524174,-28.09923324331241,0.3064578125,-13.586431318990114,2.864700581064611,-14.969756059766691,0.2,0.25,-10,2,500,0.7,1,eq,1,35,10,10
5.327510845438027,-17.503507624770375,1.6648435882347152,-30.943271322654805,0.3064578125,-18.028153303190532,2.864700581064611,-15.064788707297772,0.2,0.25,-10,2,500,0.7,0.5,eff,0.5,35,5,10
5.327510845438027,-12.316618528951274,1.7398467296524174,-26.213367483983845,0.3064578125,-11.672404835620458,2.864700581064611,-14.928804598867917,0.2,0.25,-10,2,500,0.7,1,eq,1,6.5,5,10
7.482433334471366,-10.590417768632122,1.6648435882347152,-27.62483324786951,0.3064578125,-14.665488301295786,2.864700581064611,-14.992842971155994,0.2,0.25,-10,2,500,0.7,0.5,eff,1,35,10,10
5.327510845438027,-17.503507624770375,1.7398467296524174,-31.400256579802935,0.3064578125,-16.93674724526299,2.864700581064611,-15.041437581859164,0.2,0.25,-10,2,500,0.7,1,eq,0.5,35,5,10
7.482433334471366,-13.567577996008495,1.7398467296524174,-31.076393470688785,0.3064578125,-16.608048044491262,2.864700581064611,-15.034404914033072,0.2,0.25,-10,2,500,0.7,1,eq,0.5,6.5,10,10
7.482433334471366,-10.590417768632232,1.7398467296524174,-28.099233243312522,0.3064578125,-13.586431318990114,2.864700581064611,-14.969756059766691,0.2,0.25,-10,2,500,0.7,1,eq,1,6.5,10,10
7.482433334471366,-15.959736888676467,1.7398467296524174,-33.46855236335676,0.3064578125,-19.035927892445084,2.864700581064611,-15.086350499699751,0.2,0.25,-10,2,500,0.7,1,eq,0.5,35,10,10
5.327510845438027,-13.706802534399266,1.7398467296524174,-27.603551489431837,0.3064578125,-13.083347788493635,2.864700581064611,-14.958992360462165,0.2,0.25,-10,2,500,0.7,1,eq,1,35,5,10
5.327510845438027,-13.706802534399266,1.7398467296524174,-26.367788191784967,0.3064578125,-13.513301796763223,2.864700581064611,-14.968191420616783,0.2,0.25,-10,2,500,0.7,1,eff,1,35,5,10
5.327510845438027,-14.426243307034792,1.7398467296524174,-28.322992262067363,0.3064578125,-13.81353162327526,2.864700581064611,-14.974614973324973,0.2,0.25,-10,2,500,0.7,1,eq,0.5,6.5,5,10
7.482433334471366,-15.959736888676467,1.7398467296524174,-32.15581661473962,0.3064578125,-19.3777479502595,2.864700581064611,-15.093663894187204,0.2,0.25,-10,2,500,0.7,1,eff,0.5,35,10,10
5.327510845438027,-12.316618528951274,1.7398467296524174,-24.977604186336976,0.3064578125,-12.104763578286057,2.864700581064611,-14.938055109400828,0.2,0.25,-10,2,500,0.7,1,eff,1,6.5,5,10
5.327510845438027,-12.316618528951274,1.6648435882347152,-27.068605119788113,0.3064578125,-12.373111340251388,2.864700581064611,-14.943796530941578,0.2,0.25,-10,2,500,0.8,0.5,eq,1,6.5,5,10
7.482433334471366,-10.590417768632232,1.7398467296524174,-26.786497494695382,0.3064578125,-13.937539202226993,2.864700581064611,-14.977268171472824,0.2,0.25,-10,2,500,0.7,1,eff,1,6.5,10,10
7.482433334471366,-10.590417768632122,1.6648435882347152,-29.007582865063966,0.3064578125,-14.341376339382741,2.864700581064611,-14.985908449376751,0.2,0.25,-10,2,500,0.8,0.5,eq,1,35,10,10
5.327510845438027,-17.503507624770375,1.7398467296524174,-30.164493282156084,0.3064578125,-17.36013372918364,2.864700581064611,-15.050496126864598,0.2,0.25,-10,2,500,0.7,1,eff,0.5,35,5,10
7.482433334471366,-13.567577996008495,1.6648435882347152,-31.984743092440336,0.3064578125,-17.363505028923935,2.864700581064611,-15.050568257344965,0.2,0.25,-10,2,500,0.8,0.5,eq,0.5,6.5,10,10
5.327510845438027,-14.426243307034792,1.6648435882347152,-29.17822989787163,0.3064578125,-14.514600907171364,2.864700581064611,-14.989614667224815,0.2,0.25,-10,2,500,0.8,0.5,eq,0.5,6.5,5,10
7.482433334471366,-13.567577996008495,1.7398467296524174,-29.763657722071645,0.3064578125,-16.954006048597826,2.864700581064611,-15.041806841749716,0.2,0.25,-10,2,500,0.7,1,eff,0.5,6.5,10,10
7.482433334471366,-10.590417768632122,1.7398467296524174,-26.78649749469527,0.3064578125,-13.937539202226993,2.864700581064611,-14.977268171472824,0.2,0.25,-10,2,500,0.7,1,eff,1,35,10,10
5.327510845438027,-17.503507624770375,1.6648435882347152,-32.255494215607214,0.3064578125,-17.63834570747737,2.864700581064611,-15.056448597768002,0.2,0.25,-10,2,500,0.8,0.5,eq,0.5,35,5,10
5.327510845438027,-14.426243307034792,1.7398467296524174,-27.087228964420493,0.3064578125,-14.242241145952104,2.864700581064611,-14.983787407148341,0.2,0.25,-10,2,500,0.7,1,eff,0.5,6.5,5,10
7.482433334471366,-10.590417768632232,1.6648435882347152,-29.007582865064077,0.3064578125,-14.341376339382741,2.864700581064611,-14.985908449376751,0.2,0.25,-10,2,500,0.8,0.5,eq,1,6.5,10,10
5.327510845438027,-13.706802534399266,1.6648435882347152,-28.45878912523611,0.3064578125,-13.784293354552934,2.864700581064611,-14.973989407363053,0.2,0.25,-10,2,500,0.8,0.5,eq,1,35,5,10
5.327510845438027,-12.316618528951274,1.6648435882347152,-25.75638222683571,0.3064578125,-12.772135249464743,2.864700581064611,-14.952333827660258,0.2,0.25,-10,2,500,0.8,0.5,eff,1,6.5,5,10
5.327510845438027,-13.706802534399266,1.6648435882347152,-27.1465662322837,0.3064578125,-14.180847118115874,2.864700581064611,-14.982473854200041,0.2,0.25,-10,2,500,0.8,0.5,eff,1,35,5,10
7.482433334471366,-15.959736888676467,1.6648435882347152,-32.994152367913856,0.3064578125,-20.106367739783128,2.864700581064611,-15.109253043595562,0.2,0.25,-10,2,500,0.8,0.5,eff,0.5,35,10,10
7.482433334471366,-10.590417768632232,1.6648435882347152,-27.62483324786962,0.3064578125,-14.665488301295786,2.864700581064611,-14.992842971155994,0.2,0.25,-10,2,500,0.8,0.5,eff,1,6.5,10,10
7.482433334471366,-15.959736888676467,1.6648435882347152,-34.37690198510832,0.3064578125,-19.79179624180115,2.864700581064611,-15.10252264434997,0.2,0.25,-10,2,500,0.8,0.5,eq,0.5,35,10,10
5.327510845438027,-14.426243307034792,1.6648435882347152,-27.866007004919222,0.3064578125,-14.909876333831832,2.864700581064611,-14.99807176346668,0.2,0.25,-10,2,500,0.8,0.5,eff,0.5,6.5,5,10
7.482433334471366,-10.590417768632122,1.7398467296524174,-28.09923324331241,0.3064578125,-13.586431318990114,2.864700581064611,-14.969756059766691,0.2,0.25,-10,2,500,0.8,1,eq,1,35,10,10
7.482433334471366,-10.590417768632122,1.6648435882347152,-27.62483324786951,0.3064578125,-14.665488301295786,2.864700581064611,-14.992842971155994,0.2,0.25,-10,2,500,0.8,0.5,eff,1,35,10,10
7.482433334471366,-10.590417768632232,1.7398467296524174,-28.099233243312522,0.3064578125,-13.586431318990114,2.864700581064611,-14.969756059766691,0.2,0.25,-10,2,500,0.8,1,eq,1,6.5,10,10
7.482433334471366,-15.959736888676467,1.7398467296524174,-33.46855236335676,0.3064578125,-19.035927892445084,2.864700581064611,-15.086350499699751,0.2,0.25,-10,2,500,0.8,1,eq,0.5,35,10,10
5.327510845438027,-14.426243307034792,1.7398467296524174,-28.322992262067363,0.3064578125,-13.81353162327526,2.864700581064611,-14.974614973324973,0.2,0.25,-10,2,500,0.8,1,eq,0.5,6.5,5,10
7.482433334471366,-13.567577996008495,1.7398467296524174,-31.076393470688785,0.3064578125,-16.608048044491262,2.864700581064611,-15.034404914033072,0.2,0.25,-10,2,500,0.8,1,eq,0.5,6.5,10,10
7.482433334471366,-13.567577996008495,1.6648435882347152,-30.601993475245887,0.3064578125,-17.68232702964295,2.864700581064611,-15.057389598015835,0.2,0.25,-10,2,500,0.8,0.5,eff,0.5,6.5,10,10
5.327510845438027,-13.706802534399266,1.7398467296524174,-27.603551489431837,0.3064578125,-13.083347788493635,2.864700581064611,-14.958992360462165,0.2,0.25,-10,2,500,0.8,1,eq,1,35,5,10
5.327510845438027,-17.503507624770375,1.6648435882347152,-30.943271322654805,0.3064578125,-18.028153303190532,2.864700581064611,-15.064788707297772,0.2,0.25,-10,2,500,0.8,0.5,eff,0.5,35,5,10
5.327510845438027,-12.316618528951274,1.7398467296524174,-26.213367483983845,0.3064578125,-11.672404835620458,2.864700581064611,-14.928804598867917,0.2,0.25,-10,2,500,0.8,1,eq,1,6.5,5,10
5.327510845438027,-17.503507624770375,1.7398467296524174,-31.400256579802935,0.3064578125,-16.93674724526299,2.864700581064611,-15.041437581859164,0.2,0.25,-10,2,500,0.8,1,eq,0.5,35,5,10
7.482433334471366,-10.590417768632232,1.7398467296524174,-26.786497494695382,0.3064578125,-13.937539202226993,2.864700581064611,-14.977268171472824,0.2,0.25,-10,2,500,0.8,1,eff,1,6.5,10,10
5.327510845438027,-12.316618528951274,1.7398467296524174,-24.977604186336976,0.3064578125,-12.104763578286057,2.864700581064611,-14.938055109400828,0.2,0.25,-10,2,500,0.8,1,eff,1,6.5,5,10
7.482433334471366,-10.590417768632232,1.6648435882347152,-29.007582865064077,1.0215260416666667,-14.341681224949491,3.0077142268979444,-14.955282335906816,0.2,0.25,-10,10,400,0.7,0.5,eq,1,6.5,10,10
5.327510845438027,-13.706802534399266,1.7398467296524174,-26.367788191784967,0.3064578125,-13.513301796763223,2.864700581064611,-14.968191420616783,0.2,0.25,-10,2,500,0.8,1,eff,1,35,5,10
7.482433334471366,-10.590417768632122,1.7398467296524174,-26.78649749469527,0.3064578125,-13.937539202226993,2.864700581064611,-14.977268171472824,0.2,0.25,-10,2,500,0.8,1,eff,1,35,10,10
5.327510845438027,-14.426243307034792,1.7398467296524174,-27.087228964420493,0.3064578125,-14.242241145952104,2.864700581064611,-14.983787407148341,0.2,0.25,-10,2,500,0.8,1,eff,0.5,6.5,5,10
5.327510845438027,-12.316618528951274,1.6648435882347152,-27.068605119788113,1.0215260416666667,-12.373416225814633,3.0077142268979444,-14.821583865784028,0.2,0.25,-10,10,400,0.7,0.5,eq,1,6.5,5,10
7.482433334471366,-15.959736888676467,1.7398467296524174,-32.15581661473962,0.3064578125,-19.3777479502595,2.864700581064611,-15.093663894187204,0.2,0.25,-10,2,500,0.8,1,eff,0.5,35,10,10
7.482433334471366,-10.590417768632122,1.6648435882347152,-29.007582865063966,1.0215260416666667,-14.341681224948756,3.0077142268979444,-14.955282335906816,0.2,0.25,-10,10,400,0.7,0.5,eq,1,35,10,10
5.327510845438027,-13.706802534399266,1.6648435882347152,-28.45878912523611,1.0215260416666667,-13.784598240131,3.0077142268979444,-14.917441322204738,0.2,0.25,-10,10,400,0.7,0.5,eq,1,35,5,10
5.327510845438027,-17.503507624770375,1.7398467296524174,-30.164493282156084,0.3064578125,-17.36013372918364,2.864700581064611,-15.050496126864598,0.2,0.25,-10,2,500,0.8,1,eff,0.5,35,5,10
5.327510845438027,-17.503507624770375,1.6648435882347152,-32.255494215607214,1.0215260416666667,-17.63865059303198,3.0077142268979444,-15.17923579783853,0.2,0.25,-10,10,400,0.7,0.5,eq,0.5,35,5,10
7.482433334471366,-13.567577996008495,1.6648435882347152,-31.984743092440336,1.0215260416666667,-17.36380991449437,3.0077142268979444,-15.160566676422405,0.2,0.25,-10,10,400,0.7,0.5,eq,0.5,6.5,10,10
7.482433334471366,-15.959736888676467,1.6648435882347152,-34.37690198510832,1.0215260416666667,-19.79210112735329,3.0077142268979444,-15.325513378373067,0.2,0.25,-10,10,400,0.7,0.5,eq,0.5,35,10,10
7.482433334471366,-13.567577996008495,1.7398467296524174,-29.763657722071645,0.3064578125,-16.954006048597826,2.864700581064611,-15.041806841749716,0.2,0.25,-10,2,500,0.8,1,eff,0.5,6.5,10,10
5.327510845438027,-14.426243307034792,1.6648435882347152,-29.17822989787163,1.0215260416666667,-14.514905792738338,3.0077142268979444,-14.967048972874707,0.2,0.25,-10,10,400,0.7,0.5,eq,0.5,6.5,5,10
7.482433334471366,-10.590417768632232,1.6648435882347152,-27.62483324786962,1.0215260416666667,-14.665756850094185,3.0077142268979444,-14.977295842881432,0.2,0.25,-10,10,400,0.7,0.5,eff,1,6.5,10,10
7.482433334471366,-10.590417768632122,1.6648435882347152,-27.62483324786951,1.0215260416666667,-14.665756850094185,3.0077142268979444,-14.977295842881432,0.2,0.25,-10,10,400,0.7,0.5,eff,1,35,10,10
5.327510845438027,-12.316618528951274,1.6648435882347152,-25.75638222683571,1.0215260416666667,-12.772403798273325,3.0077142268979444,-14.848685921685533,0.2,0.25,-10,10,400,0.7,0.5,eff,1,6.5,5,10
5.327510845438027,-13.706802534399266,1.6648435882347152,-27.1465662322837,1.0215260416666667,-14.181115666924603,3.0077142268979444,-14.944375588354264,0.2,0.25,-10,10,400,0.7,0.5,eff,1,35,5,10
5.327510845438027,-14.426243307034792,1.6648435882347152,-27.866007004919222,1.0215260416666667,-14.910144882641536,3.0077142268979444,-14.99389640534754,0.2,0.25,-10,10,400,0.7,0.5,eff,0.5,6.5,5,10
5.327510845438027,-17.503507624770375,1.6648435882347152,-30.943271322654805,1.0215260416666667,-18.028421851984586,3.0077142268979444,-15.205711816587474,0.2,0.25,-10,10,400,0.7,0.5,eff,0.5,35,5,10
7.482433334471366,-10.590417768632122,1.7398467296524174,-28.09923324331241,1.0215260416666667,-13.586719690896969,3.0077142268979444,-14.904000012566865,0.2,0.25,-10,10,400,0.7,1,eq,1,35,10,10
7.482433334471366,-13.567577996008495,1.6648435882347152,-30.601993475245887,1.0215260416666667,-17.682595578439063,3.0077142268979444,-15.182220851843509,0.2,0.25,-10,10,400,0.7,0.5,eff,0.5,6.5,10,10
7.482433334471366,-10.590417768632232,1.7398467296524174,-28.099233243312522,1.0215260416666667,-13.586719690896974,3.0077142268979444,-14.904000012566865,0.2,0.25,-10,10,400,0.7,1,eq,1,6.5,10,10
7.482433334471366,-13.567577996008495,1.7398467296524174,-31.076393470688785,1.0215260416666667,-16.608336416406026,3.0077142268979444,-15.109249576866436,0.2,0.25,-10,10,400,0.7,1,eq,0.5,6.5,10,10
7.482433334471366,-15.959736888676467,1.6648435882347152,-32.994152367913856,1.0215260416666667,-20.10663628857504,3.0077142268979444,-15.346878829607501,0.2,0.25,-10,10,400,0.7,0.5,eff,0.5,35,10,10
5.327510845438027,-12.316618528951274,1.7398467296524174,-26.213367483983845,1.0215260416666667,-11.672693207521052,3.0077142268979444,-14.773985805783374,0.2,0.25,-10,10,400,0.7,1,eq,1,6.5,5,10
7.482433334471366,-10.590417768632232,1.7398467296524174,-26.786497494695382,1.0215260416666667,-13.937793734328332,3.0077142268979444,-14.927847442931741,0.2,0.25,-10,10,400,0.7,1,eff,1,6.5,10,10
5.327510845438027,-13.706802534399266,1.7398467296524174,-26.367788191784967,1.0215260416666667,-13.51355632886466,3.0077142268979444,-14.899030239910793,0.2,0.25,-10,10,400,0.7,1,eff,1,35,5,10
5.327510845438027,-12.316618528951274,1.7398467296524174,-24.977604186336976,1.0215260416666667,-12.105018110388256,3.0077142268979444,-14.80335236878927,0.2,0.25,-10,10,400,0.7,1,eff,1,6.5,5,10
7.482433334471366,-10.590417768632122,1.7398467296524174,-26.78649749469527,1.0215260416666667,-13.937793734328327,3.0077142268979444,-14.927847442931741,0.2,0.25,-10,10,400,0.7,1,eff,1,35,10,10
5.327510845438027,-14.426243307034792,1.7398467296524174,-28.322992262067363,1.0215260416666667,-13.813819995186952,3.0077142268979444,-14.919426270342818,0.2,0.25,-10,10,400,0.7,1,eq,0.5,6.5,5,10
5.327510845438027,-14.426243307034792,1.7398467296524174,-27.087228964420493,1.0215260416666667,-14.242495678065117,3.0077142268979444,-14.948544952534949,0.2,0.25,-10,10,400,0.7,1,eff,0.5,6.5,5,10
5.327510845438027,-13.706802534399266,1.7398467296524174,-27.603551489431837,1.0215260416666667,-13.08363616039346,3.0077142268979444,-14.86982702346118,0.2,0.25,-10,10,400,0.7,1,eq,1,35,5,10
7.482433334471366,-13.567577996008495,1.7398467296524174,-29.763657722071645,1.0215260416666667,-16.954260580708237,3.0077142268979444,-15.132747191042405,0.2,0.25,-10,10,400,0.7,1,eff,0.5,6.5,10,10
7.482433334471366,-15.959736888676467,1.7398467296524174,-33.46855236335676,1.0215260416666667,-19.036216264342926,3.0077142268979444,-15.274168336004257,0.2,0.25,-10,10,400,0.7,1,eq,0.5,35,10,10
7.482433334471366,-10.590417768632232,1.6648435882347152,-29.007582865064077,1.0215260416666667,-14.341681224949491,3.0077142268979444,-14.955282335906816,0.2,0.25,-10,10,400,0.8,0.5,eq,1,6.5,10,10
7.482433334471366,-15.959736888676467,1.7398467296524174,-32.15581661473962,1.0215260416666667,-19.378002482366067,3.0077142268979444,-15.297384871622688,0.2,0.25,-10,10,400,0.7,1,eff,0.5,35,10,10
5.327510845438027,-12.316618528951274,1.6648435882347152,-27.068605119788113,1.0215260416666667,-12.373416225814633,3.0077142268979444,-14.821583865784028,0.2,0.25,-10,10,400,0.8,0.5,eq,1,6.5,5,10
5.327510845438027,-13.706802534399266,1.6648435882347152,-28.45878912523611,1.0215260416666667,-13.784598240131,3.0077142268979444,-14.917441322204738,0.2,0.25,-10,10,400,0.8,0.5,eq,1,35,5,10
7.482433334471366,-10.590417768632122,1.6648435882347152,-29.007582865063966,1.0215260416666667,-14.341681224948756,3.0077142268979444,-14.955282335906816,0.2,0.25,-10,10,400,0.8,0.5,eq,1,35,10,10
5.327510845438027,-14.426243307034792,1.6648435882347152,-29.17822989787163,1.0215260416666667,-14.514905792738338,3.0077142268979444,-14.967048972874707,0.2,0.25,-10,10,400,0.8,0.5,eq,0.5,6.5,5,10
5.327510845438027,-17.503507624770375,1.7398467296524174,-31.400256579802935,1.0215260416666667,-16.93703561716126,3.0077142268979444,-15.131577149775088,0.2,0.25,-10,10,400,0.7,1,eq,0.5,35,5,10
7.482433334471366,-10.590417768632232,1.6648435882347152,-27.62483324786962,1.0215260416666667,-14.665756850094185,3.0077142268979444,-14.977295842881432,0.2,0.25,-10,10,400,0.8,0.5,eff,1,6.5,10,10
5.327510845438027,-17.503507624770375,1.7398467296524174,-30.164493282156084,1.0215260416666667,-17.360388261291458,3.0077142268979444,-15.16033425355312,0.2,0.25,-10,10,400,0.7,1,eff,0.5,35,5,10
5.327510845438027,-17.503507624770375,1.6648435882347152,-32.255494215607214,1.0215260416666667,-17.63865059303198,3.0077142268979444,-15.17923579783853,0.2,0.25,-10,10,400,0.8,0.5,eq,0.5,35,5,10
5.327510845438027,-12.316618528951274,1.6648435882347152,-25.75638222683571,1.0215260416666667,-12.772403798273325,3.0077142268979444,-14.848685921685533,0.2,0.25,-10,10,400,0.8,0.5,eff,1,6.5,5,10
7.482433334471366,-10.590417768632122,1.6648435882347152,-27.62483324786951,1.0215260416666667,-14.665756850094185,3.0077142268979444,-14.977295842881432,0.2,0.25,-10,10,400,0.8,0.5,eff,1,35,10,10
5.327510845438027,-13.706802534399266,1.6648435882347152,-27.1465662322837,1.0215260416666667,-14.181115666924603,3.0077142268979444,-14.944375588354264,0.2,0.25,-10,10,400,0.8,0.5,eff,1,35,5,10
7.482433334471366,-13.567577996008495,1.6648435882347152,-30.601993475245887,1.0215260416666667,-17.682595578439063,3.0077142268979444,-15.182220851843509,0.2,0.25,-10,10,400,0.8,0.5,eff,0.5,6.5,10,10
7.482433334471366,-15.959736888676467,1.6648435882347152,-32.994152367913856,1.0215260416666667,-20.10663628857504,3.0077142268979444,-15.346878829607501,0.2,0.25,-10,10,400,0.8,0.5,eff,0.5,35,10,10
5.327510845438027,-17.503507624770375,1.6648435882347152,-30.943271322654805,1.0215260416666667,-18.028421851984586,3.0077142268979444,-15.205711816587474,0.2,0.25,-10,10,400,0.8,0.5,eff,0.5,35,5,10
7.482433334471366,-15.959736888676467,1.6648435882347152,-34.37690198510832,1.0215260416666667,-19.79210112735329,3.0077142268979444,-15.325513378373067,0.2,0.25,-10,10,400,0.8,0.5,eq,0.5,35,10,10
5.327510845438027,-14.426243307034792,1.6648435882347152,-27.866007004919222,1.0215260416666667,-14.910144882641536,3.0077142268979444,-14.99389640534754,0.2,0.25,-10,10,400,0.8,0.5,eff,0.5,6.5,5,10
5.327510845438027,-12.316618528951274,1.7398467296524174,-26.213367483983845,1.0215260416666667,-11.672693207521052,3.0077142268979444,-14.773985805783374,0.2,0.25,-10,10,400,0.8,1,eq,1,6.5,5,10
7.482433334471366,-13.567577996008495,1.7398467296524174,-31.076393470688785,1.0215260416666667,-16.608336416406026,3.0077142268979444,-15.109249576866436,0.2,0.25,-10,10,400,0.8,1,eq,0.5,6.5,10,10
7.482433334471366,-13.567577996008495,1.6648435882347152,-31.984743092440336,1.0215260416666667,-17.36380991449437,3.0077142268979444,-15.160566676422405,0.2,0.25,-10,10,400,0.8,0.5,eq,0.5,6.5,10,10
7.482433334471366,-15.959736888676467,1.7398467296524174,-33.46855236335676,1.0215260416666667,-19.036216264342926,3.0077142268979444,-15.274168336004257,0.2,0.25,-10,10,400,0.8,1,eq,0.5,35,10,10
7.482433334471366,-10.590417768632232,1.7398467296524174,-28.099233243312522,1.0215260416666667,-13.586719690896974,3.0077142268979444,-14.904000012566865,0.2,0.25,-10,10,400,0.8,1,eq,1,6.5,10,10
7.482433334471366,-10.590417768632122,1.7398467296524174,-28.09923324331241,1.0215260416666667,-13.586719690896969,3.0077142268979444,-14.904000012566865,0.2,0.25,-10,10,400,0.8,1,eq,1,35,10,10
5.327510845438027,-14.426243307034792,1.7398467296524174,-28.322992262067363,1.0215260416666667,-13.813819995186952,3.0077142268979444,-14.919426270342818,0.2,0.25,-10,10,400,0.8,1,eq,0.5,6.5,5,10
7.482433334471366,-10.590417768632232,1.7398467296524174,-26.786497494695382,1.0215260416666667,-13.937793734328332,3.0077142268979444,-14.927847442931741,0.2,0.25,-10,10,400,0.8,1,eff,1,6.5,10,10
5.327510845438027,-13.706802534399266,1.7398467296524174,-27.603551489431837,1.0215260416666667,-13.08363616039346,3.0077142268979444,-14.86982702346118,0.2,0.25,-10,10,400,0.8,1,eq,1,35,5,10
5.327510845438027,-12.316618528951274,1.7398467296524174,-24.977604186336976,1.0215260416666667,-12.105018110388256,3.0077142268979444,-14.80335236878927,0.2,0.25,-10,10,400,0.8,1,eff,1,6.5,5,10
7.482433334471366,-10.590417768632122,1.7398467296524174,-26.78649749469527,1.0215260416666667,-13.937793734328327,3.0077142268979444,-14.927847442931741,0.2,0.25,-10,10,400,0.8,1,eff,1,35,10,10
5.327510845438027,-17.503507624770375,1.7398467296524174,-31.400256579802935,1.0215260416666667,-16.93703561716126,3.0077142268979444,-15.131577149775088,0.2,0.25,-10,10,400,0.8,1,eq,0.5,35,5,10
5.327510845438027,-13.706802534399266,1.7398467296524174,-26.367788191784967,1.0215260416666667,-13.51355632886466,3.0077142268979444,-14.899030239910793,0.2,0.25,-10,10,400,0.8,1,eff,1,35,5,10
7.482433334471366,-15.959736888676467,1.7398467296524174,-32.15581661473962,1.0215260416666667,-19.378002482366067,3.0077142268979444,-15.297384871622688,0.2,0.25,-10,10,400,0.8,1,eff,0.5,35,10,10
7.482433334471366,-10.590417768632232,1.6648435882347152,-29.007582865064077,1.5322890624999999,-14.341899000361703,3.109866831064611,-14.935148286499444,0.2,0.25,-10,10,500,0.7,0.5,eq,1,6.5,10,10
5.327510845438027,-12.316618528951274,1.6648435882347152,-27.068605119788113,1.5322890624999999,-12.373634001221387,3.109866831064611,-14.741188152891272,0.2,0.25,-10,10,500,0.7,0.5,eq,1,6.5,5,10
5.327510845438027,-14.426243307034792,1.7398467296524174,-27.087228964420493,1.0215260416666667,-14.242495678065117,3.0077142268979444,-14.948544952534949,0.2,0.25,-10,10,400,0.8,1,eff,0.5,6.5,5,10
5.327510845438027,-17.503507624770375,1.6648435882347152,-32.255494215607214,1.5322890624999999,-17.638868368446996,3.109866831064611,-15.260043876989094,0.2,0.25,-10,10,500,0.7,0.5,eq,0.5,35,5,10
7.482433334471366,-10.590417768632122,1.6648435882347152,-29.007582865063966,1.5322890624999999,-14.341899000361698,3.109866831064611,-14.935148286499444,0.2,0.25,-10,10,500,0.7,0.5,eq,1,35,10,10
5.327510845438027,-14.426243307034792,1.6648435882347152,-29.17822989787163,1.5322890624999999,-14.515123568150882,3.109866831064611,-14.952218477925605,0.2,0.25,-10,10,500,0.7,0.5,eq,0.5,6.5,5,10
7.482433334471366,-13.567577996008495,1.7398467296524174,-29.763657722071645,1.0215260416666667,-16.954260580708237,3.0077142268979444,-15.132747191042405,0.2,0.25,-10,10,400,0.8,1,eff,0.5,6.5,10,10
7.482433334471366,-13.567577996008495,1.6648435882347152,-31.984743092440336,1.5322890624999999,-17.36402768989357,3.109866831064611,-15.232960057098733,0.2,0.25,-10,10,500,0.7,0.5,eq,0.5,6.5,10,10
5.327510845438027,-13.706802534399266,1.6648435882347152,-28.45878912523611,1.5322890624999999,-13.78481601553426,3.109866831064611,-14.880251262869514,0.2,0.25,-10,10,500,0.7,0.5,eq,1,35,5,10
5.327510845438027,-17.503507624770375,1.7398467296524174,-30.164493282156084,1.0215260416666667,-17.360388261291458,3.0077142268979444,-15.16033425355312,0.2,0.25,-10,10,400,0.8,1,eff,0.5,35,5,10
7.482433334471366,-10.590417768632232,1.6648435882347152,-27.62483324786962,1.5322890624999999,-14.665948670675562,3.109866831064611,-14.96708134296143,0.2,0.25,-10,10,500,0.7,0.5,eff,1,6.5,10,10
7.482433334471366,-10.590417768632122,1.6648435882347152,-27.62483324786951,1.5322890624999999,-14.665948670675517,3.109866831064611,-14.96708134296143,0.2,0.25,-10,10,500,0.7,0.5,eff,1,35,10,10
5.327510845438027,-13.706802534399266,1.6648435882347152,-27.1465662322837,1.5322890624999999,-14.181307487491837,3.109866831064611,-14.91932300316301,0.2,0.25,-10,10,500,0.7,0.5,eff,1,35,5,10
7.482433334471366,-15.959736888676467,1.6648435882347152,-34.37690198510832,1.5322890624999999,-19.79231890277227,3.109866831064611,-15.472252880115555,0.2,0.25,-10,10,500,0.7,0.5,eq,0.5,35,10,10
7.482433334471366,-15.959736888676467,1.6648435882347152,-32.994152367913856,1.5322890624999999,-20.106828109150932,3.109866831064611,-15.503245783874409,0.2,0.25,-10,10,500,0.7,0.5,eff,0.5,35,10,10
5.327510845438027,-13.706802534399266,1.7398467296524174,-27.603551489431837,1.5322890624999999,-13.083842140329761,3.109866831064611,-14.811174697188623,0.2,0.25,-10,10,500,0.7,1,eq,1,35,5,10
7.482433334471366,-13.567577996008495,1.6648435882347152,-30.601993475245887,1.5322890624999999,-17.68278739901518,3.109866831064611,-15.264371821163692,0.2,0.25,-10,10,500,0.7,0.5,eff,0.5,6.5,10,10
7.482433334471366,-13.567577996008495,1.7398467296524174,-31.076393470688785,1.5322890624999999,-16.60854239633972,3.109866831064611,-15.158511734062685,0.2,0.25,-10,10,500,0.7,1,eq,0.5,6.5,10,10
5.327510845438027,-12.316618528951274,1.6648435882347152,-25.75638222683571,1.5322890624999999,-12.77259561885518,3.109866831064611,-14.780503310501958,0.2,0.25,-10,10,500,0.7,0.5,eff,1,6.5,5,10
5.327510845438027,-14.426243307034792,1.7398467296524174,-28.322992262067363,1.5322890624999999,-13.814025975118053,3.109866831064611,-14.883129720630883,0.2,0.25,-10,10,500,0.7,1,eq,0.5,6.5,5,10
7.482433334471366,-15.959736888676467,1.7398467296524174,-33.46855236335676,1.5322890624999999,-19.03642224427281,3.109866831064611,-15.397764019651872,0.2,0.25,-10,10,500,0.7,1,eq,0.5,35,10,10
7.482433334471366,-10.590417768632122,1.7398467296524174,-28.09923324331241,1.5322890624999999,-13.586925670834825,3.109866831064611,-14.860750414297463,0.2,0.25,-10,10,500,0.7,1,eq,1,35,10,10
5.327510845438027,-17.503507624770375,1.7398467296524174,-31.400256579802935,1.5322890624999999,-16.937241597092857,3.109866831064611,-15.19090297249992,0.2,0.25,-10,10,500,0.7,1,eq,0.5,35,5,10
5.327510845438027,-14.426243307034792,1.6648435882347152,-27.866007004919222,1.5322890624999999,-14.910336703222539,3.109866831064611,-14.99116424616076,0.2,0.25,-10,10,500,0.7,0.5,eff,0.5,6.5,5,10
7.482433334471366,-10.590417768632232,1.7398467296524174,-28.099233243312522,1.5322890624999999,-13.586925670834828,3.109866831064611,-14.860750414297463,0.2,0.25,-10,10,500,0.7,1,eq,1,6.5,10,10
7.482433334471366,-10.590417768632122,1.7398467296524174,-26.78649749469527,1.5322890624999999,-13.937975542977263,3.109866831064611,-14.895344170795521,0.2,0.25,-10,10,500,0.7,1,eff,1,35,10,10
5.327510845438027,-14.426243307034792,1.7398467296524174,-27.087228964420493,1.5322890624999999,-14.242677486714737,3.109866831064611,-14.92537063051702,0.2,0.25,-10,10,500,0.7,1,eff,0.5,6.5,5,10
5.327510845438027,-17.503507624770375,1.6648435882347152,-30.943271322654805,1.5322890624999999,-18.028613672579347,3.109866831064611,-15.298450824882682,0.2,0.25,-10,10,500,0.7,0.5,eff,0.5,35,5,10
5.327510845438027,-12.316618528951274,1.7398467296524174,-26.213367483983845,1.5322890624999999,-11.672899187459397,3.109866831064611,-14.672135145211707,0.2,0.25,-10,10,500,0.7,1,eq,1,6.5,5,10
7.482433334471366,-10.590417768632232,1.7398467296524174,-26.786497494695382,1.5322890624999999,-13.937975542977263,3.109866831064611,-14.895344170795521,0.2,0.25,-10,10,500,0.7,1,eff,1,6.5,10,10
5.327510845438027,-17.503507624770375,1.7398467296524174,-30.164493282156084,1.5322890624999999,-17.360570069929523,3.109866831064611,-15.232619330402763,0.2,0.25,-10,10,500,0.7,1,eff,0.5,35,5,10
7.482433334471366,-15.959736888676467,1.7398467296524174,-32.15581661473962,1.5322890624999999,-19.378184290999812,3.109866831064611,-15.431442519383442,0.2,0.25,-10,10,500,0.7,1,eff,0.5,35,10,10
5.327510845438027,-13.706802534399266,1.7398467296524174,-26.367788191784967,1.5322890624999999,-13.513738137513027,3.109866831064611,-14.853538243300267,0.2,0.25,-10,10,500,0.7,1,eff,1,35,5,10
7.482433334471366,-13.567577996008495,1.7398467296524174,-29.763657722071645,1.5322890624999999,-16.954442389361603,3.109866831064611,-15.192598002370495,0.2,0.25,-10,10,500,0.7,1,eff,0.5,6.5,10,10
5.327510845438027,-12.316618528951274,1.6648435882347152,-27.068605119788113,1.5322890624999999,-12.373634001221387,3.109866831064611,-14.741188152891272,0.2,0.25,-10,10,500,0.8,0.5,eq,1,6.5,5,10
5.327510845438027,-14.426243307034792,1.6648435882347152,-29.17822989787163,1.5322890624999999,-14.515123568150882,3.109866831064611,-14.952218477925605,0.2,0.25,-10,10,500,0.8,0.5,eq,0.5,6.5,5,10
7.482433334471366,-10.590417768632232,1.6648435882347152,-29.007582865064077,1.5322890624999999,-14.341899000361703,3.109866831064611,-14.935148286499444,0.2,0.25,-10,10,500,0.8,0.5,eq,1,6.5,10,10
5.327510845438027,-12.316618528951274,1.7398467296524174,-24.977604186336976,1.5322890624999999,-12.105199919033225,3.109866831064611,-14.714735662769819,0.2,0.25,-10,10,500,0.7,1,eff,1,6.5,5,10
5.327510845438027,-13.706802534399266,1.6648435882347152,-28.45878912523611,1.5322890624999999,-13.78481601553426,3.109866831064611,-14.880251262869514,0.2,0.25,-10,10,500,0.8,0.5,eq,1,35,5,10
5.327510845438027,-17.503507624770375,1.6648435882347152,-32.255494215607214,1.5322890624999999,-17.638868368446996,3.109866831064611,-15.260043876989094,0.2,0.25,-10,10,500,0.8,0.5,eq,0.5,35,5,10
7.482433334471366,-10.590417768632122,1.6648435882347152,-29.007582865063966,1.5322890624999999,-14.341899000361698,3.109866831064611,-14.935148286499444,0.2,0.25,-10,10,500,0.8,0.5,eq,1,35,10,10
5.327510845438027,-14.426243307034792,1.6648435882347152,-27.866007004919222,1.5322890624999999,-14.910336703222539,3.109866831064611,-14.99116424616076,0.2,0.25,-10,10,500,0.8,0.5,eff,0.5,6.5,5,10
5.327510845438027,-12.316618528951274,1.6648435882347152,-25.75638222683571,1.5322890624999999,-12.77259561885518,3.109866831064611,-14.780503310501958,0.2,0.25,-10,10,500,0.8,0.5,eff,1,6.5,5,10
7.482433334471366,-10.590417768632122,1.6648435882347152,-27.62483324786951,1.5322890624999999,-14.665948670675517,3.109866831064611,-14.96708134296143,0.2,0.25,-10,10,500,0.8,0.5,eff,1,35,10,10
7.482433334471366,-15.959736888676467,1.6648435882347152,-34.37690198510832,1.5322890624999999,-19.79231890277227,3.109866831064611,-15.472252880115555,0.2,0.25,-10,10,500,0.8,0.5,eq,0.5,35,10,10
5.327510845438027,-17.503507624770375,1.6648435882347152,-30.943271322654805,1.5322890624999999,-18.028613672579347,3.109866831064611,-15.298450824882682,0.2,0.25,-10,10,500,0.8,0.5,eff,0.5,35,5,10
7.482433334471366,-13.567577996008495,1.6648435882347152,-31.984743092440336,1.5322890624999999,-17.36402768989357,3.109866831064611,-15.232960057098733,0.2,0.25,-10,10,500,0.8,0.5,eq,0.5,6.5,10,10
5.327510845438027,-13.706802534399266,1.6648435882347152,-27.1465662322837,1.5322890624999999,-14.181307487491837,3.109866831064611,-14.91932300316301,0.2,0.25,-10,10,500,0.8,0.5,eff,1,35,5,10
5.327510845438027,-12.316618528951274,1.7398467296524174,-26.213367483983845,1.5322890624999999,-11.672899187459397,3.109866831064611,-14.672135145211707,0.2,0.25,-10,10,500,0.8,1,eq,1,6.5,5,10
7.482433334471366,-13.567577996008495,1.6648435882347152,-30.601993475245887,1.5322890624999999,-17.68278739901518,3.109866831064611,-15.264371821163692,0.2,0.25,-10,10,500,0.8,0.5,eff,0.5,6.5,10,10
7.482433334471366,-15.959736888676467,1.6648435882347152,-32.994152367913856,1.5322890624999999,-20.106828109150932,3.109866831064611,-15.503245783874409,0.2,0.25,-10,10,500,0.8,0.5,eff,0.5,35,10,10
7.482433334471366,-10.590417768632122,1.7398467296524174,-28.09923324331241,1.5322890624999999,-13.586925670834825,3.109866831064611,-14.860750414297463,0.2,0.25,-10,10,500,0.8,1,eq,1,35,10,10
7.482433334471366,-10.590417768632232,1.6648435882347152,-27.62483324786962,1.5322890624999999,-14.665948670675562,3.109866831064611,-14.96708134296143,0.2,0.25,-10,10,500,0.8,0.5,eff,1,6.5,10,10
7.482433334471366,-10.590417768632232,1.7398467296524174,-28.099233243312522,1.5322890624999999,-13.586925670834828,3.109866831064611,-14.860750414297463,0.2,0.25,-10,10,500,0.8,1,eq,1,6.5,10,10
7.482433334471366,-15.959736888676467,1.7398467296524174,-33.46855236335676,1.5322890624999999,-19.03642224427281,3.109866831064611,-15.397764019651872,0.2,0.25,-10,10,500,0.8,1,eq,0.5,35,10,10
5.327510845438027,-14.426243307034792,1.7398467296524174,-28.322992262067363,1.5322890624999999,-13.814025975118053,3.109866831064611,-14.883129720630883,0.2,0.25,-10,10,500,0.8,1,eq,0.5,6.5,5,10
7.482433334471366,-15.959736888676467,1.7398467296524174,-32.15581661473962,1.5322890624999999,-19.378184290999812,3.109866831064611,-15.431442519383442,0.2,0.25,-10,10,500,0.8,1,eff,0.5,35,10,10
5.327510845438027,-12.316618528951274,1.7398467296524174,-24.977604186336976,1.5322890624999999,-12.105199919033225,3.109866831064611,-14.714735662769819,0.2,0.25,-10,10,500,0.8,1,eff,1,6.5,5,10
7.482433334471366,-13.567577996008495,1.7398467296524174,-31.076393470688785,1.5322890624999999,-16.60854239633972,3.109866831064611,-15.158511734062685,0.2,0.25,-10,10,500,0.8,1,eq,0.5,6.5,10,10
5.327510845438027,-14.426243307034792,1.7398467296524174,-27.087228964420493,1.5322890624999999,-14.242677486714737,3.109866831064611,-14.92537063051702,0.2,0.25,-10,10,500,0.8,1,eff,0.5,6.5,5,10
7.482433334471366,-10.590417768632122,1.7398467296524174,-26.78649749469527,1.5322890624999999,-13.937975542977263,3.109866831064611,-14.895344170795521,0.2,0.25,-10,10,500,0.8,1,eff,1,35,10,10
7.482433334471366,-10.590417768632232,1.7398467296524174,-26.786497494695382,1.5322890624999999,-13.937975542977263,3.109866831064611,-14.895344170795521,0.2,0.25,-10,10,500,0.8,1,eff,1,6.5,10,10
7.482433334471366,-13.567577996008495,1.7398467296524174,-29.763657722071645,1.5322890624999999,-16.954442389361603,3.109866831064611,-15.192598002370495,0.2,0.25,-10,10,500,0.8,1,eff,0.5,6.5,10,10
5.327510845438027,-13.706802534399266,1.7398467296524174,-26.367788191784967,1.5322890624999999,-13.513738137513027,3.109866831064611,-14.853538243300267,0.2,0.25,-10,10,500,0.8,1,eff,1,35,5,10
5.327510845438027,-17.503507624770375,1.7398467296524174,-31.400256579802935,1.5322890624999999,-16.937241597092857,3.109866831064611,-15.19090297249992,0.2,0.25,-10,10,500,0.8,1,eq,0.5,35,5,10
5.327510845438027,-17.503507624770375,1.7398467296524174,-30.164493282156084,1.5322890624999999,-17.360570069929523,3.109866831064611,-15.232619330402763,0.2,0.25,-10,10,500,0.8,1,eff,0.5,35,5,10
7.482433334471366,-10.590417768632122,0.664380693404857,-44.20996768434352,0.8172208333333333,-26.486296244962357,2.966853185231278,-15.632780930040614,0.2,1,-20,2,400,0.7,0.5,eq,1,35,10,10
5.327510845438027,-12.316618528951274,0.664380693404857,-42.27098993906767,0.8172208333333333,-24.511362563080983,2.966853185231278,-15.523981683935762,0.2,1,-20,2,400,0.7,0.5,eq,1,6.5,5,10
5.327510845438027,-13.706802534399266,1.7398467296524174,-27.603551489431837,1.5322890624999999,-13.083842140329761,3.109866831064611,-14.811174697188623,0.2,0.25,-10,10,500,0.8,1,eq,1,35,5,10
5.327510845438027,-17.503507624770375,0.664380693404857,-47.45787903488676,0.8172208333333333,-29.794436081998782,2.966853185231278,-15.815026604202309,0.2,1,-20,2,400,0.7,0.5,eq,0.5,35,5,10
5.327510845438027,-13.706802534399266,0.664380693404857,-43.66117394451566,0.8172208333333333,-25.927325806151813,2.966853185231278,-15.601987206233293,0.2,1,-20,2,400,0.7,0.5,eq,1,35,5,10
5.327510845438027,-14.426243307034792,0.664380693404857,-44.380614717151175,0.8172208333333333,-26.660107715343678,2.966853185231278,-15.6423562171073,0.2,1,-20,2,400,0.7,0.5,eq,0.5,6.5,5,10
7.482433334471366,-13.567577996008495,0.664380693404857,-47.187127911719884,0.8172208333333333,-29.518664215174226,2.966853185231278,-15.799834311173488,0.2,1,-20,2,400,0.7,0.5,eq,0.5,6.5,10,10
7.482433334471366,-15.959736888676467,0.664380693404857,-49.57928680438786,0.8172208333333333,-31.95518272663439,2.966853185231278,-15.934062300497654,0.2,1,-20,2,400,0.7,0.5,eq,0.5,35,10,10
7.482433334471366,-10.590417768632232,0.664380693404857,-40.78178533493897,0.8172208333333333,-25.604746026403667,2.966853185231278,-15.584216261736561,0.2,1,-20,2,400,0.7,0.5,eff,1,6.5,10,10
7.482433334471366,-10.590417768632232,0.664380693404857,-44.209967684343624,0.8172208333333333,-26.486296244962357,2.966853185231278,-15.632780930040614,0.2,1,-20,2,400,0.7,0.5,eq,1,6.5,10,10
7.482433334471366,-15.959736888676467,0.664380693404857,-46.1511044549832,0.8172208333333333,-31.05902141061034,2.966853185231278,-15.884692705727787,0.2,1,-20,2,400,0.7,0.5,eff,0.5,35,10,10
5.327510845438027,-14.426243307034792,0.664380693404857,-41.02295909198857,0.8172208333333333,-25.849735764754797,2.966853185231278,-15.597712764976567,0.2,1,-20,2,400,0.7,0.5,eff,0.5,6.5,5,10
7.482433334471366,-10.590417768632122,0.664380693404857,-40.78178533493885,0.8172208333333333,-25.604746026403667,2.966853185231278,-15.584216261736561,0.2,1,-20,2,400,0.7,0.5,eff,1,35,10,10
5.327510845438027,-13.706802534399266,0.664380693404857,-40.303518319353046,0.8172208333333333,-25.1189116120367,2.966853185231278,-15.557451607054906,0.2,1,-20,2,400,0.7,0.5,eff,1,35,5,10
5.327510845438027,-12.316618528951274,0.664380693404857,-38.913334313905054,0.8172208333333333,-23.70673136516625,2.966853185231278,-15.47965449030453,0.2,1,-20,2,400,0.7,0.5,eff,1,6.5,5,10
5.327510845438027,-14.426243307034792,0.6968241909147566,-43.05239717291216,0.8172208333333333,-25.47180550937154,2.966853185231278,-15.576892558585186,0.2,1,-20,2,400,0.7,1,eq,0.5,6.5,5,10
7.482433334471366,-10.590417768632232,0.6968241909147566,-39.54472443102673,0.8172208333333333,-24.467767001211048,2.966853185231278,-15.521580001130575,0.2,1,-20,2,400,0.7,1,eff,1,6.5,10,10
7.482433334471366,-13.567577996008495,0.664380693404857,-43.75894556231523,0.8172208333333333,-28.629012489234643,2.966853185231278,-15.75082333021449,0.2,1,-20,2,400,0.7,0.5,eff,0.5,6.5,10,10
7.482433334471366,-10.590417768632122,0.6968241909147566,-42.82863815415721,0.8172208333333333,-25.243935635696243,2.966853185231278,-15.564339189986898,0.2,1,-20,2,400,0.7,1,eq,1,35,10,10
5.327510845438027,-12.316618528951274,0.6968241909147566,-37.73583112266833,0.8172208333333333,-22.630477785682526,2.966853185231278,-15.420363599101483,0.2,1,-20,2,400,0.7,1,eff,1,6.5,5,10
5.327510845438027,-12.316618528951274,0.6968241909147566,-40.94277239482864,0.8172208333333333,-23.323423136389525,2.966853185231278,-15.45853801095165,0.2,1,-20,2,400,0.7,1,eq,1,6.5,5,10
7.482433334471366,-15.959736888676467,0.6968241909147566,-48.197957274201556,0.8172208333333333,-30.7118987884241,2.966853185231278,-15.865569694182625,0.2,1,-20,2,400,0.7,1,eq,0.5,35,10,10
5.327510845438027,-13.706802534399266,0.6968241909147566,-42.33295640027663,0.8172208333333333,-24.73914731807345,2.966853185231278,-15.53653036333924,0.2,1,-20,2,400,0.7,1,eq,1,35,5,10
5.327510845438027,-17.503507624770375,0.664380693404857,-44.100223409724144,0.8172208333333333,-28.975690218883347,2.966853185231278,-15.769921832596069,0.2,1,-20,2,400,0.7,0.5,eff,0.5,35,5,10
7.482433334471366,-10.590417768632232,0.6968241909147566,-42.82863815415732,0.8172208333333333,-25.243935635696243,2.966853185231278,-15.564339189986898,0.2,1,-20,2,400,0.7,1,eq,1,6.5,10,10
5.327510845438027,-17.503507624770375,0.6968241909147566,-46.12966149064773,0.8172208333333333,-28.605604697711396,2.966853185231278,-15.749533793206538,0.2,1,-20,2,400,0.7,1,eq,0.5,35,5,10
7.482433334471366,-13.567577996008495,0.6968241909147566,-45.805798381533585,0.8172208333333333,-28.275791641854486,2.966853185231278,-15.731364366981415,0.2,1,-20,2,400,0.7,1,eq,0.5,6.5,10,10
5.327510845438027,-14.426243307034792,0.6968241909147566,-39.845455900751844,0.8172208333333333,-24.77321933697952,2.966853185231278,-15.538407393441256,0.2,1,-20,2,400,0.7,1,eff,0.5,6.5,5,10
5.327510845438027,-17.503507624770375,0.6968241909147566,-42.922720218487434,0.8172208333333333,-27.898790379967945,2.966853185231278,-15.710595338912059,0.2,1,-20,2,400,0.7,1,eff,0.5,35,5,10
5.327510845438027,-13.706802534399266,0.6968241909147566,-39.126015128116315,0.8172208333333333,-24.04248482277479,2.966853185231278,-15.498151173712117,0.2,1,-20,2,400,0.7,1,eff,1,35,5,10
7.482433334471366,-10.590417768632122,0.664380693404857,-44.20996768434352,0.8172208333333333,-26.486296244962357,2.966853185231278,-15.632780930040614,0.2,1,-20,2,400,0.8,0.5,eq,1,35,10,10
7.482433334471366,-10.590417768632232,0.664380693404857,-44.209967684343624,0.8172208333333333,-26.486296244962357,2.966853185231278,-15.632780930040614,0.2,1,-20,2,400,0.8,0.5,eq,1,6.5,10,10
5.327510845438027,-12.316618528951274,0.664380693404857,-42.27098993906767,0.8172208333333333,-24.511362563080983,2.966853185231278,-15.523981683935762,0.2,1,-20,2,400,0.8,0.5,eq,1,6.5,5,10
7.482433334471366,-10.590417768632122,0.6968241909147566,-39.54472443102662,0.8172208333333333,-24.467767001211048,2.966853185231278,-15.521580001130575,0.2,1,-20,2,400,0.7,1,eff,1,35,10,10
5.327510845438027,-13.706802534399266,0.664380693404857,-43.66117394451566,0.8172208333333333,-25.927325806151813,2.966853185231278,-15.601987206233293,0.2,1,-20,2,400,0.8,0.5,eq,1,35,5,10
7.482433334471366,-13.567577996008495,0.6968241909147566,-42.521884658402996,0.8172208333333333,-27.49166252534705,2.966853185231278,-15.688166634567624,0.2,1,-20,2,400,0.7,1,eff,0.5,6.5,10,10
7.482433334471366,-13.567577996008495,0.664380693404857,-47.187127911719884,0.8172208333333333,-29.518664215174226,2.966853185231278,-15.799834311173488,0.2,1,-20,2,400,0.8,0.5,eq,0.5,6.5,10,10
7.482433334471366,-15.959736888676467,0.664380693404857,-49.57928680438786,0.8172208333333333,-31.95518272663439,2.966853185231278,-15.934062300497654,0.2,1,-20,2,400,0.8,0.5,eq,0.5,35,10,10
7.482433334471366,-15.959736888676467,0.6968241909147566,-44.914043551070975,0.8172208333333333,-29.921373396201396,2.966853185231278,-15.822019590455149,0.2,1,-20,2,400,0.7,1,eff,0.5,35,10,10
7.482433334471366,-10.590417768632232,0.664380693404857,-40.78178533493897,0.8172208333333333,-25.604746026403667,2.966853185231278,-15.584216261736561,0.2,1,-20,2,400,0.8,0.5,eff,1,6.5,10,10
5.327510845438027,-12.316618528951274,0.664380693404857,-38.913334313905054,0.8172208333333333,-23.70673136516625,2.966853185231278,-15.47965449030453,0.2,1,-20,2,400,0.8,0.5,eff,1,6.5,5,10
5.327510845438027,-14.426243307034792,0.664380693404857,-44.380614717151175,0.8172208333333333,-26.660107715343678,2.966853185231278,-15.6423562171073,0.2,1,-20,2,400,0.8,0.5,eq,0.5,6.5,5,10
7.482433334471366,-13.567577996008495,0.664380693404857,-43.75894556231523,0.8172208333333333,-28.629012489234643,2.966853185231278,-15.75082333021449,0.2,1,-20,2,400,0.8,0.5,eff,0.5,6.5,10,10
5.327510845438027,-17.503507624770375,0.664380693404857,-44.100223409724144,0.8172208333333333,-28.975690218883347,2.966853185231278,-15.769921832596069,0.2,1,-20,2,400,0.8,0.5,eff,0.5,35,5,10
5.327510845438027,-17.503507624770375,0.664380693404857,-47.45787903488676,0.8172208333333333,-29.794436081998782,2.966853185231278,-15.815026604202309,0.2,1,-20,2,400,0.8,0.5,eq,0.5,35,5,10
5.327510845438027,-13.706802534399266,0.664380693404857,-40.303518319353046,0.8172208333333333,-25.1189116120367,2.966853185231278,-15.557451607054906,0.2,1,-20,2,400,0.8,0.5,eff,1,35,5,10
7.482433334471366,-10.590417768632122,0.664380693404857,-40.78178533493885,0.8172208333333333,-25.604746026403667,2.966853185231278,-15.584216261736561,0.2,1,-20,2,400,0.8,0.5,eff,1,35,10,10
5.327510845438027,-14.426243307034792,0.664380693404857,-41.02295909198857,0.8172208333333333,-25.849735764754797,2.966853185231278,-15.597712764976567,0.2,1,-20,2,400,0.8,0.5,eff,0.5,6.5,5,10
7.482433334471366,-10.590417768632232,0.6968241909147566,-42.82863815415732,0.8172208333333333,-25.243935635696243,2.966853185231278,-15.564339189986898,0.2,1,-20,2,400,0.8,1,eq,1,6.5,10,10
7.482433334471366,-15.959736888676467,0.664380693404857,-46.1511044549832,0.8172208333333333,-31.05902141061034,2.966853185231278,-15.884692705727787,0.2,1,-20,2,400,0.8,0.5,eff,0.5,35,10,10
5.327510845438027,-12.316618528951274,0.6968241909147566,-37.73583112266833,0.8172208333333333,-22.630477785682526,2.966853185231278,-15.420363599101483,0.2,1,-20,2,400,0.8,1,eff,1,6.5,5,10
5.327510845438027,-12.316618528951274,0.6968241909147566,-40.94277239482864,0.8172208333333333,-23.323423136389525,2.966853185231278,-15.45853801095165,0.2,1,-20,2,400,0.8,1,eq,1,6.5,5,10
7.482433334471366,-10.590417768632122,0.6968241909147566,-42.82863815415721,0.8172208333333333,-25.243935635696243,2.966853185231278,-15.564339189986898,0.2,1,-20,2,400,0.8,1,eq,1,35,10,10
5.327510845438027,-17.503507624770375,0.6968241909147566,-46.12966149064773,0.8172208333333333,-28.605604697711396,2.966853185231278,-15.749533793206538,0.2,1,-20,2,400,0.8,1,eq,0.5,35,5,10
7.482433334471366,-10.590417768632232,0.6968241909147566,-39.54472443102673,0.8172208333333333,-24.467767001211048,2.966853185231278,-15.521580001130575,0.2,1,-20,2,400,0.8,1,eff,1,6.5,10,10
5.327510845438027,-13.706802534399266,0.6968241909147566,-39.126015128116315,0.8172208333333333,-24.04248482277479,2.966853185231278,-15.498151173712117,0.2,1,-20,2,400,0.8,1,eff,1,35,5,10
7.482433334471366,-13.567577996008495,0.6968241909147566,-45.805798381533585,0.8172208333333333,-28.275791641854486,2.966853185231278,-15.731364366981415,0.2,1,-20,2,400,0.8,1,eq,0.5,6.5,10,10
5.327510845438027,-13.706802534399266,0.6968241909147566,-42.33295640027663,0.8172208333333333,-24.73914731807345,2.966853185231278,-15.53653036333924,0.2,1,-20,2,400,0.8,1,eq,1,35,5,10
7.482433334471366,-15.959736888676467,0.6968241909147566,-44.914043551070975,0.8172208333333333,-29.921373396201396,2.966853185231278,-15.822019590455149,0.2,1,-20,2,400,0.8,1,eff,0.5,35,10,10
5.327510845438027,-14.426243307034792,0.6968241909147566,-39.845455900751844,0.8172208333333333,-24.77321933697952,2.966853185231278,-15.538407393441256,0.2,1,-20,2,400,0.8,1,eff,0.5,6.5,5,10
5.327510845438027,-14.426243307034792,0.6968241909147566,-43.05239717291216,0.8172208333333333,-25.47180550937154,2.966853185231278,-15.576892558585186,0.2,1,-20,2,400,0.8,1,eq,0.5,6.5,5,10
5.327510845438027,-17.503507624770375,0.6968241909147566,-42.922720218487434,0.8172208333333333,-27.898790379967945,2.966853185231278,-15.710595338912059,0.2,1,-20,2,400,0.8,1,eff,0.5,35,5,10
7.482433334471366,-13.567577996008495,0.6968241909147566,-42.521884658402996,0.8172208333333333,-27.49166252534705,2.966853185231278,-15.688166634567624,0.2,1,-20,2,400,0.8,1,eff,0.5,6.5,10,10
7.482433334471366,-15.959736888676467,0.6968241909147566,-48.197957274201556,0.8172208333333333,-30.7118987884241,2.966853185231278,-15.865569694182625,0.2,1,-20,2,400,0.8,1,eq,0.5,35,10,10
7.482433334471366,-13.567577996008495,0.664380693404857,-47.187127911719884,1.22583125,-29.518798663685367,3.048575268564611,-16.167600964156925,0.2,1,-20,2,500,0.7,0.5,eq,0.5,6.5,10,10
7.482433334471366,-10.590417768632122,0.6968241909147566,-39.54472443102662,0.8172208333333333,-24.467767001211048,2.966853185231278,-15.521580001130575,0.2,1,-20,2,400,0.8,1,eff,1,35,10,10
7.482433334471366,-10.590417768632232,0.664380693404857,-44.209967684343624,1.22583125,-26.486430693643587,3.048575268564611,-15.923738104183794,0.2,1,-20,2,500,0.7,0.5,eq,1,6.5,10,10
5.327510845438027,-17.503507624770375,0.664380693404857,-47.45787903488676,1.22583125,-29.794570530601195,3.048575268564611,-16.189778522035848,0.2,1,-20,2,500,0.7,0.5,eq,0.5,35,5,10
5.327510845438027,-13.706802534399266,0.664380693404857,-43.66117394451566,1.22583125,-25.92746025472692,3.048575268564611,-15.878785733224433,0.2,1,-20,2,500,0.7,0.5,eq,1,35,5,10
5.327510845438027,-14.426243307034792,0.664380693404857,-44.380614717151175,1.22583125,-26.66024216388038,3.048575268564611,-15.93771601275118,0.2,1,-20,2,500,0.7,0.5,eq,0.5,6.5,5,10
5.327510845438027,-12.316618528951274,0.664380693404857,-42.27098993906767,1.22583125,-24.511497011644515,3.048575268564611,-15.764914049614,0.2,1,-20,2,500,0.7,0.5,eq,1,6.5,5,10
5.327510845438027,-12.316618528951274,0.664380693404857,-38.913334313905054,1.22583125,-23.706845777500117,3.048575268564611,-15.70020404305228,0.2,1,-20,2,500,0.7,0.5,eff,1,6.5,5,10
7.482433334471366,-15.959736888676467,0.664380693404857,-49.57928680438786,1.22583125,-31.955317175248993,3.048575268564611,-16.36354564451137,0.2,1,-20,2,500,0.7,0.5,eq,0.5,35,10,10
7.482433334471366,-10.590417768632122,0.664380693404857,-44.20996768434352,1.22583125,-26.486430693643587,3.048575268564611,-15.923738104183794,0.2,1,-20,2,500,0.7,0.5,eq,1,35,10,10
7.482433334471366,-10.590417768632122,0.664380693404857,-40.78178533493885,1.22583125,-25.604860438750883,3.048575268564611,-15.852842274340805,0.2,1,-20,2,500,0.7,0.5,eff,1,35,10,10
5.327510845438027,-14.426243307034792,0.664380693404857,-41.02295909198857,1.22583125,-25.84985017710023,3.048575268564611,-15.872544335188365,0.2,1,-20,2,500,0.7,0.5,eff,0.5,6.5,5,10
7.482433334471366,-10.590417768632232,0.664380693404857,-40.78178533493897,1.22583125,-25.604860438750883,3.048575268564611,-15.852842274340805,0.2,1,-20,2,500,0.7,0.5,eff,1,6.5,10,10
5.327510845438027,-17.503507624770375,0.664380693404857,-44.100223409724144,1.22583125,-28.975804631185504,3.048575268564611,-16.123933414894374,0.2,1,-20,2,500,0.7,0.5,eff,0.5,35,5,10
5.327510845438027,-12.316618528951274,0.6968241909147566,-40.94277239482864,1.22583125,-23.323550114991416,3.048575268564611,-15.669379427636798,0.2,1,-20,2,500,0.7,1,eq,1,6.5,5,10
7.482433334471366,-10.590417768632232,0.6968241909147566,-42.82863815415732,1.22583125,-25.244062614295096,3.048575268564611,-15.823826933784257,0.2,1,-20,2,500,0.7,1,eq,1,6.5,10,10
5.327510845438027,-13.706802534399266,0.6968241909147566,-42.33295640027663,1.22583125,-24.739274296568986,3.048575268564611,-15.783231885934557,0.2,1,-20,2,500,0.7,1,eq,1,35,5,10
7.482433334471366,-10.590417768632122,0.6968241909147566,-42.82863815415721,1.22583125,-25.244062614295096,3.048575268564611,-15.823826933784257,0.2,1,-20,2,500,0.7,1,eq,1,35,10,10
7.482433334471366,-13.567577996008495,0.664380693404857,-43.75894556231523,1.22583125,-28.629126901528515,3.048575268564611,-16.096053611559636,0.2,1,-20,2,500,0.7,0.5,eff,0.5,6.5,10,10
7.482433334471366,-15.959736888676467,0.664380693404857,-46.1511044549832,1.22583125,-31.05913582290836,3.048575268564611,-16.291474791041203,0.2,1,-20,2,500,0.7,0.5,eff,0.5,35,10,10
5.327510845438027,-13.706802534399266,0.664380693404857,-40.303518319353046,1.22583125,-25.119026024387534,3.048575268564611,-15.813771498323415,0.2,1,-20,2,500,0.7,0.5,eff,1,35,5,10
7.482433334471366,-13.567577996008495,0.6968241909147566,-45.805798381533585,1.22583125,-28.275918620390872,3.048575268564611,-16.06764862164578,0.2,1,-20,2,500,0.7,1,eq,0.5,6.5,10,10
7.482433334471366,-15.959736888676467,0.6968241909147566,-48.197957274201556,1.22583125,-30.712025766950642,3.048575268564611,-16.263560220050046,0.2,1,-20,2,500,0.7,1,eq,0.5,35,10,10
5.327510845438027,-12.316618528951274,0.6968241909147566,-37.73583112266833,1.22583125,-22.63058599874127,3.048575268564611,-15.613651292754493,0.2,1,-20,2,500,0.7,1,eff,1,6.5,5,10
7.482433334471366,-10.590417768632122,0.6968241909147566,-39.54472443102662,1.22583125,-24.46787521437881,3.048575268564611,-15.76140598715481,0.2,1,-20,2,500,0.7,1,eff,1,35,10,10
5.327510845438027,-13.706802534399266,0.6968241909147566,-39.126015128116315,1.22583125,-24.04259303586071,3.048575268564611,-15.72720481850598,0.2,1,-20,2,500,0.7,1,eff,1,35,5,10
5.327510845438027,-14.426243307034792,0.6968241909147566,-43.05239717291216,1.22583125,-25.471932487977327,3.048575268564611,-15.842152216087314,0.2,1,-20,2,500,0.7,1,eq,0.5,6.5,5,10
5.327510845438027,-14.426243307034792,0.6968241909147566,-39.845455900751844,1.22583125,-24.77332755006419,3.048575268564611,-15.785970446647092,0.2,1,-20,2,500,0.7,1,eff,0.5,6.5,5,10
7.482433334471366,-10.590417768632232,0.6968241909147566,-39.54472443102673,1.22583125,-24.46787521437881,3.048575268564611,-15.76140598715481,0.2,1,-20,2,500,0.7,1,eff,1,6.5,10,10
7.482433334471366,-10.590417768632122,0.664380693404857,-44.20996768434352,1.22583125,-26.486430693643587,3.048575268564611,-15.923738104183794,0.2,1,-20,2,500,0.8,0.5,eq,1,35,10,10
7.482433334471366,-13.567577996008495,0.6968241909147566,-42.521884658402996,1.22583125,-27.491770738427675,3.048575268564611,-16.0045874935022,0.2,1,-20,2,500,0.7,1,eff,0.5,6.5,10,10
7.482433334471366,-15.959736888676467,0.6968241909147566,-44.914043551070975,1.22583125,-29.921481609279024,3.048575268564611,-16.19998470377726,0.2,1,-20,2,500,0.7,1,eff,0.5,35,10,10
5.327510845438027,-17.503507624770375,0.6968241909147566,-42.922720218487434,1.22583125,-27.898898593048024,3.048575268564611,-16.037328692454,0.2,1,-20,2,500,0.7,1,eff,0.5,35,5,10
5.327510845438027,-12.316618528951274,0.664380693404857,-42.27098993906767,1.22583125,-24.511497011644515,3.048575268564611,-15.764914049614,0.2,1,-20,2,500,0.8,0.5,eq,1,6.5,5,10
7.482433334471366,-13.567577996008495,0.664380693404857,-47.187127911719884,1.22583125,-29.518798663685367,3.048575268564611,-16.167600964156925,0.2,1,-20,2,500,0.8,0.5,eq,0.5,6.5,10,10
7.482433334471366,-10.590417768632232,0.664380693404857,-44.209967684343624,1.22583125,-26.486430693643587,3.048575268564611,-15.923738104183794,0.2,1,-20,2,500,0.8,0.5,eq,1,6.5,10,10
5.327510845438027,-17.503507624770375,0.6968241909147566,-46.12966149064773,1.22583125,-28.60573167632172,3.048575268564611,-16.094172168876987,0.2,1,-20,2,500,0.7,1,eq,0.5,35,5,10
5.327510845438027,-14.426243307034792,0.664380693404857,-44.380614717151175,1.22583125,-26.66024216388038,3.048575268564611,-15.93771601275118,0.2,1,-20,2,500,0.8,0.5,eq,0.5,6.5,5,10
5.327510845438027,-13.706802534399266,0.664380693404857,-43.66117394451566,1.22583125,-25.92746025472692,3.048575268564611,-15.878785733224433,0.2,1,-20,2,500,0.8,0.5,eq,1,35,5,10
5.327510845438027,-17.503507624770375,0.664380693404857,-47.45787903488676,1.22583125,-29.794570530601195,3.048575268564611,-16.189778522035848,0.2,1,-20,2,500,0.8,0.5,eq,0.5,35,5,10
5.327510845438027,-13.706802534399266,0.664380693404857,-40.303518319353046,1.22583125,-25.119026024387534,3.048575268564611,-15.813771498323415,0.2,1,-20,2,500,0.8,0.5,eff,1,35,5,10
7.482433334471366,-13.567577996008495,0.664380693404857,-43.75894556231523,1.22583125,-28.629126901528515,3.048575268564611,-16.096053611559636,0.2,1,-20,2,500,0.8,0.5,eff,0.5,6.5,10,10
5.327510845438027,-17.503507624770375,0.664380693404857,-44.100223409724144,1.22583125,-28.975804631185504,3.048575268564611,-16.123933414894374,0.2,1,-20,2,500,0.8,0.5,eff,0.5,35,5,10
5.327510845438027,-14.426243307034792,0.664380693404857,-41.02295909198857,1.22583125,-25.84985017710023,3.048575268564611,-15.872544335188365,0.2,1,-20,2,500,0.8,0.5,eff,0.5,6.5,5,10
5.327510845438027,-12.316618528951274,0.6968241909147566,-40.94277239482864,1.22583125,-23.323550114991416,3.048575268564611,-15.669379427636798,0.2,1,-20,2,500,0.8,1,eq,1,6.5,5,10
7.482433334471366,-15.959736888676467,0.664380693404857,-46.1511044549832,1.22583125,-31.05913582290836,3.048575268564611,-16.291474791041203,0.2,1,-20,2,500,0.8,0.5,eff,0.5,35,10,10
7.482433334471366,-15.959736888676467,0.664380693404857,-49.57928680438786,1.22583125,-31.955317175248993,3.048575268564611,-16.36354564451137,0.2,1,-20,2,500,0.8,0.5,eq,0.5,35,10,10
7.482433334471366,-10.590417768632122,0.664380693404857,-40.78178533493885,1.22583125,-25.604860438750883,3.048575268564611,-15.852842274340805,0.2,1,-20,2,500,0.8,0.5,eff,1,35,10,10
7.482433334471366,-10.590417768632232,0.664380693404857,-40.78178533493897,1.22583125,-25.604860438750883,3.048575268564611,-15.852842274340805,0.2,1,-20,2,500,0.8,0.5,eff,1,6.5,10,10
5.327510845438027,-12.316618528951274,0.664380693404857,-38.913334313905054,1.22583125,-23.706845777500117,3.048575268564611,-15.70020404305228,0.2,1,-20,2,500,0.8,0.5,eff,1,6.5,5,10
7.482433334471366,-10.590417768632232,0.6968241909147566,-42.82863815415732,1.22583125,-25.244062614295096,3.048575268564611,-15.823826933784257,0.2,1,-20,2,500,0.8,1,eq,1,6.5,10,10
7.482433334471366,-15.959736888676467,0.6968241909147566,-48.197957274201556,1.22583125,-30.712025766950642,3.048575268564611,-16.263560220050046,0.2,1,-20,2,500,0.8,1,eq,0.5,35,10,10
7.482433334471366,-10.590417768632122,0.6968241909147566,-42.82863815415721,1.22583125,-25.244062614295096,3.048575268564611,-15.823826933784257,0.2,1,-20,2,500,0.8,1,eq,1,35,10,10
5.327510845438027,-13.706802534399266,0.6968241909147566,-42.33295640027663,1.22583125,-24.739274296568986,3.048575268564611,-15.783231885934557,0.2,1,-20,2,500,0.8,1,eq,1,35,5,10
7.482433334471366,-13.567577996008495,0.6968241909147566,-45.805798381533585,1.22583125,-28.275918620390872,3.048575268564611,-16.06764862164578,0.2,1,-20,2,500,0.8,1,eq,0.5,6.5,10,10
5.327510845438027,-14.426243307034792,0.6968241909147566,-43.05239717291216,1.22583125,-25.471932487977327,3.048575268564611,-15.842152216087314,0.2,1,-20,2,500,0.8,1,eq,0.5,6.5,5,10
5.327510845438027,-14.426243307034792,0.6968241909147566,-39.845455900751844,1.22583125,-24.77332755006419,3.048575268564611,-15.785970446647092,0.2,1,-20,2,500,0.8,1,eff,0.5,6.5,5,10
7.482433334471366,-10.590417768632232,0.664380693404857,-44.209967684343624,4.086104166666667,-26.487371833519976,3.6206298518979443,-17.592841568070728,0.2,1,-20,10,400,0.7,0.5,eq,1,6.5,10,10
7.482433334471366,-15.959736888676467,0.6968241909147566,-44.914043551070975,1.22583125,-29.921481609279024,3.048575268564611,-16.19998470377726,0.2,1,-20,2,500,0.8,1,eff,0.5,35,10,10
5.327510845438027,-13.706802534399266,0.6968241909147566,-39.126015128116315,1.22583125,-24.04259303586071,3.048575268564611,-15.72720481850598,0.2,1,-20,2,500,0.8,1,eff,1,35,5,10
7.482433334471366,-10.590417768632122,0.6968241909147566,-39.54472443102662,1.22583125,-24.46787521437881,3.048575268564611,-15.76140598715481,0.2,1,-20,2,500,0.8,1,eff,1,35,10,10
7.482433334471366,-10.590417768632232,0.6968241909147566,-39.54472443102673,1.22583125,-24.46787521437881,3.048575268564611,-15.76140598715481,0.2,1,-20,2,500,0.8,1,eff,1,6.5,10,10
5.327510845438027,-12.316618528951274,0.6968241909147566,-37.73583112266833,1.22583125,-22.63058599874127,3.048575268564611,-15.613651292754493,0.2,1,-20,2,500,0.8,1,eff,1,6.5,5,10
5.327510845438027,-17.503507624770375,0.6968241909147566,-46.12966149064773,1.22583125,-28.60573167632172,3.048575268564611,-16.094172168876987,0.2,1,-20,2,500,0.8,1,eq,0.5,35,5,10
7.482433334471366,-13.567577996008495,0.6968241909147566,-42.521884658402996,1.22583125,-27.491770738427675,3.048575268564611,-16.0045874935022,0.2,1,-20,2,500,0.8,1,eff,0.5,6.5,10,10
5.327510845438027,-17.503507624770375,0.6968241909147566,-42.922720218487434,1.22583125,-27.898898593048024,3.048575268564611,-16.037328692454,0.2,1,-20,2,500,0.8,1,eff,0.5,35,5,10
5.327510845438027,-12.316618528951274,0.664380693404857,-42.27098993906767,4.086104166666667,-24.512438151552878,3.6206298518979443,-17.14707466690324,0.2,1,-20,10,400,0.7,0.5,eq,1,6.5,5,10
5.327510845438027,-14.426243307034792,0.664380693404857,-44.380614717151175,4.086104166666667,-26.66118330382475,3.6206298518979443,-17.632072961617062,0.2,1,-20,10,400,0.7,0.5,eq,0.5,6.5,5,10
5.327510845438027,-13.706802534399266,0.664380693404857,-43.66117394451566,4.086104166666667,-25.928401394633546,3.6206298518979443,-17.46667504275301,0.2,1,-20,10,400,0.7,0.5,eq,1,35,5,10
7.482433334471366,-13.567577996008495,0.664380693404857,-43.75894556231523,4.086104166666667,-28.6299277876885,3.6206298518979443,-18.0764428844028,0.2,1,-20,10,400,0.7,0.5,eff,0.5,6.5,10,10
7.482433334471366,-13.567577996008495,0.664380693404857,-47.187127911719884,4.086104166666667,-29.519739803628735,3.6206298518979443,-18.27728443598964,0.2,1,-20,10,400,0.7,0.5,eq,0.5,6.5,10,10
5.327510845438027,-17.503507624770375,0.664380693404857,-47.45787903488676,4.086104166666667,-29.795511670453273,3.6206298518979443,-18.33952954914253,0.2,1,-20,10,400,0.7,0.5,eq,0.5,35,5,10
7.482433334471366,-10.590417768632122,0.664380693404857,-44.20996768434352,4.086104166666667,-26.487371833519877,3.6206298518979443,-17.592841568070728,0.2,1,-20,10,400,0.7,0.5,eq,1,35,10,10
5.327510845438027,-12.316618528951274,0.664380693404857,-38.913334313905054,4.086104166666667,-23.70764666358108,3.6206298518979443,-16.96542329756612,0.2,1,-20,10,400,0.7,0.5,eff,1,6.5,5,10
7.482433334471366,-15.959736888676467,0.664380693404857,-49.57928680438786,4.086104166666667,-31.956258315109174,3.6206298518979443,-18.82723672877651,0.2,1,-20,10,400,0.7,0.5,eq,0.5,35,10,10
7.482433334471366,-10.590417768632232,0.664380693404857,-40.78178533493897,4.086104166666667,-25.60566132480159,3.6206298518979443,-17.393828626630192,0.2,1,-20,10,400,0.7,0.5,eff,1,6.5,10,10
7.482433334471366,-10.590417768632122,0.664380693404857,-40.78178533493885,4.086104166666667,-25.60566132480159,3.6206298518979443,-17.393828626630192,0.2,1,-20,10,400,0.7,0.5,eff,1,35,10,10
7.482433334471366,-15.959736888676467,0.664380693404857,-46.1511044549832,4.086104166666667,-31.0599367089713,3.6206298518979443,-18.624925882358866,0.2,1,-20,10,400,0.7,0.5,eff,0.5,35,10,10
5.327510845438027,-13.706802534399266,0.664380693404857,-40.303518319353046,4.086104166666667,-25.119826910464344,3.6206298518979443,-17.284169804494987,0.2,1,-20,10,400,0.7,0.5,eff,1,35,5,10
5.327510845438027,-14.426243307034792,0.664380693404857,-41.02295909198857,4.086104166666667,-25.850651063150654,3.6206298518979443,-17.449125833558732,0.2,1,-20,10,400,0.7,0.5,eff,0.5,6.5,5,10
7.482433334471366,-10.590417768632232,0.6968241909147566,-42.82863815415732,4.086104166666667,-25.24495146422665,3.6206298518979443,-17.312411960219045,0.2,1,-20,10,400,0.7,1,eq,1,6.5,10,10
5.327510845438027,-12.316618528951274,0.6968241909147566,-40.94277239482864,4.086104166666667,-23.324438964937706,3.6206298518979443,-16.87892859149709,0.2,1,-20,10,400,0.7,1,eq,1,6.5,5,10
5.327510845438027,-17.503507624770375,0.664380693404857,-44.100223409724144,4.086104166666667,-28.97660551725671,3.6206298518979443,-18.154692325700218,0.2,1,-20,10,400,0.7,0.5,eff,0.5,35,5,10
7.482433334471366,-10.590417768632232,0.6968241909147566,-39.54472443102673,4.086104166666667,-24.468632706016788,3.6206298518979443,-17.137187237320497,0.2,1,-20,10,400,0.7,1,eff,1,6.5,10,10
5.327510845438027,-17.503507624770375,0.6968241909147566,-46.12966149064773,4.086104166666667,-28.606620526270916,3.6206298518979443,-18.071182147907372,0.2,1,-20,10,400,0.7,1,eq,0.5,35,5,10
7.482433334471366,-13.567577996008495,0.6968241909147566,-45.805798381533585,4.086104166666667,-28.276807470356392,3.6206298518979443,-17.996739271550545,0.2,1,-20,10,400,0.7,1,eq,0.5,6.5,10,10
7.482433334471366,-10.590417768632122,0.6968241909147566,-42.82863815415721,4.086104166666667,-25.244951464226645,3.6206298518979443,-17.312411960219045,0.2,1,-20,10,400,0.7,1,eq,1,35,10,10
5.327510845438027,-13.706802534399266,0.6968241909147566,-42.33295640027663,4.086104166666667,-24.7401631466012,3.6206298518979443,-17.198475008235125,0.2,1,-20,10,400,0.7,1,eq,1,35,5,10
7.482433334471366,-15.959736888676467,0.6968241909147566,-48.197957274201556,4.086104166666667,-30.712914616909337,3.6206298518979443,-18.546598714197504,0.2,1,-20,10,400,0.7,1,eq,0.5,35,10,10
5.327510845438027,-14.426243307034792,0.6968241909147566,-43.05239717291216,4.086104166666667,-25.472821337936594,3.6206298518979443,-17.36384500245258,0.2,1,-20,10,400,0.7,1,eq,0.5,6.5,5,10
5.327510845438027,-12.316618528951274,0.6968241909147566,-37.73583112266833,4.086104166666667,-22.63134349048816,3.6206298518979443,-16.722488390654043,0.2,1,-20,10,400,0.7,1,eff,1,6.5,5,10
7.482433334471366,-10.590417768632232,0.664380693404857,-44.209967684343624,4.086104166666667,-26.487371833519976,3.6206298518979443,-17.592841568070728,0.2,1,-20,10,400,0.8,0.5,eq,1,6.5,10,10
5.327510845438027,-14.426243307034792,0.6968241909147566,-39.845455900751844,4.086104166666667,-24.774085041785174,3.6206298518979443,-17.206131598548,0.2,1,-20,10,400,0.7,1,eff,0.5,6.5,5,10
7.482433334471366,-13.567577996008495,0.664380693404857,-47.187127911719884,4.086104166666667,-29.519739803628735,3.6206298518979443,-18.27728443598964,0.2,1,-20,10,400,0.8,0.5,eq,0.5,6.5,10,10
7.482433334471366,-10.590417768632122,0.664380693404857,-44.20996768434352,4.086104166666667,-26.487371833519877,3.6206298518979443,-17.592841568070728,0.2,1,-20,10,400,0.8,0.5,eq,1,35,10,10
7.482433334471366,-10.590417768632122,0.6968241909147566,-39.54472443102662,4.086104166666667,-24.468632706016788,3.6206298518979443,-17.137187237320497,0.2,1,-20,10,400,0.7,1,eff,1,35,10,10
7.482433334471366,-13.567577996008495,0.6968241909147566,-42.521884658402996,4.086104166666667,-27.4925282301527,3.6206298518979443,-17.819717769639976,0.2,1,-20,10,400,0.7,1,eff,0.5,6.5,10,10
5.327510845438027,-13.706802534399266,0.6968241909147566,-39.126015128116315,4.086104166666667,-24.043350527580458,3.6206298518979443,-17.041195801995812,0.2,1,-20,10,400,0.7,1,eff,1,35,5,10
7.482433334471366,-15.959736888676467,0.6968241909147566,-44.914043551070975,4.086104166666667,-29.92223910100702,3.6206298518979443,-18.36813349393651,0.2,1,-20,10,400,0.7,1,eff,0.5,35,10,10
5.327510845438027,-12.316618528951274,0.664380693404857,-42.27098993906767,4.086104166666667,-24.512438151552878,3.6206298518979443,-17.14707466690324,0.2,1,-20,10,400,0.8,0.5,eq,1,6.5,5,10
7.482433334471366,-15.959736888676467,0.664380693404857,-49.57928680438786,4.086104166666667,-31.956258315109174,3.6206298518979443,-18.82723672877651,0.2,1,-20,10,400,0.8,0.5,eq,0.5,35,10,10
5.327510845438027,-17.503507624770375,0.664380693404857,-47.45787903488676,4.086104166666667,-29.795511670453273,3.6206298518979443,-18.33952954914253,0.2,1,-20,10,400,0.8,0.5,eq,0.5,35,5,10
5.327510845438027,-13.706802534399266,0.664380693404857,-43.66117394451566,4.086104166666667,-25.928401394633546,3.6206298518979443,-17.46667504275301,0.2,1,-20,10,400,0.8,0.5,eq,1,35,5,10
5.327510845438027,-17.503507624770375,0.6968241909147566,-42.922720218487434,4.086104166666667,-27.899656084773667,3.6206298518979443,-17.911611550069374,0.2,1,-20,10,400,0.7,1,eff,0.5,35,5,10
5.327510845438027,-14.426243307034792,0.664380693404857,-44.380614717151175,4.086104166666667,-26.66118330382475,3.6206298518979443,-17.632072961617062,0.2,1,-20,10,400,0.8,0.5,eq,0.5,6.5,5,10
7.482433334471366,-10.590417768632232,0.664380693404857,-40.78178533493897,4.086104166666667,-25.60566132480159,3.6206298518979443,-17.393828626630192,0.2,1,-20,10,400,0.8,0.5,eff,1,6.5,10,10
5.327510845438027,-12.316618528951274,0.664380693404857,-38.913334313905054,4.086104166666667,-23.70764666358108,3.6206298518979443,-16.96542329756612,0.2,1,-20,10,400,0.8,0.5,eff,1,6.5,5,10
7.482433334471366,-10.590417768632232,0.6968241909147566,-42.82863815415732,4.086104166666667,-25.24495146422665,3.6206298518979443,-17.312411960219045,0.2,1,-20,10,400,0.8,1,eq,1,6.5,10,10
5.327510845438027,-13.706802534399266,0.664380693404857,-40.303518319353046,4.086104166666667,-25.119826910464344,3.6206298518979443,-17.284169804494987,0.2,1,-20,10,400,0.8,0.5,eff,1,35,5,10
7.482433334471366,-13.567577996008495,0.664380693404857,-43.75894556231523,4.086104166666667,-28.6299277876885,3.6206298518979443,-18.0764428844028,0.2,1,-20,10,400,0.8,0.5,eff,0.5,6.5,10,10
7.482433334471366,-10.590417768632122,0.664380693404857,-40.78178533493885,4.086104166666667,-25.60566132480159,3.6206298518979443,-17.393828626630192,0.2,1,-20,10,400,0.8,0.5,eff,1,35,10,10
5.327510845438027,-14.426243307034792,0.664380693404857,-41.02295909198857,4.086104166666667,-25.850651063150654,3.6206298518979443,-17.449125833558732,0.2,1,-20,10,400,0.8,0.5,eff,0.5,6.5,5,10
5.327510845438027,-17.503507624770375,0.664380693404857,-44.100223409724144,4.086104166666667,-28.97660551725671,3.6206298518979443,-18.154692325700218,0.2,1,-20,10,400,0.8,0.5,eff,0.5,35,5,10
7.482433334471366,-10.590417768632122,0.6968241909147566,-42.82863815415721,4.086104166666667,-25.244951464226645,3.6206298518979443,-17.312411960219045,0.2,1,-20,10,400,0.8,1,eq,1,35,10,10
7.482433334471366,-15.959736888676467,0.664380693404857,-46.1511044549832,4.086104166666667,-31.0599367089713,3.6206298518979443,-18.624925882358866,0.2,1,-20,10,400,0.8,0.5,eff,0.5,35,10,10
7.482433334471366,-10.590417768632232,0.6968241909147566,-39.54472443102673,4.086104166666667,-24.468632706016788,3.6206298518979443,-17.137187237320497,0.2,1,-20,10,400,0.8,1,eff,1,6.5,10,10
7.482433334471366,-13.567577996008495,0.6968241909147566,-45.805798381533585,4.086104166666667,-28.276807470356392,3.6206298518979443,-17.996739271550545,0.2,1,-20,10,400,0.8,1,eq,0.5,6.5,10,10
5.327510845438027,-13.706802534399266,0.6968241909147566,-42.33295640027663,4.086104166666667,-24.7401631466012,3.6206298518979443,-17.198475008235125,0.2,1,-20,10,400,0.8,1,eq,1,35,5,10
5.327510845438027,-14.426243307034792,0.6968241909147566,-43.05239717291216,4.086104166666667,-25.472821337936594,3.6206298518979443,-17.36384500245258,0.2,1,-20,10,400,0.8,1,eq,0.5,6.5,5,10
5.327510845438027,-12.316618528951274,0.6968241909147566,-40.94277239482864,4.086104166666667,-23.324438964937706,3.6206298518979443,-16.87892859149709,0.2,1,-20,10,400,0.8,1,eq,1,6.5,5,10
5.327510845438027,-12.316618528951274,0.6968241909147566,-37.73583112266833,4.086104166666667,-22.63134349048816,3.6206298518979443,-16.722488390654043,0.2,1,-20,10,400,0.8,1,eff,1,6.5,5,10
7.482433334471366,-15.959736888676467,0.6968241909147566,-48.197957274201556,4.086104166666667,-30.712914616909337,3.6206298518979443,-18.546598714197504,0.2,1,-20,10,400,0.8,1,eq,0.5,35,10,10
5.327510845438027,-17.503507624770375,0.6968241909147566,-46.12966149064773,4.086104166666667,-28.606620526270916,3.6206298518979443,-18.071182147907372,0.2,1,-20,10,400,0.8,1,eq,0.5,35,5,10
7.482433334471366,-15.959736888676467,0.6968241909147566,-44.914043551070975,4.086104166666667,-29.92223910100702,3.6206298518979443,-18.36813349393651,0.2,1,-20,10,400,0.8,1,eff,0.5,35,10,10
7.482433334471366,-10.590417768632232,0.664380693404857,-44.209967684343624,6.129156249999999,-26.48804407635593,4.029240268564611,-18.495051794265915,0.2,1,-20,10,500,0.7,0.5,eq,1,6.5,10,10
7.482433334471366,-10.590417768632122,0.664380693404857,-44.20996768434352,6.129156249999999,-26.48804407635593,4.029240268564611,-18.495051794265915,0.2,1,-20,10,500,0.7,0.5,eq,1,35,10,10
7.482433334471366,-13.567577996008495,0.6968241909147566,-42.521884658402996,4.086104166666667,-27.4925282301527,3.6206298518979443,-17.819717769639976,0.2,1,-20,10,400,0.8,1,eff,0.5,6.5,10,10
5.327510845438027,-13.706802534399266,0.6968241909147566,-39.126015128116315,4.086104166666667,-24.043350527580458,3.6206298518979443,-17.041195801995812,0.2,1,-20,10,400,0.8,1,eff,1,35,5,10
5.327510845438027,-14.426243307034792,0.6968241909147566,-39.845455900751844,4.086104166666667,-24.774085041785174,3.6206298518979443,-17.206131598548,0.2,1,-20,10,400,0.8,1,eff,0.5,6.5,5,10
7.482433334471366,-10.590417768632122,0.6968241909147566,-39.54472443102662,4.086104166666667,-24.468632706016788,3.6206298518979443,-17.137187237320497,0.2,1,-20,10,400,0.8,1,eff,1,35,10,10
5.327510845438027,-13.706802534399266,0.664380693404857,-43.66117394451566,6.129156249999999,-25.929073637440393,4.029240268564611,-18.324994069688127,0.2,1,-20,10,500,0.7,0.5,eq,1,35,5,10
7.482433334471366,-10.590417768632232,0.664380693404857,-40.78178533493897,6.129156249999999,-25.606233386327286,4.029240268564611,-18.22677513951909,0.2,1,-20,10,500,0.7,0.5,eff,1,6.5,10,10
5.327510845438027,-12.316618528951274,0.664380693404857,-42.27098993906767,6.129156249999999,-24.513110394353927,4.029240268564611,-17.89421013114556,0.2,1,-20,10,500,0.7,0.5,eq,1,6.5,5,10
5.327510845438027,-17.503507624770375,0.6968241909147566,-42.922720218487434,4.086104166666667,-27.899656084773667,3.6206298518979443,-17.911611550069374,0.2,1,-20,10,400,0.8,1,eff,0.5,35,5,10
7.482433334471366,-13.567577996008495,0.664380693404857,-47.187127911719884,6.129156249999999,-29.520412046476714,4.029240268564611,-19.41760075424559,0.2,1,-20,10,500,0.7,0.5,eq,0.5,6.5,10,10
7.482433334471366,-15.959736888676467,0.664380693404857,-49.57928680438786,6.129156249999999,-31.956930557952955,4.029240268564611,-20.15887214376111,0.2,1,-20,10,500,0.7,0.5,eq,0.5,35,10,10
5.327510845438027,-14.426243307034792,0.664380693404857,-44.380614717151175,6.129156249999999,-26.661855546586196,4.029240268564611,-18.547931125756367,0.2,1,-20,10,500,0.7,0.5,eq,0.5,6.5,5,10
7.482433334471366,-15.959736888676467,0.664380693404857,-46.1511044549832,6.129156249999999,-31.060508770514137,4.029240268564611,-19.886150298703665,0.2,1,-20,10,500,0.7,0.5,eff,0.5,35,10,10
5.327510845438027,-12.316618528951274,0.664380693404857,-38.913334313905054,6.129156249999999,-23.708218725178664,4.029240268564611,-17.649334845688536,0.2,1,-20,10,500,0.7,0.5,eff,1,6.5,5,10
5.327510845438027,-17.503507624770375,0.664380693404857,-44.100223409724144,6.129156249999999,-28.977177578781824,4.029240268564611,-19.252330444660792,0.2,1,-20,10,500,0.7,0.5,eff,0.5,35,5,10
5.327510845438027,-17.503507624770375,0.664380693404857,-47.45787903488676,6.129156249999999,-29.796183913285386,4.029240268564611,-19.50149988898875,0.2,1,-20,10,500,0.7,0.5,eq,0.5,35,5,10
5.327510845438027,-13.706802534399266,0.664380693404857,-40.303518319353046,6.129156249999999,-25.120398971962437,4.029240268564611,-18.07896786872898,0.2,1,-20,10,500,0.7,0.5,eff,1,35,5,10
5.327510845438027,-14.426243307034792,0.664380693404857,-41.02295909198857,6.129156249999999,-25.851223124679677,4.029240268564611,-18.301309309036064,0.2,1,-20,10,500,0.7,0.5,eff,0.5,6.5,5,10
7.482433334471366,-10.590417768632232,0.6968241909147566,-42.82863815415732,6.129156249999999,-25.245586357159734,4.029240268564611,-18.117054107983144,0.2,1,-20,10,500,0.7,1,eq,1,6.5,10,10
7.482433334471366,-10.590417768632122,0.664380693404857,-40.78178533493885,6.129156249999999,-25.606233386327286,4.029240268564611,-18.22677513951909,0.2,1,-20,10,500,0.7,0.5,eff,1,35,10,10
7.482433334471366,-13.567577996008495,0.664380693404857,-43.75894556231523,6.129156249999999,-28.630499849139028,4.029240268564611,-19.146859346798717,0.2,1,-20,10,500,0.7,0.5,eff,0.5,6.5,10,10
5.327510845438027,-12.316618528951274,0.6968241909147566,-40.94277239482864,6.129156249999999,-23.325073857857568,4.029240268564611,-17.532769210398925,0.2,1,-20,10,500,0.7,1,eq,1,6.5,5,10
7.482433334471366,-13.567577996008495,0.6968241909147566,-45.805798381533585,6.129156249999999,-28.27744236325129,4.029240268564611,-19.039447311179014,0.2,1,-20,10,500,0.7,1,eq,0.5,6.5,10,10
7.482433334471366,-10.590417768632232,0.6968241909147566,-39.54472443102673,6.129156249999999,-24.469173771594477,4.029240268564611,-17.88084312356886,0.2,1,-20,10,500,0.7,1,eff,1,6.5,10,10
5.327510845438027,-13.706802534399266,0.6968241909147566,-42.33295640027663,6.129156249999999,-24.74079803943517,4.029240268564611,-17.963480418340062,0.2,1,-20,10,500,0.7,1,eq,1,35,5,10
5.327510845438027,-14.426243307034792,0.6968241909147566,-43.05239717291216,6.129156249999999,-25.473456230843546,4.029240268564611,-18.186379835285706,0.2,1,-20,10,500,0.7,1,eq,0.5,6.5,5,10
7.482433334471366,-10.590417768632122,0.6968241909147566,-42.82863815415721,6.129156249999999,-25.24558635715971,4.029240268564611,-18.117054107983144,0.2,1,-20,10,500,0.7,1,eq,1,35,10,10
5.327510845438027,-12.316618528951274,0.6968241909147566,-37.73583112266833,6.129156249999999,-22.631884555949753,4.029240268564611,-17.321877565372624,0.2,1,-20,10,500,0.7,1,eff,1,6.5,5,10
5.327510845438027,-17.503507624770375,0.6968241909147566,-46.12966149064773,6.129156249999999,-28.607255419093903,4.029240268564611,-19.13978760452506,0.2,1,-20,10,500,0.7,1,eq,0.5,35,5,10
7.482433334471366,-15.959736888676467,0.6968241909147566,-48.197957274201556,6.129156249999999,-30.713549509815717,4.029240268564611,-19.78059354956674,0.2,1,-20,10,500,0.7,1,eq,0.5,35,10,10
5.327510845438027,-17.503507624770375,0.6968241909147566,-42.922720218487434,6.129156249999999,-27.90019715029076,4.029240268564611,-18.924676550406083,0.2,1,-20,10,500,0.7,1,eff,0.5,35,5,10
7.482433334471366,-10.590417768632122,0.6968241909147566,-39.54472443102662,6.129156249999999,-24.46917377159447,4.029240268564611,-17.88084312356886,0.2,1,-20,10,500,0.7,1,eff,1,35,10,10
7.482433334471366,-13.567577996008495,0.6968241909147566,-42.521884658402996,6.129156249999999,-27.49306929566786,4.029240268564611,-18.800814478730832,0.2,1,-20,10,500,0.7,1,eff,0.5,6.5,10,10
5.327510845438027,-13.706802534399266,0.664380693404857,-43.66117394451566,6.129156249999999,-25.929073637440393,4.029240268564611,-18.324994069688127,0.2,1,-20,10,500,0.8,0.5,eq,1,35,5,10
7.482433334471366,-10.590417768632232,0.664380693404857,-44.209967684343624,6.129156249999999,-26.48804407635593,4.029240268564611,-18.495051794265915,0.2,1,-20,10,500,0.8,0.5,eq,1,6.5,10,10
5.327510845438027,-13.706802534399266,0.6968241909147566,-39.126015128116315,6.129156249999999,-24.04389159317802,4.029240268564611,-17.75145789220456,0.2,1,-20,10,500,0.7,1,eff,1,35,5,10
5.327510845438027,-14.426243307034792,0.6968241909147566,-39.845455900751844,6.129156249999999,-24.77462610726292,4.029240268564611,-17.973772061405825,0.2,1,-20,10,500,0.7,1,eff,0.5,6.5,5,10
5.327510845438027,-14.426243307034792,0.664380693404857,-44.380614717151175,6.129156249999999,-26.661855546586196,4.029240268564611,-18.547931125756367,0.2,1,-20,10,500,0.8,0.5,eq,0.5,6.5,5,10
7.482433334471366,-10.590417768632122,0.664380693404857,-44.20996768434352,6.129156249999999,-26.48804407635593,4.029240268564611,-18.495051794265915,0.2,1,-20,10,500,0.8,0.5,eq,1,35,10,10
7.482433334471366,-15.959736888676467,0.6968241909147566,-44.914043551070975,6.129156249999999,-29.92278016653481,4.029240268564611,-19.540014753584135,0.2,1,-20,10,500,0.7,1,eff,0.5,35,10,10
5.327510845438027,-12.316618528951274,0.664380693404857,-42.27098993906767,6.129156249999999,-24.513110394353927,4.029240268564611,-17.89421013114556,0.2,1,-20,10,500,0.8,0.5,eq,1,6.5,5,10
7.482433334471366,-13.567577996008495,0.664380693404857,-47.187127911719884,6.129156249999999,-29.520412046476714,4.029240268564611,-19.41760075424559,0.2,1,-20,10,500,0.8,0.5,eq,0.5,6.5,10,10
7.482433334471366,-15.959736888676467,0.664380693404857,-49.57928680438786,6.129156249999999,-31.956930557952955,4.029240268564611,-20.15887214376111,0.2,1,-20,10,500,0.8,0.5,eq,0.5,35,10,10
5.327510845438027,-17.503507624770375,0.664380693404857,-47.45787903488676,6.129156249999999,-29.796183913285386,4.029240268564611,-19.50149988898875,0.2,1,-20,10,500,0.8,0.5,eq,0.5,35,5,10
5.327510845438027,-12.316618528951274,0.664380693404857,-38.913334313905054,6.129156249999999,-23.708218725178664,4.029240268564611,-17.649334845688536,0.2,1,-20,10,500,0.8,0.5,eff,1,6.5,5,10
7.482433334471366,-10.590417768632232,0.664380693404857,-40.78178533493897,6.129156249999999,-25.606233386327286,4.029240268564611,-18.22677513951909,0.2,1,-20,10,500,0.8,0.5,eff,1,6.5,10,10
5.327510845438027,-12.316618528951274,0.6968241909147566,-40.94277239482864,6.129156249999999,-23.325073857857568,4.029240268564611,-17.532769210398925,0.2,1,-20,10,500,0.8,1,eq,1,6.5,5,10
7.482433334471366,-13.567577996008495,0.664380693404857,-43.75894556231523,6.129156249999999,-28.630499849139028,4.029240268564611,-19.146859346798717,0.2,1,-20,10,500,0.8,0.5,eff,0.5,6.5,10,10
5.327510845438027,-13.706802534399266,0.664380693404857,-40.303518319353046,6.129156249999999,-25.120398971962437,4.029240268564611,-18.07896786872898,0.2,1,-20,10,500,0.8,0.5,eff,1,35,5,10
5.327510845438027,-14.426243307034792,0.664380693404857,-41.02295909198857,6.129156249999999,-25.851223124679677,4.029240268564611,-18.301309309036064,0.2,1,-20,10,500,0.8,0.5,eff,0.5,6.5,5,10
7.482433334471366,-15.959736888676467,0.664380693404857,-46.1511044549832,6.129156249999999,-31.060508770514137,4.029240268564611,-19.886150298703665,0.2,1,-20,10,500,0.8,0.5,eff,0.5,35,10,10
7.482433334471366,-10.590417768632122,0.664380693404857,-40.78178533493885,6.129156249999999,-25.606233386327286,4.029240268564611,-18.22677513951909,0.2,1,-20,10,500,0.8,0.5,eff,1,35,10,10
5.327510845438027,-14.426243307034792,0.6968241909147566,-43.05239717291216,6.129156249999999,-25.473456230843546,4.029240268564611,-18.186379835285706,0.2,1,-20,10,500,0.8,1,eq,0.5,6.5,5,10
7.482433334471366,-15.959736888676467,0.6968241909147566,-48.197957274201556,6.129156249999999,-30.713549509815717,4.029240268564611,-19.78059354956674,0.2,1,-20,10,500,0.8,1,eq,0.5,35,10,10
7.482433334471366,-13.567577996008495,0.6968241909147566,-45.805798381533585,6.129156249999999,-28.27744236325129,4.029240268564611,-19.039447311179014,0.2,1,-20,10,500,0.8,1,eq,0.5,6.5,10,10
7.482433334471366,-10.590417768632122,0.6968241909147566,-42.82863815415721,6.129156249999999,-25.24558635715971,4.029240268564611,-18.117054107983144,0.2,1,-20,10,500,0.8,1,eq,1,35,10,10
7.482433334471366,-10.590417768632232,0.6968241909147566,-42.82863815415732,6.129156249999999,-25.245586357159734,4.029240268564611,-18.117054107983144,0.2,1,-20,10,500,0.8,1,eq,1,6.5,10,10
5.327510845438027,-17.503507624770375,0.664380693404857,-44.100223409724144,6.129156249999999,-28.977177578781824,4.029240268564611,-19.252330444660792,0.2,1,-20,10,500,0.8,0.5,eff,0.5,35,5,10
5.327510845438027,-13.706802534399266,0.6968241909147566,-42.33295640027663,6.129156249999999,-24.74079803943517,4.029240268564611,-17.963480418340062,0.2,1,-20,10,500,0.8,1,eq,1,35,5,10
5.327510845438027,-17.503507624770375,0.6968241909147566,-46.12966149064773,6.129156249999999,-28.607255419093903,4.029240268564611,-19.13978760452506,0.2,1,-20,10,500,0.8,1,eq,0.5,35,5,10
7.482433334471366,-10.590417768632232,0.6968241909147566,-39.54472443102673,6.129156249999999,-24.469173771594477,4.029240268564611,-17.88084312356886,0.2,1,-20,10,500,0.8,1,eff,1,6.5,10,10
5.327510845438027,-12.316618528951274,0.6968241909147566,-37.73583112266833,6.129156249999999,-22.631884555949753,4.029240268564611,-17.321877565372624,0.2,1,-20,10,500,0.8,1,eff,1,6.5,5,10
7.482433334471366,-13.567577996008495,0.6968241909147566,-42.521884658402996,6.129156249999999,-27.49306929566786,4.029240268564611,-18.800814478730832,0.2,1,-20,10,500,0.8,1,eff,0.5,6.5,10,10
5.327510845438027,-17.503507624770375,0.6968241909147566,-42.922720218487434,6.129156249999999,-27.90019715029076,4.029240268564611,-18.924676550406083,0.2,1,-20,10,500,0.8,1,eff,0.5,35,5,10
7.482433334471366,-10.590417768632122,0.6968241909147566,-39.54472443102662,6.129156249999999,-24.46917377159447,4.029240268564611,-17.88084312356886,0.2,1,-20,10,500,0.8,1,eff,1,35,10,10
5.327510845438027,-14.426243307034792,0.6968241909147566,-39.845455900751844,6.129156249999999,-24.77462610726292,4.029240268564611,-17.973772061405825,0.2,1,-20,10,500,0.8,1,eff,0.5,6.5,5,10
7.482433334471366,-10.590417768632232,1.6648435882347152,-29.007582865064077,0.8172208333333333,-14.34133278430811,2.966853185231278,-14.963713973203951,0.2,1,-10,2,400,0.7,0.5,eq,1,6.5,10,10
5.327510845438027,-12.316618528951274,1.6648435882347152,-27.068605119788113,0.8172208333333333,-12.373067785145777,2.966853185231278,-14.855282105335155,0.2,1,-10,2,400,0.7,0.5,eq,1,6.5,5,10
5.327510845438027,-13.706802534399266,0.6968241909147566,-39.126015128116315,6.129156249999999,-24.04389159317802,4.029240268564611,-17.75145789220456,0.2,1,-20,10,500,0.8,1,eff,1,35,5,10
7.482433334471366,-13.567577996008495,1.6648435882347152,-31.984743092440336,0.8172208333333333,-17.36346147384659,2.966853185231278,-15.130203271589204,0.2,1,-10,2,400,0.7,0.5,eq,0.5,6.5,10,10
5.327510845438027,-14.426243307034792,1.6648435882347152,-29.17822989787163,0.8172208333333333,-14.514557352098503,2.966853185231278,-14.973256927762524,0.2,1,-10,2,400,0.7,0.5,eq,0.5,6.5,5,10
7.482433334471366,-15.959736888676467,0.6968241909147566,-44.914043551070975,6.129156249999999,-29.92278016653481,4.029240268564611,-19.540014753584135,0.2,1,-20,10,500,0.8,1,eff,0.5,35,10,10
7.482433334471366,-10.590417768632122,1.6648435882347152,-29.007582865063966,0.8172208333333333,-14.34133278430811,2.966853185231278,-14.963713973203951,0.2,1,-10,2,400,0.7,0.5,eq,1,35,10,10
5.327510845438027,-13.706802534399266,1.6648435882347152,-28.45878912523611,0.8172208333333333,-13.784249799503915,2.966853185231278,-14.933024229380809,0.2,1,-10,2,400,0.7,0.5,eq,1,35,5,10
7.482433334471366,-15.959736888676467,1.6648435882347152,-34.37690198510832,0.8172208333333333,-19.791752686679803,2.966853185231278,-15.26397801840873,0.2,1,-10,2,400,0.7,0.5,eq,0.5,35,10,10
5.327510845438027,-13.706802534399266,1.6648435882347152,-27.1465662322837,0.8172208333333333,-14.180808753981179,2.966853185231278,-14.954870692216126,0.2,1,-10,2,400,0.7,0.5,eff,1,35,5,10
5.327510845438027,-17.503507624770375,1.6648435882347152,-32.255494215607214,0.8172208333333333,-17.63830215236811,2.966853185231278,-15.14534426538372,0.2,1,-10,2,400,0.7,0.5,eq,0.5,35,5,10
5.327510845438027,-12.316618528951274,1.6648435882347152,-25.75638222683571,0.8172208333333333,-12.772096885334705,2.966853185231278,-14.877264648684774,0.2,1,-10,2,400,0.7,0.5,eff,1,6.5,5,10
7.482433334471366,-13.567577996008495,1.6648435882347152,-30.601993475245887,0.8172208333333333,-17.682288665525522,2.966853185231278,-15.147767485724884,0.2,1,-10,2,400,0.7,0.5,eff,0.5,6.5,10,10
5.327510845438027,-14.426243307034792,1.6648435882347152,-27.866007004919222,0.8172208333333333,-14.909837969736135,2.966853185231278,-14.995032966924505,0.2,1,-10,2,400,0.7,0.5,eff,0.5,6.5,5,10
7.482433334471366,-15.959736888676467,1.6648435882347152,-32.994152367913856,0.8172208333333333,-20.106329375671024,2.966853185231278,-15.281308072029653,0.2,1,-10,2,400,0.7,0.5,eff,0.5,35,10,10
7.482433334471366,-10.590417768632232,1.6648435882347152,-27.62483324786962,0.8172208333333333,-14.665449937183098,2.966853185231278,-14.981569611702605,0.2,1,-10,2,400,0.7,0.5,eff,1,6.5,10,10
7.482433334471366,-10.590417768632232,1.7398467296524174,-28.099233243312522,0.8172208333333333,-13.586390123009235,2.966853185231278,-14.922124124818081,0.2,1,-10,2,400,0.7,1,eq,1,6.5,10,10
7.482433334471366,-10.590417768632122,1.6648435882347152,-27.62483324786951,0.8172208333333333,-14.665449937183098,2.966853185231278,-14.981569611702605,0.2,1,-10,2,400,0.7,0.5,eff,1,35,10,10
5.327510845438027,-17.503507624770375,1.6648435882347152,-30.943271322654805,0.8172208333333333,-18.028114939096767,2.966853185231278,-15.166819081326777,0.2,1,-10,2,400,0.7,0.5,eff,0.5,35,5,10
5.327510845438027,-12.316618528951274,1.7398467296524174,-26.213367483983845,0.8172208333333333,-11.672363639611742,2.966853185231278,-14.816680260890337,0.2,1,-10,2,400,0.7,1,eq,1,6.5,5,10
5.327510845438027,-14.426243307034792,1.7398467296524174,-28.322992262067363,0.8172208333333333,-13.813490427305505,2.966853185231278,-14.934635097780923,0.2,1,-10,2,400,0.7,1,eq,0.5,6.5,5,10
7.482433334471366,-15.959736888676467,1.7398467296524174,-33.46855236335676,0.8172208333333333,-19.035886696433217,2.966853185231278,-15.222337303761325,0.2,1,-10,2,400,0.7,1,eq,0.5,35,10,10
7.482433334471366,-10.590417768632232,1.7398467296524174,-26.786497494695382,0.8172208333333333,-13.937502840481114,2.966853185231278,-14.941466951014725,0.2,1,-10,2,400,0.7,1,eff,1,6.5,10,10
7.482433334471366,-10.590417768632122,1.7398467296524174,-28.09923324331241,0.8172208333333333,-13.586390123009235,2.966853185231278,-14.922124124818081,0.2,1,-10,2,400,0.7,1,eq,1,35,10,10
5.327510845438027,-12.316618528951274,1.7398467296524174,-24.977604186336976,0.8172208333333333,-12.104727216533474,2.966853185231278,-14.84049920308772,0.2,1,-10,2,400,0.7,1,eff,1,6.5,5,10
7.482433334471366,-13.567577996008495,1.7398467296524174,-31.076393470688785,0.8172208333333333,-16.608006848481526,2.966853185231278,-15.088585219063976,0.2,1,-10,2,400,0.7,1,eq,0.5,6.5,10,10
5.327510845438027,-13.706802534399266,1.7398467296524174,-27.603551489431837,0.8172208333333333,-13.083306592515092,2.966853185231278,-14.894409215022385,0.2,1,-10,2,400,0.7,1,eq,1,35,5,10
5.327510845438027,-17.503507624770375,1.7398467296524174,-31.400256579802935,0.8172208333333333,-16.93670604928856,2.966853185231278,-15.106693282930351,0.2,1,-10,2,400,0.7,1,eq,0.5,35,5,10
5.327510845438027,-13.706802534399266,1.7398467296524174,-26.367788191784967,0.8172208333333333,-13.513265435014498,2.966853185231278,-14.918095680218402,0.2,1,-10,2,400,0.7,1,eff,1,35,5,10
7.482433334471366,-13.567577996008495,1.7398467296524174,-29.763657722071645,0.8172208333333333,-16.953969686878015,2.966853185231278,-15.107644338032467,0.2,1,-10,2,400,0.7,1,eff,0.5,6.5,10,10
5.327510845438027,-14.426243307034792,1.7398467296524174,-27.087228964420493,0.8172208333333333,-14.242204784223267,2.966853185231278,-14.958253004171862,0.2,1,-10,2,400,0.7,1,eff,0.5,6.5,5,10
5.327510845438027,-17.503507624770375,1.7398467296524174,-30.164493282156084,0.8172208333333333,-17.36009736743565,2.966853185231278,-15.130017942712183,0.2,1,-10,2,400,0.7,1,eff,0.5,35,5,10
7.482433334471366,-10.590417768632122,1.7398467296524174,-26.78649749469527,0.8172208333333333,-13.937502840481114,2.966853185231278,-14.941466951014725,0.2,1,-10,2,400,0.7,1,eff,1,35,10,10
7.482433334471366,-10.590417768632232,1.6648435882347152,-29.007582865064077,0.8172208333333333,-14.34133278430811,2.966853185231278,-14.963713973203951,0.2,1,-10,2,400,0.8,0.5,eq,1,6.5,10,10
7.482433334471366,-15.959736888676467,1.7398467296524174,-32.15581661473962,0.8172208333333333,-19.377711588508177,2.966853185231278,-15.241168462953535,0.2,1,-10,2,400,0.7,1,eff,0.5,35,10,10
7.482433334471366,-10.590417768632122,1.6648435882347152,-29.007582865063966,0.8172208333333333,-14.34133278430811,2.966853185231278,-14.963713973203951,0.2,1,-10,2,400,0.8,0.5,eq,1,35,10,10
7.482433334471366,-13.567577996008495,1.6648435882347152,-31.984743092440336,0.8172208333333333,-17.36346147384659,2.966853185231278,-15.130203271589204,0.2,1,-10,2,400,0.8,0.5,eq,0.5,6.5,10,10
5.327510845438027,-12.316618528951274,1.6648435882347152,-27.068605119788113,0.8172208333333333,-12.373067785145777,2.966853185231278,-14.855282105335155,0.2,1,-10,2,400,0.8,0.5,eq,1,6.5,5,10
5.327510845438027,-13.706802534399266,1.6648435882347152,-28.45878912523611,0.8172208333333333,-13.784249799503915,2.966853185231278,-14.933024229380809,0.2,1,-10,2,400,0.8,0.5,eq,1,35,5,10
7.482433334471366,-10.590417768632232,1.6648435882347152,-27.62483324786962,0.8172208333333333,-14.665449937183098,2.966853185231278,-14.981569611702605,0.2,1,-10,2,400,0.8,0.5,eff,1,6.5,10,10
7.482433334471366,-15.959736888676467,1.6648435882347152,-34.37690198510832,0.8172208333333333,-19.791752686679803,2.966853185231278,-15.26397801840873,0.2,1,-10,2,400,0.8,0.5,eq,0.5,35,10,10
5.327510845438027,-14.426243307034792,1.6648435882347152,-29.17822989787163,0.8172208333333333,-14.514557352098503,2.966853185231278,-14.973256927762524,0.2,1,-10,2,400,0.8,0.5,eq,0.5,6.5,5,10
5.327510845438027,-13.706802534399266,1.6648435882347152,-27.1465662322837,0.8172208333333333,-14.180808753981179,2.966853185231278,-14.954870692216126,0.2,1,-10,2,400,0.8,0.5,eff,1,35,5,10
7.482433334471366,-10.590417768632122,1.6648435882347152,-27.62483324786951,0.8172208333333333,-14.665449937183098,2.966853185231278,-14.981569611702605,0.2,1,-10,2,400,0.8,0.5,eff,1,35,10,10
5.327510845438027,-17.503507624770375,1.6648435882347152,-32.255494215607214,0.8172208333333333,-17.63830215236811,2.966853185231278,-15.14534426538372,0.2,1,-10,2,400,0.8,0.5,eq,0.5,35,5,10
5.327510845438027,-14.426243307034792,1.6648435882347152,-27.866007004919222,0.8172208333333333,-14.909837969736135,2.966853185231278,-14.995032966924505,0.2,1,-10,2,400,0.8,0.5,eff,0.5,6.5,5,10
7.482433334471366,-13.567577996008495,1.6648435882347152,-30.601993475245887,0.8172208333333333,-17.682288665525522,2.966853185231278,-15.147767485724884,0.2,1,-10,2,400,0.8,0.5,eff,0.5,6.5,10,10
5.327510845438027,-17.503507624770375,1.6648435882347152,-30.943271322654805,0.8172208333333333,-18.028114939096767,2.966853185231278,-15.166819081326777,0.2,1,-10,2,400,0.8,0.5,eff,0.5,35,5,10
5.327510845438027,-12.316618528951274,1.6648435882347152,-25.75638222683571,0.8172208333333333,-12.772096885334705,2.966853185231278,-14.877264648684774,0.2,1,-10,2,400,0.8,0.5,eff,1,6.5,5,10
7.482433334471366,-15.959736888676467,1.6648435882347152,-32.994152367913856,0.8172208333333333,-20.106329375671024,2.966853185231278,-15.281308072029653,0.2,1,-10,2,400,0.8,0.5,eff,0.5,35,10,10
5.327510845438027,-12.316618528951274,1.7398467296524174,-26.213367483983845,0.8172208333333333,-11.672363639611742,2.966853185231278,-14.816680260890337,0.2,1,-10,2,400,0.8,1,eq,1,6.5,5,10
5.327510845438027,-14.426243307034792,1.7398467296524174,-28.322992262067363,0.8172208333333333,-13.813490427305505,2.966853185231278,-14.934635097780923,0.2,1,-10,2,400,0.8,1,eq,0.5,6.5,5,10
7.482433334471366,-10.590417768632232,1.7398467296524174,-28.099233243312522,0.8172208333333333,-13.586390123009235,2.966853185231278,-14.922124124818081,0.2,1,-10,2,400,0.8,1,eq,1,6.5,10,10
7.482433334471366,-10.590417768632122,1.7398467296524174,-28.09923324331241,0.8172208333333333,-13.586390123009235,2.966853185231278,-14.922124124818081,0.2,1,-10,2,400,0.8,1,eq,1,35,10,10
7.482433334471366,-15.959736888676467,1.7398467296524174,-33.46855236335676,0.8172208333333333,-19.035886696433217,2.966853185231278,-15.222337303761325,0.2,1,-10,2,400,0.8,1,eq,0.5,35,10,10
7.482433334471366,-10.590417768632232,1.7398467296524174,-26.786497494695382,0.8172208333333333,-13.937502840481114,2.966853185231278,-14.941466951014725,0.2,1,-10,2,400,0.8,1,eff,1,6.5,10,10
5.327510845438027,-17.503507624770375,1.7398467296524174,-31.400256579802935,0.8172208333333333,-16.93670604928856,2.966853185231278,-15.106693282930351,0.2,1,-10,2,400,0.8,1,eq,0.5,35,5,10
7.482433334471366,-10.590417768632232,1.6648435882347152,-29.007582865064077,1.22583125,-14.34137633939875,3.048575268564611,-14.947033522610953,0.2,1,-10,2,500,0.7,0.5,eq,1,6.5,10,10
5.327510845438027,-12.316618528951274,1.7398467296524174,-24.977604186336976,0.8172208333333333,-12.104727216533474,2.966853185231278,-14.84049920308772,0.2,1,-10,2,400,0.8,1,eff,1,6.5,5,10
7.482433334471366,-13.567577996008495,1.7398467296524174,-29.763657722071645,0.8172208333333333,-16.953969686878015,2.966853185231278,-15.107644338032467,0.2,1,-10,2,400,0.8,1,eff,0.5,6.5,10,10
5.327510845438027,-12.316618528951274,1.6648435882347152,-27.068605119788113,1.22583125,-12.373111340247627,3.048575268564611,-14.788745763137378,0.2,1,-10,2,500,0.7,0.5,eq,1,6.5,5,10
5.327510845438027,-17.503507624770375,1.7398467296524174,-30.164493282156084,0.8172208333333333,-17.36009736743565,2.966853185231278,-15.130017942712183,0.2,1,-10,2,400,0.8,1,eff,0.5,35,5,10
7.482433334471366,-15.959736888676467,1.7398467296524174,-32.15581661473962,0.8172208333333333,-19.377711588508177,2.966853185231278,-15.241168462953535,0.2,1,-10,2,400,0.8,1,eff,0.5,35,10,10
5.327510845438027,-13.706802534399266,1.7398467296524174,-26.367788191784967,0.8172208333333333,-13.513265435014498,2.966853185231278,-14.918095680218402,0.2,1,-10,2,400,0.8,1,eff,1,35,5,10
7.482433334471366,-10.590417768632122,1.7398467296524174,-26.78649749469527,0.8172208333333333,-13.937502840481114,2.966853185231278,-14.941466951014725,0.2,1,-10,2,400,0.8,1,eff,1,35,10,10
5.327510845438027,-13.706802534399266,1.7398467296524174,-27.603551489431837,0.8172208333333333,-13.083306592515092,2.966853185231278,-14.894409215022385,0.2,1,-10,2,400,0.8,1,eq,1,35,5,10
7.482433334471366,-13.567577996008495,1.7398467296524174,-31.076393470688785,0.8172208333333333,-16.608006848481526,2.966853185231278,-15.088585219063976,0.2,1,-10,2,400,0.8,1,eq,0.5,6.5,10,10
5.327510845438027,-14.426243307034792,1.7398467296524174,-27.087228964420493,0.8172208333333333,-14.242204784223267,2.966853185231278,-14.958253004171862,0.2,1,-10,2,400,0.8,1,eff,0.5,6.5,5,10
5.327510845438027,-14.426243307034792,1.6648435882347152,-27.866007004919222,1.22583125,-14.90987633383163,3.048575268564611,-14.992752259883947,0.2,1,-10,2,500,0.7,0.5,eff,0.5,6.5,5,10
7.482433334471366,-10.590417768632122,1.6648435882347152,-29.007582865063966,1.22583125,-14.34137633939875,3.048575268564611,-14.947033522610953,0.2,1,-10,2,500,0.7,0.5,eq,1,35,10,10
7.482433334471366,-15.959736888676467,1.6648435882347152,-34.37690198510832,1.22583125,-19.791796241809525,3.048575268564611,-15.385355981688441,0.2,1,-10,2,500,0.7,0.5,eq,0.5,35,10,10
5.327510845438027,-17.503507624770375,1.6648435882347152,-32.255494215607214,1.22583125,-17.638345707454217,3.048575268564611,-15.212175611988288,0.2,1,-10,2,500,0.7,0.5,eq,0.5,35,5,10
5.327510845438027,-13.706802534399266,1.6648435882347152,-28.45878912523611,1.22583125,-13.784293354548572,3.048575268564611,-14.902232940600557,0.2,1,-10,2,500,0.7,0.5,eq,1,35,5,10
5.327510845438027,-14.426243307034792,1.6648435882347152,-29.17822989787163,1.22583125,-14.51460090718761,3.048575268564611,-14.960964232516915,0.2,1,-10,2,500,0.7,0.5,eq,0.5,6.5,5,10
7.482433334471366,-13.567577996008495,1.6648435882347152,-31.984743092440336,1.22583125,-17.363505028924674,3.048575268564611,-15.19007294022645,0.2,1,-10,2,500,0.7,0.5,eq,0.5,6.5,10,10
5.327510845438027,-13.706802534399266,1.6648435882347152,-27.1465662322837,1.22583125,-14.180847118116867,3.048575268564611,-14.934123771750517,0.2,1,-10,2,500,0.7,0.5,eff,1,35,5,10
5.327510845438027,-12.316618528951274,1.6648435882347152,-25.75638222683571,1.22583125,-12.772135249485856,3.048575268564611,-14.82083524326172,0.2,1,-10,2,500,0.7,0.5,eff,1,6.5,5,10
7.482433334471366,-10.590417768632122,1.6648435882347152,-27.62483324786951,1.22583125,-14.665488301278886,3.048575268564611,-14.9730985881823,0.2,1,-10,2,500,0.7,0.5,eff,1,35,10,10
7.482433334471366,-15.959736888676467,1.6648435882347152,-32.994152367913856,1.22583125,-20.10636773979554,3.048575268564611,-15.410653803694995,0.2,1,-10,2,500,0.7,0.5,eff,0.5,35,10,10
5.327510845438027,-12.316618528951274,1.7398467296524174,-26.213367483983845,1.22583125,-11.67240483562148,3.048575268564611,-14.732394985821461,0.2,1,-10,2,500,0.7,1,eq,1,6.5,5,10
7.482433334471366,-10.590417768632232,1.7398467296524174,-28.099233243312522,1.22583125,-13.586431319007056,3.048575268564611,-14.886320886936865,0.2,1,-10,2,500,0.7,1,eq,1,6.5,10,10
7.482433334471366,-13.567577996008495,1.6648435882347152,-30.601993475245887,1.22583125,-17.682327029656395,3.048575268564611,-15.215712587422491,0.2,1,-10,2,500,0.7,0.5,eff,0.5,6.5,10,10
7.482433334471366,-10.590417768632232,1.6648435882347152,-27.62483324786962,1.22583125,-14.665488301278886,3.048575268564611,-14.9730985881823,0.2,1,-10,2,500,0.7,0.5,eff,1,6.5,10,10
5.327510845438027,-17.503507624770375,1.6648435882347152,-30.943271322654805,1.22583125,-18.02815330319215,3.048575268564611,-15.24352391670436,0.2,1,-10,2,500,0.7,0.5,eff,0.5,35,5,10
7.482433334471366,-10.590417768632122,1.7398467296524174,-28.09923324331241,1.22583125,-13.586431319007056,3.048575268564611,-14.886320886936865,0.2,1,-10,2,500,0.7,1,eq,1,35,10,10
7.482433334471366,-13.567577996008495,1.7398467296524174,-31.076393470688785,1.22583125,-16.608048044482917,3.048575268564611,-15.129319132432428,0.2,1,-10,2,500,0.7,1,eq,0.5,6.5,10,10
5.327510845438027,-14.426243307034792,1.7398467296524174,-28.322992262067363,1.22583125,-13.813531623304216,3.048575268564611,-14.904584280513777,0.2,1,-10,2,500,0.7,1,eq,0.5,6.5,5,10
5.327510845438027,-17.503507624770375,1.7398467296524174,-31.400256579802935,1.22583125,-16.93674724523241,3.048575268564611,-15.155753103493153,0.2,1,-10,2,500,0.7,1,eq,0.5,35,5,10
5.327510845438027,-13.706802534399266,1.7398467296524174,-27.603551489431837,1.22583125,-13.083347788474148,3.048575268564611,-14.845862937976516,0.2,1,-10,2,500,0.7,1,eq,1,35,5,10
7.482433334471366,-15.959736888676467,1.7398467296524174,-32.15581661473962,1.22583125,-19.377747950274173,3.048575268564611,-15.352058241592692,0.2,1,-10,2,500,0.7,1,eff,0.5,35,10,10
7.482433334471366,-13.567577996008495,1.7398467296524174,-29.763657722071645,1.22583125,-16.954006048596874,3.048575268564611,-15.157141055479828,0.2,1,-10,2,500,0.7,1,eff,0.5,6.5,10,10
7.482433334471366,-10.590417768632232,1.6648435882347152,-29.007582865064077,1.22583125,-14.34137633939875,3.048575268564611,-14.947033522610953,0.2,1,-10,2,500,0.8,0.5,eq,1,6.5,10,10
7.482433334471366,-10.590417768632122,1.7398467296524174,-26.78649749469527,1.22583125,-13.9375392022148,3.048575268564611,-14.914556962968506,0.2,1,-10,2,500,0.7,1,eff,1,35,10,10
7.482433334471366,-15.959736888676467,1.7398467296524174,-33.46855236335676,1.22583125,-19.035927892445866,3.048575268564611,-15.324569091950679,0.2,1,-10,2,500,0.7,1,eq,0.5,35,10,10
5.327510845438027,-13.706802534399266,1.7398467296524174,-26.367788191784967,1.22583125,-13.513301796745298,3.048575268564611,-14.88043981490883,0.2,1,-10,2,500,0.7,1,eff,1,35,5,10
5.327510845438027,-14.426243307034792,1.7398467296524174,-27.087228964420493,1.22583125,-14.242241145965108,3.048575268564611,-14.939061075984084,0.2,1,-10,2,500,0.7,1,eff,0.5,6.5,5,10
7.482433334471366,-10.590417768632232,1.7398467296524174,-26.786497494695382,1.22583125,-13.9375392022148,3.048575268564611,-14.914556962968506,0.2,1,-10,2,500,0.7,1,eff,1,6.5,10,10
7.482433334471366,-10.590417768632122,1.6648435882347152,-29.007582865063966,1.22583125,-14.34137633939875,3.048575268564611,-14.947033522610953,0.2,1,-10,2,500,0.8,0.5,eq,1,35,10,10
5.327510845438027,-12.316618528951274,1.7398467296524174,-24.977604186336976,1.22583125,-12.1047635782622,3.048575268564611,-14.767165251355241,0.2,1,-10,2,500,0.7,1,eff,1,6.5,5,10
5.327510845438027,-17.503507624770375,1.7398467296524174,-30.164493282156084,1.22583125,-17.360133729194725,3.048575268564611,-15.189801820493564,0.2,1,-10,2,500,0.7,1,eff,0.5,35,5,10
5.327510845438027,-12.316618528951274,1.6648435882347152,-27.068605119788113,1.22583125,-12.373111340247627,3.048575268564611,-14.788745763137378,0.2,1,-10,2,500,0.8,0.5,eq,1,6.5,5,10
5.327510845438027,-13.706802534399266,1.6648435882347152,-28.45878912523611,1.22583125,-13.784293354548572,3.048575268564611,-14.902232940600557,0.2,1,-10,2,500,0.8,0.5,eq,1,35,5,10
7.482433334471366,-15.959736888676467,1.6648435882347152,-34.37690198510832,1.22583125,-19.791796241809525,3.048575268564611,-15.385355981688441,0.2,1,-10,2,500,0.8,0.5,eq,0.5,35,10,10
7.482433334471366,-13.567577996008495,1.6648435882347152,-31.984743092440336,1.22583125,-17.363505028924674,3.048575268564611,-15.19007294022645,0.2,1,-10,2,500,0.8,0.5,eq,0.5,6.5,10,10
5.327510845438027,-14.426243307034792,1.6648435882347152,-29.17822989787163,1.22583125,-14.51460090718761,3.048575268564611,-14.960964232516915,0.2,1,-10,2,500,0.8,0.5,eq,0.5,6.5,5,10
5.327510845438027,-14.426243307034792,1.6648435882347152,-27.866007004919222,1.22583125,-14.90987633383163,3.048575268564611,-14.992752259883947,0.2,1,-10,2,500,0.8,0.5,eff,0.5,6.5,5,10
7.482433334471366,-13.567577996008495,1.6648435882347152,-30.601993475245887,1.22583125,-17.682327029656395,3.048575268564611,-15.215712587422491,0.2,1,-10,2,500,0.8,0.5,eff,0.5,6.5,10,10
5.327510845438027,-12.316618528951274,1.6648435882347152,-25.75638222683571,1.22583125,-12.772135249485856,3.048575268564611,-14.82083524326172,0.2,1,-10,2,500,0.8,0.5,eff,1,6.5,5,10
7.482433334471366,-10.590417768632232,1.6648435882347152,-27.62483324786962,1.22583125,-14.665488301278886,3.048575268564611,-14.9730985881823,0.2,1,-10,2,500,0.8,0.5,eff,1,6.5,10,10
5.327510845438027,-17.503507624770375,1.6648435882347152,-32.255494215607214,1.22583125,-17.638345707454217,3.048575268564611,-15.212175611988288,0.2,1,-10,2,500,0.8,0.5,eq,0.5,35,5,10
7.482433334471366,-15.959736888676467,1.6648435882347152,-32.994152367913856,1.22583125,-20.10636773979554,3.048575268564611,-15.410653803694995,0.2,1,-10,2,500,0.8,0.5,eff,0.5,35,10,10
5.327510845438027,-13.706802534399266,1.6648435882347152,-27.1465662322837,1.22583125,-14.180847118116867,3.048575268564611,-14.934123771750517,0.2,1,-10,2,500,0.8,0.5,eff,1,35,5,10
7.482433334471366,-10.590417768632122,1.6648435882347152,-27.62483324786951,1.22583125,-14.665488301278886,3.048575268564611,-14.9730985881823,0.2,1,-10,2,500,0.8,0.5,eff,1,35,10,10
7.482433334471366,-13.567577996008495,1.7398467296524174,-31.076393470688785,1.22583125,-16.608048044482917,3.048575268564611,-15.129319132432428,0.2,1,-10,2,500,0.8,1,eq,0.5,6.5,10,10
7.482433334471366,-10.590417768632122,1.7398467296524174,-28.09923324331241,1.22583125,-13.586431319007056,3.048575268564611,-14.886320886936865,0.2,1,-10,2,500,0.8,1,eq,1,35,10,10
5.327510845438027,-17.503507624770375,1.6648435882347152,-30.943271322654805,1.22583125,-18.02815330319215,3.048575268564611,-15.24352391670436,0.2,1,-10,2,500,0.8,0.5,eff,0.5,35,5,10
5.327510845438027,-12.316618528951274,1.7398467296524174,-26.213367483983845,1.22583125,-11.67240483562148,3.048575268564611,-14.732394985821461,0.2,1,-10,2,500,0.8,1,eq,1,6.5,5,10
7.482433334471366,-10.590417768632232,1.7398467296524174,-28.099233243312522,1.22583125,-13.586431319007056,3.048575268564611,-14.886320886936865,0.2,1,-10,2,500,0.8,1,eq,1,6.5,10,10
5.327510845438027,-13.706802534399266,1.7398467296524174,-27.603551489431837,1.22583125,-13.083347788474148,3.048575268564611,-14.845862937976516,0.2,1,-10,2,500,0.8,1,eq,1,35,5,10
5.327510845438027,-14.426243307034792,1.7398467296524174,-28.322992262067363,1.22583125,-13.813531623304216,3.048575268564611,-14.904584280513777,0.2,1,-10,2,500,0.8,1,eq,0.5,6.5,5,10
7.482433334471366,-15.959736888676467,1.7398467296524174,-33.46855236335676,1.22583125,-19.035927892445866,3.048575268564611,-15.324569091950679,0.2,1,-10,2,500,0.8,1,eq,0.5,35,10,10
5.327510845438027,-17.503507624770375,1.7398467296524174,-31.400256579802935,1.22583125,-16.93674724523241,3.048575268564611,-15.155753103493153,0.2,1,-10,2,500,0.8,1,eq,0.5,35,5,10
7.482433334471366,-10.590417768632232,1.7398467296524174,-26.786497494695382,1.22583125,-13.9375392022148,3.048575268564611,-14.914556962968506,0.2,1,-10,2,500,0.8,1,eff,1,6.5,10,10
5.327510845438027,-14.426243307034792,1.7398467296524174,-27.087228964420493,1.22583125,-14.242241145965108,3.048575268564611,-14.939061075984084,0.2,1,-10,2,500,0.8,1,eff,0.5,6.5,5,10
5.327510845438027,-12.316618528951274,1.7398467296524174,-24.977604186336976,1.22583125,-12.1047635782622,3.048575268564611,-14.767165251355241,0.2,1,-10,2,500,0.8,1,eff,1,6.5,5,10
5.327510845438027,-13.706802534399266,1.7398467296524174,-26.367788191784967,1.22583125,-13.513301796745298,3.048575268564611,-14.88043981490883,0.2,1,-10,2,500,0.8,1,eff,1,35,5,10
7.482433334471366,-13.567577996008495,1.6648435882347152,-31.984743092440336,4.086104166666667,-17.363809914508863,3.6206298518979443,-15.533541065282819,0.2,1,-10,10,400,0.7,0.5,eq,0.5,6.5,10,10
7.482433334471366,-10.590417768632232,1.6648435882347152,-29.007582865064077,4.086104166666667,-14.341681224982018,3.6206298518979443,-14.851409329336152,0.2,1,-10,10,400,0.7,0.5,eq,1,6.5,10,10
5.327510845438027,-17.503507624770375,1.7398467296524174,-30.164493282156084,1.22583125,-17.360133729194725,3.048575268564611,-15.189801820493564,0.2,1,-10,2,500,0.8,1,eff,0.5,35,5,10
7.482433334471366,-10.590417768632122,1.6648435882347152,-29.007582865063966,4.086104166666667,-14.341681224981837,3.6206298518979443,-14.85140932933604,0.2,1,-10,10,400,0.7,0.5,eq,1,35,10,10
7.482433334471366,-10.590417768632122,1.7398467296524174,-26.78649749469527,1.22583125,-13.9375392022148,3.048575268564611,-14.914556962968506,0.2,1,-10,2,500,0.8,1,eff,1,35,10,10
7.482433334471366,-13.567577996008495,1.7398467296524174,-29.763657722071645,1.22583125,-16.954006048596874,3.048575268564611,-15.157141055479828,0.2,1,-10,2,500,0.8,1,eff,0.5,6.5,10,10
5.327510845438027,-14.426243307034792,1.6648435882347152,-29.17822989787163,4.086104166666667,-14.514905792770936,3.6206298518979443,-14.890508251742652,0.2,1,-10,10,400,0.7,0.5,eq,0.5,6.5,5,10
7.482433334471366,-15.959736888676467,1.7398467296524174,-32.15581661473962,1.22583125,-19.377747950274173,3.048575268564611,-15.352058241592692,0.2,1,-10,2,500,0.8,1,eff,0.5,35,10,10
5.327510845438027,-12.316618528951274,1.6648435882347152,-27.068605119788113,4.086104166666667,-12.37341622583002,3.6206298518979443,-14.407147632166328,0.2,1,-10,10,400,0.7,0.5,eq,1,6.5,5,10
5.327510845438027,-13.706802534399266,1.6648435882347152,-28.45878912523611,4.086104166666667,-13.78459824013467,3.6206298518979443,-14.725668825684712,0.2,1,-10,10,400,0.7,0.5,eq,1,35,5,10
7.482433334471366,-15.959736888676467,1.6648435882347152,-34.37690198510832,4.086104166666667,-19.792101127386335,3.6206298518979443,-16.081636355256613,0.2,1,-10,10,400,0.7,0.5,eq,0.5,35,10,10
5.327510845438027,-13.706802534399266,1.6648435882347152,-27.1465662322837,4.086104166666667,-14.181115666909337,3.6206298518979443,-14.815167701624832,0.2,1,-10,10,400,0.7,0.5,eff,1,35,5,10
5.327510845438027,-17.503507624770375,1.6648435882347152,-32.255494215607214,4.086104166666667,-17.638650593029563,3.6206298518979443,-15.595575997745525,0.2,1,-10,10,400,0.7,0.5,eq,0.5,35,5,10
5.327510845438027,-12.316618528951274,1.6648435882347152,-25.75638222683571,4.086104166666667,-12.77240379828091,3.6206298518979443,-14.497204050465173,0.2,1,-10,10,400,0.7,0.5,eff,1,6.5,5,10
7.482433334471366,-10.590417768632232,1.6648435882347152,-27.62483324786962,4.086104166666667,-14.665756850105168,3.6206298518979443,-14.924557196767886,0.2,1,-10,10,400,0.7,0.5,eff,1,6.5,10,10
7.482433334471366,-10.590417768632122,1.6648435882347152,-27.62483324786951,4.086104166666667,-14.665756850105168,3.6206298518979443,-14.924557196767886,0.2,1,-10,10,400,0.7,0.5,eff,1,35,10,10
7.482433334471366,-10.590417768632232,1.7398467296524174,-28.099233243312522,4.086104166666667,-13.586719690914462,3.6206298518979443,-14.68100519545812,0.2,1,-10,10,400,0.7,1,eq,1,6.5,10,10
5.327510845438027,-13.706802534399266,1.7398467296524174,-27.603551489431837,4.086104166666667,-13.083636160420705,3.6206298518979443,-14.56745303496576,0.2,1,-10,10,400,0.7,1,eq,1,35,5,10
7.482433334471366,-13.567577996008495,1.6648435882347152,-30.601993475245887,4.086104166666667,-17.682595578436175,3.6206298518979443,-15.605494923198627,0.2,1,-10,10,400,0.7,0.5,eff,0.5,6.5,10,10
5.327510845438027,-14.426243307034792,1.6648435882347152,-27.866007004919222,4.086104166666667,-14.910144882623182,3.6206298518979443,-14.979718591265678,0.2,1,-10,10,400,0.7,0.5,eff,0.5,6.5,5,10
5.327510845438027,-17.503507624770375,1.6648435882347152,-30.943271322654805,4.086104166666667,-18.028421852008773,3.6206298518979443,-15.683552180371652,0.2,1,-10,10,400,0.7,0.5,eff,0.5,35,5,10
7.482433334471366,-10.590417768632122,1.7398467296524174,-28.09923324331241,4.086104166666667,-13.586719690914459,3.6206298518979443,-14.68100519545812,0.2,1,-10,10,400,0.7,1,eq,1,35,10,10
5.327510845438027,-12.316618528951274,1.7398467296524174,-26.213367483983845,4.086104166666667,-11.672693207516735,3.6206298518979443,-14.248985800555225,0.2,1,-10,10,400,0.7,1,eq,1,6.5,5,10
7.482433334471366,-13.567577996008495,1.7398467296524174,-31.076393470688785,4.086104166666667,-16.608336416387786,3.6206298518979443,-15.363021374800724,0.2,1,-10,10,400,0.7,1,eq,0.5,6.5,10,10
7.482433334471366,-15.959736888676467,1.6648435882347152,-32.994152367913856,4.086104166666667,-20.106636288574265,3.6206298518979443,-16.152630822256263,0.2,1,-10,10,400,0.7,0.5,eff,0.5,35,10,10
5.327510845438027,-14.426243307034792,1.7398467296524174,-28.322992262067363,4.086104166666667,-13.813819995202246,3.6206298518979443,-14.732264536377215,0.2,1,-10,10,400,0.7,1,eq,0.5,6.5,5,10
5.327510845438027,-17.503507624770375,1.7398467296524174,-31.400256579802935,4.086104166666667,-16.93703561719535,3.6206298518979443,-15.437212840315851,0.2,1,-10,10,400,0.7,1,eq,0.5,35,5,10
5.327510845438027,-12.316618528951274,1.7398467296524174,-24.977604186336976,4.086104166666667,-12.105018110360298,3.6206298518979443,-14.346566865680476,0.2,1,-10,10,400,0.7,1,eff,1,6.5,5,10
7.482433334471366,-10.590417768632232,1.7398467296524174,-26.786497494695382,4.086104166666667,-13.937793734312686,3.6206298518979443,-14.760246939034104,0.2,1,-10,10,400,0.7,1,eff,1,6.5,10,10
7.482433334471366,-13.567577996008495,1.6648435882347152,-31.984743092440336,4.086104166666667,-17.363809914508863,3.6206298518979443,-15.533541065282819,0.2,1,-10,10,400,0.8,0.5,eq,0.5,6.5,10,10
7.482433334471366,-15.959736888676467,1.7398467296524174,-33.46855236335676,4.086104166666667,-19.036216264340432,3.6206298518979443,-15.911023814635051,0.2,1,-10,10,400,0.7,1,eq,0.5,35,10,10
7.482433334471366,-10.590417768632122,1.7398467296524174,-26.78649749469527,4.086104166666667,-13.937793734312686,3.6206298518979443,-14.760246939034104,0.2,1,-10,10,400,0.7,1,eff,1,35,10,10
5.327510845438027,-13.706802534399266,1.7398467296524174,-26.367788191784967,4.086104166666667,-13.513556328893065,3.6206298518979443,-14.664491321870866,0.2,1,-10,10,400,0.7,1,eff,1,35,5,10
7.482433334471366,-15.959736888676467,1.7398467296524174,-32.15581661473962,4.086104166666667,-19.378002482373365,3.6206298518979443,-15.98816918142154,0.2,1,-10,10,400,0.7,1,eff,0.5,35,10,10
7.482433334471366,-13.567577996008495,1.7398467296524174,-29.763657722071645,4.086104166666667,-16.954260580697024,3.6206298518979443,-15.441100727120794,0.2,1,-10,10,400,0.7,1,eff,0.5,6.5,10,10
5.327510845438027,-14.426243307034792,1.7398467296524174,-27.087228964420493,4.086104166666667,-14.242495678065909,3.6206298518979443,-14.829021927524554,0.2,1,-10,10,400,0.7,1,eff,0.5,6.5,5,10
7.482433334471366,-10.590417768632232,1.6648435882347152,-29.007582865064077,4.086104166666667,-14.341681224982018,3.6206298518979443,-14.851409329336152,0.2,1,-10,10,400,0.8,0.5,eq,1,6.5,10,10
5.327510845438027,-17.503507624770375,1.7398467296524174,-30.164493282156084,4.086104166666667,-17.36038826129423,3.6206298518979443,-15.53276875593179,0.2,1,-10,10,400,0.7,1,eff,0.5,35,5,10
7.482433334471366,-10.590417768632122,1.6648435882347152,-29.007582865063966,4.086104166666667,-14.341681224981837,3.6206298518979443,-14.85140932933604,0.2,1,-10,10,400,0.8,0.5,eq,1,35,10,10
5.327510845438027,-12.316618528951274,1.6648435882347152,-27.068605119788113,4.086104166666667,-12.37341622583002,3.6206298518979443,-14.407147632166328,0.2,1,-10,10,400,0.8,0.5,eq,1,6.5,5,10
7.482433334471366,-13.567577996008495,1.6648435882347152,-30.601993475245887,4.086104166666667,-17.682595578436175,3.6206298518979443,-15.605494923198627,0.2,1,-10,10,400,0.8,0.5,eff,0.5,6.5,10,10
5.327510845438027,-17.503507624770375,1.6648435882347152,-32.255494215607214,4.086104166666667,-17.638650593029563,3.6206298518979443,-15.595575997745525,0.2,1,-10,10,400,0.8,0.5,eq,0.5,35,5,10
7.482433334471366,-10.590417768632232,1.6648435882347152,-27.62483324786962,4.086104166666667,-14.665756850105168,3.6206298518979443,-14.924557196767886,0.2,1,-10,10,400,0.8,0.5,eff,1,6.5,10,10
5.327510845438027,-13.706802534399266,1.6648435882347152,-28.45878912523611,4.086104166666667,-13.78459824013467,3.6206298518979443,-14.725668825684712,0.2,1,-10,10,400,0.8,0.5,eq,1,35,5,10
7.482433334471366,-10.590417768632122,1.6648435882347152,-27.62483324786951,4.086104166666667,-14.665756850105168,3.6206298518979443,-14.924557196767886,0.2,1,-10,10,400,0.8,0.5,eff,1,35,10,10
5.327510845438027,-13.706802534399266,1.6648435882347152,-27.1465662322837,4.086104166666667,-14.181115666909337,3.6206298518979443,-14.815167701624832,0.2,1,-10,10,400,0.8,0.5,eff,1,35,5,10
7.482433334471366,-15.959736888676467,1.6648435882347152,-34.37690198510832,4.086104166666667,-19.792101127386335,3.6206298518979443,-16.081636355256613,0.2,1,-10,10,400,0.8,0.5,eq,0.5,35,10,10
5.327510845438027,-14.426243307034792,1.6648435882347152,-29.17822989787163,4.086104166666667,-14.514905792770936,3.6206298518979443,-14.890508251742652,0.2,1,-10,10,400,0.8,0.5,eq,0.5,6.5,5,10
5.327510845438027,-14.426243307034792,1.6648435882347152,-27.866007004919222,4.086104166666667,-14.910144882623182,3.6206298518979443,-14.979718591265678,0.2,1,-10,10,400,0.8,0.5,eff,0.5,6.5,5,10
5.327510845438027,-12.316618528951274,1.6648435882347152,-25.75638222683571,4.086104166666667,-12.77240379828091,3.6206298518979443,-14.497204050465173,0.2,1,-10,10,400,0.8,0.5,eff,1,6.5,5,10
7.482433334471366,-10.590417768632232,1.7398467296524174,-28.099233243312522,4.086104166666667,-13.586719690914462,3.6206298518979443,-14.68100519545812,0.2,1,-10,10,400,0.8,1,eq,1,6.5,10,10
7.482433334471366,-15.959736888676467,1.6648435882347152,-32.994152367913856,4.086104166666667,-20.106636288574265,3.6206298518979443,-16.152630822256263,0.2,1,-10,10,400,0.8,0.5,eff,0.5,35,10,10
5.327510845438027,-17.503507624770375,1.6648435882347152,-30.943271322654805,4.086104166666667,-18.028421852008773,3.6206298518979443,-15.683552180371652,0.2,1,-10,10,400,0.8,0.5,eff,0.5,35,5,10
5.327510845438027,-13.706802534399266,1.7398467296524174,-27.603551489431837,4.086104166666667,-13.083636160420705,3.6206298518979443,-14.56745303496576,0.2,1,-10,10,400,0.8,1,eq,1,35,5,10
7.482433334471366,-10.590417768632122,1.7398467296524174,-28.09923324331241,4.086104166666667,-13.586719690914459,3.6206298518979443,-14.68100519545812,0.2,1,-10,10,400,0.8,1,eq,1,35,10,10
5.327510845438027,-12.316618528951274,1.7398467296524174,-26.213367483983845,4.086104166666667,-11.672693207516735,3.6206298518979443,-14.248985800555225,0.2,1,-10,10,400,0.8,1,eq,1,6.5,5,10
5.327510845438027,-14.426243307034792,1.7398467296524174,-28.322992262067363,4.086104166666667,-13.813819995202246,3.6206298518979443,-14.732264536377215,0.2,1,-10,10,400,0.8,1,eq,0.5,6.5,5,10
7.482433334471366,-15.959736888676467,1.7398467296524174,-33.46855236335676,4.086104166666667,-19.036216264340432,3.6206298518979443,-15.911023814635051,0.2,1,-10,10,400,0.8,1,eq,0.5,35,10,10
5.327510845438027,-12.316618528951274,1.7398467296524174,-24.977604186336976,4.086104166666667,-12.105018110360298,3.6206298518979443,-14.346566865680476,0.2,1,-10,10,400,0.8,1,eff,1,6.5,5,10
5.327510845438027,-17.503507624770375,1.7398467296524174,-31.400256579802935,4.086104166666667,-16.93703561719535,3.6206298518979443,-15.437212840315851,0.2,1,-10,10,400,0.8,1,eq,0.5,35,5,10
7.482433334471366,-10.590417768632122,1.7398467296524174,-26.78649749469527,4.086104166666667,-13.937793734312686,3.6206298518979443,-14.760246939034104,0.2,1,-10,10,400,0.8,1,eff,1,35,10,10
5.327510845438027,-13.706802534399266,1.7398467296524174,-26.367788191784967,4.086104166666667,-13.513556328893065,3.6206298518979443,-14.664491321870866,0.2,1,-10,10,400,0.8,1,eff,1,35,5,10
7.482433334471366,-13.567577996008495,1.7398467296524174,-31.076393470688785,4.086104166666667,-16.608336416387786,3.6206298518979443,-15.363021374800724,0.2,1,-10,10,400,0.8,1,eq,0.5,6.5,10,10
5.327510845438027,-14.426243307034792,1.7398467296524174,-27.087228964420493,4.086104166666667,-14.242495678065909,3.6206298518979443,-14.829021927524554,0.2,1,-10,10,400,0.8,1,eff,0.5,6.5,5,10
7.482433334471366,-13.567577996008495,1.7398467296524174,-29.763657722071645,4.086104166666667,-16.954260580697024,3.6206298518979443,-15.441100727120794,0.2,1,-10,10,400,0.8,1,eff,0.5,6.5,10,10
7.482433334471366,-10.590417768632232,1.7398467296524174,-26.786497494695382,4.086104166666667,-13.937793734312686,3.6206298518979443,-14.760246939034104,0.2,1,-10,10,400,0.8,1,eff,1,6.5,10,10
7.482433334471366,-15.959736888676467,1.7398467296524174,-32.15581661473962,4.086104166666667,-19.378002482373365,3.6206298518979443,-15.98816918142154,0.2,1,-10,10,400,0.8,1,eff,0.5,35,10,10
5.327510845438027,-17.503507624770375,1.7398467296524174,-30.164493282156084,4.086104166666667,-17.36038826129423,3.6206298518979443,-15.53276875593179,0.2,1,-10,10,400,0.8,1,eff,0.5,35,5,10
7.482433334471366,-10.590417768632122,1.6648435882347152,-29.007582865063966,6.129156249999999,-14.341899000345956,4.029240268564611,-14.799783404001566,0.2,1,-10,10,500,0.7,0.5,eq,1,35,10,10
5.327510845438027,-13.706802534399266,1.6648435882347152,-28.45878912523611,6.129156249999999,-13.784816015536911,4.029240268564611,-14.630299906839506,0.2,1,-10,10,500,0.7,0.5,eq,1,35,5,10
7.482433334471366,-15.959736888676467,1.6648435882347152,-34.37690198510832,6.129156249999999,-19.792318902773065,4.029240268564611,-16.457985595154877,0.2,1,-10,10,500,0.7,0.5,eq,0.5,35,10,10
5.327510845438027,-12.316618528951274,1.6648435882347152,-27.068605119788113,6.129156249999999,-12.37363400119664,4.029240268564611,-14.200970579891115,0.2,1,-10,10,500,0.7,0.5,eq,1,6.5,5,10
5.327510845438027,-14.426243307034792,1.6648435882347152,-29.17822989787163,6.129156249999999,-14.515123568134396,4.029240268564611,-14.852484179907034,0.2,1,-10,10,500,0.7,0.5,eq,0.5,6.5,5,10
5.327510845438027,-17.503507624770375,1.6648435882347152,-32.255494215607214,6.129156249999999,-17.638868368460017,4.029240268564611,-15.802833064072264,0.2,1,-10,10,500,0.7,0.5,eq,0.5,35,5,10
7.482433334471366,-10.590417768632232,1.6648435882347152,-27.62483324786962,6.129156249999999,-14.665948670659361,4.029240268564611,-14.89837028042118,0.2,1,-10,10,500,0.7,0.5,eff,1,6.5,10,10
5.327510845438027,-12.316618528951274,1.6648435882347152,-25.75638222683571,6.129156249999999,-12.772595618825006,4.029240268564611,-14.322348205905499,0.2,1,-10,10,500,0.7,0.5,eff,1,6.5,5,10
7.482433334471366,-10.590417768632232,1.6648435882347152,-29.007582865064077,6.129156249999999,-14.34189900034596,4.029240268564611,-14.799783404001566,0.2,1,-10,10,500,0.7,0.5,eq,1,6.5,10,10
5.327510845438027,-14.426243307034792,1.6648435882347152,-27.866007004919222,6.129156249999999,-14.910336703223596,4.029240268564611,-14.972721390674181,0.2,1,-10,10,500,0.7,0.5,eff,0.5,6.5,5,10
5.327510845438027,-17.503507624770375,1.6648435882347152,-30.943271322654805,6.129156249999999,-18.028613672583642,4.029240268564611,-15.921406775613601,0.2,1,-10,10,500,0.7,0.5,eff,0.5,35,5,10
7.482433334471366,-10.590417768632122,1.7398467296524174,-28.09923324331241,6.129156249999999,-13.586925670803716,4.029240268564611,-14.570094966831482,0.2,1,-10,10,500,0.7,1,eq,1,35,10,10
5.327510845438027,-13.706802534399266,1.7398467296524174,-27.603551489431837,6.129156249999999,-13.083842140310527,4.029240268564611,-14.417039931158726,0.2,1,-10,10,500,0.7,1,eq,1,35,5,10
5.327510845438027,-12.316618528951274,1.7398467296524174,-26.213367483983845,6.129156249999999,-11.672899187466257,4.029240268564611,-13.98778333480788,0.2,1,-10,10,500,0.7,1,eq,1,6.5,5,10
5.327510845438027,-13.706802534399266,1.6648435882347152,-27.1465662322837,6.129156249999999,-14.181307487505142,4.029240268564611,-14.750926030947632,0.2,1,-10,10,500,0.7,0.5,eff,1,35,5,10
7.482433334471366,-13.567577996008495,1.6648435882347152,-30.601993475245887,6.129156249999999,-17.682787399038908,4.029240268564611,-15.816194719512122,0.2,1,-10,10,500,0.7,0.5,eff,0.5,6.5,10,10
7.482433334471366,-10.590417768632232,1.7398467296524174,-28.099233243312522,6.129156249999999,-13.586925670803716,4.029240268564611,-14.570094966831482,0.2,1,-10,10,500,0.7,1,eq,1,6.5,10,10
7.482433334471366,-13.567577996008495,1.6648435882347152,-31.984743092440336,6.129156249999999,-17.364027689856183,4.029240268564611,-15.719217228294946,0.2,1,-10,10,500,0.7,0.5,eq,0.5,6.5,10,10
7.482433334471366,-15.959736888676467,1.6648435882347152,-32.994152367913856,6.129156249999999,-20.10682810917924,4.029240268564611,-16.553669939579073,0.2,1,-10,10,500,0.7,0.5,eff,0.5,35,10,10
7.482433334471366,-13.567577996008495,1.7398467296524174,-31.076393470688785,6.129156249999999,-16.60854239633661,4.029240268564611,-15.489373034356714,0.2,1,-10,10,500,0.7,1,eq,0.5,6.5,10,10
7.482433334471366,-10.590417768632122,1.6648435882347152,-27.62483324786951,6.129156249999999,-14.66594867065935,4.029240268564611,-14.89837028042118,0.2,1,-10,10,500,0.7,0.5,eff,1,35,10,10
5.327510845438027,-14.426243307034792,1.7398467296524174,-28.322992262067363,6.129156249999999,-13.814025975099582,4.029240268564611,-14.639186565082007,0.2,1,-10,10,500,0.7,1,eq,0.5,6.5,5,10
7.482433334471366,-15.959736888676467,1.7398467296524174,-33.46855236335676,6.129156249999999,-19.036422244255988,4.029240268564611,-16.228016250062648,0.2,1,-10,10,500,0.7,1,eq,0.5,35,10,10
5.327510845438027,-17.503507624770375,1.7398467296524174,-31.400256579802935,6.129156249999999,-16.937241597117914,4.029240268564611,-15.589374455297289,0.2,1,-10,10,500,0.7,1,eq,0.5,35,5,10
7.482433334471366,-10.590417768632122,1.7398467296524174,-26.78649749469527,6.129156249999999,-13.937975542979673,4.029240268564611,-14.676896218417056,0.2,1,-10,10,500,0.7,1,eff,1,35,10,10
7.482433334471366,-10.590417768632232,1.7398467296524174,-26.786497494695382,6.129156249999999,-13.937975542979673,4.029240268564611,-14.676896218417056,0.2,1,-10,10,500,0.7,1,eff,1,6.5,10,10
5.327510845438027,-14.426243307034792,1.7398467296524174,-27.087228964420493,6.129156249999999,-14.242677486685766,4.029240268564611,-14.769596861623825,0.2,1,-10,10,500,0.7,1,eff,0.5,6.5,5,10
7.482433334471366,-15.959736888676467,1.7398467296524174,-32.15581661473962,6.129156249999999,-19.378184291033385,4.029240268564611,-16.33199183083711,0.2,1,-10,10,500,0.7,1,eff,0.5,35,10,10
5.327510845438027,-12.316618528951274,1.7398467296524174,-24.977604186336976,6.129156249999999,-12.105199919012676,4.029240268564611,-14.119303847561216,0.2,1,-10,10,500,0.7,1,eff,1,6.5,5,10
5.327510845438027,-13.706802534399266,1.7398467296524174,-26.367788191784967,6.129156249999999,-13.513738137510058,4.029240268564611,-14.547828842340959,0.2,1,-10,10,500,0.7,1,eff,1,35,5,10
7.482433334471366,-10.590417768632122,1.6648435882347152,-29.007582865063966,6.129156249999999,-14.341899000345956,4.029240268564611,-14.799783404001566,0.2,1,-10,10,500,0.8,0.5,eq,1,35,10,10
7.482433334471366,-10.590417768632232,1.6648435882347152,-29.007582865064077,6.129156249999999,-14.34189900034596,4.029240268564611,-14.799783404001566,0.2,1,-10,10,500,0.8,0.5,eq,1,6.5,10,10
5.327510845438027,-13.706802534399266,1.6648435882347152,-28.45878912523611,6.129156249999999,-13.784816015536911,4.029240268564611,-14.630299906839506,0.2,1,-10,10,500,0.8,0.5,eq,1,35,5,10
5.327510845438027,-12.316618528951274,1.6648435882347152,-27.068605119788113,6.129156249999999,-12.37363400119664,4.029240268564611,-14.200970579891115,0.2,1,-10,10,500,0.8,0.5,eq,1,6.5,5,10
5.327510845438027,-17.503507624770375,1.7398467296524174,-30.164493282156084,6.129156249999999,-17.360570069953308,4.029240268564611,-15.718165303305277,0.2,1,-10,10,500,0.7,1,eff,0.5,35,5,10
7.482433334471366,-13.567577996008495,1.7398467296524174,-29.763657722071645,6.129156249999999,-16.954442389325383,4.029240268564611,-15.594607518407798,0.2,1,-10,10,500,0.7,1,eff,0.5,6.5,10,10
5.327510845438027,-14.426243307034792,1.6648435882347152,-29.17822989787163,6.129156249999999,-14.515123568134396,4.029240268564611,-14.852484179907034,0.2,1,-10,10,500,0.8,0.5,eq,0.5,6.5,5,10
5.327510845438027,-17.503507624770375,1.6648435882347152,-32.255494215607214,6.129156249999999,-17.638868368460017,4.029240268564611,-15.802833064072264,0.2,1,-10,10,500,0.8,0.5,eq,0.5,35,5,10
7.482433334471366,-13.567577996008495,1.6648435882347152,-31.984743092440336,6.129156249999999,-17.364027689856183,4.029240268564611,-15.719217228294946,0.2,1,-10,10,500,0.8,0.5,eq,0.5,6.5,10,10
7.482433334471366,-13.567577996008495,1.6648435882347152,-30.601993475245887,6.129156249999999,-17.682787399038908,4.029240268564611,-15.816194719512122,0.2,1,-10,10,500,0.8,0.5,eff,0.5,6.5,10,10
7.482433334471366,-15.959736888676467,1.6648435882347152,-34.37690198510832,6.129156249999999,-19.792318902773065,4.029240268564611,-16.457985595154877,0.2,1,-10,10,500,0.8,0.5,eq,0.5,35,10,10
5.327510845438027,-12.316618528951274,1.6648435882347152,-25.75638222683571,6.129156249999999,-12.772595618825006,4.029240268564611,-14.322348205905499,0.2,1,-10,10,500,0.8,0.5,eff,1,6.5,5,10
7.482433334471366,-10.590417768632232,1.6648435882347152,-27.62483324786962,6.129156249999999,-14.665948670659361,4.029240268564611,-14.89837028042118,0.2,1,-10,10,500,0.8,0.5,eff,1,6.5,10,10
5.327510845438027,-13.706802534399266,1.6648435882347152,-27.1465662322837,6.129156249999999,-14.181307487505142,4.029240268564611,-14.750926030947632,0.2,1,-10,10,500,0.8,0.5,eff,1,35,5,10
7.482433334471366,-10.590417768632122,1.6648435882347152,-27.62483324786951,6.129156249999999,-14.66594867065935,4.029240268564611,-14.89837028042118,0.2,1,-10,10,500,0.8,0.5,eff,1,35,10,10
5.327510845438027,-14.426243307034792,1.6648435882347152,-27.866007004919222,6.129156249999999,-14.910336703223596,4.029240268564611,-14.972721390674181,0.2,1,-10,10,500,0.8,0.5,eff,0.5,6.5,5,10
7.482433334471366,-15.959736888676467,1.6648435882347152,-32.994152367913856,6.129156249999999,-20.10682810917924,4.029240268564611,-16.553669939579073,0.2,1,-10,10,500,0.8,0.5,eff,0.5,35,10,10
5.327510845438027,-17.503507624770375,1.6648435882347152,-30.943271322654805,6.129156249999999,-18.028613672583642,4.029240268564611,-15.921406775613601,0.2,1,-10,10,500,0.8,0.5,eff,0.5,35,5,10
5.327510845438027,-13.706802534399266,1.7398467296524174,-27.603551489431837,6.129156249999999,-13.083842140310527,4.029240268564611,-14.417039931158726,0.2,1,-10,10,500,0.8,1,eq,1,35,5,10
7.482433334471366,-10.590417768632122,1.7398467296524174,-28.09923324331241,6.129156249999999,-13.586925670803716,4.029240268564611,-14.570094966831482,0.2,1,-10,10,500,0.8,1,eq,1,35,10,10
5.327510845438027,-12.316618528951274,1.7398467296524174,-26.213367483983845,6.129156249999999,-11.672899187466257,4.029240268564611,-13.98778333480788,0.2,1,-10,10,500,0.8,1,eq,1,6.5,5,10
7.482433334471366,-13.567577996008495,1.7398467296524174,-31.076393470688785,6.129156249999999,-16.60854239633661,4.029240268564611,-15.489373034356714,0.2,1,-10,10,500,0.8,1,eq,0.5,6.5,10,10
7.482433334471366,-10.590417768632232,1.7398467296524174,-28.099233243312522,6.129156249999999,-13.586925670803716,4.029240268564611,-14.570094966831482,0.2,1,-10,10,500,0.8,1,eq,1,6.5,10,10
7.482433334471366,-10.590417768632232,1.7398467296524174,-26.786497494695382,6.129156249999999,-13.937975542979673,4.029240268564611,-14.676896218417056,0.2,1,-10,10,500,0.8,1,eff,1,6.5,10,10
5.327510845438027,-14.426243307034792,1.7398467296524174,-27.087228964420493,6.129156249999999,-14.242677486685766,4.029240268564611,-14.769596861623825,0.2,1,-10,10,500,0.8,1,eff,0.5,6.5,5,10
5.327510845438027,-14.426243307034792,1.7398467296524174,-28.322992262067363,6.129156249999999,-13.814025975099582,4.029240268564611,-14.639186565082007,0.2,1,-10,10,500,0.8,1,eq,0.5,6.5,5,10
5.327510845438027,-13.706802534399266,1.7398467296524174,-26.367788191784967,6.129156249999999,-13.513738137510058,4.029240268564611,-14.547828842340959,0.2,1,-10,10,500,0.8,1,eff,1,35,5,10
5.327510845438027,-12.316618528951274,1.7398467296524174,-24.977604186336976,6.129156249999999,-12.105199919012676,4.029240268564611,-14.119303847561216,0.2,1,-10,10,500,0.8,1,eff,1,6.5,5,10
5.327510845438027,-17.503507624770375,1.7398467296524174,-31.400256579802935,6.129156249999999,-16.937241597117914,4.029240268564611,-15.589374455297289,0.2,1,-10,10,500,0.8,1,eq,0.5,35,5,10
7.482433334471366,-15.959736888676467,1.7398467296524174,-33.46855236335676,6.129156249999999,-19.036422244255988,4.029240268564611,-16.228016250062648,0.2,1,-10,10,500,0.8,1,eq,0.5,35,10,10
7.482433334471366,-13.567577996008495,1.7398467296524174,-29.763657722071645,6.129156249999999,-16.954442389325383,4.029240268564611,-15.594607518407798,0.2,1,-10,10,500,0.8,1,eff,0.5,6.5,10,10
5.327510845438027,-17.503507624770375,1.7398467296524174,-30.164493282156084,6.129156249999999,-17.360570069953308,4.029240268564611,-15.718165303305277,0.2,1,-10,10,500,0.8,1,eff,0.5,35,5,10
7.482433334471366,-10.590417768632122,1.7398467296524174,-26.78649749469527,6.129156249999999,-13.937975542979673,4.029240268564611,-14.676896218417056,0.2,1,-10,10,500,0.8,1,eff,1,35,10,10
7.482433334471366,-15.959736888676467,1.7398467296524174,-32.15581661473962,6.129156249999999,-19.378184291033385,4.029240268564611,-16.33199183083711,0.2,1,-10,10,500,0.8,1,eff,0.5,35,10,10
5.327510845438027,-14.426243307034792,0.664380693404857,-41.02295909198857,2.4516625,-25.849735764708388,3.293741518564611,-16.615177764212397,0.2,3,-20,2,400,0.7,0.5,eff,0.5,6.5,5,10
5.327510845438027,-13.706802534399266,0.664380693404857,-40.303518319353046,2.4516625,-25.118911612198122,3.293741518564611,-16.506381481401267,0.2,3,-20,2,400,0.7,0.5,eff,1,35,5,10
5.327510845438027,-12.316618528951274,0.664380693404857,-42.27098993906767,2.4516625,-24.5113625630965,3.293741518564611,-16.41593690873533,0.2,3,-20,2,400,0.7,0.5,eq,1,6.5,5,10
7.482433334471366,-13.567577996008495,0.664380693404857,-47.187127911719884,2.4516625,-29.518664215174603,3.293741518564611,-17.161363568198084,0.2,3,-20,2,400,0.7,0.5,eq,0.5,6.5,10,10
7.482433334471366,-10.590417768632122,0.664380693404857,-44.20996768434352,2.4516625,-26.486296244928454,3.293741518564611,-16.70994120873537,0.2,3,-20,2,400,0.7,0.5,eq,1,35,10,10
7.482433334471366,-10.590417768632232,0.664380693404857,-44.209967684343624,2.4516625,-26.486296244928454,3.293741518564611,-16.70994120873537,0.2,3,-20,2,400,0.7,0.5,eq,1,6.5,10,10
5.327510845438027,-14.426243307034792,0.664380693404857,-44.380614717151175,2.4516625,-26.660107715476446,3.293741518564611,-16.735816163525264,0.2,3,-20,2,400,0.7,0.5,eq,0.5,6.5,5,10
5.327510845438027,-12.316618528951274,0.664380693404857,-38.913334313905054,2.4516625,-23.7067313652801,3.293741518564611,-16.296153123462776,0.2,3,-20,2,400,0.7,0.5,eff,1,6.5,5,10
7.482433334471366,-10.590417768632232,0.664380693404857,-40.78178533493897,2.4516625,-25.604746026361656,3.293741518564611,-16.578706647641607,0.2,3,-20,2,400,0.7,0.5,eff,1,6.5,10,10
7.482433334471366,-10.590417768632122,0.664380693404857,-40.78178533493885,2.4516625,-25.604746026361656,3.293741518564611,-16.578706647641607,0.2,3,-20,2,400,0.7,0.5,eff,1,35,10,10
5.327510845438027,-13.706802534399266,0.664380693404857,-43.66117394451566,2.4516625,-25.92732580615141,3.293741518564611,-16.626728433498883,0.2,3,-20,2,400,0.7,0.5,eq,1,35,5,10
7.482433334471366,-15.959736888676467,0.664380693404857,-49.57928680438786,2.4516625,-31.95518272677858,3.293741518564611,-17.524083048872985,0.2,3,-20,2,400,0.7,0.5,eq,0.5,35,10,10
7.482433334471366,-15.959736888676467,0.664380693404857,-46.1511044549832,2.4516625,-31.05902141050228,3.293741518564611,-17.390673363827602,0.2,3,-20,2,400,0.7,0.5,eff,0.5,35,10,10
7.482433334471366,-13.567577996008495,0.664380693404857,-43.75894556231523,2.4516625,-28.629012489342692,3.293741518564611,-17.02892295244307,0.2,3,-20,2,400,0.7,0.5,eff,0.5,6.5,10,10
5.327510845438027,-17.503507624770375,0.664380693404857,-47.45787903488676,2.4516625,-29.79443608188572,3.293741518564611,-17.20241715666948,0.2,3,-20,2,400,0.7,0.5,eq,0.5,35,5,10
5.327510845438027,-17.503507624770375,0.664380693404857,-44.100223409724144,2.4516625,-28.97569021867809,3.293741518564611,-17.08053215029959,0.2,3,-20,2,400,0.7,0.5,eff,0.5,35,5,10
7.482433334471366,-10.590417768632232,0.6968241909147566,-42.82863815415732,2.4516625,-25.24393563566141,3.293741518564611,-16.524993549664412,0.2,3,-20,2,400,0.7,1,eq,1,6.5,10,10
5.327510845438027,-12.316618528951274,0.6968241909147566,-40.94277239482864,2.4516625,-23.323423136389486,3.293741518564611,-16.239090818760516,0.2,3,-20,2,400,0.7,1,eq,1,6.5,5,10
5.327510845438027,-13.706802534399266,0.6968241909147566,-42.33295640027663,2.4516625,-24.73914731791815,3.293741518564611,-16.44984675492811,0.2,3,-20,2,400,0.7,1,eq,1,35,5,10
7.482433334471366,-10.590417768632122,0.6968241909147566,-39.54472443102662,2.4516625,-24.467767001344537,3.293741518564611,-16.409446927459605,0.2,3,-20,2,400,0.7,1,eff,1,35,10,10
5.327510845438027,-14.426243307034792,0.6968241909147566,-39.845455900751844,2.4516625,-24.773219336842597,3.293741518564611,-16.454918986044454,0.2,3,-20,2,400,0.7,1,eff,0.5,6.5,5,10
7.482433334471366,-10.590417768632122,0.6968241909147566,-42.82863815415721,2.4516625,-25.24393563566141,3.293741518564611,-16.524993549664412,0.2,3,-20,2,400,0.7,1,eq,1,35,10,10
5.327510845438027,-12.316618528951274,0.6968241909147566,-37.73583112266833,2.4516625,-22.630477785554778,3.293741518564611,-16.135933474954566,0.2,3,-20,2,400,0.7,1,eff,1,6.5,5,10
5.327510845438027,-14.426243307034792,0.6968241909147566,-43.05239717291216,2.4516625,-25.47180550936985,3.293741518564611,-16.558916067330287,0.2,3,-20,2,400,0.7,1,eq,0.5,6.5,5,10
7.482433334471366,-15.959736888676467,0.6968241909147566,-48.197957274201556,2.4516625,-30.711898788453237,3.293741518564611,-17.338997935711365,0.2,3,-20,2,400,0.7,1,eq,0.5,35,10,10
5.327510845438027,-13.706802534399266,0.6968241909147566,-39.126015128116315,2.4516625,-24.042484822759068,3.293741518564611,-16.346136047520666,0.2,3,-20,2,400,0.7,1,eff,1,35,5,10
5.327510845438027,-17.503507624770375,0.6968241909147566,-46.12966149064773,2.4516625,-28.60560469779521,3.293741518564611,-17.025438282840422,0.2,3,-20,2,400,0.7,1,eq,0.5,35,5,10
7.482433334471366,-13.567577996008495,0.6968241909147566,-45.805798381533585,2.4516625,-28.275791641981545,3.293741518564611,-16.976339694114383,0.2,3,-20,2,400,0.7,1,eq,0.5,6.5,10,10
7.482433334471366,-10.590417768632232,0.6968241909147566,-39.54472443102673,2.4516625,-24.467767001344537,3.293741518564611,-16.409446927459605,0.2,3,-20,2,400,0.7,1,eff,1,6.5,10,10
7.482433334471366,-13.567577996008495,0.6968241909147566,-42.521884658402996,2.4516625,-27.491662525532647,3.293741518564611,-16.859608011368763,0.2,3,-20,2,400,0.7,1,eff,0.5,6.5,10,10
7.482433334471366,-15.959736888676467,0.6968241909147566,-44.914043551070975,2.4516625,-29.921373396109903,3.293741518564611,-17.221314052578208,0.2,3,-20,2,400,0.7,1,eff,0.5,35,10,10
5.327510845438027,-17.503507624770375,0.6968241909147566,-42.922720218487434,2.4516625,-27.89879038006812,3.293741518564611,-16.920216294565527,0.2,3,-20,2,400,0.7,1,eff,0.5,35,5,10
7.482433334471366,-13.567577996008495,0.664380693404857,-47.187127911719884,2.4516625,-29.518664215174603,3.293741518564611,-17.161363568198084,0.2,3,-20,2,400,0.8,0.5,eq,0.5,6.5,10,10
7.482433334471366,-10.590417768632232,0.664380693404857,-44.209967684343624,2.4516625,-26.486296244928454,3.293741518564611,-16.70994120873537,0.2,3,-20,2,400,0.8,0.5,eq,1,6.5,10,10
5.327510845438027,-12.316618528951274,0.664380693404857,-42.27098993906767,2.4516625,-24.5113625630965,3.293741518564611,-16.41593690873533,0.2,3,-20,2,400,0.8,0.5,eq,1,6.5,5,10
5.327510845438027,-13.706802534399266,0.664380693404857,-40.303518319353046,2.4516625,-25.118911612198122,3.293741518564611,-16.506381481401267,0.2,3,-20,2,400,0.8,0.5,eff,1,35,5,10
5.327510845438027,-13.706802534399266,0.664380693404857,-43.66117394451566,2.4516625,-25.92732580615141,3.293741518564611,-16.626728433498883,0.2,3,-20,2,400,0.8,0.5,eq,1,35,5,10
7.482433334471366,-10.590417768632122,0.664380693404857,-44.20996768434352,2.4516625,-26.486296244928454,3.293741518564611,-16.70994120873537,0.2,3,-20,2,400,0.8,0.5,eq,1,35,10,10
7.482433334471366,-15.959736888676467,0.664380693404857,-49.57928680438786,2.4516625,-31.95518272677858,3.293741518564611,-17.524083048872985,0.2,3,-20,2,400,0.8,0.5,eq,0.5,35,10,10
5.327510845438027,-12.316618528951274,0.664380693404857,-38.913334313905054,2.4516625,-23.7067313652801,3.293741518564611,-16.296153123462776,0.2,3,-20,2,400,0.8,0.5,eff,1,6.5,5,10
5.327510845438027,-14.426243307034792,0.664380693404857,-44.380614717151175,2.4516625,-26.660107715476446,3.293741518564611,-16.735816163525264,0.2,3,-20,2,400,0.8,0.5,eq,0.5,6.5,5,10
7.482433334471366,-10.590417768632122,0.664380693404857,-40.78178533493885,2.4516625,-25.604746026361656,3.293741518564611,-16.578706647641607,0.2,3,-20,2,400,0.8,0.5,eff,1,35,10,10
7.482433334471366,-10.590417768632232,0.664380693404857,-40.78178533493897,2.4516625,-25.604746026361656,3.293741518564611,-16.578706647641607,0.2,3,-20,2,400,0.8,0.5,eff,1,6.5,10,10
5.327510845438027,-17.503507624770375,0.664380693404857,-47.45787903488676,2.4516625,-29.79443608188572,3.293741518564611,-17.20241715666948,0.2,3,-20,2,400,0.8,0.5,eq,0.5,35,5,10
5.327510845438027,-14.426243307034792,0.664380693404857,-41.02295909198857,2.4516625,-25.849735764708388,3.293741518564611,-16.615177764212397,0.2,3,-20,2,400,0.8,0.5,eff,0.5,6.5,5,10
7.482433334471366,-15.959736888676467,0.664380693404857,-46.1511044549832,2.4516625,-31.05902141050228,3.293741518564611,-17.390673363827602,0.2,3,-20,2,400,0.8,0.5,eff,0.5,35,10,10
5.327510845438027,-17.503507624770375,0.664380693404857,-44.100223409724144,2.4516625,-28.97569021867809,3.293741518564611,-17.08053215029959,0.2,3,-20,2,400,0.8,0.5,eff,0.5,35,5,10
7.482433334471366,-13.567577996008495,0.664380693404857,-43.75894556231523,2.4516625,-28.629012489342692,3.293741518564611,-17.02892295244307,0.2,3,-20,2,400,0.8,0.5,eff,0.5,6.5,10,10
7.482433334471366,-10.590417768632232,0.6968241909147566,-42.82863815415732,2.4516625,-25.24393563566141,3.293741518564611,-16.524993549664412,0.2,3,-20,2,400,0.8,1,eq,1,6.5,10,10
5.327510845438027,-12.316618528951274,0.6968241909147566,-40.94277239482864,2.4516625,-23.323423136389486,3.293741518564611,-16.239090818760516,0.2,3,-20,2,400,0.8,1,eq,1,6.5,5,10
5.327510845438027,-13.706802534399266,0.6968241909147566,-42.33295640027663,2.4516625,-24.73914731791815,3.293741518564611,-16.44984675492811,0.2,3,-20,2,400,0.8,1,eq,1,35,5,10
7.482433334471366,-10.590417768632122,0.6968241909147566,-42.82863815415721,2.4516625,-25.24393563566141,3.293741518564611,-16.524993549664412,0.2,3,-20,2,400,0.8,1,eq,1,35,10,10
7.482433334471366,-10.590417768632122,0.6968241909147566,-39.54472443102662,2.4516625,-24.467767001344537,3.293741518564611,-16.409446927459605,0.2,3,-20,2,400,0.8,1,eff,1,35,10,10
7.482433334471366,-13.567577996008495,0.6968241909147566,-45.805798381533585,2.4516625,-28.275791641981545,3.293741518564611,-16.976339694114383,0.2,3,-20,2,400,0.8,1,eq,0.5,6.5,10,10
5.327510845438027,-12.316618528951274,0.6968241909147566,-37.73583112266833,2.4516625,-22.630477785554778,3.293741518564611,-16.135933474954566,0.2,3,-20,2,400,0.8,1,eff,1,6.5,5,10
5.327510845438027,-13.706802534399266,0.6968241909147566,-39.126015128116315,2.4516625,-24.042484822759068,3.293741518564611,-16.346136047520666,0.2,3,-20,2,400,0.8,1,eff,1,35,5,10
5.327510845438027,-14.426243307034792,0.6968241909147566,-43.05239717291216,2.4516625,-25.47180550936985,3.293741518564611,-16.558916067330287,0.2,3,-20,2,400,0.8,1,eq,0.5,6.5,5,10
5.327510845438027,-17.503507624770375,0.6968241909147566,-46.12966149064773,2.4516625,-28.60560469779521,3.293741518564611,-17.025438282840422,0.2,3,-20,2,400,0.8,1,eq,0.5,35,5,10
7.482433334471366,-15.959736888676467,0.6968241909147566,-48.197957274201556,2.4516625,-30.711898788453237,3.293741518564611,-17.338997935711365,0.2,3,-20,2,400,0.8,1,eq,0.5,35,10,10
7.482433334471366,-10.590417768632232,0.6968241909147566,-39.54472443102673,2.4516625,-24.467767001344537,3.293741518564611,-16.409446927459605,0.2,3,-20,2,400,0.8,1,eff,1,6.5,10,10
7.482433334471366,-13.567577996008495,0.6968241909147566,-42.521884658402996,2.4516625,-27.491662525532647,3.293741518564611,-16.859608011368763,0.2,3,-20,2,400,0.8,1,eff,0.5,6.5,10,10
5.327510845438027,-14.426243307034792,0.6968241909147566,-39.845455900751844,2.4516625,-24.773219336842597,3.293741518564611,-16.454918986044454,0.2,3,-20,2,400,0.8,1,eff,0.5,6.5,5,10
5.327510845438027,-17.503507624770375,0.6968241909147566,-42.922720218487434,2.4516625,-27.89879038006812,3.293741518564611,-16.920216294565527,0.2,3,-20,2,400,0.8,1,eff,0.5,35,5,10
7.482433334471366,-15.959736888676467,0.6968241909147566,-44.914043551070975,2.4516625,-29.921373396109903,3.293741518564611,-17.221314052578208,0.2,3,-20,2,400,0.8,1,eff,0.5,35,10,10
7.482433334471366,-10.590417768632232,0.664380693404857,-44.209967684343624,3.6774937499999996,-26.486430693677377,3.538907768564611,-17.387249391522918,0.2,3,-20,2,500,0.7,0.5,eq,1,6.5,10,10
5.327510845438027,-12.316618528951274,0.664380693404857,-42.27098993906767,3.6774937499999996,-24.51149701148305,3.538907768564611,-16.976794711836106,0.2,3,-20,2,500,0.7,0.5,eq,1,6.5,5,10
5.327510845438027,-13.706802534399266,0.664380693404857,-43.66117394451566,3.6774937499999996,-25.927460254864958,3.538907768564611,-17.27107737294542,0.2,3,-20,2,500,0.7,0.5,eq,1,35,5,10
7.482433334471366,-15.959736888676467,0.664380693404857,-49.57928680438786,3.6774937499999996,-31.955317175055544,3.538907768564611,-18.523859734034588,0.2,3,-20,2,500,0.7,0.5,eq,0.5,35,10,10
7.482433334471366,-13.567577996008495,0.664380693404857,-47.187127911719884,3.6774937499999996,-29.518798663774973,3.538907768564611,-18.01747289476252,0.2,3,-20,2,500,0.7,0.5,eq,0.5,6.5,10,10
7.482433334471366,-10.590417768632232,0.664380693404857,-40.78178533493897,3.6774937499999996,-25.604860438757985,3.538907768564611,-17.204030765061272,0.2,3,-20,2,500,0.7,0.5,eff,1,6.5,10,10
7.482433334471366,-10.590417768632122,0.664380693404857,-44.20996768434352,3.6774937499999996,-26.486430693677377,3.538907768564611,-17.387249391522918,0.2,3,-20,2,500,0.7,0.5,eq,1,35,10,10
7.482433334471366,-10.590417768632122,0.664380693404857,-40.78178533493885,3.6774937499999996,-25.604860438757985,3.538907768564611,-17.204030765061272,0.2,3,-20,2,500,0.7,0.5,eff,1,35,10,10
5.327510845438027,-14.426243307034792,0.664380693404857,-44.380614717151175,3.6774937499999996,-26.660242164059234,3.538907768564611,-17.423373000150733,0.2,3,-20,2,500,0.7,0.5,eq,0.5,6.5,5,10
5.327510845438027,-13.706802534399266,0.664380693404857,-40.303518319353046,3.6774937499999996,-25.119026024252904,3.538907768564611,-17.103058762414246,0.2,3,-20,2,500,0.7,0.5,eff,1,35,5,10
5.327510845438027,-12.316618528951274,0.664380693404857,-38.913334313905054,3.6774937499999996,-23.706845777497808,3.538907768564611,-16.8095623295631,0.2,3,-20,2,500,0.7,0.5,eff,1,6.5,5,10
5.327510845438027,-17.503507624770375,0.664380693404857,-47.45787903488676,3.6774937499999996,-29.79457053060837,3.538907768564611,-18.074787150065497,0.2,3,-20,2,500,0.7,0.5,eq,0.5,35,5,10
7.482433334471366,-13.567577996008495,0.664380693404857,-43.75894556231523,3.6774937499999996,-28.629126901442834,3.538907768564611,-17.832570514734968,0.2,3,-20,2,500,0.7,0.5,eff,0.5,6.5,10,10
5.327510845438027,-17.503507624770375,0.664380693404857,-44.100223409724144,3.6774937499999996,-28.975804631092046,3.538907768564611,-17.904621286748636,0.2,3,-20,2,500,0.7,0.5,eff,0.5,35,5,10
5.327510845438027,-14.426243307034792,0.664380693404857,-41.02295909198857,3.6774937499999996,-25.849850177106777,3.538907768564611,-17.254947504943274,0.2,3,-20,2,500,0.7,0.5,eff,0.5,6.5,5,10
7.482433334471366,-15.959736888676467,0.664380693404857,-46.1511044549832,3.6774937499999996,-31.059135822931495,3.538907768564611,-18.337604452075773,0.2,3,-20,2,500,0.7,0.5,eff,0.5,35,10,10
5.327510845438027,-12.316618528951274,0.6968241909147566,-40.94277239482864,3.6774937499999996,-23.323550114875502,3.538907768564611,-16.72990117443396,0.2,3,-20,2,500,0.7,1,eq,1,6.5,5,10
7.482433334471366,-10.590417768632232,0.6968241909147566,-42.82863815415732,3.6774937499999996,-25.244062614330048,3.538907768564611,-17.12904538363191,0.2,3,-20,2,500,0.7,1,eq,1,6.5,10,10
7.482433334471366,-10.590417768632122,0.6968241909147566,-42.82863815415721,3.6774937499999996,-25.244062614330048,3.538907768564611,-17.12904538363191,0.2,3,-20,2,500,0.7,1,eq,1,35,10,10
5.327510845438027,-14.426243307034792,0.6968241909147566,-43.05239717291216,3.6774937499999996,-25.47193248783118,3.538907768564611,-17.17640406548615,0.2,3,-20,2,500,0.7,1,eq,0.5,6.5,5,10
5.327510845438027,-12.316618528951274,0.6968241909147566,-37.73583112266833,3.6774937499999996,-22.630585998740806,3.538907768564611,-16.585880964091302,0.2,3,-20,2,500,0.7,1,eff,1,6.5,5,10
7.482433334471366,-10.590417768632232,0.6968241909147566,-39.54472443102673,3.6774937499999996,-24.467875214268645,3.538907768564611,-16.967728700676197,0.2,3,-20,2,500,0.7,1,eff,1,6.5,10,10
5.327510845438027,-13.706802534399266,0.6968241909147566,-42.33295640027663,3.6774937499999996,-24.73927429667963,3.538907768564611,-17.024134150865567,0.2,3,-20,2,500,0.7,1,eq,1,35,5,10
7.482433334471366,-13.567577996008495,0.6968241909147566,-45.805798381533585,3.6774937499999996,-28.275918620289207,3.538907768564611,-17.75916248427267,0.2,3,-20,2,500,0.7,1,eq,0.5,6.5,10,10
7.482433334471366,-15.959736888676467,0.6968241909147566,-48.197957274201556,3.6774937499999996,-30.712025766840014,3.538907768564611,-18.265463828735506,0.2,3,-20,2,500,0.7,1,eq,0.5,35,10,10
5.327510845438027,-17.503507624770375,0.6968241909147566,-46.12966149064773,3.6774937499999996,-28.605731676227148,3.538907768564611,-17.827708235176544,0.2,3,-20,2,500,0.7,1,eq,0.5,35,5,10
5.327510845438027,-13.706802534399266,0.6968241909147566,-39.126015128116315,3.6774937499999996,-24.042593035972804,3.538907768564611,-16.87934139843783,0.2,3,-20,2,500,0.7,1,eff,1,35,5,10
7.482433334471366,-10.590417768632122,0.6968241909147566,-39.54472443102662,3.6774937499999996,-24.467875214268645,3.538907768564611,-16.967728700676197,0.2,3,-20,2,500,0.7,1,eff,1,35,10,10
7.482433334471366,-13.567577996008495,0.6968241909147566,-42.521884658402996,3.6774937499999996,-27.491770738395406,3.538907768564611,-17.596191357398094,0.2,3,-20,2,500,0.7,1,eff,0.5,6.5,10,10
5.327510845438027,-14.426243307034792,0.6968241909147566,-39.845455900751844,3.6774937499999996,-24.773327550064735,3.538907768564611,-17.031211511151945,0.2,3,-20,2,500,0.7,1,eff,0.5,6.5,5,10
7.482433334471366,-15.959736888676467,0.6968241909147566,-44.914043551070975,3.6774937499999996,-29.921481609379597,3.538907768564611,-18.10116335026668,0.2,3,-20,2,500,0.7,1,eff,0.5,35,10,10
5.327510845438027,-17.503507624770375,0.6968241909147566,-42.922720218487434,3.6774937499999996,-27.898898592926887,3.538907768564611,-17.680805607805606,0.2,3,-20,2,500,0.7,1,eff,0.5,35,5,10
7.482433334471366,-10.590417768632122,0.664380693404857,-44.20996768434352,3.6774937499999996,-26.486430693677377,3.538907768564611,-17.387249391522918,0.2,3,-20,2,500,0.8,0.5,eq,1,35,10,10
5.327510845438027,-13.706802534399266,0.664380693404857,-43.66117394451566,3.6774937499999996,-25.927460254864958,3.538907768564611,-17.27107737294542,0.2,3,-20,2,500,0.8,0.5,eq,1,35,5,10
7.482433334471366,-10.590417768632232,0.664380693404857,-44.209967684343624,3.6774937499999996,-26.486430693677377,3.538907768564611,-17.387249391522918,0.2,3,-20,2,500,0.8,0.5,eq,1,6.5,10,10
5.327510845438027,-14.426243307034792,0.664380693404857,-44.380614717151175,3.6774937499999996,-26.660242164059234,3.538907768564611,-17.423373000150733,0.2,3,-20,2,500,0.8,0.5,eq,0.5,6.5,5,10
5.327510845438027,-12.316618528951274,0.664380693404857,-42.27098993906767,3.6774937499999996,-24.51149701148305,3.538907768564611,-16.976794711836106,0.2,3,-20,2,500,0.8,0.5,eq,1,6.5,5,10
7.482433334471366,-10.590417768632122,0.664380693404857,-40.78178533493885,3.6774937499999996,-25.604860438757985,3.538907768564611,-17.204030765061272,0.2,3,-20,2,500,0.8,0.5,eff,1,35,10,10
5.327510845438027,-17.503507624770375,0.664380693404857,-47.45787903488676,3.6774937499999996,-29.79457053060837,3.538907768564611,-18.074787150065497,0.2,3,-20,2,500,0.8,0.5,eq,0.5,35,5,10
7.482433334471366,-15.959736888676467,0.664380693404857,-49.57928680438786,3.6774937499999996,-31.955317175055544,3.538907768564611,-18.523859734034588,0.2,3,-20,2,500,0.8,0.5,eq,0.5,35,10,10
5.327510845438027,-12.316618528951274,0.664380693404857,-38.913334313905054,3.6774937499999996,-23.706845777497808,3.538907768564611,-16.8095623295631,0.2,3,-20,2,500,0.8,0.5,eff,1,6.5,5,10
5.327510845438027,-13.706802534399266,0.664380693404857,-40.303518319353046,3.6774937499999996,-25.119026024252904,3.538907768564611,-17.103058762414246,0.2,3,-20,2,500,0.8,0.5,eff,1,35,5,10
7.482433334471366,-13.567577996008495,0.664380693404857,-47.187127911719884,3.6774937499999996,-29.518798663774973,3.538907768564611,-18.01747289476252,0.2,3,-20,2,500,0.8,0.5,eq,0.5,6.5,10,10
7.482433334471366,-10.590417768632232,0.664380693404857,-40.78178533493897,3.6774937499999996,-25.604860438757985,3.538907768564611,-17.204030765061272,0.2,3,-20,2,500,0.8,0.5,eff,1,6.5,10,10
7.482433334471366,-13.567577996008495,0.664380693404857,-43.75894556231523,3.6774937499999996,-28.629126901442834,3.538907768564611,-17.832570514734968,0.2,3,-20,2,500,0.8,0.5,eff,0.5,6.5,10,10
5.327510845438027,-14.426243307034792,0.664380693404857,-41.02295909198857,3.6774937499999996,-25.849850177106777,3.538907768564611,-17.254947504943274,0.2,3,-20,2,500,0.8,0.5,eff,0.5,6.5,5,10
7.482433334471366,-15.959736888676467,0.664380693404857,-46.1511044549832,3.6774937499999996,-31.059135822931495,3.538907768564611,-18.337604452075773,0.2,3,-20,2,500,0.8,0.5,eff,0.5,35,10,10
7.482433334471366,-10.590417768632122,0.6968241909147566,-42.82863815415721,3.6774937499999996,-25.244062614330048,3.538907768564611,-17.12904538363191,0.2,3,-20,2,500,0.8,1,eq,1,35,10,10
5.327510845438027,-14.426243307034792,0.6968241909147566,-43.05239717291216,3.6774937499999996,-25.47193248783118,3.538907768564611,-17.17640406548615,0.2,3,-20,2,500,0.8,1,eq,0.5,6.5,5,10
7.482433334471366,-15.959736888676467,0.6968241909147566,-48.197957274201556,3.6774937499999996,-30.712025766840014,3.538907768564611,-18.265463828735506,0.2,3,-20,2,500,0.8,1,eq,0.5,35,10,10
5.327510845438027,-17.503507624770375,0.664380693404857,-44.100223409724144,3.6774937499999996,-28.975804631092046,3.538907768564611,-17.904621286748636,0.2,3,-20,2,500,0.8,0.5,eff,0.5,35,5,10
5.327510845438027,-17.503507624770375,0.6968241909147566,-46.12966149064773,3.6774937499999996,-28.605731676227148,3.538907768564611,-17.827708235176544,0.2,3,-20,2,500,0.8,1,eq,0.5,35,5,10
5.327510845438027,-13.706802534399266,0.6968241909147566,-42.33295640027663,3.6774937499999996,-24.73927429667963,3.538907768564611,-17.024134150865567,0.2,3,-20,2,500,0.8,1,eq,1,35,5,10
7.482433334471366,-10.590417768632232,0.6968241909147566,-42.82863815415732,3.6774937499999996,-25.244062614330048,3.538907768564611,-17.12904538363191,0.2,3,-20,2,500,0.8,1,eq,1,6.5,10,10
5.327510845438027,-12.316618528951274,0.6968241909147566,-40.94277239482864,3.6774937499999996,-23.323550114875502,3.538907768564611,-16.72990117443396,0.2,3,-20,2,500,0.8,1,eq,1,6.5,5,10
7.482433334471366,-13.567577996008495,0.6968241909147566,-45.805798381533585,3.6774937499999996,-28.275918620289207,3.538907768564611,-17.75916248427267,0.2,3,-20,2,500,0.8,1,eq,0.5,6.5,10,10
5.327510845438027,-12.316618528951274,0.6968241909147566,-37.73583112266833,3.6774937499999996,-22.630585998740806,3.538907768564611,-16.585880964091302,0.2,3,-20,2,500,0.8,1,eff,1,6.5,5,10
7.482433334471366,-10.590417768632122,0.6968241909147566,-39.54472443102662,3.6774937499999996,-24.467875214268645,3.538907768564611,-16.967728700676197,0.2,3,-20,2,500,0.8,1,eff,1,35,10,10
7.482433334471366,-10.590417768632232,0.6968241909147566,-39.54472443102673,3.6774937499999996,-24.467875214268645,3.538907768564611,-16.967728700676197,0.2,3,-20,2,500,0.8,1,eff,1,6.5,10,10
5.327510845438027,-13.706802534399266,0.6968241909147566,-39.126015128116315,3.6774937499999996,-24.042593035972804,3.538907768564611,-16.87934139843783,0.2,3,-20,2,500,0.8,1,eff,1,35,5,10
7.482433334471366,-13.567577996008495,0.6968241909147566,-42.521884658402996,3.6774937499999996,-27.491770738395406,3.538907768564611,-17.596191357398094,0.2,3,-20,2,500,0.8,1,eff,0.5,6.5,10,10
5.327510845438027,-12.316618528951274,0.664380693404857,-42.27098993906767,12.2583125,-24.512438151690862,5.255071518564611,-19.43786308477091,0.2,3,-20,10,400,0.7,0.5,eq,1,6.5,5,10
7.482433334471366,-15.959736888676467,0.6968241909147566,-44.914043551070975,3.6774937499999996,-29.921481609379597,3.538907768564611,-18.10116335026668,0.2,3,-20,2,500,0.8,1,eff,0.5,35,10,10
7.482433334471366,-10.590417768632122,0.664380693404857,-44.20996768434352,12.2583125,-26.48737183340976,5.255071518564611,-20.35923415086438,0.2,3,-20,10,400,0.7,0.5,eq,1,35,10,10
7.482433334471366,-10.590417768632232,0.664380693404857,-44.209967684343624,12.2583125,-26.487371833409792,5.255071518564611,-20.35923415086438,0.2,3,-20,10,400,0.7,0.5,eq,1,6.5,10,10
7.482433334471366,-10.590417768632232,0.664380693404857,-40.78178533493897,12.2583125,-25.605661324967468,5.255071518564611,-19.947887401011943,0.2,3,-20,10,400,0.7,0.5,eff,1,6.5,10,10
5.327510845438027,-14.426243307034792,0.664380693404857,-44.380614717151175,12.2583125,-26.661183303932273,5.255071518564611,-20.440322878742755,0.2,3,-20,10,400,0.7,0.5,eq,0.5,6.5,5,10
7.482433334471366,-15.959736888676467,0.664380693404857,-49.57928680438786,12.2583125,-31.956258315232315,5.255071518564611,-22.910648314663163,0.2,3,-20,10,400,0.7,0.5,eq,0.5,35,10,10
5.327510845438027,-14.426243307034792,0.6968241909147566,-39.845455900751844,3.6774937499999996,-24.773327550064735,3.538907768564611,-17.031211511151945,0.2,3,-20,2,500,0.8,1,eff,0.5,6.5,5,10
5.327510845438027,-17.503507624770375,0.6968241909147566,-42.922720218487434,3.6774937499999996,-27.898898592926887,3.538907768564611,-17.680805607805606,0.2,3,-20,2,500,0.8,1,eff,0.5,35,5,10
7.482433334471366,-13.567577996008495,0.664380693404857,-47.187127911719884,12.2583125,-29.51973980362158,5.255071518564611,-21.773932849541765,0.2,3,-20,10,400,0.7,0.5,eq,0.5,6.5,10,10
5.327510845438027,-13.706802534399266,0.664380693404857,-43.66117394451566,12.2583125,-25.92840139460745,5.255071518564611,-20.098456184555523,0.2,3,-20,10,400,0.7,0.5,eq,1,35,5,10
5.327510845438027,-12.316618528951274,0.664380693404857,-38.913334313905054,12.2583125,-23.707646663694895,5.255071518564611,-19.0624015702191,0.2,3,-20,10,400,0.7,0.5,eff,1,6.5,5,10
5.327510845438027,-17.503507624770375,0.664380693404857,-47.45787903488676,12.2583125,-29.795511670332687,5.255071518564611,-21.90258943238399,0.2,3,-20,10,400,0.7,0.5,eq,0.5,35,5,10
7.482433334471366,-10.590417768632122,0.664380693404857,-40.78178533493885,12.2583125,-25.605661324967468,5.255071518564611,-19.947887401011943,0.2,3,-20,10,400,0.7,0.5,eff,1,35,10,10
5.327510845438027,-13.706802534399266,0.664380693404857,-40.303518319353046,12.2583125,-25.11982691060015,5.255071518564611,-19.721229778807192,0.2,3,-20,10,400,0.7,0.5,eff,1,35,5,10
7.482433334471366,-13.567577996008495,0.664380693404857,-43.75894556231523,12.2583125,-28.629927787718383,5.255071518564611,-21.358806481854288,0.2,3,-20,10,400,0.7,0.5,eff,0.5,6.5,10,10
5.327510845438027,-14.426243307034792,0.664380693404857,-41.02295909198857,12.2583125,-25.85065106331883,5.255071518564611,-20.062183115595378,0.2,3,-20,10,400,0.7,0.5,eff,0.5,6.5,5,10
5.327510845438027,-13.706802534399266,0.6968241909147566,-42.33295640027663,12.2583125,-24.740163146744724,5.255071518564611,-19.544104232720017,0.2,3,-20,10,400,0.7,1,eq,1,35,5,10
5.327510845438027,-14.426243307034792,0.6968241909147566,-43.05239717291216,12.2583125,-25.47282133787195,5.255071518564611,-19.88591320832733,0.2,3,-20,10,400,0.7,1,eq,0.5,6.5,5,10
7.482433334471366,-15.959736888676467,0.664380693404857,-46.1511044549832,12.2583125,-31.05993670919434,5.255071518564611,-22.492485010567332,0.2,3,-20,10,400,0.7,0.5,eff,0.5,35,10,10
7.482433334471366,-10.590417768632232,0.6968241909147566,-39.54472443102673,12.2583125,-24.468632705989148,5.255071518564611,-19.417426413615768,0.2,3,-20,10,400,0.7,1,eff,1,6.5,10,10
5.327510845438027,-17.503507624770375,0.664380693404857,-44.100223409724144,12.2583125,-28.976605517341014,5.255071518564611,-21.52054296561068,0.2,3,-20,10,400,0.7,0.5,eff,0.5,35,5,10
5.327510845438027,-17.503507624770375,0.6968241909147566,-46.12966149064773,12.2583125,-28.60662052626457,5.255071518564611,-21.347932883144626,0.2,3,-20,10,400,0.7,1,eq,0.5,35,5,10
7.482433334471366,-15.959736888676467,0.6968241909147566,-48.197957274201556,12.2583125,-30.712914616798205,5.255071518564611,-22.330587870329822,0.2,3,-20,10,400,0.7,1,eq,0.5,35,10,10
7.482433334471366,-10.590417768632122,0.6968241909147566,-39.54472443102662,12.2583125,-24.468632705989148,5.255071518564611,-19.417426413615768,0.2,3,-20,10,400,0.7,1,eff,1,35,10,10
7.482433334471366,-10.590417768632122,0.6968241909147566,-42.82863815415721,12.2583125,-25.244951464361595,5.255071518564611,-19.7796044698465,0.2,3,-20,10,400,0.7,1,eq,1,35,10,10
5.327510845438027,-12.316618528951274,0.6968241909147566,-37.73583112266833,12.2583125,-22.631343490497606,5.255071518564611,-18.56027098664148,0.2,3,-20,10,400,0.7,1,eff,1,6.5,5,10
7.482433334471366,-13.567577996008495,0.6968241909147566,-45.805798381533585,12.2583125,-28.27680747033207,5.255071518564611,-21.194064320483985,0.2,3,-20,10,400,0.7,1,eq,0.5,6.5,10,10
7.482433334471366,-10.590417768632232,0.6968241909147566,-42.82863815415732,12.2583125,-25.244951464361595,5.255071518564611,-19.7796044698465,0.2,3,-20,10,400,0.7,1,eq,1,6.5,10,10
5.327510845438027,-12.316618528951274,0.6968241909147566,-40.94277239482864,12.2583125,-23.324438964910712,5.255071518564611,-18.883622662738688,0.2,3,-20,10,400,0.7,1,eq,1,6.5,5,10
5.327510845438027,-13.706802534399266,0.6968241909147566,-39.126015128116315,12.2583125,-24.043350527720555,5.255071518564611,-19.219018387255705,0.2,3,-20,10,400,0.7,1,eff,1,35,5,10
7.482433334471366,-13.567577996008495,0.6968241909147566,-42.521884658402996,12.2583125,-27.492528230144927,5.255071518564611,-20.828172439488092,0.2,3,-20,10,400,0.7,1,eff,0.5,6.5,10,10
5.327510845438027,-14.426243307034792,0.6968241909147566,-39.845455900751844,12.2583125,-24.774085041812903,5.255071518564611,-19.55992990469668,0.2,3,-20,10,400,0.7,1,eff,0.5,6.5,5,10
7.482433334471366,-15.959736888676467,0.6968241909147566,-44.914043551070975,12.2583125,-29.92223910113011,5.255071518564611,-21.961711917912517,0.2,3,-20,10,400,0.7,1,eff,0.5,35,10,10
5.327510845438027,-13.706802534399266,0.664380693404857,-43.66117394451566,12.2583125,-25.92840139460745,5.255071518564611,-20.098456184555523,0.2,3,-20,10,400,0.8,0.5,eq,1,35,5,10
5.327510845438027,-17.503507624770375,0.6968241909147566,-42.922720218487434,12.2583125,-27.899656084676607,5.255071518564611,-21.018110880884233,0.2,3,-20,10,400,0.7,1,eff,0.5,35,5,10
7.482433334471366,-10.590417768632232,0.664380693404857,-44.209967684343624,12.2583125,-26.487371833409792,5.255071518564611,-20.35923415086438,0.2,3,-20,10,400,0.8,0.5,eq,1,6.5,10,10
5.327510845438027,-17.503507624770375,0.664380693404857,-47.45787903488676,12.2583125,-29.795511670332687,5.255071518564611,-21.90258943238399,0.2,3,-20,10,400,0.8,0.5,eq,0.5,35,5,10
7.482433334471366,-13.567577996008495,0.664380693404857,-47.187127911719884,12.2583125,-29.51973980362158,5.255071518564611,-21.773932849541765,0.2,3,-20,10,400,0.8,0.5,eq,0.5,6.5,10,10
5.327510845438027,-14.426243307034792,0.664380693404857,-44.380614717151175,12.2583125,-26.661183303932273,5.255071518564611,-20.440322878742755,0.2,3,-20,10,400,0.8,0.5,eq,0.5,6.5,5,10
5.327510845438027,-12.316618528951274,0.664380693404857,-38.913334313905054,12.2583125,-23.707646663694895,5.255071518564611,-19.0624015702191,0.2,3,-20,10,400,0.8,0.5,eff,1,6.5,5,10
7.482433334471366,-10.590417768632232,0.664380693404857,-40.78178533493897,12.2583125,-25.605661324967468,5.255071518564611,-19.947887401011943,0.2,3,-20,10,400,0.8,0.5,eff,1,6.5,10,10
7.482433334471366,-10.590417768632122,0.664380693404857,-40.78178533493885,12.2583125,-25.605661324967468,5.255071518564611,-19.947887401011943,0.2,3,-20,10,400,0.8,0.5,eff,1,35,10,10
7.482433334471366,-10.590417768632122,0.664380693404857,-44.20996768434352,12.2583125,-26.48737183340976,5.255071518564611,-20.35923415086438,0.2,3,-20,10,400,0.8,0.5,eq,1,35,10,10
5.327510845438027,-12.316618528951274,0.664380693404857,-42.27098993906767,12.2583125,-24.512438151690862,5.255071518564611,-19.43786308477091,0.2,3,-20,10,400,0.8,0.5,eq,1,6.5,5,10
7.482433334471366,-15.959736888676467,0.664380693404857,-49.57928680438786,12.2583125,-31.956258315232315,5.255071518564611,-22.910648314663163,0.2,3,-20,10,400,0.8,0.5,eq,0.5,35,10,10
5.327510845438027,-13.706802534399266,0.664380693404857,-40.303518319353046,12.2583125,-25.11982691060015,5.255071518564611,-19.721229778807192,0.2,3,-20,10,400,0.8,0.5,eff,1,35,5,10
7.482433334471366,-13.567577996008495,0.664380693404857,-43.75894556231523,12.2583125,-28.629927787718383,5.255071518564611,-21.358806481854288,0.2,3,-20,10,400,0.8,0.5,eff,0.5,6.5,10,10
7.482433334471366,-10.590417768632232,0.6968241909147566,-42.82863815415732,12.2583125,-25.244951464361595,5.255071518564611,-19.7796044698465,0.2,3,-20,10,400,0.8,1,eq,1,6.5,10,10
5.327510845438027,-13.706802534399266,0.6968241909147566,-42.33295640027663,12.2583125,-24.740163146744724,5.255071518564611,-19.544104232720017,0.2,3,-20,10,400,0.8,1,eq,1,35,5,10
5.327510845438027,-14.426243307034792,0.664380693404857,-41.02295909198857,12.2583125,-25.85065106331883,5.255071518564611,-20.062183115595378,0.2,3,-20,10,400,0.8,0.5,eff,0.5,6.5,5,10
5.327510845438027,-17.503507624770375,0.664380693404857,-44.100223409724144,12.2583125,-28.976605517341014,5.255071518564611,-21.52054296561068,0.2,3,-20,10,400,0.8,0.5,eff,0.5,35,5,10
7.482433334471366,-15.959736888676467,0.664380693404857,-46.1511044549832,12.2583125,-31.05993670919434,5.255071518564611,-22.492485010567332,0.2,3,-20,10,400,0.8,0.5,eff,0.5,35,10,10
7.482433334471366,-10.590417768632122,0.6968241909147566,-42.82863815415721,12.2583125,-25.244951464361595,5.255071518564611,-19.7796044698465,0.2,3,-20,10,400,0.8,1,eq,1,35,10,10
7.482433334471366,-15.959736888676467,0.6968241909147566,-48.197957274201556,12.2583125,-30.712914616798205,5.255071518564611,-22.330587870329822,0.2,3,-20,10,400,0.8,1,eq,0.5,35,10,10
5.327510845438027,-12.316618528951274,0.6968241909147566,-37.73583112266833,12.2583125,-22.631343490497606,5.255071518564611,-18.56027098664148,0.2,3,-20,10,400,0.8,1,eff,1,6.5,5,10
5.327510845438027,-17.503507624770375,0.6968241909147566,-46.12966149064773,12.2583125,-28.60662052626457,5.255071518564611,-21.347932883144626,0.2,3,-20,10,400,0.8,1,eq,0.5,35,5,10
7.482433334471366,-10.590417768632122,0.6968241909147566,-39.54472443102662,12.2583125,-24.468632705989148,5.255071518564611,-19.417426413615768,0.2,3,-20,10,400,0.8,1,eff,1,35,10,10
7.482433334471366,-13.567577996008495,0.6968241909147566,-45.805798381533585,12.2583125,-28.27680747033207,5.255071518564611,-21.194064320483985,0.2,3,-20,10,400,0.8,1,eq,0.5,6.5,10,10
5.327510845438027,-12.316618528951274,0.6968241909147566,-40.94277239482864,12.2583125,-23.324438964910712,5.255071518564611,-18.883622662738688,0.2,3,-20,10,400,0.8,1,eq,1,6.5,5,10
5.327510845438027,-14.426243307034792,0.6968241909147566,-43.05239717291216,12.2583125,-25.47282133787195,5.255071518564611,-19.88591320832733,0.2,3,-20,10,400,0.8,1,eq,0.5,6.5,5,10
7.482433334471366,-10.590417768632232,0.6968241909147566,-39.54472443102673,12.2583125,-24.468632705989148,5.255071518564611,-19.417426413615768,0.2,3,-20,10,400,0.8,1,eff,1,6.5,10,10
7.482433334471366,-13.567577996008495,0.664380693404857,-47.187127911719884,18.38746875,-29.520412046573817,6.4809027685646114,-23.239396031014216,0.2,3,-20,10,500,0.7,0.5,eq,0.5,6.5,10,10
7.482433334471366,-13.567577996008495,0.6968241909147566,-42.521884658402996,12.2583125,-27.492528230144927,5.255071518564611,-20.828172439488092,0.2,3,-20,10,400,0.8,1,eff,0.5,6.5,10,10
7.482433334471366,-10.590417768632122,0.664380693404857,-44.20996768434352,18.38746875,-26.488044076358026,6.4809027685646114,-21.518723054363754,0.2,3,-20,10,500,0.7,0.5,eq,1,35,10,10
7.482433334471366,-10.590417768632232,0.664380693404857,-44.209967684343624,18.38746875,-26.488044076358026,6.4809027685646114,-21.518723054363754,0.2,3,-20,10,500,0.7,0.5,eq,1,6.5,10,10
5.327510845438027,-17.503507624770375,0.6968241909147566,-42.922720218487434,12.2583125,-27.899656084676607,5.255071518564611,-21.018110880884233,0.2,3,-20,10,400,0.8,1,eff,0.5,35,5,10
5.327510845438027,-14.426243307034792,0.664380693404857,-44.380614717151175,18.38746875,-26.661855546737726,6.4809027685646114,-21.617349838135237,0.2,3,-20,10,500,0.7,0.5,eq,0.5,6.5,5,10
7.482433334471366,-15.959736888676467,0.6968241909147566,-44.914043551070975,12.2583125,-29.92223910113011,5.255071518564611,-21.961711917912517,0.2,3,-20,10,400,0.8,1,eff,0.5,35,10,10
5.327510845438027,-14.426243307034792,0.6968241909147566,-39.845455900751844,12.2583125,-24.774085041812903,5.255071518564611,-19.55992990469668,0.2,3,-20,10,400,0.8,1,eff,0.5,6.5,5,10
5.327510845438027,-13.706802534399266,0.664380693404857,-43.66117394451566,18.38746875,-25.929073637545983,6.4809027685646114,-21.20154343162084,0.2,3,-20,10,500,0.7,0.5,eq,1,35,5,10
5.327510845438027,-13.706802534399266,0.6968241909147566,-39.126015128116315,12.2583125,-24.043350527720555,5.255071518564611,-19.219018387255705,0.2,3,-20,10,400,0.8,1,eff,1,35,5,10
5.327510845438027,-12.316618528951274,0.664380693404857,-42.27098993906767,18.38746875,-24.513110394485885,6.4809027685646114,-20.398075741619227,0.2,3,-20,10,500,0.7,0.5,eq,1,6.5,5,10
7.482433334471366,-15.959736888676467,0.664380693404857,-49.57928680438786,18.38746875,-31.956930557723418,6.4809027685646114,-24.62196292277097,0.2,3,-20,10,500,0.7,0.5,eq,0.5,35,10,10
7.482433334471366,-10.590417768632232,0.664380693404857,-40.78178533493897,18.38746875,-25.606233386440746,6.4809027685646114,-21.018352439858724,0.2,3,-20,10,500,0.7,0.5,eff,1,6.5,10,10
5.327510845438027,-17.503507624770375,0.664380693404857,-47.45787903488676,18.38746875,-29.796183913279638,6.4809027685646114,-23.395878754556286,0.2,3,-20,10,500,0.7,0.5,eq,0.5,35,5,10
7.482433334471366,-10.590417768632122,0.664380693404857,-40.78178533493885,18.38746875,-25.606233386440746,6.4809027685646114,-21.018352439858724,0.2,3,-20,10,500,0.7,0.5,eff,1,35,10,10
7.482433334471366,-15.959736888676467,0.664380693404857,-46.1511044549832,18.38746875,-31.060508770624047,6.4809027685646114,-24.11330145427737,0.2,3,-20,10,500,0.7,0.5,eff,0.5,35,10,10
5.327510845438027,-12.316618528951274,0.664380693404857,-38.913334313905054,18.38746875,-23.708218725063077,6.4809027685646114,-19.94135170340561,0.2,3,-20,10,500,0.7,0.5,eff,1,6.5,5,10
7.482433334471366,-13.567577996008495,0.664380693404857,-43.75894556231523,18.38746875,-28.63049984903754,6.4809027685646114,-22.73442833417394,0.2,3,-20,10,500,0.7,0.5,eff,0.5,6.5,10,10
5.327510845438027,-13.706802534399266,0.664380693404857,-40.303518319353046,18.38746875,-25.120398971935167,6.4809027685646114,-20.7426727873965,0.2,3,-20,10,500,0.7,0.5,eff,1,35,5,10
5.327510845438027,-14.426243307034792,0.664380693404857,-41.02295909198857,18.38746875,-25.85122312479056,6.4809027685646114,-21.15736829363224,0.2,3,-20,10,500,0.7,0.5,eff,0.5,6.5,5,10
5.327510845438027,-17.503507624770375,0.664380693404857,-44.100223409724144,18.38746875,-28.977177578781454,6.4809027685646114,-22.931145555512455,0.2,3,-20,10,500,0.7,0.5,eff,0.5,35,5,10
7.482433334471366,-10.590417768632122,0.6968241909147566,-42.82863815415721,18.38746875,-25.245586357196263,6.4809027685646114,-20.813708543265253,0.2,3,-20,10,500,0.7,1,eq,1,35,10,10
7.482433334471366,-10.590417768632232,0.6968241909147566,-42.82863815415732,18.38746875,-25.245586357196274,6.4809027685646114,-20.813708543265253,0.2,3,-20,10,500,0.7,1,eq,1,6.5,10,10
5.327510845438027,-17.503507624770375,0.6968241909147566,-46.12966149064773,18.38746875,-28.607255419062536,6.4809027685646114,-22.721238621411842,0.2,3,-20,10,500,0.7,1,eq,0.5,35,5,10
7.482433334471366,-10.590417768632232,0.6968241909147566,-39.54472443102673,18.38746875,-24.46917377163107,6.4809027685646114,-20.37314454580985,0.2,3,-20,10,500,0.7,1,eff,1,6.5,10,10
5.327510845438027,-14.426243307034792,0.6968241909147566,-43.05239717291216,18.38746875,-25.47345623069789,6.4809027685646114,-20.943009979429327,0.2,3,-20,10,500,0.7,1,eq,0.5,6.5,5,10
5.327510845438027,-12.316618528951274,0.6968241909147566,-40.94277239482864,18.38746875,-23.325073857742193,6.4809027685646114,-19.723941736733753,0.2,3,-20,10,500,0.7,1,eq,1,6.5,5,10
5.327510845438027,-12.316618528951274,0.6968241909147566,-37.73583112266833,18.38746875,-22.631884556097244,6.4809027685646114,-19.33060157790112,0.2,3,-20,10,500,0.7,1,eff,1,6.5,5,10
5.327510845438027,-13.706802534399266,0.6968241909147566,-42.33295640027663,18.38746875,-24.740798039546352,6.4809027685646114,-20.52727377491237,0.2,3,-20,10,500,0.7,1,eq,1,35,5,10
7.482433334471366,-13.567577996008495,0.6968241909147566,-45.805798381533585,18.38746875,-28.277442363154005,6.4809027685646114,-22.534091013264536,0.2,3,-20,10,500,0.7,1,eq,0.5,6.5,10,10
7.482433334471366,-15.959736888676467,0.6968241909147566,-48.197957274201556,18.38746875,-30.713549509706358,6.4809027685646114,-23.916424482180567,0.2,3,-20,10,500,0.7,1,eq,0.5,35,10,10
7.482433334471366,-10.590417768632122,0.6968241909147566,-39.54472443102662,18.38746875,-24.46917377163107,6.4809027685646114,-20.37314454580985,0.2,3,-20,10,500,0.7,1,eff,1,35,10,10
5.327510845438027,-13.706802534399266,0.6968241909147566,-39.126015128116315,18.38746875,-24.04389159322181,6.4809027685646114,-20.131824376547037,0.2,3,-20,10,500,0.7,1,eff,1,35,5,10
7.482433334471366,-13.567577996008495,0.6968241909147566,-42.521884658402996,18.38746875,-27.493069295766002,6.4809027685646114,-22.0890099565052,0.2,3,-20,10,500,0.7,1,eff,0.5,6.5,10,10
7.482433334471366,-15.959736888676467,0.6968241909147566,-44.914043551070975,18.38746875,-29.922780166326223,6.4809027685646114,-23.46771395190106,0.2,3,-20,10,500,0.7,1,eff,0.5,35,10,10
5.327510845438027,-14.426243307034792,0.6968241909147566,-39.845455900751844,18.38746875,-24.774626107283034,6.4809027685646114,-20.5464690185565,0.2,3,-20,10,500,0.7,1,eff,0.5,6.5,5,10
5.327510845438027,-17.503507624770375,0.6968241909147566,-42.922720218487434,18.38746875,-27.900197150298336,6.4809027685646114,-22.3200287194707,0.2,3,-20,10,500,0.7,1,eff,0.5,35,5,10
5.327510845438027,-12.316618528951274,0.664380693404857,-42.27098993906767,18.38746875,-24.513110394485885,6.4809027685646114,-20.398075741619227,0.2,3,-20,10,500,0.8,0.5,eq,1,6.5,5,10
5.327510845438027,-14.426243307034792,0.664380693404857,-44.380614717151175,18.38746875,-26.661855546737726,6.4809027685646114,-21.617349838135237,0.2,3,-20,10,500,0.8,0.5,eq,0.5,6.5,5,10
7.482433334471366,-10.590417768632232,0.664380693404857,-44.209967684343624,18.38746875,-26.488044076358026,6.4809027685646114,-21.518723054363754,0.2,3,-20,10,500,0.8,0.5,eq,1,6.5,10,10
7.482433334471366,-10.590417768632232,0.664380693404857,-40.78178533493897,18.38746875,-25.606233386440746,6.4809027685646114,-21.018352439858724,0.2,3,-20,10,500,0.8,0.5,eff,1,6.5,10,10
7.482433334471366,-10.590417768632122,0.664380693404857,-44.20996768434352,18.38746875,-26.488044076358026,6.4809027685646114,-21.518723054363754,0.2,3,-20,10,500,0.8,0.5,eq,1,35,10,10
7.482433334471366,-15.959736888676467,0.664380693404857,-49.57928680438786,18.38746875,-31.956930557723418,6.4809027685646114,-24.62196292277097,0.2,3,-20,10,500,0.8,0.5,eq,0.5,35,10,10
7.482433334471366,-13.567577996008495,0.664380693404857,-47.187127911719884,18.38746875,-29.520412046573817,6.4809027685646114,-23.239396031014216,0.2,3,-20,10,500,0.8,0.5,eq,0.5,6.5,10,10
5.327510845438027,-12.316618528951274,0.664380693404857,-38.913334313905054,18.38746875,-23.708218725063077,6.4809027685646114,-19.94135170340561,0.2,3,-20,10,500,0.8,0.5,eff,1,6.5,5,10
5.327510845438027,-13.706802534399266,0.664380693404857,-43.66117394451566,18.38746875,-25.929073637545983,6.4809027685646114,-21.20154343162084,0.2,3,-20,10,500,0.8,0.5,eq,1,35,5,10
5.327510845438027,-17.503507624770375,0.664380693404857,-47.45787903488676,18.38746875,-29.796183913279638,6.4809027685646114,-23.395878754556286,0.2,3,-20,10,500,0.8,0.5,eq,0.5,35,5,10
5.327510845438027,-13.706802534399266,0.664380693404857,-40.303518319353046,18.38746875,-25.120398971935167,6.4809027685646114,-20.7426727873965,0.2,3,-20,10,500,0.8,0.5,eff,1,35,5,10
7.482433334471366,-10.590417768632122,0.664380693404857,-40.78178533493885,18.38746875,-25.606233386440746,6.4809027685646114,-21.018352439858724,0.2,3,-20,10,500,0.8,0.5,eff,1,35,10,10
7.482433334471366,-13.567577996008495,0.664380693404857,-43.75894556231523,18.38746875,-28.63049984903754,6.4809027685646114,-22.73442833417394,0.2,3,-20,10,500,0.8,0.5,eff,0.5,6.5,10,10
7.482433334471366,-15.959736888676467,0.664380693404857,-46.1511044549832,18.38746875,-31.060508770624047,6.4809027685646114,-24.11330145427737,0.2,3,-20,10,500,0.8,0.5,eff,0.5,35,10,10
5.327510845438027,-14.426243307034792,0.664380693404857,-41.02295909198857,18.38746875,-25.85122312479056,6.4809027685646114,-21.15736829363224,0.2,3,-20,10,500,0.8,0.5,eff,0.5,6.5,5,10
7.482433334471366,-13.567577996008495,0.6968241909147566,-45.805798381533585,18.38746875,-28.277442363154005,6.4809027685646114,-22.534091013264536,0.2,3,-20,10,500,0.8,1,eq,0.5,6.5,10,10
5.327510845438027,-17.503507624770375,0.664380693404857,-44.100223409724144,18.38746875,-28.977177578781454,6.4809027685646114,-22.931145555512455,0.2,3,-20,10,500,0.8,0.5,eff,0.5,35,5,10
7.482433334471366,-10.590417768632122,0.6968241909147566,-42.82863815415721,18.38746875,-25.245586357196263,6.4809027685646114,-20.813708543265253,0.2,3,-20,10,500,0.8,1,eq,1,35,10,10
5.327510845438027,-12.316618528951274,0.6968241909147566,-40.94277239482864,18.38746875,-23.325073857742193,6.4809027685646114,-19.723941736733753,0.2,3,-20,10,500,0.8,1,eq,1,6.5,5,10
5.327510845438027,-13.706802534399266,0.6968241909147566,-42.33295640027663,18.38746875,-24.740798039546352,6.4809027685646114,-20.52727377491237,0.2,3,-20,10,500,0.8,1,eq,1,35,5,10
5.327510845438027,-14.426243307034792,0.6968241909147566,-43.05239717291216,18.38746875,-25.47345623069789,6.4809027685646114,-20.943009979429327,0.2,3,-20,10,500,0.8,1,eq,0.5,6.5,5,10
7.482433334471366,-10.590417768632232,0.6968241909147566,-42.82863815415732,18.38746875,-25.245586357196274,6.4809027685646114,-20.813708543265253,0.2,3,-20,10,500,0.8,1,eq,1,6.5,10,10
7.482433334471366,-15.959736888676467,0.6968241909147566,-48.197957274201556,18.38746875,-30.713549509706358,6.4809027685646114,-23.916424482180567,0.2,3,-20,10,500,0.8,1,eq,0.5,35,10,10
5.327510845438027,-17.503507624770375,0.6968241909147566,-46.12966149064773,18.38746875,-28.607255419062536,6.4809027685646114,-22.721238621411842,0.2,3,-20,10,500,0.8,1,eq,0.5,35,5,10
7.482433334471366,-10.590417768632232,0.6968241909147566,-39.54472443102673,18.38746875,-24.46917377163107,6.4809027685646114,-20.37314454580985,0.2,3,-20,10,500,0.8,1,eff,1,6.5,10,10
5.327510845438027,-12.316618528951274,0.6968241909147566,-37.73583112266833,18.38746875,-22.631884556097244,6.4809027685646114,-19.33060157790112,0.2,3,-20,10,500,0.8,1,eff,1,6.5,5,10
5.327510845438027,-13.706802534399266,0.6968241909147566,-39.126015128116315,18.38746875,-24.04389159322181,6.4809027685646114,-20.131824376547037,0.2,3,-20,10,500,0.8,1,eff,1,35,5,10
7.482433334471366,-10.590417768632122,0.6968241909147566,-39.54472443102662,18.38746875,-24.46917377163107,6.4809027685646114,-20.37314454580985,0.2,3,-20,10,500,0.8,1,eff,1,35,10,10
7.482433334471366,-13.567577996008495,0.6968241909147566,-42.521884658402996,18.38746875,-27.493069295766002,6.4809027685646114,-22.0890099565052,0.2,3,-20,10,500,0.8,1,eff,0.5,6.5,10,10
5.327510845438027,-14.426243307034792,1.6648435882347152,-29.17822989787163,2.4516625,-14.514557352053153,3.293741518564611,-14.927733155187584,0.2,3,-10,2,400,0.7,0.5,eq,0.5,6.5,5,10
5.327510845438027,-14.426243307034792,0.6968241909147566,-39.845455900751844,18.38746875,-24.774626107283034,6.4809027685646114,-20.5464690185565,0.2,3,-20,10,500,0.8,1,eff,0.5,6.5,5,10
7.482433334471366,-15.959736888676467,0.6968241909147566,-44.914043551070975,18.38746875,-29.922780166326223,6.4809027685646114,-23.46771395190106,0.2,3,-20,10,500,0.8,1,eff,0.5,35,10,10
5.327510845438027,-17.503507624770375,0.6968241909147566,-42.922720218487434,18.38746875,-27.900197150298336,6.4809027685646114,-22.3200287194707,0.2,3,-20,10,500,0.8,1,eff,0.5,35,5,10
7.482433334471366,-10.590417768632232,1.6648435882347152,-29.007582865064077,2.4516625,-14.341332784265473,3.293741518564611,-14.9019455713999,0.2,3,-10,2,400,0.7,0.5,eq,1,6.5,10,10
5.327510845438027,-13.706802534399266,1.6648435882347152,-28.45878912523611,2.4516625,-13.78424979942291,3.293741518564611,-14.819013777533918,0.2,3,-10,2,400,0.7,0.5,eq,1,35,5,10
5.327510845438027,-12.316618528951274,1.6648435882347152,-27.068605119788113,2.4516625,-12.373067785128546,3.293741518564611,-14.608934024425313,0.2,3,-10,2,400,0.7,0.5,eq,1,6.5,5,10
7.482433334471366,-10.590417768632122,1.6648435882347152,-29.007582865063966,2.4516625,-14.341332784265473,3.293741518564611,-14.9019455713999,0.2,3,-10,2,400,0.7,0.5,eq,1,35,10,10
7.482433334471366,-13.567577996008495,1.6648435882347152,-31.984743092440336,2.4516625,-17.36346147388604,3.293741518564611,-15.351843630294738,0.2,3,-10,2,400,0.7,0.5,eq,0.5,6.5,10,10
7.482433334471366,-15.959736888676467,1.6648435882347152,-34.37690198510832,2.4516625,-19.791752686636553,3.293741518564611,-15.713338329974347,0.2,3,-10,2,400,0.7,0.5,eq,0.5,35,10,10
5.327510845438027,-12.316618528951274,1.6648435882347152,-25.75638222683571,2.4516625,-12.772096885330376,3.293741518564611,-14.66833666278411,0.2,3,-10,2,400,0.7,0.5,eff,1,6.5,5,10
7.482433334471366,-10.590417768632122,1.6648435882347152,-27.62483324786951,2.4516625,-14.665449937183325,3.293741518564611,-14.9501962228209,0.2,3,-10,2,400,0.7,0.5,eff,1,35,10,10
7.482433334471366,-10.590417768632232,1.6648435882347152,-27.62483324786962,2.4516625,-14.665449937183325,3.293741518564611,-14.9501962228209,0.2,3,-10,2,400,0.7,0.5,eff,1,6.5,10,10
5.327510845438027,-17.503507624770375,1.6648435882347152,-32.255494215607214,2.4516625,-17.638302152490482,3.293741518564611,-15.392758594715005,0.2,3,-10,2,400,0.7,0.5,eq,0.5,35,5,10
5.327510845438027,-13.706802534399266,1.6648435882347152,-27.1465662322837,2.4516625,-14.18080875406974,3.293741518564611,-14.87804869042364,0.2,3,-10,2,400,0.7,0.5,eff,1,35,5,10
7.482433334471366,-13.567577996008495,1.6648435882347152,-30.601993475245887,2.4516625,-17.682288665515326,3.293741518564611,-15.399306776099685,0.2,3,-10,2,400,0.7,0.5,eff,0.5,6.5,10,10
7.482433334471366,-15.959736888676467,1.6648435882347152,-32.994152367913856,2.4516625,-20.10632937560736,3.293741518564611,-15.760168712223631,0.2,3,-10,2,400,0.7,0.5,eff,0.5,35,10,10
5.327510845438027,-17.503507624770375,1.6648435882347152,-30.943271322654805,2.4516625,-18.028114939089672,3.293741518564611,-15.450789219494832,0.2,3,-10,2,400,0.7,0.5,eff,0.5,35,5,10
5.327510845438027,-14.426243307034792,1.6648435882347152,-27.866007004919222,2.4516625,-14.909837969747661,3.293741518564611,-14.986577764694143,0.2,3,-10,2,400,0.7,0.5,eff,0.5,6.5,5,10
7.482433334471366,-13.567577996008495,1.7398467296524174,-31.076393470688785,2.4516625,-16.608006848427635,3.293741518564611,-15.239380659824885,0.2,3,-10,2,400,0.7,1,eq,0.5,6.5,10,10
7.482433334471366,-10.590417768632122,1.7398467296524174,-28.09923324331241,2.4516625,-13.586390122914302,3.293741518564611,-14.789558815969773,0.2,3,-10,2,400,0.7,1,eq,1,35,10,10
5.327510845438027,-13.706802534399266,1.7398467296524174,-27.603551489431837,2.4516625,-13.083306592437923,3.293741518564611,-14.71466580939451,0.2,3,-10,2,400,0.7,1,eq,1,35,5,10
5.327510845438027,-12.316618528951274,1.7398467296524174,-26.213367483983845,2.4516625,-11.672363639682159,3.293741518564611,-14.504621644883532,0.2,3,-10,2,400,0.7,1,eq,1,6.5,5,10
5.327510845438027,-14.426243307034792,1.7398467296524174,-28.322992262067363,2.4516625,-13.813490427308615,3.293741518564611,-14.823366769440627,0.2,3,-10,2,400,0.7,1,eq,0.5,6.5,5,10
7.482433334471366,-10.590417768632232,1.7398467296524174,-28.099233243312522,2.4516625,-13.586390122914302,3.293741518564611,-14.789558815969773,0.2,3,-10,2,400,0.7,1,eq,1,6.5,10,10
7.482433334471366,-15.959736888676467,1.7398467296524174,-33.46855236335676,2.4516625,-19.03588669656331,3.293741518564611,-15.600814120503625,0.2,3,-10,2,400,0.7,1,eq,0.5,35,10,10
7.482433334471366,-10.590417768632232,1.7398467296524174,-26.786497494695382,2.4516625,-13.937502840567456,3.293741518564611,-14.841828241381139,0.2,3,-10,2,400,0.7,1,eff,1,6.5,10,10
7.482433334471366,-10.590417768632122,1.7398467296524174,-26.78649749469527,2.4516625,-13.937502840567456,3.293741518564611,-14.841828241381139,0.2,3,-10,2,400,0.7,1,eff,1,35,10,10
5.327510845438027,-12.316618528951274,1.7398467296524174,-24.977604186336976,2.4516625,-12.104727216524141,3.293741518564611,-14.568986717961252,0.2,3,-10,2,400,0.7,1,eff,1,6.5,5,10
5.327510845438027,-13.706802534399266,1.7398467296524174,-26.367788191784967,2.4516625,-13.513265435001191,3.293741518564611,-14.778672894644739,0.2,3,-10,2,400,0.7,1,eff,1,35,5,10
5.327510845438027,-17.503507624770375,1.7398467296524174,-31.400256579802935,2.4516625,-16.936706049308498,3.293741518564611,-15.288313431266577,0.2,3,-10,2,400,0.7,1,eq,0.5,35,5,10
7.482433334471366,-13.567577996008495,1.7398467296524174,-29.763657722071645,2.4516625,-16.95396968682738,3.293741518564611,-15.290883433343616,0.2,3,-10,2,400,0.7,1,eff,0.5,6.5,10,10
5.327510845438027,-14.426243307034792,1.7398467296524174,-27.087228964420493,2.4516625,-14.242204784271495,3.293741518564611,-14.887188590688826,0.2,3,-10,2,400,0.7,1,eff,0.5,6.5,5,10
7.482433334471366,-15.959736888676467,1.7398467296524174,-32.15581661473962,2.4516625,-19.37771158855622,3.293741518564611,-15.651700886483377,0.2,3,-10,2,400,0.7,1,eff,0.5,35,10,10
5.327510845438027,-17.503507624770375,1.7398467296524174,-30.164493282156084,2.4516625,-17.36009736751769,3.293741518564611,-15.351342822724877,0.2,3,-10,2,400,0.7,1,eff,0.5,35,5,10
7.482433334471366,-10.590417768632232,1.6648435882347152,-29.007582865064077,2.4516625,-14.341332784265473,3.293741518564611,-14.9019455713999,0.2,3,-10,2,400,0.8,0.5,eq,1,6.5,10,10
5.327510845438027,-12.316618528951274,1.6648435882347152,-27.068605119788113,2.4516625,-12.373067785128546,3.293741518564611,-14.608934024425313,0.2,3,-10,2,400,0.8,0.5,eq,1,6.5,5,10
7.482433334471366,-10.590417768632122,1.6648435882347152,-29.007582865063966,2.4516625,-14.341332784265473,3.293741518564611,-14.9019455713999,0.2,3,-10,2,400,0.8,0.5,eq,1,35,10,10
7.482433334471366,-13.567577996008495,1.6648435882347152,-31.984743092440336,2.4516625,-17.36346147388604,3.293741518564611,-15.351843630294738,0.2,3,-10,2,400,0.8,0.5,eq,0.5,6.5,10,10
5.327510845438027,-13.706802534399266,1.6648435882347152,-28.45878912523611,2.4516625,-13.78424979942291,3.293741518564611,-14.819013777533918,0.2,3,-10,2,400,0.8,0.5,eq,1,35,5,10
5.327510845438027,-17.503507624770375,1.6648435882347152,-32.255494215607214,2.4516625,-17.638302152490482,3.293741518564611,-15.392758594715005,0.2,3,-10,2,400,0.8,0.5,eq,0.5,35,5,10
5.327510845438027,-13.706802534399266,1.6648435882347152,-27.1465662322837,2.4516625,-14.18080875406974,3.293741518564611,-14.87804869042364,0.2,3,-10,2,400,0.8,0.5,eff,1,35,5,10
5.327510845438027,-14.426243307034792,1.6648435882347152,-29.17822989787163,2.4516625,-14.514557352053153,3.293741518564611,-14.927733155187584,0.2,3,-10,2,400,0.8,0.5,eq,0.5,6.5,5,10
7.482433334471366,-15.959736888676467,1.6648435882347152,-34.37690198510832,2.4516625,-19.791752686636553,3.293741518564611,-15.713338329974347,0.2,3,-10,2,400,0.8,0.5,eq,0.5,35,10,10
7.482433334471366,-10.590417768632232,1.6648435882347152,-27.62483324786962,2.4516625,-14.665449937183325,3.293741518564611,-14.9501962228209,0.2,3,-10,2,400,0.8,0.5,eff,1,6.5,10,10
5.327510845438027,-12.316618528951274,1.6648435882347152,-25.75638222683571,2.4516625,-12.772096885330376,3.293741518564611,-14.66833666278411,0.2,3,-10,2,400,0.8,0.5,eff,1,6.5,5,10
7.482433334471366,-10.590417768632122,1.6648435882347152,-27.62483324786951,2.4516625,-14.665449937183325,3.293741518564611,-14.9501962228209,0.2,3,-10,2,400,0.8,0.5,eff,1,35,10,10
7.482433334471366,-13.567577996008495,1.6648435882347152,-30.601993475245887,2.4516625,-17.682288665515326,3.293741518564611,-15.399306776099685,0.2,3,-10,2,400,0.8,0.5,eff,0.5,6.5,10,10
5.327510845438027,-14.426243307034792,1.6648435882347152,-27.866007004919222,2.4516625,-14.909837969747661,3.293741518564611,-14.986577764694143,0.2,3,-10,2,400,0.8,0.5,eff,0.5,6.5,5,10
7.482433334471366,-15.959736888676467,1.6648435882347152,-32.994152367913856,2.4516625,-20.10632937560736,3.293741518564611,-15.760168712223631,0.2,3,-10,2,400,0.8,0.5,eff,0.5,35,10,10
5.327510845438027,-17.503507624770375,1.6648435882347152,-30.943271322654805,2.4516625,-18.028114939089672,3.293741518564611,-15.450789219494832,0.2,3,-10,2,400,0.8,0.5,eff,0.5,35,5,10
5.327510845438027,-12.316618528951274,1.7398467296524174,-26.213367483983845,2.4516625,-11.672363639682159,3.293741518564611,-14.504621644883532,0.2,3,-10,2,400,0.8,1,eq,1,6.5,5,10
5.327510845438027,-13.706802534399266,1.7398467296524174,-27.603551489431837,2.4516625,-13.083306592437923,3.293741518564611,-14.71466580939451,0.2,3,-10,2,400,0.8,1,eq,1,35,5,10
7.482433334471366,-13.567577996008495,1.7398467296524174,-31.076393470688785,2.4516625,-16.608006848427635,3.293741518564611,-15.239380659824885,0.2,3,-10,2,400,0.8,1,eq,0.5,6.5,10,10
7.482433334471366,-10.590417768632122,1.7398467296524174,-28.09923324331241,2.4516625,-13.586390122914302,3.293741518564611,-14.789558815969773,0.2,3,-10,2,400,0.8,1,eq,1,35,10,10
7.482433334471366,-10.590417768632232,1.7398467296524174,-28.099233243312522,2.4516625,-13.586390122914302,3.293741518564611,-14.789558815969773,0.2,3,-10,2,400,0.8,1,eq,1,6.5,10,10
5.327510845438027,-14.426243307034792,1.7398467296524174,-28.322992262067363,2.4516625,-13.813490427308615,3.293741518564611,-14.823366769440627,0.2,3,-10,2,400,0.8,1,eq,0.5,6.5,5,10
5.327510845438027,-12.316618528951274,1.7398467296524174,-24.977604186336976,2.4516625,-12.104727216524141,3.293741518564611,-14.568986717961252,0.2,3,-10,2,400,0.8,1,eff,1,6.5,5,10
7.482433334471366,-10.590417768632232,1.7398467296524174,-26.786497494695382,2.4516625,-13.937502840567456,3.293741518564611,-14.841828241381139,0.2,3,-10,2,400,0.8,1,eff,1,6.5,10,10
7.482433334471366,-15.959736888676467,1.7398467296524174,-33.46855236335676,2.4516625,-19.03588669656331,3.293741518564611,-15.600814120503625,0.2,3,-10,2,400,0.8,1,eq,0.5,35,10,10
7.482433334471366,-10.590417768632122,1.7398467296524174,-26.78649749469527,2.4516625,-13.937502840567456,3.293741518564611,-14.841828241381139,0.2,3,-10,2,400,0.8,1,eff,1,35,10,10
5.327510845438027,-17.503507624770375,1.7398467296524174,-31.400256579802935,2.4516625,-16.936706049308498,3.293741518564611,-15.288313431266577,0.2,3,-10,2,400,0.8,1,eq,0.5,35,5,10
5.327510845438027,-13.706802534399266,1.7398467296524174,-26.367788191784967,2.4516625,-13.513265435001191,3.293741518564611,-14.778672894644739,0.2,3,-10,2,400,0.8,1,eff,1,35,5,10
5.327510845438027,-14.426243307034792,1.7398467296524174,-27.087228964420493,2.4516625,-14.242204784271495,3.293741518564611,-14.887188590688826,0.2,3,-10,2,400,0.8,1,eff,0.5,6.5,5,10
7.482433334471366,-13.567577996008495,1.7398467296524174,-29.763657722071645,2.4516625,-16.95396968682738,3.293741518564611,-15.290883433343616,0.2,3,-10,2,400,0.8,1,eff,0.5,6.5,10,10
7.482433334471366,-15.959736888676467,1.7398467296524174,-32.15581661473962,2.4516625,-19.37771158855622,3.293741518564611,-15.651700886483377,0.2,3,-10,2,400,0.8,1,eff,0.5,35,10,10
5.327510845438027,-17.503507624770375,1.7398467296524174,-30.164493282156084,2.4516625,-17.36009736751769,3.293741518564611,-15.351342822724877,0.2,3,-10,2,400,0.8,1,eff,0.5,35,5,10
5.327510845438027,-13.706802534399266,1.6648435882347152,-28.45878912523611,3.6774937499999996,-13.784293354547602,3.538907768564611,-14.74733709478404,0.2,3,-10,2,500,0.7,0.5,eq,1,35,5,10
7.482433334471366,-10.590417768632232,1.6648435882347152,-29.007582865064077,3.6774937499999996,-14.341376339410555,3.538907768564611,-14.863116839781254,0.2,3,-10,2,500,0.7,0.5,eq,1,6.5,10,10
7.482433334471366,-10.590417768632122,1.6648435882347152,-29.007582865063966,3.6774937499999996,-14.341376339410555,3.538907768564611,-14.863116839781254,0.2,3,-10,2,500,0.7,0.5,eq,1,35,10,10
7.482433334471366,-13.567577996008495,1.6648435882347152,-31.984743092440336,3.6774937499999996,-17.363505028800933,3.538907768564611,-15.491212291471212,0.2,3,-10,2,500,0.7,0.5,eq,0.5,6.5,10,10
5.327510845438027,-12.316618528951274,1.6648435882347152,-27.068605119788113,3.6774937499999996,-12.373111340257436,3.538907768564611,-14.454048126715247,0.2,3,-10,2,500,0.7,0.5,eq,1,6.5,5,10
5.327510845438027,-14.426243307034792,1.6648435882347152,-29.17822989787163,3.6774937499999996,-14.514600907199217,3.538907768564611,-14.899118471191187,0.2,3,-10,2,500,0.7,0.5,eq,0.5,6.5,5,10
7.482433334471366,-15.959736888676467,1.6648435882347152,-34.37690198510832,3.6774937499999996,-19.79179624175248,3.538907768564611,-15.995889233782812,0.2,3,-10,2,500,0.7,0.5,eq,0.5,35,10,10
5.327510845438027,-17.503507624770375,1.6648435882347152,-32.255494215607214,3.6774937499999996,-17.638345707406433,3.538907768564611,-15.548333015938498,0.2,3,-10,2,500,0.7,0.5,eq,0.5,35,5,10
5.327510845438027,-12.316618528951274,1.6648435882347152,-25.75638222683571,3.6774937499999996,-12.772135249519563,3.538907768564611,-14.536978116891696,0.2,3,-10,2,500,0.7,0.5,eff,1,6.5,5,10
7.482433334471366,-10.590417768632122,1.6648435882347152,-27.62483324786951,3.6774937499999996,-14.665488301372218,3.538907768564611,-14.930477720163648,0.2,3,-10,2,500,0.7,0.5,eff,1,35,10,10
5.327510845438027,-13.706802534399266,1.6648435882347152,-27.1465662322837,3.6774937499999996,-14.180847118066374,3.538907768564611,-14.82975370930184,0.2,3,-10,2,500,0.7,0.5,eff,1,35,5,10
7.482433334471366,-10.590417768632232,1.6648435882347152,-27.62483324786962,3.6774937499999996,-14.665488301372218,3.538907768564611,-14.930477720163648,0.2,3,-10,2,500,0.7,0.5,eff,1,6.5,10,10
7.482433334471366,-13.567577996008495,1.6648435882347152,-30.601993475245887,3.6774937499999996,-17.682327029533617,3.538907768564611,-15.557473747928041,0.2,3,-10,2,500,0.7,0.5,eff,0.5,6.5,10,10
7.482433334471366,-15.959736888676467,1.6648435882347152,-32.994152367913856,3.6774937499999996,-20.106367739660282,3.538907768564611,-16.061267299171234,0.2,3,-10,2,500,0.7,0.5,eff,0.5,35,10,10
5.327510845438027,-14.426243307034792,1.6648435882347152,-27.866007004919222,3.6774937499999996,-14.909876333938467,3.538907768564611,-14.981269406249442,0.2,3,-10,2,500,0.7,0.5,eff,0.5,6.5,5,10
5.327510845438027,-17.503507624770375,1.6648435882347152,-30.943271322654805,3.6774937499999996,-18.028153303101977,3.538907768564611,-15.62934756000811,0.2,3,-10,2,500,0.7,0.5,eff,0.5,35,5,10
7.482433334471366,-10.590417768632232,1.7398467296524174,-28.099233243312522,3.6774937499999996,-13.586431318925083,3.538907768564611,-14.706215005882651,0.2,3,-10,2,500,0.7,1,eq,1,6.5,10,10
5.327510845438027,-12.316618528951274,1.7398467296524174,-26.213367483983845,3.6774937499999996,-11.672404835619957,3.538907768564611,-14.308418799255707,0.2,3,-10,2,500,0.7,1,eq,1,6.5,5,10
7.482433334471366,-10.590417768632122,1.7398467296524174,-28.09923324331241,3.6774937499999996,-13.586431318925083,3.538907768564611,-14.706215005882651,0.2,3,-10,2,500,0.7,1,eq,1,35,10,10
5.327510845438027,-13.706802534399266,1.7398467296524174,-27.603551489431837,3.6774937499999996,-13.083347788435784,3.538907768564611,-14.601658082668333,0.2,3,-10,2,500,0.7,1,eq,1,35,5,10
7.482433334471366,-13.567577996008495,1.7398467296524174,-31.076393470688785,3.6774937499999996,-16.60804804446167,3.538907768564611,-15.33420405503283,0.2,3,-10,2,500,0.7,1,eq,0.5,6.5,10,10
5.327510845438027,-14.426243307034792,1.7398467296524174,-28.322992262067363,3.6774937499999996,-13.813531623319696,3.538907768564611,-14.753413746547928,0.2,3,-10,2,500,0.7,1,eq,0.5,6.5,5,10
7.482433334471366,-15.959736888676467,1.7398467296524174,-33.46855236335676,3.6774937499999996,-19.03592789231304,3.538907768564611,-15.838795502458257,0.2,3,-10,2,500,0.7,1,eq,0.5,35,10,10
5.327510845438027,-17.503507624770375,1.7398467296524174,-31.400256579802935,3.6774937499999996,-16.93674724530146,3.538907768564611,-15.402518311055879,0.2,3,-10,2,500,0.7,1,eq,0.5,35,5,10
5.327510845438027,-12.316618528951274,1.7398467296524174,-24.977604186336976,3.6774937499999996,-12.104763578323752,3.538907768564611,-14.398276838969215,0.2,3,-10,2,500,0.7,1,eff,1,6.5,5,10
7.482433334471366,-10.590417768632232,1.7398467296524174,-26.786497494695382,3.6774937499999996,-13.937539202263908,3.538907768564611,-14.779186506187036,0.2,3,-10,2,500,0.7,1,eff,1,6.5,10,10
7.482433334471366,-10.590417768632122,1.7398467296524174,-26.78649749469527,3.6774937499999996,-13.937539202263908,3.538907768564611,-14.779186506187036,0.2,3,-10,2,500,0.7,1,eff,1,35,10,10
5.327510845438027,-13.706802534399266,1.7398467296524174,-26.367788191784967,3.6774937499999996,-13.51330179670073,3.538907768564611,-14.691016341294105,0.2,3,-10,2,500,0.7,1,eff,1,35,5,10
7.482433334471366,-13.567577996008495,1.7398467296524174,-29.763657722071645,3.6774937499999996,-16.95400604867772,3.538907768564611,-15.406105244974434,0.2,3,-10,2,500,0.7,1,eff,0.5,6.5,10,10
5.327510845438027,-14.426243307034792,1.7398467296524174,-27.087228964420493,3.6774937499999996,-14.24224114591756,3.538907768564611,-14.842513361063014,0.2,3,-10,2,500,0.7,1,eff,0.5,6.5,5,10
7.482433334471366,-15.959736888676467,1.7398467296524174,-32.15581661473962,3.6774937499999996,-19.377747950227256,3.538907768564611,-15.909836694193658,0.2,3,-10,2,500,0.7,1,eff,0.5,35,10,10
7.482433334471366,-10.590417768632232,1.6648435882347152,-29.007582865064077,3.6774937499999996,-14.341376339410555,3.538907768564611,-14.863116839781254,0.2,3,-10,2,500,0.8,0.5,eq,1,6.5,10,10
5.327510845438027,-12.316618528951274,1.6648435882347152,-27.068605119788113,3.6774937499999996,-12.373111340257436,3.538907768564611,-14.454048126715247,0.2,3,-10,2,500,0.8,0.5,eq,1,6.5,5,10
7.482433334471366,-10.590417768632122,1.6648435882347152,-29.007582865063966,3.6774937499999996,-14.341376339410555,3.538907768564611,-14.863116839781254,0.2,3,-10,2,500,0.8,0.5,eq,1,35,10,10
5.327510845438027,-17.503507624770375,1.7398467296524174,-30.164493282156084,3.6774937499999996,-17.360133729197187,3.538907768564611,-15.490511627083592,0.2,3,-10,2,500,0.7,1,eff,0.5,35,5,10
5.327510845438027,-13.706802534399266,1.6648435882347152,-28.45878912523611,3.6774937499999996,-13.784293354547602,3.538907768564611,-14.74733709478404,0.2,3,-10,2,500,0.8,0.5,eq,1,35,5,10
7.482433334471366,-13.567577996008495,1.6648435882347152,-31.984743092440336,3.6774937499999996,-17.363505028800933,3.538907768564611,-15.491212291471212,0.2,3,-10,2,500,0.8,0.5,eq,0.5,6.5,10,10
5.327510845438027,-14.426243307034792,1.6648435882347152,-29.17822989787163,3.6774937499999996,-14.514600907199217,3.538907768564611,-14.899118471191187,0.2,3,-10,2,500,0.8,0.5,eq,0.5,6.5,5,10
7.482433334471366,-15.959736888676467,1.6648435882347152,-34.37690198510832,3.6774937499999996,-19.79179624175248,3.538907768564611,-15.995889233782812,0.2,3,-10,2,500,0.8,0.5,eq,0.5,35,10,10
7.482433334471366,-10.590417768632232,1.6648435882347152,-27.62483324786962,3.6774937499999996,-14.665488301372218,3.538907768564611,-14.930477720163648,0.2,3,-10,2,500,0.8,0.5,eff,1,6.5,10,10
5.327510845438027,-12.316618528951274,1.6648435882347152,-25.75638222683571,3.6774937499999996,-12.772135249519563,3.538907768564611,-14.536978116891696,0.2,3,-10,2,500,0.8,0.5,eff,1,6.5,5,10
7.482433334471366,-10.590417768632122,1.6648435882347152,-27.62483324786951,3.6774937499999996,-14.665488301372218,3.538907768564611,-14.930477720163648,0.2,3,-10,2,500,0.8,0.5,eff,1,35,10,10
5.327510845438027,-17.503507624770375,1.6648435882347152,-32.255494215607214,3.6774937499999996,-17.638345707406433,3.538907768564611,-15.548333015938498,0.2,3,-10,2,500,0.8,0.5,eq,0.5,35,5,10
5.327510845438027,-13.706802534399266,1.6648435882347152,-27.1465662322837,3.6774937499999996,-14.180847118066374,3.538907768564611,-14.82975370930184,0.2,3,-10,2,500,0.8,0.5,eff,1,35,5,10
7.482433334471366,-13.567577996008495,1.6648435882347152,-30.601993475245887,3.6774937499999996,-17.682327029533617,3.538907768564611,-15.557473747928041,0.2,3,-10,2,500,0.8,0.5,eff,0.5,6.5,10,10
5.327510845438027,-14.426243307034792,1.6648435882347152,-27.866007004919222,3.6774937499999996,-14.909876333938467,3.538907768564611,-14.981269406249442,0.2,3,-10,2,500,0.8,0.5,eff,0.5,6.5,5,10
7.482433334471366,-15.959736888676467,1.6648435882347152,-32.994152367913856,3.6774937499999996,-20.106367739660282,3.538907768564611,-16.061267299171234,0.2,3,-10,2,500,0.8,0.5,eff,0.5,35,10,10
5.327510845438027,-17.503507624770375,1.6648435882347152,-30.943271322654805,3.6774937499999996,-18.028153303101977,3.538907768564611,-15.62934756000811,0.2,3,-10,2,500,0.8,0.5,eff,0.5,35,5,10
7.482433334471366,-10.590417768632122,1.7398467296524174,-28.09923324331241,3.6774937499999996,-13.586431318925083,3.538907768564611,-14.706215005882651,0.2,3,-10,2,500,0.8,1,eq,1,35,10,10
5.327510845438027,-12.316618528951274,1.7398467296524174,-26.213367483983845,3.6774937499999996,-11.672404835619957,3.538907768564611,-14.308418799255707,0.2,3,-10,2,500,0.8,1,eq,1,6.5,5,10
5.327510845438027,-13.706802534399266,1.7398467296524174,-27.603551489431837,3.6774937499999996,-13.083347788435784,3.538907768564611,-14.601658082668333,0.2,3,-10,2,500,0.8,1,eq,1,35,5,10
7.482433334471366,-10.590417768632232,1.7398467296524174,-28.099233243312522,3.6774937499999996,-13.586431318925083,3.538907768564611,-14.706215005882651,0.2,3,-10,2,500,0.8,1,eq,1,6.5,10,10
7.482433334471366,-13.567577996008495,1.7398467296524174,-31.076393470688785,3.6774937499999996,-16.60804804446167,3.538907768564611,-15.33420405503283,0.2,3,-10,2,500,0.8,1,eq,0.5,6.5,10,10
7.482433334471366,-15.959736888676467,1.7398467296524174,-33.46855236335676,3.6774937499999996,-19.03592789231304,3.538907768564611,-15.838795502458257,0.2,3,-10,2,500,0.8,1,eq,0.5,35,10,10
5.327510845438027,-14.426243307034792,1.7398467296524174,-28.322992262067363,3.6774937499999996,-13.813531623319696,3.538907768564611,-14.753413746547928,0.2,3,-10,2,500,0.8,1,eq,0.5,6.5,5,10
5.327510845438027,-17.503507624770375,1.7398467296524174,-31.400256579802935,3.6774937499999996,-16.93674724530146,3.538907768564611,-15.402518311055879,0.2,3,-10,2,500,0.8,1,eq,0.5,35,5,10
7.482433334471366,-10.590417768632232,1.7398467296524174,-26.786497494695382,3.6774937499999996,-13.937539202263908,3.538907768564611,-14.779186506187036,0.2,3,-10,2,500,0.8,1,eff,1,6.5,10,10
5.327510845438027,-12.316618528951274,1.7398467296524174,-24.977604186336976,3.6774937499999996,-12.104763578323752,3.538907768564611,-14.398276838969215,0.2,3,-10,2,500,0.8,1,eff,1,6.5,5,10
7.482433334471366,-10.590417768632122,1.7398467296524174,-26.78649749469527,3.6774937499999996,-13.937539202263908,3.538907768564611,-14.779186506187036,0.2,3,-10,2,500,0.8,1,eff,1,35,10,10
5.327510845438027,-13.706802534399266,1.7398467296524174,-26.367788191784967,3.6774937499999996,-13.51330179670073,3.538907768564611,-14.691016341294105,0.2,3,-10,2,500,0.8,1,eff,1,35,5,10
7.482433334471366,-13.567577996008495,1.7398467296524174,-29.763657722071645,3.6774937499999996,-16.95400604867772,3.538907768564611,-15.406105244974434,0.2,3,-10,2,500,0.8,1,eff,0.5,6.5,10,10
5.327510845438027,-14.426243307034792,1.7398467296524174,-27.087228964420493,3.6774937499999996,-14.24224114591756,3.538907768564611,-14.842513361063014,0.2,3,-10,2,500,0.8,1,eff,0.5,6.5,5,10
7.482433334471366,-15.959736888676467,1.7398467296524174,-32.15581661473962,3.6774937499999996,-19.377747950227256,3.538907768564611,-15.909836694193658,0.2,3,-10,2,500,0.8,1,eff,0.5,35,10,10
5.327510845438027,-17.503507624770375,1.7398467296524174,-30.164493282156084,3.6774937499999996,-17.360133729197187,3.538907768564611,-15.490511627083592,0.2,3,-10,2,500,0.8,1,eff,0.5,35,5,10
7.482433334471366,-10.590417768632122,1.6648435882347152,-29.007582865063966,12.2583125,-14.341681224895325,5.255071518564611,-14.692872789976441,0.2,3,-10,10,400,0.7,0.5,eq,1,35,10,10
7.482433334471366,-10.590417768632232,1.6648435882347152,-29.007582865064077,12.2583125,-14.341681224895387,5.255071518564611,-14.692872789976551,0.2,3,-10,10,400,0.7,0.5,eq,1,6.5,10,10
5.327510845438027,-13.706802534399266,1.6648435882347152,-28.45878912523611,12.2583125,-13.78459824003844,5.255071518564611,-14.432975382579372,0.2,3,-10,10,400,0.7,0.5,eq,1,35,5,10
5.327510845438027,-12.316618528951274,1.6648435882347152,-27.068605119788113,12.2583125,-12.373416225761908,5.255071518564611,-13.774612882116122,0.2,3,-10,10,400,0.7,0.5,eq,1,6.5,5,10
7.482433334471366,-13.567577996008495,1.6648435882347152,-31.984743092440336,12.2583125,-17.36380991447119,5.255071518564611,-16.102794529810673,0.2,3,-10,10,400,0.7,0.5,eq,0.5,6.5,10,10
5.327510845438027,-17.503507624770375,1.6648435882347152,-32.255494215607214,12.2583125,-17.638650593068917,5.255071518564611,-16.231016682984546,0.2,3,-10,10,400,0.7,0.5,eq,0.5,35,5,10
5.327510845438027,-14.426243307034792,1.6648435882347152,-29.17822989787163,12.2583125,-14.514905792682576,5.255071518564611,-14.773687708559912,0.2,3,-10,10,400,0.7,0.5,eq,0.5,6.5,5,10
7.482433334471366,-15.959736888676467,1.6648435882347152,-34.37690198510832,12.2583125,-19.79210112738399,5.255071518564611,-17.23567169137652,0.2,3,-10,10,400,0.7,0.5,eq,0.5,35,10,10
5.327510845438027,-12.316618528951274,1.6648435882347152,-25.75638222683571,12.2583125,-12.772403798300804,5.255071518564611,-13.960753616091615,0.2,3,-10,10,400,0.7,0.5,eff,1,6.5,5,10
7.482433334471366,-10.590417768632122,1.6648435882347152,-27.62483324786951,12.2583125,-14.665756850163866,5.255071518564611,-14.844064653841361,0.2,3,-10,10,400,0.7,0.5,eff,1,35,10,10
7.482433334471366,-10.590417768632232,1.6648435882347152,-27.62483324786962,12.2583125,-14.665756850163866,5.255071518564611,-14.844064653841361,0.2,3,-10,10,400,0.7,0.5,eff,1,6.5,10,10
5.327510845438027,-13.706802534399266,1.6648435882347152,-27.1465662322837,12.2583125,-14.181115666846752,5.255071518564611,-14.617963712893811,0.2,3,-10,10,400,0.7,0.5,eff,1,35,5,10
5.327510845438027,-14.426243307034792,1.6648435882347152,-27.866007004919222,12.2583125,-14.910144882718537,5.255071518564611,-14.958079653018096,0.2,3,-10,10,400,0.7,0.5,eff,0.5,6.5,5,10
7.482433334471366,-10.590417768632232,1.7398467296524174,-28.099233243312522,12.2583125,-13.586719690918345,5.255071518564611,-14.34065857647726,0.2,3,-10,10,400,0.7,1,eq,1,6.5,10,10
5.327510845438027,-17.503507624770375,1.6648435882347152,-30.943271322654805,12.2583125,-18.02842185194655,5.255071518564611,-16.412857705621843,0.2,3,-10,10,400,0.7,0.5,eff,0.5,35,5,10
7.482433334471366,-10.590417768632122,1.7398467296524174,-28.09923324331241,12.2583125,-13.586719690918345,5.255071518564611,-14.34065857647726,0.2,3,-10,10,400,0.7,1,eq,1,35,10,10
7.482433334471366,-13.567577996008495,1.6648435882347152,-30.601993475245887,12.2583125,-17.682595578561305,5.255071518564611,-16.25151845400974,0.2,3,-10,10,400,0.7,0.5,eff,0.5,6.5,10,10
5.327510845438027,-12.316618528951274,1.7398467296524174,-26.213367483983845,12.2583125,-11.672693207517518,5.255071518564611,-13.447702707697351,0.2,3,-10,10,400,0.7,1,eq,1,6.5,5,10
7.482433334471366,-13.567577996008495,1.7398467296524174,-31.076393470688785,12.2583125,-16.608336416456083,5.255071518564611,-15.75034146836629,0.2,3,-10,10,400,0.7,1,eq,0.5,6.5,10,10
7.482433334471366,-15.959736888676467,1.6648435882347152,-32.994152367913856,12.2583125,-20.106636288712117,5.255071518564611,-17.382412617210854,0.2,3,-10,10,400,0.7,0.5,eff,0.5,35,10,10
5.327510845438027,-14.426243307034792,1.7398467296524174,-28.322992262067363,12.2583125,-13.81381999511737,5.255071518564611,-14.446608285739293,0.2,3,-10,10,400,0.7,1,eq,0.5,6.5,5,10
5.327510845438027,-13.706802534399266,1.7398467296524174,-27.603551489431837,12.2583125,-13.083636160437011,5.255071518564611,-14.105953678229532,0.2,3,-10,10,400,0.7,1,eq,1,35,5,10
7.482433334471366,-15.959736888676467,1.7398467296524174,-33.46855236335676,12.2583125,-19.036216264417128,5.255071518564611,-16.88302671474662,0.2,3,-10,10,400,0.7,1,eq,0.5,35,10,10
7.482433334471366,-10.590417768632122,1.7398467296524174,-26.78649749469527,12.2583125,-13.937793734361026,5.255071518564611,-14.504446084219191,0.2,3,-10,10,400,0.7,1,eff,1,35,10,10
7.482433334471366,-10.590417768632232,1.7398467296524174,-26.786497494695382,12.2583125,-13.937793734361026,5.255071518564611,-14.504446084219191,0.2,3,-10,10,400,0.7,1,eff,1,6.5,10,10
5.327510845438027,-17.503507624770375,1.7398467296524174,-31.400256579802935,12.2583125,-16.937035617127076,5.255071518564611,-15.903690381167568,0.2,3,-10,10,400,0.7,1,eq,0.5,35,5,10
5.327510845438027,-12.316618528951274,1.7398467296524174,-24.977604186336976,12.2583125,-12.10501811042094,5.255071518564611,-13.64939639512297,0.2,3,-10,10,400,0.7,1,eff,1,6.5,5,10
5.327510845438027,-13.706802534399266,1.7398467296524174,-26.367788191784967,12.2583125,-13.51355632881447,5.255071518564611,-14.306525478457456,0.2,3,-10,10,400,0.7,1,eff,1,35,5,10
7.482433334471366,-13.567577996008495,1.7398467296524174,-29.763657722071645,12.2583125,-16.954260580775593,5.255071518564611,-15.911726389296499,0.2,3,-10,10,400,0.7,1,eff,0.5,6.5,10,10
5.327510845438027,-17.503507624770375,1.7398467296524174,-30.164493282156084,12.2583125,-17.360388261294847,5.255071518564611,-16.101198216848744,0.2,3,-10,10,400,0.7,1,eff,0.5,35,5,10
5.327510845438027,-12.316618528951274,1.6648435882347152,-27.068605119788113,12.2583125,-12.373416225761908,5.255071518564611,-13.774612882116122,0.2,3,-10,10,400,0.8,0.5,eq,1,6.5,5,10
7.482433334471366,-15.959736888676467,1.7398467296524174,-32.15581661473962,12.2583125,-19.3780024823248,5.255071518564611,-17.042481148525578,0.2,3,-10,10,400,0.7,1,eff,0.5,35,10,10
5.327510845438027,-14.426243307034792,1.7398467296524174,-27.087228964420493,12.2583125,-14.242495678015649,5.255071518564611,-14.646599492844746,0.2,3,-10,10,400,0.7,1,eff,0.5,6.5,5,10
5.327510845438027,-13.706802534399266,1.6648435882347152,-28.45878912523611,12.2583125,-13.78459824003844,5.255071518564611,-14.432975382579372,0.2,3,-10,10,400,0.8,0.5,eq,1,35,5,10
7.482433334471366,-13.567577996008495,1.6648435882347152,-31.984743092440336,12.2583125,-17.36380991447119,5.255071518564611,-16.102794529810673,0.2,3,-10,10,400,0.8,0.5,eq,0.5,6.5,10,10
7.482433334471366,-10.590417768632232,1.6648435882347152,-29.007582865064077,12.2583125,-14.341681224895387,5.255071518564611,-14.692872789976551,0.2,3,-10,10,400,0.8,0.5,eq,1,6.5,10,10
7.482433334471366,-10.590417768632122,1.6648435882347152,-29.007582865063966,12.2583125,-14.341681224895325,5.255071518564611,-14.692872789976441,0.2,3,-10,10,400,0.8,0.5,eq,1,35,10,10
5.327510845438027,-14.426243307034792,1.6648435882347152,-29.17822989787163,12.2583125,-14.514905792682576,5.255071518564611,-14.773687708559912,0.2,3,-10,10,400,0.8,0.5,eq,0.5,6.5,5,10
5.327510845438027,-12.316618528951274,1.6648435882347152,-25.75638222683571,12.2583125,-12.772403798300804,5.255071518564611,-13.960753616091615,0.2,3,-10,10,400,0.8,0.5,eff,1,6.5,5,10
7.482433334471366,-10.590417768632232,1.6648435882347152,-27.62483324786962,12.2583125,-14.665756850163866,5.255071518564611,-14.844064653841361,0.2,3,-10,10,400,0.8,0.5,eff,1,6.5,10,10
5.327510845438027,-13.706802534399266,1.6648435882347152,-27.1465662322837,12.2583125,-14.181115666846752,5.255071518564611,-14.617963712893811,0.2,3,-10,10,400,0.8,0.5,eff,1,35,5,10
7.482433334471366,-15.959736888676467,1.6648435882347152,-34.37690198510832,12.2583125,-19.79210112738399,5.255071518564611,-17.23567169137652,0.2,3,-10,10,400,0.8,0.5,eq,0.5,35,10,10
7.482433334471366,-10.590417768632122,1.6648435882347152,-27.62483324786951,12.2583125,-14.665756850163866,5.255071518564611,-14.844064653841361,0.2,3,-10,10,400,0.8,0.5,eff,1,35,10,10
7.482433334471366,-13.567577996008495,1.6648435882347152,-30.601993475245887,12.2583125,-17.682595578561305,5.255071518564611,-16.25151845400974,0.2,3,-10,10,400,0.8,0.5,eff,0.5,6.5,10,10
5.327510845438027,-17.503507624770375,1.6648435882347152,-30.943271322654805,12.2583125,-18.02842185194655,5.255071518564611,-16.412857705621843,0.2,3,-10,10,400,0.8,0.5,eff,0.5,35,5,10
5.327510845438027,-17.503507624770375,1.6648435882347152,-32.255494215607214,12.2583125,-17.638650593068917,5.255071518564611,-16.231016682984546,0.2,3,-10,10,400,0.8,0.5,eq,0.5,35,5,10
5.327510845438027,-12.316618528951274,1.7398467296524174,-26.213367483983845,12.2583125,-11.672693207517518,5.255071518564611,-13.447702707697351,0.2,3,-10,10,400,0.8,1,eq,1,6.5,5,10
7.482433334471366,-10.590417768632232,1.7398467296524174,-28.099233243312522,12.2583125,-13.586719690918345,5.255071518564611,-14.34065857647726,0.2,3,-10,10,400,0.8,1,eq,1,6.5,10,10
7.482433334471366,-15.959736888676467,1.6648435882347152,-32.994152367913856,12.2583125,-20.106636288712117,5.255071518564611,-17.382412617210854,0.2,3,-10,10,400,0.8,0.5,eff,0.5,35,10,10
5.327510845438027,-14.426243307034792,1.6648435882347152,-27.866007004919222,12.2583125,-14.910144882718537,5.255071518564611,-14.958079653018096,0.2,3,-10,10,400,0.8,0.5,eff,0.5,6.5,5,10
5.327510845438027,-13.706802534399266,1.7398467296524174,-27.603551489431837,12.2583125,-13.083636160437011,5.255071518564611,-14.105953678229532,0.2,3,-10,10,400,0.8,1,eq,1,35,5,10
7.482433334471366,-10.590417768632122,1.7398467296524174,-28.09923324331241,12.2583125,-13.586719690918345,5.255071518564611,-14.34065857647726,0.2,3,-10,10,400,0.8,1,eq,1,35,10,10
7.482433334471366,-13.567577996008495,1.7398467296524174,-31.076393470688785,12.2583125,-16.608336416456083,5.255071518564611,-15.75034146836629,0.2,3,-10,10,400,0.8,1,eq,0.5,6.5,10,10
5.327510845438027,-14.426243307034792,1.7398467296524174,-27.087228964420493,12.2583125,-14.242495678015649,5.255071518564611,-14.646599492844746,0.2,3,-10,10,400,0.8,1,eff,0.5,6.5,5,10
5.327510845438027,-14.426243307034792,1.7398467296524174,-28.322992262067363,12.2583125,-13.81381999511737,5.255071518564611,-14.446608285739293,0.2,3,-10,10,400,0.8,1,eq,0.5,6.5,5,10
7.482433334471366,-15.959736888676467,1.7398467296524174,-33.46855236335676,12.2583125,-19.036216264417128,5.255071518564611,-16.88302671474662,0.2,3,-10,10,400,0.8,1,eq,0.5,35,10,10
7.482433334471366,-10.590417768632232,1.7398467296524174,-26.786497494695382,12.2583125,-13.937793734361026,5.255071518564611,-14.504446084219191,0.2,3,-10,10,400,0.8,1,eff,1,6.5,10,10
5.327510845438027,-13.706802534399266,1.7398467296524174,-26.367788191784967,12.2583125,-13.51355632881447,5.255071518564611,-14.306525478457456,0.2,3,-10,10,400,0.8,1,eff,1,35,5,10
7.482433334471366,-10.590417768632232,1.6648435882347152,-29.007582865064077,18.38746875,-14.341899000436321,6.4809027685646114,-14.626570186409339,0.2,3,-10,10,500,0.7,0.5,eq,1,6.5,10,10
7.482433334471366,-13.567577996008495,1.7398467296524174,-29.763657722071645,12.2583125,-16.954260580775593,5.255071518564611,-15.911726389296499,0.2,3,-10,10,400,0.8,1,eff,0.5,6.5,10,10
5.327510845438027,-12.316618528951274,1.7398467296524174,-24.977604186336976,12.2583125,-12.10501811042094,5.255071518564611,-13.64939639512297,0.2,3,-10,10,400,0.8,1,eff,1,6.5,5,10
7.482433334471366,-10.590417768632122,1.7398467296524174,-26.78649749469527,12.2583125,-13.937793734361026,5.255071518564611,-14.504446084219191,0.2,3,-10,10,400,0.8,1,eff,1,35,10,10
5.327510845438027,-17.503507624770375,1.7398467296524174,-31.400256579802935,12.2583125,-16.937035617127076,5.255071518564611,-15.903690381167568,0.2,3,-10,10,400,0.8,1,eq,0.5,35,5,10
7.482433334471366,-10.590417768632122,1.6648435882347152,-29.007582865063966,18.38746875,-14.341899000436321,6.4809027685646114,-14.626570186409339,0.2,3,-10,10,500,0.7,0.5,eq,1,35,10,10
5.327510845438027,-12.316618528951274,1.6648435882347152,-27.068605119788113,18.38746875,-12.373634001168918,6.4809027685646114,-13.509706920344255,0.2,3,-10,10,500,0.7,0.5,eq,1,6.5,5,10
7.482433334471366,-15.959736888676467,1.7398467296524174,-32.15581661473962,12.2583125,-19.3780024823248,5.255071518564611,-17.042481148525578,0.2,3,-10,10,400,0.8,1,eff,0.5,35,10,10
5.327510845438027,-17.503507624770375,1.7398467296524174,-30.164493282156084,12.2583125,-17.360388261294847,5.255071518564611,-16.101198216848744,0.2,3,-10,10,400,0.8,1,eff,0.5,35,5,10
5.327510845438027,-13.706802534399266,1.6648435882347152,-28.45878912523611,18.38746875,-13.784816015582017,6.4809027685646114,-14.310461571885757,0.2,3,-10,10,500,0.7,0.5,eq,1,35,5,10
7.482433334471366,-13.567577996008495,1.6648435882347152,-31.984743092440336,18.38746875,-17.364027689843265,6.4809027685646114,-16.341433032508125,0.2,3,-10,10,500,0.7,0.5,eq,0.5,6.5,10,10
5.327510845438027,-14.426243307034792,1.6648435882347152,-29.17822989787163,18.38746875,-14.515123568226338,6.4809027685646114,-14.724863940866694,0.2,3,-10,10,500,0.7,0.5,eq,0.5,6.5,5,10
5.327510845438027,-17.503507624770375,1.6648435882347152,-32.255494215607214,18.38746875,-17.638868368501203,6.4809027685646114,-16.49738736697404,0.2,3,-10,10,500,0.7,0.5,eq,0.5,35,5,10
7.482433334471366,-15.959736888676467,1.6648435882347152,-34.37690198510832,18.38746875,-19.79231890263664,6.4809027685646114,-17.71933146381044,0.2,3,-10,10,500,0.7,0.5,eq,0.5,35,10,10
7.482433334471366,-10.590417768632122,1.6648435882347152,-27.62483324786951,18.38746875,-14.665948670760635,6.4809027685646114,-14.810447445467778,0.2,3,-10,10,500,0.7,0.5,eff,1,35,10,10
7.482433334471366,-10.590417768632232,1.6648435882347152,-27.62483324786962,18.38746875,-14.665948670760638,6.4809027685646114,-14.810447445467778,0.2,3,-10,10,500,0.7,0.5,eff,1,6.5,10,10
5.327510845438027,-12.316618528951274,1.6648435882347152,-25.75638222683571,18.38746875,-12.772595618894208,6.4809027685646114,-13.73609187134084,0.2,3,-10,10,500,0.7,0.5,eff,1,6.5,5,10
5.327510845438027,-14.426243307034792,1.6648435882347152,-27.866007004919222,18.38746875,-14.910336703116945,6.4809027685646114,-14.949121869951343,0.2,3,-10,10,500,0.7,0.5,eff,0.5,6.5,5,10
7.482433334471366,-13.567577996008495,1.6648435882347152,-30.601993475245887,18.38746875,-17.682787398971062,6.4809027685646114,-16.522308580241287,0.2,3,-10,10,500,0.7,0.5,eff,0.5,6.5,10,10
7.482433334471366,-15.959736888676467,1.6648435882347152,-32.994152367913856,18.38746875,-20.10682810914712,6.4809027685646114,-17.897795125828118,0.2,3,-10,10,500,0.7,0.5,eff,0.5,35,10,10
5.327510845438027,-13.706802534399266,1.6648435882347152,-27.1465662322837,18.38746875,-14.18130748745739,6.4809027685646114,-14.535444874647641,0.2,3,-10,10,500,0.7,0.5,eff,1,35,5,10
7.482433334471366,-10.590417768632122,1.7398467296524174,-28.09923324331241,18.38746875,-13.586925670882545,6.4809027685646114,-14.198171582079588,0.2,3,-10,10,500,0.7,1,eq,1,35,10,10
7.482433334471366,-10.590417768632232,1.7398467296524174,-28.099233243312522,18.38746875,-13.586925670882545,6.4809027685646114,-14.198171582079588,0.2,3,-10,10,500,0.7,1,eq,1,6.5,10,10
5.327510845438027,-12.316618528951274,1.7398467296524174,-26.213367483983845,18.38746875,-11.672899187480704,6.4809027685646114,-13.112085170756348,0.2,3,-10,10,500,0.7,1,eq,1,6.5,5,10
5.327510845438027,-17.503507624770375,1.6648435882347152,-30.943271322654805,18.38746875,-18.02861367255021,6.4809027685646114,-16.7185426551979,0.2,3,-10,10,500,0.7,0.5,eff,0.5,35,5,10
5.327510845438027,-13.706802534399266,1.7398467296524174,-27.603551489431837,18.38746875,-13.083842140396316,6.4809027685646114,-13.912704170337964,0.2,3,-10,10,500,0.7,1,eq,1,35,5,10
7.482433334471366,-13.567577996008495,1.7398467296524174,-31.076393470688785,18.38746875,-16.608542396258166,6.4809027685646114,-15.91274392165587,0.2,3,-10,10,500,0.7,1,eq,0.5,6.5,10,10
7.482433334471366,-15.959736888676467,1.7398467296524174,-33.46855236335676,18.38746875,-19.036422244350693,6.4809027685646114,-17.290408930058398,0.2,3,-10,10,500,0.7,1,eq,0.5,35,10,10
5.327510845438027,-14.426243307034792,1.7398467296524174,-28.322992262067363,18.38746875,-13.814025975086434,6.4809027685646114,-14.327036337370092,0.2,3,-10,10,500,0.7,1,eq,0.5,6.5,5,10
7.482433334471366,-10.590417768632232,1.7398467296524174,-26.786497494695382,18.38746875,-13.937975542933545,6.4809027685646114,-14.397369711801055,0.2,3,-10,10,500,0.7,1,eff,1,6.5,10,10
5.327510845438027,-17.503507624770375,1.7398467296524174,-31.400256579802935,18.38746875,-16.93724159709806,6.4809027685646114,-16.09925948899049,0.2,3,-10,10,500,0.7,1,eq,0.5,35,5,10
7.482433334471366,-10.590417768632122,1.7398467296524174,-26.78649749469527,18.38746875,-13.937975542933545,6.4809027685646114,-14.397369711801055,0.2,3,-10,10,500,0.7,1,eff,1,35,10,10
7.482433334471366,-13.567577996008495,1.7398467296524174,-29.763657722071645,18.38746875,-16.954442389343203,6.4809027685646114,-16.109019827670878,0.2,3,-10,10,500,0.7,1,eff,0.5,6.5,10,10
5.327510845438027,-12.316618528951274,1.7398467296524174,-24.977604186336976,18.38746875,-12.105199919008111,6.4809027685646114,-13.357387915618357,0.2,3,-10,10,500,0.7,1,eff,1,6.5,5,10
5.327510845438027,-13.706802534399266,1.7398467296524174,-26.367788191784967,18.38746875,-13.513738137563235,6.4809027685646114,-14.156642383760909,0.2,3,-10,10,500,0.7,1,eff,1,35,5,10
5.327510845438027,-14.426243307034792,1.7398467296524174,-27.087228964420493,18.38746875,-14.242677486772173,6.4809027685646114,-14.570268385657892,0.2,3,-10,10,500,0.7,1,eff,0.5,6.5,5,10
7.482433334471366,-10.590417768632232,1.6648435882347152,-29.007582865064077,18.38746875,-14.341899000436321,6.4809027685646114,-14.626570186409339,0.2,3,-10,10,500,0.8,0.5,eq,1,6.5,10,10
7.482433334471366,-15.959736888676467,1.7398467296524174,-32.15581661473962,18.38746875,-19.37818429094272,6.4809027685646114,-17.484336818689215,0.2,3,-10,10,500,0.7,1,eff,0.5,35,10,10
5.327510845438027,-17.503507624770375,1.7398467296524174,-30.164493282156084,18.38746875,-17.360570069880136,6.4809027685646114,-16.339471056490474,0.2,3,-10,10,500,0.7,1,eff,0.5,35,5,10
7.482433334471366,-10.590417768632122,1.6648435882347152,-29.007582865063966,18.38746875,-14.341899000436321,6.4809027685646114,-14.626570186409339,0.2,3,-10,10,500,0.8,0.5,eq,1,35,10,10
5.327510845438027,-12.316618528951274,1.6648435882347152,-27.068605119788113,18.38746875,-12.373634001168918,6.4809027685646114,-13.509706920344255,0.2,3,-10,10,500,0.8,0.5,eq,1,6.5,5,10
5.327510845438027,-13.706802534399266,1.6648435882347152,-28.45878912523611,18.38746875,-13.784816015582017,6.4809027685646114,-14.310461571885757,0.2,3,-10,10,500,0.8,0.5,eq,1,35,5,10
7.482433334471366,-13.567577996008495,1.6648435882347152,-31.984743092440336,18.38746875,-17.364027689843265,6.4809027685646114,-16.341433032508125,0.2,3,-10,10,500,0.8,0.5,eq,0.5,6.5,10,10
5.327510845438027,-14.426243307034792,1.6648435882347152,-29.17822989787163,18.38746875,-14.515123568226338,6.4809027685646114,-14.724863940866694,0.2,3,-10,10,500,0.8,0.5,eq,0.5,6.5,5,10
7.482433334471366,-10.590417768632232,1.6648435882347152,-27.62483324786962,18.38746875,-14.665948670760638,6.4809027685646114,-14.810447445467778,0.2,3,-10,10,500,0.8,0.5,eff,1,6.5,10,10
5.327510845438027,-17.503507624770375,1.6648435882347152,-32.255494215607214,18.38746875,-17.638868368501203,6.4809027685646114,-16.49738736697404,0.2,3,-10,10,500,0.8,0.5,eq,0.5,35,5,10
7.482433334471366,-15.959736888676467,1.6648435882347152,-34.37690198510832,18.38746875,-19.79231890263664,6.4809027685646114,-17.71933146381044,0.2,3,-10,10,500,0.8,0.5,eq,0.5,35,10,10
5.327510845438027,-12.316618528951274,1.6648435882347152,-25.75638222683571,18.38746875,-12.772595618894208,6.4809027685646114,-13.73609187134084,0.2,3,-10,10,500,0.8,0.5,eff,1,6.5,5,10
7.482433334471366,-13.567577996008495,1.6648435882347152,-30.601993475245887,18.38746875,-17.682787398971062,6.4809027685646114,-16.522308580241287,0.2,3,-10,10,500,0.8,0.5,eff,0.5,6.5,10,10
5.327510845438027,-13.706802534399266,1.6648435882347152,-27.1465662322837,18.38746875,-14.18130748745739,6.4809027685646114,-14.535444874647641,0.2,3,-10,10,500,0.8,0.5,eff,1,35,5,10
5.327510845438027,-14.426243307034792,1.6648435882347152,-27.866007004919222,18.38746875,-14.910336703116945,6.4809027685646114,-14.949121869951343,0.2,3,-10,10,500,0.8,0.5,eff,0.5,6.5,5,10
7.482433334471366,-10.590417768632122,1.6648435882347152,-27.62483324786951,18.38746875,-14.665948670760635,6.4809027685646114,-14.810447445467778,0.2,3,-10,10,500,0.8,0.5,eff,1,35,10,10
5.327510845438027,-12.316618528951274,1.7398467296524174,-26.213367483983845,18.38746875,-11.672899187480704,6.4809027685646114,-13.112085170756348,0.2,3,-10,10,500,0.8,1,eq,1,6.5,5,10
5.327510845438027,-17.503507624770375,1.6648435882347152,-30.943271322654805,18.38746875,-18.02861367255021,6.4809027685646114,-16.7185426551979,0.2,3,-10,10,500,0.8,0.5,eff,0.5,35,5,10
7.482433334471366,-15.959736888676467,1.6648435882347152,-32.994152367913856,18.38746875,-20.10682810914712,6.4809027685646114,-17.897795125828118,0.2,3,-10,10,500,0.8,0.5,eff,0.5,35,10,10
7.482433334471366,-10.590417768632232,1.7398467296524174,-28.099233243312522,18.38746875,-13.586925670882545,6.4809027685646114,-14.198171582079588,0.2,3,-10,10,500,0.8,1,eq,1,6.5,10,10
5.327510845438027,-13.706802534399266,1.7398467296524174,-27.603551489431837,18.38746875,-13.083842140396316,6.4809027685646114,-13.912704170337964,0.2,3,-10,10,500,0.8,1,eq,1,35,5,10
7.482433334471366,-10.590417768632122,1.7398467296524174,-28.09923324331241,18.38746875,-13.586925670882545,6.4809027685646114,-14.198171582079588,0.2,3,-10,10,500,0.8,1,eq,1,35,10,10
7.482433334471366,-10.590417768632232,0.664380693404857,-44.209967684343624,0.3268883333333333,-26.48645758329643,2.966853185231278,-15.632789818181614,0.5,0.25,-20,2,400,0.7,0.5,eq,1,6.5,10,10
5.327510845438027,-12.316618528951274,0.664380693404857,-42.27098993906767,0.3268883333333333,-24.511523901361823,2.966853185231278,-15.523990572073764,0.5,0.25,-20,2,400,0.7,0.5,eq,1,6.5,5,10
5.327510845438027,-13.706802534399266,0.664380693404857,-43.66117394451566,0.3268883333333333,-25.927487144434547,2.966853185231278,-15.601996094371628,0.5,0.25,-20,2,400,0.7,0.5,eq,1,35,5,10
7.482433334471366,-10.590417768632122,0.664380693404857,-44.20996768434352,0.3268883333333333,-26.48645758329643,2.966853185231278,-15.632789818181614,0.5,0.25,-20,2,400,0.7,0.5,eq,1,35,10,10
7.482433334471366,-13.567577996008495,1.7398467296524174,-31.076393470688785,18.38746875,-16.608542396258166,6.4809027685646114,-15.91274392165587,0.2,3,-10,10,500,0.8,1,eq,0.5,6.5,10,10
5.327510845438027,-14.426243307034792,1.7398467296524174,-28.322992262067363,18.38746875,-13.814025975086434,6.4809027685646114,-14.327036337370092,0.2,3,-10,10,500,0.8,1,eq,0.5,6.5,5,10
5.327510845438027,-17.503507624770375,1.7398467296524174,-31.400256579802935,18.38746875,-16.93724159709806,6.4809027685646114,-16.09925948899049,0.2,3,-10,10,500,0.8,1,eq,0.5,35,5,10
5.327510845438027,-14.426243307034792,0.664380693404857,-44.380614717151175,0.3268883333333333,-26.66026905360987,2.966853185231278,-15.64236510524475,0.5,0.25,-20,2,400,0.7,0.5,eq,0.5,6.5,5,10
7.482433334471366,-13.567577996008495,0.664380693404857,-47.187127911719884,0.3268883333333333,-29.518825553438727,2.966853185231278,-15.799843199310715,0.5,0.25,-20,2,400,0.7,0.5,eq,0.5,6.5,10,10
7.482433334471366,-15.959736888676467,1.7398467296524174,-33.46855236335676,18.38746875,-19.036422244350693,6.4809027685646114,-17.290408930058398,0.2,3,-10,10,500,0.8,1,eq,0.5,35,10,10
5.327510845438027,-17.503507624770375,0.664380693404857,-47.45787903488676,0.3268883333333333,-29.794597420277434,2.966853185231278,-15.815035492340312,0.5,0.25,-20,2,400,0.7,0.5,eq,0.5,35,5,10
7.482433334471366,-15.959736888676467,0.664380693404857,-49.57928680438786,0.3268883333333333,-31.955344064914723,2.966853185231278,-15.934071188635768,0.5,0.25,-20,2,400,0.7,0.5,eq,0.5,35,10,10
7.482433334471366,-10.590417768632232,0.664380693404857,-40.78178533493897,0.3268883333333333,-25.604883321190346,2.966853185231278,-15.58422382531688,0.5,0.25,-20,2,400,0.7,0.5,eff,1,6.5,10,10
7.482433334471366,-10.590417768632232,1.7398467296524174,-26.786497494695382,18.38746875,-13.937975542933545,6.4809027685646114,-14.397369711801055,0.2,3,-10,10,500,0.8,1,eff,1,6.5,10,10
5.327510845438027,-12.316618528951274,1.7398467296524174,-24.977604186336976,18.38746875,-12.105199919008111,6.4809027685646114,-13.357387915618357,0.2,3,-10,10,500,0.8,1,eff,1,6.5,5,10
7.482433334471366,-15.959736888676467,0.664380693404857,-46.1511044549832,0.3268883333333333,-31.059158705333825,2.966853185231278,-15.884700269304552,0.5,0.25,-20,2,400,0.7,0.5,eff,0.5,35,10,10
5.327510845438027,-13.706802534399266,1.7398467296524174,-26.367788191784967,18.38746875,-13.513738137563235,6.4809027685646114,-14.156642383760909,0.2,3,-10,10,500,0.8,1,eff,1,35,5,10
7.482433334471366,-10.590417768632232,0.6968241909147566,-42.82863815415732,0.3268883333333333,-25.244088009985948,2.966853185231278,-15.564347584298144,0.5,0.25,-20,2,400,0.7,1,eq,1,6.5,10,10
5.327510845438027,-13.706802534399266,0.664380693404857,-40.303518319353046,0.3268883333333333,-25.11904890683469,2.966853185231278,-15.557459170635667,0.5,0.25,-20,2,400,0.7,0.5,eff,1,35,5,10
5.327510845438027,-12.316618528951274,0.664380693404857,-38.913334313905054,0.3268883333333333,-23.706868659984778,2.966853185231278,-15.4796620538864,0.5,0.25,-20,2,400,0.7,0.5,eff,1,6.5,5,10
7.482433334471366,-13.567577996008495,0.664380693404857,-43.75894556231523,0.3268883333333333,-28.629149783985813,2.966853185231278,-15.750830893792699,0.5,0.25,-20,2,400,0.7,0.5,eff,0.5,6.5,10,10
5.327510845438027,-14.426243307034792,0.664380693404857,-41.02295909198857,0.3268883333333333,-25.8498730595418,2.966853185231278,-15.597720328556775,0.5,0.25,-20,2,400,0.7,0.5,eff,0.5,6.5,5,10
5.327510845438027,-17.503507624770375,0.664380693404857,-44.100223409724144,0.3268883333333333,-28.975827513628193,2.966853185231278,-15.769929396174053,0.5,0.25,-20,2,400,0.7,0.5,eff,0.5,35,5,10
7.482433334471366,-10.590417768632122,1.7398467296524174,-26.78649749469527,18.38746875,-13.937975542933545,6.4809027685646114,-14.397369711801055,0.2,3,-10,10,500,0.8,1,eff,1,35,10,10
7.482433334471366,-15.959736888676467,1.7398467296524174,-32.15581661473962,18.38746875,-19.37818429094272,6.4809027685646114,-17.484336818689215,0.2,3,-10,10,500,0.8,1,eff,0.5,35,10,10
7.482433334471366,-10.590417768632122,0.664380693404857,-40.78178533493885,0.3268883333333333,-25.604883321190346,2.966853185231278,-15.58422382531688,0.5,0.25,-20,2,400,0.7,0.5,eff,1,35,10,10
5.327510845438027,-14.426243307034792,1.7398467296524174,-27.087228964420493,18.38746875,-14.242677486772173,6.4809027685646114,-14.570268385657892,0.2,3,-10,10,500,0.8,1,eff,0.5,6.5,5,10
7.482433334471366,-13.567577996008495,1.7398467296524174,-29.763657722071645,18.38746875,-16.954442389343203,6.4809027685646114,-16.109019827670878,0.2,3,-10,10,500,0.8,1,eff,0.5,6.5,10,10
5.327510845438027,-13.706802534399266,0.6968241909147566,-42.33295640027663,0.3268883333333333,-24.739299692325528,2.966853185231278,-15.536538757648376,0.5,0.25,-20,2,400,0.7,1,eq,1,35,5,10
5.327510845438027,-12.316618528951274,0.6968241909147566,-40.94277239482864,0.3268883333333333,-23.32357551068465,2.966853185231278,-15.458546405263117,0.5,0.25,-20,2,400,0.7,1,eq,1,6.5,5,10
7.482433334471366,-15.959736888676467,0.6968241909147566,-48.197957274201556,0.3268883333333333,-30.712051162638538,2.966853185231278,-15.865578088489652,0.5,0.25,-20,2,400,0.7,1,eq,0.5,35,10,10
7.482433334471366,-10.590417768632122,0.6968241909147566,-42.82863815415721,0.3268883333333333,-25.244088009985944,2.966853185231278,-15.564347584298144,0.5,0.25,-20,2,400,0.7,1,eq,1,35,10,10
5.327510845438027,-17.503507624770375,1.7398467296524174,-30.164493282156084,18.38746875,-17.360570069880136,6.4809027685646114,-16.339471056490474,0.2,3,-10,10,500,0.8,1,eff,0.5,35,5,10
5.327510845438027,-14.426243307034792,0.6968241909147566,-43.05239717291216,0.3268883333333333,-25.47195788367169,2.966853185231278,-15.576900952896988,0.5,0.25,-20,2,400,0.7,1,eq,0.5,6.5,5,10
5.327510845438027,-17.503507624770375,0.6968241909147566,-46.12966149064773,0.3268883333333333,-28.60575707200926,2.966853185231278,-15.749542187518228,0.5,0.25,-20,2,400,0.7,1,eq,0.5,35,5,10
5.327510845438027,-12.316618528951274,0.6968241909147566,-37.73583112266833,0.3268883333333333,-22.630607641363508,2.966853185231278,-15.420370752860734,0.5,0.25,-20,2,400,0.7,1,eff,1,6.5,5,10
7.482433334471366,-13.567577996008495,0.6968241909147566,-45.805798381533585,0.3268883333333333,-28.27594401610379,2.966853185231278,-15.731372761290219,0.5,0.25,-20,2,400,0.7,1,eq,0.5,6.5,10,10
7.482433334471366,-10.590417768632122,0.6968241909147566,-39.54472443102662,0.3268883333333333,-24.467896856949338,2.966853185231278,-15.521587154893158,0.5,0.25,-20,2,400,0.7,1,eff,1,35,10,10
7.482433334471366,-10.590417768632232,0.6968241909147566,-39.54472443102673,0.3268883333333333,-24.467896856949345,2.966853185231278,-15.521587154893158,0.5,0.25,-20,2,400,0.7,1,eff,1,6.5,10,10
5.327510845438027,-13.706802534399266,0.6968241909147566,-39.126015128116315,0.3268883333333333,-24.042614678534445,2.966853185231278,-15.498158327475696,0.5,0.25,-20,2,400,0.7,1,eff,1,35,5,10
7.482433334471366,-15.959736888676467,0.6968241909147566,-44.914043551070975,0.3268883333333333,-29.921503251907264,2.966853185231278,-15.822026744215844,0.5,0.25,-20,2,400,0.7,1,eff,0.5,35,10,10
5.327510845438027,-17.503507624770375,0.6968241909147566,-42.922720218487434,0.3268883333333333,-27.8989202356594,2.966853185231278,-15.710602492671978,0.5,0.25,-20,2,400,0.7,1,eff,0.5,35,5,10
7.482433334471366,-13.567577996008495,0.664380693404857,-47.187127911719884,0.3268883333333333,-29.518825553438727,2.966853185231278,-15.799843199310715,0.5,0.25,-20,2,400,0.8,0.5,eq,0.5,6.5,10,10
7.482433334471366,-13.567577996008495,0.6968241909147566,-42.521884658402996,0.3268883333333333,-27.491792381102815,2.966853185231278,-15.688173788331095,0.5,0.25,-20,2,400,0.7,1,eff,0.5,6.5,10,10
5.327510845438027,-14.426243307034792,0.6968241909147566,-39.845455900751844,0.3268883333333333,-24.77334919267945,2.966853185231278,-15.538414547201619,0.5,0.25,-20,2,400,0.7,1,eff,0.5,6.5,5,10
5.327510845438027,-17.503507624770375,0.664380693404857,-47.45787903488676,0.3268883333333333,-29.794597420277434,2.966853185231278,-15.815035492340312,0.5,0.25,-20,2,400,0.8,0.5,eq,0.5,35,5,10
5.327510845438027,-12.316618528951274,0.664380693404857,-42.27098993906767,0.3268883333333333,-24.511523901361823,2.966853185231278,-15.523990572073764,0.5,0.25,-20,2,400,0.8,0.5,eq,1,6.5,5,10
7.482433334471366,-10.590417768632232,0.664380693404857,-44.209967684343624,0.3268883333333333,-26.48645758329643,2.966853185231278,-15.632789818181614,0.5,0.25,-20,2,400,0.8,0.5,eq,1,6.5,10,10
7.482433334471366,-15.959736888676467,0.664380693404857,-49.57928680438786,0.3268883333333333,-31.955344064914723,2.966853185231278,-15.934071188635768,0.5,0.25,-20,2,400,0.8,0.5,eq,0.5,35,10,10
5.327510845438027,-12.316618528951274,0.664380693404857,-38.913334313905054,0.3268883333333333,-23.706868659984778,2.966853185231278,-15.4796620538864,0.5,0.25,-20,2,400,0.8,0.5,eff,1,6.5,5,10
7.482433334471366,-10.590417768632122,0.664380693404857,-40.78178533493885,0.3268883333333333,-25.604883321190346,2.966853185231278,-15.58422382531688,0.5,0.25,-20,2,400,0.8,0.5,eff,1,35,10,10
5.327510845438027,-13.706802534399266,0.664380693404857,-43.66117394451566,0.3268883333333333,-25.927487144434547,2.966853185231278,-15.601996094371628,0.5,0.25,-20,2,400,0.8,0.5,eq,1,35,5,10
5.327510845438027,-14.426243307034792,0.664380693404857,-44.380614717151175,0.3268883333333333,-26.66026905360987,2.966853185231278,-15.64236510524475,0.5,0.25,-20,2,400,0.8,0.5,eq,0.5,6.5,5,10
5.327510845438027,-13.706802534399266,0.664380693404857,-40.303518319353046,0.3268883333333333,-25.11904890683469,2.966853185231278,-15.557459170635667,0.5,0.25,-20,2,400,0.8,0.5,eff,1,35,5,10
7.482433334471366,-10.590417768632232,0.664380693404857,-40.78178533493897,0.3268883333333333,-25.604883321190346,2.966853185231278,-15.58422382531688,0.5,0.25,-20,2,400,0.8,0.5,eff,1,6.5,10,10
7.482433334471366,-10.590417768632122,0.664380693404857,-44.20996768434352,0.3268883333333333,-26.48645758329643,2.966853185231278,-15.632789818181614,0.5,0.25,-20,2,400,0.8,0.5,eq,1,35,10,10
7.482433334471366,-13.567577996008495,0.664380693404857,-43.75894556231523,0.3268883333333333,-28.629149783985813,2.966853185231278,-15.750830893792699,0.5,0.25,-20,2,400,0.8,0.5,eff,0.5,6.5,10,10
7.482433334471366,-10.590417768632122,0.6968241909147566,-42.82863815415721,0.3268883333333333,-25.244088009985944,2.966853185231278,-15.564347584298144,0.5,0.25,-20,2,400,0.8,1,eq,1,35,10,10
5.327510845438027,-12.316618528951274,0.6968241909147566,-40.94277239482864,0.3268883333333333,-23.32357551068465,2.966853185231278,-15.458546405263117,0.5,0.25,-20,2,400,0.8,1,eq,1,6.5,5,10
7.482433334471366,-15.959736888676467,0.664380693404857,-46.1511044549832,0.3268883333333333,-31.059158705333825,2.966853185231278,-15.884700269304552,0.5,0.25,-20,2,400,0.8,0.5,eff,0.5,35,10,10
7.482433334471366,-13.567577996008495,0.6968241909147566,-45.805798381533585,0.3268883333333333,-28.27594401610379,2.966853185231278,-15.731372761290219,0.5,0.25,-20,2,400,0.8,1,eq,0.5,6.5,10,10
5.327510845438027,-13.706802534399266,0.6968241909147566,-42.33295640027663,0.3268883333333333,-24.739299692325528,2.966853185231278,-15.536538757648376,0.5,0.25,-20,2,400,0.8,1,eq,1,35,5,10
5.327510845438027,-14.426243307034792,0.664380693404857,-41.02295909198857,0.3268883333333333,-25.8498730595418,2.966853185231278,-15.597720328556775,0.5,0.25,-20,2,400,0.8,0.5,eff,0.5,6.5,5,10
7.482433334471366,-15.959736888676467,0.6968241909147566,-48.197957274201556,0.3268883333333333,-30.712051162638538,2.966853185231278,-15.865578088489652,0.5,0.25,-20,2,400,0.8,1,eq,0.5,35,10,10
7.482433334471366,-10.590417768632232,0.6968241909147566,-42.82863815415732,0.3268883333333333,-25.244088009985948,2.966853185231278,-15.564347584298144,0.5,0.25,-20,2,400,0.8,1,eq,1,6.5,10,10
5.327510845438027,-17.503507624770375,0.664380693404857,-44.100223409724144,0.3268883333333333,-28.975827513628193,2.966853185231278,-15.769929396174053,0.5,0.25,-20,2,400,0.8,0.5,eff,0.5,35,5,10
5.327510845438027,-17.503507624770375,0.6968241909147566,-46.12966149064773,0.3268883333333333,-28.60575707200926,2.966853185231278,-15.749542187518228,0.5,0.25,-20,2,400,0.8,1,eq,0.5,35,5,10
7.482433334471366,-10.590417768632232,0.6968241909147566,-39.54472443102673,0.3268883333333333,-24.467896856949345,2.966853185231278,-15.521587154893158,0.5,0.25,-20,2,400,0.8,1,eff,1,6.5,10,10
5.327510845438027,-14.426243307034792,0.6968241909147566,-43.05239717291216,0.3268883333333333,-25.47195788367169,2.966853185231278,-15.576900952896988,0.5,0.25,-20,2,400,0.8,1,eq,0.5,6.5,5,10
5.327510845438027,-13.706802534399266,0.6968241909147566,-39.126015128116315,0.3268883333333333,-24.042614678534445,2.966853185231278,-15.498158327475696,0.5,0.25,-20,2,400,0.8,1,eff,1,35,5,10
5.327510845438027,-14.426243307034792,0.6968241909147566,-39.845455900751844,0.3268883333333333,-24.77334919267945,2.966853185231278,-15.538414547201619,0.5,0.25,-20,2,400,0.8,1,eff,0.5,6.5,5,10
7.482433334471366,-10.590417768632122,0.6968241909147566,-39.54472443102662,0.3268883333333333,-24.467896856949338,2.966853185231278,-15.521587154893158,0.5,0.25,-20,2,400,0.8,1,eff,1,35,10,10
7.482433334471366,-13.567577996008495,0.664380693404857,-47.187127911719884,0.49033249999999995,-29.51904067114044,3.048575268564611,-16.167620426382644,0.5,0.25,-20,2,500,0.7,0.5,eq,0.5,6.5,10,10
7.482433334471366,-13.567577996008495,0.6968241909147566,-42.521884658402996,0.3268883333333333,-27.491792381102815,2.966853185231278,-15.688173788331095,0.5,0.25,-20,2,400,0.8,1,eff,0.5,6.5,10,10
5.327510845438027,-14.426243307034792,0.664380693404857,-44.380614717151175,0.49033249999999995,-26.660484171315893,3.048575268564611,-15.937735474975456,0.5,0.25,-20,2,500,0.7,0.5,eq,0.5,6.5,5,10
7.482433334471366,-10.590417768632122,0.664380693404857,-44.20996768434352,0.49033249999999995,-26.48667270101307,3.048575268564611,-15.923757566402742,0.5,0.25,-20,2,500,0.7,0.5,eq,1,35,10,10
5.327510845438027,-12.316618528951274,0.6968241909147566,-37.73583112266833,0.3268883333333333,-22.630607641363508,2.966853185231278,-15.420370752860734,0.5,0.25,-20,2,400,0.8,1,eff,1,6.5,5,10
7.482433334471366,-15.959736888676467,0.664380693404857,-49.57928680438786,0.49033249999999995,-31.955559182618053,3.048575268564611,-16.363565106730317,0.5,0.25,-20,2,500,0.7,0.5,eq,0.5,35,10,10
5.327510845438027,-13.706802534399266,0.664380693404857,-43.66117394451566,0.49033249999999995,-25.927702262141402,3.048575268564611,-15.878805195447043,0.5,0.25,-20,2,500,0.7,0.5,eq,1,35,5,10
5.327510845438027,-12.316618528951274,0.664380693404857,-42.27098993906767,0.49033249999999995,-24.51173901904602,3.048575268564611,-15.764933511835611,0.5,0.25,-20,2,500,0.7,0.5,eq,1,6.5,5,10
7.482433334471366,-15.959736888676467,0.6968241909147566,-44.914043551070975,0.3268883333333333,-29.921503251907264,2.966853185231278,-15.822026744215844,0.5,0.25,-20,2,400,0.8,1,eff,0.5,35,10,10
7.482433334471366,-10.590417768632122,0.664380693404857,-40.78178533493885,0.49033249999999995,-25.60506638087321,3.048575268564611,-15.852858836194583,0.5,0.25,-20,2,500,0.7,0.5,eff,1,35,10,10
5.327510845438027,-13.706802534399266,0.664380693404857,-40.303518319353046,0.49033249999999995,-25.11923196651765,3.048575268564611,-15.813788060177746,0.5,0.25,-20,2,500,0.7,0.5,eff,1,35,5,10
5.327510845438027,-17.503507624770375,0.664380693404857,-47.45787903488676,0.49033249999999995,-29.794812537977567,3.048575268564611,-16.18979798425535,0.5,0.25,-20,2,500,0.7,0.5,eq,0.5,35,5,10
5.327510845438027,-12.316618528951274,0.664380693404857,-38.913334313905054,0.49033249999999995,-23.70705171966763,3.048575268564611,-15.70022060490972,0.5,0.25,-20,2,500,0.7,0.5,eff,1,6.5,5,10
7.482433334471366,-10.590417768632232,0.664380693404857,-40.78178533493897,0.49033249999999995,-25.60506638087321,3.048575268564611,-15.852858836194583,0.5,0.25,-20,2,500,0.7,0.5,eff,1,6.5,10,10
7.482433334471366,-10.590417768632232,0.664380693404857,-44.209967684343624,0.49033249999999995,-26.486672701013077,3.048575268564611,-15.923757566402742,0.5,0.25,-20,2,500,0.7,0.5,eq,1,6.5,10,10
5.327510845438027,-17.503507624770375,0.6968241909147566,-42.922720218487434,0.3268883333333333,-27.8989202356594,2.966853185231278,-15.710602492671978,0.5,0.25,-20,2,400,0.8,1,eff,0.5,35,5,10
5.327510845438027,-12.316618528951274,0.6968241909147566,-40.94277239482864,0.49033249999999995,-23.32377867639844,3.048575268564611,-15.66939780853216,0.5,0.25,-20,2,500,0.7,1,eq,1,6.5,5,10
7.482433334471366,-10.590417768632122,0.6968241909147566,-42.82863815415721,0.49033249999999995,-25.244291175694784,3.048575268564611,-15.823845314678952,0.5,0.25,-20,2,500,0.7,1,eq,1,35,10,10
7.482433334471366,-13.567577996008495,0.664380693404857,-43.75894556231523,0.49033249999999995,-28.62933284366878,3.048575268564611,-16.096070173414965,0.5,0.25,-20,2,500,0.7,0.5,eff,0.5,6.5,10,10
7.482433334471366,-15.959736888676467,0.664380693404857,-46.1511044549832,0.49033249999999995,-31.05934176501679,3.048575268564611,-16.291491352893985,0.5,0.25,-20,2,500,0.7,0.5,eff,0.5,35,10,10
7.482433334471366,-13.567577996008495,0.6968241909147566,-45.805798381533585,0.49033249999999995,-28.2761471818253,3.048575268564611,-16.067667002543363,0.5,0.25,-20,2,500,0.7,1,eq,0.5,6.5,10,10
5.327510845438027,-13.706802534399266,0.6968241909147566,-42.33295640027663,0.49033249999999995,-24.739502858036722,3.048575268564611,-15.783250266834802,0.5,0.25,-20,2,500,0.7,1,eq,1,35,5,10
5.327510845438027,-17.503507624770375,0.664380693404857,-44.100223409724144,0.49033249999999995,-28.976010573311157,3.048575268564611,-16.123949976748374,0.5,0.25,-20,2,500,0.7,0.5,eff,0.5,35,5,10
7.482433334471366,-10.590417768632232,0.6968241909147566,-42.82863815415732,0.49033249999999995,-25.244291175694784,3.048575268564611,-15.823845314678952,0.5,0.25,-20,2,500,0.7,1,eq,1,6.5,10,10
7.482433334471366,-15.959736888676467,0.6968241909147566,-48.197957274201556,0.49033249999999995,-30.71225432836348,3.048575268564611,-16.263578600945962,0.5,0.25,-20,2,500,0.7,1,eq,0.5,35,10,10
5.327510845438027,-12.316618528951274,0.6968241909147566,-37.73583112266833,0.49033249999999995,-22.630780782324642,3.048575268564611,-15.613666957239092,0.5,0.25,-20,2,500,0.7,1,eff,1,6.5,5,10
7.482433334471366,-10.590417768632232,0.6968241909147566,-39.54472443102673,0.49033249999999995,-24.468069997910494,3.048575268564611,-15.761421651635409,0.5,0.25,-20,2,500,0.7,1,eff,1,6.5,10,10
5.327510845438027,-14.426243307034792,0.664380693404857,-41.02295909198857,0.49033249999999995,-25.850056119224767,3.048575268564611,-15.872560897042476,0.5,0.25,-20,2,500,0.7,0.5,eff,0.5,6.5,5,10
7.482433334471366,-13.567577996008495,0.6968241909147566,-42.521884658402996,0.49033249999999995,-27.49196552206395,3.048575268564611,-16.004603157991127,0.5,0.25,-20,2,500,0.7,1,eff,0.5,6.5,10,10
5.327510845438027,-13.706802534399266,0.6968241909147566,-39.126015128116315,0.49033249999999995,-24.042787819495572,3.048575268564611,-15.727220482994797,0.5,0.25,-20,2,500,0.7,1,eff,1,35,5,10
5.327510845438027,-14.426243307034792,0.6968241909147566,-43.05239717291216,0.49033249999999995,-25.472161049381366,3.048575268564611,-15.842170596982342,0.5,0.25,-20,2,500,0.7,1,eq,0.5,6.5,5,10
5.327510845438027,-17.503507624770375,0.6968241909147566,-46.12966149064773,0.49033249999999995,-28.605960237730976,3.048575268564611,-16.09419054977257,0.5,0.25,-20,2,500,0.7,1,eq,0.5,35,5,10
5.327510845438027,-12.316618528951274,0.664380693404857,-42.27098993906767,0.49033249999999995,-24.51173901904602,3.048575268564611,-15.764933511835611,0.5,0.25,-20,2,500,0.8,0.5,eq,1,6.5,5,10
7.482433334471366,-10.590417768632122,0.6968241909147566,-39.54472443102662,0.49033249999999995,-24.46806999791047,3.048575268564611,-15.761421651635409,0.5,0.25,-20,2,500,0.7,1,eff,1,35,10,10
5.327510845438027,-17.503507624770375,0.6968241909147566,-42.922720218487434,0.49033249999999995,-27.899093376620534,3.048575268564611,-16.037344356937933,0.5,0.25,-20,2,500,0.7,1,eff,0.5,35,5,10
7.482433334471366,-10.590417768632232,0.664380693404857,-44.209967684343624,0.49033249999999995,-26.486672701013077,3.048575268564611,-15.923757566402742,0.5,0.25,-20,2,500,0.8,0.5,eq,1,6.5,10,10
5.327510845438027,-14.426243307034792,0.6968241909147566,-39.845455900751844,0.49033249999999995,-24.773522333640578,3.048575268564611,-15.785986111131244,0.5,0.25,-20,2,500,0.7,1,eff,0.5,6.5,5,10
7.482433334471366,-10.590417768632122,0.664380693404857,-44.20996768434352,0.49033249999999995,-26.48667270101307,3.048575268564611,-15.923757566402742,0.5,0.25,-20,2,500,0.8,0.5,eq,1,35,10,10
7.482433334471366,-15.959736888676467,0.6968241909147566,-44.914043551070975,0.49033249999999995,-29.92167639286839,3.048575268564611,-16.2000003682623,0.5,0.25,-20,2,500,0.7,1,eff,0.5,35,10,10
7.482433334471366,-13.567577996008495,0.664380693404857,-47.187127911719884,0.49033249999999995,-29.51904067114044,3.048575268564611,-16.167620426382644,0.5,0.25,-20,2,500,0.8,0.5,eq,0.5,6.5,10,10
5.327510845438027,-14.426243307034792,0.664380693404857,-44.380614717151175,0.49033249999999995,-26.660484171315893,3.048575268564611,-15.937735474975456,0.5,0.25,-20,2,500,0.8,0.5,eq,0.5,6.5,5,10
5.327510845438027,-13.706802534399266,0.664380693404857,-43.66117394451566,0.49033249999999995,-25.927702262141402,3.048575268564611,-15.878805195447043,0.5,0.25,-20,2,500,0.8,0.5,eq,1,35,5,10
5.327510845438027,-17.503507624770375,0.664380693404857,-47.45787903488676,0.49033249999999995,-29.794812537977567,3.048575268564611,-16.18979798425535,0.5,0.25,-20,2,500,0.8,0.5,eq,0.5,35,5,10
7.482433334471366,-15.959736888676467,0.664380693404857,-49.57928680438786,0.49033249999999995,-31.955559182618053,3.048575268564611,-16.363565106730317,0.5,0.25,-20,2,500,0.8,0.5,eq,0.5,35,10,10
5.327510845438027,-12.316618528951274,0.664380693404857,-38.913334313905054,0.49033249999999995,-23.70705171966763,3.048575268564611,-15.70022060490972,0.5,0.25,-20,2,500,0.8,0.5,eff,1,6.5,5,10
7.482433334471366,-13.567577996008495,0.664380693404857,-43.75894556231523,0.49033249999999995,-28.62933284366878,3.048575268564611,-16.096070173414965,0.5,0.25,-20,2,500,0.8,0.5,eff,0.5,6.5,10,10
7.482433334471366,-10.590417768632122,0.664380693404857,-40.78178533493885,0.49033249999999995,-25.60506638087321,3.048575268564611,-15.852858836194583,0.5,0.25,-20,2,500,0.8,0.5,eff,1,35,10,10
5.327510845438027,-13.706802534399266,0.664380693404857,-40.303518319353046,0.49033249999999995,-25.11923196651765,3.048575268564611,-15.813788060177746,0.5,0.25,-20,2,500,0.8,0.5,eff,1,35,5,10
7.482433334471366,-10.590417768632232,0.664380693404857,-40.78178533493897,0.49033249999999995,-25.60506638087321,3.048575268564611,-15.852858836194583,0.5,0.25,-20,2,500,0.8,0.5,eff,1,6.5,10,10
5.327510845438027,-14.426243307034792,0.664380693404857,-41.02295909198857,0.49033249999999995,-25.850056119224767,3.048575268564611,-15.872560897042476,0.5,0.25,-20,2,500,0.8,0.5,eff,0.5,6.5,5,10
5.327510845438027,-12.316618528951274,0.6968241909147566,-40.94277239482864,0.49033249999999995,-23.32377867639844,3.048575268564611,-15.66939780853216,0.5,0.25,-20,2,500,0.8,1,eq,1,6.5,5,10
5.327510845438027,-17.503507624770375,0.664380693404857,-44.100223409724144,0.49033249999999995,-28.976010573311157,3.048575268564611,-16.123949976748374,0.5,0.25,-20,2,500,0.8,0.5,eff,0.5,35,5,10
7.482433334471366,-15.959736888676467,0.664380693404857,-46.1511044549832,0.49033249999999995,-31.05934176501679,3.048575268564611,-16.291491352893985,0.5,0.25,-20,2,500,0.8,0.5,eff,0.5,35,10,10
7.482433334471366,-10.590417768632232,0.6968241909147566,-42.82863815415732,0.49033249999999995,-25.244291175694784,3.048575268564611,-15.823845314678952,0.5,0.25,-20,2,500,0.8,1,eq,1,6.5,10,10
5.327510845438027,-13.706802534399266,0.6968241909147566,-42.33295640027663,0.49033249999999995,-24.739502858036722,3.048575268564611,-15.783250266834802,0.5,0.25,-20,2,500,0.8,1,eq,1,35,5,10
5.327510845438027,-13.706802534399266,0.6968241909147566,-39.126015128116315,0.49033249999999995,-24.042787819495572,3.048575268564611,-15.727220482994797,0.5,0.25,-20,2,500,0.8,1,eff,1,35,5,10
5.327510845438027,-12.316618528951274,0.6968241909147566,-37.73583112266833,0.49033249999999995,-22.630780782324642,3.048575268564611,-15.613666957239092,0.5,0.25,-20,2,500,0.8,1,eff,1,6.5,5,10
7.482433334471366,-10.590417768632232,0.6968241909147566,-39.54472443102673,0.49033249999999995,-24.468069997910494,3.048575268564611,-15.761421651635409,0.5,0.25,-20,2,500,0.8,1,eff,1,6.5,10,10
5.327510845438027,-17.503507624770375,0.6968241909147566,-46.12966149064773,0.49033249999999995,-28.605960237730976,3.048575268564611,-16.09419054977257,0.5,0.25,-20,2,500,0.8,1,eq,0.5,35,5,10
7.482433334471366,-15.959736888676467,0.6968241909147566,-48.197957274201556,0.49033249999999995,-30.71225432836348,3.048575268564611,-16.263578600945962,0.5,0.25,-20,2,500,0.8,1,eq,0.5,35,10,10
7.482433334471366,-13.567577996008495,0.6968241909147566,-42.521884658402996,0.49033249999999995,-27.49196552206395,3.048575268564611,-16.004603157991127,0.5,0.25,-20,2,500,0.8,1,eff,0.5,6.5,10,10
5.327510845438027,-14.426243307034792,0.6968241909147566,-43.05239717291216,0.49033249999999995,-25.472161049381366,3.048575268564611,-15.842170596982342,0.5,0.25,-20,2,500,0.8,1,eq,0.5,6.5,5,10
7.482433334471366,-10.590417768632122,0.6968241909147566,-42.82863815415721,0.49033249999999995,-25.244291175694784,3.048575268564611,-15.823845314678952,0.5,0.25,-20,2,500,0.8,1,eq,1,35,10,10
5.327510845438027,-14.426243307034792,0.6968241909147566,-39.845455900751844,0.49033249999999995,-24.773522333640578,3.048575268564611,-15.785986111131244,0.5,0.25,-20,2,500,0.8,1,eff,0.5,6.5,5,10
7.482433334471366,-10.590417768632122,0.6968241909147566,-39.54472443102662,0.49033249999999995,-24.46806999791047,3.048575268564611,-15.761421651635409,0.5,0.25,-20,2,500,0.8,1,eff,1,35,10,10
7.482433334471366,-13.567577996008495,0.6968241909147566,-45.805798381533585,0.49033249999999995,-28.2761471818253,3.048575268564611,-16.067667002543363,0.5,0.25,-20,2,500,0.8,1,eq,0.5,6.5,10,10
5.327510845438027,-17.503507624770375,0.6968241909147566,-42.922720218487434,0.49033249999999995,-27.899093376620534,3.048575268564611,-16.037344356937933,0.5,0.25,-20,2,500,0.8,1,eff,0.5,35,5,10
5.327510845438027,-12.316618528951274,0.664380693404857,-42.27098993906767,1.6344416666666668,-24.51324484293734,3.6206298518979443,-17.147256747102713,0.5,0.25,-20,10,400,0.7,0.5,eq,1,6.5,5,10
7.482433334471366,-10.590417768632232,0.664380693404857,-44.209967684343624,1.6344416666666668,-26.488178524904292,3.6206298518979443,-17.59302364827009,0.5,0.25,-20,10,400,0.7,0.5,eq,1,6.5,10,10
7.482433334471366,-13.567577996008495,0.664380693404857,-47.187127911719884,1.6344416666666668,-29.520546495052713,3.6206298518979443,-18.277466516197993,0.5,0.25,-20,10,400,0.7,0.5,eq,0.5,6.5,10,10
7.482433334471366,-15.959736888676467,0.6968241909147566,-44.914043551070975,0.49033249999999995,-29.92167639286839,3.048575268564611,-16.2000003682623,0.5,0.25,-20,2,500,0.8,1,eff,0.5,35,10,10
7.482433334471366,-10.590417768632122,0.664380693404857,-44.20996768434352,1.6344416666666668,-26.488178524904292,3.6206298518979443,-17.59302364827009,0.5,0.25,-20,10,400,0.7,0.5,eq,1,35,10,10
7.482433334471366,-15.959736888676467,0.664380693404857,-49.57928680438786,1.6344416666666668,-31.95706500650882,3.6206298518979443,-18.827418808979534,0.5,0.25,-20,10,400,0.7,0.5,eq,0.5,35,10,10
5.327510845438027,-12.316618528951274,0.664380693404857,-38.913334313905054,1.6344416666666668,-23.708333137446566,3.6206298518979443,-16.96557824318812,0.5,0.25,-20,10,400,0.7,0.5,eff,1,6.5,5,10
5.327510845438027,-13.706802534399266,0.664380693404857,-40.303518319353046,1.6344416666666668,-25.120513384297922,3.6206298518979443,-17.284324750109768,0.5,0.25,-20,10,400,0.7,0.5,eff,1,35,5,10
5.327510845438027,-14.426243307034792,0.664380693404857,-41.02295909198857,1.6344416666666668,-25.85133753700498,3.6206298518979443,-17.449280779178178,0.5,0.25,-20,10,400,0.7,0.5,eff,0.5,6.5,5,10
5.327510845438027,-17.503507624770375,0.664380693404857,-47.45787903488676,1.6344416666666668,-29.796318361868764,3.6206298518979443,-18.339711629348887,0.5,0.25,-20,10,400,0.7,0.5,eq,0.5,35,5,10
5.327510845438027,-17.503507624770375,0.664380693404857,-44.100223409724144,1.6344416666666668,-28.97729199109179,3.6206298518979443,-18.154847271315443,0.5,0.25,-20,10,400,0.7,0.5,eff,0.5,35,5,10
7.482433334471366,-13.567577996008495,0.664380693404857,-43.75894556231523,1.6344416666666668,-28.630614261449406,3.6206298518979443,-18.076597830001152,0.5,0.25,-20,10,400,0.7,0.5,eff,0.5,6.5,10,10
5.327510845438027,-13.706802534399266,0.664380693404857,-43.66117394451566,1.6344416666666668,-25.929208086037846,3.6206298518979443,-17.466857122956924,0.5,0.25,-20,10,400,0.7,0.5,eq,1,35,5,10
7.482433334471366,-10.590417768632122,0.664380693404857,-40.78178533493885,1.6344416666666668,-25.60634779864735,3.6206298518979443,-17.393983572247862,0.5,0.25,-20,10,400,0.7,0.5,eff,1,35,10,10
5.327510845438027,-12.316618528951274,0.6968241909147566,-40.94277239482864,1.6344416666666668,-23.325200836384894,3.6206298518979443,-16.87910055528352,0.5,0.25,-20,10,400,0.7,1,eq,1,6.5,5,10
7.482433334471366,-10.590417768632232,0.6968241909147566,-42.82863815415732,1.6344416666666668,-25.245713335711113,3.6206298518979443,-17.312583924013914,0.5,0.25,-20,10,400,0.7,1,eq,1,6.5,10,10
7.482433334471366,-13.567577996008495,0.6968241909147566,-45.805798381533585,1.6344416666666668,-28.27756934182169,3.6206298518979443,-17.996911235341194,0.5,0.25,-20,10,400,0.7,1,eq,0.5,6.5,10,10
7.482433334471366,-10.590417768632232,0.664380693404857,-40.78178533493897,1.6344416666666668,-25.60634779864736,3.6206298518979443,-17.393983572247862,0.5,0.25,-20,10,400,0.7,0.5,eff,1,6.5,10,10
5.327510845438027,-14.426243307034792,0.664380693404857,-44.380614717151175,1.6344416666666668,-26.661989995205502,3.6206298518979443,-17.63225504181576,0.5,0.25,-20,10,400,0.7,0.5,eq,0.5,6.5,5,10
5.327510845438027,-17.503507624770375,0.6968241909147566,-46.12966149064773,1.6344416666666668,-28.607382397730813,3.6206298518979443,-18.071354111696802,0.5,0.25,-20,10,400,0.7,1,eq,0.5,35,5,10
7.482433334471366,-15.959736888676467,0.664380693404857,-46.1511044549832,1.6344416666666668,-31.06062318279741,3.6206298518979443,-18.625080827971985,0.5,0.25,-20,10,400,0.7,0.5,eff,0.5,35,10,10
7.482433334471366,-10.590417768632122,0.6968241909147566,-42.82863815415721,1.6344416666666668,-25.245713335711102,3.6206298518979443,-17.312583924013914,0.5,0.25,-20,10,400,0.7,1,eq,1,35,10,10
5.327510845438027,-14.426243307034792,0.6968241909147566,-43.05239717291216,1.6344416666666668,-25.47358320937806,3.6206298518979443,-17.364016966237795,0.5,0.25,-20,10,400,0.7,1,eq,0.5,6.5,5,10
5.327510845438027,-13.706802534399266,0.6968241909147566,-42.33295640027663,1.6344416666666668,-24.740925018025358,3.6206298518979443,-17.19864697201656,0.5,0.25,-20,10,400,0.7,1,eq,1,35,5,10
7.482433334471366,-15.959736888676467,0.6968241909147566,-48.197957274201556,1.6344416666666668,-30.71367648836225,3.6206298518979443,-18.54677067798527,0.5,0.25,-20,10,400,0.7,1,eq,0.5,35,10,10
5.327510845438027,-12.316618528951274,0.664380693404857,-42.27098993906767,1.6344416666666668,-24.51324484293734,3.6206298518979443,-17.147256747102713,0.5,0.25,-20,10,400,0.8,0.5,eq,1,6.5,5,10
5.327510845438027,-14.426243307034792,0.6968241909147566,-39.845455900751844,1.6344416666666668,-24.774734320368957,3.6206298518979443,-17.206278148736097,0.5,0.25,-20,10,400,0.7,1,eff,0.5,6.5,5,10
7.482433334471366,-13.567577996008495,0.6968241909147566,-42.521884658402996,1.6344416666666668,-27.49317750879349,3.6206298518979443,-17.81986431984073,0.5,0.25,-20,10,400,0.7,1,eff,0.5,6.5,10,10
5.327510845438027,-17.503507624770375,0.6968241909147566,-42.922720218487434,1.6344416666666668,-27.900305363348853,3.6206298518979443,-17.91175810025536,0.5,0.25,-20,10,400,0.7,1,eff,0.5,35,5,10
5.327510845438027,-12.316618528951274,0.6968241909147566,-37.73583112266833,1.6344416666666668,-22.631992769052726,3.6206298518979443,-16.722634940837587,0.5,0.25,-20,10,400,0.7,1,eff,1,6.5,5,10
7.482433334471366,-10.590417768632232,0.6968241909147566,-39.54472443102673,1.6344416666666668,-24.46928198463886,3.6206298518979443,-17.13733378751714,0.5,0.25,-20,10,400,0.7,1,eff,1,6.5,10,10
5.327510845438027,-13.706802534399266,0.6968241909147566,-39.126015128116315,1.6344416666666668,-24.043999806225138,3.6206298518979443,-17.041342352197454,0.5,0.25,-20,10,400,0.7,1,eff,1,35,5,10
7.482433334471366,-10.590417768632232,0.664380693404857,-44.209967684343624,1.6344416666666668,-26.488178524904292,3.6206298518979443,-17.59302364827009,0.5,0.25,-20,10,400,0.8,0.5,eq,1,6.5,10,10
7.482433334471366,-10.590417768632122,0.664380693404857,-44.20996768434352,1.6344416666666668,-26.488178524904292,3.6206298518979443,-17.59302364827009,0.5,0.25,-20,10,400,0.8,0.5,eq,1,35,10,10
7.482433334471366,-15.959736888676467,0.6968241909147566,-44.914043551070975,1.6344416666666668,-29.922888379596685,3.6206298518979443,-18.36828004412583,0.5,0.25,-20,10,400,0.7,1,eff,0.5,35,10,10
7.482433334471366,-10.590417768632122,0.6968241909147566,-39.54472443102662,1.6344416666666668,-24.469281984638855,3.6206298518979443,-17.13733378751714,0.5,0.25,-20,10,400,0.7,1,eff,1,35,10,10
7.482433334471366,-13.567577996008495,0.664380693404857,-47.187127911719884,1.6344416666666668,-29.520546495052713,3.6206298518979443,-18.277466516197993,0.5,0.25,-20,10,400,0.8,0.5,eq,0.5,6.5,10,10
5.327510845438027,-13.706802534399266,0.664380693404857,-43.66117394451566,1.6344416666666668,-25.929208086037846,3.6206298518979443,-17.466857122956924,0.5,0.25,-20,10,400,0.8,0.5,eq,1,35,5,10
5.327510845438027,-12.316618528951274,0.664380693404857,-38.913334313905054,1.6344416666666668,-23.708333137446566,3.6206298518979443,-16.96557824318812,0.5,0.25,-20,10,400,0.8,0.5,eff,1,6.5,5,10
5.327510845438027,-14.426243307034792,0.664380693404857,-44.380614717151175,1.6344416666666668,-26.661989995205502,3.6206298518979443,-17.63225504181576,0.5,0.25,-20,10,400,0.8,0.5,eq,0.5,6.5,5,10
5.327510845438027,-13.706802534399266,0.664380693404857,-40.303518319353046,1.6344416666666668,-25.120513384297922,3.6206298518979443,-17.284324750109768,0.5,0.25,-20,10,400,0.8,0.5,eff,1,35,5,10
7.482433334471366,-10.590417768632232,0.664380693404857,-40.78178533493897,1.6344416666666668,-25.60634779864736,3.6206298518979443,-17.393983572247862,0.5,0.25,-20,10,400,0.8,0.5,eff,1,6.5,10,10
7.482433334471366,-15.959736888676467,0.664380693404857,-46.1511044549832,1.6344416666666668,-31.06062318279741,3.6206298518979443,-18.625080827971985,0.5,0.25,-20,10,400,0.8,0.5,eff,0.5,35,10,10
7.482433334471366,-10.590417768632122,0.664380693404857,-40.78178533493885,1.6344416666666668,-25.60634779864735,3.6206298518979443,-17.393983572247862,0.5,0.25,-20,10,400,0.8,0.5,eff,1,35,10,10
7.482433334471366,-13.567577996008495,0.664380693404857,-43.75894556231523,1.6344416666666668,-28.630614261449406,3.6206298518979443,-18.076597830001152,0.5,0.25,-20,10,400,0.8,0.5,eff,0.5,6.5,10,10
5.327510845438027,-14.426243307034792,0.664380693404857,-41.02295909198857,1.6344416666666668,-25.85133753700498,3.6206298518979443,-17.449280779178178,0.5,0.25,-20,10,400,0.8,0.5,eff,0.5,6.5,5,10
5.327510845438027,-17.503507624770375,0.664380693404857,-47.45787903488676,1.6344416666666668,-29.796318361868764,3.6206298518979443,-18.339711629348887,0.5,0.25,-20,10,400,0.8,0.5,eq,0.5,35,5,10
7.482433334471366,-10.590417768632122,0.6968241909147566,-42.82863815415721,1.6344416666666668,-25.245713335711102,3.6206298518979443,-17.312583924013914,0.5,0.25,-20,10,400,0.8,1,eq,1,35,10,10
7.482433334471366,-10.590417768632232,0.6968241909147566,-42.82863815415732,1.6344416666666668,-25.245713335711113,3.6206298518979443,-17.312583924013914,0.5,0.25,-20,10,400,0.8,1,eq,1,6.5,10,10
5.327510845438027,-17.503507624770375,0.664380693404857,-44.100223409724144,1.6344416666666668,-28.97729199109179,3.6206298518979443,-18.154847271315443,0.5,0.25,-20,10,400,0.8,0.5,eff,0.5,35,5,10
5.327510845438027,-12.316618528951274,0.6968241909147566,-37.73583112266833,1.6344416666666668,-22.631992769052726,3.6206298518979443,-16.722634940837587,0.5,0.25,-20,10,400,0.8,1,eff,1,6.5,5,10
5.327510845438027,-13.706802534399266,0.6968241909147566,-42.33295640027663,1.6344416666666668,-24.740925018025358,3.6206298518979443,-17.19864697201656,0.5,0.25,-20,10,400,0.8,1,eq,1,35,5,10
7.482433334471366,-10.590417768632122,0.6968241909147566,-39.54472443102662,1.6344416666666668,-24.469281984638855,3.6206298518979443,-17.13733378751714,0.5,0.25,-20,10,400,0.8,1,eff,1,35,10,10
5.327510845438027,-12.316618528951274,0.6968241909147566,-40.94277239482864,1.6344416666666668,-23.325200836384894,3.6206298518979443,-16.87910055528352,0.5,0.25,-20,10,400,0.8,1,eq,1,6.5,5,10
5.327510845438027,-17.503507624770375,0.6968241909147566,-46.12966149064773,1.6344416666666668,-28.607382397730813,3.6206298518979443,-18.071354111696802,0.5,0.25,-20,10,400,0.8,1,eq,0.5,35,5,10
7.482433334471366,-15.959736888676467,0.6968241909147566,-48.197957274201556,1.6344416666666668,-30.71367648836225,3.6206298518979443,-18.54677067798527,0.5,0.25,-20,10,400,0.8,1,eq,0.5,35,10,10
7.482433334471366,-15.959736888676467,0.664380693404857,-49.57928680438786,1.6344416666666668,-31.95706500650882,3.6206298518979443,-18.827418808979534,0.5,0.25,-20,10,400,0.8,0.5,eq,0.5,35,10,10
7.482433334471366,-13.567577996008495,0.6968241909147566,-42.521884658402996,1.6344416666666668,-27.49317750879349,3.6206298518979443,-17.81986431984073,0.5,0.25,-20,10,400,0.8,1,eff,0.5,6.5,10,10
5.327510845438027,-13.706802534399266,0.6968241909147566,-39.126015128116315,1.6344416666666668,-24.043999806225138,3.6206298518979443,-17.041342352197454,0.5,0.25,-20,10,400,0.8,1,eff,1,35,5,10
7.482433334471366,-13.567577996008495,0.6968241909147566,-45.805798381533585,1.6344416666666668,-28.27756934182169,3.6206298518979443,-17.996911235341194,0.5,0.25,-20,10,400,0.8,1,eq,0.5,6.5,10,10
5.327510845438027,-14.426243307034792,0.6968241909147566,-43.05239717291216,1.6344416666666668,-25.47358320937806,3.6206298518979443,-17.364016966237795,0.5,0.25,-20,10,400,0.8,1,eq,0.5,6.5,5,10
7.482433334471366,-10.590417768632232,0.664380693404857,-44.209967684343624,2.4516625,-26.48925411339662,4.029240268564611,-18.49541992848447,0.5,0.25,-20,10,500,0.7,0.5,eq,1,6.5,10,10
5.327510845438027,-17.503507624770375,0.6968241909147566,-42.922720218487434,1.6344416666666668,-27.900305363348853,3.6206298518979443,-17.91175810025536,0.5,0.25,-20,10,400,0.8,1,eff,0.5,35,5,10
7.482433334471366,-10.590417768632232,0.6968241909147566,-39.54472443102673,1.6344416666666668,-24.46928198463886,3.6206298518979443,-17.13733378751714,0.5,0.25,-20,10,400,0.8,1,eff,1,6.5,10,10
5.327510845438027,-12.316618528951274,0.664380693404857,-42.27098993906767,2.4516625,-24.514320431435333,4.029240268564611,-17.89457826537644,0.5,0.25,-20,10,500,0.7,0.5,eq,1,6.5,5,10
7.482433334471366,-15.959736888676467,0.6968241909147566,-44.914043551070975,1.6344416666666668,-29.922888379596685,3.6206298518979443,-18.36828004412583,0.5,0.25,-20,10,400,0.8,1,eff,0.5,35,10,10
7.482433334471366,-10.590417768632232,0.664380693404857,-40.78178533493897,2.4516625,-25.607263097062045,4.029240268564611,-18.22708841237286,0.5,0.25,-20,10,500,0.7,0.5,eff,1,6.5,10,10
5.327510845438027,-14.426243307034792,0.6968241909147566,-39.845455900751844,1.6344416666666668,-24.774734320368957,3.6206298518979443,-17.206278148736097,0.5,0.25,-20,10,400,0.8,1,eff,0.5,6.5,5,10
7.482433334471366,-13.567577996008495,0.664380693404857,-47.187127911719884,2.4516625,-29.521622083518682,4.029240268564611,-19.4179688884647,0.5,0.25,-20,10,500,0.7,0.5,eq,0.5,6.5,10,10
5.327510845438027,-12.316618528951274,0.664380693404857,-38.913334313905054,2.4516625,-23.709248435861234,4.029240268564611,-17.64964811852621,0.5,0.25,-20,10,500,0.7,0.5,eff,1,6.5,5,10
5.327510845438027,-14.426243307034792,0.664380693404857,-44.380614717151175,2.4516625,-26.663065583711695,4.029240268564611,-18.5482992600009,0.5,0.25,-20,10,500,0.7,0.5,eq,0.5,6.5,5,10
5.327510845438027,-17.503507624770375,0.664380693404857,-47.45787903488676,2.4516625,-29.79739395038001,4.029240268564611,-19.501868023223956,0.5,0.25,-20,10,500,0.7,0.5,eq,0.5,35,5,10
5.327510845438027,-13.706802534399266,0.664380693404857,-43.66117394451566,2.4516625,-25.930283674532454,4.029240268564611,-18.325362203922445,0.5,0.25,-20,10,500,0.7,0.5,eq,1,35,5,10
7.482433334471366,-15.959736888676467,0.664380693404857,-49.57928680438786,2.4516625,-31.95814059499405,4.029240268564611,-20.159240277979997,0.5,0.25,-20,10,500,0.7,0.5,eq,0.5,35,10,10
7.482433334471366,-10.590417768632122,0.664380693404857,-44.20996768434352,2.4516625,-26.48925411339662,4.029240268564611,-18.49541992848447,0.5,0.25,-20,10,500,0.7,0.5,eq,1,35,10,10
7.482433334471366,-10.590417768632122,0.664380693404857,-40.78178533493885,2.4516625,-25.607263097062038,4.029240268564611,-18.22708841237286,0.5,0.25,-20,10,500,0.7,0.5,eff,1,35,10,10
7.482433334471366,-13.567577996008495,0.664380693404857,-43.75894556231523,2.4516625,-28.631529559858325,4.029240268564611,-19.147172619647822,0.5,0.25,-20,10,500,0.7,0.5,eff,0.5,6.5,10,10
7.482433334471366,-15.959736888676467,0.664380693404857,-46.1511044549832,2.4516625,-31.06153848121086,4.029240268564611,-19.886463571545665,0.5,0.25,-20,10,500,0.7,0.5,eff,0.5,35,10,10
7.482433334471366,-10.590417768632232,0.6968241909147566,-42.82863815415732,2.4516625,-25.246729164276495,4.029240268564611,-18.117401788583678,0.5,0.25,-20,10,500,0.7,1,eq,1,6.5,10,10
5.327510845438027,-14.426243307034792,0.664380693404857,-41.02295909198857,2.4516625,-25.852252835418142,4.029240268564611,-18.301622581890832,0.5,0.25,-20,10,500,0.7,0.5,eff,0.5,6.5,5,10
5.327510845438027,-13.706802534399266,0.664380693404857,-40.303518319353046,2.4516625,-25.121428682712608,4.029240268564611,-18.079281141587412,0.5,0.25,-20,10,500,0.7,0.5,eff,1,35,5,10
5.327510845438027,-17.503507624770375,0.664380693404857,-44.100223409724144,2.4516625,-28.97820728950513,4.029240268564611,-19.2526437175109,0.5,0.25,-20,10,500,0.7,0.5,eff,0.5,35,5,10
5.327510845438027,-12.316618528951274,0.6968241909147566,-40.94277239482864,2.4516625,-23.326216664952778,4.029240268564611,-17.533116890993018,0.5,0.25,-20,10,500,0.7,1,eq,1,6.5,5,10
7.482433334471366,-10.590417768632122,0.6968241909147566,-42.82863815415721,2.4516625,-25.24672916427649,4.029240268564611,-18.117401788583678,0.5,0.25,-20,10,500,0.7,1,eq,1,35,10,10
7.482433334471366,-13.567577996008495,0.6968241909147566,-45.805798381533585,2.4516625,-28.278585170378836,4.029240268564611,-19.039794991782767,0.5,0.25,-20,10,500,0.7,1,eq,0.5,6.5,10,10
5.327510845438027,-14.426243307034792,0.6968241909147566,-43.05239717291216,2.4516625,-25.47459903796109,4.029240268564611,-18.18672751588646,0.5,0.25,-20,10,500,0.7,1,eq,0.5,6.5,5,10
5.327510845438027,-13.706802534399266,0.6968241909147566,-42.33295640027663,2.4516625,-24.741940846596805,4.029240268564611,-17.96382809895436,0.5,0.25,-20,10,500,0.7,1,eq,1,35,5,10
5.327510845438027,-12.316618528951274,0.6968241909147566,-37.73583112266833,2.4516625,-22.632858473858864,4.029240268564611,-17.32217386416046,0.5,0.25,-20,10,500,0.7,1,eff,1,6.5,5,10
7.482433334471366,-15.959736888676467,0.6968241909147566,-48.197957274201556,2.4516625,-30.714692316916135,4.029240268564611,-19.780941230162384,0.5,0.25,-20,10,500,0.7,1,eq,0.5,35,10,10
7.482433334471366,-10.590417768632232,0.6968241909147566,-39.54472443102673,2.4516625,-24.470147689444644,4.029240268564611,-17.88113942233882,0.5,0.25,-20,10,500,0.7,1,eff,1,6.5,10,10
5.327510845438027,-17.503507624770375,0.6968241909147566,-46.12966149064773,2.4516625,-28.608398226307987,4.029240268564611,-19.140135285155345,0.5,0.25,-20,10,500,0.7,1,eq,0.5,35,5,10
5.327510845438027,-13.706802534399266,0.6968241909147566,-39.126015128116315,2.4516625,-24.04486551103092,4.029240268564611,-17.751754190975298,0.5,0.25,-20,10,500,0.7,1,eff,1,35,5,10
7.482433334471366,-15.959736888676467,0.6968241909147566,-44.914043551070975,2.4516625,-29.923754084402443,4.029240268564611,-19.540311052359428,0.5,0.25,-20,10,500,0.7,1,eff,0.5,35,10,10
5.327510845438027,-14.426243307034792,0.6968241909147566,-39.845455900751844,2.4516625,-24.775600025174736,4.029240268564611,-17.97406836019466,0.5,0.25,-20,10,500,0.7,1,eff,0.5,6.5,5,10
7.482433334471366,-13.567577996008495,0.6968241909147566,-42.521884658402996,2.4516625,-27.49404321359925,4.029240268564611,-18.801110777525555,0.5,0.25,-20,10,500,0.7,1,eff,0.5,6.5,10,10
5.327510845438027,-12.316618528951274,0.664380693404857,-42.27098993906767,2.4516625,-24.514320431435333,4.029240268564611,-17.89457826537644,0.5,0.25,-20,10,500,0.8,0.5,eq,1,6.5,5,10
7.482433334471366,-10.590417768632122,0.6968241909147566,-39.54472443102662,2.4516625,-24.470147689444637,4.029240268564611,-17.88113942233882,0.5,0.25,-20,10,500,0.7,1,eff,1,35,10,10
7.482433334471366,-10.590417768632232,0.664380693404857,-44.209967684343624,2.4516625,-26.48925411339662,4.029240268564611,-18.49541992848447,0.5,0.25,-20,10,500,0.8,0.5,eq,1,6.5,10,10
5.327510845438027,-17.503507624770375,0.6968241909147566,-42.922720218487434,2.4516625,-27.901171068154614,4.029240268564611,-18.924972849180264,0.5,0.25,-20,10,500,0.7,1,eff,0.5,35,5,10
7.482433334471366,-10.590417768632122,0.664380693404857,-44.20996768434352,2.4516625,-26.48925411339662,4.029240268564611,-18.49541992848447,0.5,0.25,-20,10,500,0.8,0.5,eq,1,35,10,10
5.327510845438027,-13.706802534399266,0.664380693404857,-43.66117394451566,2.4516625,-25.930283674532454,4.029240268564611,-18.325362203922445,0.5,0.25,-20,10,500,0.8,0.5,eq,1,35,5,10
7.482433334471366,-15.959736888676467,0.664380693404857,-49.57928680438786,2.4516625,-31.95814059499405,4.029240268564611,-20.159240277979997,0.5,0.25,-20,10,500,0.8,0.5,eq,0.5,35,10,10
5.327510845438027,-14.426243307034792,0.664380693404857,-44.380614717151175,2.4516625,-26.663065583711695,4.029240268564611,-18.5482992600009,0.5,0.25,-20,10,500,0.8,0.5,eq,0.5,6.5,5,10
7.482433334471366,-13.567577996008495,0.664380693404857,-47.187127911719884,2.4516625,-29.521622083518682,4.029240268564611,-19.4179688884647,0.5,0.25,-20,10,500,0.8,0.5,eq,0.5,6.5,10,10
5.327510845438027,-17.503507624770375,0.664380693404857,-47.45787903488676,2.4516625,-29.79739395038001,4.029240268564611,-19.501868023223956,0.5,0.25,-20,10,500,0.8,0.5,eq,0.5,35,5,10
5.327510845438027,-13.706802534399266,0.664380693404857,-40.303518319353046,2.4516625,-25.121428682712608,4.029240268564611,-18.079281141587412,0.5,0.25,-20,10,500,0.8,0.5,eff,1,35,5,10
5.327510845438027,-14.426243307034792,0.664380693404857,-41.02295909198857,2.4516625,-25.852252835418142,4.029240268564611,-18.301622581890832,0.5,0.25,-20,10,500,0.8,0.5,eff,0.5,6.5,5,10
5.327510845438027,-12.316618528951274,0.664380693404857,-38.913334313905054,2.4516625,-23.709248435861234,4.029240268564611,-17.64964811852621,0.5,0.25,-20,10,500,0.8,0.5,eff,1,6.5,5,10
5.327510845438027,-17.503507624770375,0.664380693404857,-44.100223409724144,2.4516625,-28.97820728950513,4.029240268564611,-19.2526437175109,0.5,0.25,-20,10,500,0.8,0.5,eff,0.5,35,5,10
7.482433334471366,-13.567577996008495,0.664380693404857,-43.75894556231523,2.4516625,-28.631529559858325,4.029240268564611,-19.147172619647822,0.5,0.25,-20,10,500,0.8,0.5,eff,0.5,6.5,10,10
7.482433334471366,-10.590417768632122,0.664380693404857,-40.78178533493885,2.4516625,-25.607263097062038,4.029240268564611,-18.22708841237286,0.5,0.25,-20,10,500,0.8,0.5,eff,1,35,10,10
7.482433334471366,-10.590417768632232,0.6968241909147566,-42.82863815415732,2.4516625,-25.246729164276495,4.029240268564611,-18.117401788583678,0.5,0.25,-20,10,500,0.8,1,eq,1,6.5,10,10
7.482433334471366,-10.590417768632232,0.664380693404857,-40.78178533493897,2.4516625,-25.607263097062045,4.029240268564611,-18.22708841237286,0.5,0.25,-20,10,500,0.8,0.5,eff,1,6.5,10,10
7.482433334471366,-15.959736888676467,0.664380693404857,-46.1511044549832,2.4516625,-31.06153848121086,4.029240268564611,-19.886463571545665,0.5,0.25,-20,10,500,0.8,0.5,eff,0.5,35,10,10
5.327510845438027,-12.316618528951274,0.6968241909147566,-40.94277239482864,2.4516625,-23.326216664952778,4.029240268564611,-17.533116890993018,0.5,0.25,-20,10,500,0.8,1,eq,1,6.5,5,10
7.482433334471366,-13.567577996008495,0.6968241909147566,-45.805798381533585,2.4516625,-28.278585170378836,4.029240268564611,-19.039794991782767,0.5,0.25,-20,10,500,0.8,1,eq,0.5,6.5,10,10
7.482433334471366,-10.590417768632122,0.6968241909147566,-42.82863815415721,2.4516625,-25.24672916427649,4.029240268564611,-18.117401788583678,0.5,0.25,-20,10,500,0.8,1,eq,1,35,10,10
7.482433334471366,-10.590417768632232,0.6968241909147566,-39.54472443102673,2.4516625,-24.470147689444644,4.029240268564611,-17.88113942233882,0.5,0.25,-20,10,500,0.8,1,eff,1,6.5,10,10
7.482433334471366,-13.567577996008495,0.6968241909147566,-42.521884658402996,2.4516625,-27.49404321359925,4.029240268564611,-18.801110777525555,0.5,0.25,-20,10,500,0.8,1,eff,0.5,6.5,10,10
5.327510845438027,-14.426243307034792,0.6968241909147566,-39.845455900751844,2.4516625,-24.775600025174736,4.029240268564611,-17.97406836019466,0.5,0.25,-20,10,500,0.8,1,eff,0.5,6.5,5,10
5.327510845438027,-17.503507624770375,0.6968241909147566,-42.922720218487434,2.4516625,-27.901171068154614,4.029240268564611,-18.924972849180264,0.5,0.25,-20,10,500,0.8,1,eff,0.5,35,5,10
5.327510845438027,-13.706802534399266,0.6968241909147566,-42.33295640027663,2.4516625,-24.741940846596805,4.029240268564611,-17.96382809895436,0.5,0.25,-20,10,500,0.8,1,eq,1,35,5,10
5.327510845438027,-17.503507624770375,0.6968241909147566,-46.12966149064773,2.4516625,-28.608398226307987,4.029240268564611,-19.140135285155345,0.5,0.25,-20,10,500,0.8,1,eq,0.5,35,5,10
5.327510845438027,-13.706802534399266,0.6968241909147566,-39.126015128116315,2.4516625,-24.04486551103092,4.029240268564611,-17.751754190975298,0.5,0.25,-20,10,500,0.8,1,eff,1,35,5,10
7.482433334471366,-15.959736888676467,0.6968241909147566,-48.197957274201556,2.4516625,-30.714692316916135,4.029240268564611,-19.780941230162384,0.5,0.25,-20,10,500,0.8,1,eq,0.5,35,10,10
7.482433334471366,-10.590417768632122,0.6968241909147566,-39.54472443102662,2.4516625,-24.470147689444637,4.029240268564611,-17.88113942233882,0.5,0.25,-20,10,500,0.8,1,eff,1,35,10,10
7.482433334471366,-10.590417768632232,1.6648435882347152,-29.007582865064077,0.3268883333333333,-14.34138505040382,2.966853185231278,-14.963716852547048,0.5,0.25,-10,2,400,0.7,0.5,eq,1,6.5,10,10
5.327510845438027,-14.426243307034792,0.6968241909147566,-43.05239717291216,2.4516625,-25.47459903796109,4.029240268564611,-18.18672751588646,0.5,0.25,-20,10,500,0.8,1,eq,0.5,6.5,5,10
5.327510845438027,-12.316618528951274,1.6648435882347152,-27.068605119788113,0.3268883333333333,-12.373120051258832,2.966853185231278,-14.855284984679141,0.5,0.25,-10,2,400,0.7,0.5,eq,1,6.5,5,10
5.327510845438027,-12.316618528951274,0.6968241909147566,-37.73583112266833,2.4516625,-22.632858473858864,4.029240268564611,-17.32217386416046,0.5,0.25,-20,10,500,0.8,1,eff,1,6.5,5,10
7.482433334471366,-13.567577996008495,1.6648435882347152,-31.984743092440336,0.3268883333333333,-17.363513739936867,2.966853185231278,-15.130206150932079,0.5,0.25,-10,2,400,0.7,0.5,eq,0.5,6.5,10,10
7.482433334471366,-15.959736888676467,0.6968241909147566,-44.914043551070975,2.4516625,-29.923754084402443,4.029240268564611,-19.540311052359428,0.5,0.25,-20,10,500,0.8,1,eff,0.5,35,10,10
7.482433334471366,-15.959736888676467,1.6648435882347152,-34.37690198510832,0.3268883333333333,-19.79180495281736,2.966853185231278,-15.263980897754381,0.5,0.25,-10,2,400,0.7,0.5,eq,0.5,35,10,10
5.327510845438027,-13.706802534399266,1.6648435882347152,-28.45878912523611,0.3268883333333333,-13.784302065573781,2.966853185231278,-14.933027108722685,0.5,0.25,-10,2,400,0.7,0.5,eq,1,35,5,10
5.327510845438027,-14.426243307034792,1.6648435882347152,-29.17822989787163,0.3268883333333333,-14.514609618192509,2.966853185231278,-14.97325980710562,0.5,0.25,-10,2,400,0.7,0.5,eq,0.5,6.5,5,10
7.482433334471366,-10.590417768632122,1.6648435882347152,-27.62483324786951,0.3268883333333333,-14.665495974117256,2.966853185231278,-14.981572147880762,0.5,0.25,-10,2,400,0.7,0.5,eff,1,35,10,10
5.327510845438027,-17.503507624770375,1.6648435882347152,-32.255494215607214,0.3268883333333333,-17.638354418481452,2.966853185231278,-15.145347144727928,0.5,0.25,-10,2,400,0.7,0.5,eq,0.5,35,5,10
7.482433334471366,-15.959736888676467,1.6648435882347152,-32.994152367913856,0.3268883333333333,-20.106375412593817,2.966853185231278,-15.281310608207143,0.5,0.25,-10,2,400,0.7,0.5,eff,0.5,35,10,10
5.327510845438027,-12.316618528951274,1.6648435882347152,-25.75638222683571,0.3268883333333333,-12.772142922296275,2.966853185231278,-14.877267184864372,0.5,0.25,-10,2,400,0.7,0.5,eff,1,6.5,5,10
5.327510845438027,-17.503507624770375,1.6648435882347152,-30.943271322654805,0.3268883333333333,-18.028160976014824,2.966853185231278,-15.166821617504155,0.5,0.25,-10,2,400,0.7,0.5,eff,0.5,35,5,10
5.327510845438027,-13.706802534399266,1.6648435882347152,-27.1465662322837,0.3268883333333333,-14.18085479093634,2.966853185231278,-14.954873228395504,0.5,0.25,-10,2,400,0.7,0.5,eff,1,35,5,10
7.482433334471366,-13.567577996008495,1.6648435882347152,-30.601993475245887,0.3268883333333333,-17.682334702457602,2.966853185231278,-15.147770021902929,0.5,0.25,-10,2,400,0.7,0.5,eff,0.5,6.5,10,10
5.327510845438027,-14.426243307034792,1.6648435882347152,-27.866007004919222,0.3268883333333333,-14.909884006664344,2.966853185231278,-14.995035503102327,0.5,0.25,-10,2,400,0.7,0.5,eff,0.5,6.5,5,10
7.482433334471366,-10.590417768632232,1.7398467296524174,-28.099233243312522,0.3268883333333333,-13.586439558191493,2.966853185231278,-14.92212684820593,0.5,0.25,-10,2,400,0.7,1,eq,1,6.5,10,10
5.327510845438027,-14.426243307034792,1.7398467296524174,-28.322992262067363,0.3268883333333333,-13.813539862477057,2.966853185231278,-14.934637821168328,0.5,0.25,-10,2,400,0.7,1,eq,0.5,6.5,5,10
5.327510845438027,-12.316618528951274,1.7398467296524174,-26.213367483983845,0.3268883333333333,-11.672413074818207,2.966853185231278,-14.816682984279627,0.5,0.25,-10,2,400,0.7,1,eq,1,6.5,5,10
7.482433334471366,-10.590417768632122,1.6648435882347152,-29.007582865063966,0.3268883333333333,-14.341385050403817,2.966853185231278,-14.963716852547048,0.5,0.25,-10,2,400,0.7,0.5,eq,1,35,10,10
7.482433334471366,-13.567577996008495,1.7398467296524174,-31.076393470688785,0.3268883333333333,-16.608056283697124,2.966853185231278,-15.088587942453824,0.5,0.25,-10,2,400,0.7,1,eq,0.5,6.5,10,10
5.327510845438027,-13.706802534399266,1.7398467296524174,-27.603551489431837,0.3268883333333333,-13.083356027688708,2.966853185231278,-14.894411938409903,0.5,0.25,-10,2,400,0.7,1,eq,1,35,5,10
7.482433334471366,-10.590417768632122,1.7398467296524174,-28.09923324331241,0.3268883333333333,-13.58643955819149,2.966853185231278,-14.92212684820593,0.5,0.25,-10,2,400,0.7,1,eq,1,35,10,10
7.482433334471366,-15.959736888676467,1.7398467296524174,-33.46855236335676,0.3268883333333333,-19.035936131632077,2.966853185231278,-15.222340027150171,0.5,0.25,-10,2,400,0.7,1,eq,0.5,35,10,10
5.327510845438027,-17.503507624770375,1.7398467296524174,-31.400256579802935,0.3268883333333333,-16.936755484452068,2.966853185231278,-15.1066960063172,0.5,0.25,-10,2,400,0.7,1,eq,0.5,35,5,10
5.327510845438027,-12.316618528951274,1.7398467296524174,-24.977604186336976,0.3268883333333333,-12.104770850619444,2.966853185231278,-14.840501606892875,0.5,0.25,-10,2,400,0.7,1,eff,1,6.5,5,10
7.482433334471366,-10.590417768632232,1.7398467296524174,-26.786497494695382,0.3268883333333333,-13.937546474569757,2.966853185231278,-14.941469354819992,0.5,0.25,-10,2,400,0.7,1,eff,1,6.5,10,10
5.327510845438027,-13.706802534399266,1.7398467296524174,-26.367788191784967,0.3268883333333333,-13.513309069107441,2.966853185231278,-14.918098084023889,0.5,0.25,-10,2,400,0.7,1,eff,1,35,5,10
7.482433334471366,-13.567577996008495,1.7398467296524174,-29.763657722071645,0.3268883333333333,-16.95401332095416,2.966853185231278,-15.107646741837065,0.5,0.25,-10,2,400,0.7,1,eff,0.5,6.5,10,10
7.482433334471366,-15.959736888676467,1.7398467296524174,-32.15581661473962,0.3268883333333333,-19.377755222595773,2.966853185231278,-15.24117086675869,0.5,0.25,-10,2,400,0.7,1,eff,0.5,35,10,10
7.482433334471366,-10.590417768632122,1.7398467296524174,-26.78649749469527,0.3268883333333333,-13.937546474569752,2.966853185231278,-14.941469354819992,0.5,0.25,-10,2,400,0.7,1,eff,1,35,10,10
5.327510845438027,-14.426243307034792,1.7398467296524174,-27.087228964420493,0.3268883333333333,-14.24224841830459,2.966853185231278,-14.958255407976683,0.5,0.25,-10,2,400,0.7,1,eff,0.5,6.5,5,10
7.482433334471366,-10.590417768632232,1.6648435882347152,-27.62483324786962,0.3268883333333333,-14.665495974117256,2.966853185231278,-14.981572147880762,0.5,0.25,-10,2,400,0.7,0.5,eff,1,6.5,10,10
5.327510845438027,-17.503507624770375,1.7398467296524174,-30.164493282156084,0.3268883333333333,-17.36014100152198,2.966853185231278,-15.130020346517338,0.5,0.25,-10,2,400,0.7,1,eff,0.5,35,5,10
5.327510845438027,-12.316618528951274,1.6648435882347152,-27.068605119788113,0.3268883333333333,-12.373120051258832,2.966853185231278,-14.855284984679141,0.5,0.25,-10,2,400,0.8,0.5,eq,1,6.5,5,10
7.482433334471366,-10.590417768632122,1.6648435882347152,-29.007582865063966,0.3268883333333333,-14.341385050403817,2.966853185231278,-14.963716852547048,0.5,0.25,-10,2,400,0.8,0.5,eq,1,35,10,10
7.482433334471366,-10.590417768632232,1.6648435882347152,-29.007582865064077,0.3268883333333333,-14.34138505040382,2.966853185231278,-14.963716852547048,0.5,0.25,-10,2,400,0.8,0.5,eq,1,6.5,10,10
7.482433334471366,-13.567577996008495,1.6648435882347152,-31.984743092440336,0.3268883333333333,-17.363513739936867,2.966853185231278,-15.130206150932079,0.5,0.25,-10,2,400,0.8,0.5,eq,0.5,6.5,10,10
5.327510845438027,-13.706802534399266,1.6648435882347152,-28.45878912523611,0.3268883333333333,-13.784302065573781,2.966853185231278,-14.933027108722685,0.5,0.25,-10,2,400,0.8,0.5,eq,1,35,5,10
5.327510845438027,-14.426243307034792,1.6648435882347152,-29.17822989787163,0.3268883333333333,-14.514609618192509,2.966853185231278,-14.97325980710562,0.5,0.25,-10,2,400,0.8,0.5,eq,0.5,6.5,5,10
5.327510845438027,-12.316618528951274,1.6648435882347152,-25.75638222683571,0.3268883333333333,-12.772142922296275,2.966853185231278,-14.877267184864372,0.5,0.25,-10,2,400,0.8,0.5,eff,1,6.5,5,10
7.482433334471366,-10.590417768632122,1.6648435882347152,-27.62483324786951,0.3268883333333333,-14.665495974117256,2.966853185231278,-14.981572147880762,0.5,0.25,-10,2,400,0.8,0.5,eff,1,35,10,10
7.482433334471366,-10.590417768632232,1.7398467296524174,-28.099233243312522,0.3268883333333333,-13.586439558191493,2.966853185231278,-14.92212684820593,0.5,0.25,-10,2,400,0.8,1,eq,1,6.5,10,10
7.482433334471366,-10.590417768632232,1.6648435882347152,-27.62483324786962,0.3268883333333333,-14.665495974117256,2.966853185231278,-14.981572147880762,0.5,0.25,-10,2,400,0.8,0.5,eff,1,6.5,10,10
5.327510845438027,-13.706802534399266,1.6648435882347152,-27.1465662322837,0.3268883333333333,-14.18085479093634,2.966853185231278,-14.954873228395504,0.5,0.25,-10,2,400,0.8,0.5,eff,1,35,5,10
5.327510845438027,-17.503507624770375,1.6648435882347152,-30.943271322654805,0.3268883333333333,-18.028160976014824,2.966853185231278,-15.166821617504155,0.5,0.25,-10,2,400,0.8,0.5,eff,0.5,35,5,10
5.327510845438027,-14.426243307034792,1.6648435882347152,-27.866007004919222,0.3268883333333333,-14.909884006664344,2.966853185231278,-14.995035503102327,0.5,0.25,-10,2,400,0.8,0.5,eff,0.5,6.5,5,10
7.482433334471366,-10.590417768632122,1.7398467296524174,-28.09923324331241,0.3268883333333333,-13.58643955819149,2.966853185231278,-14.92212684820593,0.5,0.25,-10,2,400,0.8,1,eq,1,35,10,10
5.327510845438027,-12.316618528951274,1.7398467296524174,-26.213367483983845,0.3268883333333333,-11.672413074818207,2.966853185231278,-14.816682984279627,0.5,0.25,-10,2,400,0.8,1,eq,1,6.5,5,10
5.327510845438027,-17.503507624770375,1.6648435882347152,-32.255494215607214,0.3268883333333333,-17.638354418481452,2.966853185231278,-15.145347144727928,0.5,0.25,-10,2,400,0.8,0.5,eq,0.5,35,5,10
7.482433334471366,-15.959736888676467,1.6648435882347152,-34.37690198510832,0.3268883333333333,-19.79180495281736,2.966853185231278,-15.263980897754381,0.5,0.25,-10,2,400,0.8,0.5,eq,0.5,35,10,10
7.482433334471366,-15.959736888676467,1.6648435882347152,-32.994152367913856,0.3268883333333333,-20.106375412593817,2.966853185231278,-15.281310608207143,0.5,0.25,-10,2,400,0.8,0.5,eff,0.5,35,10,10
7.482433334471366,-13.567577996008495,1.6648435882347152,-30.601993475245887,0.3268883333333333,-17.682334702457602,2.966853185231278,-15.147770021902929,0.5,0.25,-10,2,400,0.8,0.5,eff,0.5,6.5,10,10
7.482433334471366,-13.567577996008495,1.7398467296524174,-31.076393470688785,0.3268883333333333,-16.608056283697124,2.966853185231278,-15.088587942453824,0.5,0.25,-10,2,400,0.8,1,eq,0.5,6.5,10,10
5.327510845438027,-13.706802534399266,1.7398467296524174,-27.603551489431837,0.3268883333333333,-13.083356027688708,2.966853185231278,-14.894411938409903,0.5,0.25,-10,2,400,0.8,1,eq,1,35,5,10
5.327510845438027,-17.503507624770375,1.7398467296524174,-31.400256579802935,0.3268883333333333,-16.936755484452068,2.966853185231278,-15.1066960063172,0.5,0.25,-10,2,400,0.8,1,eq,0.5,35,5,10
7.482433334471366,-10.590417768632232,1.7398467296524174,-26.786497494695382,0.3268883333333333,-13.937546474569757,2.966853185231278,-14.941469354819992,0.5,0.25,-10,2,400,0.8,1,eff,1,6.5,10,10
5.327510845438027,-14.426243307034792,1.7398467296524174,-28.322992262067363,0.3268883333333333,-13.813539862477057,2.966853185231278,-14.934637821168328,0.5,0.25,-10,2,400,0.8,1,eq,0.5,6.5,5,10
5.327510845438027,-13.706802534399266,1.7398467296524174,-26.367788191784967,0.3268883333333333,-13.513309069107441,2.966853185231278,-14.918098084023889,0.5,0.25,-10,2,400,0.8,1,eff,1,35,5,10
7.482433334471366,-15.959736888676467,1.7398467296524174,-33.46855236335676,0.3268883333333333,-19.035936131632077,2.966853185231278,-15.222340027150171,0.5,0.25,-10,2,400,0.8,1,eq,0.5,35,10,10
7.482433334471366,-10.590417768632122,1.7398467296524174,-26.78649749469527,0.3268883333333333,-13.937546474569752,2.966853185231278,-14.941469354819992,0.5,0.25,-10,2,400,0.8,1,eff,1,35,10,10
5.327510845438027,-12.316618528951274,1.7398467296524174,-24.977604186336976,0.3268883333333333,-12.104770850619444,2.966853185231278,-14.840501606892875,0.5,0.25,-10,2,400,0.8,1,eff,1,6.5,5,10
5.327510845438027,-17.503507624770375,1.7398467296524174,-30.164493282156084,0.3268883333333333,-17.36014100152198,2.966853185231278,-15.130020346517338,0.5,0.25,-10,2,400,0.8,1,eff,0.5,35,5,10
7.482433334471366,-13.567577996008495,1.7398467296524174,-29.763657722071645,0.3268883333333333,-16.95401332095416,2.966853185231278,-15.107646741837065,0.5,0.25,-10,2,400,0.8,1,eff,0.5,6.5,10,10
7.482433334471366,-10.590417768632232,1.6648435882347152,-29.007582865064077,0.49033249999999995,-14.341454738536358,3.048575268564611,-14.947039827465257,0.5,0.25,-10,2,500,0.7,0.5,eq,1,6.5,10,10
7.482433334471366,-15.959736888676467,1.7398467296524174,-32.15581661473962,0.3268883333333333,-19.377755222595773,2.966853185231278,-15.24117086675869,0.5,0.25,-10,2,400,0.8,1,eff,0.5,35,10,10
5.327510845438027,-12.316618528951274,1.6648435882347152,-27.068605119788113,0.49033249999999995,-12.37318973939868,3.048575268564611,-14.788752067992572,0.5,0.25,-10,2,500,0.7,0.5,eq,1,6.5,5,10
5.327510845438027,-17.503507624770375,1.6648435882347152,-32.255494215607214,0.49033249999999995,-17.638424106620523,3.048575268564611,-15.212181916844813,0.5,0.25,-10,2,500,0.7,0.5,eq,0.5,35,5,10
5.327510845438027,-14.426243307034792,1.7398467296524174,-27.087228964420493,0.3268883333333333,-14.24224841830459,2.966853185231278,-14.958255407976683,0.5,0.25,-10,2,400,0.8,1,eff,0.5,6.5,5,10
7.482433334471366,-13.567577996008495,1.6648435882347152,-31.984743092440336,0.49033249999999995,-17.363583428064942,3.048575268564611,-15.190079245080867,0.5,0.25,-10,2,500,0.7,0.5,eq,0.5,6.5,10,10
5.327510845438027,-13.706802534399266,1.6648435882347152,-28.45878912523611,0.49033249999999995,-13.784371753706102,3.048575268564611,-14.902239245456418,0.5,0.25,-10,2,500,0.7,0.5,eq,1,35,5,10
7.482433334471366,-10.590417768632122,1.6648435882347152,-29.007582865063966,0.49033249999999995,-14.341454738536347,3.048575268564611,-14.947039827465257,0.5,0.25,-10,2,500,0.7,0.5,eq,1,35,10,10
5.327510845438027,-12.316618528951274,1.6648435882347152,-25.75638222683571,0.49033249999999995,-12.772204304873748,3.048575268564611,-14.820840796692103,0.5,0.25,-10,2,500,0.7,0.5,eff,1,6.5,5,10
7.482433334471366,-15.959736888676467,1.6648435882347152,-34.37690198510832,0.49033249999999995,-19.791874640933464,3.048575268564611,-15.385362286541525,0.5,0.25,-10,2,500,0.7,0.5,eq,0.5,35,10,10
5.327510845438027,-14.426243307034792,1.6648435882347152,-29.17822989787163,0.49033249999999995,-14.514679306325993,3.048575268564611,-14.960970537371221,0.5,0.25,-10,2,500,0.7,0.5,eq,0.5,6.5,5,10
5.327510845438027,-13.706802534399266,1.6648435882347152,-27.1465662322837,0.49033249999999995,-14.180916173525025,3.048575268564611,-14.934129325182344,0.5,0.25,-10,2,500,0.7,0.5,eff,1,35,5,10
7.482433334471366,-13.567577996008495,1.6648435882347152,-30.601993475245887,0.49033249999999995,-17.682396085039485,3.048575268564611,-15.215718140852541,0.5,0.25,-10,2,500,0.7,0.5,eff,0.5,6.5,10,10
7.482433334471366,-10.590417768632232,1.6648435882347152,-27.62483324786962,0.49033249999999995,-14.665557356694608,3.048575268564611,-14.973104141615012,0.5,0.25,-10,2,500,0.7,0.5,eff,1,6.5,10,10
7.482433334471366,-10.590417768632122,1.6648435882347152,-27.62483324786951,0.49033249999999995,-14.665557356694608,3.048575268564611,-14.973104141615012,0.5,0.25,-10,2,500,0.7,0.5,eff,1,35,10,10
5.327510845438027,-14.426243307034792,1.6648435882347152,-27.866007004919222,0.49033249999999995,-14.909945389241958,3.048575268564611,-14.992757813316215,0.5,0.25,-10,2,500,0.7,0.5,eff,0.5,6.5,5,10
7.482433334471366,-10.590417768632122,1.7398467296524174,-28.09923324331241,0.49033249999999995,-13.586505471772476,3.048575268564611,-14.886326850298115,0.5,0.25,-10,2,500,0.7,1,eq,1,35,10,10
7.482433334471366,-10.590417768632232,1.7398467296524174,-28.099233243312522,0.49033249999999995,-13.586505471772481,3.048575268564611,-14.886326850298115,0.5,0.25,-10,2,500,0.7,1,eq,1,6.5,10,10
5.327510845438027,-13.706802534399266,1.7398467296524174,-27.603551489431837,0.49033249999999995,-13.083421941267236,3.048575268564611,-14.845868901339987,0.5,0.25,-10,2,500,0.7,1,eq,1,35,5,10
7.482433334471366,-13.567577996008495,1.7398467296524174,-31.076393470688785,0.49033249999999995,-16.608122197278327,3.048575268564611,-15.12932509579612,0.5,0.25,-10,2,500,0.7,1,eq,0.5,6.5,10,10
7.482433334471366,-15.959736888676467,1.6648435882347152,-32.994152367913856,0.49033249999999995,-20.10643679517547,3.048575268564611,-15.410659357124823,0.5,0.25,-10,2,500,0.7,0.5,eff,0.5,35,10,10
5.327510845438027,-12.316618528951274,1.7398467296524174,-26.213367483983845,0.49033249999999995,-11.672478988396296,3.048575268564611,-14.732400949183377,0.5,0.25,-10,2,500,0.7,1,eq,1,6.5,5,10
5.327510845438027,-17.503507624770375,1.6648435882347152,-30.943271322654805,0.49033249999999995,-18.02822235858501,3.048575268564611,-15.243529470135076,0.5,0.25,-10,2,500,0.7,0.5,eff,0.5,35,5,10
5.327510845438027,-14.426243307034792,1.7398467296524174,-28.322992262067363,0.49033249999999995,-13.813605776055777,3.048575268564611,-14.904590243873805,0.5,0.25,-10,2,500,0.7,1,eq,0.5,6.5,5,10
5.327510845438027,-13.706802534399266,1.7398467296524174,-26.367788191784967,0.49033249999999995,-13.513367247872084,3.048575268564611,-14.880445078484739,0.5,0.25,-10,2,500,0.7,1,eff,1,35,5,10
7.482433334471366,-10.590417768632122,1.7398467296524174,-26.78649749469527,0.49033249999999995,-13.937604653335708,3.048575268564611,-14.914562226543971,0.5,0.25,-10,2,500,0.7,1,eff,1,35,10,10
5.327510845438027,-17.503507624770375,1.7398467296524174,-31.400256579802935,0.49033249999999995,-16.93682139802396,3.048575268564611,-15.155759066856511,0.5,0.25,-10,2,500,0.7,1,eq,0.5,35,5,10
5.327510845438027,-12.316618528951274,1.7398467296524174,-24.977604186336976,0.49033249999999995,-12.104829029395692,3.048575268564611,-14.767170514931705,0.5,0.25,-10,2,500,0.7,1,eff,1,6.5,5,10
7.482433334471366,-10.590417768632232,1.7398467296524174,-26.786497494695382,0.49033249999999995,-13.937604653335711,3.048575268564611,-14.914562226543971,0.5,0.25,-10,2,500,0.7,1,eff,1,6.5,10,10
7.482433334471366,-13.567577996008495,1.7398467296524174,-29.763657722071645,0.49033249999999995,-16.95407149971561,3.048575268564611,-15.15714631905496,0.5,0.25,-10,2,500,0.7,1,eff,0.5,6.5,10,10
7.482433334471366,-15.959736888676467,1.7398467296524174,-33.46855236335676,0.49033249999999995,-19.036002045211738,3.048575268564611,-15.324575055312039,0.5,0.25,-10,2,500,0.7,1,eq,0.5,35,10,10
5.327510845438027,-14.426243307034792,1.7398467296524174,-27.087228964420493,0.49033249999999995,-14.24230659707253,3.048575268564611,-14.939066339558327,0.5,0.25,-10,2,500,0.7,1,eff,0.5,6.5,5,10
7.482433334471366,-10.590417768632232,1.6648435882347152,-29.007582865064077,0.49033249999999995,-14.341454738536358,3.048575268564611,-14.947039827465257,0.5,0.25,-10,2,500,0.8,0.5,eq,1,6.5,10,10
7.482433334471366,-15.959736888676467,1.7398467296524174,-32.15581661473962,0.49033249999999995,-19.377813401373565,3.048575268564611,-15.352063505166491,0.5,0.25,-10,2,500,0.7,1,eff,0.5,35,10,10
5.327510845438027,-17.503507624770375,1.7398467296524174,-30.164493282156084,0.49033249999999995,-17.36019918029886,3.048575268564611,-15.189807084067585,0.5,0.25,-10,2,500,0.7,1,eff,0.5,35,5,10
5.327510845438027,-12.316618528951274,1.6648435882347152,-27.068605119788113,0.49033249999999995,-12.37318973939868,3.048575268564611,-14.788752067992572,0.5,0.25,-10,2,500,0.8,0.5,eq,1,6.5,5,10
7.482433334471366,-13.567577996008495,1.6648435882347152,-31.984743092440336,0.49033249999999995,-17.363583428064942,3.048575268564611,-15.190079245080867,0.5,0.25,-10,2,500,0.8,0.5,eq,0.5,6.5,10,10
5.327510845438027,-13.706802534399266,1.6648435882347152,-27.1465662322837,0.49033249999999995,-14.180916173525025,3.048575268564611,-14.934129325182344,0.5,0.25,-10,2,500,0.8,0.5,eff,1,35,5,10
5.327510845438027,-13.706802534399266,1.6648435882347152,-28.45878912523611,0.49033249999999995,-13.784371753706102,3.048575268564611,-14.902239245456418,0.5,0.25,-10,2,500,0.8,0.5,eq,1,35,5,10
5.327510845438027,-12.316618528951274,1.6648435882347152,-25.75638222683571,0.49033249999999995,-12.772204304873748,3.048575268564611,-14.820840796692103,0.5,0.25,-10,2,500,0.8,0.5,eff,1,6.5,5,10
7.482433334471366,-10.590417768632122,1.6648435882347152,-29.007582865063966,0.49033249999999995,-14.341454738536347,3.048575268564611,-14.947039827465257,0.5,0.25,-10,2,500,0.8,0.5,eq,1,35,10,10
5.327510845438027,-14.426243307034792,1.6648435882347152,-29.17822989787163,0.49033249999999995,-14.514679306325993,3.048575268564611,-14.960970537371221,0.5,0.25,-10,2,500,0.8,0.5,eq,0.5,6.5,5,10
7.482433334471366,-10.590417768632122,1.6648435882347152,-27.62483324786951,0.49033249999999995,-14.665557356694608,3.048575268564611,-14.973104141615012,0.5,0.25,-10,2,500,0.8,0.5,eff,1,35,10,10
7.482433334471366,-15.959736888676467,1.6648435882347152,-32.994152367913856,0.49033249999999995,-20.10643679517547,3.048575268564611,-15.410659357124823,0.5,0.25,-10,2,500,0.8,0.5,eff,0.5,35,10,10
7.482433334471366,-15.959736888676467,1.6648435882347152,-34.37690198510832,0.49033249999999995,-19.791874640933464,3.048575268564611,-15.385362286541525,0.5,0.25,-10,2,500,0.8,0.5,eq,0.5,35,10,10
7.482433334471366,-10.590417768632232,1.6648435882347152,-27.62483324786962,0.49033249999999995,-14.665557356694608,3.048575268564611,-14.973104141615012,0.5,0.25,-10,2,500,0.8,0.5,eff,1,6.5,10,10
5.327510845438027,-17.503507624770375,1.6648435882347152,-32.255494215607214,0.49033249999999995,-17.638424106620523,3.048575268564611,-15.212181916844813,0.5,0.25,-10,2,500,0.8,0.5,eq,0.5,35,5,10
7.482433334471366,-13.567577996008495,1.6648435882347152,-30.601993475245887,0.49033249999999995,-17.682396085039485,3.048575268564611,-15.215718140852541,0.5,0.25,-10,2,500,0.8,0.5,eff,0.5,6.5,10,10
5.327510845438027,-14.426243307034792,1.6648435882347152,-27.866007004919222,0.49033249999999995,-14.909945389241958,3.048575268564611,-14.992757813316215,0.5,0.25,-10,2,500,0.8,0.5,eff,0.5,6.5,5,10
7.482433334471366,-10.590417768632232,1.7398467296524174,-28.099233243312522,0.49033249999999995,-13.586505471772481,3.048575268564611,-14.886326850298115,0.5,0.25,-10,2,500,0.8,1,eq,1,6.5,10,10
5.327510845438027,-17.503507624770375,1.6648435882347152,-30.943271322654805,0.49033249999999995,-18.02822235858501,3.048575268564611,-15.243529470135076,0.5,0.25,-10,2,500,0.8,0.5,eff,0.5,35,5,10
5.327510845438027,-12.316618528951274,1.7398467296524174,-26.213367483983845,0.49033249999999995,-11.672478988396296,3.048575268564611,-14.732400949183377,0.5,0.25,-10,2,500,0.8,1,eq,1,6.5,5,10
5.327510845438027,-13.706802534399266,1.7398467296524174,-26.367788191784967,0.49033249999999995,-13.513367247872084,3.048575268564611,-14.880445078484739,0.5,0.25,-10,2,500,0.8,1,eff,1,35,5,10
5.327510845438027,-13.706802534399266,1.7398467296524174,-27.603551489431837,0.49033249999999995,-13.083421941267236,3.048575268564611,-14.845868901339987,0.5,0.25,-10,2,500,0.8,1,eq,1,35,5,10
7.482433334471366,-13.567577996008495,1.7398467296524174,-31.076393470688785,0.49033249999999995,-16.608122197278327,3.048575268564611,-15.12932509579612,0.5,0.25,-10,2,500,0.8,1,eq,0.5,6.5,10,10
7.482433334471366,-15.959736888676467,1.7398467296524174,-33.46855236335676,0.49033249999999995,-19.036002045211738,3.048575268564611,-15.324575055312039,0.5,0.25,-10,2,500,0.8,1,eq,0.5,35,10,10
5.327510845438027,-14.426243307034792,1.7398467296524174,-28.322992262067363,0.49033249999999995,-13.813605776055777,3.048575268564611,-14.904590243873805,0.5,0.25,-10,2,500,0.8,1,eq,0.5,6.5,5,10
7.482433334471366,-13.567577996008495,1.7398467296524174,-29.763657722071645,0.49033249999999995,-16.95407149971561,3.048575268564611,-15.15714631905496,0.5,0.25,-10,2,500,0.8,1,eff,0.5,6.5,10,10
7.482433334471366,-10.590417768632122,1.7398467296524174,-28.09923324331241,0.49033249999999995,-13.586505471772476,3.048575268564611,-14.886326850298115,0.5,0.25,-10,2,500,0.8,1,eq,1,35,10,10
5.327510845438027,-17.503507624770375,1.7398467296524174,-31.400256579802935,0.49033249999999995,-16.93682139802396,3.048575268564611,-15.155759066856511,0.5,0.25,-10,2,500,0.8,1,eq,0.5,35,5,10
7.482433334471366,-10.590417768632122,1.7398467296524174,-26.78649749469527,0.49033249999999995,-13.937604653335708,3.048575268564611,-14.914562226543971,0.5,0.25,-10,2,500,0.8,1,eff,1,35,10,10
7.482433334471366,-10.590417768632232,1.7398467296524174,-26.786497494695382,0.49033249999999995,-13.937604653335711,3.048575268564611,-14.914562226543971,0.5,0.25,-10,2,500,0.8,1,eff,1,6.5,10,10
5.327510845438027,-14.426243307034792,1.7398467296524174,-27.087228964420493,0.49033249999999995,-14.24230659707253,3.048575268564611,-14.939066339558327,0.5,0.25,-10,2,500,0.8,1,eff,0.5,6.5,5,10
7.482433334471366,-10.590417768632232,1.6648435882347152,-29.007582865064077,1.6344416666666668,-14.341942555439063,3.6206298518979443,-14.851468314844851,0.5,0.25,-10,10,400,0.7,0.5,eq,1,6.5,10,10
7.482433334471366,-10.590417768632122,1.6648435882347152,-29.007582865063966,1.6344416666666668,-14.341942555439063,3.6206298518979443,-14.851468314844851,0.5,0.25,-10,10,400,0.7,0.5,eq,1,35,10,10
5.327510845438027,-12.316618528951274,1.7398467296524174,-24.977604186336976,0.49033249999999995,-12.104829029395692,3.048575268564611,-14.767170514931705,0.5,0.25,-10,2,500,0.8,1,eff,1,6.5,5,10
7.482433334471366,-15.959736888676467,1.7398467296524174,-32.15581661473962,0.49033249999999995,-19.377813401373565,3.048575268564611,-15.352063505166491,0.5,0.25,-10,2,500,0.8,1,eff,0.5,35,10,10
7.482433334471366,-13.567577996008495,1.6648435882347152,-31.984743092440336,1.6344416666666668,-17.36407124496994,3.6206298518979443,-15.533600050792518,0.5,0.25,-10,10,400,0.7,0.5,eq,0.5,6.5,10,10
5.327510845438027,-17.503507624770375,1.7398467296524174,-30.164493282156084,0.49033249999999995,-17.36019918029886,3.048575268564611,-15.189807084067585,0.5,0.25,-10,2,500,0.8,1,eff,0.5,35,5,10
5.327510845438027,-17.503507624770375,1.6648435882347152,-32.255494215607214,1.6344416666666668,-17.638911923526337,3.6206298518979443,-15.595634983263107,0.5,0.25,-10,10,400,0.7,0.5,eq,0.5,35,5,10
5.327510845438027,-14.426243307034792,1.6648435882347152,-29.17822989787163,1.6344416666666668,-14.515167123230906,3.6206298518979443,-14.890567237252128,0.5,0.25,-10,10,400,0.7,0.5,eq,0.5,6.5,5,10
5.327510845438027,-13.706802534399266,1.6648435882347152,-28.45878912523611,1.6344416666666668,-13.784859570611665,3.6206298518979443,-14.725727811197963,0.5,0.25,-10,10,400,0.7,0.5,eq,1,35,5,10
7.482433334471366,-15.959736888676467,1.6648435882347152,-34.37690198510832,1.6344416666666668,-19.79236245784925,3.6206298518979443,-16.081695340766643,0.5,0.25,-10,10,400,0.7,0.5,eq,0.5,35,10,10
5.327510845438027,-13.706802534399266,1.6648435882347152,-27.1465662322837,1.6344416666666668,-14.181345851619474,3.6206298518979443,-14.815219657154266,0.5,0.25,-10,10,400,0.7,0.5,eff,1,35,5,10
7.482433334471366,-10.590417768632232,1.6648435882347152,-27.62483324786962,1.6344416666666668,-14.665987034789277,3.6206298518979443,-14.924609152291435,0.5,0.25,-10,10,400,0.7,0.5,eff,1,6.5,10,10
5.327510845438027,-12.316618528951274,1.6648435882347152,-27.068605119788113,1.6344416666666668,-12.373677556297906,3.6206298518979443,-14.40720661767758,0.5,0.25,-10,10,400,0.7,0.5,eq,1,6.5,5,10
7.482433334471366,-10.590417768632122,1.6648435882347152,-27.62483324786951,1.6344416666666668,-14.665987034789232,3.6206298518979443,-14.924609152291435,0.5,0.25,-10,10,400,0.7,0.5,eff,1,35,10,10
5.327510845438027,-14.426243307034792,1.6648435882347152,-27.866007004919222,1.6344416666666668,-14.910375067336604,3.6206298518979443,-14.979770546795779,0.5,0.25,-10,10,400,0.7,0.5,eff,0.5,6.5,5,10
5.327510845438027,-12.316618528951274,1.6648435882347152,-25.75638222683571,1.6344416666666668,-12.772633982965733,3.6206298518979443,-14.497256005988834,0.5,0.25,-10,10,400,0.7,0.5,eff,1,6.5,5,10
7.482433334471366,-10.590417768632232,1.7398467296524174,-28.099233243312522,1.6344416666666668,-13.586966866819743,3.6206298518979443,-14.681060986109884,0.5,0.25,-10,10,400,0.7,1,eq,1,6.5,10,10
7.482433334471366,-13.567577996008495,1.6648435882347152,-30.601993475245887,1.6344416666666668,-17.68282576313252,3.6206298518979443,-15.605546878724951,0.5,0.25,-10,10,400,0.7,0.5,eff,0.5,6.5,10,10
7.482433334471366,-15.959736888676467,1.6648435882347152,-32.994152367913856,1.6344416666666668,-20.1068664732704,3.6206298518979443,-16.15268277778259,0.5,0.25,-10,10,400,0.7,0.5,eff,0.5,35,10,10
5.327510845438027,-12.316618528951274,1.7398467296524174,-26.213367483983845,1.6344416666666668,-11.672940383446994,3.6206298518979443,-14.249041591212542,0.5,0.25,-10,10,400,0.7,1,eq,1,6.5,5,10
7.482433334471366,-10.590417768632122,1.7398467296524174,-28.09923324331241,1.6344416666666668,-13.586966866819743,3.6206298518979443,-14.681060986109884,0.5,0.25,-10,10,400,0.7,1,eq,1,35,10,10
7.482433334471366,-10.590417768632232,1.7398467296524174,-26.786497494695382,1.6344416666666668,-13.938011904708334,3.6206298518979443,-14.760296182784515,0.5,0.25,-10,10,400,0.7,1,eff,1,6.5,10,10
5.327510845438027,-17.503507624770375,1.7398467296524174,-31.400256579802935,1.6344416666666668,-16.93728279308953,3.6206298518979443,-15.437268630965061,0.5,0.25,-10,10,400,0.7,1,eq,0.5,35,5,10
7.482433334471366,-15.959736888676467,1.7398467296524174,-33.46855236335676,1.6344416666666668,-19.036463440271614,3.6206298518979443,-15.911079605292699,0.5,0.25,-10,10,400,0.7,1,eq,0.5,35,10,10
5.327510845438027,-13.706802534399266,1.7398467296524174,-27.603551489431837,1.6344416666666668,-13.08388333632017,3.6206298518979443,-14.567508825616194,0.5,0.25,-10,10,400,0.7,1,eq,1,35,5,10
5.327510845438027,-14.426243307034792,1.7398467296524174,-28.322992262067363,1.6344416666666668,-13.814067171101982,3.6206298518979443,-14.73232032702776,0.5,0.25,-10,10,400,0.7,1,eq,0.5,6.5,5,10
5.327510845438027,-17.503507624770375,1.6648435882347152,-30.943271322654805,1.6344416666666668,-18.028652036679738,3.6206298518979443,-15.683604135892093,0.5,0.25,-10,10,400,0.7,0.5,eff,0.5,35,5,10
5.327510845438027,-12.316618528951274,1.7398467296524174,-24.977604186336976,1.6344416666666668,-12.105236280767576,3.6206298518979443,-14.346616109433551,0.5,0.25,-10,10,400,0.7,1,eff,1,6.5,5,10
7.482433334471366,-10.590417768632122,1.7398467296524174,-26.78649749469527,1.6344416666666668,-13.938011904708334,3.6206298518979443,-14.760296182784515,0.5,0.25,-10,10,400,0.7,1,eff,1,35,10,10
7.482433334471366,-13.567577996008495,1.7398467296524174,-29.763657722071645,1.6344416666666668,-16.954478751079364,3.6206298518979443,-15.441149970868207,0.5,0.25,-10,10,400,0.7,1,eff,0.5,6.5,10,10
7.482433334471366,-13.567577996008495,1.7398467296524174,-31.076393470688785,1.6344416666666668,-16.608583592317803,3.6206298518979443,-15.363077165458039,0.5,0.25,-10,10,400,0.7,1,eq,0.5,6.5,10,10
5.327510845438027,-17.503507624770375,1.7398467296524174,-30.164493282156084,1.6344416666666668,-17.36060643166517,3.6206298518979443,-15.532817999676428,0.5,0.25,-10,10,400,0.7,1,eff,0.5,35,5,10
5.327510845438027,-13.706802534399266,1.7398467296524174,-26.367788191784967,1.6344416666666668,-13.513774499244748,3.6206298518979443,-14.664540565611283,0.5,0.25,-10,10,400,0.7,1,eff,1,35,5,10
7.482433334471366,-10.590417768632232,1.6648435882347152,-29.007582865064077,1.6344416666666668,-14.341942555439063,3.6206298518979443,-14.851468314844851,0.5,0.25,-10,10,400,0.8,0.5,eq,1,6.5,10,10
5.327510845438027,-13.706802534399266,1.6648435882347152,-28.45878912523611,1.6344416666666668,-13.784859570611665,3.6206298518979443,-14.725727811197963,0.5,0.25,-10,10,400,0.8,0.5,eq,1,35,5,10
7.482433334471366,-10.590417768632122,1.6648435882347152,-29.007582865063966,1.6344416666666668,-14.341942555439063,3.6206298518979443,-14.851468314844851,0.5,0.25,-10,10,400,0.8,0.5,eq,1,35,10,10
5.327510845438027,-12.316618528951274,1.6648435882347152,-27.068605119788113,1.6344416666666668,-12.373677556297906,3.6206298518979443,-14.40720661767758,0.5,0.25,-10,10,400,0.8,0.5,eq,1,6.5,5,10
5.327510845438027,-14.426243307034792,1.6648435882347152,-27.866007004919222,1.6344416666666668,-14.910375067336604,3.6206298518979443,-14.979770546795779,0.5,0.25,-10,10,400,0.8,0.5,eff,0.5,6.5,5,10
7.482433334471366,-13.567577996008495,1.6648435882347152,-31.984743092440336,1.6344416666666668,-17.36407124496994,3.6206298518979443,-15.533600050792518,0.5,0.25,-10,10,400,0.8,0.5,eq,0.5,6.5,10,10
7.482433334471366,-15.959736888676467,1.6648435882347152,-34.37690198510832,1.6344416666666668,-19.79236245784925,3.6206298518979443,-16.081695340766643,0.5,0.25,-10,10,400,0.8,0.5,eq,0.5,35,10,10
5.327510845438027,-14.426243307034792,1.6648435882347152,-29.17822989787163,1.6344416666666668,-14.515167123230906,3.6206298518979443,-14.890567237252128,0.5,0.25,-10,10,400,0.8,0.5,eq,0.5,6.5,5,10
5.327510845438027,-12.316618528951274,1.6648435882347152,-25.75638222683571,1.6344416666666668,-12.772633982965733,3.6206298518979443,-14.497256005988834,0.5,0.25,-10,10,400,0.8,0.5,eff,1,6.5,5,10
7.482433334471366,-10.590417768632122,1.6648435882347152,-27.62483324786951,1.6344416666666668,-14.665987034789232,3.6206298518979443,-14.924609152291435,0.5,0.25,-10,10,400,0.8,0.5,eff,1,35,10,10
5.327510845438027,-14.426243307034792,1.7398467296524174,-27.087228964420493,1.6344416666666668,-14.242713848433617,3.6206298518979443,-14.829071171268527,0.5,0.25,-10,10,400,0.7,1,eff,0.5,6.5,5,10
7.482433334471366,-15.959736888676467,1.7398467296524174,-32.15581661473962,1.6344416666666668,-19.37822065274054,3.6206298518979443,-15.988218425165513,0.5,0.25,-10,10,400,0.7,1,eff,0.5,35,10,10
7.482433334471366,-10.590417768632232,1.6648435882347152,-27.62483324786962,1.6344416666666668,-14.665987034789277,3.6206298518979443,-14.924609152291435,0.5,0.25,-10,10,400,0.8,0.5,eff,1,6.5,10,10
5.327510845438027,-17.503507624770375,1.6648435882347152,-32.255494215607214,1.6344416666666668,-17.638911923526337,3.6206298518979443,-15.595634983263107,0.5,0.25,-10,10,400,0.8,0.5,eq,0.5,35,5,10
5.327510845438027,-17.503507624770375,1.6648435882347152,-30.943271322654805,1.6344416666666668,-18.028652036679738,3.6206298518979443,-15.683604135892093,0.5,0.25,-10,10,400,0.8,0.5,eff,0.5,35,5,10
5.327510845438027,-13.706802534399266,1.6648435882347152,-27.1465662322837,1.6344416666666668,-14.181345851619474,3.6206298518979443,-14.815219657154266,0.5,0.25,-10,10,400,0.8,0.5,eff,1,35,5,10
5.327510845438027,-14.426243307034792,1.7398467296524174,-28.322992262067363,1.6344416666666668,-13.814067171101982,3.6206298518979443,-14.73232032702776,0.5,0.25,-10,10,400,0.8,1,eq,0.5,6.5,5,10
7.482433334471366,-10.590417768632122,1.7398467296524174,-28.09923324331241,1.6344416666666668,-13.586966866819743,3.6206298518979443,-14.681060986109884,0.5,0.25,-10,10,400,0.8,1,eq,1,35,10,10
7.482433334471366,-10.590417768632232,1.7398467296524174,-28.099233243312522,1.6344416666666668,-13.586966866819743,3.6206298518979443,-14.681060986109884,0.5,0.25,-10,10,400,0.8,1,eq,1,6.5,10,10
7.482433334471366,-13.567577996008495,1.6648435882347152,-30.601993475245887,1.6344416666666668,-17.68282576313252,3.6206298518979443,-15.605546878724951,0.5,0.25,-10,10,400,0.8,0.5,eff,0.5,6.5,10,10
7.482433334471366,-15.959736888676467,1.6648435882347152,-32.994152367913856,1.6344416666666668,-20.1068664732704,3.6206298518979443,-16.15268277778259,0.5,0.25,-10,10,400,0.8,0.5,eff,0.5,35,10,10
7.482433334471366,-13.567577996008495,1.7398467296524174,-31.076393470688785,1.6344416666666668,-16.608583592317803,3.6206298518979443,-15.363077165458039,0.5,0.25,-10,10,400,0.8,1,eq,0.5,6.5,10,10
5.327510845438027,-12.316618528951274,1.7398467296524174,-26.213367483983845,1.6344416666666668,-11.672940383446994,3.6206298518979443,-14.249041591212542,0.5,0.25,-10,10,400,0.8,1,eq,1,6.5,5,10
5.327510845438027,-13.706802534399266,1.7398467296524174,-27.603551489431837,1.6344416666666668,-13.08388333632017,3.6206298518979443,-14.567508825616194,0.5,0.25,-10,10,400,0.8,1,eq,1,35,5,10
5.327510845438027,-17.503507624770375,1.7398467296524174,-31.400256579802935,1.6344416666666668,-16.93728279308953,3.6206298518979443,-15.437268630965061,0.5,0.25,-10,10,400,0.8,1,eq,0.5,35,5,10
7.482433334471366,-15.959736888676467,1.7398467296524174,-33.46855236335676,1.6344416666666668,-19.036463440271614,3.6206298518979443,-15.911079605292699,0.5,0.25,-10,10,400,0.8,1,eq,0.5,35,10,10
7.482433334471366,-10.590417768632232,1.7398467296524174,-26.786497494695382,1.6344416666666668,-13.938011904708334,3.6206298518979443,-14.760296182784515,0.5,0.25,-10,10,400,0.8,1,eff,1,6.5,10,10
5.327510845438027,-12.316618528951274,1.7398467296524174,-24.977604186336976,1.6344416666666668,-12.105236280767576,3.6206298518979443,-14.346616109433551,0.5,0.25,-10,10,400,0.8,1,eff,1,6.5,5,10
7.482433334471366,-15.959736888676467,1.7398467296524174,-32.15581661473962,1.6344416666666668,-19.37822065274054,3.6206298518979443,-15.988218425165513,0.5,0.25,-10,10,400,0.8,1,eff,0.5,35,10,10
7.482433334471366,-10.590417768632122,1.7398467296524174,-26.78649749469527,1.6344416666666668,-13.938011904708334,3.6206298518979443,-14.760296182784515,0.5,0.25,-10,10,400,0.8,1,eff,1,35,10,10
7.482433334471366,-10.590417768632122,1.6648435882347152,-29.007582865063966,2.4516625,-14.342290996087057,4.029240268564611,-14.799902662372189,0.5,0.25,-10,10,500,0.7,0.5,eq,1,35,10,10
5.327510845438027,-13.706802534399266,1.6648435882347152,-28.45878912523611,2.4516625,-13.785208011257751,4.029240268564611,-14.63041916520391,0.5,0.25,-10,10,500,0.7,0.5,eq,1,35,5,10
7.482433334471366,-10.590417768632232,1.6648435882347152,-29.007582865064077,2.4516625,-14.342290996087058,4.029240268564611,-14.799902662372189,0.5,0.25,-10,10,500,0.7,0.5,eq,1,6.5,10,10
5.327510845438027,-13.706802534399266,1.7398467296524174,-26.367788191784967,1.6344416666666668,-13.513774499244748,3.6206298518979443,-14.664540565611283,0.5,0.25,-10,10,400,0.8,1,eff,1,35,5,10
7.482433334471366,-13.567577996008495,1.7398467296524174,-29.763657722071645,1.6344416666666668,-16.954478751079364,3.6206298518979443,-15.441149970868207,0.5,0.25,-10,10,400,0.8,1,eff,0.5,6.5,10,10
5.327510845438027,-14.426243307034792,1.7398467296524174,-27.087228964420493,1.6344416666666668,-14.242713848433617,3.6206298518979443,-14.829071171268527,0.5,0.25,-10,10,400,0.8,1,eff,0.5,6.5,5,10
5.327510845438027,-12.316618528951274,1.6648435882347152,-27.068605119788113,2.4516625,-12.374025996955524,4.029240268564611,-14.201089838267178,0.5,0.25,-10,10,500,0.7,0.5,eq,1,6.5,5,10
5.327510845438027,-14.426243307034792,1.6648435882347152,-29.17822989787163,2.4516625,-14.515515563876423,4.029240268564611,-14.852603438277988,0.5,0.25,-10,10,500,0.7,0.5,eq,0.5,6.5,5,10
7.482433334471366,-15.959736888676467,1.6648435882347152,-34.37690198510832,2.4516625,-19.792710898500513,4.029240268564611,-16.458104853521395,0.5,0.25,-10,10,500,0.7,0.5,eq,0.5,35,10,10
7.482433334471366,-13.567577996008495,1.6648435882347152,-31.984743092440336,2.4516625,-17.36441968562957,4.029240268564611,-15.719336486675338,0.5,0.25,-10,10,500,0.7,0.5,eq,0.5,6.5,10,10
5.327510845438027,-12.316618528951274,1.6648435882347152,-25.75638222683571,2.4516625,-12.772940895894585,4.029240268564611,-14.32245325087511,0.5,0.25,-10,10,500,0.7,0.5,eff,1,6.5,5,10
5.327510845438027,-17.503507624770375,1.6648435882347152,-32.255494215607214,2.4516625,-17.639260364166844,4.029240268564611,-15.80295232243245,0.5,0.25,-10,10,500,0.7,0.5,eq,0.5,35,5,10
5.327510845438027,-17.503507624770375,1.6648435882347152,-30.943271322654805,2.4516625,-18.02895894961313,4.029240268564611,-15.92151182057111,0.5,0.25,-10,10,500,0.7,0.5,eff,0.5,35,5,10
7.482433334471366,-10.590417768632232,1.6648435882347152,-27.62483324786962,2.4516625,-14.666293947715564,4.029240268564611,-14.898475325386794,0.5,0.25,-10,10,500,0.7,0.5,eff,1,6.5,10,10
5.327510845438027,-12.316618528951274,1.7398467296524174,-26.213367483983845,2.4516625,-11.673269951336085,4.029240268564611,-13.987896133724753,0.5,0.25,-10,10,500,0.7,1,eq,1,6.5,5,10
5.327510845438027,-13.706802534399266,1.6648435882347152,-27.1465662322837,2.4516625,-14.18165276453465,4.029240268564611,-14.751031075905141,0.5,0.25,-10,10,500,0.7,0.5,eff,1,35,5,10
5.327510845438027,-14.426243307034792,1.6648435882347152,-27.866007004919222,2.4516625,-14.910681980262611,4.029240268564611,-14.972826435634467,0.5,0.25,-10,10,500,0.7,0.5,eff,0.5,6.5,5,10
5.327510845438027,-17.503507624770375,1.7398467296524174,-30.164493282156084,1.6344416666666668,-17.36060643166517,3.6206298518979443,-15.532817999676428,0.5,0.25,-10,10,400,0.8,1,eff,0.5,35,5,10
7.482433334471366,-13.567577996008495,1.6648435882347152,-30.601993475245887,2.4516625,-17.68313267605591,4.029240268564611,-15.816299764465857,0.5,0.25,-10,10,500,0.7,0.5,eff,0.5,6.5,10,10
7.482433334471366,-10.590417768632232,1.7398467296524174,-28.099233243312522,2.4516625,-13.58729643470841,4.029240268564611,-14.570207765758902,0.5,0.25,-10,10,500,0.7,1,eq,1,6.5,10,10
5.327510845438027,-13.706802534399266,1.7398467296524174,-27.603551489431837,2.4516625,-13.084212904211203,4.029240268564611,-14.417152730085036,0.5,0.25,-10,10,500,0.7,1,eq,1,35,5,10
7.482433334471366,-15.959736888676467,1.6648435882347152,-32.994152367913856,2.4516625,-20.10717338619209,4.029240268564611,-16.55377498453148,0.5,0.25,-10,10,500,0.7,0.5,eff,0.5,35,10,10
7.482433334471366,-10.590417768632122,1.6648435882347152,-27.62483324786951,2.4516625,-14.66629394771556,4.029240268564611,-14.898475325386794,0.5,0.25,-10,10,500,0.7,0.5,eff,1,35,10,10
5.327510845438027,-13.706802534399266,1.7398467296524174,-26.367788191784967,2.4516625,-13.514065393077125,4.029240268564611,-14.547928404559652,0.5,0.25,-10,10,500,0.7,1,eff,1,35,5,10
5.327510845438027,-17.503507624770375,1.7398467296524174,-31.400256579802935,2.4516625,-16.93761236096802,4.029240268564611,-15.589487254208167,0.5,0.25,-10,10,500,0.7,1,eq,0.5,35,5,10
7.482433334471366,-10.590417768632122,1.7398467296524174,-26.78649749469527,2.4516625,-13.938302798540018,4.029240268564611,-14.67699578063364,0.5,0.25,-10,10,500,0.7,1,eff,1,35,10,10
7.482433334471366,-10.590417768632122,1.7398467296524174,-28.09923324331241,2.4516625,-13.58729643470841,4.029240268564611,-14.570207765758902,0.5,0.25,-10,10,500,0.7,1,eq,1,35,10,10
7.482433334471366,-13.567577996008495,1.7398467296524174,-29.763657722071645,2.4516625,-16.95476964492401,4.029240268564611,-15.59470708063615,0.5,0.25,-10,10,500,0.7,1,eff,0.5,6.5,10,10
7.482433334471366,-15.959736888676467,1.7398467296524174,-33.46855236335676,2.4516625,-19.03679300816674,4.029240268564611,-16.228129048991956,0.5,0.25,-10,10,500,0.7,1,eq,0.5,35,10,10
5.327510845438027,-12.316618528951274,1.7398467296524174,-24.977604186336976,2.4516625,-12.105527174589673,4.029240268564611,-14.119403409782905,0.5,0.25,-10,10,500,0.7,1,eff,1,6.5,5,10
7.482433334471366,-10.590417768632232,1.7398467296524174,-26.786497494695382,2.4516625,-13.93830279854003,4.029240268564611,-14.67699578063364,0.5,0.25,-10,10,500,0.7,1,eff,1,6.5,10,10
7.482433334471366,-10.590417768632232,1.6648435882347152,-29.007582865064077,2.4516625,-14.342290996087058,4.029240268564611,-14.799902662372189,0.5,0.25,-10,10,500,0.8,0.5,eq,1,6.5,10,10
7.482433334471366,-13.567577996008495,1.7398467296524174,-31.076393470688785,2.4516625,-16.60891316021239,4.029240268564611,-15.489485833275252,0.5,0.25,-10,10,500,0.7,1,eq,0.5,6.5,10,10
7.482433334471366,-15.959736888676467,1.7398467296524174,-32.15581661473962,2.4516625,-19.37851154656409,4.029240268564611,-16.332091393044813,0.5,0.25,-10,10,500,0.7,1,eff,0.5,35,10,10
5.327510845438027,-14.426243307034792,1.7398467296524174,-28.322992262067363,2.4516625,-13.814396739003211,4.029240268564611,-14.639299364009094,0.5,0.25,-10,10,500,0.7,1,eq,0.5,6.5,5,10
5.327510845438027,-12.316618528951274,1.6648435882347152,-27.068605119788113,2.4516625,-12.374025996955524,4.029240268564611,-14.201089838267178,0.5,0.25,-10,10,500,0.8,0.5,eq,1,6.5,5,10
5.327510845438027,-14.426243307034792,1.7398467296524174,-27.087228964420493,2.4516625,-14.24300474227432,4.029240268564611,-14.769696423849176,0.5,0.25,-10,10,500,0.7,1,eff,0.5,6.5,5,10
7.482433334471366,-10.590417768632122,1.6648435882347152,-29.007582865063966,2.4516625,-14.342290996087057,4.029240268564611,-14.799902662372189,0.5,0.25,-10,10,500,0.8,0.5,eq,1,35,10,10
5.327510845438027,-17.503507624770375,1.7398467296524174,-30.164493282156084,2.4516625,-17.360897325492278,4.029240268564611,-15.718264865515419,0.5,0.25,-10,10,500,0.7,1,eff,0.5,35,5,10
5.327510845438027,-14.426243307034792,1.6648435882347152,-29.17822989787163,2.4516625,-14.515515563876423,4.029240268564611,-14.852603438277988,0.5,0.25,-10,10,500,0.8,0.5,eq,0.5,6.5,5,10
5.327510845438027,-13.706802534399266,1.6648435882347152,-28.45878912523611,2.4516625,-13.785208011257751,4.029240268564611,-14.63041916520391,0.5,0.25,-10,10,500,0.8,0.5,eq,1,35,5,10
5.327510845438027,-12.316618528951274,1.6648435882347152,-25.75638222683571,2.4516625,-12.772940895894585,4.029240268564611,-14.32245325087511,0.5,0.25,-10,10,500,0.8,0.5,eff,1,6.5,5,10
5.327510845438027,-17.503507624770375,1.6648435882347152,-32.255494215607214,2.4516625,-17.639260364166844,4.029240268564611,-15.80295232243245,0.5,0.25,-10,10,500,0.8,0.5,eq,0.5,35,5,10
7.482433334471366,-15.959736888676467,1.6648435882347152,-34.37690198510832,2.4516625,-19.792710898500513,4.029240268564611,-16.458104853521395,0.5,0.25,-10,10,500,0.8,0.5,eq,0.5,35,10,10
7.482433334471366,-13.567577996008495,1.6648435882347152,-31.984743092440336,2.4516625,-17.36441968562957,4.029240268564611,-15.719336486675338,0.5,0.25,-10,10,500,0.8,0.5,eq,0.5,6.5,10,10
7.482433334471366,-10.590417768632232,1.6648435882347152,-27.62483324786962,2.4516625,-14.666293947715564,4.029240268564611,-14.898475325386794,0.5,0.25,-10,10,500,0.8,0.5,eff,1,6.5,10,10
7.482433334471366,-13.567577996008495,1.6648435882347152,-30.601993475245887,2.4516625,-17.68313267605591,4.029240268564611,-15.816299764465857,0.5,0.25,-10,10,500,0.8,0.5,eff,0.5,6.5,10,10
5.327510845438027,-12.316618528951274,1.7398467296524174,-26.213367483983845,2.4516625,-11.673269951336085,4.029240268564611,-13.987896133724753,0.5,0.25,-10,10,500,0.8,1,eq,1,6.5,5,10
5.327510845438027,-13.706802534399266,1.7398467296524174,-27.603551489431837,2.4516625,-13.084212904211203,4.029240268564611,-14.417152730085036,0.5,0.25,-10,10,500,0.8,1,eq,1,35,5,10
7.482433334471366,-10.590417768632232,1.7398467296524174,-28.099233243312522,2.4516625,-13.58729643470841,4.029240268564611,-14.570207765758902,0.5,0.25,-10,10,500,0.8,1,eq,1,6.5,10,10
7.482433334471366,-10.590417768632122,1.6648435882347152,-27.62483324786951,2.4516625,-14.66629394771556,4.029240268564611,-14.898475325386794,0.5,0.25,-10,10,500,0.8,0.5,eff,1,35,10,10
5.327510845438027,-14.426243307034792,1.6648435882347152,-27.866007004919222,2.4516625,-14.910681980262611,4.029240268564611,-14.972826435634467,0.5,0.25,-10,10,500,0.8,0.5,eff,0.5,6.5,5,10
7.482433334471366,-13.567577996008495,1.7398467296524174,-31.076393470688785,2.4516625,-16.60891316021239,4.029240268564611,-15.489485833275252,0.5,0.25,-10,10,500,0.8,1,eq,0.5,6.5,10,10
7.482433334471366,-10.590417768632122,1.7398467296524174,-28.09923324331241,2.4516625,-13.58729643470841,4.029240268564611,-14.570207765758902,0.5,0.25,-10,10,500,0.8,1,eq,1,35,10,10
5.327510845438027,-13.706802534399266,1.6648435882347152,-27.1465662322837,2.4516625,-14.18165276453465,4.029240268564611,-14.751031075905141,0.5,0.25,-10,10,500,0.8,0.5,eff,1,35,5,10
5.327510845438027,-17.503507624770375,1.6648435882347152,-30.943271322654805,2.4516625,-18.02895894961313,4.029240268564611,-15.92151182057111,0.5,0.25,-10,10,500,0.8,0.5,eff,0.5,35,5,10
7.482433334471366,-15.959736888676467,1.6648435882347152,-32.994152367913856,2.4516625,-20.10717338619209,4.029240268564611,-16.55377498453148,0.5,0.25,-10,10,500,0.8,0.5,eff,0.5,35,10,10
5.327510845438027,-14.426243307034792,1.7398467296524174,-28.322992262067363,2.4516625,-13.814396739003211,4.029240268564611,-14.639299364009094,0.5,0.25,-10,10,500,0.8,1,eq,0.5,6.5,5,10
5.327510845438027,-17.503507624770375,1.7398467296524174,-31.400256579802935,2.4516625,-16.93761236096802,4.029240268564611,-15.589487254208167,0.5,0.25,-10,10,500,0.8,1,eq,0.5,35,5,10
7.482433334471366,-15.959736888676467,1.7398467296524174,-33.46855236335676,2.4516625,-19.03679300816674,4.029240268564611,-16.228129048991956,0.5,0.25,-10,10,500,0.8,1,eq,0.5,35,10,10
7.482433334471366,-13.567577996008495,1.7398467296524174,-29.763657722071645,2.4516625,-16.95476964492401,4.029240268564611,-15.59470708063615,0.5,0.25,-10,10,500,0.8,1,eff,0.5,6.5,10,10
5.327510845438027,-12.316618528951274,1.7398467296524174,-24.977604186336976,2.4516625,-12.105527174589673,4.029240268564611,-14.119403409782905,0.5,0.25,-10,10,500,0.8,1,eff,1,6.5,5,10
7.482433334471366,-10.590417768632122,1.7398467296524174,-26.78649749469527,2.4516625,-13.938302798540018,4.029240268564611,-14.67699578063364,0.5,0.25,-10,10,500,0.8,1,eff,1,35,10,10
7.482433334471366,-10.590417768632232,1.7398467296524174,-26.786497494695382,2.4516625,-13.93830279854003,4.029240268564611,-14.67699578063364,0.5,0.25,-10,10,500,0.8,1,eff,1,6.5,10,10
5.327510845438027,-14.426243307034792,1.7398467296524174,-27.087228964420493,2.4516625,-14.24300474227432,4.029240268564611,-14.769696423849176,0.5,0.25,-10,10,500,0.8,1,eff,0.5,6.5,5,10
5.327510845438027,-12.316618528951274,0.664380693404857,-42.27098993906767,1.3075533333333331,-24.51152390132317,3.4571856852312774,-16.798692045293272,0.5,1,-20,2,400,0.7,0.5,eq,1,6.5,5,10
5.327510845438027,-17.503507624770375,1.7398467296524174,-30.164493282156084,2.4516625,-17.360897325492278,4.029240268564611,-15.718264865515419,0.5,0.25,-10,10,500,0.8,1,eff,0.5,35,5,10
5.327510845438027,-13.706802534399266,1.7398467296524174,-26.367788191784967,2.4516625,-13.514065393077125,4.029240268564611,-14.547928404559652,0.5,0.25,-10,10,500,0.8,1,eff,1,35,5,10
7.482433334471366,-15.959736888676467,1.7398467296524174,-32.15581661473962,2.4516625,-19.37851154656409,4.029240268564611,-16.332091393044813,0.5,0.25,-10,10,500,0.8,1,eff,0.5,35,10,10
7.482433334471366,-13.567577996008495,0.664380693404857,-47.187127911719884,1.3075533333333331,-29.51882555345132,3.4571856852312774,-17.745605888280448,0.5,1,-20,2,400,0.7,0.5,eq,0.5,6.5,10,10
5.327510845438027,-13.706802534399266,0.664380693404857,-43.66117394451566,1.3075533333333331,-25.92748714443084,3.4571856852312774,-17.06646005473411,0.5,1,-20,2,400,0.7,0.5,eq,1,35,5,10
7.482433334471366,-10.590417768632232,0.664380693404857,-44.209967684343624,1.3075533333333331,-26.486457583321567,3.4571856852312774,-17.172165059780255,0.5,1,-20,2,400,0.7,0.5,eq,1,6.5,10,10
7.482433334471366,-10.590417768632122,0.664380693404857,-44.20996768434352,1.3075533333333331,-26.486457583321567,3.4571856852312774,-17.172165059780255,0.5,1,-20,2,400,0.7,0.5,eq,1,35,10,10
7.482433334471366,-15.959736888676467,0.664380693404857,-49.57928680438786,1.3075533333333331,-31.95534406494438,3.4571856852312774,-18.206367645313136,0.5,1,-20,2,400,0.7,0.5,eq,0.5,35,10,10
5.327510845438027,-14.426243307034792,0.664380693404857,-44.380614717151175,1.3075533333333331,-26.660269053576936,3.4571856852312774,-17.205033957779392,0.5,1,-20,2,400,0.7,0.5,eq,0.5,6.5,5,10
5.327510845438027,-12.316618528951274,0.664380693404857,-38.913334313905054,1.3075533333333331,-23.706868659942717,3.4571856852312774,-16.646526420006523,0.5,1,-20,2,400,0.7,0.5,eff,1,6.5,5,10
5.327510845438027,-17.503507624770375,0.664380693404857,-47.45787903488676,1.3075533333333331,-29.79459742027753,3.4571856852312774,-17.797756171276436,0.5,1,-20,2,400,0.7,0.5,eq,0.5,35,5,10
5.327510845438027,-14.426243307034792,0.664380693404857,-41.02295909198857,1.3075533333333331,-25.849873059541952,3.4571856852312774,-17.051782718216725,0.5,1,-20,2,400,0.7,0.5,eff,0.5,6.5,5,10
7.482433334471366,-10.590417768632232,0.664380693404857,-40.78178533493897,1.3075533333333331,-25.6048833211927,3.4571856852312774,-17.005453539199912,0.5,1,-20,2,400,0.7,0.5,eff,1,6.5,10,10
7.482433334471366,-13.567577996008495,0.664380693404857,-43.75894556231523,1.3075533333333331,-28.62914978398685,3.4571856852312774,-17.577362319108225,0.5,1,-20,2,400,0.7,0.5,eff,0.5,6.5,10,10
7.482433334471366,-10.590417768632122,0.664380693404857,-40.78178533493885,1.3075533333333331,-25.6048833211927,3.4571856852312774,-17.005453539199912,0.5,1,-20,2,400,0.7,0.5,eff,1,35,10,10
7.482433334471366,-15.959736888676467,0.664380693404857,-46.1511044549832,1.3075533333333331,-31.059158705364712,3.4571856852312774,-18.036893069618753,0.5,1,-20,2,400,0.7,0.5,eff,0.5,35,10,10
7.482433334471366,-10.590417768632232,0.6968241909147566,-42.82863815415732,1.3075533333333331,-25.244088009956158,3.4571856852312774,-16.937224760821824,0.5,1,-20,2,400,0.7,1,eq,1,6.5,10,10
5.327510845438027,-13.706802534399266,0.664380693404857,-40.303518319353046,1.3075533333333331,-25.11904890682954,3.4571856852312774,-16.913579039854575,0.5,1,-20,2,400,0.7,0.5,eff,1,35,5,10
5.327510845438027,-17.503507624770375,0.664380693404857,-44.100223409724144,1.3075533333333331,-28.975827513626086,3.4571856852312774,-17.642921369482533,0.5,1,-20,2,400,0.7,0.5,eff,0.5,35,5,10
7.482433334471366,-10.590417768632122,0.6968241909147566,-42.82863815415721,1.3075533333333331,-25.244088009956158,3.4571856852312774,-16.937224760821824,0.5,1,-20,2,400,0.7,1,eq,1,35,10,10
5.327510845438027,-13.706802534399266,0.6968241909147566,-42.33295640027663,1.3075533333333331,-24.739299692317964,3.4571856852312774,-16.841765953073295,0.5,1,-20,2,400,0.7,1,eq,1,35,5,10
5.327510845438027,-12.316618528951274,0.6968241909147566,-40.94277239482864,1.3075533333333331,-23.323575510644414,3.4571856852312774,-16.574043151729946,0.5,1,-20,2,400,0.7,1,eq,1,6.5,5,10
7.482433334471366,-13.567577996008495,0.6968241909147566,-45.805798381533585,1.3075533333333331,-28.275944016070145,3.4571856852312774,-17.510568773542403,0.5,1,-20,2,400,0.7,1,eq,0.5,6.5,10,10
7.482433334471366,-13.567577996008495,0.6968241909147566,-42.521884658402996,1.3075533333333331,-27.49179238113257,3.4571856852312774,-17.362280515772376,0.5,1,-20,2,400,0.7,1,eff,0.5,6.5,10,10
5.327510845438027,-12.316618528951274,0.6968241909147566,-37.73583112266833,1.3075533333333331,-22.630607641349222,3.4571856852312774,-16.44299834680951,0.5,1,-20,2,400,0.7,1,eff,1,6.5,5,10
7.482433334471366,-15.959736888676467,0.6968241909147566,-48.197957274201556,1.3075533333333331,-30.71205116262407,3.4571856852312774,-17.97125273874578,0.5,1,-20,2,400,0.7,1,eq,0.5,35,10,10
7.482433334471366,-10.590417768632232,0.6968241909147566,-39.54472443102673,1.3075533333333331,-24.46789685699051,3.4571856852312774,-16.790441882815088,0.5,1,-20,2,400,0.7,1,eff,1,6.5,10,10
7.482433334471366,-10.590417768632122,0.6968241909147566,-39.54472443102662,1.3075533333333331,-24.46789685699051,3.4571856852312774,-16.790441882815088,0.5,1,-20,2,400,0.7,1,eff,1,35,10,10
5.327510845438027,-13.706802534399266,0.6968241909147566,-39.126015128116315,1.3075533333333331,-24.042614678546897,3.4571856852312774,-16.71001821156026,0.5,1,-20,2,400,0.7,1,eff,1,35,5,10
5.327510845438027,-14.426243307034792,0.6968241909147566,-39.845455900751844,1.3075533333333331,-24.773349192650908,3.4571856852312774,-16.84820493866901,0.5,1,-20,2,400,0.7,1,eff,0.5,6.5,5,10
5.327510845438027,-14.426243307034792,0.6968241909147566,-43.05239717291216,1.3075533333333331,-25.47195788366585,3.4571856852312774,-16.98031646026521,0.5,1,-20,2,400,0.7,1,eq,0.5,6.5,5,10
7.482433334471366,-15.959736888676467,0.6968241909147566,-44.914043551070975,1.3075533333333331,-29.92150325190083,3.4571856852312774,-17.821754902942356,0.5,1,-20,2,400,0.7,1,eff,0.5,35,10,10
5.327510845438027,-17.503507624770375,0.6968241909147566,-46.12966149064773,1.3075533333333331,-28.605757072002632,3.4571856852312774,-17.572938602635425,0.5,1,-20,2,400,0.7,1,eq,0.5,35,5,10
5.327510845438027,-17.503507624770375,0.6968241909147566,-42.922720218487434,1.3075533333333331,-27.89892023565759,3.4571856852312774,-17.439271084365604,0.5,1,-20,2,400,0.7,1,eff,0.5,35,5,10
7.482433334471366,-13.567577996008495,0.664380693404857,-47.187127911719884,1.3075533333333331,-29.51882555345132,3.4571856852312774,-17.745605888280448,0.5,1,-20,2,400,0.8,0.5,eq,0.5,6.5,10,10
7.482433334471366,-10.590417768632232,0.664380693404857,-44.209967684343624,1.3075533333333331,-26.486457583321567,3.4571856852312774,-17.172165059780255,0.5,1,-20,2,400,0.8,0.5,eq,1,6.5,10,10
5.327510845438027,-12.316618528951274,0.664380693404857,-38.913334313905054,1.3075533333333331,-23.706868659942717,3.4571856852312774,-16.646526420006523,0.5,1,-20,2,400,0.8,0.5,eff,1,6.5,5,10
5.327510845438027,-13.706802534399266,0.664380693404857,-43.66117394451566,1.3075533333333331,-25.92748714443084,3.4571856852312774,-17.06646005473411,0.5,1,-20,2,400,0.8,0.5,eq,1,35,5,10
7.482433334471366,-10.590417768632232,0.664380693404857,-40.78178533493897,1.3075533333333331,-25.6048833211927,3.4571856852312774,-17.005453539199912,0.5,1,-20,2,400,0.8,0.5,eff,1,6.5,10,10
5.327510845438027,-17.503507624770375,0.664380693404857,-47.45787903488676,1.3075533333333331,-29.79459742027753,3.4571856852312774,-17.797756171276436,0.5,1,-20,2,400,0.8,0.5,eq,0.5,35,5,10
5.327510845438027,-13.706802534399266,0.664380693404857,-40.303518319353046,1.3075533333333331,-25.11904890682954,3.4571856852312774,-16.913579039854575,0.5,1,-20,2,400,0.8,0.5,eff,1,35,5,10
5.327510845438027,-12.316618528951274,0.664380693404857,-42.27098993906767,1.3075533333333331,-24.51152390132317,3.4571856852312774,-16.798692045293272,0.5,1,-20,2,400,0.8,0.5,eq,1,6.5,5,10
7.482433334471366,-10.590417768632122,0.664380693404857,-40.78178533493885,1.3075533333333331,-25.6048833211927,3.4571856852312774,-17.005453539199912,0.5,1,-20,2,400,0.8,0.5,eff,1,35,10,10
5.327510845438027,-14.426243307034792,0.664380693404857,-44.380614717151175,1.3075533333333331,-26.660269053576936,3.4571856852312774,-17.205033957779392,0.5,1,-20,2,400,0.8,0.5,eq,0.5,6.5,5,10
7.482433334471366,-10.590417768632122,0.664380693404857,-44.20996768434352,1.3075533333333331,-26.486457583321567,3.4571856852312774,-17.172165059780255,0.5,1,-20,2,400,0.8,0.5,eq,1,35,10,10
7.482433334471366,-15.959736888676467,0.664380693404857,-49.57928680438786,1.3075533333333331,-31.95534406494438,3.4571856852312774,-18.206367645313136,0.5,1,-20,2,400,0.8,0.5,eq,0.5,35,10,10
7.482433334471366,-13.567577996008495,0.664380693404857,-43.75894556231523,1.3075533333333331,-28.62914978398685,3.4571856852312774,-17.577362319108225,0.5,1,-20,2,400,0.8,0.5,eff,0.5,6.5,10,10
5.327510845438027,-14.426243307034792,0.664380693404857,-41.02295909198857,1.3075533333333331,-25.849873059541952,3.4571856852312774,-17.051782718216725,0.5,1,-20,2,400,0.8,0.5,eff,0.5,6.5,5,10
7.482433334471366,-10.590417768632232,0.6968241909147566,-42.82863815415732,1.3075533333333331,-25.244088009956158,3.4571856852312774,-16.937224760821824,0.5,1,-20,2,400,0.8,1,eq,1,6.5,10,10
7.482433334471366,-15.959736888676467,0.664380693404857,-46.1511044549832,1.3075533333333331,-31.059158705364712,3.4571856852312774,-18.036893069618753,0.5,1,-20,2,400,0.8,0.5,eff,0.5,35,10,10
5.327510845438027,-17.503507624770375,0.664380693404857,-44.100223409724144,1.3075533333333331,-28.975827513626086,3.4571856852312774,-17.642921369482533,0.5,1,-20,2,400,0.8,0.5,eff,0.5,35,5,10
7.482433334471366,-10.590417768632122,0.6968241909147566,-42.82863815415721,1.3075533333333331,-25.244088009956158,3.4571856852312774,-16.937224760821824,0.5,1,-20,2,400,0.8,1,eq,1,35,10,10
7.482433334471366,-10.590417768632122,0.6968241909147566,-39.54472443102662,1.3075533333333331,-24.46789685699051,3.4571856852312774,-16.790441882815088,0.5,1,-20,2,400,0.8,1,eff,1,35,10,10
5.327510845438027,-17.503507624770375,0.6968241909147566,-46.12966149064773,1.3075533333333331,-28.605757072002632,3.4571856852312774,-17.572938602635425,0.5,1,-20,2,400,0.8,1,eq,0.5,35,5,10
5.327510845438027,-13.706802534399266,0.6968241909147566,-39.126015128116315,1.3075533333333331,-24.042614678546897,3.4571856852312774,-16.71001821156026,0.5,1,-20,2,400,0.8,1,eff,1,35,5,10
7.482433334471366,-10.590417768632232,0.6968241909147566,-39.54472443102673,1.3075533333333331,-24.46789685699051,3.4571856852312774,-16.790441882815088,0.5,1,-20,2,400,0.8,1,eff,1,6.5,10,10
5.327510845438027,-12.316618528951274,0.6968241909147566,-40.94277239482864,1.3075533333333331,-23.323575510644414,3.4571856852312774,-16.574043151729946,0.5,1,-20,2,400,0.8,1,eq,1,6.5,5,10
7.482433334471366,-15.959736888676467,0.6968241909147566,-48.197957274201556,1.3075533333333331,-30.71205116262407,3.4571856852312774,-17.97125273874578,0.5,1,-20,2,400,0.8,1,eq,0.5,35,10,10
5.327510845438027,-14.426243307034792,0.6968241909147566,-43.05239717291216,1.3075533333333331,-25.47195788366585,3.4571856852312774,-16.98031646026521,0.5,1,-20,2,400,0.8,1,eq,0.5,6.5,5,10
7.482433334471366,-13.567577996008495,0.6968241909147566,-42.521884658402996,1.3075533333333331,-27.49179238113257,3.4571856852312774,-17.362280515772376,0.5,1,-20,2,400,0.8,1,eff,0.5,6.5,10,10
5.327510845438027,-13.706802534399266,0.6968241909147566,-42.33295640027663,1.3075533333333331,-24.739299692317964,3.4571856852312774,-16.841765953073295,0.5,1,-20,2,400,0.8,1,eq,1,35,5,10
5.327510845438027,-14.426243307034792,0.6968241909147566,-39.845455900751844,1.3075533333333331,-24.773349192650908,3.4571856852312774,-16.84820493866901,0.5,1,-20,2,400,0.8,1,eff,0.5,6.5,5,10
7.482433334471366,-13.567577996008495,0.6968241909147566,-45.805798381533585,1.3075533333333331,-28.275944016070145,3.4571856852312774,-17.510568773542403,0.5,1,-20,2,400,0.8,1,eq,0.5,6.5,10,10
5.327510845438027,-12.316618528951274,0.664380693404857,-42.27098993906767,1.9613299999999998,-24.51173901907891,3.7840740185646107,-17.465023014714532,0.5,1,-20,2,500,0.7,0.5,eq,1,6.5,5,10
7.482433334471366,-15.959736888676467,0.664380693404857,-49.57928680438786,1.9613299999999998,-31.955559182606827,3.7840740185646107,-19.394132716282986,0.5,1,-20,2,500,0.7,0.5,eq,0.5,35,10,10
5.327510845438027,-17.503507624770375,0.664380693404857,-47.45787903488676,1.9613299999999998,-29.79481253802046,3.7840740185646107,-18.834162536572443,0.5,1,-20,2,500,0.7,0.5,eq,0.5,35,5,10
7.482433334471366,-15.959736888676467,0.6968241909147566,-44.914043551070975,1.3075533333333331,-29.92150325190083,3.4571856852312774,-17.821754902942356,0.5,1,-20,2,400,0.8,1,eff,0.5,35,10,10
5.327510845438027,-14.426243307034792,0.664380693404857,-44.380614717151175,1.9613299999999998,-26.660484171316014,3.7840740185646107,-18.02188293721607,0.5,1,-20,2,500,0.7,0.5,eq,0.5,6.5,5,10
5.327510845438027,-17.503507624770375,0.6968241909147566,-42.922720218487434,1.3075533333333331,-27.89892023565759,3.4571856852312774,-17.439271084365604,0.5,1,-20,2,400,0.8,1,eff,0.5,35,5,10
5.327510845438027,-13.706802534399266,0.664380693404857,-43.66117394451566,1.9613299999999998,-25.92770226212969,3.7840740185646107,-17.831978202941244,0.5,1,-20,2,500,0.7,0.5,eq,1,35,5,10
7.482433334471366,-10.590417768632232,0.664380693404857,-44.209967684343624,1.9613299999999998,-26.48667270098368,3.7840740185646107,-17.97683867415023,0.5,1,-20,2,500,0.7,0.5,eq,1,6.5,10,10
7.482433334471366,-13.567577996008495,0.664380693404857,-47.187127911719884,1.9613299999999998,-29.519040671121857,3.7840740185646107,-18.76269463807867,0.5,1,-20,2,500,0.7,0.5,eq,0.5,6.5,10,10
5.327510845438027,-12.316618528951274,0.6968241909147566,-37.73583112266833,1.3075533333333331,-22.630607641349222,3.4571856852312774,-16.44299834680951,0.5,1,-20,2,400,0.8,1,eff,1,6.5,5,10
5.327510845438027,-12.316618528951274,0.664380693404857,-38.913334313905054,1.9613299999999998,-23.707051719625625,3.7840740185646107,-17.256483576361227,0.5,1,-20,2,500,0.7,0.5,eff,1,6.5,5,10
7.482433334471366,-13.567577996008495,0.664380693404857,-43.75894556231523,1.9613299999999998,-28.6293328436307,3.7840740185646107,-18.532121630688625,0.5,1,-20,2,500,0.7,0.5,eff,0.5,6.5,10,10
7.482433334471366,-10.590417768632232,0.664380693404857,-40.78178533493897,1.9613299999999998,-25.60506638085876,3.7840740185646107,-17.748365219962036,0.5,1,-20,2,500,0.7,0.5,eff,1,6.5,10,10
7.482433334471366,-10.590417768632122,0.664380693404857,-44.20996768434352,1.9613299999999998,-26.48667270098368,3.7840740185646107,-17.97683867415023,0.5,1,-20,2,500,0.7,0.5,eq,1,35,10,10
5.327510845438027,-14.426243307034792,0.6968241909147566,-43.05239717291216,1.9613299999999998,-25.472161049440295,3.7840740185646107,-17.713922022974728,0.5,1,-20,2,500,0.7,1,eq,0.5,6.5,5,10
5.327510845438027,-12.316618528951274,0.6968241909147566,-40.94277239482864,1.9613299999999998,-23.3237786763432,3.7840740185646107,-17.15715611681723,0.5,1,-20,2,500,0.7,1,eq,1,6.5,5,10
5.327510845438027,-13.706802534399266,0.664380693404857,-40.303518319353046,1.9613299999999998,-25.11923196652532,3.7840740185646107,-17.62245837892373,0.5,1,-20,2,500,0.7,0.5,eff,1,35,5,10
5.327510845438027,-17.503507624770375,0.6968241909147566,-46.12966149064773,1.9613299999999998,-28.605960237692962,3.7840740185646107,-18.52606448262817,0.5,1,-20,2,500,0.7,1,eq,0.5,35,5,10
5.327510845438027,-14.426243307034792,0.664380693404857,-41.02295909198857,1.9613299999999998,-25.85005611920604,3.7840740185646107,-17.811855749105376,0.5,1,-20,2,500,0.7,0.5,eff,0.5,6.5,5,10
7.482433334471366,-10.590417768632122,0.664380693404857,-40.78178533493885,1.9613299999999998,-25.60506638085876,3.7840740185646107,-17.748365219962036,0.5,1,-20,2,500,0.7,0.5,eff,1,35,10,10
5.327510845438027,-13.706802534399266,0.6968241909147566,-42.33295640027663,1.9613299999999998,-24.739502858006023,3.7840740185646107,-17.524049350881697,0.5,1,-20,2,500,0.7,1,eq,1,35,5,10
7.482433334471366,-10.590417768632232,0.6968241909147566,-42.82863815415732,1.9613299999999998,-25.24429117573134,3.7840740185646107,-17.654868207271356,0.5,1,-20,2,500,0.7,1,eq,1,6.5,10,10
7.482433334471366,-15.959736888676467,0.664380693404857,-46.1511044549832,1.9613299999999998,-31.059341764993835,3.7840740185646107,-19.161872710392046,0.5,1,-20,2,500,0.7,0.5,eff,0.5,35,10,10
5.327510845438027,-17.503507624770375,0.664380693404857,-44.100223409724144,1.9613299999999998,-28.976010573350415,3.7840740185646107,-18.621965199854372,0.5,1,-20,2,500,0.7,0.5,eff,0.5,35,5,10
7.482433334471366,-13.567577996008495,0.6968241909147566,-45.805798381533585,1.9613299999999998,-28.27614718176098,3.7840740185646107,-18.440591492694946,0.5,1,-20,2,500,0.7,1,eq,0.5,6.5,10,10
7.482433334471366,-15.959736888676467,0.6968241909147566,-48.197957274201556,1.9613299999999998,-30.712254328311978,3.7840740185646107,-19.071922963261322,0.5,1,-20,2,500,0.7,1,eq,0.5,35,10,10
7.482433334471366,-10.590417768632122,0.6968241909147566,-42.82863815415721,1.9613299999999998,-25.24429117573134,3.7840740185646107,-17.654868207271356,0.5,1,-20,2,500,0.7,1,eq,1,35,10,10
5.327510845438027,-13.706802534399266,0.6968241909147566,-39.126015128116315,1.9613299999999998,-24.04278781950802,3.7840740185646107,-17.34349155791126,0.5,1,-20,2,500,0.7,1,eff,1,35,5,10
5.327510845438027,-12.316618528951274,0.6968241909147566,-37.73583112266833,1.9613299999999998,-22.63078078231035,3.7840740185646107,-16.977561643660156,0.5,1,-20,2,500,0.7,1,eff,1,6.5,5,10
7.482433334471366,-10.590417768632232,0.6968241909147566,-39.54472443102673,1.9613299999999998,-24.468069997951645,3.7840740185646107,-17.453705931487875,0.5,1,-20,2,500,0.7,1,eff,1,6.5,10,10
7.482433334471366,-13.567577996008495,0.6968241909147566,-42.521884658402996,1.9613299999999998,-27.491965522093697,3.7840740185646107,-18.237366211290574,0.5,1,-20,2,500,0.7,1,eff,0.5,6.5,10,10
7.482433334471366,-10.590417768632122,0.6968241909147566,-39.54472443102662,1.9613299999999998,-24.468069997951634,3.7840740185646107,-17.453705931487875,0.5,1,-20,2,500,0.7,1,eff,1,35,10,10
7.482433334471366,-15.959736888676467,0.6968241909147566,-44.914043551070975,1.9613299999999998,-29.921676392861954,3.7840740185646107,-18.867040049432294,0.5,1,-20,2,500,0.7,1,eff,0.5,35,10,10
5.327510845438027,-14.426243307034792,0.6968241909147566,-39.845455900751844,1.9613299999999998,-24.773522333612036,3.7840740185646107,-17.532865697729495,0.5,1,-20,2,500,0.7,1,eff,0.5,6.5,5,10
5.327510845438027,-12.316618528951274,0.664380693404857,-42.27098993906767,1.9613299999999998,-24.51173901907891,3.7840740185646107,-17.465023014714532,0.5,1,-20,2,500,0.8,0.5,eq,1,6.5,5,10
7.482433334471366,-10.590417768632232,0.664380693404857,-44.209967684343624,1.9613299999999998,-26.48667270098368,3.7840740185646107,-17.97683867415023,0.5,1,-20,2,500,0.8,0.5,eq,1,6.5,10,10
5.327510845438027,-13.706802534399266,0.664380693404857,-43.66117394451566,1.9613299999999998,-25.92770226212969,3.7840740185646107,-17.831978202941244,0.5,1,-20,2,500,0.8,0.5,eq,1,35,5,10
7.482433334471366,-10.590417768632122,0.664380693404857,-44.20996768434352,1.9613299999999998,-26.48667270098368,3.7840740185646107,-17.97683867415023,0.5,1,-20,2,500,0.8,0.5,eq,1,35,10,10
5.327510845438027,-17.503507624770375,0.6968241909147566,-42.922720218487434,1.9613299999999998,-27.899093376618715,3.7840740185646107,-18.342875785230973,0.5,1,-20,2,500,0.7,1,eff,0.5,35,5,10
5.327510845438027,-17.503507624770375,0.664380693404857,-47.45787903488676,1.9613299999999998,-29.79481253802046,3.7840740185646107,-18.834162536572443,0.5,1,-20,2,500,0.8,0.5,eq,0.5,35,5,10
7.482433334471366,-13.567577996008495,0.664380693404857,-47.187127911719884,1.9613299999999998,-29.519040671121857,3.7840740185646107,-18.76269463807867,0.5,1,-20,2,500,0.8,0.5,eq,0.5,6.5,10,10
7.482433334471366,-15.959736888676467,0.664380693404857,-49.57928680438786,1.9613299999999998,-31.955559182606827,3.7840740185646107,-19.394132716282986,0.5,1,-20,2,500,0.8,0.5,eq,0.5,35,10,10
7.482433334471366,-10.590417768632232,0.664380693404857,-40.78178533493897,1.9613299999999998,-25.60506638085876,3.7840740185646107,-17.748365219962036,0.5,1,-20,2,500,0.8,0.5,eff,1,6.5,10,10
5.327510845438027,-12.316618528951274,0.664380693404857,-38.913334313905054,1.9613299999999998,-23.707051719625625,3.7840740185646107,-17.256483576361227,0.5,1,-20,2,500,0.8,0.5,eff,1,6.5,5,10
5.327510845438027,-14.426243307034792,0.664380693404857,-44.380614717151175,1.9613299999999998,-26.660484171316014,3.7840740185646107,-18.02188293721607,0.5,1,-20,2,500,0.8,0.5,eq,0.5,6.5,5,10
5.327510845438027,-17.503507624770375,0.6968241909147566,-46.12966149064773,1.9613299999999998,-28.605960237692962,3.7840740185646107,-18.52606448262817,0.5,1,-20,2,500,0.8,1,eq,0.5,35,5,10
7.482433334471366,-10.590417768632122,0.664380693404857,-40.78178533493885,1.9613299999999998,-25.60506638085876,3.7840740185646107,-17.748365219962036,0.5,1,-20,2,500,0.8,0.5,eff,1,35,10,10
5.327510845438027,-13.706802534399266,0.664380693404857,-40.303518319353046,1.9613299999999998,-25.11923196652532,3.7840740185646107,-17.62245837892373,0.5,1,-20,2,500,0.8,0.5,eff,1,35,5,10
5.327510845438027,-17.503507624770375,0.664380693404857,-44.100223409724144,1.9613299999999998,-28.976010573350415,3.7840740185646107,-18.621965199854372,0.5,1,-20,2,500,0.8,0.5,eff,0.5,35,5,10
5.327510845438027,-14.426243307034792,0.664380693404857,-41.02295909198857,1.9613299999999998,-25.85005611920604,3.7840740185646107,-17.811855749105376,0.5,1,-20,2,500,0.8,0.5,eff,0.5,6.5,5,10
7.482433334471366,-10.590417768632232,0.6968241909147566,-42.82863815415732,1.9613299999999998,-25.24429117573134,3.7840740185646107,-17.654868207271356,0.5,1,-20,2,500,0.8,1,eq,1,6.5,10,10
7.482433334471366,-15.959736888676467,0.664380693404857,-46.1511044549832,1.9613299999999998,-31.059341764993835,3.7840740185646107,-19.161872710392046,0.5,1,-20,2,500,0.8,0.5,eff,0.5,35,10,10
7.482433334471366,-13.567577996008495,0.664380693404857,-43.75894556231523,1.9613299999999998,-28.6293328436307,3.7840740185646107,-18.532121630688625,0.5,1,-20,2,500,0.8,0.5,eff,0.5,6.5,10,10
7.482433334471366,-10.590417768632232,0.6968241909147566,-39.54472443102673,1.9613299999999998,-24.468069997951645,3.7840740185646107,-17.453705931487875,0.5,1,-20,2,500,0.8,1,eff,1,6.5,10,10
7.482433334471366,-13.567577996008495,0.6968241909147566,-45.805798381533585,1.9613299999999998,-28.27614718176098,3.7840740185646107,-18.440591492694946,0.5,1,-20,2,500,0.8,1,eq,0.5,6.5,10,10
5.327510845438027,-14.426243307034792,0.6968241909147566,-43.05239717291216,1.9613299999999998,-25.472161049440295,3.7840740185646107,-17.713922022974728,0.5,1,-20,2,500,0.8,1,eq,0.5,6.5,5,10
5.327510845438027,-13.706802534399266,0.6968241909147566,-42.33295640027663,1.9613299999999998,-24.739502858006023,3.7840740185646107,-17.524049350881697,0.5,1,-20,2,500,0.8,1,eq,1,35,5,10
5.327510845438027,-12.316618528951274,0.6968241909147566,-40.94277239482864,1.9613299999999998,-23.3237786763432,3.7840740185646107,-17.15715611681723,0.5,1,-20,2,500,0.8,1,eq,1,6.5,5,10
7.482433334471366,-15.959736888676467,0.6968241909147566,-48.197957274201556,1.9613299999999998,-30.712254328311978,3.7840740185646107,-19.071922963261322,0.5,1,-20,2,500,0.8,1,eq,0.5,35,10,10
7.482433334471366,-10.590417768632122,0.6968241909147566,-42.82863815415721,1.9613299999999998,-25.24429117573134,3.7840740185646107,-17.654868207271356,0.5,1,-20,2,500,0.8,1,eq,1,35,10,10
7.482433334471366,-10.590417768632122,0.6968241909147566,-39.54472443102662,1.9613299999999998,-24.468069997951634,3.7840740185646107,-17.453705931487875,0.5,1,-20,2,500,0.8,1,eff,1,35,10,10
5.327510845438027,-12.316618528951274,0.6968241909147566,-37.73583112266833,1.9613299999999998,-22.63078078231035,3.7840740185646107,-16.977561643660156,0.5,1,-20,2,500,0.8,1,eff,1,6.5,5,10
5.327510845438027,-13.706802534399266,0.6968241909147566,-39.126015128116315,1.9613299999999998,-24.04278781950802,3.7840740185646107,-17.34349155791126,0.5,1,-20,2,500,0.8,1,eff,1,35,5,10
7.482433334471366,-10.590417768632122,0.664380693404857,-44.20996768434352,6.537766666666667,-26.488178524888028,6.072292351897945,-21.184405021050456,0.5,1,-20,10,400,0.7,0.5,eq,1,35,10,10
7.482433334471366,-13.567577996008495,0.6968241909147566,-42.521884658402996,1.9613299999999998,-27.491965522093697,3.7840740185646107,-18.237366211290574,0.5,1,-20,2,500,0.8,1,eff,0.5,6.5,10,10
5.327510845438027,-17.503507624770375,0.6968241909147566,-42.922720218487434,1.9613299999999998,-27.899093376618715,3.7840740185646107,-18.342875785230973,0.5,1,-20,2,500,0.8,1,eff,0.5,35,5,10
7.482433334471366,-15.959736888676467,0.6968241909147566,-44.914043551070975,1.9613299999999998,-29.921676392861954,3.7840740185646107,-18.867040049432294,0.5,1,-20,2,500,0.8,1,eff,0.5,35,10,10
5.327510845438027,-14.426243307034792,0.6968241909147566,-39.845455900751844,1.9613299999999998,-24.773522333612036,3.7840740185646107,-17.532865697729495,0.5,1,-20,2,500,0.8,1,eff,0.5,6.5,5,10
7.482433334471366,-15.959736888676467,0.664380693404857,-49.57928680438786,6.537766666666667,-31.957065006450126,6.072292351897945,-24.128458244357944,0.5,1,-20,10,400,0.7,0.5,eq,0.5,35,10,10
5.327510845438027,-14.426243307034792,0.664380693404857,-44.380614717151175,6.537766666666667,-26.661989995268087,6.072292351897945,-21.277972554650916,0.5,1,-20,10,400,0.7,0.5,eq,0.5,6.5,5,10
7.482433334471366,-10.590417768632232,0.664380693404857,-44.209967684343624,6.537766666666667,-26.488178524888028,6.072292351897945,-21.184405021050456,0.5,1,-20,10,400,0.7,0.5,eq,1,6.5,10,10
5.327510845438027,-12.316618528951274,0.664380693404857,-42.27098993906767,6.537766666666667,-24.51324484291705,6.072292351897945,-20.121243463057436,0.5,1,-20,10,400,0.7,0.5,eq,1,6.5,5,10
5.327510845438027,-17.503507624770375,0.664380693404857,-47.45787903488676,6.537766666666667,-29.796318361887806,6.072292351897945,-22.965268416753837,0.5,1,-20,10,400,0.7,0.5,eq,0.5,35,5,10
7.482433334471366,-13.567577996008495,0.664380693404857,-47.187127911719884,6.537766666666667,-29.520546494993198,6.072292351897945,-22.816812774757,0.5,1,-20,10,400,0.7,0.5,eq,0.5,6.5,10,10
7.482433334471366,-10.590417768632232,0.664380693404857,-40.78178533493897,6.537766666666667,-25.60634779865476,6.072292351897945,-20.70969109149079,0.5,1,-20,10,400,0.7,0.5,eff,1,6.5,10,10
5.327510845438027,-13.706802534399266,0.664380693404857,-43.66117394451566,6.537766666666667,-25.929208085978107,6.072292351897945,-20.883495735777522,0.5,1,-20,10,400,0.7,0.5,eq,1,35,5,10
5.327510845438027,-12.316618528951274,0.664380693404857,-38.913334313905054,6.537766666666667,-23.708333137405983,6.072292351897945,-19.687937175008273,0.5,1,-20,10,400,0.7,0.5,eff,1,6.5,5,10
5.327510845438027,-13.706802534399266,0.664380693404857,-40.303518319353046,6.537766666666667,-25.120513384293147,6.072292351897945,-20.448152956000555,0.5,1,-20,10,400,0.7,0.5,eff,1,35,5,10
5.327510845438027,-14.426243307034792,0.664380693404857,-41.02295909198857,6.537766666666667,-25.851337537005552,6.072292351897945,-20.841575860227614,0.5,1,-20,10,400,0.7,0.5,eff,0.5,6.5,5,10
7.482433334471366,-13.567577996008495,0.664380693404857,-43.75894556231523,6.537766666666667,-28.63061426145056,6.072292351897945,-22.337737579190218,0.5,1,-20,10,400,0.7,0.5,eff,0.5,6.5,10,10
7.482433334471366,-10.590417768632122,0.664380693404857,-40.78178533493885,6.537766666666667,-25.606347798654753,6.072292351897945,-20.70969109149079,0.5,1,-20,10,400,0.7,0.5,eff,1,35,10,10
5.327510845438027,-17.503507624770375,0.664380693404857,-44.100223409724144,6.537766666666667,-28.97729199108978,6.072292351897945,-22.524363813037795,0.5,1,-20,10,400,0.7,0.5,eff,0.5,35,5,10
7.482433334471366,-15.959736888676467,0.6968241909147566,-48.197957274201556,6.537766666666667,-30.713676488341296,6.072292351897945,-23.459107730884554,0.5,1,-20,10,400,0.7,1,eq,0.5,35,10,10
7.482433334471366,-15.959736888676467,0.664380693404857,-46.1511044549832,6.537766666666667,-31.06062318282842,6.072292351897945,-23.64587875596691,0.5,1,-20,10,400,0.7,0.5,eff,0.5,35,10,10
7.482433334471366,-10.590417768632122,0.6968241909147566,-42.82863815415721,6.537766666666667,-25.2457133356583,6.072292351897945,-20.515551561112954,0.5,1,-20,10,400,0.7,1,eq,1,35,10,10
7.482433334471366,-10.590417768632232,0.6968241909147566,-42.82863815415732,6.537766666666667,-25.2457133356583,6.072292351897945,-20.515551561112954,0.5,1,-20,10,400,0.7,1,eq,1,6.5,10,10
5.327510845438027,-13.706802534399266,0.6968241909147566,-42.33295640027663,6.537766666666667,-24.74092501803283,6.072292351897945,-20.243810013980013,0.5,1,-20,10,400,0.7,1,eq,1,35,5,10
5.327510845438027,-14.426243307034792,0.6968241909147566,-43.05239717291216,6.537766666666667,-25.473583209363312,6.072292351897945,-20.638220232045757,0.5,1,-20,10,400,0.7,1,eq,0.5,6.5,5,10
5.327510845438027,-12.316618528951274,0.6968241909147566,-40.94277239482864,6.537766666666667,-23.32520083636921,6.072292351897945,-19.481686434638434,0.5,1,-20,10,400,0.7,1,eq,1,6.5,5,10
7.482433334471366,-13.567577996008495,0.6968241909147566,-45.805798381533585,6.537766666666667,-28.277569341789707,6.072292351897945,-22.14768371041753,0.5,1,-20,10,400,0.7,1,eq,0.5,6.5,10,10
7.482433334471366,-15.959736888676467,0.6968241909147566,-44.914043551070975,6.537766666666667,-29.922888379589928,6.072292351897945,-23.033404566561778,0.5,1,-20,10,400,0.7,1,eff,0.5,35,10,10
5.327510845438027,-12.316618528951274,0.6968241909147566,-37.73583112266833,6.537766666666667,-22.631992769038263,6.072292351897945,-19.108513312115495,0.5,1,-20,10,400,0.7,1,eff,1,6.5,5,10
5.327510845438027,-14.426243307034792,0.6968241909147566,-39.845455900751844,6.537766666666667,-24.77473432034004,6.072292351897945,-20.26201049880838,0.5,1,-20,10,400,0.7,1,eff,0.5,6.5,5,10
5.327510845438027,-12.316618528951274,0.664380693404857,-42.27098993906767,6.537766666666667,-24.51324484291705,6.072292351897945,-20.121243463057436,0.5,1,-20,10,400,0.8,0.5,eq,1,6.5,5,10
5.327510845438027,-17.503507624770375,0.6968241909147566,-46.12966149064773,6.537766666666667,-28.607382397703876,6.072292351897945,-22.32523122280905,0.5,1,-20,10,400,0.7,1,eq,0.5,35,5,10
5.327510845438027,-17.503507624770375,0.6968241909147566,-42.922720218487434,6.537766666666667,-27.9003053633467,6.072292351897945,-21.944592050805014,0.5,1,-20,10,400,0.7,1,eff,0.5,35,5,10
7.482433334471366,-10.590417768632232,0.6968241909147566,-39.54472443102673,6.537766666666667,-24.46928198467963,6.072292351897945,-20.097577037554437,0.5,1,-20,10,400,0.7,1,eff,1,6.5,10,10
7.482433334471366,-10.590417768632122,0.6968241909147566,-39.54472443102662,6.537766666666667,-24.46928198467963,6.072292351897945,-20.097577037554437,0.5,1,-20,10,400,0.7,1,eff,1,35,10,10
7.482433334471366,-13.567577996008495,0.6968241909147566,-42.521884658402996,6.537766666666667,-27.493177508821987,6.072292351897945,-21.725423838692137,0.5,1,-20,10,400,0.7,1,eff,0.5,6.5,10,10
5.327510845438027,-13.706802534399266,0.6968241909147566,-39.126015128116315,6.537766666666667,-24.04399980626392,6.072292351897945,-19.868635849544567,0.5,1,-20,10,400,0.7,1,eff,1,35,5,10
7.482433334471366,-10.590417768632232,0.664380693404857,-44.209967684343624,6.537766666666667,-26.488178524888028,6.072292351897945,-21.184405021050456,0.5,1,-20,10,400,0.8,0.5,eq,1,6.5,10,10
5.327510845438027,-13.706802534399266,0.664380693404857,-43.66117394451566,6.537766666666667,-25.929208085978107,6.072292351897945,-20.883495735777522,0.5,1,-20,10,400,0.8,0.5,eq,1,35,5,10
7.482433334471366,-10.590417768632122,0.664380693404857,-44.20996768434352,6.537766666666667,-26.488178524888028,6.072292351897945,-21.184405021050456,0.5,1,-20,10,400,0.8,0.5,eq,1,35,10,10
7.482433334471366,-13.567577996008495,0.664380693404857,-47.187127911719884,6.537766666666667,-29.520546494993198,6.072292351897945,-22.816812774757,0.5,1,-20,10,400,0.8,0.5,eq,0.5,6.5,10,10
5.327510845438027,-17.503507624770375,0.664380693404857,-47.45787903488676,6.537766666666667,-29.796318361887806,6.072292351897945,-22.965268416753837,0.5,1,-20,10,400,0.8,0.5,eq,0.5,35,5,10
5.327510845438027,-14.426243307034792,0.664380693404857,-44.380614717151175,6.537766666666667,-26.661989995268087,6.072292351897945,-21.277972554650916,0.5,1,-20,10,400,0.8,0.5,eq,0.5,6.5,5,10
5.327510845438027,-13.706802534399266,0.664380693404857,-40.303518319353046,6.537766666666667,-25.120513384293147,6.072292351897945,-20.448152956000555,0.5,1,-20,10,400,0.8,0.5,eff,1,35,5,10
7.482433334471366,-15.959736888676467,0.664380693404857,-49.57928680438786,6.537766666666667,-31.957065006450126,6.072292351897945,-24.128458244357944,0.5,1,-20,10,400,0.8,0.5,eq,0.5,35,10,10
7.482433334471366,-10.590417768632232,0.6968241909147566,-42.82863815415732,6.537766666666667,-25.2457133356583,6.072292351897945,-20.515551561112954,0.5,1,-20,10,400,0.8,1,eq,1,6.5,10,10
5.327510845438027,-12.316618528951274,0.664380693404857,-38.913334313905054,6.537766666666667,-23.708333137405983,6.072292351897945,-19.687937175008273,0.5,1,-20,10,400,0.8,0.5,eff,1,6.5,5,10
5.327510845438027,-17.503507624770375,0.664380693404857,-44.100223409724144,6.537766666666667,-28.97729199108978,6.072292351897945,-22.524363813037795,0.5,1,-20,10,400,0.8,0.5,eff,0.5,35,5,10
7.482433334471366,-10.590417768632122,0.664380693404857,-40.78178533493885,6.537766666666667,-25.606347798654753,6.072292351897945,-20.70969109149079,0.5,1,-20,10,400,0.8,0.5,eff,1,35,10,10
7.482433334471366,-15.959736888676467,0.664380693404857,-46.1511044549832,6.537766666666667,-31.06062318282842,6.072292351897945,-23.64587875596691,0.5,1,-20,10,400,0.8,0.5,eff,0.5,35,10,10
7.482433334471366,-10.590417768632232,0.664380693404857,-40.78178533493897,6.537766666666667,-25.60634779865476,6.072292351897945,-20.70969109149079,0.5,1,-20,10,400,0.8,0.5,eff,1,6.5,10,10
5.327510845438027,-14.426243307034792,0.664380693404857,-41.02295909198857,6.537766666666667,-25.851337537005552,6.072292351897945,-20.841575860227614,0.5,1,-20,10,400,0.8,0.5,eff,0.5,6.5,5,10
5.327510845438027,-12.316618528951274,0.6968241909147566,-40.94277239482864,6.537766666666667,-23.32520083636921,6.072292351897945,-19.481686434638434,0.5,1,-20,10,400,0.8,1,eq,1,6.5,5,10
7.482433334471366,-13.567577996008495,0.664380693404857,-43.75894556231523,6.537766666666667,-28.63061426145056,6.072292351897945,-22.337737579190218,0.5,1,-20,10,400,0.8,0.5,eff,0.5,6.5,10,10
7.482433334471366,-10.590417768632122,0.6968241909147566,-42.82863815415721,6.537766666666667,-25.2457133356583,6.072292351897945,-20.515551561112954,0.5,1,-20,10,400,0.8,1,eq,1,35,10,10
5.327510845438027,-13.706802534399266,0.6968241909147566,-42.33295640027663,6.537766666666667,-24.74092501803283,6.072292351897945,-20.243810013980013,0.5,1,-20,10,400,0.8,1,eq,1,35,5,10
5.327510845438027,-14.426243307034792,0.6968241909147566,-43.05239717291216,6.537766666666667,-25.473583209363312,6.072292351897945,-20.638220232045757,0.5,1,-20,10,400,0.8,1,eq,0.5,6.5,5,10
7.482433334471366,-10.590417768632232,0.6968241909147566,-39.54472443102673,6.537766666666667,-24.46928198467963,6.072292351897945,-20.097577037554437,0.5,1,-20,10,400,0.8,1,eff,1,6.5,10,10
7.482433334471366,-10.590417768632122,0.6968241909147566,-39.54472443102662,6.537766666666667,-24.46928198467963,6.072292351897945,-20.097577037554437,0.5,1,-20,10,400,0.8,1,eff,1,35,10,10
7.482433334471366,-15.959736888676467,0.6968241909147566,-48.197957274201556,6.537766666666667,-30.713676488341296,6.072292351897945,-23.459107730884554,0.5,1,-20,10,400,0.8,1,eq,0.5,35,10,10
7.482433334471366,-15.959736888676467,0.6968241909147566,-44.914043551070975,6.537766666666667,-29.922888379589928,6.072292351897945,-23.033404566561778,0.5,1,-20,10,400,0.8,1,eff,0.5,35,10,10
5.327510845438027,-14.426243307034792,0.6968241909147566,-39.845455900751844,6.537766666666667,-24.77473432034004,6.072292351897945,-20.26201049880838,0.5,1,-20,10,400,0.8,1,eff,0.5,6.5,5,10
5.327510845438027,-17.503507624770375,0.6968241909147566,-46.12966149064773,6.537766666666667,-28.607382397703876,6.072292351897945,-22.32523122280905,0.5,1,-20,10,400,0.8,1,eq,0.5,35,5,10
7.482433334471366,-13.567577996008495,0.6968241909147566,-45.805798381533585,6.537766666666667,-28.277569341789707,6.072292351897945,-22.14768371041753,0.5,1,-20,10,400,0.8,1,eq,0.5,6.5,10,10
7.482433334471366,-13.567577996008495,0.6968241909147566,-42.521884658402996,6.537766666666667,-27.493177508821987,6.072292351897945,-21.725423838692137,0.5,1,-20,10,400,0.8,1,eff,0.5,6.5,10,10
5.327510845438027,-12.316618528951274,0.6968241909147566,-37.73583112266833,6.537766666666667,-22.631992769038263,6.072292351897945,-19.108513312115495,0.5,1,-20,10,400,0.8,1,eff,1,6.5,5,10
5.327510845438027,-17.503507624770375,0.6968241909147566,-42.922720218487434,6.537766666666667,-27.9003053633467,6.072292351897945,-21.944592050805014,0.5,1,-20,10,400,0.8,1,eff,0.5,35,5,10
7.482433334471366,-10.590417768632232,0.664380693404857,-44.209967684343624,9.80665,-26.489254113391322,7.70673401856461,-22.309911927651637,0.5,1,-20,10,500,0.7,0.5,eq,1,6.5,10,10
5.327510845438027,-12.316618528951274,0.664380693404857,-42.27098993906767,9.80665,-24.514320431483878,7.70673401856461,-21.053382031522737,0.5,1,-20,10,500,0.7,0.5,eq,1,6.5,5,10
5.327510845438027,-13.706802534399266,0.6968241909147566,-39.126015128116315,6.537766666666667,-24.04399980626392,6.072292351897945,-19.868635849544567,0.5,1,-20,10,400,0.8,1,eff,1,35,5,10
7.482433334471366,-10.590417768632122,0.664380693404857,-44.20996768434352,9.80665,-26.489254113391322,7.70673401856461,-22.309911927651637,0.5,1,-20,10,500,0.7,0.5,eq,1,35,10,10
5.327510845438027,-13.706802534399266,0.664380693404857,-43.66117394451566,9.80665,-25.93028367453808,7.70673401856461,-21.954273116128075,0.5,1,-20,10,500,0.7,0.5,eq,1,35,5,10
5.327510845438027,-14.426243307034792,0.664380693404857,-44.380614717151175,9.80665,-26.66306558374915,7.70673401856461,-22.420497569486276,0.5,1,-20,10,500,0.7,0.5,eq,0.5,6.5,5,10
7.482433334471366,-15.959736888676467,0.664380693404857,-49.57928680438786,9.80665,-31.958140595021284,7.70673401856461,-25.789430974623052,0.5,1,-20,10,500,0.7,0.5,eq,0.5,35,10,10
7.482433334471366,-13.567577996008495,0.664380693404857,-47.187127911719884,9.80665,-29.521622083533366,7.70673401856461,-24.23922279284818,0.5,1,-20,10,500,0.7,0.5,eq,0.5,6.5,10,10
7.482433334471366,-15.959736888676467,0.664380693404857,-46.1511044549832,9.80665,-31.06153848118905,7.70673401856461,-25.218977712681557,0.5,1,-20,10,500,0.7,0.5,eff,0.5,35,10,10
7.482433334471366,-10.590417768632232,0.664380693404857,-40.78178533493897,9.80665,-25.60726309705266,7.70673401856461,-21.74875481625127,0.5,1,-20,10,500,0.7,0.5,eff,1,6.5,10,10
5.327510845438027,-13.706802534399266,0.664380693404857,-40.303518319353046,9.80665,-25.12142868272077,7.70673401856461,-21.43964799825082,0.5,1,-20,10,500,0.7,0.5,eff,1,35,5,10
5.327510845438027,-17.503507624770375,0.664380693404857,-47.45787903488676,9.80665,-29.797393950364825,7.70673401856461,-24.41467961874533,0.5,1,-20,10,500,0.7,0.5,eq,0.5,35,5,10
5.327510845438027,-17.503507624770375,0.664380693404857,-44.100223409724144,9.80665,-28.978207289545622,7.70673401856461,-23.893481089772518,0.5,1,-20,10,500,0.7,0.5,eff,0.5,35,5,10
5.327510845438027,-12.316618528951274,0.664380693404857,-38.913334313905054,9.80665,-23.70924843582074,7.70673401856461,-20.54116380346094,0.5,1,-20,10,500,0.7,0.5,eff,1,6.5,5,10
7.482433334471366,-13.567577996008495,0.664380693404857,-43.75894556231523,9.80665,-28.631529559824795,7.70673401856461,-23.672911186232493,0.5,1,-20,10,500,0.7,0.5,eff,0.5,6.5,10,10
5.327510845438027,-13.706802534399266,0.6968241909147566,-42.33295640027663,9.80665,-24.741940846568852,7.70673401856461,-21.198203024320627,0.5,1,-20,10,500,0.7,1,eq,1,35,5,10
7.482433334471366,-10.590417768632122,0.664380693404857,-40.78178533493885,9.80665,-25.607263097052652,7.70673401856461,-21.74875481625127,0.5,1,-20,10,500,0.7,0.5,eff,1,35,10,10
5.327510845438027,-14.426243307034792,0.664380693404857,-41.02295909198857,9.80665,-25.852252835401075,7.70673401856461,-21.904626850486885,0.5,1,-20,10,500,0.7,0.5,eff,0.5,6.5,5,10
7.482433334471366,-10.590417768632122,0.6968241909147566,-42.82863815415721,9.80665,-25.246729164296934,7.70673401856461,-21.519369055490458,0.5,1,-20,10,500,0.7,1,eq,1,35,10,10
5.327510845438027,-12.316618528951274,0.6968241909147566,-40.94277239482864,9.80665,-23.32621666499991,7.70673401856461,-20.297464039963465,0.5,1,-20,10,500,0.7,1,eq,1,6.5,5,10
7.482433334471366,-10.590417768632232,0.6968241909147566,-42.82863815415732,9.80665,-25.246729164296934,7.70673401856461,-21.519369055490458,0.5,1,-20,10,500,0.7,1,eq,1,6.5,10,10
5.327510845438027,-14.426243307034792,0.6968241909147566,-43.05239717291216,9.80665,-25.47459903797571,7.70673401856461,-21.664348763582588,0.5,1,-20,10,500,0.7,1,eq,0.5,6.5,5,10
5.327510845438027,-17.503507624770375,0.6968241909147566,-46.12966149064773,9.80665,-28.608398226282475,7.70673401856461,-23.658194128946207,0.5,1,-20,10,500,0.7,1,eq,0.5,35,5,10
7.482433334471366,-13.567577996008495,0.6968241909147566,-42.521884658402996,9.80665,-27.49404321362764,7.70673401856461,-22.949197973212378,0.5,1,-20,10,500,0.7,1,eff,0.5,6.5,10,10
7.482433334471366,-15.959736888676467,0.6968241909147566,-44.914043551070975,9.80665,-29.923754084395586,7.70673401856461,-24.4950748682381,0.5,1,-20,10,500,0.7,1,eff,0.5,35,10,10
7.482433334471366,-10.590417768632232,0.6968241909147566,-39.54472443102673,9.80665,-24.470147689485295,7.70673401856461,-21.025277608866077,0.5,1,-20,10,500,0.7,1,eff,1,6.5,10,10
5.327510845438027,-17.503507624770375,0.6968241909147566,-42.922720218487434,9.80665,-27.901171068152355,7.70673401856461,-23.208228605705706,0.5,1,-20,10,500,0.7,1,eff,0.5,35,5,10
5.327510845438027,-13.706802534399266,0.6968241909147566,-39.126015128116315,9.80665,-24.04486551106957,7.70673401856461,-20.75469648689454,0.5,1,-20,10,500,0.7,1,eff,1,35,5,10
7.482433334471366,-10.590417768632122,0.6968241909147566,-39.54472443102662,9.80665,-24.470147689485295,7.70673401856461,-21.025277608866077,0.5,1,-20,10,500,0.7,1,eff,1,35,10,10
7.482433334471366,-13.567577996008495,0.6968241909147566,-45.805798381533585,9.80665,-28.27858517043772,7.70673401856461,-23.44835418920588,0.5,1,-20,10,500,0.7,1,eq,0.5,6.5,10,10
5.327510845438027,-12.316618528951274,0.664380693404857,-42.27098993906767,9.80665,-24.514320431483878,7.70673401856461,-21.053382031522737,0.5,1,-20,10,500,0.8,0.5,eq,1,6.5,5,10
5.327510845438027,-12.316618528951274,0.6968241909147566,-37.73583112266833,9.80665,-22.632858473844014,7.70673401856461,-19.856322494860358,0.5,1,-20,10,500,0.7,1,eff,1,6.5,5,10
7.482433334471366,-10.590417768632232,0.664380693404857,-44.209967684343624,9.80665,-26.489254113391322,7.70673401856461,-22.309911927651637,0.5,1,-20,10,500,0.8,0.5,eq,1,6.5,10,10
7.482433334471366,-15.959736888676467,0.6968241909147566,-48.197957274201556,9.80665,-30.714692316908316,7.70673401856461,-24.998300644500038,0.5,1,-20,10,500,0.7,1,eq,0.5,35,10,10
5.327510845438027,-14.426243307034792,0.6968241909147566,-39.845455900751844,9.80665,-24.775600025145707,7.70673401856461,-21.219618307551926,0.5,1,-20,10,500,0.7,1,eff,0.5,6.5,5,10
5.327510845438027,-13.706802534399266,0.664380693404857,-43.66117394451566,9.80665,-25.93028367453808,7.70673401856461,-21.954273116128075,0.5,1,-20,10,500,0.8,0.5,eq,1,35,5,10
7.482433334471366,-13.567577996008495,0.664380693404857,-47.187127911719884,9.80665,-29.521622083533366,7.70673401856461,-24.23922279284818,0.5,1,-20,10,500,0.8,0.5,eq,0.5,6.5,10,10
7.482433334471366,-10.590417768632122,0.664380693404857,-44.20996768434352,9.80665,-26.489254113391322,7.70673401856461,-22.309911927651637,0.5,1,-20,10,500,0.8,0.5,eq,1,35,10,10
5.327510845438027,-14.426243307034792,0.664380693404857,-44.380614717151175,9.80665,-26.66306558374915,7.70673401856461,-22.420497569486276,0.5,1,-20,10,500,0.8,0.5,eq,0.5,6.5,5,10
5.327510845438027,-17.503507624770375,0.664380693404857,-47.45787903488676,9.80665,-29.797393950364825,7.70673401856461,-24.41467961874533,0.5,1,-20,10,500,0.8,0.5,eq,0.5,35,5,10
7.482433334471366,-15.959736888676467,0.664380693404857,-49.57928680438786,9.80665,-31.958140595021284,7.70673401856461,-25.789430974623052,0.5,1,-20,10,500,0.8,0.5,eq,0.5,35,10,10
7.482433334471366,-10.590417768632232,0.664380693404857,-40.78178533493897,9.80665,-25.60726309705266,7.70673401856461,-21.74875481625127,0.5,1,-20,10,500,0.8,0.5,eff,1,6.5,10,10
5.327510845438027,-12.316618528951274,0.664380693404857,-38.913334313905054,9.80665,-23.70924843582074,7.70673401856461,-20.54116380346094,0.5,1,-20,10,500,0.8,0.5,eff,1,6.5,5,10
5.327510845438027,-13.706802534399266,0.664380693404857,-40.303518319353046,9.80665,-25.12142868272077,7.70673401856461,-21.43964799825082,0.5,1,-20,10,500,0.8,0.5,eff,1,35,5,10
5.327510845438027,-17.503507624770375,0.664380693404857,-44.100223409724144,9.80665,-28.978207289545622,7.70673401856461,-23.893481089772518,0.5,1,-20,10,500,0.8,0.5,eff,0.5,35,5,10
7.482433334471366,-15.959736888676467,0.664380693404857,-46.1511044549832,9.80665,-31.06153848118905,7.70673401856461,-25.218977712681557,0.5,1,-20,10,500,0.8,0.5,eff,0.5,35,10,10
5.327510845438027,-14.426243307034792,0.664380693404857,-41.02295909198857,9.80665,-25.852252835401075,7.70673401856461,-21.904626850486885,0.5,1,-20,10,500,0.8,0.5,eff,0.5,6.5,5,10
7.482433334471366,-10.590417768632232,0.6968241909147566,-42.82863815415732,9.80665,-25.246729164296934,7.70673401856461,-21.519369055490458,0.5,1,-20,10,500,0.8,1,eq,1,6.5,10,10
7.482433334471366,-13.567577996008495,0.664380693404857,-43.75894556231523,9.80665,-28.631529559824795,7.70673401856461,-23.672911186232493,0.5,1,-20,10,500,0.8,0.5,eff,0.5,6.5,10,10
5.327510845438027,-12.316618528951274,0.6968241909147566,-40.94277239482864,9.80665,-23.32621666499991,7.70673401856461,-20.297464039963465,0.5,1,-20,10,500,0.8,1,eq,1,6.5,5,10
5.327510845438027,-13.706802534399266,0.6968241909147566,-42.33295640027663,9.80665,-24.741940846568852,7.70673401856461,-21.198203024320627,0.5,1,-20,10,500,0.8,1,eq,1,35,5,10
7.482433334471366,-10.590417768632122,0.664380693404857,-40.78178533493885,9.80665,-25.607263097052652,7.70673401856461,-21.74875481625127,0.5,1,-20,10,500,0.8,0.5,eff,1,35,10,10
7.482433334471366,-10.590417768632122,0.6968241909147566,-42.82863815415721,9.80665,-25.246729164296934,7.70673401856461,-21.519369055490458,0.5,1,-20,10,500,0.8,1,eq,1,35,10,10
5.327510845438027,-14.426243307034792,0.6968241909147566,-43.05239717291216,9.80665,-25.47459903797571,7.70673401856461,-21.664348763582588,0.5,1,-20,10,500,0.8,1,eq,0.5,6.5,5,10
7.482433334471366,-10.590417768632232,0.6968241909147566,-39.54472443102673,9.80665,-24.470147689485295,7.70673401856461,-21.025277608866077,0.5,1,-20,10,500,0.8,1,eff,1,6.5,10,10
7.482433334471366,-15.959736888676467,0.6968241909147566,-48.197957274201556,9.80665,-30.714692316908316,7.70673401856461,-24.998300644500038,0.5,1,-20,10,500,0.8,1,eq,0.5,35,10,10
7.482433334471366,-13.567577996008495,0.6968241909147566,-45.805798381533585,9.80665,-28.27858517043772,7.70673401856461,-23.44835418920588,0.5,1,-20,10,500,0.8,1,eq,0.5,6.5,10,10
5.327510845438027,-17.503507624770375,0.6968241909147566,-46.12966149064773,9.80665,-28.608398226282475,7.70673401856461,-23.658194128946207,0.5,1,-20,10,500,0.8,1,eq,0.5,35,5,10
7.482433334471366,-15.959736888676467,0.6968241909147566,-44.914043551070975,9.80665,-29.923754084395586,7.70673401856461,-24.4950748682381,0.5,1,-20,10,500,0.8,1,eff,0.5,35,10,10
5.327510845438027,-12.316618528951274,0.6968241909147566,-37.73583112266833,9.80665,-22.632858473844014,7.70673401856461,-19.856322494860358,0.5,1,-20,10,500,0.8,1,eff,1,6.5,5,10
7.482433334471366,-10.590417768632232,1.6648435882347152,-29.007582865064077,1.3075533333333331,-14.341385050404208,3.4571856852312774,-14.87545155928327,0.5,1,-10,2,400,0.7,0.5,eq,1,6.5,10,10
5.327510845438027,-14.426243307034792,0.6968241909147566,-39.845455900751844,9.80665,-24.775600025145707,7.70673401856461,-21.219618307551926,0.5,1,-20,10,500,0.8,1,eff,0.5,6.5,5,10
5.327510845438027,-12.316618528951274,1.6648435882347152,-27.068605119788113,1.3075533333333331,-12.373120051274203,3.4571856852312774,-14.503239636809774,0.5,1,-10,2,400,0.7,0.5,eq,1,6.5,5,10
5.327510845438027,-13.706802534399266,0.6968241909147566,-39.126015128116315,9.80665,-24.04486551106957,7.70673401856461,-20.75469648689454,0.5,1,-20,10,500,0.8,1,eff,1,35,5,10
7.482433334471366,-13.567577996008495,0.6968241909147566,-42.521884658402996,9.80665,-27.49404321362764,7.70673401856461,-22.949197973212378,0.5,1,-20,10,500,0.8,1,eff,0.5,6.5,10,10
7.482433334471366,-10.590417768632122,0.6968241909147566,-39.54472443102662,9.80665,-24.470147689485295,7.70673401856461,-21.025277608866077,0.5,1,-20,10,500,0.8,1,eff,1,35,10,10
7.482433334471366,-10.590417768632122,1.6648435882347152,-29.007582865063966,1.3075533333333331,-14.341385050404208,3.4571856852312774,-14.87545155928327,0.5,1,-10,2,400,0.7,0.5,eq,1,35,10,10
7.482433334471366,-13.567577996008495,1.6648435882347152,-31.984743092440336,1.3075533333333331,-17.363513739911742,3.4571856852312774,-15.446956072131535,0.5,1,-10,2,400,0.7,0.5,eq,0.5,6.5,10,10
5.327510845438027,-17.503507624770375,0.6968241909147566,-42.922720218487434,9.80665,-27.901171068152355,7.70673401856461,-23.208228605705706,0.5,1,-20,10,500,0.8,1,eff,0.5,35,5,10
5.327510845438027,-13.706802534399266,1.6648435882347152,-28.45878912523611,1.3075533333333331,-13.784302065589646,3.4571856852312774,-14.770103484279872,0.5,1,-10,2,400,0.7,0.5,eq,1,35,5,10
7.482433334471366,-15.959736888676467,1.6648435882347152,-34.37690198510832,1.3075533333333331,-19.791804952787892,3.4571856852312774,-15.906161992609524,0.5,1,-10,2,400,0.7,0.5,eq,0.5,35,10,10
5.327510845438027,-14.426243307034792,1.6648435882347152,-29.17822989787163,1.3075533333333331,-14.514609618191965,3.4571856852312774,-14.90820947014615,0.5,1,-10,2,400,0.7,0.5,eq,0.5,6.5,5,10
5.327510845438027,-12.316618528951274,1.6648435882347152,-25.75638222683571,1.3075533333333331,-12.772142922277958,3.4571856852312774,-14.578697499441517,0.5,1,-10,2,400,0.7,0.5,eff,1,6.5,5,10
5.327510845438027,-17.503507624770375,1.6648435882347152,-32.255494215607214,1.3075533333333331,-17.63835441850757,3.4571856852312774,-15.498930261277465,0.5,1,-10,2,400,0.7,0.5,eq,0.5,35,5,10
7.482433334471366,-10.590417768632232,1.6648435882347152,-27.62483324786962,1.3075533333333331,-14.665495974126081,3.4571856852312774,-14.936743077481495,0.5,1,-10,2,400,0.7,0.5,eff,1,6.5,10,10
5.327510845438027,-17.503507624770375,1.6648435882347152,-30.943271322654805,1.3075533333333331,-18.02816097598804,3.4571856852312774,-15.572645258097761,0.5,1,-10,2,400,0.7,0.5,eff,0.5,35,5,10
5.327510845438027,-13.706802534399266,1.6648435882347152,-27.1465662322837,1.3075533333333331,-14.180854790969427,3.4571856852312774,-14.845094226045186,0.5,1,-10,2,400,0.7,0.5,eff,1,35,5,10
7.482433334471366,-15.959736888676467,1.6648435882347152,-32.994152367913856,1.3075533333333331,-20.106375412577773,3.4571856852312774,-15.965649346011412,0.5,1,-10,2,400,0.7,0.5,eff,0.5,35,10,10
7.482433334471366,-13.567577996008495,1.6648435882347152,-30.601993475245887,1.3075533333333331,-17.682334702446507,3.4571856852312774,-15.507247223700226,0.5,1,-10,2,400,0.7,0.5,eff,0.5,6.5,10,10
7.482433334471366,-10.590417768632232,1.7398467296524174,-28.099233243312522,1.3075533333333331,-13.586439558162946,3.4571856852312774,-14.732686376163095,0.5,1,-10,2,400,0.7,1,eq,1,6.5,10,10
7.482433334471366,-10.590417768632122,1.6648435882347152,-27.62483324786951,1.3075533333333331,-14.665495974126081,3.4571856852312774,-14.936743077481495,0.5,1,-10,2,400,0.7,0.5,eff,1,35,10,10
7.482433334471366,-10.590417768632122,1.7398467296524174,-28.09923324331241,1.3075533333333331,-13.586439558162946,3.4571856852312774,-14.732686376163095,0.5,1,-10,2,400,0.7,1,eq,1,35,10,10
5.327510845438027,-14.426243307034792,1.6648435882347152,-27.866007004919222,1.3075533333333331,-14.909884006645214,3.4571856852312774,-14.982958469948349,0.5,1,-10,2,400,0.7,0.5,eff,0.5,6.5,5,10
7.482433334471366,-13.567577996008495,1.7398467296524174,-31.076393470688785,1.3075533333333331,-16.608056283696023,3.4571856852312774,-15.304094073239405,0.5,1,-10,2,400,0.7,1,eq,0.5,6.5,10,10
5.327510845438027,-12.316618528951274,1.7398467296524174,-24.977604186336976,1.3075533333333331,-12.104770850640927,3.4571856852312774,-14.452493029058155,0.5,1,-10,2,400,0.7,1,eff,1,6.5,5,10
5.327510845438027,-14.426243307034792,1.7398467296524174,-27.087228964420493,1.3075533333333331,-14.242248418302397,3.4571856852312774,-14.856704166814062,0.5,1,-10,2,400,0.7,1,eff,0.5,6.5,5,10
7.482433334471366,-15.959736888676467,1.7398467296524174,-33.46855236335676,1.3075533333333331,-19.035936131615866,3.4571856852312774,-15.763222201884975,0.5,1,-10,2,400,0.7,1,eq,0.5,35,10,10
5.327510845438027,-13.706802534399266,1.7398467296524174,-27.603551489431837,1.3075533333333331,-13.083356027670323,3.4571856852312774,-14.63754995493316,0.5,1,-10,2,400,0.7,1,eq,1,35,5,10
5.327510845438027,-12.316618528951274,1.7398467296524174,-26.213367483983845,1.3075533333333331,-11.67241307482602,3.4571856852312774,-14.370731315567653,0.5,1,-10,2,400,0.7,1,eq,1,6.5,5,10
5.327510845438027,-14.426243307034792,1.7398467296524174,-28.322992262067363,1.3075533333333331,-13.813539862459393,3.4571856852312774,-14.775632544943186,0.5,1,-10,2,400,0.7,1,eq,0.5,6.5,5,10
7.482433334471366,-10.590417768632232,1.7398467296524174,-26.786497494695382,1.3075533333333331,-13.937546474588554,3.4571856852312774,-14.799083015037517,0.5,1,-10,2,400,0.7,1,eff,1,6.5,10,10
7.482433334471366,-10.590417768632122,1.7398467296524174,-26.78649749469527,1.3075533333333331,-13.937546474588553,3.4571856852312774,-14.799083015037517,0.5,1,-10,2,400,0.7,1,eff,1,35,10,10
5.327510845438027,-17.503507624770375,1.7398467296524174,-31.400256579802935,1.3075533333333331,-16.936755484477775,3.4571856852312774,-15.366253264960328,0.5,1,-10,2,400,0.7,1,eq,0.5,35,5,10
7.482433334471366,-13.567577996008495,1.7398467296524174,-29.763657722071645,1.3075533333333331,-16.95401332093134,3.4571856852312774,-15.36951683591592,0.5,1,-10,2,400,0.7,1,eff,0.5,6.5,10,10
7.482433334471366,-15.959736888676467,1.7398467296524174,-32.15581661473962,1.3075533333333331,-19.377755222632732,3.4571856852312774,-15.827862451577857,0.5,1,-10,2,400,0.7,1,eff,0.5,35,10,10
5.327510845438027,-13.706802534399266,1.7398467296524174,-26.367788191784967,1.3075533333333331,-13.513309069120936,3.4571856852312774,-14.718856917258938,0.5,1,-10,2,400,0.7,1,eff,1,35,5,10
5.327510845438027,-17.503507624770375,1.7398467296524174,-30.164493282156084,1.3075533333333331,-17.36014100151904,3.4571856852312774,-15.446318265006088,0.5,1,-10,2,400,0.7,1,eff,0.5,35,5,10
5.327510845438027,-14.426243307034792,1.6648435882347152,-29.17822989787163,1.3075533333333331,-14.514609618191965,3.4571856852312774,-14.90820947014615,0.5,1,-10,2,400,0.8,0.5,eq,0.5,6.5,5,10
5.327510845438027,-12.316618528951274,1.6648435882347152,-27.068605119788113,1.3075533333333331,-12.373120051274203,3.4571856852312774,-14.503239636809774,0.5,1,-10,2,400,0.8,0.5,eq,1,6.5,5,10
5.327510845438027,-13.706802534399266,1.6648435882347152,-28.45878912523611,1.3075533333333331,-13.784302065589646,3.4571856852312774,-14.770103484279872,0.5,1,-10,2,400,0.8,0.5,eq,1,35,5,10
7.482433334471366,-10.590417768632232,1.6648435882347152,-29.007582865064077,1.3075533333333331,-14.341385050404208,3.4571856852312774,-14.87545155928327,0.5,1,-10,2,400,0.8,0.5,eq,1,6.5,10,10
7.482433334471366,-10.590417768632122,1.6648435882347152,-29.007582865063966,1.3075533333333331,-14.341385050404208,3.4571856852312774,-14.87545155928327,0.5,1,-10,2,400,0.8,0.5,eq,1,35,10,10
5.327510845438027,-12.316618528951274,1.6648435882347152,-25.75638222683571,1.3075533333333331,-12.772142922277958,3.4571856852312774,-14.578697499441517,0.5,1,-10,2,400,0.8,0.5,eff,1,6.5,5,10
7.482433334471366,-13.567577996008495,1.6648435882347152,-31.984743092440336,1.3075533333333331,-17.363513739911742,3.4571856852312774,-15.446956072131535,0.5,1,-10,2,400,0.8,0.5,eq,0.5,6.5,10,10
7.482433334471366,-15.959736888676467,1.6648435882347152,-32.994152367913856,1.3075533333333331,-20.106375412577773,3.4571856852312774,-15.965649346011412,0.5,1,-10,2,400,0.8,0.5,eff,0.5,35,10,10
5.327510845438027,-17.503507624770375,1.6648435882347152,-32.255494215607214,1.3075533333333331,-17.63835441850757,3.4571856852312774,-15.498930261277465,0.5,1,-10,2,400,0.8,0.5,eq,0.5,35,5,10
7.482433334471366,-10.590417768632122,1.6648435882347152,-27.62483324786951,1.3075533333333331,-14.665495974126081,3.4571856852312774,-14.936743077481495,0.5,1,-10,2,400,0.8,0.5,eff,1,35,10,10
7.482433334471366,-13.567577996008495,1.6648435882347152,-30.601993475245887,1.3075533333333331,-17.682334702446507,3.4571856852312774,-15.507247223700226,0.5,1,-10,2,400,0.8,0.5,eff,0.5,6.5,10,10
7.482433334471366,-15.959736888676467,1.6648435882347152,-34.37690198510832,1.3075533333333331,-19.791804952787892,3.4571856852312774,-15.906161992609524,0.5,1,-10,2,400,0.8,0.5,eq,0.5,35,10,10
5.327510845438027,-17.503507624770375,1.6648435882347152,-30.943271322654805,1.3075533333333331,-18.02816097598804,3.4571856852312774,-15.572645258097761,0.5,1,-10,2,400,0.8,0.5,eff,0.5,35,5,10
7.482433334471366,-10.590417768632232,1.6648435882347152,-27.62483324786962,1.3075533333333331,-14.665495974126081,3.4571856852312774,-14.936743077481495,0.5,1,-10,2,400,0.8,0.5,eff,1,6.5,10,10
5.327510845438027,-13.706802534399266,1.6648435882347152,-27.1465662322837,1.3075533333333331,-14.180854790969427,3.4571856852312774,-14.845094226045186,0.5,1,-10,2,400,0.8,0.5,eff,1,35,5,10
5.327510845438027,-14.426243307034792,1.6648435882347152,-27.866007004919222,1.3075533333333331,-14.909884006645214,3.4571856852312774,-14.982958469948349,0.5,1,-10,2,400,0.8,0.5,eff,0.5,6.5,5,10
5.327510845438027,-12.316618528951274,1.7398467296524174,-26.213367483983845,1.3075533333333331,-11.67241307482602,3.4571856852312774,-14.370731315567653,0.5,1,-10,2,400,0.8,1,eq,1,6.5,5,10
7.482433334471366,-13.567577996008495,1.7398467296524174,-31.076393470688785,1.3075533333333331,-16.608056283696023,3.4571856852312774,-15.304094073239405,0.5,1,-10,2,400,0.8,1,eq,0.5,6.5,10,10
7.482433334471366,-10.590417768632122,1.7398467296524174,-28.09923324331241,1.3075533333333331,-13.586439558162946,3.4571856852312774,-14.732686376163095,0.5,1,-10,2,400,0.8,1,eq,1,35,10,10
7.482433334471366,-10.590417768632232,1.7398467296524174,-28.099233243312522,1.3075533333333331,-13.586439558162946,3.4571856852312774,-14.732686376163095,0.5,1,-10,2,400,0.8,1,eq,1,6.5,10,10
5.327510845438027,-17.503507624770375,1.7398467296524174,-31.400256579802935,1.3075533333333331,-16.936755484477775,3.4571856852312774,-15.366253264960328,0.5,1,-10,2,400,0.8,1,eq,0.5,35,5,10
5.327510845438027,-13.706802534399266,1.7398467296524174,-27.603551489431837,1.3075533333333331,-13.083356027670323,3.4571856852312774,-14.63754995493316,0.5,1,-10,2,400,0.8,1,eq,1,35,5,10
7.482433334471366,-10.590417768632232,1.7398467296524174,-26.786497494695382,1.3075533333333331,-13.937546474588554,3.4571856852312774,-14.799083015037517,0.5,1,-10,2,400,0.8,1,eff,1,6.5,10,10
5.327510845438027,-14.426243307034792,1.7398467296524174,-28.322992262067363,1.3075533333333331,-13.813539862459393,3.4571856852312774,-14.775632544943186,0.5,1,-10,2,400,0.8,1,eq,0.5,6.5,5,10
5.327510845438027,-13.706802534399266,1.7398467296524174,-26.367788191784967,1.3075533333333331,-13.513309069120936,3.4571856852312774,-14.718856917258938,0.5,1,-10,2,400,0.8,1,eff,1,35,5,10
7.482433334471366,-15.959736888676467,1.7398467296524174,-33.46855236335676,1.3075533333333331,-19.035936131615866,3.4571856852312774,-15.763222201884975,0.5,1,-10,2,400,0.8,1,eq,0.5,35,10,10
5.327510845438027,-12.316618528951274,1.7398467296524174,-24.977604186336976,1.3075533333333331,-12.104770850640927,3.4571856852312774,-14.452493029058155,0.5,1,-10,2,400,0.8,1,eff,1,6.5,5,10
7.482433334471366,-10.590417768632122,1.7398467296524174,-26.78649749469527,1.3075533333333331,-13.937546474588553,3.4571856852312774,-14.799083015037517,0.5,1,-10,2,400,0.8,1,eff,1,35,10,10
7.482433334471366,-13.567577996008495,1.7398467296524174,-29.763657722071645,1.3075533333333331,-16.95401332093134,3.4571856852312774,-15.36951683591592,0.5,1,-10,2,400,0.8,1,eff,0.5,6.5,10,10
5.327510845438027,-14.426243307034792,1.7398467296524174,-27.087228964420493,1.3075533333333331,-14.242248418302397,3.4571856852312774,-14.856704166814062,0.5,1,-10,2,400,0.8,1,eff,0.5,6.5,5,10
7.482433334471366,-15.959736888676467,1.7398467296524174,-32.15581661473962,1.3075533333333331,-19.377755222632732,3.4571856852312774,-15.827862451577857,0.5,1,-10,2,400,0.8,1,eff,0.5,35,10,10
5.327510845438027,-17.503507624770375,1.7398467296524174,-30.164493282156084,1.3075533333333331,-17.36014100151904,3.4571856852312774,-15.446318265006088,0.5,1,-10,2,400,0.8,1,eff,0.5,35,5,10
5.327510845438027,-12.316618528951274,1.6648435882347152,-27.068605119788113,1.9613299999999998,-12.373189739388092,3.7840740185646107,-14.319246697716558,0.5,1,-10,2,500,0.7,0.5,eq,1,6.5,5,10
7.482433334471366,-10.590417768632122,1.6648435882347152,-29.007582865063966,1.9613299999999998,-14.34145473854049,3.7840740185646107,-14.829334128861893,0.5,1,-10,2,500,0.7,0.5,eq,1,35,10,10
7.482433334471366,-10.590417768632232,1.6648435882347152,-29.007582865064077,1.9613299999999998,-14.341454738540492,3.7840740185646107,-14.829334128861893,0.5,1,-10,2,500,0.7,0.5,eq,1,6.5,10,10
7.482433334471366,-13.567577996008495,1.6648435882347152,-31.984743092440336,1.9613299999999998,-17.363583428053985,3.7840740185646107,-15.612536523096798,0.5,1,-10,2,500,0.7,0.5,eq,0.5,6.5,10,10
5.327510845438027,-14.426243307034792,1.6648435882347152,-29.17822989787163,1.9613299999999998,-14.514679306329326,3.7840740185646107,-14.874226292687753,0.5,1,-10,2,500,0.7,0.5,eq,0.5,6.5,5,10
7.482433334471366,-15.959736888676467,1.6648435882347152,-34.37690198510832,1.9613299999999998,-19.791874640970704,3.7840740185646107,-16.241842448570743,0.5,1,-10,2,500,0.7,0.5,eq,0.5,35,10,10
5.327510845438027,-13.706802534399266,1.6648435882347152,-28.45878912523611,1.9613299999999998,-13.784371753691149,3.7840740185646107,-14.68496280244036,0.5,1,-10,2,500,0.7,0.5,eq,1,35,5,10
7.482433334471366,-10.590417768632232,1.6648435882347152,-27.62483324786962,1.9613299999999998,-14.665557356693531,3.7840740185646107,-14.91332722531602,0.5,1,-10,2,500,0.7,0.5,eff,1,6.5,10,10
5.327510845438027,-13.706802534399266,1.6648435882347152,-27.1465662322837,1.9613299999999998,-14.180916173495342,3.7840740185646107,-14.787729617132594,0.5,1,-10,2,500,0.7,0.5,eff,1,35,5,10
7.482433334471366,-13.567577996008495,1.6648435882347152,-30.601993475245887,1.9613299999999998,-17.68239608507439,3.7840740185646107,-15.695158695063549,0.5,1,-10,2,500,0.7,0.5,eff,0.5,6.5,10,10
5.327510845438027,-17.503507624770375,1.6648435882347152,-32.255494215607214,1.9613299999999998,-17.638424106584065,3.7840740185646107,-15.683763098657376,0.5,1,-10,2,500,0.7,0.5,eq,0.5,35,5,10
5.327510845438027,-14.426243307034792,1.6648435882347152,-27.866007004919222,1.9613299999999998,-14.909945389257858,3.7840740185646107,-14.976661818872916,0.5,1,-10,2,500,0.7,0.5,eff,0.5,6.5,5,10
7.482433334471366,-15.959736888676467,1.6648435882347152,-32.994152367913856,1.9613299999999998,-20.10643679521478,3.7840740185646107,-16.323363077786368,0.5,1,-10,2,500,0.7,0.5,eff,0.5,35,10,10
7.482433334471366,-10.590417768632122,1.6648435882347152,-27.62483324786951,1.9613299999999998,-14.665557356693531,3.7840740185646107,-14.91332722531602,0.5,1,-10,2,500,0.7,0.5,eff,1,35,10,10
5.327510845438027,-12.316618528951274,1.7398467296524174,-26.213367483983845,1.9613299999999998,-11.672478988407155,3.7840740185646107,-14.137653392395366,0.5,1,-10,2,500,0.7,1,eq,1,6.5,5,10
5.327510845438027,-12.316618528951274,1.6648435882347152,-25.75638222683571,1.9613299999999998,-12.77220430485906,3.7840740185646107,-14.4226536651616,0.5,1,-10,2,500,0.7,0.5,eff,1,6.5,5,10
7.482433334471366,-10.590417768632122,1.7398467296524174,-28.09923324331241,1.9613299999999998,-13.586505471744802,3.7840740185646107,-14.633684593707507,0.5,1,-10,2,500,0.7,1,eq,1,35,10,10
5.327510845438027,-17.503507624770375,1.6648435882347152,-30.943271322654805,1.9613299999999998,-18.028222358609987,3.7840740185646107,-15.784781604359921,0.5,1,-10,2,500,0.7,0.5,eff,0.5,35,5,10
7.482433334471366,-13.567577996008495,1.7398467296524174,-31.076393470688785,1.9613299999999998,-16.608122197277932,3.7840740185646107,-15.41675430947076,0.5,1,-10,2,500,0.7,1,eq,0.5,6.5,10,10
5.327510845438027,-14.426243307034792,1.7398467296524174,-28.322992262067363,1.9613299999999998,-13.813605776040685,3.7840740185646107,-14.692538970978998,0.5,1,-10,2,500,0.7,1,eq,0.5,6.5,5,10
5.327510845438027,-13.706802534399266,1.7398467296524174,-27.603551489431837,1.9613299999999998,-13.083421941251565,3.7840740185646107,-14.503307542938604,0.5,1,-10,2,500,0.7,1,eq,1,35,5,10
7.482433334471366,-10.590417768632232,1.7398467296524174,-28.099233243312522,1.9613299999999998,-13.586505471744804,3.7840740185646107,-14.633684593707507,0.5,1,-10,2,500,0.7,1,eq,1,6.5,10,10
7.482433334471366,-13.567577996008495,1.7398467296524174,-29.763657722071645,1.9613299999999998,-16.95407149970439,3.7840740185646107,-15.506409102426733,0.5,1,-10,2,500,0.7,1,eff,0.5,6.5,10,10
7.482433334471366,-10.590417768632232,1.7398467296524174,-26.786497494695382,1.9613299999999998,-13.937604653368387,3.7840740185646107,-14.72467400809463,0.5,1,-10,2,500,0.7,1,eff,1,6.5,10,10
5.327510845438027,-17.503507624770375,1.7398467296524174,-31.400256579802935,1.9613299999999998,-16.936821398057358,3.7840740185646107,-15.501938637301315,0.5,1,-10,2,500,0.7,1,eq,0.5,35,5,10
5.327510845438027,-13.706802534399266,1.7398467296524174,-26.367788191784967,1.9613299999999998,-13.51336724790044,3.7840740185646107,-14.614730393568976,0.5,1,-10,2,500,0.7,1,eff,1,35,5,10
7.482433334471366,-15.959736888676467,1.7398467296524174,-33.46855236335676,1.9613299999999998,-19.036002045197392,3.7840740185646107,-16.045953627290444,0.5,1,-10,2,500,0.7,1,eq,0.5,35,10,10
7.482433334471366,-10.590417768632122,1.7398467296524174,-26.78649749469527,1.9613299999999998,-13.937604653320049,3.7840740185646107,-14.724674008082195,0.5,1,-10,2,500,0.7,1,eff,1,35,10,10
5.327510845438027,-12.316618528951274,1.7398467296524174,-24.977604186336976,1.9613299999999998,-12.104829029367677,3.7840740185646107,-14.249699444041974,0.5,1,-10,2,500,0.7,1,eff,1,6.5,5,10
7.482433334471366,-15.959736888676467,1.7398467296524174,-32.15581661473962,1.9613299999999998,-19.37781340138076,3.7840740185646107,-16.134536047181626,0.5,1,-10,2,500,0.7,1,eff,0.5,35,10,10
7.482433334471366,-10.590417768632122,1.6648435882347152,-29.007582865063966,1.9613299999999998,-14.34145473854049,3.7840740185646107,-14.829334128861893,0.5,1,-10,2,500,0.8,0.5,eq,1,35,10,10
7.482433334471366,-13.567577996008495,1.6648435882347152,-31.984743092440336,1.9613299999999998,-17.363583428053985,3.7840740185646107,-15.612536523096798,0.5,1,-10,2,500,0.8,0.5,eq,0.5,6.5,10,10
5.327510845438027,-17.503507624770375,1.7398467296524174,-30.164493282156084,1.9613299999999998,-17.3601991803016,3.7840740185646107,-15.611659475421202,0.5,1,-10,2,500,0.7,1,eff,0.5,35,5,10
5.327510845438027,-14.426243307034792,1.6648435882347152,-29.17822989787163,1.9613299999999998,-14.514679306329326,3.7840740185646107,-14.874226292687753,0.5,1,-10,2,500,0.8,0.5,eq,0.5,6.5,5,10
7.482433334471366,-10.590417768632232,1.6648435882347152,-29.007582865064077,1.9613299999999998,-14.341454738540492,3.7840740185646107,-14.829334128861893,0.5,1,-10,2,500,0.8,0.5,eq,1,6.5,10,10
5.327510845438027,-13.706802534399266,1.6648435882347152,-28.45878912523611,1.9613299999999998,-13.784371753691149,3.7840740185646107,-14.68496280244036,0.5,1,-10,2,500,0.8,0.5,eq,1,35,5,10
5.327510845438027,-12.316618528951274,1.6648435882347152,-27.068605119788113,1.9613299999999998,-12.373189739388092,3.7840740185646107,-14.319246697716558,0.5,1,-10,2,500,0.8,0.5,eq,1,6.5,5,10
5.327510845438027,-14.426243307034792,1.7398467296524174,-27.087228964420493,1.9613299999999998,-14.242306597073284,3.7840740185646107,-14.803639305855043,0.5,1,-10,2,500,0.7,1,eff,0.5,6.5,5,10
5.327510845438027,-17.503507624770375,1.6648435882347152,-32.255494215607214,1.9613299999999998,-17.638424106584065,3.7840740185646107,-15.683763098657376,0.5,1,-10,2,500,0.8,0.5,eq,0.5,35,5,10
7.482433334471366,-10.590417768632122,1.6648435882347152,-27.62483324786951,1.9613299999999998,-14.665557356693531,3.7840740185646107,-14.91332722531602,0.5,1,-10,2,500,0.8,0.5,eff,1,35,10,10
5.327510845438027,-13.706802534399266,1.6648435882347152,-27.1465662322837,1.9613299999999998,-14.180916173495342,3.7840740185646107,-14.787729617132594,0.5,1,-10,2,500,0.8,0.5,eff,1,35,5,10
5.327510845438027,-12.316618528951274,1.6648435882347152,-25.75638222683571,1.9613299999999998,-12.77220430485906,3.7840740185646107,-14.4226536651616,0.5,1,-10,2,500,0.8,0.5,eff,1,6.5,5,10
5.327510845438027,-12.316618528951274,1.7398467296524174,-26.213367483983845,1.9613299999999998,-11.672478988407155,3.7840740185646107,-14.137653392395366,0.5,1,-10,2,500,0.8,1,eq,1,6.5,5,10
7.482433334471366,-15.959736888676467,1.6648435882347152,-34.37690198510832,1.9613299999999998,-19.791874640970704,3.7840740185646107,-16.241842448570743,0.5,1,-10,2,500,0.8,0.5,eq,0.5,35,10,10
5.327510845438027,-13.706802534399266,1.7398467296524174,-27.603551489431837,1.9613299999999998,-13.083421941251565,3.7840740185646107,-14.503307542938604,0.5,1,-10,2,500,0.8,1,eq,1,35,5,10
5.327510845438027,-14.426243307034792,1.6648435882347152,-27.866007004919222,1.9613299999999998,-14.909945389257858,3.7840740185646107,-14.976661818872916,0.5,1,-10,2,500,0.8,0.5,eff,0.5,6.5,5,10
7.482433334471366,-10.590417768632232,1.6648435882347152,-27.62483324786962,1.9613299999999998,-14.665557356693531,3.7840740185646107,-14.91332722531602,0.5,1,-10,2,500,0.8,0.5,eff,1,6.5,10,10
5.327510845438027,-17.503507624770375,1.6648435882347152,-30.943271322654805,1.9613299999999998,-18.028222358609987,3.7840740185646107,-15.784781604359921,0.5,1,-10,2,500,0.8,0.5,eff,0.5,35,5,10
7.482433334471366,-15.959736888676467,1.7398467296524174,-33.46855236335676,1.9613299999999998,-19.036002045197392,3.7840740185646107,-16.045953627290444,0.5,1,-10,2,500,0.8,1,eq,0.5,35,10,10
7.482433334471366,-13.567577996008495,1.6648435882347152,-30.601993475245887,1.9613299999999998,-17.68239608507439,3.7840740185646107,-15.695158695063549,0.5,1,-10,2,500,0.8,0.5,eff,0.5,6.5,10,10
7.482433334471366,-15.959736888676467,1.6648435882347152,-32.994152367913856,1.9613299999999998,-20.10643679521478,3.7840740185646107,-16.323363077786368,0.5,1,-10,2,500,0.8,0.5,eff,0.5,35,10,10
7.482433334471366,-13.567577996008495,1.7398467296524174,-31.076393470688785,1.9613299999999998,-16.608122197277932,3.7840740185646107,-15.41675430947076,0.5,1,-10,2,500,0.8,1,eq,0.5,6.5,10,10
7.482433334471366,-10.590417768632232,1.7398467296524174,-28.099233243312522,1.9613299999999998,-13.586505471744804,3.7840740185646107,-14.633684593707507,0.5,1,-10,2,500,0.8,1,eq,1,6.5,10,10
5.327510845438027,-17.503507624770375,1.7398467296524174,-31.400256579802935,1.9613299999999998,-16.936821398057358,3.7840740185646107,-15.501938637301315,0.5,1,-10,2,500,0.8,1,eq,0.5,35,5,10
5.327510845438027,-14.426243307034792,1.7398467296524174,-28.322992262067363,1.9613299999999998,-13.813605776040685,3.7840740185646107,-14.692538970978998,0.5,1,-10,2,500,0.8,1,eq,0.5,6.5,5,10
7.482433334471366,-10.590417768632122,1.7398467296524174,-28.09923324331241,1.9613299999999998,-13.586505471744802,3.7840740185646107,-14.633684593707507,0.5,1,-10,2,500,0.8,1,eq,1,35,10,10
5.327510845438027,-12.316618528951274,1.7398467296524174,-24.977604186336976,1.9613299999999998,-12.104829029367677,3.7840740185646107,-14.249699444041974,0.5,1,-10,2,500,0.8,1,eff,1,6.5,5,10
7.482433334471366,-10.590417768632232,1.7398467296524174,-26.786497494695382,1.9613299999999998,-13.937604653368387,3.7840740185646107,-14.72467400809463,0.5,1,-10,2,500,0.8,1,eff,1,6.5,10,10
5.327510845438027,-13.706802534399266,1.7398467296524174,-26.367788191784967,1.9613299999999998,-13.51336724790044,3.7840740185646107,-14.614730393568976,0.5,1,-10,2,500,0.8,1,eff,1,35,5,10
5.327510845438027,-17.503507624770375,1.7398467296524174,-30.164493282156084,1.9613299999999998,-17.3601991803016,3.7840740185646107,-15.611659475421202,0.5,1,-10,2,500,0.8,1,eff,0.5,35,5,10
5.327510845438027,-14.426243307034792,1.7398467296524174,-27.087228964420493,1.9613299999999998,-14.242306597073284,3.7840740185646107,-14.803639305855043,0.5,1,-10,2,500,0.8,1,eff,0.5,6.5,5,10
7.482433334471366,-15.959736888676467,1.7398467296524174,-32.15581661473962,1.9613299999999998,-19.37781340138076,3.7840740185646107,-16.134536047181626,0.5,1,-10,2,500,0.8,1,eff,0.5,35,10,10
7.482433334471366,-10.590417768632232,1.6648435882347152,-29.007582865064077,6.537766666666667,-14.341942555435907,6.072292351897945,-14.645749432298128,0.5,1,-10,10,400,0.7,0.5,eq,1,6.5,10,10
5.327510845438027,-12.316618528951274,1.6648435882347152,-27.068605119788113,6.537766666666667,-12.373677556297588,6.072292351897945,-13.586177811169776,0.5,1,-10,10,400,0.7,0.5,eq,1,6.5,5,10
5.327510845438027,-13.706802534399266,1.6648435882347152,-28.45878912523611,6.537766666666667,-13.784859570612735,6.072292351897945,-14.345856215891573,0.5,1,-10,10,400,0.7,0.5,eq,1,35,5,10
7.482433334471366,-13.567577996008495,1.7398467296524174,-29.763657722071645,1.9613299999999998,-16.95407149970439,3.7840740185646107,-15.506409102426733,0.5,1,-10,2,500,0.8,1,eff,0.5,6.5,10,10
7.482433334471366,-10.590417768632122,1.6648435882347152,-29.007582865063966,6.537766666666667,-14.341942555435907,6.072292351897945,-14.645749432298128,0.5,1,-10,10,400,0.7,0.5,eq,1,35,10,10
7.482433334471366,-10.590417768632122,1.7398467296524174,-26.78649749469527,1.9613299999999998,-13.937604653320049,3.7840740185646107,-14.724674008082195,0.5,1,-10,2,500,0.8,1,eff,1,35,10,10
5.327510845438027,-14.426243307034792,1.6648435882347152,-29.17822989787163,6.537766666666667,-14.515167123224169,6.072292351897945,-14.739001019960952,0.5,1,-10,10,400,0.7,0.5,eq,0.5,6.5,5,10
7.482433334471366,-13.567577996008495,1.6648435882347152,-30.601993475245887,6.537766666666667,-17.682825763131685,6.072292351897945,-16.44423949228957,0.5,1,-10,10,400,0.7,0.5,eff,0.5,6.5,10,10
5.327510845438027,-17.503507624770375,1.6648435882347152,-32.255494215607214,6.537766666666667,-17.638911923537293,6.072292351897945,-16.42059945488117,0.5,1,-10,10,400,0.7,0.5,eq,0.5,35,5,10
7.482433334471366,-13.567577996008495,1.6648435882347152,-31.984743092440336,6.537766666666667,-17.364071245005803,6.072292351897945,-16.272645097398343,0.5,1,-10,10,400,0.7,0.5,eq,0.5,6.5,10,10
5.327510845438027,-14.426243307034792,1.6648435882347152,-27.866007004919222,6.537766666666667,-14.910375067319094,6.072292351897945,-14.95175241379798,0.5,1,-10,10,400,0.7,0.5,eff,0.5,6.5,5,10
5.327510845438027,-12.316618528951274,1.6648435882347152,-25.75638222683571,6.537766666666667,-12.772633982976156,6.072292351897945,-13.800947117111884,0.5,1,-10,10,400,0.7,0.5,eff,1,6.5,5,10
7.482433334471366,-10.590417768632232,1.6648435882347152,-27.62483324786962,6.537766666666667,-14.665987034801086,6.072292351897945,-14.820191559993813,0.5,1,-10,10,400,0.7,0.5,eff,1,6.5,10,10
7.482433334471366,-15.959736888676467,1.6648435882347152,-34.37690198510832,6.537766666666667,-19.79236245780948,6.072292351897945,-17.579861584024247,0.5,1,-10,10,400,0.7,0.5,eq,0.5,35,10,10
5.327510845438027,-13.706802534399266,1.6648435882347152,-27.1465662322837,6.537766666666667,-14.181345851605197,6.072292351897945,-14.559295773923676,0.5,1,-10,10,400,0.7,0.5,eff,1,35,5,10
7.482433334471366,-10.590417768632122,1.6648435882347152,-27.62483324786951,6.537766666666667,-14.665987034801075,6.072292351897945,-14.820191559993813,0.5,1,-10,10,400,0.7,0.5,eff,1,35,10,10
7.482433334471366,-15.959736888676467,1.6648435882347152,-32.994152367913856,6.537766666666667,-20.10686647327025,6.072292351897945,-17.749167815481414,0.5,1,-10,10,400,0.7,0.5,eff,0.5,35,10,10
5.327510845438027,-17.503507624770375,1.6648435882347152,-30.943271322654805,6.537766666666667,-18.02865203670471,6.072292351897945,-16.630407363729006,0.5,1,-10,10,400,0.7,0.5,eff,0.5,35,5,10
7.482433334471366,-10.590417768632122,1.7398467296524174,-28.09923324331241,6.537766666666667,-13.586966866802312,6.072292351897945,-14.239325086659594,0.5,1,-10,10,400,0.7,1,eq,1,35,10,10
5.327510845438027,-13.706802534399266,1.7398467296524174,-27.603551489431837,6.537766666666667,-13.083883336321076,6.072292351897945,-13.968501273713407,0.5,1,-10,10,400,0.7,1,eq,1,35,5,10
5.327510845438027,-14.426243307034792,1.7398467296524174,-28.322992262067363,6.537766666666667,-13.814067171098339,6.072292351897945,-14.361579477042419,0.5,1,-10,10,400,0.7,1,eq,0.5,6.5,5,10
7.482433334471366,-10.590417768632232,1.7398467296524174,-28.099233243312522,6.537766666666667,-13.586966866802312,6.072292351897945,-14.239325086659594,0.5,1,-10,10,400,0.7,1,eq,1,6.5,10,10
7.482433334471366,-15.959736888676467,1.7398467296524174,-33.46855236335676,6.537766666666667,-19.036463440233245,6.072292351897945,-17.172940184815634,0.5,1,-10,10,400,0.7,1,eq,0.5,35,10,10
7.482433334471366,-10.590417768632232,1.7398467296524174,-26.786497494695382,6.537766666666667,-13.938011904679326,6.072292351897945,-14.428302363619473,0.5,1,-10,10,400,0.7,1,eff,1,6.5,10,10
7.482433334471366,-13.567577996008495,1.7398467296524174,-31.076393470688785,6.537766666666667,-16.608583592338007,6.072292351897945,-15.865945147325311,0.5,1,-10,10,400,0.7,1,eq,0.5,6.5,10,10
5.327510845438027,-17.503507624770375,1.7398467296524174,-31.400256579802935,6.537766666666667,-16.93728279309025,6.072292351897945,-16.042893040600468,0.5,1,-10,10,400,0.7,1,eq,0.5,35,5,10
5.327510845438027,-12.316618528951274,1.7398467296524174,-26.213367483983845,6.537766666666667,-11.672940383420025,6.072292351897945,-13.208951562379113,0.5,1,-10,10,400,0.7,1,eq,1,6.5,5,10
5.327510845438027,-13.706802534399266,1.7398467296524174,-26.367788191784967,6.537766666666667,-13.513774499212907,6.072292351897945,-14.199923605855425,0.5,1,-10,10,400,0.7,1,eff,1,35,5,10
5.327510845438027,-12.316618528951274,1.7398467296524174,-24.977604186336976,6.537766666666667,-12.105236280746157,6.072292351897945,-13.441668429740595,0.5,1,-10,10,400,0.7,1,eff,1,6.5,5,10
7.482433334471366,-10.590417768632122,1.7398467296524174,-26.78649749469527,6.537766666666667,-13.938011904679326,6.072292351897945,-14.428302363619473,0.5,1,-10,10,400,0.7,1,eff,1,35,10,10
5.327510845438027,-14.426243307034792,1.7398467296524174,-27.087228964420493,6.537766666666667,-14.242713848465769,6.072292351897945,-14.592331868122145,0.5,1,-10,10,400,0.7,1,eff,0.5,6.5,5,10
7.482433334471366,-15.959736888676467,1.7398467296524174,-32.15581661473962,6.537766666666667,-19.37822065271148,6.072292351897945,-17.356917567849074,0.5,1,-10,10,400,0.7,1,eff,0.5,35,10,10
7.482433334471366,-13.567577996008495,1.7398467296524174,-29.763657722071645,6.537766666666667,-16.954478751112674,6.072292351897945,-16.0521501015789,0.5,1,-10,10,400,0.7,1,eff,0.5,6.5,10,10
5.327510845438027,-17.503507624770375,1.7398467296524174,-30.164493282156084,6.537766666666667,-17.36060643164024,6.072292351897945,-16.270779892298194,0.5,1,-10,10,400,0.7,1,eff,0.5,35,5,10
5.327510845438027,-12.316618528951274,1.6648435882347152,-27.068605119788113,6.537766666666667,-12.373677556297588,6.072292351897945,-13.586177811169776,0.5,1,-10,10,400,0.8,0.5,eq,1,6.5,5,10
7.482433334471366,-10.590417768632122,1.6648435882347152,-29.007582865063966,6.537766666666667,-14.341942555435907,6.072292351897945,-14.645749432298128,0.5,1,-10,10,400,0.8,0.5,eq,1,35,10,10
5.327510845438027,-13.706802534399266,1.6648435882347152,-27.1465662322837,6.537766666666667,-14.181345851605197,6.072292351897945,-14.559295773923676,0.5,1,-10,10,400,0.8,0.5,eff,1,35,5,10
7.482433334471366,-10.590417768632232,1.6648435882347152,-29.007582865064077,6.537766666666667,-14.341942555435907,6.072292351897945,-14.645749432298128,0.5,1,-10,10,400,0.8,0.5,eq,1,6.5,10,10
5.327510845438027,-14.426243307034792,1.6648435882347152,-29.17822989787163,6.537766666666667,-14.515167123224169,6.072292351897945,-14.739001019960952,0.5,1,-10,10,400,0.8,0.5,eq,0.5,6.5,5,10
7.482433334471366,-10.590417768632232,1.6648435882347152,-27.62483324786962,6.537766666666667,-14.665987034801086,6.072292351897945,-14.820191559993813,0.5,1,-10,10,400,0.8,0.5,eff,1,6.5,10,10
5.327510845438027,-13.706802534399266,1.6648435882347152,-28.45878912523611,6.537766666666667,-13.784859570612735,6.072292351897945,-14.345856215891573,0.5,1,-10,10,400,0.8,0.5,eq,1,35,5,10
7.482433334471366,-13.567577996008495,1.6648435882347152,-31.984743092440336,6.537766666666667,-17.364071245005803,6.072292351897945,-16.272645097398343,0.5,1,-10,10,400,0.8,0.5,eq,0.5,6.5,10,10
5.327510845438027,-12.316618528951274,1.6648435882347152,-25.75638222683571,6.537766666666667,-12.772633982976156,6.072292351897945,-13.800947117111884,0.5,1,-10,10,400,0.8,0.5,eff,1,6.5,5,10
5.327510845438027,-14.426243307034792,1.6648435882347152,-27.866007004919222,6.537766666666667,-14.910375067319094,6.072292351897945,-14.95175241379798,0.5,1,-10,10,400,0.8,0.5,eff,0.5,6.5,5,10
7.482433334471366,-10.590417768632122,1.6648435882347152,-27.62483324786951,6.537766666666667,-14.665987034801075,6.072292351897945,-14.820191559993813,0.5,1,-10,10,400,0.8,0.5,eff,1,35,10,10
7.482433334471366,-13.567577996008495,1.6648435882347152,-30.601993475245887,6.537766666666667,-17.682825763131685,6.072292351897945,-16.44423949228957,0.5,1,-10,10,400,0.8,0.5,eff,0.5,6.5,10,10
7.482433334471366,-15.959736888676467,1.6648435882347152,-34.37690198510832,6.537766666666667,-19.79236245780948,6.072292351897945,-17.579861584024247,0.5,1,-10,10,400,0.8,0.5,eq,0.5,35,10,10
5.327510845438027,-17.503507624770375,1.6648435882347152,-32.255494215607214,6.537766666666667,-17.638911923537293,6.072292351897945,-16.42059945488117,0.5,1,-10,10,400,0.8,0.5,eq,0.5,35,5,10
7.482433334471366,-15.959736888676467,1.6648435882347152,-32.994152367913856,6.537766666666667,-20.10686647327025,6.072292351897945,-17.749167815481414,0.5,1,-10,10,400,0.8,0.5,eff,0.5,35,10,10
7.482433334471366,-15.959736888676467,1.7398467296524174,-33.46855236335676,6.537766666666667,-19.036463440233245,6.072292351897945,-17.172940184815634,0.5,1,-10,10,400,0.8,1,eq,0.5,35,10,10
5.327510845438027,-17.503507624770375,1.6648435882347152,-30.943271322654805,6.537766666666667,-18.02865203670471,6.072292351897945,-16.630407363729006,0.5,1,-10,10,400,0.8,0.5,eff,0.5,35,5,10
7.482433334471366,-10.590417768632232,1.7398467296524174,-28.099233243312522,6.537766666666667,-13.586966866802312,6.072292351897945,-14.239325086659594,0.5,1,-10,10,400,0.8,1,eq,1,6.5,10,10
7.482433334471366,-10.590417768632122,1.7398467296524174,-28.09923324331241,6.537766666666667,-13.586966866802312,6.072292351897945,-14.239325086659594,0.5,1,-10,10,400,0.8,1,eq,1,35,10,10
7.482433334471366,-10.590417768632232,1.7398467296524174,-26.786497494695382,6.537766666666667,-13.938011904679326,6.072292351897945,-14.428302363619473,0.5,1,-10,10,400,0.8,1,eff,1,6.5,10,10
5.327510845438027,-17.503507624770375,1.7398467296524174,-31.400256579802935,6.537766666666667,-16.93728279309025,6.072292351897945,-16.042893040600468,0.5,1,-10,10,400,0.8,1,eq,0.5,35,5,10
5.327510845438027,-12.316618528951274,1.7398467296524174,-26.213367483983845,6.537766666666667,-11.672940383420025,6.072292351897945,-13.208951562379113,0.5,1,-10,10,400,0.8,1,eq,1,6.5,5,10
5.327510845438027,-12.316618528951274,1.7398467296524174,-24.977604186336976,6.537766666666667,-12.105236280746157,6.072292351897945,-13.441668429740595,0.5,1,-10,10,400,0.8,1,eff,1,6.5,5,10
5.327510845438027,-13.706802534399266,1.7398467296524174,-27.603551489431837,6.537766666666667,-13.083883336321076,6.072292351897945,-13.968501273713407,0.5,1,-10,10,400,0.8,1,eq,1,35,5,10
5.327510845438027,-14.426243307034792,1.7398467296524174,-28.322992262067363,6.537766666666667,-13.814067171098339,6.072292351897945,-14.361579477042419,0.5,1,-10,10,400,0.8,1,eq,0.5,6.5,5,10
5.327510845438027,-13.706802534399266,1.7398467296524174,-26.367788191784967,6.537766666666667,-13.513774499212907,6.072292351897945,-14.199923605855425,0.5,1,-10,10,400,0.8,1,eff,1,35,5,10
7.482433334471366,-15.959736888676467,1.7398467296524174,-32.15581661473962,6.537766666666667,-19.37822065271148,6.072292351897945,-17.356917567849074,0.5,1,-10,10,400,0.8,1,eff,0.5,35,10,10
7.482433334471366,-13.567577996008495,1.7398467296524174,-31.076393470688785,6.537766666666667,-16.608583592338007,6.072292351897945,-15.865945147325311,0.5,1,-10,10,400,0.8,1,eq,0.5,6.5,10,10
5.327510845438027,-14.426243307034792,1.7398467296524174,-27.087228964420493,6.537766666666667,-14.242713848465769,6.072292351897945,-14.592331868122145,0.5,1,-10,10,400,0.8,1,eff,0.5,6.5,5,10
7.482433334471366,-13.567577996008495,1.7398467296524174,-29.763657722071645,6.537766666666667,-16.954478751112674,6.072292351897945,-16.0521501015789,0.5,1,-10,10,400,0.8,1,eff,0.5,6.5,10,10
7.482433334471366,-10.590417768632232,1.6648435882347152,-29.007582865064077,9.80665,-14.342290996093329,7.70673401856461,-14.581539859321314,0.5,1,-10,10,500,0.7,0.5,eq,1,6.5,10,10
5.327510845438027,-17.503507624770375,1.7398467296524174,-30.164493282156084,6.537766666666667,-17.36060643164024,6.072292351897945,-16.270779892298194,0.5,1,-10,10,400,0.8,1,eff,0.5,35,5,10
7.482433334471366,-10.590417768632122,1.7398467296524174,-26.78649749469527,6.537766666666667,-13.938011904679326,6.072292351897945,-14.428302363619473,0.5,1,-10,10,400,0.8,1,eff,1,35,10,10
5.327510845438027,-12.316618528951274,1.6648435882347152,-27.068605119788113,9.80665,-12.374025996930945,7.70673401856461,-13.329252839454186,0.5,1,-10,10,500,0.7,0.5,eq,1,6.5,5,10
5.327510845438027,-13.706802534399266,1.6648435882347152,-28.45878912523611,9.80665,-13.785208011289296,7.70673401856461,-14.227101919736974,0.5,1,-10,10,500,0.7,0.5,eq,1,35,5,10
7.482433334471366,-13.567577996008495,1.6648435882347152,-31.984743092440336,9.80665,-17.36441968563184,7.70673401856461,-16.504336094527726,0.5,1,-10,10,500,0.7,0.5,eq,0.5,6.5,10,10
7.482433334471366,-10.590417768632232,1.6648435882347152,-27.62483324786962,9.80665,-14.666293947724396,7.70673401856461,-14.787683183974941,0.5,1,-10,10,500,0.7,0.5,eff,1,6.5,10,10
7.482433334471366,-10.590417768632122,1.6648435882347152,-29.007582865063966,9.80665,-14.342290996093329,7.70673401856461,-14.581539859321314,0.5,1,-10,10,500,0.7,0.5,eq,1,35,10,10
7.482433334471366,-10.590417768632122,1.6648435882347152,-27.62483324786951,9.80665,-14.666293947724396,7.70673401856461,-14.787683183974941,0.5,1,-10,10,500,0.7,0.5,eff,1,35,10,10
7.482433334471366,-15.959736888676467,1.6648435882347152,-34.37690198510832,9.80665,-19.79271089846508,7.70673401856461,-18.049309747761754,0.5,1,-10,10,500,0.7,0.5,eq,0.5,35,10,10
5.327510845438027,-14.426243307034792,1.6648435882347152,-29.17822989787163,9.80665,-14.515515563883215,7.70673401856461,-14.691752090833843,0.5,1,-10,10,500,0.7,0.5,eq,0.5,6.5,5,10
5.327510845438027,-12.316618528951274,1.6648435882347152,-25.75638222683571,9.80665,-12.772940895876273,7.70673401856461,-13.58305806903115,0.5,1,-10,10,500,0.7,0.5,eff,1,6.5,5,10
5.327510845438027,-17.503507624770375,1.6648435882347152,-30.943271322654805,9.80665,-18.02895894958635,7.70673401856461,-16.927141913254506,0.5,1,-10,10,500,0.7,0.5,eff,0.5,35,5,10
5.327510845438027,-14.426243307034792,1.6648435882347152,-27.866007004919222,9.80665,-14.910681980243506,7.70673401856461,-14.943172389475624,0.5,1,-10,10,500,0.7,0.5,eff,0.5,6.5,5,10
5.327510845438027,-17.503507624770375,1.6648435882347152,-32.255494215607214,9.80665,-17.639260364153365,7.70673401856461,-16.679200462074718,0.5,1,-10,10,500,0.7,0.5,eq,0.5,35,5,10
7.482433334471366,-15.959736888676467,1.6648435882347152,-32.994152367913856,9.80665,-20.107173386176072,7.70673401856461,-18.249383056875622,0.5,1,-10,10,500,0.7,0.5,eff,0.5,35,10,10
5.327510845438027,-13.706802534399266,1.6648435882347152,-27.1465662322837,9.80665,-14.181652764567737,7.70673401856461,-14.479335546223492,0.5,1,-10,10,500,0.7,0.5,eff,1,35,5,10
5.327510845438027,-12.316618528951274,1.7398467296524174,-26.213367483983845,9.80665,-11.673269951325242,7.70673401856461,-12.883404490589111,0.5,1,-10,10,500,0.7,1,eq,1,6.5,5,10
7.482433334471366,-13.567577996008495,1.6648435882347152,-30.601993475245887,9.80665,-17.683132676044817,7.70673401856461,-16.707113739370616,0.5,1,-10,10,500,0.7,0.5,eff,0.5,6.5,10,10
7.482433334471366,-10.590417768632232,1.7398467296524174,-28.099233243312522,9.80665,-13.587296434707532,7.70673401856461,-14.101182849621917,0.5,1,-10,10,500,0.7,1,eq,1,6.5,10,10
7.482433334471366,-13.567577996008495,1.7398467296524174,-31.076393470688785,9.80665,-16.60891316024471,7.70673401856461,-16.02365335334688,0.5,1,-10,10,500,0.7,1,eq,0.5,6.5,10,10
7.482433334471366,-10.590417768632122,1.7398467296524174,-28.09923324331241,9.80665,-13.587296434707532,7.70673401856461,-14.101182849621917,0.5,1,-10,10,500,0.7,1,eq,1,35,10,10
5.327510845438027,-17.503507624770375,1.7398467296524174,-31.400256579802935,9.80665,-16.937612360987256,7.70673401856461,-16.232784614994,0.5,1,-10,10,500,0.7,1,eq,0.5,35,5,10
5.327510845438027,-14.426243307034792,1.7398467296524174,-28.322992262067363,9.80665,-13.814396739006698,7.70673401856461,-14.245672927636232,0.5,1,-10,10,500,0.7,1,eq,0.5,6.5,5,10
7.482433334471366,-10.590417768632232,1.7398467296524174,-26.786497494695382,9.80665,-13.938302798559048,7.70673401856461,-14.324506799155756,0.5,1,-10,10,500,0.7,1,eff,1,6.5,10,10
5.327510845438027,-13.706802534399266,1.7398467296524174,-27.603551489431837,9.80665,-13.08421290422689,7.70673401856461,-13.781101470641932,0.5,1,-10,10,500,0.7,1,eq,1,35,5,10
7.482433334471366,-15.959736888676467,1.7398467296524174,-33.46855236335676,9.80665,-19.036793008140084,7.70673401856461,-17.56836528015071,0.5,1,-10,10,500,0.7,1,eq,0.5,35,10,10
7.482433334471366,-10.590417768632122,1.7398467296524174,-26.78649749469527,9.80665,-13.938302798559041,7.70673401856461,-14.324506799155756,0.5,1,-10,10,500,0.7,1,eff,1,35,10,10
5.327510845438027,-12.316618528951274,1.7398467296524174,-24.977604186336976,9.80665,-12.105527174611403,7.70673401856461,-13.158423408364595,0.5,1,-10,10,500,0.7,1,eff,1,6.5,5,10
5.327510845438027,-13.706802534399266,1.7398467296524174,-26.367788191784967,9.80665,-13.51406539309128,7.70673401856461,-14.054590402514112,0.5,1,-10,10,500,0.7,1,eff,1,35,5,10
7.482433334471366,-13.567577996008495,1.7398467296524174,-29.763657722071645,9.80665,-16.954769644901724,7.70673401856461,-16.24370074872172,0.5,1,-10,10,500,0.7,1,eff,0.5,6.5,10,10
7.482433334471366,-15.959736888676467,1.7398467296524174,-32.15581661473962,9.80665,-19.378511546602734,7.70673401856461,-17.785779952639857,0.5,1,-10,10,500,0.7,1,eff,0.5,35,10,10
5.327510845438027,-12.316618528951274,1.6648435882347152,-27.068605119788113,9.80665,-12.374025996930945,7.70673401856461,-13.329252839454186,0.5,1,-10,10,500,0.8,0.5,eq,1,6.5,5,10
7.482433334471366,-10.590417768632232,1.6648435882347152,-29.007582865064077,9.80665,-14.342290996093329,7.70673401856461,-14.581539859321314,0.5,1,-10,10,500,0.8,0.5,eq,1,6.5,10,10
5.327510845438027,-14.426243307034792,1.7398467296524174,-27.087228964420493,9.80665,-14.243004742272747,7.70673401856461,-14.518370069194763,0.5,1,-10,10,500,0.7,1,eff,0.5,6.5,5,10
5.327510845438027,-17.503507624770375,1.7398467296524174,-30.164493282156084,9.80665,-17.36089732548954,7.70673401856461,-16.50209503151656,0.5,1,-10,10,500,0.7,1,eff,0.5,35,5,10
5.327510845438027,-14.426243307034792,1.6648435882347152,-29.17822989787163,9.80665,-14.515515563883215,7.70673401856461,-14.691752090833843,0.5,1,-10,10,500,0.8,0.5,eq,0.5,6.5,5,10
7.482433334471366,-10.590417768632122,1.6648435882347152,-29.007582865063966,9.80665,-14.342290996093329,7.70673401856461,-14.581539859321314,0.5,1,-10,10,500,0.8,0.5,eq,1,35,10,10
5.327510845438027,-13.706802534399266,1.6648435882347152,-28.45878912523611,9.80665,-13.785208011289296,7.70673401856461,-14.227101919736974,0.5,1,-10,10,500,0.8,0.5,eq,1,35,5,10
7.482433334471366,-15.959736888676467,1.6648435882347152,-34.37690198510832,9.80665,-19.79271089846508,7.70673401856461,-18.049309747761754,0.5,1,-10,10,500,0.8,0.5,eq,0.5,35,10,10
7.482433334471366,-10.590417768632232,1.6648435882347152,-27.62483324786962,9.80665,-14.666293947724396,7.70673401856461,-14.787683183974941,0.5,1,-10,10,500,0.8,0.5,eff,1,6.5,10,10
5.327510845438027,-17.503507624770375,1.6648435882347152,-32.255494215607214,9.80665,-17.639260364153365,7.70673401856461,-16.679200462074718,0.5,1,-10,10,500,0.8,0.5,eq,0.5,35,5,10
7.482433334471366,-13.567577996008495,1.6648435882347152,-31.984743092440336,9.80665,-17.36441968563184,7.70673401856461,-16.504336094527726,0.5,1,-10,10,500,0.8,0.5,eq,0.5,6.5,10,10
5.327510845438027,-13.706802534399266,1.6648435882347152,-27.1465662322837,9.80665,-14.181652764567737,7.70673401856461,-14.479335546223492,0.5,1,-10,10,500,0.8,0.5,eff,1,35,5,10
7.482433334471366,-10.590417768632122,1.6648435882347152,-27.62483324786951,9.80665,-14.666293947724396,7.70673401856461,-14.787683183974941,0.5,1,-10,10,500,0.8,0.5,eff,1,35,10,10
7.482433334471366,-13.567577996008495,1.6648435882347152,-30.601993475245887,9.80665,-17.683132676044817,7.70673401856461,-16.707113739370616,0.5,1,-10,10,500,0.8,0.5,eff,0.5,6.5,10,10
5.327510845438027,-14.426243307034792,1.6648435882347152,-27.866007004919222,9.80665,-14.910681980243506,7.70673401856461,-14.943172389475624,0.5,1,-10,10,500,0.8,0.5,eff,0.5,6.5,5,10
5.327510845438027,-12.316618528951274,1.6648435882347152,-25.75638222683571,9.80665,-12.772940895876273,7.70673401856461,-13.58305806903115,0.5,1,-10,10,500,0.8,0.5,eff,1,6.5,5,10
7.482433334471366,-10.590417768632122,1.7398467296524174,-28.09923324331241,9.80665,-13.587296434707532,7.70673401856461,-14.101182849621917,0.5,1,-10,10,500,0.8,1,eq,1,35,10,10
7.482433334471366,-15.959736888676467,1.6648435882347152,-32.994152367913856,9.80665,-20.107173386176072,7.70673401856461,-18.249383056875622,0.5,1,-10,10,500,0.8,0.5,eff,0.5,35,10,10
5.327510845438027,-17.503507624770375,1.6648435882347152,-30.943271322654805,9.80665,-18.02895894958635,7.70673401856461,-16.927141913254506,0.5,1,-10,10,500,0.8,0.5,eff,0.5,35,5,10
5.327510845438027,-12.316618528951274,1.7398467296524174,-26.213367483983845,9.80665,-11.673269951325242,7.70673401856461,-12.883404490589111,0.5,1,-10,10,500,0.8,1,eq,1,6.5,5,10
5.327510845438027,-13.706802534399266,1.7398467296524174,-27.603551489431837,9.80665,-13.08421290422689,7.70673401856461,-13.781101470641932,0.5,1,-10,10,500,0.8,1,eq,1,35,5,10
5.327510845438027,-14.426243307034792,1.7398467296524174,-28.322992262067363,9.80665,-13.814396739006698,7.70673401856461,-14.245672927636232,0.5,1,-10,10,500,0.8,1,eq,0.5,6.5,5,10
5.327510845438027,-17.503507624770375,1.7398467296524174,-31.400256579802935,9.80665,-16.937612360987256,7.70673401856461,-16.232784614994,0.5,1,-10,10,500,0.8,1,eq,0.5,35,5,10
7.482433334471366,-13.567577996008495,1.7398467296524174,-29.763657722071645,9.80665,-16.954769644901724,7.70673401856461,-16.24370074872172,0.5,1,-10,10,500,0.8,1,eff,0.5,6.5,10,10
5.327510845438027,-12.316618528951274,1.7398467296524174,-24.977604186336976,9.80665,-12.105527174611403,7.70673401856461,-13.158423408364595,0.5,1,-10,10,500,0.8,1,eff,1,6.5,5,10
7.482433334471366,-15.959736888676467,1.7398467296524174,-33.46855236335676,9.80665,-19.036793008140084,7.70673401856461,-17.56836528015071,0.5,1,-10,10,500,0.8,1,eq,0.5,35,10,10
7.482433334471366,-10.590417768632232,1.7398467296524174,-28.099233243312522,9.80665,-13.587296434707532,7.70673401856461,-14.101182849621917,0.5,1,-10,10,500,0.8,1,eq,1,6.5,10,10
7.482433334471366,-13.567577996008495,1.7398467296524174,-31.076393470688785,9.80665,-16.60891316024471,7.70673401856461,-16.02365335334688,0.5,1,-10,10,500,0.8,1,eq,0.5,6.5,10,10
7.482433334471366,-10.590417768632232,1.7398467296524174,-26.786497494695382,9.80665,-13.938302798559048,7.70673401856461,-14.324506799155756,0.5,1,-10,10,500,0.8,1,eff,1,6.5,10,10
5.327510845438027,-13.706802534399266,1.7398467296524174,-26.367788191784967,9.80665,-13.51406539309128,7.70673401856461,-14.054590402514112,0.5,1,-10,10,500,0.8,1,eff,1,35,5,10
5.327510845438027,-14.426243307034792,1.7398467296524174,-27.087228964420493,9.80665,-14.243004742272747,7.70673401856461,-14.518370069194763,0.5,1,-10,10,500,0.8,1,eff,0.5,6.5,5,10
7.482433334471366,-10.590417768632122,1.7398467296524174,-26.78649749469527,9.80665,-13.938302798559041,7.70673401856461,-14.324506799155756,0.5,1,-10,10,500,0.8,1,eff,1,35,10,10
5.327510845438027,-17.503507624770375,1.7398467296524174,-30.164493282156084,9.80665,-17.36089732548954,7.70673401856461,-16.50209503151656,0.5,1,-10,10,500,0.8,1,eff,0.5,35,5,10
7.482433334471366,-15.959736888676467,1.7398467296524174,-32.15581661473962,9.80665,-19.378511546602734,7.70673401856461,-17.785779952639857,0.5,1,-10,10,500,0.8,1,eff,0.5,35,10,10
5.327510845438027,-12.316618528951274,0.664380693404857,-42.27098993906767,3.9226599999999996,-24.51152390131458,4.764739018564611,-18.915269461911798,0.5,3,-20,2,400,0.7,0.5,eq,1,6.5,5,10
5.327510845438027,-17.503507624770375,0.664380693404857,-47.45787903488676,3.9226599999999996,-29.794597420064,4.764739018564611,-21.089963719909232,0.5,3,-20,2,400,0.7,0.5,eq,0.5,35,5,10
7.482433334471366,-10.590417768632232,0.664380693404857,-44.209967684343624,3.9226599999999996,-26.486457583163673,4.764739018564611,-19.728219901196887,0.5,3,-20,2,400,0.7,0.5,eq,1,6.5,10,10
5.327510845438027,-13.706802534399266,0.664380693404857,-43.66117394451566,3.9226599999999996,-25.927487144365752,4.764739018564611,-19.49812849714394,0.5,3,-20,2,400,0.7,0.5,eq,1,35,5,10
7.482433334471366,-10.590417768632122,0.664380693404857,-44.20996768434352,3.9226599999999996,-26.486457583163673,4.764739018564611,-19.728219901196887,0.5,3,-20,2,400,0.7,0.5,eq,1,35,10,10
7.482433334471366,-13.567577996008495,0.664380693404857,-47.187127911719884,3.9226599999999996,-29.518825553354585,4.764739018564611,-20.97644656120945,0.5,3,-20,2,400,0.7,0.5,eq,0.5,6.5,10,10
5.327510845438027,-14.426243307034792,0.664380693404857,-44.380614717151175,3.9226599999999996,-26.66026905354996,4.764739018564611,-19.799766663755047,0.5,3,-20,2,400,0.7,0.5,eq,0.5,6.5,5,10
7.482433334471366,-15.959736888676467,0.664380693404857,-49.57928680438786,3.9226599999999996,-31.955344064940995,4.764739018564611,-21.979401147748213,0.5,3,-20,2,400,0.7,0.5,eq,0.5,35,10,10
7.482433334471366,-10.590417768632232,0.664380693404857,-40.78178533493897,3.9226599999999996,-25.60488332101913,4.764739018564611,-19.365333698860397,0.5,3,-20,2,400,0.7,0.5,eff,1,6.5,10,10
5.327510845438027,-12.316618528951274,0.664380693404857,-38.913334313905054,3.9226599999999996,-23.706868660084925,4.764739018564611,-18.584045766735112,0.5,3,-20,2,400,0.7,0.5,eff,1,6.5,5,10
7.482433334471366,-10.590417768632122,0.664380693404857,-40.78178533493885,3.9226599999999996,-25.60488332101913,4.764739018564611,-19.365333698860397,0.5,3,-20,2,400,0.7,0.5,eff,1,35,10,10
5.327510845438027,-13.706802534399266,0.664380693404857,-40.303518319353046,3.9226599999999996,-25.119048906856868,4.764739018564611,-19.165347590950454,0.5,3,-20,2,400,0.7,0.5,eff,1,35,5,10
7.482433334471366,-15.959736888676467,0.664380693404857,-46.1511044549832,3.9226599999999996,-31.0591587051482,4.764739018564611,-21.61050051649138,0.5,3,-20,2,400,0.7,0.5,eff,0.5,35,10,10
5.327510845438027,-17.503507624770375,0.664380693404857,-44.100223409724144,3.9226599999999996,-28.975827513733616,4.764739018564611,-20.75292994447553,0.5,3,-20,2,400,0.7,0.5,eff,0.5,35,5,10
7.482433334471366,-13.567577996008495,0.664380693404857,-43.75894556231523,3.9226599999999996,-28.629149784087314,4.764739018564611,-20.61022550067748,0.5,3,-20,2,400,0.7,0.5,eff,0.5,6.5,10,10
5.327510845438027,-14.426243307034792,0.664380693404857,-41.02295909198857,3.9226599999999996,-25.849873059365237,4.764739018564611,-19.46617987776711,0.5,3,-20,2,400,0.7,0.5,eff,0.5,6.5,5,10
5.327510845438027,-12.316618528951274,0.6968241909147566,-40.94277239482864,3.9226599999999996,-23.32357551063897,4.764739018564611,-18.426269160320086,0.5,3,-20,2,400,0.7,1,eq,1,6.5,5,10
7.482433334471366,-10.590417768632232,0.6968241909147566,-42.82863815415732,3.9226599999999996,-25.24408801009744,4.764739018564611,-19.21681797440755,0.5,3,-20,2,400,0.7,1,eq,1,6.5,10,10
7.482433334471366,-10.590417768632122,0.6968241909147566,-42.82863815415721,3.9226599999999996,-25.24408801009744,4.764739018564611,-19.21681797440755,0.5,3,-20,2,400,0.7,1,eq,1,35,10,10
7.482433334471366,-13.567577996008495,0.6968241909147566,-45.805798381533585,3.9226599999999996,-28.27594401606267,4.764739018564611,-20.464833892385627,0.5,3,-20,2,400,0.7,1,eq,0.5,6.5,10,10
7.482433334471366,-15.959736888676467,0.6968241909147566,-48.197957274201556,3.9226599999999996,-30.71205116252913,4.764739018564611,-21.467619146932293,0.5,3,-20,2,400,0.7,1,eq,0.5,35,10,10
5.327510845438027,-14.426243307034792,0.6968241909147566,-43.05239717291216,3.9226599999999996,-25.471957883607725,4.764739018564611,-19.310617029774658,0.5,3,-20,2,400,0.7,1,eq,0.5,6.5,5,10
5.327510845438027,-17.503507624770375,0.6968241909147566,-46.12966149064773,3.9226599999999996,-28.605757072001154,4.764739018564611,-20.600596258064652,0.5,3,-20,2,400,0.7,1,eq,0.5,35,5,10
5.327510845438027,-13.706802534399266,0.6968241909147566,-42.33295640027663,3.9226599999999996,-24.739299692337433,4.764739018564611,-19.009029789700204,0.5,3,-20,2,400,0.7,1,eq,1,35,5,10
5.327510845438027,-13.706802534399266,0.6968241909147566,-39.126015128116315,3.9226599999999996,-24.042614678425483,4.764739018564611,-18.72225034322628,0.5,3,-20,2,400,0.7,1,eff,1,35,5,10
7.482433334471366,-10.590417768632232,0.6968241909147566,-39.54472443102673,3.9226599999999996,-24.46789685683861,4.764739018564611,-18.89731107409476,0.5,3,-20,2,400,0.7,1,eff,1,6.5,10,10
5.327510845438027,-17.503507624770375,0.6968241909147566,-42.922720218487434,3.9226599999999996,-27.898920235854362,4.764739018564611,-20.30963797337415,0.5,3,-20,2,400,0.7,1,eff,0.5,35,5,10
5.327510845438027,-12.316618528951274,0.6968241909147566,-37.73583112266833,3.9226599999999996,-22.630607641329767,4.764739018564611,-18.141019818054495,0.5,3,-20,2,400,0.7,1,eff,1,6.5,5,10
7.482433334471366,-10.590417768632122,0.6968241909147566,-39.54472443102662,3.9226599999999996,-24.46789685683861,4.764739018564611,-18.89731107409476,0.5,3,-20,2,400,0.7,1,eff,1,35,10,10
7.482433334471366,-15.959736888676467,0.6968241909147566,-44.914043551070975,3.9226599999999996,-29.9215032518994,4.764739018564611,-21.14220251288057,0.5,3,-20,2,400,0.7,1,eff,0.5,35,10,10
5.327510845438027,-14.426243307034792,0.6968241909147566,-39.845455900751844,3.9226599999999996,-24.77334919262275,4.764739018564611,-19.02304573183966,0.5,3,-20,2,400,0.7,1,eff,0.5,6.5,5,10
7.482433334471366,-13.567577996008495,0.6968241909147566,-42.521884658402996,3.9226599999999996,-27.491792380964128,4.764739018564611,-20.142050184720706,0.5,3,-20,2,400,0.7,1,eff,0.5,6.5,10,10
7.482433334471366,-10.590417768632232,0.664380693404857,-44.209967684343624,3.9226599999999996,-26.486457583163673,4.764739018564611,-19.728219901196887,0.5,3,-20,2,400,0.8,0.5,eq,1,6.5,10,10
5.327510845438027,-12.316618528951274,0.664380693404857,-42.27098993906767,3.9226599999999996,-24.51152390131458,4.764739018564611,-18.915269461911798,0.5,3,-20,2,400,0.8,0.5,eq,1,6.5,5,10
7.482433334471366,-10.590417768632122,0.664380693404857,-44.20996768434352,3.9226599999999996,-26.486457583163673,4.764739018564611,-19.728219901196887,0.5,3,-20,2,400,0.8,0.5,eq,1,35,10,10
5.327510845438027,-13.706802534399266,0.664380693404857,-43.66117394451566,3.9226599999999996,-25.927487144365752,4.764739018564611,-19.49812849714394,0.5,3,-20,2,400,0.8,0.5,eq,1,35,5,10
7.482433334471366,-13.567577996008495,0.664380693404857,-47.187127911719884,3.9226599999999996,-29.518825553354585,4.764739018564611,-20.97644656120945,0.5,3,-20,2,400,0.8,0.5,eq,0.5,6.5,10,10
7.482433334471366,-10.590417768632232,0.664380693404857,-40.78178533493897,3.9226599999999996,-25.60488332101913,4.764739018564611,-19.365333698860397,0.5,3,-20,2,400,0.8,0.5,eff,1,6.5,10,10
5.327510845438027,-14.426243307034792,0.664380693404857,-44.380614717151175,3.9226599999999996,-26.66026905354996,4.764739018564611,-19.799766663755047,0.5,3,-20,2,400,0.8,0.5,eq,0.5,6.5,5,10
7.482433334471366,-15.959736888676467,0.664380693404857,-49.57928680438786,3.9226599999999996,-31.955344064940995,4.764739018564611,-21.979401147748213,0.5,3,-20,2,400,0.8,0.5,eq,0.5,35,10,10
5.327510845438027,-17.503507624770375,0.664380693404857,-47.45787903488676,3.9226599999999996,-29.794597420064,4.764739018564611,-21.089963719909232,0.5,3,-20,2,400,0.8,0.5,eq,0.5,35,5,10
5.327510845438027,-12.316618528951274,0.664380693404857,-38.913334313905054,3.9226599999999996,-23.706868660084925,4.764739018564611,-18.584045766735112,0.5,3,-20,2,400,0.8,0.5,eff,1,6.5,5,10
7.482433334471366,-10.590417768632122,0.664380693404857,-40.78178533493885,3.9226599999999996,-25.60488332101913,4.764739018564611,-19.365333698860397,0.5,3,-20,2,400,0.8,0.5,eff,1,35,10,10
5.327510845438027,-13.706802534399266,0.664380693404857,-40.303518319353046,3.9226599999999996,-25.119048906856868,4.764739018564611,-19.165347590950454,0.5,3,-20,2,400,0.8,0.5,eff,1,35,5,10
7.482433334471366,-13.567577996008495,0.664380693404857,-43.75894556231523,3.9226599999999996,-28.629149784087314,4.764739018564611,-20.61022550067748,0.5,3,-20,2,400,0.8,0.5,eff,0.5,6.5,10,10
5.327510845438027,-14.426243307034792,0.664380693404857,-41.02295909198857,3.9226599999999996,-25.849873059365237,4.764739018564611,-19.46617987776711,0.5,3,-20,2,400,0.8,0.5,eff,0.5,6.5,5,10
7.482433334471366,-15.959736888676467,0.664380693404857,-46.1511044549832,3.9226599999999996,-31.0591587051482,4.764739018564611,-21.61050051649138,0.5,3,-20,2,400,0.8,0.5,eff,0.5,35,10,10
5.327510845438027,-17.503507624770375,0.664380693404857,-44.100223409724144,3.9226599999999996,-28.975827513733616,4.764739018564611,-20.75292994447553,0.5,3,-20,2,400,0.8,0.5,eff,0.5,35,5,10
7.482433334471366,-10.590417768632232,0.6968241909147566,-42.82863815415732,3.9226599999999996,-25.24408801009744,4.764739018564611,-19.21681797440755,0.5,3,-20,2,400,0.8,1,eq,1,6.5,10,10
5.327510845438027,-12.316618528951274,0.6968241909147566,-40.94277239482864,3.9226599999999996,-23.32357551063897,4.764739018564611,-18.426269160320086,0.5,3,-20,2,400,0.8,1,eq,1,6.5,5,10
7.482433334471366,-10.590417768632122,0.6968241909147566,-42.82863815415721,3.9226599999999996,-25.24408801009744,4.764739018564611,-19.21681797440755,0.5,3,-20,2,400,0.8,1,eq,1,35,10,10
7.482433334471366,-13.567577996008495,0.6968241909147566,-45.805798381533585,3.9226599999999996,-28.27594401606267,4.764739018564611,-20.464833892385627,0.5,3,-20,2,400,0.8,1,eq,0.5,6.5,10,10
5.327510845438027,-13.706802534399266,0.6968241909147566,-42.33295640027663,3.9226599999999996,-24.739299692337433,4.764739018564611,-19.009029789700204,0.5,3,-20,2,400,0.8,1,eq,1,35,5,10
5.327510845438027,-14.426243307034792,0.6968241909147566,-43.05239717291216,3.9226599999999996,-25.471957883607725,4.764739018564611,-19.310617029774658,0.5,3,-20,2,400,0.8,1,eq,0.5,6.5,5,10
5.327510845438027,-17.503507624770375,0.6968241909147566,-46.12966149064773,3.9226599999999996,-28.605757072001154,4.764739018564611,-20.600596258064652,0.5,3,-20,2,400,0.8,1,eq,0.5,35,5,10
7.482433334471366,-10.590417768632232,0.6968241909147566,-39.54472443102673,3.9226599999999996,-24.46789685683861,4.764739018564611,-18.89731107409476,0.5,3,-20,2,400,0.8,1,eff,1,6.5,10,10
7.482433334471366,-15.959736888676467,0.6968241909147566,-48.197957274201556,3.9226599999999996,-30.71205116252913,4.764739018564611,-21.467619146932293,0.5,3,-20,2,400,0.8,1,eq,0.5,35,10,10
5.327510845438027,-12.316618528951274,0.6968241909147566,-37.73583112266833,3.9226599999999996,-22.630607641329767,4.764739018564611,-18.141019818054495,0.5,3,-20,2,400,0.8,1,eff,1,6.5,5,10
7.482433334471366,-13.567577996008495,0.6968241909147566,-42.521884658402996,3.9226599999999996,-27.491792380964128,4.764739018564611,-20.142050184720706,0.5,3,-20,2,400,0.8,1,eff,0.5,6.5,10,10
5.327510845438027,-14.426243307034792,0.6968241909147566,-39.845455900751844,3.9226599999999996,-24.77334919262275,4.764739018564611,-19.02304573183966,0.5,3,-20,2,400,0.8,1,eff,0.5,6.5,5,10
7.482433334471366,-10.590417768632122,0.6968241909147566,-39.54472443102662,3.9226599999999996,-24.46789685683861,4.764739018564611,-18.89731107409476,0.5,3,-20,2,400,0.8,1,eff,1,35,10,10
5.327510845438027,-13.706802534399266,0.6968241909147566,-39.126015128116315,3.9226599999999996,-24.042614678425483,4.764739018564611,-18.72225034322628,0.5,3,-20,2,400,0.8,1,eff,1,35,5,10
7.482433334471366,-15.959736888676467,0.6968241909147566,-44.914043551070975,3.9226599999999996,-29.9215032518994,4.764739018564611,-21.14220251288057,0.5,3,-20,2,400,0.8,1,eff,0.5,35,10,10
5.327510845438027,-17.503507624770375,0.6968241909147566,-42.922720218487434,3.9226599999999996,-27.898920235854362,4.764739018564611,-20.30963797337415,0.5,3,-20,2,400,0.8,1,eff,0.5,35,5,10
7.482433334471366,-10.590417768632232,0.664380693404857,-44.209967684343624,5.883989999999999,-26.48667270108754,5.74540401856461,-20.881872457366168,0.5,3,-20,2,500,0.7,0.5,eq,1,6.5,10,10
5.327510845438027,-12.316618528951274,0.664380693404857,-42.27098993906767,5.883989999999999,-24.51173901892464,5.74540401856461,-19.87058674108222,0.5,3,-20,2,500,0.7,0.5,eq,1,6.5,5,10
7.482433334471366,-10.590417768632122,0.664380693404857,-44.20996768434352,5.883989999999999,-26.48667270108754,5.74540401856461,-20.881872457366168,0.5,3,-20,2,500,0.7,0.5,eq,1,35,10,10
5.327510845438027,-13.706802534399266,0.664380693404857,-43.66117394451566,5.883989999999999,-25.92770226217043,5.74540401856461,-20.59564572185224,0.5,3,-20,2,500,0.7,0.5,eq,1,35,5,10
5.327510845438027,-14.426243307034792,0.664380693404857,-44.380614717151175,5.883989999999999,-26.660484171130836,5.74540401856461,-20.97087446212642,0.5,3,-20,2,500,0.7,0.5,eq,0.5,6.5,5,10
7.482433334471366,-13.567577996008495,0.664380693404857,-47.187127911719884,5.883989999999999,-29.519040671217272,5.74540401856461,-22.4346286042717,0.5,3,-20,2,500,0.7,0.5,eq,0.5,6.5,10,10
7.482433334471366,-10.590417768632232,0.664380693404857,-40.78178533493897,5.883989999999999,-25.605066380893067,5.74540401856461,-20.430436600531564,0.5,3,-20,2,500,0.7,0.5,eff,1,6.5,10,10
5.327510845438027,-12.316618528951274,0.664380693404857,-38.913334313905054,5.883989999999999,-23.70705171961629,5.74540401856461,-19.458538083846012,0.5,3,-20,2,500,0.7,0.5,eff,1,6.5,5,10
5.327510845438027,-13.706802534399266,0.664380693404857,-40.303518319353046,5.883989999999999,-25.119231966527025,5.74540401856461,-20.181659941261863,0.5,3,-20,2,500,0.7,0.5,eff,1,35,5,10
5.327510845438027,-17.503507624770375,0.664380693404857,-47.45787903488676,5.883989999999999,-29.794812538044923,5.74540401856461,-22.57584051047101,0.5,3,-20,2,500,0.7,0.5,eq,0.5,35,5,10
7.482433334471366,-10.590417768632122,0.664380693404857,-40.78178533493885,5.883989999999999,-25.605066380893067,5.74540401856461,-20.430436600531564,0.5,3,-20,2,500,0.7,0.5,eff,1,35,10,10
7.482433334471366,-15.959736888676467,0.664380693404857,-49.57928680438786,5.883989999999999,-31.95555918247162,5.74540401856461,-23.682273722762105,0.5,3,-20,2,500,0.7,0.5,eq,0.5,35,10,10
5.327510845438027,-14.426243307034792,0.664380693404857,-41.02295909198857,5.883989999999999,-25.850056119243835,5.74540401856461,-20.555886191709227,0.5,3,-20,2,500,0.7,0.5,eff,0.5,6.5,5,10
7.482433334471366,-13.567577996008495,0.664380693404857,-43.75894556231523,5.883989999999999,-28.629332843605667,5.74540401856461,-21.979044284729078,0.5,3,-20,2,500,0.7,0.5,eff,0.5,6.5,10,10
5.327510845438027,-17.503507624770375,0.664380693404857,-44.100223409724144,5.883989999999999,-28.976010573375213,5.74540401856461,-22.15656428929236,0.5,3,-20,2,500,0.7,0.5,eff,0.5,35,5,10
5.327510845438027,-12.316618528951274,0.6968241909147566,-40.94277239482864,5.883989999999999,-23.32377867630854,5.74540401856461,-19.26227906125977,0.5,3,-20,2,500,0.7,1,eq,1,6.5,5,10
7.482433334471366,-15.959736888676467,0.664380693404857,-46.1511044549832,5.883989999999999,-31.059341765108393,5.74540401856461,-23.223356098818538,0.5,3,-20,2,500,0.7,0.5,eff,0.5,35,10,10
7.482433334471366,-10.590417768632232,0.6968241909147566,-42.82863815415732,5.883989999999999,-25.24429117579248,5.74540401856461,-20.24569783436303,0.5,3,-20,2,500,0.7,1,eq,1,6.5,10,10
7.482433334471366,-10.590417768632122,0.6968241909147566,-42.82863815415721,5.883989999999999,-25.24429117579248,5.74540401856461,-20.24569783436303,0.5,3,-20,2,500,0.7,1,eq,1,35,10,10
5.327510845438027,-13.706802534399266,0.6968241909147566,-42.33295640027663,5.883989999999999,-24.73950285814232,5.74540401856461,-19.98721562810102,0.5,3,-20,2,500,0.7,1,eq,1,35,5,10
7.482433334471366,-13.567577996008495,0.6968241909147566,-45.805798381533585,5.883989999999999,-28.27614718172959,5.74540401856461,-21.79819182457954,0.5,3,-20,2,500,0.7,1,eq,0.5,6.5,10,10
5.327510845438027,-14.426243307034792,0.6968241909147566,-43.05239717291216,5.883989999999999,-25.472161049302517,5.74540401856461,-20.36238101736487,0.5,3,-20,2,500,0.7,1,eq,0.5,6.5,5,10
7.482433334471366,-10.590417768632232,0.6968241909147566,-39.54472443102673,5.883989999999999,-24.468069997960786,5.74540401856461,-19.84822555622634,0.5,3,-20,2,500,0.7,1,eff,1,6.5,10,10
7.482433334471366,-15.959736888676467,0.6968241909147566,-48.197957274201556,5.883989999999999,-30.712254328195076,5.74540401856461,-23.045626299371456,0.5,3,-20,2,500,0.7,1,eq,0.5,35,10,10
5.327510845438027,-17.503507624770375,0.6968241909147566,-46.12966149064773,5.883989999999999,-28.605960237667908,5.74540401856461,-21.96707609422699,0.5,3,-20,2,500,0.7,1,eq,0.5,35,5,10
5.327510845438027,-12.316618528951274,0.6968241909147566,-37.73583112266833,5.883989999999999,-22.630780782428097,5.74540401856461,-18.90742214741714,0.5,3,-20,2,500,0.7,1,eff,1,6.5,5,10
5.327510845438027,-14.426243307034792,0.6968241909147566,-39.845455900751844,5.883989999999999,-24.773522333748545,5.74540401856461,-20.004635661019954,0.5,3,-20,2,500,0.7,1,eff,0.5,6.5,5,10
5.327510845438027,-13.706802534399266,0.6968241909147566,-39.126015128116315,5.883989999999999,-24.04278781954246,5.74540401856461,-19.63045531092189,0.5,3,-20,2,500,0.7,1,eff,1,35,5,10
7.482433334471366,-10.590417768632122,0.6968241909147566,-39.54472443102662,5.883989999999999,-24.468069997960782,5.74540401856461,-19.84822555622634,0.5,3,-20,2,500,0.7,1,eff,1,35,10,10
7.482433334471366,-13.567577996008495,0.6968241909147566,-42.521884658402996,5.883989999999999,-27.491965522118612,5.74540401856461,-21.396643297406758,0.5,3,-20,2,500,0.7,1,eff,0.5,6.5,10,10
7.482433334471366,-15.959736888676467,0.6968241909147566,-44.914043551070975,5.883989999999999,-29.92167639307511,5.74540401856461,-22.640802491555977,0.5,3,-20,2,500,0.7,1,eff,0.5,35,10,10
5.327510845438027,-17.503507624770375,0.6968241909147566,-42.922720218487434,5.883989999999999,-27.899093376618318,5.74540401856461,-21.605117428804444,0.5,3,-20,2,500,0.7,1,eff,0.5,35,5,10
7.482433334471366,-10.590417768632232,0.664380693404857,-44.209967684343624,5.883989999999999,-26.48667270108754,5.74540401856461,-20.881872457366168,0.5,3,-20,2,500,0.8,0.5,eq,1,6.5,10,10
5.327510845438027,-12.316618528951274,0.664380693404857,-42.27098993906767,5.883989999999999,-24.51173901892464,5.74540401856461,-19.87058674108222,0.5,3,-20,2,500,0.8,0.5,eq,1,6.5,5,10
5.327510845438027,-13.706802534399266,0.664380693404857,-43.66117394451566,5.883989999999999,-25.92770226217043,5.74540401856461,-20.59564572185224,0.5,3,-20,2,500,0.8,0.5,eq,1,35,5,10
7.482433334471366,-10.590417768632122,0.664380693404857,-44.20996768434352,5.883989999999999,-26.48667270108754,5.74540401856461,-20.881872457366168,0.5,3,-20,2,500,0.8,0.5,eq,1,35,10,10
7.482433334471366,-13.567577996008495,0.664380693404857,-47.187127911719884,5.883989999999999,-29.519040671217272,5.74540401856461,-22.4346286042717,0.5,3,-20,2,500,0.8,0.5,eq,0.5,6.5,10,10
5.327510845438027,-14.426243307034792,0.664380693404857,-44.380614717151175,5.883989999999999,-26.660484171130836,5.74540401856461,-20.97087446212642,0.5,3,-20,2,500,0.8,0.5,eq,0.5,6.5,5,10
5.327510845438027,-12.316618528951274,0.664380693404857,-38.913334313905054,5.883989999999999,-23.70705171961629,5.74540401856461,-19.458538083846012,0.5,3,-20,2,500,0.8,0.5,eff,1,6.5,5,10
5.327510845438027,-14.426243307034792,0.664380693404857,-41.02295909198857,5.883989999999999,-25.850056119243835,5.74540401856461,-20.555886191709227,0.5,3,-20,2,500,0.8,0.5,eff,0.5,6.5,5,10
7.482433334471366,-15.959736888676467,0.664380693404857,-49.57928680438786,5.883989999999999,-31.95555918247162,5.74540401856461,-23.682273722762105,0.5,3,-20,2,500,0.8,0.5,eq,0.5,35,10,10
7.482433334471366,-15.959736888676467,0.664380693404857,-46.1511044549832,5.883989999999999,-31.059341765108393,5.74540401856461,-23.223356098818538,0.5,3,-20,2,500,0.8,0.5,eff,0.5,35,10,10
7.482433334471366,-10.590417768632122,0.664380693404857,-40.78178533493885,5.883989999999999,-25.605066380893067,5.74540401856461,-20.430436600531564,0.5,3,-20,2,500,0.8,0.5,eff,1,35,10,10
7.482433334471366,-13.567577996008495,0.664380693404857,-43.75894556231523,5.883989999999999,-28.629332843605667,5.74540401856461,-21.979044284729078,0.5,3,-20,2,500,0.8,0.5,eff,0.5,6.5,10,10
5.327510845438027,-13.706802534399266,0.664380693404857,-40.303518319353046,5.883989999999999,-25.119231966527025,5.74540401856461,-20.181659941261863,0.5,3,-20,2,500,0.8,0.5,eff,1,35,5,10
5.327510845438027,-17.503507624770375,0.664380693404857,-47.45787903488676,5.883989999999999,-29.794812538044923,5.74540401856461,-22.57584051047101,0.5,3,-20,2,500,0.8,0.5,eq,0.5,35,5,10
5.327510845438027,-17.503507624770375,0.664380693404857,-44.100223409724144,5.883989999999999,-28.976010573375213,5.74540401856461,-22.15656428929236,0.5,3,-20,2,500,0.8,0.5,eff,0.5,35,5,10
5.327510845438027,-12.316618528951274,0.6968241909147566,-40.94277239482864,5.883989999999999,-23.32377867630854,5.74540401856461,-19.26227906125977,0.5,3,-20,2,500,0.8,1,eq,1,6.5,5,10
7.482433334471366,-10.590417768632232,0.664380693404857,-40.78178533493897,5.883989999999999,-25.605066380893067,5.74540401856461,-20.430436600531564,0.5,3,-20,2,500,0.8,0.5,eff,1,6.5,10,10
7.482433334471366,-10.590417768632232,0.6968241909147566,-42.82863815415732,5.883989999999999,-25.24429117579248,5.74540401856461,-20.24569783436303,0.5,3,-20,2,500,0.8,1,eq,1,6.5,10,10
7.482433334471366,-15.959736888676467,0.6968241909147566,-48.197957274201556,5.883989999999999,-30.712254328195076,5.74540401856461,-23.045626299371456,0.5,3,-20,2,500,0.8,1,eq,0.5,35,10,10
7.482433334471366,-10.590417768632122,0.6968241909147566,-42.82863815415721,5.883989999999999,-25.24429117579248,5.74540401856461,-20.24569783436303,0.5,3,-20,2,500,0.8,1,eq,1,35,10,10
5.327510845438027,-13.706802534399266,0.6968241909147566,-42.33295640027663,5.883989999999999,-24.73950285814232,5.74540401856461,-19.98721562810102,0.5,3,-20,2,500,0.8,1,eq,1,35,5,10
5.327510845438027,-17.503507624770375,0.6968241909147566,-46.12966149064773,5.883989999999999,-28.605960237667908,5.74540401856461,-21.96707609422699,0.5,3,-20,2,500,0.8,1,eq,0.5,35,5,10
5.327510845438027,-14.426243307034792,0.6968241909147566,-43.05239717291216,5.883989999999999,-25.472161049302517,5.74540401856461,-20.36238101736487,0.5,3,-20,2,500,0.8,1,eq,0.5,6.5,5,10
7.482433334471366,-10.590417768632232,0.6968241909147566,-39.54472443102673,5.883989999999999,-24.468069997960786,5.74540401856461,-19.84822555622634,0.5,3,-20,2,500,0.8,1,eff,1,6.5,10,10
7.482433334471366,-13.567577996008495,0.6968241909147566,-45.805798381533585,5.883989999999999,-28.27614718172959,5.74540401856461,-21.79819182457954,0.5,3,-20,2,500,0.8,1,eq,0.5,6.5,10,10
5.327510845438027,-12.316618528951274,0.6968241909147566,-37.73583112266833,5.883989999999999,-22.630780782428097,5.74540401856461,-18.90742214741714,0.5,3,-20,2,500,0.8,1,eff,1,6.5,5,10
7.482433334471366,-10.590417768632122,0.6968241909147566,-39.54472443102662,5.883989999999999,-24.468069997960782,5.74540401856461,-19.84822555622634,0.5,3,-20,2,500,0.8,1,eff,1,35,10,10
5.327510845438027,-14.426243307034792,0.6968241909147566,-39.845455900751844,5.883989999999999,-24.773522333748545,5.74540401856461,-20.004635661019954,0.5,3,-20,2,500,0.8,1,eff,0.5,6.5,5,10
7.482433334471366,-13.567577996008495,0.6968241909147566,-42.521884658402996,5.883989999999999,-27.491965522118612,5.74540401856461,-21.396643297406758,0.5,3,-20,2,500,0.8,1,eff,0.5,6.5,10,10
7.482433334471366,-15.959736888676467,0.6968241909147566,-44.914043551070975,5.883989999999999,-29.92167639307511,5.74540401856461,-22.640802491555977,0.5,3,-20,2,500,0.8,1,eff,0.5,35,10,10
5.327510845438027,-13.706802534399266,0.6968241909147566,-39.126015128116315,5.883989999999999,-24.04278781954246,5.74540401856461,-19.63045531092189,0.5,3,-20,2,500,0.8,1,eff,1,35,5,10
7.482433334471366,-10.590417768632232,0.664380693404857,-44.209967684343624,19.613300000000002,-26.488178524937528,12.610059018564613,-23.93418070174935,0.5,3,-20,10,400,0.7,0.5,eq,1,6.5,10,10
5.327510845438027,-17.503507624770375,0.6968241909147566,-42.922720218487434,5.883989999999999,-27.899093376618318,5.74540401856461,-21.605117428804444,0.5,3,-20,2,500,0.8,1,eff,0.5,35,5,10
7.482433334471366,-10.590417768632122,0.664380693404857,-44.20996768434352,19.613300000000002,-26.488178524937528,12.610059018564613,-23.93418070174935,0.5,3,-20,10,400,0.7,0.5,eq,1,35,10,10
5.327510845438027,-12.316618528951274,0.664380693404857,-42.27098993906767,19.613300000000002,-24.513244842872258,12.610059018564613,-22.398304988184957,0.5,3,-20,10,400,0.7,0.5,eq,1,6.5,5,10
5.327510845438027,-13.706802534399266,0.664380693404857,-43.66117394451566,19.613300000000002,-25.92920808612151,12.610059018564613,-23.499477942170998,0.5,3,-20,10,400,0.7,0.5,eq,1,35,5,10
7.482433334471366,-13.567577996008495,0.664380693404857,-47.187127911719884,19.613300000000002,-29.52054649517598,12.610059018564613,-26.292406885430108,0.5,3,-20,10,400,0.7,0.5,eq,0.5,6.5,10,10
7.482433334471366,-15.959736888676467,0.664380693404857,-49.57928680438786,19.613300000000002,-31.9570650063377,12.610059018564613,-28.18725005962186,0.5,3,-20,10,400,0.7,0.5,eq,0.5,35,10,10
7.482433334471366,-10.590417768632232,0.664380693404857,-40.78178533493897,19.613300000000002,-25.606347798482297,12.610059018564613,-23.248394435335996,0.5,3,-20,10,400,0.7,0.5,eff,1,6.5,10,10
5.327510845438027,-12.316618528951274,0.664380693404857,-38.913334313905054,19.613300000000002,-23.708333137548507,12.610059018564613,-21.772337467859227,0.5,3,-20,10,400,0.7,0.5,eff,1,6.5,5,10
5.327510845438027,-17.503507624770375,0.664380693404857,-47.45787903488676,19.613300000000002,-29.796318362002296,12.610059018564613,-26.506870447720377,0.5,3,-20,10,400,0.7,0.5,eq,0.5,35,5,10
5.327510845438027,-14.426243307034792,0.664380693404857,-44.380614717151175,19.613300000000002,-26.661989995116432,12.610059018564613,-24.06935122327669,0.5,3,-20,10,400,0.7,0.5,eq,0.5,6.5,5,10
5.327510845438027,-14.426243307034792,0.664380693404857,-41.02295909198857,19.613300000000002,-25.851337536828918,12.610059018564613,-23.438919207188324,0.5,3,-20,10,400,0.7,0.5,eff,0.5,6.5,5,10
5.327510845438027,-12.316618528951274,0.6968241909147566,-40.94277239482864,19.613300000000002,-23.325200836490197,12.610059018564613,-21.474381338181804,0.5,3,-20,10,400,0.7,1,eq,1,6.5,5,10
7.482433334471366,-10.590417768632122,0.664380693404857,-40.78178533493885,19.613300000000002,-25.606347798482293,12.610059018564613,-23.248394435335996,0.5,3,-20,10,400,0.7,0.5,eff,1,35,10,10
7.482433334471366,-13.567577996008495,0.664380693404857,-43.75894556231523,19.613300000000002,-28.630614261551045,12.610059018564613,-25.60032020082137,0.5,3,-20,10,400,0.7,0.5,eff,0.5,6.5,10,10
5.327510845438027,-13.706802534399266,0.664380693404857,-40.303518319353046,19.613300000000002,-25.12051338432058,12.610059018564613,-22.87056844335411,0.5,3,-20,10,400,0.7,0.5,eff,1,35,5,10
7.482433334471366,-15.959736888676467,0.664380693404857,-46.1511044549832,19.613300000000002,-31.06062318261192,12.610059018564613,-27.490100966370502,0.5,3,-20,10,400,0.7,0.5,eff,0.5,35,10,10
7.482433334471366,-10.590417768632232,0.6968241909147566,-42.82863815415732,19.613300000000002,-25.24571333562439,12.610059018564613,-22.967934530273126,0.5,3,-20,10,400,0.7,1,eq,1,6.5,10,10
5.327510845438027,-17.503507624770375,0.664380693404857,-44.100223409724144,19.613300000000002,-28.977291991197355,12.610059018564613,-25.869926167964795,0.5,3,-20,10,400,0.7,0.5,eff,0.5,35,5,10
7.482433334471366,-10.590417768632122,0.6968241909147566,-42.82863815415721,19.613300000000002,-25.24571333562439,12.610059018564613,-22.967934530273126,0.5,3,-20,10,400,0.7,1,eq,1,35,10,10
5.327510845438027,-13.706802534399266,0.6968241909147566,-42.33295640027663,19.613300000000002,-24.740925018013307,12.610059018564613,-22.575368377520498,0.5,3,-20,10,400,0.7,1,eq,1,35,5,10
5.327510845438027,-17.503507624770375,0.6968241909147566,-46.12966149064773,19.613300000000002,-28.60738239790144,12.610059018564613,-25.582253135843835,0.5,3,-20,10,400,0.7,1,eq,0.5,35,5,10
7.482433334471366,-13.567577996008495,0.6968241909147566,-45.805798381533585,19.613300000000002,-28.277569341966128,12.610059018564613,-25.325762567462885,0.5,3,-20,10,400,0.7,1,eq,0.5,6.5,10,10
7.482433334471366,-10.590417768632232,0.6968241909147566,-39.54472443102673,19.613300000000002,-24.469281984527626,12.610059018564613,-22.36411574575947,0.5,3,-20,10,400,0.7,1,eff,1,6.5,10,10
7.482433334471366,-15.959736888676467,0.6968241909147566,-48.197957274201556,19.613300000000002,-30.713676488451966,12.610059018564613,-27.22028582963909,0.5,3,-20,10,400,0.7,1,eq,0.5,35,10,10
5.327510845438027,-12.316618528951274,0.6968241909147566,-37.73583112266833,19.613300000000002,-22.631992769018762,12.610059018564613,-20.935284028259616,0.5,3,-20,10,400,0.7,1,eff,1,6.5,5,10
5.327510845438027,-14.426243307034792,0.6968241909147566,-43.05239717291216,19.613300000000002,-25.473583209475823,12.610059018564613,-23.145145445393702,0.5,3,-20,10,400,0.7,1,eq,0.5,6.5,5,10
7.482433334471366,-10.590417768632122,0.6968241909147566,-39.54472443102662,19.613300000000002,-24.469281984527626,12.610059018564613,-22.36411574575947,0.5,3,-20,10,400,0.7,1,eff,1,35,10,10
5.327510845438027,-14.426243307034792,0.6968241909147566,-39.845455900751844,19.613300000000002,-24.77473432031177,12.610059018564613,-22.601661354729853,0.5,3,-20,10,400,0.7,1,eff,0.5,6.5,5,10
5.327510845438027,-13.706802534399266,0.6968241909147566,-39.126015128116315,19.613300000000002,-24.043999806123818,12.610059018564613,-22.03338030124624,0.5,3,-20,10,400,0.7,1,eff,1,35,5,10
7.482433334471366,-13.567577996008495,0.6968241909147566,-42.521884658402996,19.613300000000002,-27.493177508653247,12.610059018564613,-24.715753037703124,0.5,3,-20,10,400,0.7,1,eff,0.5,6.5,10,10
5.327510845438027,-12.316618528951274,0.664380693404857,-42.27098993906767,19.613300000000002,-24.513244842872258,12.610059018564613,-22.398304988184957,0.5,3,-20,10,400,0.8,0.5,eq,1,6.5,5,10
7.482433334471366,-10.590417768632232,0.664380693404857,-44.209967684343624,19.613300000000002,-26.488178524937528,12.610059018564613,-23.93418070174935,0.5,3,-20,10,400,0.8,0.5,eq,1,6.5,10,10
7.482433334471366,-10.590417768632122,0.664380693404857,-44.20996768434352,19.613300000000002,-26.488178524937528,12.610059018564613,-23.93418070174935,0.5,3,-20,10,400,0.8,0.5,eq,1,35,10,10
7.482433334471366,-15.959736888676467,0.6968241909147566,-44.914043551070975,19.613300000000002,-29.922888379588425,12.610059018564613,-26.605302014228837,0.5,3,-20,10,400,0.7,1,eff,0.5,35,10,10
5.327510845438027,-17.503507624770375,0.6968241909147566,-42.922720218487434,19.613300000000002,-27.9003053635434,12.610059018564613,-25.032370142530347,0.5,3,-20,10,400,0.7,1,eff,0.5,35,5,10
5.327510845438027,-14.426243307034792,0.664380693404857,-44.380614717151175,19.613300000000002,-26.661989995116432,12.610059018564613,-24.06935122327669,0.5,3,-20,10,400,0.8,0.5,eq,0.5,6.5,5,10
5.327510845438027,-13.706802534399266,0.664380693404857,-43.66117394451566,19.613300000000002,-25.92920808612151,12.610059018564613,-23.499477942170998,0.5,3,-20,10,400,0.8,0.5,eq,1,35,5,10
7.482433334471366,-13.567577996008495,0.664380693404857,-47.187127911719884,19.613300000000002,-29.52054649517598,12.610059018564613,-26.292406885430108,0.5,3,-20,10,400,0.8,0.5,eq,0.5,6.5,10,10
5.327510845438027,-17.503507624770375,0.664380693404857,-47.45787903488676,19.613300000000002,-29.796318362002296,12.610059018564613,-26.506870447720377,0.5,3,-20,10,400,0.8,0.5,eq,0.5,35,5,10
7.482433334471366,-15.959736888676467,0.664380693404857,-49.57928680438786,19.613300000000002,-31.9570650063377,12.610059018564613,-28.18725005962186,0.5,3,-20,10,400,0.8,0.5,eq,0.5,35,10,10
7.482433334471366,-10.590417768632232,0.664380693404857,-40.78178533493897,19.613300000000002,-25.606347798482297,12.610059018564613,-23.248394435335996,0.5,3,-20,10,400,0.8,0.5,eff,1,6.5,10,10
7.482433334471366,-10.590417768632122,0.664380693404857,-40.78178533493885,19.613300000000002,-25.606347798482293,12.610059018564613,-23.248394435335996,0.5,3,-20,10,400,0.8,0.5,eff,1,35,10,10
5.327510845438027,-12.316618528951274,0.664380693404857,-38.913334313905054,19.613300000000002,-23.708333137548507,12.610059018564613,-21.772337467859227,0.5,3,-20,10,400,0.8,0.5,eff,1,6.5,5,10
5.327510845438027,-13.706802534399266,0.664380693404857,-40.303518319353046,19.613300000000002,-25.12051338432058,12.610059018564613,-22.87056844335411,0.5,3,-20,10,400,0.8,0.5,eff,1,35,5,10
5.327510845438027,-14.426243307034792,0.664380693404857,-41.02295909198857,19.613300000000002,-25.851337536828918,12.610059018564613,-23.438919207188324,0.5,3,-20,10,400,0.8,0.5,eff,0.5,6.5,5,10
7.482433334471366,-13.567577996008495,0.664380693404857,-43.75894556231523,19.613300000000002,-28.630614261551045,12.610059018564613,-25.60032020082137,0.5,3,-20,10,400,0.8,0.5,eff,0.5,6.5,10,10
5.327510845438027,-17.503507624770375,0.664380693404857,-44.100223409724144,19.613300000000002,-28.977291991197355,12.610059018564613,-25.869926167964795,0.5,3,-20,10,400,0.8,0.5,eff,0.5,35,5,10
7.482433334471366,-10.590417768632232,0.6968241909147566,-42.82863815415732,19.613300000000002,-25.24571333562439,12.610059018564613,-22.967934530273126,0.5,3,-20,10,400,0.8,1,eq,1,6.5,10,10
5.327510845438027,-13.706802534399266,0.6968241909147566,-42.33295640027663,19.613300000000002,-24.740925018013307,12.610059018564613,-22.575368377520498,0.5,3,-20,10,400,0.8,1,eq,1,35,5,10
5.327510845438027,-12.316618528951274,0.6968241909147566,-40.94277239482864,19.613300000000002,-23.325200836490197,12.610059018564613,-21.474381338181804,0.5,3,-20,10,400,0.8,1,eq,1,6.5,5,10
7.482433334471366,-15.959736888676467,0.664380693404857,-46.1511044549832,19.613300000000002,-31.06062318261192,12.610059018564613,-27.490100966370502,0.5,3,-20,10,400,0.8,0.5,eff,0.5,35,10,10
7.482433334471366,-15.959736888676467,0.6968241909147566,-48.197957274201556,19.613300000000002,-30.713676488451966,12.610059018564613,-27.22028582963909,0.5,3,-20,10,400,0.8,1,eq,0.5,35,10,10
7.482433334471366,-10.590417768632122,0.6968241909147566,-42.82863815415721,19.613300000000002,-25.24571333562439,12.610059018564613,-22.967934530273126,0.5,3,-20,10,400,0.8,1,eq,1,35,10,10
5.327510845438027,-17.503507624770375,0.6968241909147566,-46.12966149064773,19.613300000000002,-28.60738239790144,12.610059018564613,-25.582253135843835,0.5,3,-20,10,400,0.8,1,eq,0.5,35,5,10
7.482433334471366,-13.567577996008495,0.6968241909147566,-45.805798381533585,19.613300000000002,-28.277569341966128,12.610059018564613,-25.325762567462885,0.5,3,-20,10,400,0.8,1,eq,0.5,6.5,10,10
5.327510845438027,-12.316618528951274,0.6968241909147566,-37.73583112266833,19.613300000000002,-22.631992769018762,12.610059018564613,-20.935284028259616,0.5,3,-20,10,400,0.8,1,eff,1,6.5,5,10
5.327510845438027,-14.426243307034792,0.6968241909147566,-43.05239717291216,19.613300000000002,-25.473583209475823,12.610059018564613,-23.145145445393702,0.5,3,-20,10,400,0.8,1,eq,0.5,6.5,5,10
7.482433334471366,-10.590417768632232,0.6968241909147566,-39.54472443102673,19.613300000000002,-24.469281984527626,12.610059018564613,-22.36411574575947,0.5,3,-20,10,400,0.8,1,eff,1,6.5,10,10
5.327510845438027,-13.706802534399266,0.6968241909147566,-39.126015128116315,19.613300000000002,-24.043999806123818,12.610059018564613,-22.03338030124624,0.5,3,-20,10,400,0.8,1,eff,1,35,5,10
7.482433334471366,-13.567577996008495,0.6968241909147566,-42.521884658402996,19.613300000000002,-27.493177508653247,12.610059018564613,-24.715753037703124,0.5,3,-20,10,400,0.8,1,eff,0.5,6.5,10,10
7.482433334471366,-10.590417768632122,0.6968241909147566,-39.54472443102662,19.613300000000002,-24.469281984527626,12.610059018564613,-22.36411574575947,0.5,3,-20,10,400,0.8,1,eff,1,35,10,10
5.327510845438027,-14.426243307034792,0.6968241909147566,-39.845455900751844,19.613300000000002,-24.77473432031177,12.610059018564613,-22.601661354729853,0.5,3,-20,10,400,0.8,1,eff,0.5,6.5,5,10
7.482433334471366,-15.959736888676467,0.6968241909147566,-44.914043551070975,19.613300000000002,-29.922888379588425,12.610059018564613,-26.605302014228837,0.5,3,-20,10,400,0.8,1,eff,0.5,35,10,10
7.482433334471366,-10.590417768632232,0.664380693404857,-44.209967684343624,29.41995,-26.48925411352047,17.51338401856461,-24.650141891445987,0.5,3,-20,10,500,0.7,0.5,eq,1,6.5,10,10
5.327510845438027,-13.706802534399266,0.664380693404857,-43.66117394451566,29.41995,-25.930283674603643,17.51338401856461,-24.18064717965929,0.5,3,-20,10,500,0.7,0.5,eq,1,35,5,10
5.327510845438027,-17.503507624770375,0.6968241909147566,-42.922720218487434,19.613300000000002,-27.9003053635434,12.610059018564613,-25.032370142530347,0.5,3,-20,10,400,0.8,1,eff,0.5,35,5,10
5.327510845438027,-12.316618528951274,0.664380693404857,-42.27098993906767,29.41995,-24.514320431356655,17.51338401856461,-22.99134053926366,0.5,3,-20,10,500,0.7,0.5,eq,1,6.5,5,10
5.327510845438027,-17.503507624770375,0.664380693404857,-47.45787903488676,29.41995,-29.797393950456765,17.51338401856461,-27.428739919460156,0.5,3,-20,10,500,0.7,0.5,eq,0.5,35,5,10
7.482433334471366,-15.959736888676467,0.664380693404857,-49.57928680438786,29.41995,-31.95814059489683,17.51338401856461,-29.24361071127035,0.5,3,-20,10,500,0.7,0.5,eq,0.5,35,10,10
7.482433334471366,-13.567577996008495,0.664380693404857,-47.187127911719884,29.41995,-29.521622083651515,17.51338401856461,-27.19711151103221,0.5,3,-20,10,500,0.7,0.5,eq,0.5,6.5,10,10
7.482433334471366,-10.590417768632232,0.664380693404857,-40.78178533493897,29.41995,-25.60726309708813,17.51338401856461,-23.90933327398015,0.5,3,-20,10,500,0.7,0.5,eff,1,6.5,10,10
7.482433334471366,-10.590417768632122,0.664380693404857,-44.20996768434352,29.41995,-26.48925411352047,17.51338401856461,-24.650141891445987,0.5,3,-20,10,500,0.7,0.5,eq,1,35,10,10
5.327510845438027,-14.426243307034792,0.664380693404857,-44.380614717151175,29.41995,-26.66306558357224,17.51338401856461,-24.796130946243444,0.5,3,-20,10,500,0.7,0.5,eq,0.5,6.5,5,10
5.327510845438027,-12.316618528951274,0.664380693404857,-38.913334313905054,29.41995,-23.709248435811745,17.51338401856461,-22.31513833213372,0.5,3,-20,10,500,0.7,0.5,eff,1,6.5,5,10
7.482433334471366,-10.590417768632122,0.664380693404857,-40.78178533493885,29.41995,-25.60726309708813,17.51338401856461,-23.90933327398015,0.5,3,-20,10,500,0.7,0.5,eff,1,35,10,10
5.327510845438027,-13.706802534399266,0.664380693404857,-40.303518319353046,29.41995,-25.12142868272258,17.51338401856461,-23.501267529411173,0.5,3,-20,10,500,0.7,0.5,eff,1,35,5,10
7.482433334471366,-13.567577996008495,0.664380693404857,-43.75894556231523,29.41995,-28.63152955980077,17.51338401856461,-26.449498213701794,0.5,3,-20,10,500,0.7,0.5,eff,0.5,6.5,10,10
7.482433334471366,-15.959736888676467,0.664380693404857,-46.1511044549832,29.41995,-31.06153848130389,17.51338401856461,-28.49052982970457,0.5,3,-20,10,500,0.7,0.5,eff,0.5,35,10,10
5.327510845438027,-14.426243307034792,0.664380693404857,-41.02295909198857,29.41995,-25.85225283543928,17.51338401856461,-24.115106922441342,0.5,3,-20,10,500,0.7,0.5,eff,0.5,6.5,5,10
7.482433334471366,-10.590417768632122,0.6968241909147566,-42.82863815415721,29.41995,-25.24672916415354,17.51338401856461,-23.606510864872867,0.5,3,-20,10,500,0.7,1,eq,1,35,10,10
5.327510845438027,-12.316618528951274,0.6968241909147566,-40.94277239482864,29.41995,-23.32621666488611,17.51338401856461,-21.993419367452137,0.5,3,-20,10,500,0.7,1,eq,1,6.5,5,10
7.482433334471366,-10.590417768632232,0.6968241909147566,-42.82863815415732,29.41995,-25.24672916415354,17.51338401856461,-23.606510864872867,0.5,3,-20,10,500,0.7,1,eq,1,6.5,10,10
5.327510845438027,-17.503507624770375,0.664380693404857,-44.100223409724144,29.41995,-28.97820728957069,17.51338401856461,-26.740682415028473,0.5,3,-20,10,500,0.7,0.5,eff,0.5,35,5,10
7.482433334471366,-13.567577996008495,0.6968241909147566,-45.805798381533585,29.41995,-28.278585170467895,17.51338401856461,-26.153050471907747,0.5,3,-20,10,500,0.7,1,eq,0.5,6.5,10,10
5.327510845438027,-14.426243307034792,0.6968241909147566,-43.05239717291216,29.41995,-25.47459903786318,17.51338401856461,-23.797905066128887,0.5,3,-20,10,500,0.7,1,eq,0.5,6.5,5,10
5.327510845438027,-13.706802534399266,0.6968241909147566,-42.33295640027663,29.41995,-24.741940846703795,17.51338401856461,-23.182525213550132,0.5,3,-20,10,500,0.7,1,eq,1,35,5,10
7.482433334471366,-15.959736888676467,0.6968241909147566,-48.197957274201556,29.41995,-30.714692316906582,17.51338401856461,-28.199204155481937,0.5,3,-20,10,500,0.7,1,eq,0.5,35,10,10
7.482433334471366,-10.590417768632232,0.6968241909147566,-39.54472443102673,29.41995,-24.470147689494326,17.51338401856461,-22.95423863321333,0.5,3,-20,10,500,0.7,1,eff,1,6.5,10,10
5.327510845438027,-12.316618528951274,0.6968241909147566,-37.73583112266833,29.41995,-22.632858473961655,17.51338401856461,-21.41104867063348,0.5,3,-20,10,500,0.7,1,eff,1,6.5,5,10
5.327510845438027,-17.503507624770375,0.6968241909147566,-46.12966149064773,29.41995,-28.60839822637714,17.51338401856461,-26.430069567815018,0.5,3,-20,10,500,0.7,1,eq,0.5,35,5,10
7.482433334471366,-10.590417768632122,0.6968241909147566,-39.54472443102662,29.41995,-24.470147689494326,17.51338401856461,-22.95423863321333,0.5,3,-20,10,500,0.7,1,eff,1,35,10,10
5.327510845438027,-13.706802534399266,0.6968241909147566,-39.126015128116315,29.41995,-24.044865511085327,17.51338401856461,-22.597032384226278,0.5,3,-20,10,500,0.7,1,eff,1,35,5,10
7.482433334471366,-13.567577996008495,0.6968241909147566,-42.521884658402996,29.41995,-27.494043213652247,17.51338401856461,-25.49409201139674,0.5,3,-20,10,500,0.7,1,eff,0.5,6.5,10,10
5.327510845438027,-14.426243307034792,0.6968241909147566,-39.845455900751844,29.41995,-24.775600025282092,17.51338401856461,-23.21079648738744,0.5,3,-20,10,500,0.7,1,eff,0.5,6.5,5,10
7.482433334471366,-15.959736888676467,0.6968241909147566,-44.914043551070975,29.41995,-29.923754084608657,17.51338401856461,-27.534873286512607,0.5,3,-20,10,500,0.7,1,eff,0.5,35,10,10
7.482433334471366,-10.590417768632232,0.664380693404857,-44.209967684343624,29.41995,-26.48925411352047,17.51338401856461,-24.650141891445987,0.5,3,-20,10,500,0.8,0.5,eq,1,6.5,10,10
5.327510845438027,-12.316618528951274,0.664380693404857,-42.27098993906767,29.41995,-24.514320431356655,17.51338401856461,-22.99134053926366,0.5,3,-20,10,500,0.8,0.5,eq,1,6.5,5,10
5.327510845438027,-17.503507624770375,0.6968241909147566,-42.922720218487434,29.41995,-27.90117106815185,17.51338401856461,-25.836049942265184,0.5,3,-20,10,500,0.7,1,eff,0.5,35,5,10
7.482433334471366,-10.590417768632122,0.664380693404857,-44.20996768434352,29.41995,-26.48925411352047,17.51338401856461,-24.650141891445987,0.5,3,-20,10,500,0.8,0.5,eq,1,35,10,10
5.327510845438027,-14.426243307034792,0.664380693404857,-44.380614717151175,29.41995,-26.66306558357224,17.51338401856461,-24.796130946243444,0.5,3,-20,10,500,0.8,0.5,eq,0.5,6.5,5,10
5.327510845438027,-13.706802534399266,0.664380693404857,-43.66117394451566,29.41995,-25.930283674603643,17.51338401856461,-24.18064717965929,0.5,3,-20,10,500,0.8,0.5,eq,1,35,5,10
7.482433334471366,-15.959736888676467,0.664380693404857,-49.57928680438786,29.41995,-31.95814059489683,17.51338401856461,-29.24361071127035,0.5,3,-20,10,500,0.8,0.5,eq,0.5,35,10,10
7.482433334471366,-13.567577996008495,0.664380693404857,-47.187127911719884,29.41995,-29.521622083651515,17.51338401856461,-27.19711151103221,0.5,3,-20,10,500,0.8,0.5,eq,0.5,6.5,10,10
5.327510845438027,-12.316618528951274,0.664380693404857,-38.913334313905054,29.41995,-23.709248435811745,17.51338401856461,-22.31513833213372,0.5,3,-20,10,500,0.8,0.5,eff,1,6.5,5,10
5.327510845438027,-17.503507624770375,0.664380693404857,-47.45787903488676,29.41995,-29.797393950456765,17.51338401856461,-27.428739919460156,0.5,3,-20,10,500,0.8,0.5,eq,0.5,35,5,10
7.482433334471366,-10.590417768632232,0.664380693404857,-40.78178533493897,29.41995,-25.60726309708813,17.51338401856461,-23.90933327398015,0.5,3,-20,10,500,0.8,0.5,eff,1,6.5,10,10
7.482433334471366,-10.590417768632122,0.664380693404857,-40.78178533493885,29.41995,-25.60726309708813,17.51338401856461,-23.90933327398015,0.5,3,-20,10,500,0.8,0.5,eff,1,35,10,10
5.327510845438027,-13.706802534399266,0.664380693404857,-40.303518319353046,29.41995,-25.12142868272258,17.51338401856461,-23.501267529411173,0.5,3,-20,10,500,0.8,0.5,eff,1,35,5,10
7.482433334471366,-13.567577996008495,0.664380693404857,-43.75894556231523,29.41995,-28.63152955980077,17.51338401856461,-26.449498213701794,0.5,3,-20,10,500,0.8,0.5,eff,0.5,6.5,10,10
7.482433334471366,-15.959736888676467,0.664380693404857,-46.1511044549832,29.41995,-31.06153848130389,17.51338401856461,-28.49052982970457,0.5,3,-20,10,500,0.8,0.5,eff,0.5,35,10,10
5.327510845438027,-14.426243307034792,0.664380693404857,-41.02295909198857,29.41995,-25.85225283543928,17.51338401856461,-24.115106922441342,0.5,3,-20,10,500,0.8,0.5,eff,0.5,6.5,5,10
5.327510845438027,-17.503507624770375,0.664380693404857,-44.100223409724144,29.41995,-28.97820728957069,17.51338401856461,-26.740682415028473,0.5,3,-20,10,500,0.8,0.5,eff,0.5,35,5,10
5.327510845438027,-12.316618528951274,0.6968241909147566,-40.94277239482864,29.41995,-23.32621666488611,17.51338401856461,-21.993419367452137,0.5,3,-20,10,500,0.8,1,eq,1,6.5,5,10
7.482433334471366,-10.590417768632232,0.6968241909147566,-42.82863815415732,29.41995,-25.24672916415354,17.51338401856461,-23.606510864872867,0.5,3,-20,10,500,0.8,1,eq,1,6.5,10,10
5.327510845438027,-13.706802534399266,0.6968241909147566,-42.33295640027663,29.41995,-24.741940846703795,17.51338401856461,-23.182525213550132,0.5,3,-20,10,500,0.8,1,eq,1,35,5,10
7.482433334471366,-10.590417768632122,0.6968241909147566,-42.82863815415721,29.41995,-25.24672916415354,17.51338401856461,-23.606510864872867,0.5,3,-20,10,500,0.8,1,eq,1,35,10,10
7.482433334471366,-13.567577996008495,0.6968241909147566,-45.805798381533585,29.41995,-28.278585170467895,17.51338401856461,-26.153050471907747,0.5,3,-20,10,500,0.8,1,eq,0.5,6.5,10,10
5.327510845438027,-13.706802534399266,0.6968241909147566,-39.126015128116315,29.41995,-24.044865511085327,17.51338401856461,-22.597032384226278,0.5,3,-20,10,500,0.8,1,eff,1,35,5,10
5.327510845438027,-17.503507624770375,0.6968241909147566,-46.12966149064773,29.41995,-28.60839822637714,17.51338401856461,-26.430069567815018,0.5,3,-20,10,500,0.8,1,eq,0.5,35,5,10
7.482433334471366,-10.590417768632232,0.6968241909147566,-39.54472443102673,29.41995,-24.470147689494326,17.51338401856461,-22.95423863321333,0.5,3,-20,10,500,0.8,1,eff,1,6.5,10,10
7.482433334471366,-15.959736888676467,0.6968241909147566,-48.197957274201556,29.41995,-30.714692316906582,17.51338401856461,-28.199204155481937,0.5,3,-20,10,500,0.8,1,eq,0.5,35,10,10
5.327510845438027,-14.426243307034792,0.6968241909147566,-43.05239717291216,29.41995,-25.47459903786318,17.51338401856461,-23.797905066128887,0.5,3,-20,10,500,0.8,1,eq,0.5,6.5,5,10
5.327510845438027,-12.316618528951274,0.6968241909147566,-37.73583112266833,29.41995,-22.632858473961655,17.51338401856461,-21.41104867063348,0.5,3,-20,10,500,0.8,1,eff,1,6.5,5,10
7.482433334471366,-10.590417768632122,0.6968241909147566,-39.54472443102662,29.41995,-24.470147689494326,17.51338401856461,-22.95423863321333,0.5,3,-20,10,500,0.8,1,eff,1,35,10,10
7.482433334471366,-13.567577996008495,0.6968241909147566,-42.521884658402996,29.41995,-27.494043213652247,17.51338401856461,-25.49409201139674,0.5,3,-20,10,500,0.8,1,eff,0.5,6.5,10,10
5.327510845438027,-14.426243307034792,0.6968241909147566,-39.845455900751844,29.41995,-24.775600025282092,17.51338401856461,-23.21079648738744,0.5,3,-20,10,500,0.8,1,eff,0.5,6.5,5,10
7.482433334471366,-15.959736888676467,0.6968241909147566,-44.914043551070975,29.41995,-29.923754084608657,17.51338401856461,-27.534873286512607,0.5,3,-20,10,500,0.8,1,eff,0.5,35,10,10
5.327510845438027,-17.503507624770375,0.6968241909147566,-42.922720218487434,29.41995,-27.90117106815185,17.51338401856461,-25.836049942265184,0.5,3,-20,10,500,0.8,1,eff,0.5,35,5,10
7.482433334471366,-10.590417768632232,1.6648435882347152,-29.007582865064077,3.9226599999999996,-14.341385050456399,4.764739018564611,-14.728891497738928,0.5,3,-10,2,400,0.7,0.5,eq,1,6.5,10,10
7.482433334471366,-10.590417768632122,1.6648435882347152,-29.007582865063966,3.9226599999999996,-14.341385050456399,4.764739018564611,-14.728891497738928,0.5,3,-10,2,400,0.7,0.5,eq,1,35,10,10
5.327510845438027,-12.316618528951274,1.6648435882347152,-27.068605119788113,3.9226599999999996,-12.373120051195443,4.764739018564611,-13.918686116928036,0.5,3,-10,2,400,0.7,0.5,eq,1,6.5,5,10
7.482433334471366,-13.567577996008495,1.6648435882347152,-31.984743092440336,3.9226599999999996,-17.363513739862448,4.764739018564611,-15.972903318595687,0.5,3,-10,2,400,0.7,0.5,eq,0.5,6.5,10,10
5.327510845438027,-13.706802534399266,1.6648435882347152,-28.45878912523611,3.9226599999999996,-13.784302065654796,4.764739018564611,-14.499577034486343,0.5,3,-10,2,400,0.7,0.5,eq,1,35,5,10
7.482433334471366,-10.590417768632232,1.6648435882347152,-27.62483324786962,3.9226599999999996,-14.66549597407957,4.764739018564611,-14.862306670186399,0.5,3,-10,2,400,0.7,0.5,eff,1,6.5,10,10
5.327510845438027,-14.426243307034792,1.6648435882347152,-29.17822989787163,3.9226599999999996,-14.51460961824619,4.764739018564611,-14.800196671058806,0.5,3,-10,2,400,0.7,0.5,eq,0.5,6.5,5,10
7.482433334471366,-15.959736888676467,1.6648435882347152,-34.37690198510832,3.9226599999999996,-19.791804952823792,4.764739018564611,-16.972471266842426,0.5,3,-10,2,400,0.7,0.5,eq,0.5,35,10,10
5.327510845438027,-12.316618528951274,1.6648435882347152,-25.75638222683571,3.9226599999999996,-12.772142922244871,4.764739018564611,-14.08293761624957,0.5,3,-10,2,400,0.7,0.5,eff,1,6.5,5,10
5.327510845438027,-17.503507624770375,1.6648435882347152,-32.255494215607214,3.9226599999999996,-17.638354418517718,4.764739018564611,-16.086037168354885,0.5,3,-10,2,400,0.7,0.5,eq,0.5,35,5,10
5.327510845438027,-13.706802534399266,1.6648435882347152,-27.1465662322837,3.9226599999999996,-14.180854790985263,4.764739018564611,-14.662811737109482,0.5,3,-10,2,400,0.7,0.5,eff,1,35,5,10
7.482433334471366,-10.590417768632122,1.6648435882347152,-27.62483324786951,3.9226599999999996,-14.66549597407957,4.764739018564611,-14.862306670186399,0.5,3,-10,2,400,0.7,0.5,eff,1,35,10,10
7.482433334471366,-13.567577996008495,1.6648435882347152,-30.601993475245887,3.9226599999999996,-17.68233470245422,4.764739018564611,-16.104140961649026,0.5,3,-10,2,400,0.7,0.5,eff,0.5,6.5,10,10
5.327510845438027,-14.426243307034792,1.6648435882347152,-27.866007004919222,3.9226599999999996,-14.909884006585898,4.764739018564611,-14.962905166332586,0.5,3,-10,2,400,0.7,0.5,eff,0.5,6.5,5,10
7.482433334471366,-15.959736888676467,1.6648435882347152,-32.994152367913856,3.9226599999999996,-20.106375412639505,4.764739018564611,-17.101959257170172,0.5,3,-10,2,400,0.7,0.5,eff,0.5,35,10,10
5.327510845438027,-17.503507624770375,1.6648435882347152,-30.943271322654805,3.9226599999999996,-18.028160976034258,4.764739018564611,-16.24649491692709,0.5,3,-10,2,400,0.7,0.5,eff,0.5,35,5,10
5.327510845438027,-12.316618528951274,1.7398467296524174,-26.213367483983845,3.9226599999999996,-11.67241307484068,4.764739018564611,-13.630251092768276,0.5,3,-10,2,400,0.7,1,eq,1,6.5,5,10
7.482433334471366,-13.567577996008495,1.7398467296524174,-31.076393470688785,3.9226599999999996,-16.608056283640085,4.764739018564611,-15.661931119102857,0.5,3,-10,2,400,0.7,1,eq,0.5,6.5,10,10
7.482433334471366,-10.590417768632232,1.7398467296524174,-28.099233243312522,3.9226599999999996,-13.586439558242338,4.764739018564611,-14.418130040190992,0.5,3,-10,2,400,0.7,1,eq,1,6.5,10,10
7.482433334471366,-10.590417768632122,1.7398467296524174,-28.09923324331241,3.9226599999999996,-13.586439558242338,4.764739018564611,-14.418130040190992,0.5,3,-10,2,400,0.7,1,eq,1,35,10,10
5.327510845438027,-13.706802534399266,1.7398467296524174,-27.603551489431837,3.9226599999999996,-13.083356027756297,4.764739018564611,-14.211043604395845,0.5,3,-10,2,400,0.7,1,eq,1,35,5,10
5.327510845438027,-17.503507624770375,1.7398467296524174,-31.400256579802935,3.9226599999999996,-16.936755484488533,4.764739018564611,-15.79723498382435,0.5,3,-10,2,400,0.7,1,eq,0.5,35,5,10
7.482433334471366,-15.959736888676467,1.7398467296524174,-33.46855236335676,3.9226599999999996,-19.03593613163346,4.764739018564611,-16.661329735419894,0.5,3,-10,2,400,0.7,1,eq,0.5,35,10,10
7.482433334471366,-10.590417768632232,1.7398467296524174,-26.786497494695382,3.9226599999999996,-13.937546474601584,4.764739018564611,-14.562657689151436,0.5,3,-10,2,400,0.7,1,eff,1,6.5,10,10
5.327510845438027,-12.316618528951274,1.7398467296524174,-24.977604186336976,3.9226599999999996,-12.104770850663083,4.764739018564611,-13.808224382207746,0.5,3,-10,2,400,0.7,1,eff,1,6.5,5,10
5.327510845438027,-14.426243307034792,1.7398467296524174,-28.322992262067363,3.9226599999999996,-13.813539862446424,4.764739018564611,-14.511612314437205,0.5,3,-10,2,400,0.7,1,eq,0.5,6.5,5,10
5.327510845438027,-13.706802534399266,1.7398467296524174,-26.367788191784967,3.9226599999999996,-13.513309069039032,4.764739018564611,-14.388027022621653,0.5,3,-10,2,400,0.7,1,eff,1,35,5,10
7.482433334471366,-10.590417768632122,1.7398467296524174,-26.78649749469527,3.9226599999999996,-13.937546474601582,4.764739018564611,-14.562657689151436,0.5,3,-10,2,400,0.7,1,eff,1,35,10,10
7.482433334471366,-13.567577996008495,1.7398467296524174,-29.763657722071645,3.9226599999999996,-16.954013321002297,4.764739018564611,-15.804338901238669,0.5,3,-10,2,400,0.7,1,eff,0.5,6.5,10,10
7.482433334471366,-15.959736888676467,1.7398467296524174,-32.15581661473962,3.9226599999999996,-19.377755222559866,4.764739018564611,-16.80203419688042,0.5,3,-10,2,400,0.7,1,eff,0.5,35,10,10
5.327510845438027,-14.426243307034792,1.7398467296524174,-27.087228964420493,3.9226599999999996,-14.24224841824308,4.764739018564611,-14.688083459753699,0.5,3,-10,2,400,0.7,1,eff,0.5,6.5,5,10
5.327510845438027,-17.503507624770375,1.7398467296524174,-30.164493282156084,3.9226599999999996,-17.36014100151839,4.764739018564611,-15.971514983815993,0.5,3,-10,2,400,0.7,1,eff,0.5,35,5,10
7.482433334471366,-10.590417768632232,1.6648435882347152,-29.007582865064077,3.9226599999999996,-14.341385050456399,4.764739018564611,-14.728891497738928,0.5,3,-10,2,400,0.8,0.5,eq,1,6.5,10,10
5.327510845438027,-13.706802534399266,1.6648435882347152,-28.45878912523611,3.9226599999999996,-13.784302065654796,4.764739018564611,-14.499577034486343,0.5,3,-10,2,400,0.8,0.5,eq,1,35,5,10
7.482433334471366,-10.590417768632122,1.6648435882347152,-29.007582865063966,3.9226599999999996,-14.341385050456399,4.764739018564611,-14.728891497738928,0.5,3,-10,2,400,0.8,0.5,eq,1,35,10,10
5.327510845438027,-12.316618528951274,1.6648435882347152,-27.068605119788113,3.9226599999999996,-12.373120051195443,4.764739018564611,-13.918686116928036,0.5,3,-10,2,400,0.8,0.5,eq,1,6.5,5,10
7.482433334471366,-10.590417768632122,1.6648435882347152,-27.62483324786951,3.9226599999999996,-14.66549597407957,4.764739018564611,-14.862306670186399,0.5,3,-10,2,400,0.8,0.5,eff,1,35,10,10
5.327510845438027,-14.426243307034792,1.6648435882347152,-29.17822989787163,3.9226599999999996,-14.51460961824619,4.764739018564611,-14.800196671058806,0.5,3,-10,2,400,0.8,0.5,eq,0.5,6.5,5,10
7.482433334471366,-13.567577996008495,1.6648435882347152,-30.601993475245887,3.9226599999999996,-17.68233470245422,4.764739018564611,-16.104140961649026,0.5,3,-10,2,400,0.8,0.5,eff,0.5,6.5,10,10
7.482433334471366,-15.959736888676467,1.6648435882347152,-34.37690198510832,3.9226599999999996,-19.791804952823792,4.764739018564611,-16.972471266842426,0.5,3,-10,2,400,0.8,0.5,eq,0.5,35,10,10
7.482433334471366,-13.567577996008495,1.6648435882347152,-31.984743092440336,3.9226599999999996,-17.363513739862448,4.764739018564611,-15.972903318595687,0.5,3,-10,2,400,0.8,0.5,eq,0.5,6.5,10,10
7.482433334471366,-10.590417768632232,1.6648435882347152,-27.62483324786962,3.9226599999999996,-14.66549597407957,4.764739018564611,-14.862306670186399,0.5,3,-10,2,400,0.8,0.5,eff,1,6.5,10,10
5.327510845438027,-12.316618528951274,1.6648435882347152,-25.75638222683571,3.9226599999999996,-12.772142922244871,4.764739018564611,-14.08293761624957,0.5,3,-10,2,400,0.8,0.5,eff,1,6.5,5,10
7.482433334471366,-15.959736888676467,1.6648435882347152,-32.994152367913856,3.9226599999999996,-20.106375412639505,4.764739018564611,-17.101959257170172,0.5,3,-10,2,400,0.8,0.5,eff,0.5,35,10,10
5.327510845438027,-13.706802534399266,1.6648435882347152,-27.1465662322837,3.9226599999999996,-14.180854790985263,4.764739018564611,-14.662811737109482,0.5,3,-10,2,400,0.8,0.5,eff,1,35,5,10
5.327510845438027,-14.426243307034792,1.6648435882347152,-27.866007004919222,3.9226599999999996,-14.909884006585898,4.764739018564611,-14.962905166332586,0.5,3,-10,2,400,0.8,0.5,eff,0.5,6.5,5,10
5.327510845438027,-17.503507624770375,1.6648435882347152,-32.255494215607214,3.9226599999999996,-17.638354418517718,4.764739018564611,-16.086037168354885,0.5,3,-10,2,400,0.8,0.5,eq,0.5,35,5,10
5.327510845438027,-17.503507624770375,1.6648435882347152,-30.943271322654805,3.9226599999999996,-18.028160976034258,4.764739018564611,-16.24649491692709,0.5,3,-10,2,400,0.8,0.5,eff,0.5,35,5,10
7.482433334471366,-10.590417768632232,1.7398467296524174,-28.099233243312522,3.9226599999999996,-13.586439558242338,4.764739018564611,-14.418130040190992,0.5,3,-10,2,400,0.8,1,eq,1,6.5,10,10
5.327510845438027,-12.316618528951274,1.7398467296524174,-26.213367483983845,3.9226599999999996,-11.67241307484068,4.764739018564611,-13.630251092768276,0.5,3,-10,2,400,0.8,1,eq,1,6.5,5,10
7.482433334471366,-10.590417768632122,1.7398467296524174,-28.09923324331241,3.9226599999999996,-13.586439558242338,4.764739018564611,-14.418130040190992,0.5,3,-10,2,400,0.8,1,eq,1,35,10,10
5.327510845438027,-13.706802534399266,1.7398467296524174,-27.603551489431837,3.9226599999999996,-13.083356027756297,4.764739018564611,-14.211043604395845,0.5,3,-10,2,400,0.8,1,eq,1,35,5,10
7.482433334471366,-13.567577996008495,1.7398467296524174,-31.076393470688785,3.9226599999999996,-16.608056283640085,4.764739018564611,-15.661931119102857,0.5,3,-10,2,400,0.8,1,eq,0.5,6.5,10,10
7.482433334471366,-15.959736888676467,1.7398467296524174,-33.46855236335676,3.9226599999999996,-19.03593613163346,4.764739018564611,-16.661329735419894,0.5,3,-10,2,400,0.8,1,eq,0.5,35,10,10
7.482433334471366,-10.590417768632122,1.7398467296524174,-26.78649749469527,3.9226599999999996,-13.937546474601582,4.764739018564611,-14.562657689151436,0.5,3,-10,2,400,0.8,1,eff,1,35,10,10
5.327510845438027,-14.426243307034792,1.7398467296524174,-28.322992262067363,3.9226599999999996,-13.813539862446424,4.764739018564611,-14.511612314437205,0.5,3,-10,2,400,0.8,1,eq,0.5,6.5,5,10
5.327510845438027,-12.316618528951274,1.7398467296524174,-24.977604186336976,3.9226599999999996,-12.104770850663083,4.764739018564611,-13.808224382207746,0.5,3,-10,2,400,0.8,1,eff,1,6.5,5,10
5.327510845438027,-14.426243307034792,1.7398467296524174,-27.087228964420493,3.9226599999999996,-14.24224841824308,4.764739018564611,-14.688083459753699,0.5,3,-10,2,400,0.8,1,eff,0.5,6.5,5,10
7.482433334471366,-15.959736888676467,1.7398467296524174,-32.15581661473962,3.9226599999999996,-19.377755222559866,4.764739018564611,-16.80203419688042,0.5,3,-10,2,400,0.8,1,eff,0.5,35,10,10
7.482433334471366,-10.590417768632232,1.7398467296524174,-26.786497494695382,3.9226599999999996,-13.937546474601584,4.764739018564611,-14.562657689151436,0.5,3,-10,2,400,0.8,1,eff,1,6.5,10,10
5.327510845438027,-17.503507624770375,1.7398467296524174,-31.400256579802935,3.9226599999999996,-16.936755484488533,4.764739018564611,-15.79723498382435,0.5,3,-10,2,400,0.8,1,eq,0.5,35,5,10
7.482433334471366,-13.567577996008495,1.7398467296524174,-29.763657722071645,3.9226599999999996,-16.954013321002297,4.764739018564611,-15.804338901238669,0.5,3,-10,2,400,0.8,1,eff,0.5,6.5,10,10
5.327510845438027,-13.706802534399266,1.7398467296524174,-26.367788191784967,3.9226599999999996,-13.513309069039032,4.764739018564611,-14.388027022621653,0.5,3,-10,2,400,0.8,1,eff,1,35,5,10
5.327510845438027,-17.503507624770375,1.7398467296524174,-30.164493282156084,3.9226599999999996,-17.36014100151839,4.764739018564611,-15.971514983815993,0.5,3,-10,2,400,0.8,1,eff,0.5,35,5,10
5.327510845438027,-12.316618528951274,1.6648435882347152,-27.068605119788113,5.883989999999999,-12.373189739375096,5.74540401856461,-13.65491397511187,0.5,3,-10,2,500,0.7,0.5,eq,1,6.5,5,10
7.482433334471366,-10.590417768632122,1.6648435882347152,-29.007582865063966,5.883989999999999,-14.341454738439305,5.74540401856461,-14.662784921560812,0.5,3,-10,2,500,0.7,0.5,eq,1,35,10,10
7.482433334471366,-10.590417768632232,1.6648435882347152,-29.007582865064077,5.883989999999999,-14.341454738439305,5.74540401856461,-14.662784921560812,0.5,3,-10,2,500,0.7,0.5,eq,1,6.5,10,10
7.482433334471366,-13.567577996008495,1.6648435882347152,-31.984743092440336,5.883989999999999,-17.36358342805155,5.74540401856461,-16.210297936392504,0.5,3,-10,2,500,0.7,0.5,eq,0.5,6.5,10,10
5.327510845438027,-13.706802534399266,1.6648435882347152,-28.45878912523611,5.883989999999999,-13.784371753775778,5.74540401856461,-14.377524676994824,0.5,3,-10,2,500,0.7,0.5,eq,1,35,5,10
5.327510845438027,-14.426243307034792,1.6648435882347152,-29.17822989787163,5.883989999999999,-14.514679306226466,5.74540401856461,-14.75148639680246,0.5,3,-10,2,500,0.7,0.5,eq,0.5,6.5,5,10
5.327510845438027,-17.503507624770375,1.6648435882347152,-32.255494215607214,5.883989999999999,-17.638424106658842,5.74540401856461,-16.35103301779772,0.5,3,-10,2,500,0.7,0.5,eq,0.5,35,5,10
7.482433334471366,-10.590417768632232,1.6648435882347152,-27.62483324786962,5.883989999999999,-14.665557356693292,5.74540401856461,-14.828745101090114,0.5,3,-10,2,500,0.7,0.5,eff,1,6.5,10,10
7.482433334471366,-15.959736888676467,1.6648435882347152,-34.37690198510832,5.883989999999999,-19.79187464084487,5.74540401856461,-17.453730179538105,0.5,3,-10,2,500,0.7,0.5,eq,0.5,35,10,10
5.327510845438027,-12.316618528951274,1.6648435882347152,-25.75638222683571,5.883989999999999,-12.772204304844982,5.74540401856461,-13.8592336109018,0.5,3,-10,2,500,0.7,0.5,eff,1,6.5,5,10
5.327510845438027,-13.706802534399266,1.6648435882347152,-27.1465662322837,5.883989999999999,-14.180916173580952,5.74540401856461,-14.580579448526198,0.5,3,-10,2,500,0.7,0.5,eff,1,35,5,10
7.482433334471366,-10.590417768632122,1.7398467296524174,-28.09923324331241,5.883989999999999,-13.586505471729245,5.74540401856461,-14.276205150888677,0.5,3,-10,2,500,0.7,1,eq,1,35,10,10
7.482433334471366,-15.959736888676467,1.6648435882347152,-32.994152367913856,5.883989999999999,-20.106436795128435,5.74540401856461,-17.61480506341084,0.5,3,-10,2,500,0.7,0.5,eff,0.5,35,10,10
5.327510845438027,-14.426243307034792,1.6648435882347152,-27.866007004919222,5.883989999999999,-14.909945389261392,5.74540401856461,-14.953886582446785,0.5,3,-10,2,500,0.7,0.5,eff,0.5,6.5,5,10
7.482433334471366,-13.567577996008495,1.6648435882347152,-30.601993475245887,5.883989999999999,-17.6823960850381,5.74540401856461,-16.37354933520807,0.5,3,-10,2,500,0.7,0.5,eff,0.5,6.5,10,10
7.482433334471366,-10.590417768632122,1.6648435882347152,-27.62483324786951,5.883989999999999,-14.665557356693292,5.74540401856461,-14.828745101090114,0.5,3,-10,2,500,0.7,0.5,eff,1,35,10,10
5.327510845438027,-12.316618528951274,1.7398467296524174,-26.213367483983845,5.883989999999999,-11.672478988349027,5.74540401856461,-13.296107611050378,0.5,3,-10,2,500,0.7,1,eq,1,6.5,5,10
5.327510845438027,-14.426243307034792,1.7398467296524174,-28.322992262067363,5.883989999999999,-13.813605776125604,5.74540401856461,-14.392494267872259,0.5,3,-10,2,500,0.7,1,eq,0.5,6.5,5,10
5.327510845438027,-13.706802534399266,1.7398467296524174,-27.603551489431837,5.883989999999999,-13.083421941248083,5.74540401856461,-14.018595898958708,0.5,3,-10,2,500,0.7,1,eq,1,35,5,10
7.482433334471366,-13.567577996008495,1.7398467296524174,-31.076393470688785,5.883989999999999,-16.60812219729724,5.74540401856461,-15.823456009107506,0.5,3,-10,2,500,0.7,1,eq,0.5,6.5,10,10
5.327510845438027,-17.503507624770375,1.6648435882347152,-30.943271322654805,5.883989999999999,-18.028222358600566,5.74540401856461,-16.55063334259943,0.5,3,-10,2,500,0.7,0.5,eff,0.5,35,5,10
7.482433334471366,-10.590417768632122,1.7398467296524174,-26.78649749469527,5.883989999999999,-13.93760465326991,5.74540401856461,-14.455989206676456,0.5,3,-10,2,500,0.7,1,eff,1,35,10,10
7.482433334471366,-10.590417768632232,1.7398467296524174,-28.099233243312522,5.883989999999999,-13.586505471729245,5.74540401856461,-14.276205150888677,0.5,3,-10,2,500,0.7,1,eq,1,6.5,10,10
5.327510845438027,-12.316618528951274,1.7398467296524174,-24.977604186336976,5.883989999999999,-12.104829029349345,5.74540401856461,-13.517497030273717,0.5,3,-10,2,500,0.7,1,eff,1,6.5,5,10
7.482433334471366,-15.959736888676467,1.7398467296524174,-33.46855236335676,5.883989999999999,-19.03600204515965,5.74540401856461,-17.066677608481797,0.5,3,-10,2,500,0.7,1,eq,0.5,35,10,10
5.327510845438027,-17.503507624770375,1.7398467296524174,-31.400256579802935,5.883989999999999,-16.936821397978985,5.74540401856461,-15.991769917369725,0.5,3,-10,2,500,0.7,1,eq,0.5,35,5,10
7.482433334471366,-10.590417768632232,1.7398467296524174,-26.786497494695382,5.883989999999999,-13.937604653286021,5.74540401856461,-14.45598920668456,0.5,3,-10,2,500,0.7,1,eff,1,6.5,10,10
5.327510845438027,-13.706802534399266,1.7398467296524174,-26.367788191784967,5.883989999999999,-13.513367247916266,5.74540401856461,-14.238753948489169,0.5,3,-10,2,500,0.7,1,eff,1,35,5,10
5.327510845438027,-17.503507624770375,1.7398467296524174,-30.164493282156084,5.883989999999999,-17.360199180178324,5.74540401856461,-16.20856499641299,0.5,3,-10,2,500,0.7,1,eff,0.5,35,5,10
7.482433334471366,-13.567577996008495,1.7398467296524174,-29.763657722071645,5.883989999999999,-16.954071499661545,5.74540401856461,-16.00060301470019,0.5,3,-10,2,500,0.7,1,eff,0.5,6.5,10,10
5.327510845438027,-12.316618528951274,1.6648435882347152,-27.068605119788113,5.883989999999999,-12.373189739375096,5.74540401856461,-13.65491397511187,0.5,3,-10,2,500,0.8,0.5,eq,1,6.5,5,10
5.327510845438027,-14.426243307034792,1.7398467296524174,-27.087228964420493,5.883989999999999,-14.242306597124248,5.74540401856461,-14.612015065330276,0.5,3,-10,2,500,0.7,1,eff,0.5,6.5,5,10
7.482433334471366,-15.959736888676467,1.7398467296524174,-32.15581661473962,5.883989999999999,-19.377813401365323,5.74540401856461,-17.24170573490269,0.5,3,-10,2,500,0.7,1,eff,0.5,35,10,10
7.482433334471366,-13.567577996008495,1.6648435882347152,-31.984743092440336,5.883989999999999,-17.36358342805155,5.74540401856461,-16.210297936392504,0.5,3,-10,2,500,0.8,0.5,eq,0.5,6.5,10,10
7.482433334471366,-10.590417768632122,1.6648435882347152,-29.007582865063966,5.883989999999999,-14.341454738439305,5.74540401856461,-14.662784921560812,0.5,3,-10,2,500,0.8,0.5,eq,1,35,10,10
7.482433334471366,-10.590417768632232,1.6648435882347152,-29.007582865064077,5.883989999999999,-14.341454738439305,5.74540401856461,-14.662784921560812,0.5,3,-10,2,500,0.8,0.5,eq,1,6.5,10,10
5.327510845438027,-14.426243307034792,1.6648435882347152,-29.17822989787163,5.883989999999999,-14.514679306226466,5.74540401856461,-14.75148639680246,0.5,3,-10,2,500,0.8,0.5,eq,0.5,6.5,5,10
5.327510845438027,-13.706802534399266,1.6648435882347152,-28.45878912523611,5.883989999999999,-13.784371753775778,5.74540401856461,-14.377524676994824,0.5,3,-10,2,500,0.8,0.5,eq,1,35,5,10
5.327510845438027,-17.503507624770375,1.6648435882347152,-32.255494215607214,5.883989999999999,-17.638424106658842,5.74540401856461,-16.35103301779772,0.5,3,-10,2,500,0.8,0.5,eq,0.5,35,5,10
7.482433334471366,-15.959736888676467,1.6648435882347152,-34.37690198510832,5.883989999999999,-19.79187464084487,5.74540401856461,-17.453730179538105,0.5,3,-10,2,500,0.8,0.5,eq,0.5,35,10,10
7.482433334471366,-10.590417768632232,1.6648435882347152,-27.62483324786962,5.883989999999999,-14.665557356693292,5.74540401856461,-14.828745101090114,0.5,3,-10,2,500,0.8,0.5,eff,1,6.5,10,10
5.327510845438027,-12.316618528951274,1.6648435882347152,-25.75638222683571,5.883989999999999,-12.772204304844982,5.74540401856461,-13.8592336109018,0.5,3,-10,2,500,0.8,0.5,eff,1,6.5,5,10
7.482433334471366,-10.590417768632122,1.6648435882347152,-27.62483324786951,5.883989999999999,-14.665557356693292,5.74540401856461,-14.828745101090114,0.5,3,-10,2,500,0.8,0.5,eff,1,35,10,10
5.327510845438027,-13.706802534399266,1.6648435882347152,-27.1465662322837,5.883989999999999,-14.180916173580952,5.74540401856461,-14.580579448526198,0.5,3,-10,2,500,0.8,0.5,eff,1,35,5,10
5.327510845438027,-17.503507624770375,1.6648435882347152,-30.943271322654805,5.883989999999999,-18.028222358600566,5.74540401856461,-16.55063334259943,0.5,3,-10,2,500,0.8,0.5,eff,0.5,35,5,10
7.482433334471366,-10.590417768632232,1.7398467296524174,-28.099233243312522,5.883989999999999,-13.586505471729245,5.74540401856461,-14.276205150888677,0.5,3,-10,2,500,0.8,1,eq,1,6.5,10,10
5.327510845438027,-14.426243307034792,1.6648435882347152,-27.866007004919222,5.883989999999999,-14.909945389261392,5.74540401856461,-14.953886582446785,0.5,3,-10,2,500,0.8,0.5,eff,0.5,6.5,5,10
7.482433334471366,-13.567577996008495,1.6648435882347152,-30.601993475245887,5.883989999999999,-17.6823960850381,5.74540401856461,-16.37354933520807,0.5,3,-10,2,500,0.8,0.5,eff,0.5,6.5,10,10
7.482433334471366,-15.959736888676467,1.6648435882347152,-32.994152367913856,5.883989999999999,-20.106436795128435,5.74540401856461,-17.61480506341084,0.5,3,-10,2,500,0.8,0.5,eff,0.5,35,10,10
5.327510845438027,-12.316618528951274,1.7398467296524174,-26.213367483983845,5.883989999999999,-11.672478988349027,5.74540401856461,-13.296107611050378,0.5,3,-10,2,500,0.8,1,eq,1,6.5,5,10
7.482433334471366,-15.959736888676467,1.7398467296524174,-33.46855236335676,5.883989999999999,-19.03600204515965,5.74540401856461,-17.066677608481797,0.5,3,-10,2,500,0.8,1,eq,0.5,35,10,10
5.327510845438027,-17.503507624770375,1.7398467296524174,-31.400256579802935,5.883989999999999,-16.936821397978985,5.74540401856461,-15.991769917369725,0.5,3,-10,2,500,0.8,1,eq,0.5,35,5,10
7.482433334471366,-10.590417768632122,1.7398467296524174,-28.09923324331241,5.883989999999999,-13.586505471729245,5.74540401856461,-14.276205150888677,0.5,3,-10,2,500,0.8,1,eq,1,35,10,10
7.482433334471366,-13.567577996008495,1.7398467296524174,-31.076393470688785,5.883989999999999,-16.60812219729724,5.74540401856461,-15.823456009107506,0.5,3,-10,2,500,0.8,1,eq,0.5,6.5,10,10
5.327510845438027,-14.426243307034792,1.7398467296524174,-28.322992262067363,5.883989999999999,-13.813605776125604,5.74540401856461,-14.392494267872259,0.5,3,-10,2,500,0.8,1,eq,0.5,6.5,5,10
5.327510845438027,-13.706802534399266,1.7398467296524174,-27.603551489431837,5.883989999999999,-13.083421941248083,5.74540401856461,-14.018595898958708,0.5,3,-10,2,500,0.8,1,eq,1,35,5,10
5.327510845438027,-12.316618528951274,1.7398467296524174,-24.977604186336976,5.883989999999999,-12.104829029349345,5.74540401856461,-13.517497030273717,0.5,3,-10,2,500,0.8,1,eff,1,6.5,5,10
7.482433334471366,-10.590417768632232,1.7398467296524174,-26.786497494695382,5.883989999999999,-13.937604653286021,5.74540401856461,-14.45598920668456,0.5,3,-10,2,500,0.8,1,eff,1,6.5,10,10
5.327510845438027,-14.426243307034792,1.7398467296524174,-27.087228964420493,5.883989999999999,-14.242306597124248,5.74540401856461,-14.612015065330276,0.5,3,-10,2,500,0.8,1,eff,0.5,6.5,5,10
7.482433334471366,-10.590417768632122,1.7398467296524174,-26.78649749469527,5.883989999999999,-13.93760465326991,5.74540401856461,-14.455989206676456,0.5,3,-10,2,500,0.8,1,eff,1,35,10,10
5.327510845438027,-13.706802534399266,1.7398467296524174,-26.367788191784967,5.883989999999999,-13.513367247916266,5.74540401856461,-14.238753948489169,0.5,3,-10,2,500,0.8,1,eff,1,35,5,10
7.482433334471366,-13.567577996008495,1.7398467296524174,-29.763657722071645,5.883989999999999,-16.954071499661545,5.74540401856461,-16.00060301470019,0.5,3,-10,2,500,0.8,1,eff,0.5,6.5,10,10
5.327510845438027,-17.503507624770375,1.7398467296524174,-30.164493282156084,5.883989999999999,-17.360199180178324,5.74540401856461,-16.20856499641299,0.5,3,-10,2,500,0.8,1,eff,0.5,35,5,10
5.327510845438027,-12.316618528951274,1.6648435882347152,-27.068605119788113,19.613300000000002,-12.373677556297517,12.610059018564613,-12.957549210942055,0.5,3,-10,10,400,0.7,0.5,eq,1,6.5,5,10
7.482433334471366,-10.590417768632232,1.6648435882347152,-29.007582865064077,19.613300000000002,-14.341942555376962,12.610059018564613,-14.488238791760422,0.5,3,-10,10,400,0.7,0.5,eq,1,6.5,10,10
7.482433334471366,-10.590417768632122,1.6648435882347152,-29.007582865063966,19.613300000000002,-14.341942555376962,12.610059018564613,-14.488238791760422,0.5,3,-10,10,400,0.7,0.5,eq,1,35,10,10
7.482433334471366,-15.959736888676467,1.7398467296524174,-32.15581661473962,5.883989999999999,-19.377813401365323,5.74540401856461,-17.24170573490269,0.5,3,-10,2,500,0.8,1,eff,0.5,35,10,10
7.482433334471366,-15.959736888676467,1.6648435882347152,-34.37690198510832,19.613300000000002,-19.792362457889816,12.610059018564613,-18.726946973719684,0.5,3,-10,10,400,0.7,0.5,eq,0.5,35,10,10
5.327510845438027,-13.706802534399266,1.6648435882347152,-28.45878912523611,19.613300000000002,-13.784859570577543,12.610059018564613,-14.055003876298212,0.5,3,-10,10,400,0.7,0.5,eq,1,35,5,10
7.482433334471366,-13.567577996008495,1.6648435882347152,-31.984743092440336,19.613300000000002,-17.364071245016586,12.610059018564613,-16.838502043552083,0.5,3,-10,10,400,0.7,0.5,eq,0.5,6.5,10,10
5.327510845438027,-17.503507624770375,1.6648435882347152,-32.255494215607214,19.613300000000002,-17.638911923414206,12.610059018564613,-17.05224143484585,0.5,3,-10,10,400,0.7,0.5,eq,0.5,35,5,10
5.327510845438027,-14.426243307034792,1.6648435882347152,-29.17822989787163,19.613300000000002,-14.515167123165424,12.610059018564613,-14.622952888276863,0.5,3,-10,10,400,0.7,0.5,eq,0.5,6.5,5,10
7.482433334471366,-10.590417768632232,1.6648435882347152,-27.62483324786962,19.613300000000002,-14.665987034755094,12.610059018564613,-14.740243226396,0.5,3,-10,10,400,0.7,0.5,eff,1,6.5,10,10
5.327510845438027,-12.316618528951274,1.6648435882347152,-25.75638222683571,19.613300000000002,-12.772633982909964,12.610059018564613,-13.267811520997764,0.5,3,-10,10,400,0.7,0.5,eff,1,6.5,5,10
5.327510845438027,-14.426243307034792,1.6648435882347152,-27.866007004919222,19.613300000000002,-14.910375067307754,12.610059018564613,-14.930300060856826,0.5,3,-10,10,400,0.7,0.5,eff,0.5,6.5,5,10
5.327510845438027,-12.316618528951274,1.7398467296524174,-26.213367483983845,19.613300000000002,-11.67294038347622,12.610059018564613,-12.412596630963613,0.5,3,-10,10,400,0.7,1,eq,1,6.5,5,10
7.482433334471366,-13.567577996008495,1.6648435882347152,-30.601993475245887,19.613300000000002,-17.682825763179856,12.610059018564613,-17.086392556272312,0.5,3,-10,10,400,0.7,0.5,eff,0.5,6.5,10,10
7.482433334471366,-10.590417768632122,1.6648435882347152,-27.62483324786951,19.613300000000002,-14.66598703475509,12.610059018564613,-14.740243226396,0.5,3,-10,10,400,0.7,0.5,eff,1,35,10,10
5.327510845438027,-13.706802534399266,1.6648435882347152,-27.1465662322837,19.613300000000002,-14.181345851643524,12.610059018564613,-14.363345191948817,0.5,3,-10,10,400,0.7,0.5,eff,1,35,5,10
7.482433334471366,-15.959736888676467,1.6648435882347152,-32.994152367913856,19.613300000000002,-20.106866473367567,12.610059018564613,-18.971531935522368,0.5,3,-10,10,400,0.7,0.5,eff,0.5,35,10,10
5.327510845438027,-17.503507624770375,1.6648435882347152,-30.943271322654805,19.613300000000002,-18.02865203665808,12.610059018564613,-17.35533635897879,0.5,3,-10,10,400,0.7,0.5,eff,0.5,35,5,10
7.482433334471366,-15.959736888676467,1.7398467296524174,-33.46855236335676,19.613300000000002,-19.03646344027737,12.610059018564613,-18.139095870869482,0.5,3,-10,10,400,0.7,1,eq,0.5,35,10,10
7.482433334471366,-13.567577996008495,1.7398467296524174,-31.076393470688785,19.613300000000002,-16.608583592292213,12.610059018564613,-16.25097085288263,0.5,3,-10,10,400,0.7,1,eq,0.5,6.5,10,10
5.327510845438027,-14.426243307034792,1.7398467296524174,-28.322992262067363,19.613300000000002,-13.814067171097529,12.610059018564613,-14.077718180427802,0.5,3,-10,10,400,0.7,1,eq,0.5,6.5,5,10
7.482433334471366,-10.590417768632232,1.7398467296524174,-26.786497494695382,19.613300000000002,-13.938011904762506,12.610059018564613,-14.174108103790273,0.5,3,-10,10,400,0.7,1,eff,1,6.5,10,10
5.327510845438027,-17.503507624770375,1.7398467296524174,-31.400256579802935,19.613300000000002,-16.937282793130812,12.610059018564613,-16.50659519319364,0.5,3,-10,10,400,0.7,1,eq,0.5,35,5,10
7.482433334471366,-10.590417768632122,1.7398467296524174,-28.09923324331241,19.613300000000002,-13.586966866893588,12.610059018564613,-13.901105747849641,0.5,3,-10,10,400,0.7,1,eq,1,35,10,10
7.482433334471366,-10.590417768632232,1.7398467296524174,-28.099233243312522,19.613300000000002,-13.586966866893588,12.610059018564613,-13.901105747849641,0.5,3,-10,10,400,0.7,1,eq,1,6.5,10,10
5.327510845438027,-13.706802534399266,1.7398467296524174,-27.603551489431837,19.613300000000002,-13.083883336231212,12.610059018564613,-13.509865381828634,0.5,3,-10,10,400,0.7,1,eq,1,35,5,10
5.327510845438027,-14.426243307034792,1.7398467296524174,-27.087228964420493,19.613300000000002,-14.242713848481307,12.610059018564613,-14.411070144330296,0.5,3,-10,10,400,0.7,1,eff,0.5,6.5,5,10
7.482433334471366,-13.567577996008495,1.7398467296524174,-29.763657722071645,19.613300000000002,-16.95447875103459,12.610059018564613,-16.519968226605176,0.5,3,-10,10,400,0.7,1,eff,0.5,6.5,10,10
5.327510845438027,-12.316618528951274,1.7398467296524174,-24.977604186336976,19.613300000000002,-12.105236280724007,12.610059018564613,-12.74878653733158,0.5,3,-10,10,400,0.7,1,eff,1,6.5,5,10
5.327510845438027,-13.706802534399266,1.7398467296524174,-26.367788191784967,19.613300000000002,-13.513774499196305,12.610059018564613,-13.844185163130685,0.5,3,-10,10,400,0.7,1,eff,1,35,5,10
7.482433334471366,-10.590417768632122,1.7398467296524174,-26.78649749469527,19.613300000000002,-13.938011904762506,12.610059018564613,-14.174108103790273,0.5,3,-10,10,400,0.7,1,eff,1,35,10,10
5.327510845438027,-17.503507624770375,1.7398467296524174,-30.164493282156084,19.613300000000002,-17.360606431714864,12.610059018564613,-16.835807511249246,0.5,3,-10,10,400,0.7,1,eff,0.5,35,5,10
7.482433334471366,-15.959736888676467,1.7398467296524174,-32.15581661473962,19.613300000000002,-19.378220652752955,12.610059018564613,-18.404875227079454,0.5,3,-10,10,400,0.7,1,eff,0.5,35,10,10
5.327510845438027,-12.316618528951274,1.6648435882347152,-27.068605119788113,19.613300000000002,-12.373677556297517,12.610059018564613,-12.957549210942055,0.5,3,-10,10,400,0.8,0.5,eq,1,6.5,5,10
7.482433334471366,-10.590417768632232,1.6648435882347152,-27.62483324786962,19.613300000000002,-14.665987034755094,12.610059018564613,-14.740243226396,0.5,3,-10,10,400,0.8,0.5,eff,1,6.5,10,10
7.482433334471366,-10.590417768632122,1.6648435882347152,-29.007582865063966,19.613300000000002,-14.341942555376962,12.610059018564613,-14.488238791760422,0.5,3,-10,10,400,0.8,0.5,eq,1,35,10,10
7.482433334471366,-10.590417768632232,1.6648435882347152,-29.007582865064077,19.613300000000002,-14.341942555376962,12.610059018564613,-14.488238791760422,0.5,3,-10,10,400,0.8,0.5,eq,1,6.5,10,10
5.327510845438027,-13.706802534399266,1.6648435882347152,-28.45878912523611,19.613300000000002,-13.784859570577543,12.610059018564613,-14.055003876298212,0.5,3,-10,10,400,0.8,0.5,eq,1,35,5,10
5.327510845438027,-17.503507624770375,1.6648435882347152,-32.255494215607214,19.613300000000002,-17.638911923414206,12.610059018564613,-17.05224143484585,0.5,3,-10,10,400,0.8,0.5,eq,0.5,35,5,10
5.327510845438027,-14.426243307034792,1.6648435882347152,-29.17822989787163,19.613300000000002,-14.515167123165424,12.610059018564613,-14.622952888276863,0.5,3,-10,10,400,0.8,0.5,eq,0.5,6.5,5,10
7.482433334471366,-13.567577996008495,1.6648435882347152,-31.984743092440336,19.613300000000002,-17.364071245016586,12.610059018564613,-16.838502043552083,0.5,3,-10,10,400,0.8,0.5,eq,0.5,6.5,10,10
7.482433334471366,-15.959736888676467,1.6648435882347152,-34.37690198510832,19.613300000000002,-19.792362457889816,12.610059018564613,-18.726946973719684,0.5,3,-10,10,400,0.8,0.5,eq,0.5,35,10,10
5.327510845438027,-13.706802534399266,1.6648435882347152,-27.1465662322837,19.613300000000002,-14.181345851643524,12.610059018564613,-14.363345191948817,0.5,3,-10,10,400,0.8,0.5,eff,1,35,5,10
7.482433334471366,-10.590417768632122,1.6648435882347152,-27.62483324786951,19.613300000000002,-14.66598703475509,12.610059018564613,-14.740243226396,0.5,3,-10,10,400,0.8,0.5,eff,1,35,10,10
5.327510845438027,-12.316618528951274,1.6648435882347152,-25.75638222683571,19.613300000000002,-12.772633982909964,12.610059018564613,-13.267811520997764,0.5,3,-10,10,400,0.8,0.5,eff,1,6.5,5,10
7.482433334471366,-13.567577996008495,1.6648435882347152,-30.601993475245887,19.613300000000002,-17.682825763179856,12.610059018564613,-17.086392556272312,0.5,3,-10,10,400,0.8,0.5,eff,0.5,6.5,10,10
5.327510845438027,-14.426243307034792,1.6648435882347152,-27.866007004919222,19.613300000000002,-14.910375067307754,12.610059018564613,-14.930300060856826,0.5,3,-10,10,400,0.8,0.5,eff,0.5,6.5,5,10
7.482433334471366,-15.959736888676467,1.6648435882347152,-32.994152367913856,19.613300000000002,-20.106866473367567,12.610059018564613,-18.971531935522368,0.5,3,-10,10,400,0.8,0.5,eff,0.5,35,10,10
5.327510845438027,-17.503507624770375,1.6648435882347152,-30.943271322654805,19.613300000000002,-18.02865203665808,12.610059018564613,-17.35533635897879,0.5,3,-10,10,400,0.8,0.5,eff,0.5,35,5,10
5.327510845438027,-12.316618528951274,1.7398467296524174,-26.213367483983845,19.613300000000002,-11.67294038347622,12.610059018564613,-12.412596630963613,0.5,3,-10,10,400,0.8,1,eq,1,6.5,5,10
7.482433334471366,-10.590417768632122,1.7398467296524174,-28.09923324331241,19.613300000000002,-13.586966866893588,12.610059018564613,-13.901105747849641,0.5,3,-10,10,400,0.8,1,eq,1,35,10,10
5.327510845438027,-14.426243307034792,1.7398467296524174,-28.322992262067363,19.613300000000002,-13.814067171097529,12.610059018564613,-14.077718180427802,0.5,3,-10,10,400,0.8,1,eq,0.5,6.5,5,10
5.327510845438027,-13.706802534399266,1.7398467296524174,-27.603551489431837,19.613300000000002,-13.083883336231212,12.610059018564613,-13.509865381828634,0.5,3,-10,10,400,0.8,1,eq,1,35,5,10
7.482433334471366,-10.590417768632232,1.7398467296524174,-28.099233243312522,19.613300000000002,-13.586966866893588,12.610059018564613,-13.901105747849641,0.5,3,-10,10,400,0.8,1,eq,1,6.5,10,10
7.482433334471366,-15.959736888676467,1.7398467296524174,-33.46855236335676,19.613300000000002,-19.03646344027737,12.610059018564613,-18.139095870869482,0.5,3,-10,10,400,0.8,1,eq,0.5,35,10,10
7.482433334471366,-13.567577996008495,1.7398467296524174,-31.076393470688785,19.613300000000002,-16.608583592292213,12.610059018564613,-16.25097085288263,0.5,3,-10,10,400,0.8,1,eq,0.5,6.5,10,10
7.482433334471366,-10.590417768632232,1.7398467296524174,-26.786497494695382,19.613300000000002,-13.938011904762506,12.610059018564613,-14.174108103790273,0.5,3,-10,10,400,0.8,1,eff,1,6.5,10,10
5.327510845438027,-17.503507624770375,1.7398467296524174,-31.400256579802935,19.613300000000002,-16.937282793130812,12.610059018564613,-16.50659519319364,0.5,3,-10,10,400,0.8,1,eq,0.5,35,5,10
5.327510845438027,-12.316618528951274,1.7398467296524174,-24.977604186336976,19.613300000000002,-12.105236280724007,12.610059018564613,-12.74878653733158,0.5,3,-10,10,400,0.8,1,eff,1,6.5,5,10
7.482433334471366,-10.590417768632122,1.7398467296524174,-26.78649749469527,19.613300000000002,-13.938011904762506,12.610059018564613,-14.174108103790273,0.5,3,-10,10,400,0.8,1,eff,1,35,10,10
5.327510845438027,-13.706802534399266,1.7398467296524174,-26.367788191784967,19.613300000000002,-13.513774499196305,12.610059018564613,-13.844185163130685,0.5,3,-10,10,400,0.8,1,eff,1,35,5,10
5.327510845438027,-14.426243307034792,1.7398467296524174,-27.087228964420493,19.613300000000002,-14.242713848481307,12.610059018564613,-14.411070144330296,0.5,3,-10,10,400,0.8,1,eff,0.5,6.5,5,10
7.482433334471366,-13.567577996008495,1.7398467296524174,-29.763657722071645,19.613300000000002,-16.95447875103459,12.610059018564613,-16.519968226605176,0.5,3,-10,10,400,0.8,1,eff,0.5,6.5,10,10
7.482433334471366,-15.959736888676467,1.7398467296524174,-32.15581661473962,19.613300000000002,-19.378220652752955,12.610059018564613,-18.404875227079454,0.5,3,-10,10,400,0.8,1,eff,0.5,35,10,10
5.327510845438027,-17.503507624770375,1.7398467296524174,-30.164493282156084,19.613300000000002,-17.360606431714864,12.610059018564613,-16.835807511249246,0.5,3,-10,10,400,0.8,1,eff,0.5,35,5,10
7.482433334471366,-10.590417768632232,1.6648435882347152,-29.007582865064077,29.41995,-14.342290996050851,17.51338401856461,-14.447572040040324,0.5,3,-10,10,500,0.7,0.5,eq,1,6.5,10,10
5.327510845438027,-14.426243307034792,1.6648435882347152,-29.17822989787163,29.41995,-14.515515563838363,17.51338401856461,-14.59306813941419,0.5,3,-10,10,500,0.7,0.5,eq,0.5,6.5,5,10
5.327510845438027,-12.316618528951274,1.6648435882347152,-27.068605119788113,29.41995,-12.374025996913916,17.51338401856461,-12.794371898937396,0.5,3,-10,10,500,0.7,0.5,eq,1,6.5,5,10
7.482433334471366,-10.590417768632122,1.6648435882347152,-27.62483324786951,29.41995,-14.666293947782755,17.51338401856461,-14.719711068959418,0.5,3,-10,10,500,0.7,0.5,eff,1,35,10,10
7.482433334471366,-15.959736888676467,1.6648435882347152,-34.37690198510832,29.41995,-19.792710898421962,17.51338401856461,-19.02553027006548,0.5,3,-10,10,500,0.7,0.5,eq,0.5,35,10,10
7.482433334471366,-13.567577996008495,1.6648435882347152,-31.984743092440336,29.41995,-17.364419685671443,17.51338401856461,-16.985941405091467,0.5,3,-10,10,500,0.7,0.5,eq,0.5,6.5,10,10
7.482433334471366,-10.590417768632232,1.6648435882347152,-27.62483324786962,29.41995,-14.666293947782755,17.51338401856461,-14.719711068959418,0.5,3,-10,10,500,0.7,0.5,eff,1,6.5,10,10
5.327510845438027,-13.706802534399266,1.6648435882347152,-28.45878912523611,29.41995,-13.785208011208345,17.51338401856461,-13.979662653066605,0.5,3,-10,10,500,0.7,0.5,eq,1,35,5,10
5.327510845438027,-17.503507624770375,1.6648435882347152,-32.255494215607214,29.41995,-17.63926036427589,17.51338401856461,-17.21678768282786,0.5,3,-10,10,500,0.7,0.5,eq,0.5,35,5,10
7.482433334471366,-10.590417768632122,1.6648435882347152,-29.007582865063966,29.41995,-14.342290996050851,17.51338401856461,-14.447572040040324,0.5,3,-10,10,500,0.7,0.5,eq,1,35,10,10
5.327510845438027,-12.316618528951274,1.6648435882347152,-25.75638222683571,29.41995,-12.772940895929894,17.51338401856461,-13.129431541633153,0.5,3,-10,10,500,0.7,0.5,eff,1,6.5,5,10
5.327510845438027,-13.706802534399266,1.6648435882347152,-27.1465662322837,29.41995,-14.181652764482878,17.51338401856461,-14.31264755212258,0.5,3,-10,10,500,0.7,0.5,eff,1,35,5,10
7.482433334471366,-13.567577996008495,1.6648435882347152,-30.601993475245887,29.41995,-17.68313267612996,17.51338401856461,-17.253637249415533,0.5,3,-10,10,500,0.7,0.5,eff,0.5,6.5,10,10
7.482433334471366,-15.959736888676467,1.6648435882347152,-32.994152367913856,29.41995,-20.10717338627849,17.51338401856461,-19.28965599984489,0.5,3,-10,10,500,0.7,0.5,eff,0.5,35,10,10
5.327510845438027,-14.426243307034792,1.6648435882347152,-27.866007004919222,29.41995,-14.91068198029109,17.51338401856461,-14.924979328062694,0.5,3,-10,10,500,0.7,0.5,eff,0.5,6.5,5,10
7.482433334471366,-10.590417768632232,1.7398467296524174,-28.099233243312522,29.41995,-13.58729643470734,17.51338401856461,-13.81343125315837,0.5,3,-10,10,500,0.7,1,eq,1,6.5,10,10
5.327510845438027,-17.503507624770375,1.6648435882347152,-30.943271322654805,29.41995,-18.02895894970415,17.51338401856461,-17.54410628916392,0.5,3,-10,10,500,0.7,0.5,eff,0.5,35,5,10
5.327510845438027,-12.316618528951274,1.7398467296524174,-26.213367483983845,29.41995,-11.673269951311651,17.51338401856461,-12.205787539627977,0.5,3,-10,10,500,0.7,1,eq,1,6.5,5,10
7.482433334471366,-10.590417768632122,1.7398467296524174,-28.09923324331241,29.41995,-13.58729643470734,17.51338401856461,-13.81343125315837,0.5,3,-10,10,500,0.7,1,eq,1,35,10,10
5.327510845438027,-14.426243307034792,1.7398467296524174,-28.322992262067363,29.41995,-13.814396738910148,17.51338401856461,-14.004179071728128,0.5,3,-10,10,500,0.7,1,eq,0.5,6.5,5,10
7.482433334471366,-13.567577996008495,1.7398467296524174,-31.076393470688785,29.41995,-16.60891316027666,17.51338401856461,-16.351370605461213,0.5,3,-10,10,500,0.7,1,eq,0.5,6.5,10,10
5.327510845438027,-13.706802534399266,1.7398467296524174,-27.603551489431837,29.41995,-13.084212904230375,17.51338401856461,-13.390877499504183,0.5,3,-10,10,500,0.7,1,eq,1,35,5,10
7.482433334471366,-15.959736888676467,1.7398467296524174,-33.46855236335676,29.41995,-19.036793008131067,17.51338401856461,-18.39061395369623,0.5,3,-10,10,500,0.7,1,eq,0.5,35,10,10
5.327510845438027,-17.503507624770375,1.7398467296524174,-31.400256579802935,29.41995,-16.93761236094615,17.51338401856461,-16.62745414358502,0.5,3,-10,10,500,0.7,1,eq,0.5,35,5,10
5.327510845438027,-12.316618528951274,1.7398467296524174,-24.977604186336976,29.41995,-12.105527174633627,17.51338401856461,-12.568852321505396,0.5,3,-10,10,500,0.7,1,eff,1,6.5,5,10
5.327510845438027,-13.706802534399266,1.7398467296524174,-26.367788191784967,29.41995,-13.514065393009515,17.51338401856461,-13.751922478414613,0.5,3,-10,10,500,0.7,1,eff,1,35,5,10
7.482433334471366,-10.590417768632232,1.7398467296524174,-26.786497494695382,29.41995,-13.938302798572122,17.51338401856461,-14.108251193828746,0.5,3,-10,10,500,0.7,1,eff,1,6.5,10,10
7.482433334471366,-10.590417768632122,1.7398467296524174,-26.78649749469527,29.41995,-13.93830279857212,17.51338401856461,-14.108251193828746,0.5,3,-10,10,500,0.7,1,eff,1,35,10,10
5.327510845438027,-17.503507624770375,1.7398467296524174,-30.164493282156084,29.41995,-17.360897325488928,17.51338401856461,-16.9829828774779,0.5,3,-10,10,500,0.7,1,eff,0.5,35,5,10
7.482433334471366,-15.959736888676467,1.7398467296524174,-32.15581661473962,29.41995,-19.378511546530223,17.51338401856461,-18.677632793205333,0.5,3,-10,10,500,0.7,1,eff,0.5,35,10,10
7.482433334471366,-13.567577996008495,1.7398467296524174,-29.763657722071645,29.41995,-16.954769644972806,17.51338401856461,-16.641865020365355,0.5,3,-10,10,500,0.7,1,eff,0.5,6.5,10,10
5.327510845438027,-14.426243307034792,1.7398467296524174,-27.087228964420493,29.41995,-14.243004742213573,17.51338401856461,-14.364178772911519,0.5,3,-10,10,500,0.7,1,eff,0.5,6.5,5,10
7.482433334471366,-10.590417768632232,1.6648435882347152,-29.007582865064077,29.41995,-14.342290996050851,17.51338401856461,-14.447572040040324,0.5,3,-10,10,500,0.8,0.5,eq,1,6.5,10,10
5.327510845438027,-12.316618528951274,1.6648435882347152,-27.068605119788113,29.41995,-12.374025996913916,17.51338401856461,-12.794371898937396,0.5,3,-10,10,500,0.8,0.5,eq,1,6.5,5,10
5.327510845438027,-14.426243307034792,1.6648435882347152,-29.17822989787163,29.41995,-14.515515563838363,17.51338401856461,-14.59306813941419,0.5,3,-10,10,500,0.8,0.5,eq,0.5,6.5,5,10
5.327510845438027,-17.503507624770375,1.6648435882347152,-32.255494215607214,29.41995,-17.63926036427589,17.51338401856461,-17.21678768282786,0.5,3,-10,10,500,0.8,0.5,eq,0.5,35,5,10
7.482433334471366,-15.959736888676467,1.6648435882347152,-34.37690198510832,29.41995,-19.792710898421962,17.51338401856461,-19.02553027006548,0.5,3,-10,10,500,0.8,0.5,eq,0.5,35,10,10
7.482433334471366,-10.590417768632122,1.6648435882347152,-29.007582865063966,29.41995,-14.342290996050851,17.51338401856461,-14.447572040040324,0.5,3,-10,10,500,0.8,0.5,eq,1,35,10,10
5.327510845438027,-13.706802534399266,1.6648435882347152,-28.45878912523611,29.41995,-13.785208011208345,17.51338401856461,-13.979662653066605,0.5,3,-10,10,500,0.8,0.5,eq,1,35,5,10
7.482433334471366,-10.590417768632122,1.6648435882347152,-27.62483324786951,29.41995,-14.666293947782755,17.51338401856461,-14.719711068959418,0.5,3,-10,10,500,0.8,0.5,eff,1,35,10,10
7.482433334471366,-13.567577996008495,1.6648435882347152,-31.984743092440336,29.41995,-17.364419685671443,17.51338401856461,-16.985941405091467,0.5,3,-10,10,500,0.8,0.5,eq,0.5,6.5,10,10
7.482433334471366,-13.567577996008495,1.6648435882347152,-30.601993475245887,29.41995,-17.68313267612996,17.51338401856461,-17.253637249415533,0.5,3,-10,10,500,0.8,0.5,eff,0.5,6.5,10,10
5.327510845438027,-12.316618528951274,1.6648435882347152,-25.75638222683571,29.41995,-12.772940895929894,17.51338401856461,-13.129431541633153,0.5,3,-10,10,500,0.8,0.5,eff,1,6.5,5,10
5.327510845438027,-14.426243307034792,1.6648435882347152,-27.866007004919222,29.41995,-14.91068198029109,17.51338401856461,-14.924979328062694,0.5,3,-10,10,500,0.8,0.5,eff,0.5,6.5,5,10
7.482433334471366,-15.959736888676467,1.6648435882347152,-32.994152367913856,29.41995,-20.10717338627849,17.51338401856461,-19.28965599984489,0.5,3,-10,10,500,0.8,0.5,eff,0.5,35,10,10
5.327510845438027,-13.706802534399266,1.6648435882347152,-27.1465662322837,29.41995,-14.181652764482878,17.51338401856461,-14.31264755212258,0.5,3,-10,10,500,0.8,0.5,eff,1,35,5,10
7.482433334471366,-10.590417768632232,1.6648435882347152,-27.62483324786962,29.41995,-14.666293947782755,17.51338401856461,-14.719711068959418,0.5,3,-10,10,500,0.8,0.5,eff,1,6.5,10,10
7.482433334471366,-10.590417768632232,1.7398467296524174,-28.099233243312522,29.41995,-13.58729643470734,17.51338401856461,-13.81343125315837,0.5,3,-10,10,500,0.8,1,eq,1,6.5,10,10
5.327510845438027,-14.426243307034792,1.7398467296524174,-28.322992262067363,29.41995,-13.814396738910148,17.51338401856461,-14.004179071728128,0.5,3,-10,10,500,0.8,1,eq,0.5,6.5,5,10
5.327510845438027,-17.503507624770375,1.6648435882347152,-30.943271322654805,29.41995,-18.02895894970415,17.51338401856461,-17.54410628916392,0.5,3,-10,10,500,0.8,0.5,eff,0.5,35,5,10
7.482433334471366,-15.959736888676467,1.7398467296524174,-33.46855236335676,29.41995,-19.036793008131067,17.51338401856461,-18.39061395369623,0.5,3,-10,10,500,0.8,1,eq,0.5,35,10,10
7.482433334471366,-13.567577996008495,1.7398467296524174,-31.076393470688785,29.41995,-16.60891316027666,17.51338401856461,-16.351370605461213,0.5,3,-10,10,500,0.8,1,eq,0.5,6.5,10,10
5.327510845438027,-17.503507624770375,1.7398467296524174,-31.400256579802935,29.41995,-16.93761236094615,17.51338401856461,-16.62745414358502,0.5,3,-10,10,500,0.8,1,eq,0.5,35,5,10
5.327510845438027,-12.316618528951274,1.7398467296524174,-26.213367483983845,29.41995,-11.673269951311651,17.51338401856461,-12.205787539627977,0.5,3,-10,10,500,0.8,1,eq,1,6.5,5,10
5.327510845438027,-12.316618528951274,1.7398467296524174,-24.977604186336976,29.41995,-12.105527174633627,17.51338401856461,-12.568852321505396,0.5,3,-10,10,500,0.8,1,eff,1,6.5,5,10
5.327510845438027,-13.706802534399266,1.7398467296524174,-27.603551489431837,29.41995,-13.084212904230375,17.51338401856461,-13.390877499504183,0.5,3,-10,10,500,0.8,1,eq,1,35,5,10
7.482433334471366,-10.590417768632122,1.7398467296524174,-28.09923324331241,29.41995,-13.58729643470734,17.51338401856461,-13.81343125315837,0.5,3,-10,10,500,0.8,1,eq,1,35,10,10
7.482433334471366,-10.590417768632232,1.7398467296524174,-26.786497494695382,29.41995,-13.938302798572122,17.51338401856461,-14.108251193828746,0.5,3,-10,10,500,0.8,1,eff,1,6.5,10,10
5.327510845438027,-13.706802534399266,1.7398467296524174,-26.367788191784967,29.41995,-13.514065393009515,17.51338401856461,-13.751922478414613,0.5,3,-10,10,500,0.8,1,eff,1,35,5,10
7.482433334471366,-13.567577996008495,1.7398467296524174,-29.763657722071645,29.41995,-16.954769644972806,17.51338401856461,-16.641865020365355,0.5,3,-10,10,500,0.8,1,eff,0.5,6.5,10,10
7.482433334471366,-10.590417768632122,1.7398467296524174,-26.78649749469527,29.41995,-13.93830279857212,17.51338401856461,-14.108251193828746,0.5,3,-10,10,500,0.8,1,eff,1,35,10,10
5.327510845438027,-14.426243307034792,1.7398467296524174,-27.087228964420493,29.41995,-14.243004742213573,17.51338401856461,-14.364178772911519,0.5,3,-10,10,500,0.8,1,eff,0.5,6.5,5,10
7.482433334471366,-15.959736888676467,1.7398467296524174,-32.15581661473962,29.41995,-19.378511546530223,17.51338401856461,-18.677632793205333,0.5,3,-10,10,500,0.8,1,eff,0.5,35,10,10
5.327510845438027,-17.503507624770375,1.7398467296524174,-30.164493282156084,29.41995,-17.360897325488928,17.51338401856461,-16.9829828774779,0.5,3,-10,10,500,0.8,1,eff,0.5,35,5,10
