ry_ini_q,ry_ini_delta,ry_fin_q,ry_fin_delta,snow_q,snow_delta,obs_fin_q,obs_fin_delta,resub_factor,prcp_duration,temp_air_fin,prcp_perday,p_top,rh_surf,dt,ALPHA_RY_MODE,h_air,surface_wind,temp_air_init,temp_sea_init
5.327510845438027,-94.80383130978498,0.664380693404857,-375.73048077340303,0.20430520833333332,-268.58926588184846,2.8442700602312776,-122.13464687102305,0.2,0.25,-20,2,400,0.7,0.5,eq,1,6.5,5,5
5.327510845438027,-94.80383130978498,0.6968241909147566,-363.32525016986153,0.20430520833333332,-255.011261162491,2.8442700602312776,-121.93958402367066,0.2,0.25,-20,2,400,0.7,1,eq,1,6.5,5,5
5.327510845438027,-94.80383130978498,0.6968241909147566,-363.32525016986153,0.20430520833333332,-255.011261162491,2.8442700602312776,-121.93958402367066,0.2,0.25,-20,2,400,0.7,1,eq,1,35,5,5
3.7378786914194815,-96.24059247727779,0.6968241909147566,-327.3324346811119,0.20430520833333332,-212.89503229622363,2.8442700602312776,-121.33453845974584,0.2,0.25,-20,2,400,0.7,1,eq,1,6.5,0,5
3.7378786914194815,-97.91502633725602,0.6968241909147566,-329.0068685410901,0.20430520833333332,-214.85433552697347,2.8442700602312776,-121.36268598767175,0.2,0.25,-20,2,400,0.7,1,eq,0.5,6.5,0,5
5.327510845438027,-97.19987474980884,0.6968241909147566,-365.72129360988544,0.20430520833333332,-257.81494052253805,2.8442700602312776,-121.97986193565691,0.2,0.25,-20,2,400,0.7,1,eq,0.5,6.5,5,5
5.327510845438027,-94.80383130978498,0.6968241909147566,-348.0515354700857,0.20430520833333332,-245.59670330809678,2.8442700602312776,-121.80433363161391,0.2,0.25,-20,2,400,0.7,1,eff,1,6.5,5,5
3.7378786914194815,-97.3964960215078,0.6968241909147566,-314.32480908158317,0.20430520833333332,-206.56963566226085,2.8442700602312776,-121.24366723797519,0.2,0.25,-20,2,400,0.7,1,eff,1,35,0,5
3.7378786914194815,-97.3964960215078,0.6968241909147566,-328.4883382253419,0.20430520833333332,-214.24758828705762,2.8442700602312776,-121.35396940178988,0.2,0.25,-20,2,400,0.7,1,eq,1,35,0,5
3.7378786914194815,-100.40969001363109,0.6968241909147566,-331.5015322174652,0.20430520833333332,-217.77341326257755,2.8442700602312776,-121.40462172318811,0.2,0.25,-20,2,400,0.7,1,eq,0.5,35,0,5
5.327510845438027,-97.19987474980884,0.6968241909147566,-350.4475789101096,0.20430520833333332,-248.36929820323164,2.8442700602312776,-121.84416498135775,0.2,0.25,-20,2,400,0.7,1,eff,0.5,6.5,5,5
5.327510845438027,-99.12385130279266,0.6968241909147566,-367.6452701628692,0.20430520833333332,-260.06624083707646,2.8442700602312776,-122.01220432017334,0.2,0.25,-20,2,400,0.7,1,eq,0.5,35,5,5
3.7378786914194815,-97.91502633725602,0.6968241909147566,-314.84333939733136,0.20430520833333332,-207.1696558800212,2.8442700602312776,-121.25228718284676,0.2,0.25,-20,2,400,0.7,1,eff,0.5,6.5,0,5
5.327510845438027,-94.80383130978498,0.6968241909147566,-348.0515354700857,0.20430520833333332,-245.59670330809678,2.8442700602312776,-121.80433363161391,0.2,0.25,-20,2,400,0.7,1,eff,1,35,5,5
5.327510845438027,-94.80383130978498,0.664380693404857,-375.73048077340303,0.20430520833333332,-268.58926588184846,2.8442700602312776,-122.13464687102305,0.2,0.25,-20,2,400,0.8,0.5,eq,1,6.5,5,5
5.327510845438027,-97.19987474980884,0.664380693404857,-378.126524213427,0.20430520833333332,-271.3965449446894,2.8442700602312776,-122.17497649666609,0.2,0.25,-20,2,400,0.8,0.5,eq,0.5,6.5,5,5
3.7378786914194815,-96.24059247727779,0.6968241909147566,-313.16890553735317,0.20430520833333332,-205.23207549434278,2.8442700602312776,-121.22445172728347,0.2,0.25,-20,2,400,0.7,1,eff,1,6.5,0,5
3.7378786914194815,-100.40969001363109,0.6968241909147566,-317.3380030737065,0.20430520833333332,-210.0563697261909,2.8442700602312776,-121.293757975792,0.2,0.25,-20,2,400,0.7,1,eff,0.5,35,0,5
5.327510845438027,-99.12385130279266,0.6968241909147566,-352.3715554630934,0.20430520833333332,-250.59563829381793,2.8442700602312776,-121.87614878503294,0.2,0.25,-20,2,400,0.7,1,eff,0.5,35,5,5
5.327510845438027,-94.80383130978498,0.664380693404857,-375.73048077340303,0.20430520833333332,-268.58926588184846,2.8442700602312776,-122.13464687102305,0.2,0.25,-20,2,400,0.8,0.5,eq,1,35,5,5
3.7378786914194815,-96.24059247727779,0.664380693404857,-339.23199218772845,0.20430520833333332,-225.8265007658531,2.8442700602312776,-121.52031310869238,0.2,0.25,-20,2,400,0.8,0.5,eq,1,6.5,0,5
3.7378786914194815,-97.3964960215078,0.664380693404857,-340.38789573195845,0.20430520833333332,-227.18079333179227,2.8442700602312776,-121.53976899853191,0.2,0.25,-20,2,400,0.8,0.5,eq,1,35,0,5
5.327510845438027,-99.12385130279266,0.664380693404857,-364.0538329381154,0.20430520833333332,-263.3140991135639,2.8442700602312776,-122.05886334676109,0.2,0.25,-20,2,400,0.7,0.5,eff,0.5,35,5,5
5.327510845438027,-99.12385130279266,0.664380693404857,-380.05050076641083,0.20430520833333332,-273.6507357512289,2.8442700602312776,-122.2073604062528,0.2,0.25,-20,2,400,0.8,0.5,eq,0.5,35,5,5
5.327510845438027,-94.80383130978498,0.664380693404857,-359.73381294510773,0.20430520833333332,-258.30973039255434,2.8442700602312776,-121.98697013180804,0.2,0.25,-20,2,400,0.8,0.5,eff,1,35,5,5
3.7378786914194815,-97.91502633725602,0.664380693404857,-340.90642604770665,0.20430520833333332,-227.78831958719942,2.8442700602312776,-121.54849677582102,0.2,0.25,-20,2,400,0.8,0.5,eq,0.5,6.5,0,5
3.7378786914194815,-100.40969001363109,0.664380693404857,-343.4010897240817,0.20430520833333332,-230.7111451882462,2.8442700602312776,-121.59048635351222,0.2,0.25,-20,2,400,0.8,0.5,eq,0.5,35,0,5
3.7378786914194815,-96.24059247727779,0.664380693404857,-324.3272877173037,0.20430520833333332,-217.29433980323742,2.8442700602312776,-121.39773931041819,0.2,0.25,-20,2,400,0.8,0.5,eff,1,6.5,0,5
5.327510845438027,-94.80383130978498,0.664380693404857,-359.73381294510773,0.20430520833333332,-258.30973039255434,2.8442700602312776,-121.98697013180804,0.2,0.25,-20,2,400,0.8,0.5,eff,1,6.5,5,5
3.7378786914194815,-97.91502633725602,0.664380693404857,-326.0017215772819,0.20430520833333332,-219.23402629725206,2.8442700602312776,-121.42560502252498,0.2,0.25,-20,2,400,0.8,0.5,eff,0.5,6.5,0,5
5.327510845438027,-97.19987474980884,0.664380693404857,-362.12985638513163,0.20430520833333332,-261.0853390388827,2.8442700602312776,-122.0268447773749,0.2,0.25,-20,2,400,0.8,0.5,eff,0.5,6.5,5,5
3.7378786914194815,-97.3964960215078,0.664380693404857,-325.4831912615337,0.20430520833333332,-218.63335387032447,2.8442700602312776,-121.41697570795739,0.2,0.25,-20,2,400,0.8,0.5,eff,1,35,0,5
3.7378786914194815,-100.40969001363109,0.664380693404857,-328.49638525365697,0.20430520833333332,-222.12387793936173,2.8442700602312776,-121.46712089333123,0.2,0.25,-20,2,400,0.7,0.5,eff,0.5,35,0,5
5.327510845438027,-99.12385130279266,0.664380693404857,-364.0538329381154,0.20430520833333332,-263.3140991135639,2.8442700602312776,-122.05886334676109,0.2,0.25,-20,2,400,0.8,0.5,eff,0.5,35,5,5
3.7378786914194815,-100.40969001363109,0.664380693404857,-328.49638525365697,0.20430520833333332,-222.12387793936173,2.8442700602312776,-121.46712089333123,0.2,0.25,-20,2,400,0.8,0.5,eff,0.5,35,0,5
3.7378786914194815,-97.3964960215078,0.6968241909147566,-328.4883382253419,0.20430520833333332,-214.24758828705762,2.8442700602312776,-121.35396940178988,0.2,0.25,-20,2,400,0.8,1,eq,1,35,0,5
5.327510845438027,-94.80383130978498,0.6968241909147566,-363.32525016986153,0.20430520833333332,-255.011261162491,2.8442700602312776,-121.93958402367066,0.2,0.25,-20,2,400,0.8,1,eq,1,6.5,5,5
5.327510845438027,-94.80383130978498,0.6968241909147566,-363.32525016986153,0.20430520833333332,-255.011261162491,2.8442700602312776,-121.93958402367066,0.2,0.25,-20,2,400,0.8,1,eq,1,35,5,5
3.7378786914194815,-96.24059247727779,0.6968241909147566,-327.3324346811119,0.20430520833333332,-212.89503229622363,2.8442700602312776,-121.33453845974584,0.2,0.25,-20,2,400,0.8,1,eq,1,6.5,0,5
3.7378786914194815,-97.91502633725602,0.6968241909147566,-329.0068685410901,0.20430520833333332,-214.85433552697347,2.8442700602312776,-121.36268598767175,0.2,0.25,-20,2,400,0.8,1,eq,0.5,6.5,0,5
5.327510845438027,-94.80383130978498,0.6968241909147566,-348.0515354700857,0.20430520833333332,-245.59670330809678,2.8442700602312776,-121.80433363161391,0.2,0.25,-20,2,400,0.8,1,eff,1,35,5,5
5.327510845438027,-97.19987474980884,0.6968241909147566,-365.72129360988544,0.20430520833333332,-257.81494052253805,2.8442700602312776,-121.97986193565691,0.2,0.25,-20,2,400,0.8,1,eq,0.5,6.5,5,5
5.327510845438027,-99.12385130279266,0.6968241909147566,-367.6452701628692,0.20430520833333332,-260.06624083707646,2.8442700602312776,-122.01220432017334,0.2,0.25,-20,2,400,0.8,1,eq,0.5,35,5,5
5.327510845438027,-94.80383130978498,0.6968241909147566,-348.0515354700857,0.20430520833333332,-245.59670330809678,2.8442700602312776,-121.80433363161391,0.2,0.25,-20,2,400,0.8,1,eff,1,6.5,5,5
3.7378786914194815,-100.40969001363109,0.6968241909147566,-331.5015322174652,0.20430520833333332,-217.77341326257755,2.8442700602312776,-121.40462172318811,0.2,0.25,-20,2,400,0.8,1,eq,0.5,35,0,5
3.7378786914194815,-96.24059247727779,0.6968241909147566,-313.16890553735317,0.20430520833333332,-205.23207549434278,2.8442700602312776,-121.22445172728347,0.2,0.25,-20,2,400,0.8,1,eff,1,6.5,0,5
3.7378786914194815,-97.3964960215078,0.6968241909147566,-314.32480908158317,0.20430520833333332,-206.56963566226085,2.8442700602312776,-121.24366723797519,0.2,0.25,-20,2,400,0.8,1,eff,1,35,0,5
5.327510845438027,-97.19987474980884,0.6968241909147566,-350.4475789101096,0.20430520833333332,-248.36929820323164,2.8442700602312776,-121.84416498135775,0.2,0.25,-20,2,400,0.8,1,eff,0.5,6.5,5,5
5.327510845438027,-94.80383130978498,0.664380693404857,-375.73048077340303,0.3064578125,-268.59069729683705,2.864700581064611,-123.17916506544758,0.2,0.25,-20,2,500,0.7,0.5,eq,1,6.5,5,5
3.7378786914194815,-97.91502633725602,0.6968241909147566,-314.84333939733136,0.20430520833333332,-207.1696558800212,2.8442700602312776,-121.25228718284676,0.2,0.25,-20,2,400,0.8,1,eff,0.5,6.5,0,5
3.7378786914194815,-100.40969001363109,0.6968241909147566,-317.3380030737065,0.20430520833333332,-210.0563697261909,2.8442700602312776,-121.293757975792,0.2,0.25,-20,2,400,0.8,1,eff,0.5,35,0,5
5.327510845438027,-99.12385130279266,0.6968241909147566,-352.3715554630934,0.20430520833333332,-250.59563829381793,2.8442700602312776,-121.87614878503294,0.2,0.25,-20,2,400,0.8,1,eff,0.5,35,5,5
3.7378786914194815,-96.24059247727779,0.664380693404857,-339.23199218772845,0.3064578125,-225.82793218125067,2.864700581064611,-122.2642363960852,0.2,0.25,-20,2,500,0.7,0.5,eq,1,6.5,0,5
5.327510845438027,-94.80383130978498,0.664380693404857,-375.73048077340303,0.3064578125,-268.59069729683705,2.864700581064611,-123.17916506544758,0.2,0.25,-20,2,500,0.7,0.5,eq,1,35,5,5
5.327510845438027,-97.19987474980884,0.664380693404857,-378.126524213427,0.3064578125,-271.397976359681,2.864700581064611,-123.23922806863618,0.2,0.25,-20,2,500,0.7,0.5,eq,0.5,6.5,5,5
3.7378786914194815,-100.40969001363109,0.664380693404857,-343.4010897240817,0.3064578125,-230.71257660341354,2.864700581064611,-122.36874556917998,0.2,0.25,-20,2,500,0.7,0.5,eq,0.5,35,0,5
3.7378786914194815,-97.3964960215078,0.664380693404857,-340.38789573195845,0.3064578125,-227.1822247470403,2.864700581064611,-122.293212097067,0.2,0.25,-20,2,500,0.7,0.5,eq,1,35,0,5
5.327510845438027,-99.12385130279266,0.664380693404857,-380.05050076641083,0.3064578125,-273.65216716648735,2.864700581064611,-123.28745749883763,0.2,0.25,-20,2,500,0.7,0.5,eq,0.5,35,5,5
3.7378786914194815,-97.91502633725602,0.664380693404857,-326.0017215772819,0.3064578125,-219.2353325700483,2.864700581064611,-122.12318475048622,0.2,0.25,-20,2,500,0.7,0.5,eff,0.5,6.5,0,5
5.327510845438027,-99.12385130279266,0.664380693404857,-364.0538329381154,0.3064578125,-263.3154053864941,2.864700581064611,-123.06629781294454,0.2,0.25,-20,2,500,0.7,0.5,eff,0.5,35,5,5
3.7378786914194815,-100.40969001363109,0.664380693404857,-328.49638525365697,0.3064578125,-222.12518421238707,2.864700581064611,-122.18501443129925,0.2,0.25,-20,2,500,0.7,0.5,eff,0.5,35,0,5
3.7378786914194815,-96.24059247727779,0.6968241909147566,-327.3324346811119,0.3064578125,-212.89638338506936,2.864700581064611,-121.98756007029333,0.2,0.25,-20,2,500,0.7,1,eq,1,6.5,0,5
3.7378786914194815,-96.24059247727779,0.664380693404857,-324.3272877173037,0.3064578125,-217.29564607623325,2.864700581064611,-122.0816842820771,0.2,0.25,-20,2,500,0.7,0.5,eff,1,6.5,0,5
5.327510845438027,-94.80383130978498,0.664380693404857,-359.73381294510773,0.3064578125,-258.31103666560665,2.864700581064611,-122.95922708441654,0.2,0.25,-20,2,500,0.7,0.5,eff,1,35,5,5
5.327510845438027,-97.19987474980884,0.664380693404857,-362.12985638513163,0.3064578125,-261.0866453120742,2.864700581064611,-123.01861248474589,0.2,0.25,-20,2,500,0.7,0.5,eff,0.5,6.5,5,5
5.327510845438027,-94.80383130978498,0.664380693404857,-359.73381294510773,0.3064578125,-258.31103666560665,2.864700581064611,-122.95922708441654,0.2,0.25,-20,2,500,0.7,0.5,eff,1,6.5,5,5
5.327510845438027,-94.80383130978498,0.6968241909147566,-363.32525016986153,0.3064578125,-255.01261225119447,2.864700581064611,-122.88865580465202,0.2,0.25,-20,2,500,0.7,1,eq,1,35,5,5
3.7378786914194815,-97.3964960215078,0.6968241909147566,-328.4883382253419,0.3064578125,-214.2489393758621,2.864700581064611,-122.01649861646891,0.2,0.25,-20,2,500,0.7,1,eq,1,35,0,5
5.327510845438027,-94.80383130978498,0.6968241909147566,-363.32525016986153,0.3064578125,-255.01261225119447,2.864700581064611,-122.88865580465202,0.2,0.25,-20,2,500,0.7,1,eq,1,6.5,5,5
5.327510845438027,-97.19987474980884,0.6968241909147566,-365.72129360988544,0.3064578125,-257.816291611244,2.864700581064611,-122.94864179057407,0.2,0.25,-20,2,500,0.7,1,eq,0.5,6.5,5,5
3.7378786914194815,-97.91502633725602,0.6968241909147566,-314.84333939733136,0.3064578125,-207.17089010361465,2.864700581064611,-121.86506055616486,0.2,0.25,-20,2,500,0.7,1,eff,0.5,6.5,0,5
5.327510845438027,-94.80383130978498,0.6968241909147566,-348.0515354700857,0.3064578125,-245.59793753176322,2.864700581064611,-122.68722458779213,0.2,0.25,-20,2,500,0.7,1,eff,1,35,5,5
3.7378786914194815,-100.40969001363109,0.6968241909147566,-331.5015322174652,0.3064578125,-217.77476435142611,2.864700581064611,-122.09193523392281,0.2,0.25,-20,2,500,0.7,1,eq,0.5,35,0,5
3.7378786914194815,-97.91502633725602,0.6968241909147566,-329.0068685410901,0.3064578125,-214.85568661582082,2.864700581064611,-122.02948024764714,0.2,0.25,-20,2,500,0.7,1,eq,0.5,6.5,0,5
3.7378786914194815,-97.3964960215078,0.664380693404857,-325.4831912615337,0.3064578125,-218.63466014331823,2.864700581064611,-122.11033309268005,0.2,0.25,-20,2,500,0.7,0.5,eff,1,35,0,5
5.327510845438027,-97.19987474980884,0.6968241909147566,-350.4475789101096,0.3064578125,-248.3705324268953,2.864700581064611,-122.74654550755082,0.2,0.25,-20,2,500,0.7,1,eff,0.5,6.5,5,5
3.7378786914194815,-97.3964960215078,0.6968241909147566,-314.32480908158317,0.3064578125,-206.57086988597408,2.864700581064611,-121.85222285266684,0.2,0.25,-20,2,500,0.7,1,eff,1,35,0,5
5.327510845438027,-99.12385130279266,0.6968241909147566,-367.6452701628692,0.3064578125,-260.06759192593984,2.864700581064611,-122.99680937739143,0.2,0.25,-20,2,500,0.7,1,eq,0.5,35,5,5
5.327510845438027,-99.12385130279266,0.6968241909147566,-352.3715554630934,0.3064578125,-250.59687251731992,2.864700581064611,-122.79417905909918,0.2,0.25,-20,2,500,0.7,1,eff,0.5,35,5,5
3.7378786914194815,-97.91502633725602,0.664380693404857,-340.90642604770665,0.3064578125,-227.78975100239853,2.864700581064611,-122.30621039563161,0.2,0.25,-20,2,500,0.7,0.5,eq,0.5,6.5,0,5
3.7378786914194815,-100.40969001363109,0.6968241909147566,-317.3380030737065,0.3064578125,-210.05760394978483,2.864700581064611,-121.9268231024121,0.2,0.25,-20,2,500,0.7,1,eff,0.5,35,0,5
5.327510845438027,-94.80383130978498,0.6968241909147566,-348.0515354700857,0.3064578125,-245.59793753176322,2.864700581064611,-122.68722458779213,0.2,0.25,-20,2,500,0.7,1,eff,1,6.5,5,5
5.327510845438027,-94.80383130978498,0.664380693404857,-375.73048077340303,0.3064578125,-268.59069729683705,2.864700581064611,-123.17916506544758,0.2,0.25,-20,2,500,0.8,0.5,eq,1,6.5,5,5
3.7378786914194815,-96.24059247727779,0.6968241909147566,-313.16890553735317,0.3064578125,-205.23330971807007,2.864700581064611,-121.82360514889324,0.2,0.25,-20,2,500,0.7,1,eff,1,6.5,0,5
3.7378786914194815,-97.3964960215078,0.664380693404857,-340.38789573195845,0.3064578125,-227.1822247470403,2.864700581064611,-122.293212097067,0.2,0.25,-20,2,500,0.8,0.5,eq,1,35,0,5
3.7378786914194815,-96.24059247727779,0.664380693404857,-339.23199218772845,0.3064578125,-225.82793218125067,2.864700581064611,-122.2642363960852,0.2,0.25,-20,2,500,0.8,0.5,eq,1,6.5,0,5
5.327510845438027,-97.19987474980884,0.664380693404857,-378.126524213427,0.3064578125,-271.397976359681,2.864700581064611,-123.23922806863618,0.2,0.25,-20,2,500,0.8,0.5,eq,0.5,6.5,5,5
3.7378786914194815,-97.91502633725602,0.664380693404857,-340.90642604770665,0.3064578125,-227.78975100239853,2.864700581064611,-122.30621039563161,0.2,0.25,-20,2,500,0.8,0.5,eq,0.5,6.5,0,5
5.327510845438027,-94.80383130978498,0.664380693404857,-359.73381294510773,0.3064578125,-258.31103666560665,2.864700581064611,-122.95922708441654,0.2,0.25,-20,2,500,0.8,0.5,eff,1,6.5,5,5
3.7378786914194815,-97.3964960215078,0.664380693404857,-325.4831912615337,0.3064578125,-218.63466014331823,2.864700581064611,-122.11033309268005,0.2,0.25,-20,2,500,0.8,0.5,eff,1,35,0,5
5.327510845438027,-97.19987474980884,0.664380693404857,-362.12985638513163,0.3064578125,-261.0866453120742,2.864700581064611,-123.01861248474589,0.2,0.25,-20,2,500,0.8,0.5,eff,0.5,6.5,5,5
3.7378786914194815,-96.24059247727779,0.664380693404857,-324.3272877173037,0.3064578125,-217.29564607623325,2.864700581064611,-122.0816842820771,0.2,0.25,-20,2,500,0.8,0.5,eff,1,6.5,0,5
3.7378786914194815,-97.91502633725602,0.664380693404857,-326.0017215772819,0.3064578125,-219.2353325700483,2.864700581064611,-122.12318475048622,0.2,0.25,-20,2,500,0.8,0.5,eff,0.5,6.5,0,5
5.327510845438027,-99.12385130279266,0.664380693404857,-380.05050076641083,0.3064578125,-273.65216716648735,2.864700581064611,-123.28745749883763,0.2,0.25,-20,2,500,0.8,0.5,eq,0.5,35,5,5
5.327510845438027,-99.12385130279266,0.664380693404857,-364.0538329381154,0.3064578125,-263.3154053864941,2.864700581064611,-123.06629781294454,0.2,0.25,-20,2,500,0.8,0.5,eff,0.5,35,5,5
3.7378786914194815,-100.40969001363109,0.664380693404857,-343.4010897240817,0.3064578125,-230.71257660341354,2.864700581064611,-122.36874556917998,0.2,0.25,-20,2,500,0.8,0.5,eq,0.5,35,0,5
5.327510845438027,-94.80383130978498,0.6968241909147566,-363.32525016986153,0.3064578125,-255.01261225119447,2.864700581064611,-122.88865580465202,0.2,0.25,-20,2,500,0.8,1,eq,1,35,5,5
3.7378786914194815,-96.24059247727779,0.6968241909147566,-327.3324346811119,0.3064578125,-212.89638338506936,2.864700581064611,-121.98756007029333,0.2,0.25,-20,2,500,0.8,1,eq,1,6.5,0,5
5.327510845438027,-97.19987474980884,0.6968241909147566,-365.72129360988544,0.3064578125,-257.816291611244,2.864700581064611,-122.94864179057407,0.2,0.25,-20,2,500,0.8,1,eq,0.5,6.5,5,5
5.327510845438027,-94.80383130978498,0.6968241909147566,-363.32525016986153,0.3064578125,-255.01261225119447,2.864700581064611,-122.88865580465202,0.2,0.25,-20,2,500,0.8,1,eq,1,6.5,5,5
5.327510845438027,-99.12385130279266,0.6968241909147566,-367.6452701628692,0.3064578125,-260.06759192593984,2.864700581064611,-122.99680937739143,0.2,0.25,-20,2,500,0.8,1,eq,0.5,35,5,5
3.7378786914194815,-97.3964960215078,0.6968241909147566,-328.4883382253419,0.3064578125,-214.2489393758621,2.864700581064611,-122.01649861646891,0.2,0.25,-20,2,500,0.8,1,eq,1,35,0,5
3.7378786914194815,-97.91502633725602,0.6968241909147566,-329.0068685410901,0.3064578125,-214.85568661582082,2.864700581064611,-122.02948024764714,0.2,0.25,-20,2,500,0.8,1,eq,0.5,6.5,0,5
5.327510845438027,-94.80383130978498,0.664380693404857,-375.73048077340303,0.3064578125,-268.59069729683705,2.864700581064611,-123.17916506544758,0.2,0.25,-20,2,500,0.8,0.5,eq,1,35,5,5
5.327510845438027,-94.80383130978498,0.664380693404857,-359.73381294510773,0.3064578125,-258.31103666560665,2.864700581064611,-122.95922708441654,0.2,0.25,-20,2,500,0.8,0.5,eff,1,35,5,5
3.7378786914194815,-100.40969001363109,0.6968241909147566,-331.5015322174652,0.3064578125,-217.77476435142611,2.864700581064611,-122.09193523392281,0.2,0.25,-20,2,500,0.8,1,eq,0.5,35,0,5
5.327510845438027,-94.80383130978498,0.6968241909147566,-348.0515354700857,0.3064578125,-245.59793753176322,2.864700581064611,-122.68722458779213,0.2,0.25,-20,2,500,0.8,1,eff,1,6.5,5,5
3.7378786914194815,-97.3964960215078,0.6968241909147566,-314.32480908158317,0.3064578125,-206.57086988597408,2.864700581064611,-121.85222285266684,0.2,0.25,-20,2,500,0.8,1,eff,1,35,0,5
5.327510845438027,-99.12385130279266,0.6968241909147566,-352.3715554630934,0.3064578125,-250.59687251731992,2.864700581064611,-122.79417905909918,0.2,0.25,-20,2,500,0.8,1,eff,0.5,35,5,5
3.7378786914194815,-100.40969001363109,0.664380693404857,-328.49638525365697,0.3064578125,-222.12518421238707,2.864700581064611,-122.18501443129925,0.2,0.25,-20,2,500,0.8,0.5,eff,0.5,35,0,5
5.327510845438027,-97.19987474980884,0.6968241909147566,-350.4475789101096,0.3064578125,-248.3705324268953,2.864700581064611,-122.74654550755082,0.2,0.25,-20,2,500,0.8,1,eff,0.5,6.5,5,5
3.7378786914194815,-100.40969001363109,0.6968241909147566,-317.3380030737065,0.3064578125,-210.05760394978483,2.864700581064611,-121.9268231024121,0.2,0.25,-20,2,500,0.8,1,eff,0.5,35,0,5
3.7378786914194815,-96.24059247727779,0.664380693404857,-339.23199218772845,1.0215260416666667,-225.83795208756683,3.0077142268979444,-127.18926175148138,0.2,0.25,-20,10,400,0.7,0.5,eq,1,6.5,0,5
5.327510845438027,-94.80383130978498,0.664380693404857,-375.73048077340303,1.0215260416666667,-268.6007172033175,3.0077142268979444,-130.09401099851792,0.2,0.25,-20,10,400,0.7,0.5,eq,1,35,5,5
3.7378786914194815,-96.24059247727779,0.6968241909147566,-313.16890553735317,0.3064578125,-205.23330971807007,2.864700581064611,-121.82360514889324,0.2,0.25,-20,2,500,0.8,1,eff,1,6.5,0,5
5.327510845438027,-94.80383130978498,0.664380693404857,-375.73048077340303,1.0215260416666667,-268.6007172033175,3.0077142268979444,-130.09401099851792,0.2,0.25,-20,10,400,0.7,0.5,eq,1,6.5,5,5
3.7378786914194815,-97.91502633725602,0.6968241909147566,-314.84333939733136,0.3064578125,-207.17089010361465,2.864700581064611,-121.86506055616486,0.2,0.25,-20,2,500,0.8,1,eff,0.5,6.5,0,5
5.327510845438027,-97.19987474980884,0.664380693404857,-378.126524213427,1.0215260416666667,-271.4079962661941,3.0077142268979444,-130.28470123386725,0.2,0.25,-20,10,400,0.7,0.5,eq,0.5,6.5,5,5
5.327510845438027,-94.80383130978498,0.6968241909147566,-348.0515354700857,0.3064578125,-245.59793753176322,2.864700581064611,-122.68722458779213,0.2,0.25,-20,2,500,0.8,1,eff,1,35,5,5
3.7378786914194815,-97.91502633725602,0.664380693404857,-340.90642604770665,1.0215260416666667,-227.79977090886072,3.0077142268979444,-127.32252235164488,0.2,0.25,-20,10,400,0.7,0.5,eq,0.5,6.5,0,5
3.7378786914194815,-100.40969001363109,0.664380693404857,-343.4010897240817,1.0215260416666667,-230.72259650990392,3.0077142268979444,-127.52106132453089,0.2,0.25,-20,10,400,0.7,0.5,eq,0.5,35,0,5
3.7378786914194815,-97.3964960215078,0.664380693404857,-340.38789573195845,1.0215260416666667,-227.1922446534566,3.0077142268979444,-127.2812548744795,0.2,0.25,-20,10,400,0.7,0.5,eq,1,35,0,5
5.327510845438027,-94.80383130978498,0.664380693404857,-359.73381294510773,1.0215260416666667,-258.3201805764276,3.0077142268979444,-129.3956842896332,0.2,0.25,-20,10,400,0.7,0.5,eff,1,6.5,5,5
5.327510845438027,-99.12385130279266,0.664380693404857,-380.05050076641083,1.0215260416666667,-273.6621870727234,3.0077142268979444,-130.43782180570628,0.2,0.25,-20,10,400,0.7,0.5,eq,0.5,35,5,5
3.7378786914194815,-96.24059247727779,0.664380693404857,-324.3272877173037,1.0215260416666667,-217.30478998690236,3.0077142268979444,-126.60962907058115,0.2,0.25,-20,10,400,0.7,0.5,eff,1,6.5,0,5
5.327510845438027,-97.19987474980884,0.664380693404857,-362.12985638513163,1.0215260416666667,-261.0957892228848,3.0077142268979444,-129.5842232464579,0.2,0.25,-20,10,400,0.7,0.5,eff,0.5,6.5,5,5
3.7378786914194815,-100.40969001363109,0.664380693404857,-328.49638525365697,1.0215260416666667,-222.13432812318717,3.0077142268979444,-126.93768543519978,0.2,0.25,-20,10,400,0.7,0.5,eff,0.5,35,0,5
5.327510845438027,-94.80383130978498,0.6968241909147566,-363.32525016986153,1.0215260416666667,-255.02206987278302,3.0077142268979444,-129.17165330012347,0.2,0.25,-20,10,400,0.7,1,eq,1,6.5,5,5
3.7378786914194815,-97.3964960215078,0.664380693404857,-325.4831912615337,1.0215260416666667,-218.64380405410742,3.0077142268979444,-126.70058436996278,0.2,0.25,-20,10,400,0.7,0.5,eff,1,35,0,5
5.327510845438027,-94.80383130978498,0.664380693404857,-359.73381294510773,1.0215260416666667,-258.3201805764276,3.0077142268979444,-129.3956842896332,0.2,0.25,-20,10,400,0.7,0.5,eff,1,35,5,5
5.327510845438027,-99.12385130279266,0.664380693404857,-364.0538329381154,1.0215260416666667,-263.32454929731284,3.0077142268979444,-129.73561638323227,0.2,0.25,-20,10,400,0.7,0.5,eff,0.5,35,5,5
3.7378786914194815,-97.91502633725602,0.664380693404857,-326.0017215772819,1.0215260416666667,-219.24447648091316,3.0077142268979444,-126.74138628664777,0.2,0.25,-20,10,400,0.7,0.5,eff,0.5,6.5,0,5
5.327510845438027,-99.12385130279266,0.6968241909147566,-367.6452701628692,1.0215260416666667,-260.07704954736676,3.0077142268979444,-129.51502324740792,0.2,0.25,-20,10,400,0.7,1,eq,0.5,35,5,5
5.327510845438027,-97.19987474980884,0.6968241909147566,-365.72129360988544,1.0215260416666667,-257.82574923259597,3.0077142268979444,-129.3620990181985,0.2,0.25,-20,10,400,0.7,1,eq,0.5,6.5,5,5
3.7378786914194815,-97.3964960215078,0.6968241909147566,-328.4883382253419,1.0215260416666667,-214.2583969972342,3.0077142268979444,-126.40269652730518,0.2,0.25,-20,10,400,0.7,1,eq,1,35,0,5
3.7378786914194815,-97.91502633725602,0.6968241909147566,-329.0068685410901,1.0215260416666667,-214.86514423719672,3.0077142268979444,-126.44391108823572,0.2,0.25,-20,10,400,0.7,1,eq,0.5,6.5,0,5
3.7378786914194815,-96.24059247727779,0.6968241909147566,-327.3324346811119,1.0215260416666667,-212.90584100645202,3.0077142268979444,-126.31082136476223,0.2,0.25,-20,10,400,0.7,1,eq,1,6.5,0,5
3.7378786914194815,-100.40969001363109,0.6968241909147566,-331.5015322174652,1.0215260416666667,-217.7842219728957,3.0077142268979444,-126.64219547961831,0.2,0.25,-20,10,400,0.7,1,eq,0.5,35,0,5
5.327510845438027,-94.80383130978498,0.6968241909147566,-363.32525016986153,1.0215260416666667,-255.02206987278302,3.0077142268979444,-129.17165330012347,0.2,0.25,-20,10,400,0.7,1,eq,1,35,5,5
5.327510845438027,-94.80383130978498,0.6968241909147566,-348.0515354700857,1.0215260416666667,-245.60657709689193,3.0077142268979444,-128.53208648359004,0.2,0.25,-20,10,400,0.7,1,eff,1,6.5,5,5
3.7378786914194815,-96.24059247727779,0.6968241909147566,-313.16890553735317,1.0215260416666667,-205.24194928325588,3.0077142268979444,-125.79023567176351,0.2,0.25,-20,10,400,0.7,1,eff,1,6.5,0,5
5.327510845438027,-97.19987474980884,0.6968241909147566,-350.4475789101096,1.0215260416666667,-248.3791719921052,3.0077142268979444,-128.72042072512946,0.2,0.25,-20,10,400,0.7,1,eff,0.5,6.5,5,5
5.327510845438027,-94.80383130978498,0.6968241909147566,-348.0515354700857,1.0215260416666667,-245.60657709689193,3.0077142268979444,-128.53208648359004,0.2,0.25,-20,10,400,0.7,1,eff,1,35,5,5
5.327510845438027,-99.12385130279266,0.6968241909147566,-352.3715554630934,1.0215260416666667,-250.60551208270465,3.0077142268979444,-128.87164947949825,0.2,0.25,-20,10,400,0.7,1,eff,0.5,35,5,5
3.7378786914194815,-97.91502633725602,0.6968241909147566,-314.84333939733136,1.0215260416666667,-207.17952966879403,3.0077142268979444,-125.92184982605714,0.2,0.25,-20,10,400,0.7,1,eff,0.5,6.5,0,5
3.7378786914194815,-97.3964960215078,0.6968241909147566,-314.32480908158317,1.0215260416666667,-206.57950945123144,3.0077142268979444,-125.88109221203348,0.2,0.25,-20,10,400,0.7,1,eff,1,35,0,5
3.7378786914194815,-100.40969001363109,0.6968241909147566,-317.3380030737065,1.0215260416666667,-210.06624351502342,3.0077142268979444,-126.1179358333241,0.2,0.25,-20,10,400,0.7,1,eff,0.5,35,0,5
5.327510845438027,-94.80383130978498,0.664380693404857,-375.73048077340303,1.0215260416666667,-268.6007172033175,3.0077142268979444,-130.09401099851792,0.2,0.25,-20,10,400,0.8,0.5,eq,1,6.5,5,5
3.7378786914194815,-96.24059247727779,0.664380693404857,-339.23199218772845,1.0215260416666667,-225.83795208756683,3.0077142268979444,-127.18926175148138,0.2,0.25,-20,10,400,0.8,0.5,eq,1,6.5,0,5
3.7378786914194815,-100.40969001363109,0.664380693404857,-343.4010897240817,1.0215260416666667,-230.72259650990392,3.0077142268979444,-127.52106132453089,0.2,0.25,-20,10,400,0.8,0.5,eq,0.5,35,0,5
5.327510845438027,-99.12385130279266,0.664380693404857,-380.05050076641083,1.0215260416666667,-273.6621870727234,3.0077142268979444,-130.43782180570628,0.2,0.25,-20,10,400,0.8,0.5,eq,0.5,35,5,5
5.327510845438027,-94.80383130978498,0.664380693404857,-375.73048077340303,1.0215260416666667,-268.6007172033175,3.0077142268979444,-130.09401099851792,0.2,0.25,-20,10,400,0.8,0.5,eq,1,35,5,5
5.327510845438027,-94.80383130978498,0.664380693404857,-359.73381294510773,1.0215260416666667,-258.3201805764276,3.0077142268979444,-129.3956842896332,0.2,0.25,-20,10,400,0.8,0.5,eff,1,35,5,5
3.7378786914194815,-96.24059247727779,0.664380693404857,-324.3272877173037,1.0215260416666667,-217.30478998690236,3.0077142268979444,-126.60962907058115,0.2,0.25,-20,10,400,0.8,0.5,eff,1,6.5,0,5
5.327510845438027,-97.19987474980884,0.664380693404857,-378.126524213427,1.0215260416666667,-271.4079962661941,3.0077142268979444,-130.28470123386725,0.2,0.25,-20,10,400,0.8,0.5,eq,0.5,6.5,5,5
3.7378786914194815,-97.91502633725602,0.664380693404857,-340.90642604770665,1.0215260416666667,-227.79977090886072,3.0077142268979444,-127.32252235164488,0.2,0.25,-20,10,400,0.8,0.5,eq,0.5,6.5,0,5
3.7378786914194815,-97.3964960215078,0.664380693404857,-340.38789573195845,1.0215260416666667,-227.1922446534566,3.0077142268979444,-127.2812548744795,0.2,0.25,-20,10,400,0.8,0.5,eq,1,35,0,5
5.327510845438027,-94.80383130978498,0.664380693404857,-359.73381294510773,1.0215260416666667,-258.3201805764276,3.0077142268979444,-129.3956842896332,0.2,0.25,-20,10,400,0.8,0.5,eff,1,6.5,5,5
5.327510845438027,-97.19987474980884,0.664380693404857,-362.12985638513163,1.0215260416666667,-261.0957892228848,3.0077142268979444,-129.5842232464579,0.2,0.25,-20,10,400,0.8,0.5,eff,0.5,6.5,5,5
3.7378786914194815,-100.40969001363109,0.664380693404857,-328.49638525365697,1.0215260416666667,-222.13432812318717,3.0077142268979444,-126.93768543519978,0.2,0.25,-20,10,400,0.8,0.5,eff,0.5,35,0,5
3.7378786914194815,-97.3964960215078,0.664380693404857,-325.4831912615337,1.0215260416666667,-218.64380405410742,3.0077142268979444,-126.70058436996278,0.2,0.25,-20,10,400,0.8,0.5,eff,1,35,0,5
5.327510845438027,-94.80383130978498,0.6968241909147566,-363.32525016986153,1.0215260416666667,-255.02206987278302,3.0077142268979444,-129.17165330012347,0.2,0.25,-20,10,400,0.8,1,eq,1,6.5,5,5
3.7378786914194815,-97.91502633725602,0.664380693404857,-326.0017215772819,1.0215260416666667,-219.24447648091316,3.0077142268979444,-126.74138628664777,0.2,0.25,-20,10,400,0.8,0.5,eff,0.5,6.5,0,5
5.327510845438027,-99.12385130279266,0.664380693404857,-364.0538329381154,1.0215260416666667,-263.32454929731284,3.0077142268979444,-129.73561638323227,0.2,0.25,-20,10,400,0.8,0.5,eff,0.5,35,5,5
3.7378786914194815,-96.24059247727779,0.6968241909147566,-327.3324346811119,1.0215260416666667,-212.90584100645202,3.0077142268979444,-126.31082136476223,0.2,0.25,-20,10,400,0.8,1,eq,1,6.5,0,5
5.327510845438027,-94.80383130978498,0.6968241909147566,-363.32525016986153,1.0215260416666667,-255.02206987278302,3.0077142268979444,-129.17165330012347,0.2,0.25,-20,10,400,0.8,1,eq,1,35,5,5
3.7378786914194815,-97.91502633725602,0.6968241909147566,-329.0068685410901,1.0215260416666667,-214.86514423719672,3.0077142268979444,-126.44391108823572,0.2,0.25,-20,10,400,0.8,1,eq,0.5,6.5,0,5
5.327510845438027,-99.12385130279266,0.6968241909147566,-367.6452701628692,1.0215260416666667,-260.07704954736676,3.0077142268979444,-129.51502324740792,0.2,0.25,-20,10,400,0.8,1,eq,0.5,35,5,5
5.327510845438027,-97.19987474980884,0.6968241909147566,-365.72129360988544,1.0215260416666667,-257.82574923259597,3.0077142268979444,-129.3620990181985,0.2,0.25,-20,10,400,0.8,1,eq,0.5,6.5,5,5
5.327510845438027,-94.80383130978498,0.6968241909147566,-348.0515354700857,1.0215260416666667,-245.60657709689193,3.0077142268979444,-128.53208648359004,0.2,0.25,-20,10,400,0.8,1,eff,1,6.5,5,5
3.7378786914194815,-100.40969001363109,0.6968241909147566,-331.5015322174652,1.0215260416666667,-217.7842219728957,3.0077142268979444,-126.64219547961831,0.2,0.25,-20,10,400,0.8,1,eq,0.5,35,0,5
5.327510845438027,-94.80383130978498,0.6968241909147566,-348.0515354700857,1.0215260416666667,-245.60657709689193,3.0077142268979444,-128.53208648359004,0.2,0.25,-20,10,400,0.8,1,eff,1,35,5,5
3.7378786914194815,-97.3964960215078,0.6968241909147566,-328.4883382253419,1.0215260416666667,-214.2583969972342,3.0077142268979444,-126.40269652730518,0.2,0.25,-20,10,400,0.8,1,eq,1,35,0,5
3.7378786914194815,-97.3964960215078,0.6968241909147566,-314.32480908158317,1.0215260416666667,-206.57950945123144,3.0077142268979444,-125.88109221203348,0.2,0.25,-20,10,400,0.8,1,eff,1,35,0,5
3.7378786914194815,-96.24059247727779,0.6968241909147566,-313.16890553735317,1.0215260416666667,-205.24194928325588,3.0077142268979444,-125.79023567176351,0.2,0.25,-20,10,400,0.8,1,eff,1,6.5,0,5
5.327510845438027,-97.19987474980884,0.6968241909147566,-350.4475789101096,1.0215260416666667,-248.3791719921052,3.0077142268979444,-128.72042072512946,0.2,0.25,-20,10,400,0.8,1,eff,0.5,6.5,5,5
3.7378786914194815,-97.91502633725602,0.6968241909147566,-314.84333939733136,1.0215260416666667,-207.17952966879403,3.0077142268979444,-125.92184982605714,0.2,0.25,-20,10,400,0.8,1,eff,0.5,6.5,0,5
3.7378786914194815,-96.24059247727779,0.664380693404857,-339.23199218772845,1.5322890624999999,-225.8451091637608,3.109866831064611,-130.43036965253128,0.2,0.25,-20,10,500,0.7,0.5,eq,1,6.5,0,5
5.327510845438027,-97.19987474980884,0.664380693404857,-378.126524213427,1.5322890624999999,-271.4151533421911,3.109866831064611,-134.92101083206666,0.2,0.25,-20,10,500,0.7,0.5,eq,0.5,6.5,5,5
3.7378786914194815,-100.40969001363109,0.6968241909147566,-317.3380030737065,1.0215260416666667,-210.06624351502342,3.0077142268979444,-126.1179358333241,0.2,0.25,-20,10,400,0.8,1,eff,0.5,35,0,5
3.7378786914194815,-97.3964960215078,0.664380693404857,-340.38789573195845,1.5322890624999999,-227.19940172955035,3.109866831064611,-130.56382666524036,0.2,0.25,-20,10,500,0.7,0.5,eq,1,35,0,5
5.327510845438027,-99.12385130279266,0.6968241909147566,-352.3715554630934,1.0215260416666667,-250.60551208270465,3.0077142268979444,-128.87164947949825,0.2,0.25,-20,10,400,0.8,1,eff,0.5,35,5,5
5.327510845438027,-94.80383130978498,0.664380693404857,-375.73048077340303,1.5322890624999999,-268.6078742793472,3.109866831064611,-134.64437114059103,0.2,0.25,-20,10,500,0.7,0.5,eq,1,35,5,5
5.327510845438027,-94.80383130978498,0.664380693404857,-375.73048077340303,1.5322890624999999,-268.6078742793472,3.109866831064611,-134.64437114059103,0.2,0.25,-20,10,500,0.7,0.5,eq,1,6.5,5,5
5.327510845438027,-99.12385130279266,0.664380693404857,-380.05050076641083,1.5322890624999999,-273.66934414899686,3.109866831064611,-135.1431471553043,0.2,0.25,-20,10,500,0.7,0.5,eq,0.5,35,5,5
3.7378786914194815,-100.40969001363109,0.664380693404857,-343.4010897240817,1.5322890624999999,-230.729753585923,3.109866831064611,-130.9117206317768,0.2,0.25,-20,10,500,0.7,0.5,eq,0.5,35,0,5
3.7378786914194815,-96.24059247727779,0.664380693404857,-324.3272877173037,1.5322890624999999,-217.31132135178143,3.109866831064611,-129.58941854842786,0.2,0.25,-20,10,500,0.7,0.5,eff,1,6.5,0,5
3.7378786914194815,-97.91502633725602,0.664380693404857,-340.90642604770665,1.5322890624999999,-227.80692798490867,3.109866831064611,-130.62369455585022,0.2,0.25,-20,10,500,0.7,0.5,eq,0.5,6.5,0,5
3.7378786914194815,-97.3964960215078,0.664380693404857,-325.4831912615337,1.5322890624999999,-218.65033541901576,3.109866831064611,-129.72136996121907,0.2,0.25,-20,10,500,0.7,0.5,eff,1,35,0,5
5.327510845438027,-94.80383130978498,0.664380693404857,-359.73381294510773,1.5322890624999999,-258.3267119410865,3.109866831064611,-133.63122726939113,0.2,0.25,-20,10,500,0.7,0.5,eff,1,35,5,5
5.327510845438027,-94.80383130978498,0.664380693404857,-359.73381294510773,1.5322890624999999,-258.3267119410865,3.109866831064611,-133.63122726939113,0.2,0.25,-20,10,500,0.7,0.5,eff,1,6.5,5,5
5.327510845438027,-99.12385130279266,0.664380693404857,-364.0538329381154,1.5322890624999999,-263.33108066221774,3.109866831064611,-134.12437632513274,0.2,0.25,-20,10,500,0.7,0.5,eff,0.5,35,5,5
3.7378786914194815,-97.91502633725602,0.664380693404857,-326.0017215772819,1.5322890624999999,-219.25100784574326,3.109866831064611,-129.7805624501337,0.2,0.25,-20,10,500,0.7,0.5,eff,0.5,6.5,0,5
5.327510845438027,-94.80383130978498,0.6968241909147566,-363.32525016986153,1.5322890624999999,-255.02882531663835,3.109866831064611,-133.3062412890573,0.2,0.25,-20,10,500,0.7,1,eq,1,6.5,5,5
3.7378786914194815,-96.24059247727779,0.6968241909147566,-327.3324346811119,1.5322890624999999,-212.91259645031985,3.109866831064611,-129.1559518811013,0.2,0.25,-20,10,500,0.7,1,eq,1,6.5,0,5
5.327510845438027,-94.80383130978498,0.6968241909147566,-363.32525016986153,1.5322890624999999,-255.02882531663835,3.109866831064611,-133.3062412890573,0.2,0.25,-20,10,500,0.7,1,eq,1,35,5,5
5.327510845438027,-97.19987474980884,0.664380693404857,-362.12985638513163,1.5322890624999999,-261.1023205875381,3.109866831064611,-133.90474604056513,0.2,0.25,-20,10,500,0.7,0.5,eff,0.5,6.5,5,5
3.7378786914194815,-100.40969001363109,0.664380693404857,-328.49638525365697,1.5322890624999999,-222.1408594879041,3.109866831064611,-130.06533914984954,0.2,0.25,-20,10,500,0.7,0.5,eff,0.5,35,0,5
3.7378786914194815,-97.91502633725602,0.6968241909147566,-329.0068685410901,1.5322890624999999,-214.87189968106313,3.109866831064611,-129.34902888881095,0.2,0.25,-20,10,500,0.7,1,eq,0.5,6.5,0,5
5.327510845438027,-97.19987474980884,0.6968241909147566,-365.72129360988544,1.5322890624999999,-257.83250467645064,3.109866831064611,-133.58252625244438,0.2,0.25,-20,10,500,0.7,1,eq,0.5,6.5,5,5
3.7378786914194815,-96.24059247727779,0.6968241909147566,-313.16890553735317,1.5322890624999999,-205.24812040125826,3.109866831064611,-128.40066598252463,0.2,0.25,-20,10,500,0.7,1,eff,1,6.5,0,5
3.7378786914194815,-97.3964960215078,0.6968241909147566,-328.4883382253419,1.5322890624999999,-214.26515244125244,3.109866831064611,-129.28923776528268,0.2,0.25,-20,10,500,0.7,1,eq,1,35,0,5
3.7378786914194815,-100.40969001363109,0.6968241909147566,-331.5015322174652,1.5322890624999999,-217.7909774167618,3.109866831064611,-129.6366856361879,0.2,0.25,-20,10,500,0.7,1,eq,0.5,35,0,5
5.327510845438027,-94.80383130978498,0.6968241909147566,-348.0515354700857,1.5322890624999999,-245.61274821489448,3.109866831064611,-132.3783461257959,0.2,0.25,-20,10,500,0.7,1,eff,1,6.5,5,5
5.327510845438027,-94.80383130978498,0.6968241909147566,-348.0515354700857,1.5322890624999999,-245.61274821489448,3.109866831064611,-132.3783461257959,0.2,0.25,-20,10,500,0.7,1,eff,1,35,5,5
5.327510845438027,-99.12385130279266,0.6968241909147566,-367.6452701628692,1.5322890624999999,-260.0838049912208,3.109866831064611,-133.80437773587562,0.2,0.25,-20,10,500,0.7,1,eq,0.5,35,5,5
5.327510845438027,-94.80383130978498,0.664380693404857,-375.73048077340303,1.5322890624999999,-268.6078742793472,3.109866831064611,-134.64437114059103,0.2,0.25,-20,10,500,0.8,0.5,eq,1,6.5,5,5
3.7378786914194815,-97.3964960215078,0.6968241909147566,-314.32480908158317,1.5322890624999999,-206.58568056923468,3.109866831064611,-128.5324741226902,0.2,0.25,-20,10,500,0.7,1,eff,1,35,0,5
3.7378786914194815,-97.91502633725602,0.6968241909147566,-314.84333939733136,1.5322890624999999,-207.18570078679642,3.109866831064611,-128.5916023404946,0.2,0.25,-20,10,500,0.7,1,eff,0.5,6.5,0,5
3.7378786914194815,-96.24059247727779,0.664380693404857,-339.23199218772845,1.5322890624999999,-225.8451091637608,3.109866831064611,-130.43036965253128,0.2,0.25,-20,10,500,0.8,0.5,eq,1,6.5,0,5
5.327510845438027,-99.12385130279266,0.6968241909147566,-352.3715554630934,1.5322890624999999,-250.61168320070703,3.109866831064611,-132.87095972110453,0.2,0.25,-20,10,500,0.7,1,eff,0.5,35,5,5
3.7378786914194815,-100.40969001363109,0.6968241909147566,-317.3380030737065,1.5322890624999999,-210.07241463302583,3.109866831064611,-128.87606983016076,0.2,0.25,-20,10,500,0.7,1,eff,0.5,35,0,5
5.327510845438027,-94.80383130978498,0.664380693404857,-375.73048077340303,1.5322890624999999,-268.6078742793472,3.109866831064611,-134.64437114059103,0.2,0.25,-20,10,500,0.8,0.5,eq,1,35,5,5
5.327510845438027,-97.19987474980884,0.664380693404857,-378.126524213427,1.5322890624999999,-271.4151533421911,3.109866831064611,-134.92101083206666,0.2,0.25,-20,10,500,0.8,0.5,eq,0.5,6.5,5,5
3.7378786914194815,-97.3964960215078,0.664380693404857,-340.38789573195845,1.5322890624999999,-227.19940172955035,3.109866831064611,-130.56382666524036,0.2,0.25,-20,10,500,0.8,0.5,eq,1,35,0,5
5.327510845438027,-99.12385130279266,0.664380693404857,-380.05050076641083,1.5322890624999999,-273.66934414899686,3.109866831064611,-135.1431471553043,0.2,0.25,-20,10,500,0.8,0.5,eq,0.5,35,5,5
5.327510845438027,-97.19987474980884,0.6968241909147566,-350.4475789101096,1.5322890624999999,-248.38534311010758,3.109866831064611,-132.65156791074452,0.2,0.25,-20,10,500,0.7,1,eff,0.5,6.5,5,5
3.7378786914194815,-97.91502633725602,0.664380693404857,-340.90642604770665,1.5322890624999999,-227.80692798490867,3.109866831064611,-130.62369455585022,0.2,0.25,-20,10,500,0.8,0.5,eq,0.5,6.5,0,5
5.327510845438027,-94.80383130978498,0.664380693404857,-359.73381294510773,1.5322890624999999,-258.3267119410865,3.109866831064611,-133.63122726939113,0.2,0.25,-20,10,500,0.8,0.5,eff,1,6.5,5,5
3.7378786914194815,-100.40969001363109,0.664380693404857,-343.4010897240817,1.5322890624999999,-230.729753585923,3.109866831064611,-130.9117206317768,0.2,0.25,-20,10,500,0.8,0.5,eq,0.5,35,0,5
5.327510845438027,-94.80383130978498,0.6968241909147566,-363.32525016986153,1.5322890624999999,-255.02882531663835,3.109866831064611,-133.3062412890573,0.2,0.25,-20,10,500,0.8,1,eq,1,35,5,5
5.327510845438027,-99.12385130279266,0.664380693404857,-364.0538329381154,1.5322890624999999,-263.33108066221774,3.109866831064611,-134.12437632513274,0.2,0.25,-20,10,500,0.8,0.5,eff,0.5,35,5,5
5.327510845438027,-94.80383130978498,0.6968241909147566,-363.32525016986153,1.5322890624999999,-255.02882531663835,3.109866831064611,-133.3062412890573,0.2,0.25,-20,10,500,0.8,1,eq,1,6.5,5,5
3.7378786914194815,-96.24059247727779,0.6968241909147566,-327.3324346811119,1.5322890624999999,-212.91259645031985,3.109866831064611,-129.1559518811013,0.2,0.25,-20,10,500,0.8,1,eq,1,6.5,0,5
3.7378786914194815,-100.40969001363109,0.664380693404857,-328.49638525365697,1.5322890624999999,-222.1408594879041,3.109866831064611,-130.06533914984954,0.2,0.25,-20,10,500,0.8,0.5,eff,0.5,35,0,5
5.327510845438027,-97.19987474980884,0.664380693404857,-362.12985638513163,1.5322890624999999,-261.1023205875381,3.109866831064611,-133.90474604056513,0.2,0.25,-20,10,500,0.8,0.5,eff,0.5,6.5,5,5
3.7378786914194815,-97.3964960215078,0.664380693404857,-325.4831912615337,1.5322890624999999,-218.65033541901576,3.109866831064611,-129.72136996121907,0.2,0.25,-20,10,500,0.8,0.5,eff,1,35,0,5
3.7378786914194815,-97.91502633725602,0.664380693404857,-326.0017215772819,1.5322890624999999,-219.25100784574326,3.109866831064611,-129.7805624501337,0.2,0.25,-20,10,500,0.8,0.5,eff,0.5,6.5,0,5
5.327510845438027,-94.80383130978498,0.664380693404857,-359.73381294510773,1.5322890624999999,-258.3267119410865,3.109866831064611,-133.63122726939113,0.2,0.25,-20,10,500,0.8,0.5,eff,1,35,5,5
3.7378786914194815,-97.3964960215078,0.6968241909147566,-328.4883382253419,1.5322890624999999,-214.26515244125244,3.109866831064611,-129.28923776528268,0.2,0.25,-20,10,500,0.8,1,eq,1,35,0,5
3.7378786914194815,-96.24059247727779,0.664380693404857,-324.3272877173037,1.5322890624999999,-217.31132135178143,3.109866831064611,-129.58941854842786,0.2,0.25,-20,10,500,0.8,0.5,eff,1,6.5,0,5
5.327510845438027,-97.19987474980884,0.6968241909147566,-365.72129360988544,1.5322890624999999,-257.83250467645064,3.109866831064611,-133.58252625244438,0.2,0.25,-20,10,500,0.8,1,eq,0.5,6.5,5,5
3.7378786914194815,-97.91502633725602,0.6968241909147566,-329.0068685410901,1.5322890624999999,-214.87189968106313,3.109866831064611,-129.34902888881095,0.2,0.25,-20,10,500,0.8,1,eq,0.5,6.5,0,5
3.7378786914194815,-100.40969001363109,0.6968241909147566,-331.5015322174652,1.5322890624999999,-217.7909774167618,3.109866831064611,-129.6366856361879,0.2,0.25,-20,10,500,0.8,1,eq,0.5,35,0,5
5.327510845438027,-99.12385130279266,0.6968241909147566,-367.6452701628692,1.5322890624999999,-260.0838049912208,3.109866831064611,-133.80437773587562,0.2,0.25,-20,10,500,0.8,1,eq,0.5,35,5,5
5.327510845438027,-94.80383130978498,0.6968241909147566,-348.0515354700857,1.5322890624999999,-245.61274821489448,3.109866831064611,-132.3783461257959,0.2,0.25,-20,10,500,0.8,1,eff,1,6.5,5,5
5.327510845438027,-94.80383130978498,0.6968241909147566,-348.0515354700857,1.5322890624999999,-245.61274821489448,3.109866831064611,-132.3783461257959,0.2,0.25,-20,10,500,0.8,1,eff,1,35,5,5
3.7378786914194815,-96.24059247727779,0.6968241909147566,-313.16890553735317,1.5322890624999999,-205.24812040125826,3.109866831064611,-128.40066598252463,0.2,0.25,-20,10,500,0.8,1,eff,1,6.5,0,5
3.7378786914194815,-97.91502633725602,0.6968241909147566,-314.84333939733136,1.5322890624999999,-207.18570078679642,3.109866831064611,-128.5916023404946,0.2,0.25,-20,10,500,0.8,1,eff,0.5,6.5,0,5
5.327510845438027,-97.19987474980884,0.6968241909147566,-350.4475789101096,1.5322890624999999,-248.38534311010758,3.109866831064611,-132.65156791074452,0.2,0.25,-20,10,500,0.8,1,eff,0.5,6.5,5,5
3.7378786914194815,-97.3964960215078,0.6968241909147566,-314.32480908158317,1.5322890624999999,-206.58568056923468,3.109866831064611,-128.5324741226902,0.2,0.25,-20,10,500,0.8,1,eff,1,35,0,5
5.327510845438027,-94.80383130978498,1.6648435882347152,-234.2743125713414,0.20430520833333332,-125.86067699571151,2.8442700602312776,-120.0841950172964,0.2,0.25,-10,2,400,0.7,0.5,eq,1,6.5,5,5
3.7378786914194815,-97.3964960215078,1.6648435882347152,-198.9317275298968,0.20430520833333332,-85.51414517252239,2.8442700602312776,-119.50457308160756,0.2,0.25,-10,2,400,0.7,0.5,eq,1,35,0,5
3.7378786914194815,-96.24059247727779,1.6648435882347152,-197.7758239856668,0.20430520833333332,-84.19458410823292,2.8442700602312776,-119.48561614767095,0.2,0.25,-10,2,400,0.7,0.5,eq,1,6.5,0,5
5.327510845438027,-94.80383130978498,1.6648435882347152,-234.2743125713414,0.20430520833333332,-125.86067699571151,2.8442700602312776,-120.0841950172964,0.2,0.25,-10,2,400,0.7,0.5,eq,1,35,5,5
3.7378786914194815,-100.40969001363109,0.6968241909147566,-317.3380030737065,1.5322890624999999,-210.07241463302583,3.109866831064611,-128.87606983016076,0.2,0.25,-20,10,500,0.8,1,eff,0.5,35,0,5
5.327510845438027,-99.12385130279266,0.6968241909147566,-352.3715554630934,1.5322890624999999,-250.61168320070703,3.109866831064611,-132.87095972110453,0.2,0.25,-20,10,500,0.8,1,eff,0.5,35,5,5
5.327510845438027,-97.19987474980884,1.6648435882347152,-236.6703560113653,0.20430520833333332,-128.5959620008332,2.8442700602312776,-120.12349036977609,0.2,0.25,-10,2,400,0.7,0.5,eq,0.5,6.5,5,5
3.7378786914194815,-97.91502633725602,1.6648435882347152,-199.450257845645,0.20430520833333332,-86.10609111707598,2.8442700602312776,-119.51307703073778,0.2,0.25,-10,2,400,0.7,0.5,eq,0.5,6.5,0,5
5.327510845438027,-94.80383130978498,1.6648435882347152,-228.1166823134861,0.20430520833333332,-125.34419728007296,2.8442700602312776,-120.07677522285553,0.2,0.25,-10,2,400,0.7,0.5,eff,1,6.5,5,5
5.327510845438027,-99.12385130279266,1.6648435882347152,-238.59433256434912,0.20430520833333332,-130.7923429709609,2.8442700602312776,-120.15504377800934,0.2,0.25,-10,2,400,0.7,0.5,eq,0.5,35,5,5
3.7378786914194815,-100.40969001363109,1.6648435882347152,-201.94492152202008,0.20430520833333332,-88.95395941225313,2.8442700602312776,-119.553989764974,0.2,0.25,-10,2,400,0.7,0.5,eq,0.5,35,0,5
3.7378786914194815,-96.24059247727779,1.6648435882347152,-192.71015708568203,0.20430520833333332,-85.22342723045352,2.8442700602312776,-119.50039660128309,0.2,0.25,-10,2,400,0.7,0.5,eff,1,6.5,0,5
5.327510845438027,-94.80383130978498,1.6648435882347152,-228.1166823134861,0.20430520833333332,-125.34419728007296,2.8442700602312776,-120.07677522285553,0.2,0.25,-10,2,400,0.7,0.5,eff,1,35,5,5
3.7378786914194815,-97.3964960215078,1.6648435882347152,-193.86606062991206,0.20430520833333332,-86.53323495655262,2.8442700602312776,-119.51921341787863,0.2,0.25,-10,2,400,0.7,0.5,eff,1,35,0,5
5.327510845438027,-97.19987474980884,1.6648435882347152,-230.51272575350998,0.20430520833333332,-128.05926483529197,2.8442700602312776,-120.11578012961644,0.2,0.25,-10,2,400,0.7,0.5,eff,0.5,6.5,5,5
3.7378786914194815,-96.24059247727779,1.7398467296524174,-190.23420489025668,0.20430520833333332,-76.80169590497935,2.8442700602312776,-119.37940924519219,0.2,0.25,-10,2,400,0.7,1,eq,1,6.5,0,5
3.7378786914194815,-97.3964960215078,1.7398467296524174,-191.39010843448668,0.20430520833333332,-78.1195203941861,2.8442700602312776,-119.39834123133363,0.2,0.25,-10,2,400,0.7,1,eq,1,35,0,5
5.327510845438027,-94.80383130978498,1.7398467296524174,-226.22702037900632,0.20430520833333332,-117.83644653206375,2.8442700602312776,-119.96891819464062,0.2,0.25,-10,2,400,0.7,1,eq,1,6.5,5,5
5.327510845438027,-99.12385130279266,1.7398467296524174,-230.54704037201395,0.20430520833333332,-122.76162231257017,2.8442700602312776,-120.03967371662738,0.2,0.25,-10,2,400,0.7,1,eq,0.5,35,5,5
5.327510845438027,-99.12385130279266,1.6648435882347152,-232.4367023064938,0.20430520833333332,-130.23941158413922,2.8442700602312776,-120.1471003155542,0.2,0.25,-10,2,400,0.7,0.5,eff,0.5,35,5,5
3.7378786914194815,-97.91502633725602,1.7398467296524174,-191.9086387502349,0.20430520833333332,-78.71068732316517,2.8442700602312776,-119.4068339890555,0.2,0.25,-10,2,400,0.7,1,eq,0.5,6.5,0,5
5.327510845438027,-97.19987474980884,1.7398467296524174,-228.62306381903014,0.20430520833333332,-120.56813183422548,2.8442700602312776,-120.00816183346119,0.2,0.25,-10,2,400,0.7,1,eq,0.5,6.5,5,5
3.7378786914194815,-100.40969001363109,1.6648435882347152,-196.87925462203535,0.20430520833333332,-89.94762432393982,2.8442700602312776,-119.56826484522287,0.2,0.25,-10,2,400,0.7,0.5,eff,0.5,35,0,5
3.7378786914194815,-97.91502633725602,1.6648435882347152,-194.38459094566028,0.20430520833333332,-87.12080562122901,2.8442700602312776,-119.52765451134117,0.2,0.25,-10,2,400,0.7,0.5,eff,0.5,6.5,0,5
5.327510845438027,-94.80383130978498,1.7398467296524174,-226.22702037900632,0.20430520833333332,-117.83644653206375,2.8442700602312776,-119.96891819464062,0.2,0.25,-10,2,400,0.7,1,eq,1,35,5,5
3.7378786914194815,-96.24059247727779,1.7398467296524174,-185.54716130268756,0.20430520833333332,-78.14060144261082,2.8442700602312776,-119.39864408358747,0.2,0.25,-10,2,400,0.7,1,eff,1,6.5,0,5
3.7378786914194815,-100.40969001363109,1.7398467296524174,-194.40330242660997,0.20430520833333332,-81.55480775303329,2.8442700602312776,-119.4476928811189,0.2,0.25,-10,2,400,0.7,1,eq,0.5,35,0,5
5.327510845438027,-94.80383130978498,1.7398467296524174,-220.42979123542017,0.20430520833333332,-117.62343829804115,2.8442700602312776,-119.96585809903037,0.2,0.25,-10,2,400,0.7,1,eff,1,6.5,5,5
3.7378786914194815,-97.91502633725602,1.7398467296524174,-187.22159516266578,0.20430520833333332,-80.03585415281228,2.8442700602312776,-119.42587145592564,0.2,0.25,-10,2,400,0.7,1,eff,0.5,6.5,0,5
3.7378786914194815,-97.3964960215078,1.7398467296524174,-186.70306484691756,0.20430520833333332,-79.44894175830065,2.8442700602312776,-119.41743981923192,0.2,0.25,-10,2,400,0.7,1,eff,1,35,0,5
5.327510845438027,-94.80383130978498,1.7398467296524174,-220.42979123542017,0.20430520833333332,-117.62343829804115,2.8442700602312776,-119.96585809903037,0.2,0.25,-10,2,400,0.7,1,eff,1,35,5,5
5.327510845438027,-97.19987474980884,1.6648435882347152,-236.6703560113653,0.20430520833333332,-128.5959620008332,2.8442700602312776,-120.12349036977609,0.2,0.25,-10,2,400,0.8,0.5,eq,0.5,6.5,5,5
3.7378786914194815,-100.40969001363109,1.7398467296524174,-189.71625883904088,0.20430520833333332,-82.85950589968905,2.8442700602312776,-119.46643629303266,0.2,0.25,-10,2,400,0.7,1,eff,0.5,35,0,5
5.327510845438027,-94.80383130978498,1.6648435882347152,-228.1166823134861,0.20430520833333332,-125.34419728007296,2.8442700602312776,-120.07677522285553,0.2,0.25,-10,2,400,0.8,0.5,eff,1,6.5,5,5
5.327510845438027,-99.12385130279266,1.7398467296524174,-224.74981122842786,0.20430520833333332,-122.5131683707475,2.8442700602312776,-120.03610440476386,0.2,0.25,-10,2,400,0.7,1,eff,0.5,35,5,5
3.7378786914194815,-97.3964960215078,1.6648435882347152,-198.9317275298968,0.20430520833333332,-85.51414517252239,2.8442700602312776,-119.50457308160756,0.2,0.25,-10,2,400,0.8,0.5,eq,1,35,0,5
3.7378786914194815,-96.24059247727779,1.6648435882347152,-197.7758239856668,0.20430520833333332,-84.19458410823292,2.8442700602312776,-119.48561614767095,0.2,0.25,-10,2,400,0.8,0.5,eq,1,6.5,0,5
5.327510845438027,-99.12385130279266,1.6648435882347152,-238.59433256434912,0.20430520833333332,-130.7923429709609,2.8442700602312776,-120.15504377800934,0.2,0.25,-10,2,400,0.8,0.5,eq,0.5,35,5,5
5.327510845438027,-94.80383130978498,1.6648435882347152,-234.2743125713414,0.20430520833333332,-125.86067699571151,2.8442700602312776,-120.0841950172964,0.2,0.25,-10,2,400,0.8,0.5,eq,1,6.5,5,5
5.327510845438027,-97.19987474980884,1.7398467296524174,-222.82583467544404,0.20430520833333332,-120.33546409492101,2.8442700602312776,-120.00481930761487,0.2,0.25,-10,2,400,0.7,1,eff,0.5,6.5,5,5
3.7378786914194815,-97.91502633725602,1.6648435882347152,-199.450257845645,0.20430520833333332,-86.10609111707598,2.8442700602312776,-119.51307703073778,0.2,0.25,-10,2,400,0.8,0.5,eq,0.5,6.5,0,5
5.327510845438027,-94.80383130978498,1.6648435882347152,-234.2743125713414,0.20430520833333332,-125.86067699571151,2.8442700602312776,-120.0841950172964,0.2,0.25,-10,2,400,0.8,0.5,eq,1,35,5,5
3.7378786914194815,-96.24059247727779,1.6648435882347152,-192.71015708568203,0.20430520833333332,-85.22342723045352,2.8442700602312776,-119.50039660128309,0.2,0.25,-10,2,400,0.8,0.5,eff,1,6.5,0,5
5.327510845438027,-94.80383130978498,1.6648435882347152,-228.1166823134861,0.20430520833333332,-125.34419728007296,2.8442700602312776,-120.07677522285553,0.2,0.25,-10,2,400,0.8,0.5,eff,1,35,5,5
3.7378786914194815,-100.40969001363109,1.6648435882347152,-201.94492152202008,0.20430520833333332,-88.95395941225313,2.8442700602312776,-119.553989764974,0.2,0.25,-10,2,400,0.8,0.5,eq,0.5,35,0,5
3.7378786914194815,-97.91502633725602,1.6648435882347152,-194.38459094566028,0.20430520833333332,-87.12080562122901,2.8442700602312776,-119.52765451134117,0.2,0.25,-10,2,400,0.8,0.5,eff,0.5,6.5,0,5
5.327510845438027,-99.12385130279266,1.6648435882347152,-232.4367023064938,0.20430520833333332,-130.23941158413922,2.8442700602312776,-120.1471003155542,0.2,0.25,-10,2,400,0.8,0.5,eff,0.5,35,5,5
3.7378786914194815,-97.3964960215078,1.6648435882347152,-193.86606062991206,0.20430520833333332,-86.53323495655262,2.8442700602312776,-119.51921341787863,0.2,0.25,-10,2,400,0.8,0.5,eff,1,35,0,5
3.7378786914194815,-97.91502633725602,1.7398467296524174,-191.9086387502349,0.20430520833333332,-78.71068732316517,2.8442700602312776,-119.4068339890555,0.2,0.25,-10,2,400,0.8,1,eq,0.5,6.5,0,5
5.327510845438027,-97.19987474980884,1.6648435882347152,-230.51272575350998,0.20430520833333332,-128.05926483529197,2.8442700602312776,-120.11578012961644,0.2,0.25,-10,2,400,0.8,0.5,eff,0.5,6.5,5,5
3.7378786914194815,-96.24059247727779,1.7398467296524174,-190.23420489025668,0.20430520833333332,-76.80169590497935,2.8442700602312776,-119.37940924519219,0.2,0.25,-10,2,400,0.8,1,eq,1,6.5,0,5
5.327510845438027,-99.12385130279266,1.7398467296524174,-230.54704037201395,0.20430520833333332,-122.76162231257017,2.8442700602312776,-120.03967371662738,0.2,0.25,-10,2,400,0.8,1,eq,0.5,35,5,5
3.7378786914194815,-100.40969001363109,1.7398467296524174,-194.40330242660997,0.20430520833333332,-81.55480775303329,2.8442700602312776,-119.4476928811189,0.2,0.25,-10,2,400,0.8,1,eq,0.5,35,0,5
5.327510845438027,-94.80383130978498,1.7398467296524174,-226.22702037900632,0.20430520833333332,-117.83644653206375,2.8442700602312776,-119.96891819464062,0.2,0.25,-10,2,400,0.8,1,eq,1,6.5,5,5
5.327510845438027,-94.80383130978498,1.7398467296524174,-226.22702037900632,0.20430520833333332,-117.83644653206375,2.8442700602312776,-119.96891819464062,0.2,0.25,-10,2,400,0.8,1,eq,1,35,5,5
5.327510845438027,-97.19987474980884,1.7398467296524174,-228.62306381903014,0.20430520833333332,-120.56813183422548,2.8442700602312776,-120.00816183346119,0.2,0.25,-10,2,400,0.8,1,eq,0.5,6.5,5,5
3.7378786914194815,-100.40969001363109,1.6648435882347152,-196.87925462203535,0.20430520833333332,-89.94762432393982,2.8442700602312776,-119.56826484522287,0.2,0.25,-10,2,400,0.8,0.5,eff,0.5,35,0,5
3.7378786914194815,-97.3964960215078,1.7398467296524174,-191.39010843448668,0.20430520833333332,-78.1195203941861,2.8442700602312776,-119.39834123133363,0.2,0.25,-10,2,400,0.8,1,eq,1,35,0,5
5.327510845438027,-94.80383130978498,1.7398467296524174,-220.42979123542017,0.20430520833333332,-117.62343829804115,2.8442700602312776,-119.96585809903037,0.2,0.25,-10,2,400,0.8,1,eff,1,6.5,5,5
3.7378786914194815,-97.3964960215078,1.7398467296524174,-186.70306484691756,0.20430520833333332,-79.44894175830065,2.8442700602312776,-119.41743981923192,0.2,0.25,-10,2,400,0.8,1,eff,1,35,0,5
5.327510845438027,-97.19987474980884,1.7398467296524174,-222.82583467544404,0.20430520833333332,-120.33546409492101,2.8442700602312776,-120.00481930761487,0.2,0.25,-10,2,400,0.8,1,eff,0.5,6.5,5,5
5.327510845438027,-99.12385130279266,1.7398467296524174,-224.74981122842786,0.20430520833333332,-122.5131683707475,2.8442700602312776,-120.03610440476386,0.2,0.25,-10,2,400,0.8,1,eff,0.5,35,5,5
5.327510845438027,-94.80383130978498,1.7398467296524174,-220.42979123542017,0.20430520833333332,-117.62343829804115,2.8442700602312776,-119.96585809903037,0.2,0.25,-10,2,400,0.8,1,eff,1,35,5,5
3.7378786914194815,-96.24059247727779,1.7398467296524174,-185.54716130268756,0.20430520833333332,-78.14060144261082,2.8442700602312776,-119.39864408358747,0.2,0.25,-10,2,400,0.8,1,eff,1,6.5,0,5
3.7378786914194815,-97.91502633725602,1.7398467296524174,-187.22159516266578,0.20430520833333332,-80.03585415281228,2.8442700602312776,-119.42587145592564,0.2,0.25,-10,2,400,0.8,1,eff,0.5,6.5,0,5
5.327510845438027,-94.80383130978498,1.6648435882347152,-234.2743125713414,0.3064578125,-125.86113613510867,2.864700581064611,-120.12540165423246,0.2,0.25,-10,2,500,0.7,0.5,eq,1,6.5,5,5
3.7378786914194815,-97.91502633725602,1.6648435882347152,-199.450257845645,0.3064578125,-86.10655025649457,2.864700581064611,-119.2748343380018,0.2,0.25,-10,2,500,0.7,0.5,eq,0.5,6.5,0,5
3.7378786914194815,-96.24059247727779,1.6648435882347152,-197.7758239856668,0.3064578125,-84.19504324758171,2.864700581064611,-119.23393678239658,0.2,0.25,-10,2,500,0.7,0.5,eq,1,6.5,0,5
5.327510845438027,-94.80383130978498,1.6648435882347152,-228.1166823134861,0.3064578125,-125.34462586518252,2.864700581064611,-120.11435068377496,0.2,0.25,-10,2,500,0.7,0.5,eff,1,6.5,5,5
5.327510845438027,-99.12385130279266,1.6648435882347152,-238.59433256434912,0.3064578125,-130.7928021102926,2.864700581064611,-120.2309168746869,0.2,0.25,-10,2,500,0.7,0.5,eq,0.5,35,5,5
3.7378786914194815,-96.24059247727779,1.6648435882347152,-192.71015708568203,0.3064578125,-85.22385581550809,2.864700581064611,-119.25594869185218,0.2,0.25,-10,2,500,0.7,0.5,eff,1,6.5,0,5
5.327510845438027,-94.80383130978498,1.6648435882347152,-228.1166823134861,0.3064578125,-125.34462586518252,2.864700581064611,-120.11435068377496,0.2,0.25,-10,2,500,0.7,0.5,eff,1,35,5,5
3.7378786914194815,-100.40969001363109,1.7398467296524174,-189.71625883904088,0.20430520833333332,-82.85950589968905,2.8442700602312776,-119.46643629303266,0.2,0.25,-10,2,400,0.8,1,eff,0.5,35,0,5
3.7378786914194815,-97.3964960215078,1.6648435882347152,-198.9317275298968,0.3064578125,-85.51460431187044,2.864700581064611,-119.26216938722078,0.2,0.25,-10,2,500,0.7,0.5,eq,1,35,0,5
3.7378786914194815,-100.40969001363109,1.6648435882347152,-196.87925462203535,0.3064578125,-89.94805290899424,2.864700581064611,-119.35702502189926,0.2,0.25,-10,2,500,0.7,0.5,eff,0.5,35,0,5
3.7378786914194815,-97.3964960215078,1.6648435882347152,-193.86606062991206,0.3064578125,-86.53366354160865,2.864700581064611,-119.28397261960156,0.2,0.25,-10,2,500,0.7,0.5,eff,1,35,0,5
5.327510845438027,-97.19987474980884,1.6648435882347152,-236.6703560113653,0.3064578125,-128.59642114016535,2.864700581064611,-120.1839243120456,0.2,0.25,-10,2,500,0.7,0.5,eq,0.5,6.5,5,5
5.327510845438027,-99.12385130279266,1.6648435882347152,-232.4367023064938,0.3064578125,-130.23984016915222,2.864700581064611,-120.21908600426379,0.2,0.25,-10,2,500,0.7,0.5,eff,0.5,35,5,5
5.327510845438027,-97.19987474980884,1.6648435882347152,-230.51272575350998,0.3064578125,-128.05969342028848,2.864700581064611,-120.17244078011701,0.2,0.25,-10,2,500,0.7,0.5,eff,0.5,6.5,5,5
3.7378786914194815,-100.40969001363109,1.6648435882347152,-201.94492152202008,0.3064578125,-88.95441855156895,2.864700581064611,-119.33576576614236,0.2,0.25,-10,2,500,0.7,0.5,eq,0.5,35,0,5
5.327510845438027,-94.80383130978498,1.6648435882347152,-234.2743125713414,0.3064578125,-125.86113613510867,2.864700581064611,-120.12540165423246,0.2,0.25,-10,2,500,0.7,0.5,eq,1,35,5,5
5.327510845438027,-94.80383130978498,1.7398467296524174,-226.22702037900632,0.3064578125,-117.83688064437187,2.864700581064611,-119.95371908462027,0.2,0.25,-10,2,500,0.7,1,eq,1,35,5,5
3.7378786914194815,-96.24059247727779,1.7398467296524174,-190.23420489025668,0.3064578125,-76.80213001730904,2.864700581064611,-119.07576206553261,0.2,0.25,-10,2,500,0.7,1,eq,1,6.5,0,5
3.7378786914194815,-97.3964960215078,1.7398467296524174,-191.39010843448668,0.3064578125,-78.11995450651494,2.864700581064611,-119.10395751554847,0.2,0.25,-10,2,500,0.7,1,eq,1,35,0,5
5.327510845438027,-94.80383130978498,1.7398467296524174,-226.22702037900632,0.3064578125,-117.83688064437187,2.864700581064611,-119.95371908462027,0.2,0.25,-10,2,500,0.7,1,eq,1,6.5,5,5
5.327510845438027,-99.12385130279266,1.7398467296524174,-230.54704037201395,0.3064578125,-122.76205642487692,2.864700581064611,-120.05909544442905,0.2,0.25,-10,2,500,0.7,1,eq,0.5,35,5,5
3.7378786914194815,-97.91502633725602,1.7398467296524174,-191.9086387502349,0.3064578125,-78.71112143554986,2.864700581064611,-119.11660579893923,0.2,0.25,-10,2,500,0.7,1,eq,0.5,6.5,0,5
5.327510845438027,-94.80383130978498,1.7398467296524174,-220.42979123542017,0.3064578125,-117.62384404192824,2.864700581064611,-119.9491610703134,0.2,0.25,-10,2,500,0.7,1,eff,1,6.5,5,5
5.327510845438027,-94.80383130978498,1.7398467296524174,-220.42979123542017,0.3064578125,-117.62384404192824,2.864700581064611,-119.9491610703134,0.2,0.25,-10,2,500,0.7,1,eff,1,35,5,5
5.327510845438027,-97.19987474980884,1.7398467296524174,-228.62306381903014,0.3064578125,-120.56856594653273,2.864700581064611,-120.01216472516462,0.2,0.25,-10,2,500,0.7,1,eq,0.5,6.5,5,5
3.7378786914194815,-97.91502633725602,1.6648435882347152,-194.38459094566028,0.3064578125,-87.1212342062907,2.864700581064611,-119.29654395929256,0.2,0.25,-10,2,500,0.7,0.5,eff,0.5,6.5,0,5
3.7378786914194815,-97.91502633725602,1.7398467296524174,-187.22159516266578,0.3064578125,-80.03625989674764,2.864700581064611,-119.14495773468859,0.2,0.25,-10,2,500,0.7,1,eff,0.5,6.5,0,5
3.7378786914194815,-96.24059247727779,1.7398467296524174,-185.54716130268756,0.3064578125,-78.1410071865424,2.864700581064611,-119.10440794714405,0.2,0.25,-10,2,500,0.7,1,eff,1,6.5,0,5
3.7378786914194815,-97.3964960215078,1.7398467296524174,-186.70306484691756,0.3064578125,-79.44934750214182,2.864700581064611,-119.13240047898321,0.2,0.25,-10,2,500,0.7,1,eff,1,35,0,5
3.7378786914194815,-100.40969001363109,1.7398467296524174,-194.40330242660997,0.3064578125,-81.55524186532082,2.864700581064611,-119.1774570398092,0.2,0.25,-10,2,500,0.7,1,eq,0.5,35,0,5
3.7378786914194815,-100.40969001363109,1.7398467296524174,-189.71625883904088,0.3064578125,-82.85991164349707,2.864700581064611,-119.20537103884277,0.2,0.25,-10,2,500,0.7,1,eff,0.5,35,0,5
5.327510845438027,-97.19987474980884,1.7398467296524174,-222.82583467544404,0.3064578125,-120.33586983883652,2.864700581064611,-120.00718608686545,0.2,0.25,-10,2,500,0.7,1,eff,0.5,6.5,5,5
5.327510845438027,-99.12385130279266,1.7398467296524174,-224.74981122842786,0.3064578125,-122.51357411464967,2.864700581064611,-120.05377905319835,0.2,0.25,-10,2,500,0.7,1,eff,0.5,35,5,5
5.327510845438027,-94.80383130978498,1.6648435882347152,-234.2743125713414,0.3064578125,-125.86113613510867,2.864700581064611,-120.12540165423246,0.2,0.25,-10,2,500,0.8,0.5,eq,1,6.5,5,5
3.7378786914194815,-97.3964960215078,1.6648435882347152,-198.9317275298968,0.3064578125,-85.51460431187044,2.864700581064611,-119.26216938722078,0.2,0.25,-10,2,500,0.8,0.5,eq,1,35,0,5
5.327510845438027,-94.80383130978498,1.6648435882347152,-234.2743125713414,0.3064578125,-125.86113613510867,2.864700581064611,-120.12540165423246,0.2,0.25,-10,2,500,0.8,0.5,eq,1,35,5,5
3.7378786914194815,-97.91502633725602,1.6648435882347152,-199.450257845645,0.3064578125,-86.10655025649457,2.864700581064611,-119.2748343380018,0.2,0.25,-10,2,500,0.8,0.5,eq,0.5,6.5,0,5
3.7378786914194815,-96.24059247727779,1.6648435882347152,-192.71015708568203,0.3064578125,-85.22385581550809,2.864700581064611,-119.25594869185218,0.2,0.25,-10,2,500,0.8,0.5,eff,1,6.5,0,5
3.7378786914194815,-96.24059247727779,1.6648435882347152,-197.7758239856668,0.3064578125,-84.19504324758171,2.864700581064611,-119.23393678239658,0.2,0.25,-10,2,500,0.8,0.5,eq,1,6.5,0,5
5.327510845438027,-99.12385130279266,1.6648435882347152,-238.59433256434912,0.3064578125,-130.7928021102926,2.864700581064611,-120.2309168746869,0.2,0.25,-10,2,500,0.8,0.5,eq,0.5,35,5,5
5.327510845438027,-97.19987474980884,1.6648435882347152,-230.51272575350998,0.3064578125,-128.05969342028848,2.864700581064611,-120.17244078011701,0.2,0.25,-10,2,500,0.8,0.5,eff,0.5,6.5,5,5
3.7378786914194815,-97.91502633725602,1.6648435882347152,-194.38459094566028,0.3064578125,-87.1212342062907,2.864700581064611,-119.29654395929256,0.2,0.25,-10,2,500,0.8,0.5,eff,0.5,6.5,0,5
3.7378786914194815,-97.3964960215078,1.6648435882347152,-193.86606062991206,0.3064578125,-86.53366354160865,2.864700581064611,-119.28397261960156,0.2,0.25,-10,2,500,0.8,0.5,eff,1,35,0,5
5.327510845438027,-97.19987474980884,1.6648435882347152,-236.6703560113653,0.3064578125,-128.59642114016535,2.864700581064611,-120.1839243120456,0.2,0.25,-10,2,500,0.8,0.5,eq,0.5,6.5,5,5
3.7378786914194815,-100.40969001363109,1.6648435882347152,-196.87925462203535,0.3064578125,-89.94805290899424,2.864700581064611,-119.35702502189926,0.2,0.25,-10,2,500,0.8,0.5,eff,0.5,35,0,5
5.327510845438027,-94.80383130978498,1.6648435882347152,-228.1166823134861,0.3064578125,-125.34462586518252,2.864700581064611,-120.11435068377496,0.2,0.25,-10,2,500,0.8,0.5,eff,1,35,5,5
5.327510845438027,-94.80383130978498,1.6648435882347152,-228.1166823134861,0.3064578125,-125.34462586518252,2.864700581064611,-120.11435068377496,0.2,0.25,-10,2,500,0.8,0.5,eff,1,6.5,5,5
3.7378786914194815,-100.40969001363109,1.6648435882347152,-201.94492152202008,0.3064578125,-88.95441855156895,2.864700581064611,-119.33576576614236,0.2,0.25,-10,2,500,0.8,0.5,eq,0.5,35,0,5
5.327510845438027,-99.12385130279266,1.6648435882347152,-232.4367023064938,0.3064578125,-130.23984016915222,2.864700581064611,-120.21908600426379,0.2,0.25,-10,2,500,0.8,0.5,eff,0.5,35,5,5
5.327510845438027,-94.80383130978498,1.7398467296524174,-226.22702037900632,0.3064578125,-117.83688064437187,2.864700581064611,-119.95371908462027,0.2,0.25,-10,2,500,0.8,1,eq,1,35,5,5
3.7378786914194815,-96.24059247727779,1.7398467296524174,-190.23420489025668,0.3064578125,-76.80213001730904,2.864700581064611,-119.07576206553261,0.2,0.25,-10,2,500,0.8,1,eq,1,6.5,0,5
5.327510845438027,-94.80383130978498,1.7398467296524174,-226.22702037900632,0.3064578125,-117.83688064437187,2.864700581064611,-119.95371908462027,0.2,0.25,-10,2,500,0.8,1,eq,1,6.5,5,5
3.7378786914194815,-97.3964960215078,1.7398467296524174,-191.39010843448668,0.3064578125,-78.11995450651494,2.864700581064611,-119.10395751554847,0.2,0.25,-10,2,500,0.8,1,eq,1,35,0,5
5.327510845438027,-97.19987474980884,1.7398467296524174,-228.62306381903014,0.3064578125,-120.56856594653273,2.864700581064611,-120.01216472516462,0.2,0.25,-10,2,500,0.8,1,eq,0.5,6.5,5,5
3.7378786914194815,-97.91502633725602,1.7398467296524174,-191.9086387502349,0.3064578125,-78.71112143554986,2.864700581064611,-119.11660579893923,0.2,0.25,-10,2,500,0.8,1,eq,0.5,6.5,0,5
5.327510845438027,-99.12385130279266,1.7398467296524174,-230.54704037201395,0.3064578125,-122.76205642487692,2.864700581064611,-120.05909544442905,0.2,0.25,-10,2,500,0.8,1,eq,0.5,35,5,5
3.7378786914194815,-100.40969001363109,1.7398467296524174,-194.40330242660997,0.3064578125,-81.55524186532082,2.864700581064611,-119.1774570398092,0.2,0.25,-10,2,500,0.8,1,eq,0.5,35,0,5
5.327510845438027,-94.80383130978498,1.7398467296524174,-220.42979123542017,0.3064578125,-117.62384404192824,2.864700581064611,-119.9491610703134,0.2,0.25,-10,2,500,0.8,1,eff,1,6.5,5,5
3.7378786914194815,-96.24059247727779,1.7398467296524174,-185.54716130268756,0.3064578125,-78.1410071865424,2.864700581064611,-119.10440794714405,0.2,0.25,-10,2,500,0.8,1,eff,1,6.5,0,5
5.327510845438027,-97.19987474980884,1.7398467296524174,-222.82583467544404,0.3064578125,-120.33586983883652,2.864700581064611,-120.00718608686545,0.2,0.25,-10,2,500,0.8,1,eff,0.5,6.5,5,5
5.327510845438027,-99.12385130279266,1.7398467296524174,-224.74981122842786,0.3064578125,-122.51357411464967,2.864700581064611,-120.05377905319835,0.2,0.25,-10,2,500,0.8,1,eff,0.5,35,5,5
3.7378786914194815,-96.24059247727779,1.6648435882347152,-197.7758239856668,1.0215260416666667,-84.1982572230913,3.0077142268979444,-117.56809258960865,0.2,0.25,-10,10,400,0.7,0.5,eq,1,6.5,0,5
3.7378786914194815,-100.40969001363109,1.7398467296524174,-189.71625883904088,0.3064578125,-82.85991164349707,2.864700581064611,-119.20537103884277,0.2,0.25,-10,2,500,0.8,1,eff,0.5,35,0,5
5.327510845438027,-94.80383130978498,1.7398467296524174,-220.42979123542017,0.3064578125,-117.62384404192824,2.864700581064611,-119.9491610703134,0.2,0.25,-10,2,500,0.8,1,eff,1,35,5,5
5.327510845438027,-94.80383130978498,1.6648435882347152,-234.2743125713414,1.0215260416666667,-125.86435011056685,3.0077142268979444,-120.39834810779703,0.2,0.25,-10,10,400,0.7,0.5,eq,1,6.5,5,5
3.7378786914194815,-97.91502633725602,1.7398467296524174,-187.22159516266578,0.3064578125,-80.03625989674764,2.864700581064611,-119.14495773468859,0.2,0.25,-10,2,500,0.8,1,eff,0.5,6.5,0,5
5.327510845438027,-94.80383130978498,1.6648435882347152,-234.2743125713414,1.0215260416666667,-125.86435011056685,3.0077142268979444,-120.39834810779703,0.2,0.25,-10,10,400,0.7,0.5,eq,1,35,5,5
3.7378786914194815,-97.3964960215078,1.7398467296524174,-186.70306484691756,0.3064578125,-79.44934750214182,2.864700581064611,-119.13240047898321,0.2,0.25,-10,2,500,0.8,1,eff,1,35,0,5
5.327510845438027,-97.19987474980884,1.6648435882347152,-236.6703560113653,1.0215260416666667,-128.5996351156938,3.0077142268979444,-120.58414799790151,0.2,0.25,-10,10,400,0.7,0.5,eq,0.5,6.5,5,5
3.7378786914194815,-97.91502633725602,1.6648435882347152,-199.450257845645,1.0215260416666667,-86.109764231929,3.0077142268979444,-117.69793565587428,0.2,0.25,-10,10,400,0.7,0.5,eq,0.5,6.5,0,5
3.7378786914194815,-100.40969001363109,1.6648435882347152,-201.94492152202008,1.0215260416666667,-88.95763252711203,3.0077142268979444,-117.89138299876001,0.2,0.25,-10,10,400,0.7,0.5,eq,0.5,35,0,5
3.7378786914194815,-97.3964960215078,1.6648435882347152,-198.9317275298968,1.0215260416666667,-85.51781828737538,3.0077142268979444,-117.657726503541,0.2,0.25,-10,10,400,0.7,0.5,eq,1,35,0,5
5.327510845438027,-94.80383130978498,1.6648435882347152,-228.1166823134861,1.0215260416666667,-125.34762596064739,3.0077142268979444,-120.363248551411,0.2,0.25,-10,10,400,0.7,0.5,eff,1,6.5,5,5
5.327510845438027,-94.80383130978498,1.6648435882347152,-228.1166823134861,1.0215260416666667,-125.34762596064739,3.0077142268979444,-120.363248551411,0.2,0.25,-10,10,400,0.7,0.5,eff,1,35,5,5
3.7378786914194815,-96.24059247727779,1.6648435882347152,-192.71015708568203,1.0215260416666667,-85.2268559110087,3.0077142268979444,-117.63796228246281,0.2,0.25,-10,10,400,0.7,0.5,eff,1,6.5,0,5
3.7378786914194815,-97.3964960215078,1.6648435882347152,-193.86606062991206,1.0215260416666667,-86.53666363711127,3.0077142268979444,-117.72693368073084,0.2,0.25,-10,10,400,0.7,0.5,eff,1,35,0,5
5.327510845438027,-99.12385130279266,1.6648435882347152,-238.59433256434912,1.0215260416666667,-130.79601608582055,3.0077142268979444,-120.7333417170614,0.2,0.25,-10,10,400,0.7,0.5,eq,0.5,35,5,5
3.7378786914194815,-100.40969001363109,1.6648435882347152,-196.87925462203535,1.0215260416666667,-89.95105300441573,3.0077142268979444,-117.95886313891535,0.2,0.25,-10,10,400,0.7,0.5,eff,0.5,35,0,5
3.7378786914194815,-97.91502633725602,1.6648435882347152,-194.38459094566028,1.0215260416666667,-87.12423430171367,3.0077142268979444,-117.76684563312601,0.2,0.25,-10,10,400,0.7,0.5,eff,0.5,6.5,0,5
5.327510845438027,-97.19987474980884,1.6648435882347152,-230.51272575350998,1.0215260416666667,-128.06269351581847,3.0077142268979444,-120.54767512942077,0.2,0.25,-10,10,400,0.7,0.5,eff,0.5,6.5,5,5
3.7378786914194815,-96.24059247727779,1.7398467296524174,-190.23420489025668,1.0215260416666667,-76.80516880351715,3.0077142268979444,-117.0659017709863,0.2,0.25,-10,10,400,0.7,1,eq,1,6.5,0,5
3.7378786914194815,-97.3964960215078,1.7398467296524174,-191.39010843448668,1.0215260416666667,-78.12299329272275,3.0077142268979444,-117.15541772446558,0.2,0.25,-10,10,400,0.7,1,eq,1,35,0,5
5.327510845438027,-97.19987474980884,1.7398467296524174,-228.62306381903014,1.0215260416666667,-120.57160473278277,3.0077142268979444,-120.03882743346128,0.2,0.25,-10,10,400,0.7,1,eq,0.5,6.5,5,5
3.7378786914194815,-97.91502633725602,1.7398467296524174,-191.9086387502349,1.0215260416666667,-78.71416022179325,3.0077142268979444,-117.19557396056123,0.2,0.25,-10,10,400,0.7,1,eq,0.5,6.5,0,5
3.7378786914194815,-100.40969001363109,1.7398467296524174,-194.40330242660997,1.0215260416666667,-81.55828065156867,3.0077142268979444,-117.3887667219392,0.2,0.25,-10,10,400,0.7,1,eq,0.5,35,0,5
5.327510845438027,-94.80383130978498,1.7398467296524174,-220.42979123542017,1.0215260416666667,-117.62668424902652,3.0077142268979444,-119.83878761997823,0.2,0.25,-10,10,400,0.7,1,eff,1,6.5,5,5
5.327510845438027,-94.80383130978498,1.7398467296524174,-226.22702037900632,1.0215260416666667,-117.83991943062601,3.0077142268979444,-119.85327206062458,0.2,0.25,-10,10,400,0.7,1,eq,1,6.5,5,5
5.327510845438027,-94.80383130978498,1.7398467296524174,-226.22702037900632,1.0215260416666667,-117.83991943062601,3.0077142268979444,-119.85327206062458,0.2,0.25,-10,10,400,0.7,1,eq,1,35,5,5
5.327510845438027,-99.12385130279266,1.7398467296524174,-230.54704037201395,1.0215260416666667,-122.76509521111423,3.0077142268979444,-120.18782480998902,0.2,0.25,-10,10,400,0.7,1,eq,0.5,35,5,5
5.327510845438027,-99.12385130279266,1.6648435882347152,-232.4367023064938,1.0215260416666667,-130.2428402646007,3.0077142268979444,-120.69576610552613,0.2,0.25,-10,10,400,0.7,0.5,eff,0.5,35,5,5
3.7378786914194815,-96.24059247727779,1.7398467296524174,-185.54716130268756,1.0215260416666667,-78.14384739367192,3.0077142268979444,-117.15683428239554,0.2,0.25,-10,10,400,0.7,1,eff,1,6.5,0,5
5.327510845438027,-97.19987474980884,1.7398467296524174,-222.82583467544404,1.0215260416666667,-120.33871004591329,3.0077142268979444,-120.02300758026674,0.2,0.25,-10,10,400,0.7,1,eff,0.5,6.5,5,5
3.7378786914194815,-97.91502633725602,1.7398467296524174,-187.22159516266578,1.0215260416666667,-80.03910010387686,3.0077142268979444,-117.28557324181521,0.2,0.25,-10,10,400,0.7,1,eff,0.5,6.5,0,5
5.327510845438027,-94.80383130978498,1.7398467296524174,-220.42979123542017,1.0215260416666667,-117.62668424902652,3.0077142268979444,-119.83878761997823,0.2,0.25,-10,10,400,0.7,1,eff,1,35,5,5
3.7378786914194815,-100.40969001363109,1.7398467296524174,-189.71625883904088,1.0215260416666667,-82.86275185065024,3.0077142268979444,-117.47737562557425,0.2,0.25,-10,10,400,0.7,1,eff,0.5,35,0,5
5.327510845438027,-99.12385130279266,1.7398467296524174,-224.74981122842786,1.0215260416666667,-122.5164143217231,3.0077142268979444,-120.17093264634482,0.2,0.25,-10,10,400,0.7,1,eff,0.5,35,5,5
5.327510845438027,-94.80383130978498,1.6648435882347152,-234.2743125713414,1.0215260416666667,-125.86435011056685,3.0077142268979444,-120.39834810779703,0.2,0.25,-10,10,400,0.8,0.5,eq,1,35,5,5
5.327510845438027,-94.80383130978498,1.6648435882347152,-234.2743125713414,1.0215260416666667,-125.86435011056685,3.0077142268979444,-120.39834810779703,0.2,0.25,-10,10,400,0.8,0.5,eq,1,6.5,5,5
3.7378786914194815,-97.3964960215078,1.7398467296524174,-186.70306484691756,1.0215260416666667,-79.45218770935438,3.0077142268979444,-117.24570600377638,0.2,0.25,-10,10,400,0.7,1,eff,1,35,0,5
3.7378786914194815,-97.91502633725602,1.6648435882347152,-199.450257845645,1.0215260416666667,-86.109764231929,3.0077142268979444,-117.69793565587428,0.2,0.25,-10,10,400,0.8,0.5,eq,0.5,6.5,0,5
3.7378786914194815,-96.24059247727779,1.6648435882347152,-197.7758239856668,1.0215260416666667,-84.1982572230913,3.0077142268979444,-117.56809258960865,0.2,0.25,-10,10,400,0.8,0.5,eq,1,6.5,0,5
5.327510845438027,-99.12385130279266,1.6648435882347152,-238.59433256434912,1.0215260416666667,-130.79601608582055,3.0077142268979444,-120.7333417170614,0.2,0.25,-10,10,400,0.8,0.5,eq,0.5,35,5,5
5.327510845438027,-94.80383130978498,1.6648435882347152,-228.1166823134861,1.0215260416666667,-125.34762596064739,3.0077142268979444,-120.363248551411,0.2,0.25,-10,10,400,0.8,0.5,eff,1,6.5,5,5
5.327510845438027,-94.80383130978498,1.6648435882347152,-228.1166823134861,1.0215260416666667,-125.34762596064739,3.0077142268979444,-120.363248551411,0.2,0.25,-10,10,400,0.8,0.5,eff,1,35,5,5
5.327510845438027,-97.19987474980884,1.6648435882347152,-230.51272575350998,1.0215260416666667,-128.06269351581847,3.0077142268979444,-120.54767512942077,0.2,0.25,-10,10,400,0.8,0.5,eff,0.5,6.5,5,5
5.327510845438027,-97.19987474980884,1.6648435882347152,-236.6703560113653,1.0215260416666667,-128.5996351156938,3.0077142268979444,-120.58414799790151,0.2,0.25,-10,10,400,0.8,0.5,eq,0.5,6.5,5,5
3.7378786914194815,-97.91502633725602,1.6648435882347152,-194.38459094566028,1.0215260416666667,-87.12423430171367,3.0077142268979444,-117.76684563312601,0.2,0.25,-10,10,400,0.8,0.5,eff,0.5,6.5,0,5
3.7378786914194815,-97.3964960215078,1.6648435882347152,-198.9317275298968,1.0215260416666667,-85.51781828737538,3.0077142268979444,-117.657726503541,0.2,0.25,-10,10,400,0.8,0.5,eq,1,35,0,5
3.7378786914194815,-97.3964960215078,1.6648435882347152,-193.86606062991206,1.0215260416666667,-86.53666363711127,3.0077142268979444,-117.72693368073084,0.2,0.25,-10,10,400,0.8,0.5,eff,1,35,0,5
3.7378786914194815,-100.40969001363109,1.6648435882347152,-201.94492152202008,1.0215260416666667,-88.95763252711203,3.0077142268979444,-117.89138299876001,0.2,0.25,-10,10,400,0.8,0.5,eq,0.5,35,0,5
3.7378786914194815,-96.24059247727779,1.6648435882347152,-192.71015708568203,1.0215260416666667,-85.2268559110087,3.0077142268979444,-117.63796228246281,0.2,0.25,-10,10,400,0.8,0.5,eff,1,6.5,0,5
3.7378786914194815,-96.24059247727779,1.7398467296524174,-190.23420489025668,1.0215260416666667,-76.80516880351715,3.0077142268979444,-117.0659017709863,0.2,0.25,-10,10,400,0.8,1,eq,1,6.5,0,5
5.327510845438027,-99.12385130279266,1.6648435882347152,-232.4367023064938,1.0215260416666667,-130.2428402646007,3.0077142268979444,-120.69576610552613,0.2,0.25,-10,10,400,0.8,0.5,eff,0.5,35,5,5
3.7378786914194815,-97.3964960215078,1.7398467296524174,-191.39010843448668,1.0215260416666667,-78.12299329272275,3.0077142268979444,-117.15541772446558,0.2,0.25,-10,10,400,0.8,1,eq,1,35,0,5
3.7378786914194815,-100.40969001363109,1.6648435882347152,-196.87925462203535,1.0215260416666667,-89.95105300441573,3.0077142268979444,-117.95886313891535,0.2,0.25,-10,10,400,0.8,0.5,eff,0.5,35,0,5
5.327510845438027,-94.80383130978498,1.7398467296524174,-226.22702037900632,1.0215260416666667,-117.83991943062601,3.0077142268979444,-119.85327206062458,0.2,0.25,-10,10,400,0.8,1,eq,1,6.5,5,5
5.327510845438027,-94.80383130978498,1.7398467296524174,-226.22702037900632,1.0215260416666667,-117.83991943062601,3.0077142268979444,-119.85327206062458,0.2,0.25,-10,10,400,0.8,1,eq,1,35,5,5
5.327510845438027,-97.19987474980884,1.7398467296524174,-228.62306381903014,1.0215260416666667,-120.57160473278277,3.0077142268979444,-120.03882743346128,0.2,0.25,-10,10,400,0.8,1,eq,0.5,6.5,5,5
5.327510845438027,-99.12385130279266,1.7398467296524174,-230.54704037201395,1.0215260416666667,-122.76509521111423,3.0077142268979444,-120.18782480998902,0.2,0.25,-10,10,400,0.8,1,eq,0.5,35,5,5
3.7378786914194815,-97.91502633725602,1.7398467296524174,-191.9086387502349,1.0215260416666667,-78.71416022179325,3.0077142268979444,-117.19557396056123,0.2,0.25,-10,10,400,0.8,1,eq,0.5,6.5,0,5
5.327510845438027,-94.80383130978498,1.7398467296524174,-220.42979123542017,1.0215260416666667,-117.62668424902652,3.0077142268979444,-119.83878761997823,0.2,0.25,-10,10,400,0.8,1,eff,1,35,5,5
3.7378786914194815,-97.3964960215078,1.7398467296524174,-186.70306484691756,1.0215260416666667,-79.45218770935438,3.0077142268979444,-117.24570600377638,0.2,0.25,-10,10,400,0.8,1,eff,1,35,0,5
3.7378786914194815,-96.24059247727779,1.7398467296524174,-185.54716130268756,1.0215260416666667,-78.14384739367192,3.0077142268979444,-117.15683428239554,0.2,0.25,-10,10,400,0.8,1,eff,1,6.5,0,5
3.7378786914194815,-100.40969001363109,1.7398467296524174,-194.40330242660997,1.0215260416666667,-81.55828065156867,3.0077142268979444,-117.3887667219392,0.2,0.25,-10,10,400,0.8,1,eq,0.5,35,0,5
3.7378786914194815,-97.91502633725602,1.7398467296524174,-187.22159516266578,1.0215260416666667,-80.03910010387686,3.0077142268979444,-117.28557324181521,0.2,0.25,-10,10,400,0.8,1,eff,0.5,6.5,0,5
5.327510845438027,-99.12385130279266,1.7398467296524174,-224.74981122842786,1.0215260416666667,-122.5164143217231,3.0077142268979444,-120.17093264634482,0.2,0.25,-10,10,400,0.8,1,eff,0.5,35,5,5
3.7378786914194815,-100.40969001363109,1.7398467296524174,-189.71625883904088,1.0215260416666667,-82.86275185065024,3.0077142268979444,-117.47737562557425,0.2,0.25,-10,10,400,0.8,1,eff,0.5,35,0,5
5.327510845438027,-94.80383130978498,1.7398467296524174,-220.42979123542017,1.0215260416666667,-117.62668424902652,3.0077142268979444,-119.83878761997823,0.2,0.25,-10,10,400,0.8,1,eff,1,6.5,5,5
5.327510845438027,-94.80383130978498,1.6648435882347152,-234.2743125713414,1.5322890624999999,-125.8666458074505,3.109866831064611,-120.57812103814369,0.2,0.25,-10,10,500,0.7,0.5,eq,1,6.5,5,5
3.7378786914194815,-96.24059247727779,1.6648435882347152,-197.7758239856668,1.5322890624999999,-84.20055291987045,3.109866831064611,-116.47218969915507,0.2,0.25,-10,10,500,0.7,0.5,eq,1,6.5,0,5
5.327510845438027,-97.19987474980884,1.7398467296524174,-222.82583467544404,1.0215260416666667,-120.33871004591329,3.0077142268979444,-120.02300758026674,0.2,0.25,-10,10,400,0.8,1,eff,0.5,6.5,5,5
5.327510845438027,-94.80383130978498,1.6648435882347152,-234.2743125713414,1.5322890624999999,-125.8666458074505,3.109866831064611,-120.57812103814369,0.2,0.25,-10,10,500,0.7,0.5,eq,1,35,5,5
3.7378786914194815,-97.3964960215078,1.6648435882347152,-198.9317275298968,1.5322890624999999,-85.52011398415333,3.109866831064611,-116.60222414088128,0.2,0.25,-10,10,500,0.7,0.5,eq,1,35,0,5
3.7378786914194815,-97.91502633725602,1.6648435882347152,-199.450257845645,1.5322890624999999,-86.11205992877754,3.109866831064611,-116.66055668988152,0.2,0.25,-10,10,500,0.7,0.5,eq,0.5,6.5,0,5
5.327510845438027,-94.80383130978498,1.6648435882347152,-228.1166823134861,1.5322890624999999,-125.34976888595556,3.109866831064611,-120.52718606912482,0.2,0.25,-10,10,500,0.7,0.5,eff,1,6.5,5,5
3.7378786914194815,-97.3964960215078,1.6648435882347152,-193.86606062991206,1.5322890624999999,-86.53880656241778,3.109866831064611,-116.70260988602831,0.2,0.25,-10,10,500,0.7,0.5,eff,1,35,0,5
5.327510845438027,-97.19987474980884,1.6648435882347152,-236.6703560113653,1.5322890624999999,-128.60193081239547,3.109866831064611,-120.84766616811716,0.2,0.25,-10,10,500,0.7,0.5,eq,0.5,6.5,5,5
5.327510845438027,-99.12385130279266,1.6648435882347152,-238.59433256434912,1.5322890624999999,-130.79831178264496,3.109866831064611,-121.06410569563508,0.2,0.25,-10,10,500,0.7,0.5,eq,0.5,35,5,5
5.327510845438027,-97.19987474980884,1.6648435882347152,-230.51272575350998,1.5322890624999999,-128.06483644105876,3.109866831064611,-120.7947388966013,0.2,0.25,-10,10,500,0.7,0.5,eff,0.5,6.5,5,5
5.327510845438027,-94.80383130978498,1.7398467296524174,-226.22702037900632,1.5322890624999999,-117.84208999229153,3.109866831064611,-119.78735154382558,0.2,0.25,-10,10,500,0.7,1,eq,1,35,5,5
5.327510845438027,-99.12385130279266,1.6648435882347152,-232.4367023064938,1.5322890624999999,-130.24498318996137,3.109866831064611,-121.00957864373252,0.2,0.25,-10,10,500,0.7,0.5,eff,0.5,35,5,5
3.7378786914194815,-96.24059247727779,1.6648435882347152,-192.71015708568203,1.5322890624999999,-85.22899883631626,3.109866831064611,-116.57353657442326,0.2,0.25,-10,10,500,0.7,0.5,eff,1,6.5,0,5
5.327510845438027,-94.80383130978498,1.7398467296524174,-226.22702037900632,1.5322890624999999,-117.84208999229153,3.109866831064611,-119.78735154382558,0.2,0.25,-10,10,500,0.7,1,eq,1,6.5,5,5
3.7378786914194815,-96.24059247727779,1.7398467296524174,-190.23420489025668,1.5322890624999999,-76.80733936513562,3.109866831064611,-115.74363501292295,0.2,0.25,-10,10,500,0.7,1,eq,1,6.5,0,5
3.7378786914194815,-97.91502633725602,1.6648435882347152,-194.38459094566028,1.5322890624999999,-87.12637722710036,3.109866831064611,-116.76051127871479,0.2,0.25,-10,10,500,0.7,0.5,eff,0.5,6.5,0,5
5.327510845438027,-94.80383130978498,1.6648435882347152,-228.1166823134861,1.5322890624999999,-125.34976888595556,3.109866831064611,-120.52718606912482,0.2,0.25,-10,10,500,0.7,0.5,eff,1,35,5,5
3.7378786914194815,-100.40969001363109,1.6648435882347152,-196.87925462203535,1.5322890624999999,-89.95319592980574,3.109866831064611,-117.03907647877787,0.2,0.25,-10,10,500,0.7,0.5,eff,0.5,35,0,5
3.7378786914194815,-97.3964960215078,1.7398467296524174,-191.39010843448668,1.5322890624999999,-78.1251638543414,3.109866831064611,-115.87349832609983,0.2,0.25,-10,10,500,0.7,1,eq,1,35,0,5
3.7378786914194815,-97.91502633725602,1.7398467296524174,-191.9086387502349,1.5322890624999999,-78.71633078338479,3.109866831064611,-115.93175410801548,0.2,0.25,-10,10,500,0.7,1,eq,0.5,6.5,0,5
5.327510845438027,-99.12385130279266,1.7398467296524174,-230.54704037201395,1.5322890624999999,-122.76726577279285,3.109866831064611,-120.27269663345874,0.2,0.25,-10,10,500,0.7,1,eq,0.5,35,5,5
5.327510845438027,-97.19987474980884,1.7398467296524174,-228.62306381903014,1.5322890624999999,-120.57377529436073,3.109866831064611,-120.05654194572568,0.2,0.25,-10,10,500,0.7,1,eq,0.5,6.5,5,5
3.7378786914194815,-100.40969001363109,1.6648435882347152,-201.94492152202008,1.5322890624999999,-88.95992822385799,3.109866831064611,-116.94119619485355,0.2,0.25,-10,10,500,0.7,0.5,eq,0.5,35,0,5
3.7378786914194815,-100.40969001363109,1.7398467296524174,-194.40330242660997,1.5322890624999999,-81.56045121318621,3.109866831064611,-116.21202428444144,0.2,0.25,-10,10,500,0.7,1,eq,0.5,35,0,5
5.327510845438027,-94.80383130978498,1.7398467296524174,-220.42979123542017,1.5322890624999999,-117.62871296846565,3.109866831064611,-119.76632458045012,0.2,0.25,-10,10,500,0.7,1,eff,1,6.5,5,5
3.7378786914194815,-96.24059247727779,1.7398467296524174,-185.54716130268756,1.5322890624999999,-78.14587611302548,3.109866831064611,-115.8755393888956,0.2,0.25,-10,10,500,0.7,1,eff,1,6.5,0,5
5.327510845438027,-94.80383130978498,1.7398467296524174,-220.42979123542017,1.5322890624999999,-117.62871296846565,3.109866831064611,-119.76632458045012,0.2,0.25,-10,10,500,0.7,1,eff,1,35,5,5
5.327510845438027,-97.19987474980884,1.7398467296524174,-222.82583467544404,1.5322890624999999,-120.3407387653449,3.109866831064611,-120.0335776617888,0.2,0.25,-10,10,500,0.7,1,eff,0.5,6.5,5,5
3.7378786914194815,-97.3964960215078,1.7398467296524174,-186.70306484691756,1.5322890624999999,-79.45421642874155,3.109866831064611,-116.0044680964385,0.2,0.25,-10,10,500,0.7,1,eff,1,35,0,5
3.7378786914194815,-100.40969001363109,1.7398467296524174,-189.71625883904088,1.5322890624999999,-82.86478057010012,3.109866831064611,-116.34055773722685,0.2,0.25,-10,10,500,0.7,1,eff,0.5,35,0,5
5.327510845438027,-99.12385130279266,1.7398467296524174,-224.74981122842786,1.5322890624999999,-122.51844304109245,3.109866831064611,-120.2481767185557,0.2,0.25,-10,10,500,0.7,1,eff,0.5,35,5,5
5.327510845438027,-94.80383130978498,1.6648435882347152,-234.2743125713414,1.5322890624999999,-125.8666458074505,3.109866831064611,-120.57812103814369,0.2,0.25,-10,10,500,0.8,0.5,eq,1,6.5,5,5
3.7378786914194815,-97.91502633725602,1.7398467296524174,-187.22159516266578,1.5322890624999999,-80.04112882325539,3.109866831064611,-116.06230462074085,0.2,0.25,-10,10,500,0.7,1,eff,0.5,6.5,0,5
5.327510845438027,-94.80383130978498,1.6648435882347152,-234.2743125713414,1.5322890624999999,-125.8666458074505,3.109866831064611,-120.57812103814369,0.2,0.25,-10,10,500,0.8,0.5,eq,1,35,5,5
3.7378786914194815,-97.3964960215078,1.6648435882347152,-198.9317275298968,1.5322890624999999,-85.52011398415333,3.109866831064611,-116.60222414088128,0.2,0.25,-10,10,500,0.8,0.5,eq,1,35,0,5
3.7378786914194815,-100.40969001363109,1.6648435882347152,-201.94492152202008,1.5322890624999999,-88.95992822385799,3.109866831064611,-116.94119619485355,0.2,0.25,-10,10,500,0.8,0.5,eq,0.5,35,0,5
3.7378786914194815,-96.24059247727779,1.6648435882347152,-197.7758239856668,1.5322890624999999,-84.20055291987045,3.109866831064611,-116.47218969915507,0.2,0.25,-10,10,500,0.8,0.5,eq,1,6.5,0,5
5.327510845438027,-99.12385130279266,1.6648435882347152,-238.59433256434912,1.5322890624999999,-130.79831178264496,3.109866831064611,-121.06410569563508,0.2,0.25,-10,10,500,0.8,0.5,eq,0.5,35,5,5
5.327510845438027,-97.19987474980884,1.6648435882347152,-236.6703560113653,1.5322890624999999,-128.60193081239547,3.109866831064611,-120.84766616811716,0.2,0.25,-10,10,500,0.8,0.5,eq,0.5,6.5,5,5
5.327510845438027,-94.80383130978498,1.6648435882347152,-228.1166823134861,1.5322890624999999,-125.34976888595556,3.109866831064611,-120.52718606912482,0.2,0.25,-10,10,500,0.8,0.5,eff,1,6.5,5,5
5.327510845438027,-99.12385130279266,1.6648435882347152,-232.4367023064938,1.5322890624999999,-130.24498318996137,3.109866831064611,-121.00957864373252,0.2,0.25,-10,10,500,0.8,0.5,eff,0.5,35,5,5
5.327510845438027,-94.80383130978498,1.6648435882347152,-228.1166823134861,1.5322890624999999,-125.34976888595556,3.109866831064611,-120.52718606912482,0.2,0.25,-10,10,500,0.8,0.5,eff,1,35,5,5
3.7378786914194815,-96.24059247727779,1.7398467296524174,-190.23420489025668,1.5322890624999999,-76.80733936513562,3.109866831064611,-115.74363501292295,0.2,0.25,-10,10,500,0.8,1,eq,1,6.5,0,5
3.7378786914194815,-96.24059247727779,1.6648435882347152,-192.71015708568203,1.5322890624999999,-85.22899883631626,3.109866831064611,-116.57353657442326,0.2,0.25,-10,10,500,0.8,0.5,eff,1,6.5,0,5
3.7378786914194815,-97.3964960215078,1.6648435882347152,-193.86606062991206,1.5322890624999999,-86.53880656241778,3.109866831064611,-116.70260988602831,0.2,0.25,-10,10,500,0.8,0.5,eff,1,35,0,5
3.7378786914194815,-97.91502633725602,1.6648435882347152,-194.38459094566028,1.5322890624999999,-87.12637722710036,3.109866831064611,-116.76051127871479,0.2,0.25,-10,10,500,0.8,0.5,eff,0.5,6.5,0,5
3.7378786914194815,-100.40969001363109,1.6648435882347152,-196.87925462203535,1.5322890624999999,-89.95319592980574,3.109866831064611,-117.03907647877787,0.2,0.25,-10,10,500,0.8,0.5,eff,0.5,35,0,5
5.327510845438027,-94.80383130978498,1.7398467296524174,-226.22702037900632,1.5322890624999999,-117.84208999229153,3.109866831064611,-119.78735154382558,0.2,0.25,-10,10,500,0.8,1,eq,1,6.5,5,5
5.327510845438027,-94.80383130978498,1.7398467296524174,-226.22702037900632,1.5322890624999999,-117.84208999229153,3.109866831064611,-119.78735154382558,0.2,0.25,-10,10,500,0.8,1,eq,1,35,5,5
5.327510845438027,-97.19987474980884,1.6648435882347152,-230.51272575350998,1.5322890624999999,-128.06483644105876,3.109866831064611,-120.7947388966013,0.2,0.25,-10,10,500,0.8,0.5,eff,0.5,6.5,5,5
3.7378786914194815,-97.91502633725602,1.6648435882347152,-199.450257845645,1.5322890624999999,-86.11205992877754,3.109866831064611,-116.66055668988152,0.2,0.25,-10,10,500,0.8,0.5,eq,0.5,6.5,0,5
3.7378786914194815,-97.3964960215078,1.7398467296524174,-191.39010843448668,1.5322890624999999,-78.1251638543414,3.109866831064611,-115.87349832609983,0.2,0.25,-10,10,500,0.8,1,eq,1,35,0,5
5.327510845438027,-97.19987474980884,1.7398467296524174,-228.62306381903014,1.5322890624999999,-120.57377529436073,3.109866831064611,-120.05654194572568,0.2,0.25,-10,10,500,0.8,1,eq,0.5,6.5,5,5
5.327510845438027,-99.12385130279266,1.7398467296524174,-230.54704037201395,1.5322890624999999,-122.76726577279285,3.109866831064611,-120.27269663345874,0.2,0.25,-10,10,500,0.8,1,eq,0.5,35,5,5
3.7378786914194815,-97.91502633725602,1.7398467296524174,-191.9086387502349,1.5322890624999999,-78.71633078338479,3.109866831064611,-115.93175410801548,0.2,0.25,-10,10,500,0.8,1,eq,0.5,6.5,0,5
5.327510845438027,-94.80383130978498,1.7398467296524174,-220.42979123542017,1.5322890624999999,-117.62871296846565,3.109866831064611,-119.76632458045012,0.2,0.25,-10,10,500,0.8,1,eff,1,6.5,5,5
3.7378786914194815,-96.24059247727779,1.7398467296524174,-185.54716130268756,1.5322890624999999,-78.14587611302548,3.109866831064611,-115.8755393888956,0.2,0.25,-10,10,500,0.8,1,eff,1,6.5,0,5
3.7378786914194815,-100.40969001363109,1.7398467296524174,-194.40330242660997,1.5322890624999999,-81.56045121318621,3.109866831064611,-116.21202428444144,0.2,0.25,-10,10,500,0.8,1,eq,0.5,35,0,5
3.7378786914194815,-97.3964960215078,1.7398467296524174,-186.70306484691756,1.5322890624999999,-79.45421642874155,3.109866831064611,-116.0044680964385,0.2,0.25,-10,10,500,0.8,1,eff,1,35,0,5
5.327510845438027,-94.80383130978498,1.7398467296524174,-220.42979123542017,1.5322890624999999,-117.62871296846565,3.109866831064611,-119.76632458045012,0.2,0.25,-10,10,500,0.8,1,eff,1,35,5,5
5.327510845438027,-99.12385130279266,1.7398467296524174,-224.74981122842786,1.5322890624999999,-122.51844304109245,3.109866831064611,-120.2481767185557,0.2,0.25,-10,10,500,0.8,1,eff,0.5,35,5,5
3.7378786914194815,-100.40969001363109,1.7398467296524174,-189.71625883904088,1.5322890624999999,-82.86478057010012,3.109866831064611,-116.34055773722685,0.2,0.25,-10,10,500,0.8,1,eff,0.5,35,0,5
5.327510845438027,-97.19987474980884,1.7398467296524174,-222.82583467544404,1.5322890624999999,-120.3407387653449,3.109866831064611,-120.0335776617888,0.2,0.25,-10,10,500,0.8,1,eff,0.5,6.5,5,5
5.327510845438027,-94.80383130978498,0.664380693404857,-359.73381294510773,0.8172208333333333,-258.3097303928353,2.966853185231278,-127.61949352211921,0.2,1,-20,2,400,0.7,0.5,eff,1,35,5,5
3.7378786914194815,-97.91502633725602,1.7398467296524174,-187.22159516266578,1.5322890624999999,-80.04112882325539,3.109866831064611,-116.06230462074085,0.2,0.25,-10,10,500,0.8,1,eff,0.5,6.5,0,5
3.7378786914194815,-97.3964960215078,0.664380693404857,-340.38789573195845,0.8172208333333333,-227.1807933320092,2.966853185231278,-125.90459802191289,0.2,1,-20,2,400,0.7,0.5,eq,1,35,0,5
3.7378786914194815,-96.24059247727779,0.664380693404857,-339.23199218772845,0.8172208333333333,-225.8265007658386,2.966853185231278,-125.82998994187633,0.2,1,-20,2,400,0.7,0.5,eq,1,6.5,0,5
5.327510845438027,-94.80383130978498,0.664380693404857,-375.73048077340303,0.8172208333333333,-268.58926588132,2.966853185231278,-128.1857939106923,0.2,1,-20,2,400,0.7,0.5,eq,1,35,5,5
5.327510845438027,-94.80383130978498,0.664380693404857,-375.73048077340303,0.8172208333333333,-268.58926588132,2.966853185231278,-128.1857939106923,0.2,1,-20,2,400,0.7,0.5,eq,1,6.5,5,5
3.7378786914194815,-97.91502633725602,0.664380693404857,-340.90642604770665,0.8172208333333333,-227.78831958711206,2.966853185231278,-125.93806668931707,0.2,1,-20,2,400,0.7,0.5,eq,0.5,6.5,0,5
5.327510845438027,-94.80383130978498,0.664380693404857,-359.73381294510773,0.8172208333333333,-258.3097303928353,2.966853185231278,-127.61949352211921,0.2,1,-20,2,400,0.7,0.5,eff,1,6.5,5,5
3.7378786914194815,-100.40969001363109,0.664380693404857,-343.4010897240817,0.8172208333333333,-230.7111451882505,2.966853185231278,-126.0990853730416,0.2,1,-20,2,400,0.7,0.5,eq,0.5,35,0,5
5.327510845438027,-97.19987474980884,0.664380693404857,-378.126524213427,0.8172208333333333,-271.39654494415373,2.966853185231278,-128.34044712687088,0.2,1,-20,2,400,0.7,0.5,eq,0.5,6.5,5,5
3.7378786914194815,-96.24059247727779,0.664380693404857,-324.3272877173037,0.8172208333333333,-217.2943398035315,2.966853185231278,-125.35995254828636,0.2,1,-20,2,400,0.7,0.5,eff,1,6.5,0,5
5.327510845438027,-99.12385130279266,0.664380693404857,-380.05050076641083,0.8172208333333333,-273.65073575127406,2.966853185231278,-128.46463066915447,0.2,1,-20,2,400,0.7,0.5,eq,0.5,35,5,5
3.7378786914194815,-97.3964960215078,0.664380693404857,-325.4831912615337,0.8172208333333333,-218.63335387026535,2.966853185231278,-125.43371893463184,0.2,1,-20,2,400,0.7,0.5,eff,1,35,0,5
3.7378786914194815,-97.91502633725602,0.664380693404857,-326.0017215772819,0.8172208333333333,-219.23402629702142,2.966853185231278,-125.46681002411341,0.2,1,-20,2,400,0.7,0.5,eff,0.5,6.5,0,5
5.327510845438027,-99.12385130279266,0.664380693404857,-364.0538329381154,0.8172208333333333,-263.31409911316905,2.966853185231278,-127.89518457392424,0.2,1,-20,2,400,0.7,0.5,eff,0.5,35,5,5
5.327510845438027,-94.80383130978498,0.6968241909147566,-363.32525016986153,0.8172208333333333,-255.01126116203747,2.966853185231278,-127.43778060238765,0.2,1,-20,2,400,0.7,1,eq,1,6.5,5,5
5.327510845438027,-97.19987474980884,0.664380693404857,-362.12985638513163,0.8172208333333333,-261.0853390394,2.966853185231278,-127.77240201266693,0.2,1,-20,2,400,0.7,0.5,eff,0.5,6.5,5,5
3.7378786914194815,-100.40969001363109,0.664380693404857,-328.49638525365697,0.8172208333333333,-222.12387793959977,2.966853185231278,-125.6260121699636,0.2,1,-20,2,400,0.7,0.5,eff,0.5,35,0,5
3.7378786914194815,-96.24059247727779,0.6968241909147566,-327.3324346811119,0.8172208333333333,-212.8950322962258,2.966853185231278,-125.11759436453073,0.2,1,-20,2,400,0.7,1,eq,1,6.5,0,5
5.327510845438027,-94.80383130978498,0.6968241909147566,-363.32525016986153,0.8172208333333333,-255.01126116203747,2.966853185231278,-127.43778060238765,0.2,1,-20,2,400,0.7,1,eq,1,35,5,5
3.7378786914194815,-97.91502633725602,0.6968241909147566,-329.0068685410901,0.8172208333333333,-214.85433552676437,2.966853185231278,-125.22553252788737,0.2,1,-20,2,400,0.7,1,eq,0.5,6.5,0,5
5.327510845438027,-97.19987474980884,0.6968241909147566,-365.72129360988544,0.8172208333333333,-257.8149405225065,2.966853185231278,-127.59223551069032,0.2,1,-20,2,400,0.7,1,eq,0.5,6.5,5,5
3.7378786914194815,-100.40969001363109,0.6968241909147566,-331.5015322174652,0.8172208333333333,-217.77341326252272,2.966853185231278,-125.38634474142441,0.2,1,-20,2,400,0.7,1,eq,0.5,35,0,5
3.7378786914194815,-97.3964960215078,0.6968241909147566,-314.32480908158317,0.8172208333333333,-206.5696356621874,2.966853185231278,-124.76912778491278,0.2,1,-20,2,400,0.7,1,eff,1,35,0,5
5.327510845438027,-94.80383130978498,0.6968241909147566,-348.0515354700857,0.8172208333333333,-245.5967033081543,2.966853185231278,-126.91913189721305,0.2,1,-20,2,400,0.7,1,eff,1,35,5,5
5.327510845438027,-99.12385130279266,0.6968241909147566,-367.6452701628692,0.8172208333333333,-260.0662408368315,2.966853185231278,-127.71625981550683,0.2,1,-20,2,400,0.7,1,eq,0.5,35,5,5
5.327510845438027,-97.19987474980884,0.6968241909147566,-350.4475789101096,0.8172208333333333,-248.36929820335146,2.966853185231278,-127.07187435996981,0.2,1,-20,2,400,0.7,1,eff,0.5,6.5,5,5
5.327510845438027,-94.80383130978498,0.6968241909147566,-348.0515354700857,0.8172208333333333,-245.5967033081543,2.966853185231278,-126.91913189721305,0.2,1,-20,2,400,0.7,1,eff,1,6.5,5,5
5.327510845438027,-94.80383130978498,0.664380693404857,-375.73048077340303,0.8172208333333333,-268.58926588132,2.966853185231278,-128.1857939106923,0.2,1,-20,2,400,0.8,0.5,eq,1,6.5,5,5
3.7378786914194815,-97.91502633725602,0.6968241909147566,-314.84333939733136,0.8172208333333333,-207.1696558798779,2.966853185231278,-124.80218294414736,0.2,1,-20,2,400,0.7,1,eff,0.5,6.5,0,5
3.7378786914194815,-96.24059247727779,0.6968241909147566,-313.16890553735317,0.8172208333333333,-205.23207549424296,2.966853185231278,-124.69544149396161,0.2,1,-20,2,400,0.7,1,eff,1,6.5,0,5
5.327510845438027,-99.12385130279266,0.6968241909147566,-352.3715554630934,0.8172208333333333,-250.59563829425946,2.966853185231278,-127.19452360418792,0.2,1,-20,2,400,0.7,1,eff,0.5,35,5,5
3.7378786914194815,-96.24059247727779,0.664380693404857,-339.23199218772845,0.8172208333333333,-225.8265007658386,2.966853185231278,-125.82998994187633,0.2,1,-20,2,400,0.8,0.5,eq,1,6.5,0,5
3.7378786914194815,-97.3964960215078,0.6968241909147566,-328.4883382253419,0.8172208333333333,-214.24758828683372,2.966853185231278,-125.19210677648817,0.2,1,-20,2,400,0.7,1,eq,1,35,0,5
3.7378786914194815,-97.3964960215078,0.664380693404857,-340.38789573195845,0.8172208333333333,-227.1807933320092,2.966853185231278,-125.90459802191289,0.2,1,-20,2,400,0.8,0.5,eq,1,35,0,5
3.7378786914194815,-97.91502633725602,0.664380693404857,-340.90642604770665,0.8172208333333333,-227.78831958711206,2.966853185231278,-125.93806668931707,0.2,1,-20,2,400,0.8,0.5,eq,0.5,6.5,0,5
3.7378786914194815,-100.40969001363109,0.6968241909147566,-317.3380030737065,0.8172208333333333,-210.05636972612123,2.966853185231278,-124.96121222855993,0.2,1,-20,2,400,0.7,1,eff,0.5,35,0,5
5.327510845438027,-97.19987474980884,0.664380693404857,-378.126524213427,0.8172208333333333,-271.39654494415373,2.966853185231278,-128.34044712687088,0.2,1,-20,2,400,0.8,0.5,eq,0.5,6.5,5,5
5.327510845438027,-94.80383130978498,0.664380693404857,-375.73048077340303,0.8172208333333333,-268.58926588132,2.966853185231278,-128.1857939106923,0.2,1,-20,2,400,0.8,0.5,eq,1,35,5,5
5.327510845438027,-99.12385130279266,0.664380693404857,-380.05050076641083,0.8172208333333333,-273.65073575127406,2.966853185231278,-128.46463066915447,0.2,1,-20,2,400,0.8,0.5,eq,0.5,35,5,5
5.327510845438027,-94.80383130978498,0.664380693404857,-359.73381294510773,0.8172208333333333,-258.3097303928353,2.966853185231278,-127.61949352211921,0.2,1,-20,2,400,0.8,0.5,eff,1,6.5,5,5
3.7378786914194815,-100.40969001363109,0.664380693404857,-343.4010897240817,0.8172208333333333,-230.7111451882505,2.966853185231278,-126.0990853730416,0.2,1,-20,2,400,0.8,0.5,eq,0.5,35,0,5
3.7378786914194815,-100.40969001363109,0.664380693404857,-328.49638525365697,0.8172208333333333,-222.12387793959977,2.966853185231278,-125.6260121699636,0.2,1,-20,2,400,0.8,0.5,eff,0.5,35,0,5
5.327510845438027,-94.80383130978498,0.664380693404857,-359.73381294510773,0.8172208333333333,-258.3097303928353,2.966853185231278,-127.61949352211921,0.2,1,-20,2,400,0.8,0.5,eff,1,35,5,5
3.7378786914194815,-97.3964960215078,0.664380693404857,-325.4831912615337,0.8172208333333333,-218.63335387026535,2.966853185231278,-125.43371893463184,0.2,1,-20,2,400,0.8,0.5,eff,1,35,0,5
5.327510845438027,-99.12385130279266,0.664380693404857,-364.0538329381154,0.8172208333333333,-263.31409911316905,2.966853185231278,-127.89518457392424,0.2,1,-20,2,400,0.8,0.5,eff,0.5,35,5,5
3.7378786914194815,-97.91502633725602,0.664380693404857,-326.0017215772819,0.8172208333333333,-219.23402629702142,2.966853185231278,-125.46681002411341,0.2,1,-20,2,400,0.8,0.5,eff,0.5,6.5,0,5
3.7378786914194815,-96.24059247727779,0.664380693404857,-324.3272877173037,0.8172208333333333,-217.2943398035315,2.966853185231278,-125.35995254828636,0.2,1,-20,2,400,0.8,0.5,eff,1,6.5,0,5
5.327510845438027,-94.80383130978498,0.6968241909147566,-363.32525016986153,0.8172208333333333,-255.01126116203747,2.966853185231278,-127.43778060238765,0.2,1,-20,2,400,0.8,1,eq,1,6.5,5,5
5.327510845438027,-97.19987474980884,0.664380693404857,-362.12985638513163,0.8172208333333333,-261.0853390394,2.966853185231278,-127.77240201266693,0.2,1,-20,2,400,0.8,0.5,eff,0.5,6.5,5,5
5.327510845438027,-94.80383130978498,0.6968241909147566,-363.32525016986153,0.8172208333333333,-255.01126116203747,2.966853185231278,-127.43778060238765,0.2,1,-20,2,400,0.8,1,eq,1,35,5,5
5.327510845438027,-97.19987474980884,0.6968241909147566,-365.72129360988544,0.8172208333333333,-257.8149405225065,2.966853185231278,-127.59223551069032,0.2,1,-20,2,400,0.8,1,eq,0.5,6.5,5,5
5.327510845438027,-99.12385130279266,0.6968241909147566,-367.6452701628692,0.8172208333333333,-260.0662408368315,2.966853185231278,-127.71625981550683,0.2,1,-20,2,400,0.8,1,eq,0.5,35,5,5
3.7378786914194815,-96.24059247727779,0.6968241909147566,-327.3324346811119,0.8172208333333333,-212.8950322962258,2.966853185231278,-125.11759436453073,0.2,1,-20,2,400,0.8,1,eq,1,6.5,0,5
5.327510845438027,-94.80383130978498,0.6968241909147566,-348.0515354700857,0.8172208333333333,-245.5967033081543,2.966853185231278,-126.91913189721305,0.2,1,-20,2,400,0.8,1,eff,1,6.5,5,5
3.7378786914194815,-97.3964960215078,0.6968241909147566,-328.4883382253419,0.8172208333333333,-214.24758828683372,2.966853185231278,-125.19210677648817,0.2,1,-20,2,400,0.8,1,eq,1,35,0,5
5.327510845438027,-94.80383130978498,0.6968241909147566,-348.0515354700857,0.8172208333333333,-245.5967033081543,2.966853185231278,-126.91913189721305,0.2,1,-20,2,400,0.8,1,eff,1,35,5,5
3.7378786914194815,-97.91502633725602,0.6968241909147566,-329.0068685410901,0.8172208333333333,-214.85433552676437,2.966853185231278,-125.22553252788737,0.2,1,-20,2,400,0.8,1,eq,0.5,6.5,0,5
3.7378786914194815,-100.40969001363109,0.6968241909147566,-331.5015322174652,0.8172208333333333,-217.77341326252272,2.966853185231278,-125.38634474142441,0.2,1,-20,2,400,0.8,1,eq,0.5,35,0,5
3.7378786914194815,-96.24059247727779,0.6968241909147566,-313.16890553735317,0.8172208333333333,-205.23207549424296,2.966853185231278,-124.69544149396161,0.2,1,-20,2,400,0.8,1,eff,1,6.5,0,5
3.7378786914194815,-97.91502633725602,0.6968241909147566,-314.84333939733136,0.8172208333333333,-207.1696558798779,2.966853185231278,-124.80218294414736,0.2,1,-20,2,400,0.8,1,eff,0.5,6.5,0,5
5.327510845438027,-99.12385130279266,0.6968241909147566,-352.3715554630934,0.8172208333333333,-250.59563829425946,2.966853185231278,-127.19452360418792,0.2,1,-20,2,400,0.8,1,eff,0.5,35,5,5
5.327510845438027,-97.19987474980884,0.6968241909147566,-350.4475789101096,0.8172208333333333,-248.36929820335146,2.966853185231278,-127.07187435996981,0.2,1,-20,2,400,0.8,1,eff,0.5,6.5,5,5
3.7378786914194815,-100.40969001363109,0.6968241909147566,-317.3380030737065,0.8172208333333333,-210.05636972612123,2.966853185231278,-124.96121222855993,0.2,1,-20,2,400,0.8,1,eff,0.5,35,0,5
3.7378786914194815,-96.24059247727779,0.664380693404857,-339.23199218772845,1.22583125,-225.82793218103063,3.048575268564611,-128.51067629709323,0.2,1,-20,2,500,0.7,0.5,eq,1,6.5,0,5
5.327510845438027,-94.80383130978498,0.664380693404857,-375.73048077340303,1.22583125,-268.5906972971425,3.048575268564611,-131.94965543966308,0.2,1,-20,2,500,0.7,0.5,eq,1,6.5,5,5
5.327510845438027,-94.80383130978498,0.664380693404857,-375.73048077340303,1.22583125,-268.5906972971425,3.048575268564611,-131.94965543966308,0.2,1,-20,2,500,0.7,0.5,eq,1,35,5,5
3.7378786914194815,-96.24059247727779,0.664380693404857,-324.3272877173037,1.22583125,-217.2956460760584,3.048575268564611,-127.82451033299414,0.2,1,-20,2,500,0.7,0.5,eff,1,6.5,0,5
3.7378786914194815,-97.3964960215078,0.6968241909147566,-314.32480908158317,0.8172208333333333,-206.5696356621874,2.966853185231278,-124.76912778491278,0.2,1,-20,2,400,0.8,1,eff,1,35,0,5
3.7378786914194815,-97.91502633725602,0.664380693404857,-340.90642604770665,1.22583125,-227.78975100269963,3.048575268564611,-128.66844565533987,0.2,1,-20,2,500,0.7,0.5,eq,0.5,6.5,0,5
5.327510845438027,-97.19987474980884,0.664380693404857,-378.126524213427,1.22583125,-271.39797635999355,3.048575268564611,-132.17541666250042,0.2,1,-20,2,500,0.7,0.5,eq,0.5,6.5,5,5
5.327510845438027,-94.80383130978498,0.664380693404857,-359.73381294510773,1.22583125,-258.31103666523074,3.048575268564611,-131.12296571532346,0.2,1,-20,2,500,0.7,0.5,eff,1,6.5,5,5
3.7378786914194815,-97.3964960215078,0.664380693404857,-325.4831912615337,1.22583125,-218.6346601432646,3.048575268564611,-127.93219376824972,0.2,1,-20,2,500,0.7,0.5,eff,1,35,0,5
3.7378786914194815,-97.3964960215078,0.664380693404857,-340.38789573195845,1.22583125,-227.1822247470026,3.048575268564611,-128.61958842835207,0.2,1,-20,2,500,0.7,0.5,eq,1,35,0,5
3.7378786914194815,-97.91502633725602,0.664380693404857,-326.0017215772819,1.22583125,-219.2353325699757,3.048575268564611,-127.9804998106997,0.2,1,-20,2,500,0.7,0.5,eff,0.5,6.5,0,5
3.7378786914194815,-96.24059247727779,0.6968241909147566,-327.3324346811119,1.22583125,-212.8963833853412,3.048575268564611,-127.47072187719665,0.2,1,-20,2,500,0.7,1,eq,1,6.5,0,5
5.327510845438027,-99.12385130279266,0.664380693404857,-380.05050076641083,1.22583125,-273.6521671661645,3.048575268564611,-132.35669855913977,0.2,1,-20,2,500,0.7,0.5,eq,0.5,35,5,5
5.327510845438027,-99.12385130279266,0.664380693404857,-364.0538329381154,1.22583125,-263.3154053870751,3.048575268564611,-131.52541676378627,0.2,1,-20,2,500,0.7,0.5,eff,0.5,35,5,5
5.327510845438027,-94.80383130978498,0.664380693404857,-359.73381294510773,1.22583125,-258.31103666523074,3.048575268564611,-131.12296571532346,0.2,1,-20,2,500,0.7,0.5,eff,1,35,5,5
5.327510845438027,-94.80383130978498,0.6968241909147566,-363.32525016986153,1.22583125,-255.01261225138495,3.048575268564611,-130.8577066112464,0.2,1,-20,2,500,0.7,1,eq,1,35,5,5
3.7378786914194815,-100.40969001363109,0.664380693404857,-343.4010897240817,1.22583125,-230.7125766033527,3.048575268564611,-128.90349912418654,0.2,1,-20,2,500,0.7,0.5,eq,0.5,35,0,5
5.327510845438027,-97.19987474980884,0.664380693404857,-362.12985638513163,1.22583125,-261.08664531181245,3.048575268564611,-131.34618000508257,0.2,1,-20,2,500,0.7,0.5,eff,0.5,6.5,5,5
5.327510845438027,-97.19987474980884,0.6968241909147566,-365.72129360988544,1.22583125,-257.8162916109072,3.048575268564611,-131.08317834614635,0.2,1,-20,2,500,0.7,1,eq,0.5,6.5,5,5
3.7378786914194815,-100.40969001363109,0.664380693404857,-328.49638525365697,1.22583125,-222.1251842126317,3.048575268564611,-128.2129015157165,0.2,1,-20,2,500,0.7,0.5,eff,0.5,35,0,5
3.7378786914194815,-97.91502633725602,0.6968241909147566,-329.0068685410901,1.22583125,-214.85568661589497,3.048575268564611,-127.62828893174871,0.2,1,-20,2,500,0.7,1,eq,0.5,6.5,0,5
5.327510845438027,-94.80383130978498,0.6968241909147566,-363.32525016986153,1.22583125,-255.01261225138495,3.048575268564611,-130.8577066112464,0.2,1,-20,2,500,0.7,1,eq,1,6.5,5,5
3.7378786914194815,-97.3964960215078,0.6968241909147566,-328.4883382253419,1.22583125,-214.24893937577394,3.048575268564611,-127.57949435314919,0.2,1,-20,2,500,0.7,1,eq,1,35,0,5
3.7378786914194815,-96.24059247727779,0.6968241909147566,-313.16890553735317,1.22583125,-205.2333097179514,3.048575268564611,-126.85445792797412,0.2,1,-20,2,500,0.7,1,eff,1,6.5,0,5
5.327510845438027,-94.80383130978498,0.6968241909147566,-348.0515354700857,1.22583125,-245.59793753136415,3.048575268564611,-130.10057900482707,0.2,1,-20,2,500,0.7,1,eff,1,6.5,5,5
5.327510845438027,-99.12385130279266,0.6968241909147566,-367.6452701628692,1.22583125,-260.0675919262452,3.048575268564611,-131.26422778967705,0.2,1,-20,2,500,0.7,1,eq,0.5,35,5,5
3.7378786914194815,-100.40969001363109,0.6968241909147566,-331.5015322174652,1.22583125,-217.77476435120502,3.048575268564611,-127.86304099747714,0.2,1,-20,2,500,0.7,1,eq,0.5,35,0,5
5.327510845438027,-94.80383130978498,0.6968241909147566,-348.0515354700857,1.22583125,-245.59793753136415,3.048575268564611,-130.10057900482707,0.2,1,-20,2,500,0.7,1,eff,1,35,5,5
5.327510845438027,-97.19987474980884,0.6968241909147566,-350.4475789101096,1.22583125,-248.37053242669927,3.048575268564611,-130.32355092888216,0.2,1,-20,2,500,0.7,1,eff,0.5,6.5,5,5
3.7378786914194815,-100.40969001363109,0.6968241909147566,-317.3380030737065,1.22583125,-210.057603949912,3.048575268564611,-127.24242739618519,0.2,1,-20,2,500,0.7,1,eff,0.5,35,0,5
3.7378786914194815,-96.24059247727779,0.664380693404857,-339.23199218772845,1.22583125,-225.82793218103063,3.048575268564611,-128.51067629709323,0.2,1,-20,2,500,0.8,0.5,eq,1,6.5,0,5
5.327510845438027,-94.80383130978498,0.664380693404857,-375.73048077340303,1.22583125,-268.5906972971425,3.048575268564611,-131.94965543966308,0.2,1,-20,2,500,0.8,0.5,eq,1,35,5,5
5.327510845438027,-94.80383130978498,0.664380693404857,-375.73048077340303,1.22583125,-268.5906972971425,3.048575268564611,-131.94965543966308,0.2,1,-20,2,500,0.8,0.5,eq,1,6.5,5,5
3.7378786914194815,-97.91502633725602,0.6968241909147566,-314.84333939733136,1.22583125,-207.17089010371424,3.048575268564611,-127.01027803258147,0.2,1,-20,2,500,0.7,1,eff,0.5,6.5,0,5
3.7378786914194815,-97.91502633725602,0.664380693404857,-340.90642604770665,1.22583125,-227.78975100269963,3.048575268564611,-128.66844565533987,0.2,1,-20,2,500,0.8,0.5,eq,0.5,6.5,0,5
3.7378786914194815,-97.3964960215078,0.6968241909147566,-314.32480908158317,1.22583125,-206.57086988617166,3.048575268564611,-126.96202444075577,0.2,1,-20,2,500,0.7,1,eff,1,35,0,5
5.327510845438027,-99.12385130279266,0.664380693404857,-380.05050076641083,1.22583125,-273.6521671661645,3.048575268564611,-132.35669855913977,0.2,1,-20,2,500,0.8,0.5,eq,0.5,35,5,5
5.327510845438027,-97.19987474980884,0.664380693404857,-378.126524213427,1.22583125,-271.39797635999355,3.048575268564611,-132.17541666250042,0.2,1,-20,2,500,0.8,0.5,eq,0.5,6.5,5,5
5.327510845438027,-99.12385130279266,0.6968241909147566,-352.3715554630934,1.22583125,-250.5968725173792,3.048575268564611,-130.50259307256306,0.2,1,-20,2,500,0.7,1,eff,0.5,35,5,5
3.7378786914194815,-100.40969001363109,0.664380693404857,-343.4010897240817,1.22583125,-230.7125766033527,3.048575268564611,-128.90349912418654,0.2,1,-20,2,500,0.8,0.5,eq,0.5,35,0,5
5.327510845438027,-94.80383130978498,0.664380693404857,-359.73381294510773,1.22583125,-258.31103666523074,3.048575268564611,-131.12296571532346,0.2,1,-20,2,500,0.8,0.5,eff,1,6.5,5,5
3.7378786914194815,-97.3964960215078,0.664380693404857,-340.38789573195845,1.22583125,-227.1822247470026,3.048575268564611,-128.61958842835207,0.2,1,-20,2,500,0.8,0.5,eq,1,35,0,5
5.327510845438027,-94.80383130978498,0.664380693404857,-359.73381294510773,1.22583125,-258.31103666523074,3.048575268564611,-131.12296571532346,0.2,1,-20,2,500,0.8,0.5,eff,1,35,5,5
3.7378786914194815,-96.24059247727779,0.664380693404857,-324.3272877173037,1.22583125,-217.2956460760584,3.048575268564611,-127.82451033299414,0.2,1,-20,2,500,0.8,0.5,eff,1,6.5,0,5
3.7378786914194815,-97.3964960215078,0.664380693404857,-325.4831912615337,1.22583125,-218.6346601432646,3.048575268564611,-127.93219376824972,0.2,1,-20,2,500,0.8,0.5,eff,1,35,0,5
3.7378786914194815,-97.91502633725602,0.664380693404857,-326.0017215772819,1.22583125,-219.2353325699757,3.048575268564611,-127.9804998106997,0.2,1,-20,2,500,0.8,0.5,eff,0.5,6.5,0,5
5.327510845438027,-94.80383130978498,0.6968241909147566,-363.32525016986153,1.22583125,-255.01261225138495,3.048575268564611,-130.8577066112464,0.2,1,-20,2,500,0.8,1,eq,1,35,5,5
5.327510845438027,-97.19987474980884,0.664380693404857,-362.12985638513163,1.22583125,-261.08664531181245,3.048575268564611,-131.34618000508257,0.2,1,-20,2,500,0.8,0.5,eff,0.5,6.5,5,5
3.7378786914194815,-97.91502633725602,0.6968241909147566,-329.0068685410901,1.22583125,-214.85568661589497,3.048575268564611,-127.62828893174871,0.2,1,-20,2,500,0.8,1,eq,0.5,6.5,0,5
5.327510845438027,-99.12385130279266,0.664380693404857,-364.0538329381154,1.22583125,-263.3154053870751,3.048575268564611,-131.52541676378627,0.2,1,-20,2,500,0.8,0.5,eff,0.5,35,5,5
5.327510845438027,-97.19987474980884,0.6968241909147566,-365.72129360988544,1.22583125,-257.8162916109072,3.048575268564611,-131.08317834614635,0.2,1,-20,2,500,0.8,1,eq,0.5,6.5,5,5
5.327510845438027,-94.80383130978498,0.6968241909147566,-363.32525016986153,1.22583125,-255.01261225138495,3.048575268564611,-130.8577066112464,0.2,1,-20,2,500,0.8,1,eq,1,6.5,5,5
3.7378786914194815,-96.24059247727779,0.6968241909147566,-327.3324346811119,1.22583125,-212.8963833853412,3.048575268564611,-127.47072187719665,0.2,1,-20,2,500,0.8,1,eq,1,6.5,0,5
5.327510845438027,-94.80383130978498,0.6968241909147566,-348.0515354700857,1.22583125,-245.59793753136415,3.048575268564611,-130.10057900482707,0.2,1,-20,2,500,0.8,1,eff,1,6.5,5,5
3.7378786914194815,-97.3964960215078,0.6968241909147566,-328.4883382253419,1.22583125,-214.24893937577394,3.048575268564611,-127.57949435314919,0.2,1,-20,2,500,0.8,1,eq,1,35,0,5
3.7378786914194815,-100.40969001363109,0.664380693404857,-328.49638525365697,1.22583125,-222.1251842126317,3.048575268564611,-128.2129015157165,0.2,1,-20,2,500,0.8,0.5,eff,0.5,35,0,5
3.7378786914194815,-100.40969001363109,0.6968241909147566,-331.5015322174652,1.22583125,-217.77476435120502,3.048575268564611,-127.86304099747714,0.2,1,-20,2,500,0.8,1,eq,0.5,35,0,5
5.327510845438027,-94.80383130978498,0.6968241909147566,-348.0515354700857,1.22583125,-245.59793753136415,3.048575268564611,-130.10057900482707,0.2,1,-20,2,500,0.8,1,eff,1,35,5,5
5.327510845438027,-99.12385130279266,0.6968241909147566,-367.6452701628692,1.22583125,-260.0675919262452,3.048575268564611,-131.26422778967705,0.2,1,-20,2,500,0.8,1,eq,0.5,35,5,5
3.7378786914194815,-96.24059247727779,0.6968241909147566,-313.16890553735317,1.22583125,-205.2333097179514,3.048575268564611,-126.85445792797412,0.2,1,-20,2,500,0.8,1,eff,1,6.5,0,5
3.7378786914194815,-96.24059247727779,0.664380693404857,-339.23199218772845,4.086104166666667,-225.83795208753074,3.6206298518979443,-143.8889317442724,0.2,1,-20,10,400,0.7,0.5,eq,1,6.5,0,5
3.7378786914194815,-97.3964960215078,0.6968241909147566,-314.32480908158317,1.22583125,-206.57086988617166,3.048575268564611,-126.96202444075577,0.2,1,-20,2,500,0.8,1,eff,1,35,0,5
5.327510845438027,-97.19987474980884,0.6968241909147566,-350.4475789101096,1.22583125,-248.37053242669927,3.048575268564611,-130.32355092888216,0.2,1,-20,2,500,0.8,1,eff,0.5,6.5,5,5
3.7378786914194815,-97.91502633725602,0.6968241909147566,-314.84333939733136,1.22583125,-207.17089010371424,3.048575268564611,-127.01027803258147,0.2,1,-20,2,500,0.8,1,eff,0.5,6.5,0,5
5.327510845438027,-99.12385130279266,0.6968241909147566,-352.3715554630934,1.22583125,-250.5968725173792,3.048575268564611,-130.50259307256306,0.2,1,-20,2,500,0.8,1,eff,0.5,35,5,5
3.7378786914194815,-100.40969001363109,0.6968241909147566,-317.3380030737065,1.22583125,-210.057603949912,3.048575268564611,-127.24242739618519,0.2,1,-20,2,500,0.8,1,eff,0.5,35,0,5
5.327510845438027,-94.80383130978498,0.664380693404857,-375.73048077340303,4.086104166666667,-268.6007172038382,3.6206298518979443,-153.54101549032762,0.2,1,-20,10,400,0.7,0.5,eq,1,6.5,5,5
5.327510845438027,-97.19987474980884,0.664380693404857,-378.126524213427,4.086104166666667,-271.4079962666974,3.6206298518979443,-154.174653014458,0.2,1,-20,10,400,0.7,0.5,eq,0.5,6.5,5,5
3.7378786914194815,-97.91502633725602,0.664380693404857,-340.90642604770665,4.086104166666667,-227.79977090939073,3.6206298518979443,-144.33173845968662,0.2,1,-20,10,400,0.7,0.5,eq,0.5,6.5,0,5
3.7378786914194815,-97.3964960215078,0.664380693404857,-340.38789573195845,4.086104166666667,-227.19224465368217,3.6206298518979443,-144.19461228737106,0.2,1,-20,10,400,0.7,0.5,eq,1,35,0,5
5.327510845438027,-94.80383130978498,0.664380693404857,-375.73048077340303,4.086104166666667,-268.6007172038382,3.6206298518979443,-153.54101549032762,0.2,1,-20,10,400,0.7,0.5,eq,1,35,5,5
5.327510845438027,-99.12385130279266,0.664380693404857,-380.05050076641083,4.086104166666667,-273.6621870727113,3.6206298518979443,-154.68345169433883,0.2,1,-20,10,400,0.7,0.5,eq,0.5,35,5,5
3.7378786914194815,-100.40969001363109,0.664380693404857,-343.4010897240817,4.086104166666667,-230.72259650990443,3.6206298518979443,-144.99145626312006,0.2,1,-20,10,400,0.7,0.5,eq,0.5,35,0,5
3.7378786914194815,-96.24059247727779,0.664380693404857,-324.3272877173037,4.086104166666667,-217.3047899871198,3.6206298518979443,-141.9628917656177,0.2,1,-20,10,400,0.7,0.5,eff,1,6.5,0,5
5.327510845438027,-94.80383130978498,0.664380693404857,-359.73381294510773,4.086104166666667,-258.32018057586686,3.6206298518979443,-151.22057151955815,0.2,1,-20,10,400,0.7,0.5,eff,1,6.5,5,5
5.327510845438027,-99.12385130279266,0.664380693404857,-364.0538329381154,4.086104166666667,-263.3245492977107,3.6206298518979443,-152.350119290101,0.2,1,-20,10,400,0.7,0.5,eff,0.5,35,5,5
5.327510845438027,-97.19987474980884,0.664380693404857,-362.12985638513163,4.086104166666667,-261.09578922244594,3.6206298518979443,-151.84706063994568,0.2,1,-20,10,400,0.7,0.5,eff,0.5,6.5,5,5
5.327510845438027,-94.80383130978498,0.664380693404857,-359.73381294510773,4.086104166666667,-258.32018057586686,3.6206298518979443,-151.22057151955815,0.2,1,-20,10,400,0.7,0.5,eff,1,35,5,5
5.327510845438027,-94.80383130978498,0.6968241909147566,-363.32525016986153,4.086104166666667,-255.02206987246512,3.6206298518979443,-150.47614723767623,0.2,1,-20,10,400,0.7,1,eq,1,6.5,5,5
5.327510845438027,-94.80383130978498,0.6968241909147566,-363.32525016986153,4.086104166666667,-255.02206987246512,3.6206298518979443,-150.47614723767623,0.2,1,-20,10,400,0.7,1,eq,1,35,5,5
3.7378786914194815,-97.3964960215078,0.664380693404857,-325.4831912615337,4.086104166666667,-218.64380405405987,3.6206298518979443,-142.26512376291944,0.2,1,-20,10,400,0.7,0.5,eff,1,35,0,5
3.7378786914194815,-96.24059247727779,0.6968241909147566,-327.3324346811119,4.086104166666667,-212.90584100643684,3.6206298518979443,-140.96999470106408,0.2,1,-20,10,400,0.7,1,eq,1,6.5,0,5
5.327510845438027,-97.19987474980884,0.6968241909147566,-365.72129360988544,4.086104166666667,-257.8257492324863,3.6206298518979443,-151.1089722644584,0.2,1,-20,10,400,0.7,1,eq,0.5,6.5,5,5
3.7378786914194815,-97.3964960215078,0.6968241909147566,-328.4883382253419,4.086104166666667,-214.2583969976693,3.6206298518979443,-141.2752832777755,0.2,1,-20,10,400,0.7,1,eq,1,35,0,5
3.7378786914194815,-100.40969001363109,0.664380693404857,-328.49638525365697,4.086104166666667,-222.13432812342344,3.6206298518979443,-143.05297811573047,0.2,1,-20,10,400,0.7,0.5,eff,0.5,35,0,5
3.7378786914194815,-97.91502633725602,0.664380693404857,-326.0017215772819,4.086104166666667,-219.24447648062275,3.6206298518979443,-142.4007029414258,0.2,1,-20,10,400,0.7,0.5,eff,0.5,6.5,0,5
3.7378786914194815,-97.91502633725602,0.6968241909147566,-329.0068685410901,4.086104166666667,-214.86514423698517,3.6206298518979443,-141.4122336164788,0.2,1,-20,10,400,0.7,1,eq,0.5,6.5,0,5
5.327510845438027,-99.12385130279266,0.6968241909147566,-367.6452701628692,4.086104166666667,-260.07704954794156,3.6206298518979443,-151.61711852495375,0.2,1,-20,10,400,0.7,1,eq,0.5,35,5,5
3.7378786914194815,-100.40969001363109,0.6968241909147566,-331.5015322174652,4.086104166666667,-217.78422197293654,3.6206298518979443,-142.07110548063474,0.2,1,-20,10,400,0.7,1,eq,0.5,35,0,5
5.327510845438027,-94.80383130978498,0.6968241909147566,-348.0515354700857,4.086104166666667,-245.60657709669053,3.6206298518979443,-148.35095433831657,0.2,1,-20,10,400,0.7,1,eff,1,6.5,5,5
3.7378786914194815,-96.24059247727779,0.6968241909147566,-313.16890553735317,4.086104166666667,-205.24194928301586,3.6206298518979443,-139.24015977261718,0.2,1,-20,10,400,0.7,1,eff,1,6.5,0,5
3.7378786914194815,-97.3964960215078,0.6968241909147566,-314.32480908158317,4.086104166666667,-206.5795094511565,3.6206298518979443,-139.54206360702003,0.2,1,-20,10,400,0.7,1,eff,1,35,0,5
5.327510845438027,-94.80383130978498,0.6968241909147566,-348.0515354700857,4.086104166666667,-245.60657709669053,3.6206298518979443,-148.35095433831657,0.2,1,-20,10,400,0.7,1,eff,1,35,5,5
5.327510845438027,-97.19987474980884,0.6968241909147566,-350.4475789101096,4.086104166666667,-248.37917199218143,3.6206298518979443,-148.97676321789632,0.2,1,-20,10,400,0.7,1,eff,0.5,6.5,5,5
3.7378786914194815,-97.91502633725602,0.6968241909147566,-314.84333939733136,4.086104166666667,-207.1795296687928,3.6206298518979443,-139.67749557392395,0.2,1,-20,10,400,0.7,1,eff,0.5,6.5,0,5
3.7378786914194815,-100.40969001363109,0.6968241909147566,-317.3380030737065,4.086104166666667,-210.06624351502816,3.6206298518979443,-140.3290625088258,0.2,1,-20,10,400,0.7,1,eff,0.5,35,0,5
5.327510845438027,-94.80383130978498,0.664380693404857,-375.73048077340303,4.086104166666667,-268.6007172038382,3.6206298518979443,-153.54101549032762,0.2,1,-20,10,400,0.8,0.5,eq,1,35,5,5
5.327510845438027,-99.12385130279266,0.6968241909147566,-352.3715554630934,4.086104166666667,-250.60551208291432,3.6206298518979443,-149.47927564768216,0.2,1,-20,10,400,0.7,1,eff,0.5,35,5,5
5.327510845438027,-97.19987474980884,0.664380693404857,-378.126524213427,4.086104166666667,-271.4079962666974,3.6206298518979443,-154.174653014458,0.2,1,-20,10,400,0.8,0.5,eq,0.5,6.5,5,5
3.7378786914194815,-96.24059247727779,0.664380693404857,-339.23199218772845,4.086104166666667,-225.83795208753074,3.6206298518979443,-143.8889317442724,0.2,1,-20,10,400,0.8,0.5,eq,1,6.5,0,5
5.327510845438027,-99.12385130279266,0.664380693404857,-380.05050076641083,4.086104166666667,-273.6621870727113,3.6206298518979443,-154.68345169433883,0.2,1,-20,10,400,0.8,0.5,eq,0.5,35,5,5
5.327510845438027,-94.80383130978498,0.664380693404857,-375.73048077340303,4.086104166666667,-268.6007172038382,3.6206298518979443,-153.54101549032762,0.2,1,-20,10,400,0.8,0.5,eq,1,6.5,5,5
3.7378786914194815,-97.3964960215078,0.664380693404857,-340.38789573195845,4.086104166666667,-227.19224465368217,3.6206298518979443,-144.19461228737106,0.2,1,-20,10,400,0.8,0.5,eq,1,35,0,5
3.7378786914194815,-97.91502633725602,0.664380693404857,-340.90642604770665,4.086104166666667,-227.79977090939073,3.6206298518979443,-144.33173845968662,0.2,1,-20,10,400,0.8,0.5,eq,0.5,6.5,0,5
3.7378786914194815,-100.40969001363109,0.664380693404857,-343.4010897240817,4.086104166666667,-230.72259650990443,3.6206298518979443,-144.99145626312006,0.2,1,-20,10,400,0.8,0.5,eq,0.5,35,0,5
3.7378786914194815,-96.24059247727779,0.664380693404857,-324.3272877173037,4.086104166666667,-217.3047899871198,3.6206298518979443,-141.9628917656177,0.2,1,-20,10,400,0.8,0.5,eff,1,6.5,0,5
5.327510845438027,-94.80383130978498,0.664380693404857,-359.73381294510773,4.086104166666667,-258.32018057586686,3.6206298518979443,-151.22057151955815,0.2,1,-20,10,400,0.8,0.5,eff,1,6.5,5,5
5.327510845438027,-94.80383130978498,0.664380693404857,-359.73381294510773,4.086104166666667,-258.32018057586686,3.6206298518979443,-151.22057151955815,0.2,1,-20,10,400,0.8,0.5,eff,1,35,5,5
5.327510845438027,-94.80383130978498,0.6968241909147566,-363.32525016986153,4.086104166666667,-255.02206987246512,3.6206298518979443,-150.47614723767623,0.2,1,-20,10,400,0.8,1,eq,1,6.5,5,5
3.7378786914194815,-97.3964960215078,0.664380693404857,-325.4831912615337,4.086104166666667,-218.64380405405987,3.6206298518979443,-142.26512376291944,0.2,1,-20,10,400,0.8,0.5,eff,1,35,0,5
5.327510845438027,-99.12385130279266,0.664380693404857,-364.0538329381154,4.086104166666667,-263.3245492977107,3.6206298518979443,-152.350119290101,0.2,1,-20,10,400,0.8,0.5,eff,0.5,35,5,5
5.327510845438027,-97.19987474980884,0.664380693404857,-362.12985638513163,4.086104166666667,-261.09578922244594,3.6206298518979443,-151.84706063994568,0.2,1,-20,10,400,0.8,0.5,eff,0.5,6.5,5,5
3.7378786914194815,-100.40969001363109,0.664380693404857,-328.49638525365697,4.086104166666667,-222.13432812342344,3.6206298518979443,-143.05297811573047,0.2,1,-20,10,400,0.8,0.5,eff,0.5,35,0,5
3.7378786914194815,-97.91502633725602,0.664380693404857,-326.0017215772819,4.086104166666667,-219.24447648062275,3.6206298518979443,-142.4007029414258,0.2,1,-20,10,400,0.8,0.5,eff,0.5,6.5,0,5
3.7378786914194815,-97.3964960215078,0.6968241909147566,-328.4883382253419,4.086104166666667,-214.2583969976693,3.6206298518979443,-141.2752832777755,0.2,1,-20,10,400,0.8,1,eq,1,35,0,5
5.327510845438027,-94.80383130978498,0.6968241909147566,-363.32525016986153,4.086104166666667,-255.02206987246512,3.6206298518979443,-150.47614723767623,0.2,1,-20,10,400,0.8,1,eq,1,35,5,5
5.327510845438027,-94.80383130978498,0.6968241909147566,-348.0515354700857,4.086104166666667,-245.60657709669053,3.6206298518979443,-148.35095433831657,0.2,1,-20,10,400,0.8,1,eff,1,35,5,5
3.7378786914194815,-100.40969001363109,0.6968241909147566,-317.3380030737065,4.086104166666667,-210.06624351502816,3.6206298518979443,-140.3290625088258,0.2,1,-20,10,400,0.8,1,eff,0.5,35,0,5
5.327510845438027,-97.19987474980884,0.6968241909147566,-350.4475789101096,4.086104166666667,-248.37917199218143,3.6206298518979443,-148.97676321789632,0.2,1,-20,10,400,0.8,1,eff,0.5,6.5,5,5
3.7378786914194815,-96.24059247727779,0.6968241909147566,-327.3324346811119,4.086104166666667,-212.90584100643684,3.6206298518979443,-140.96999470106408,0.2,1,-20,10,400,0.8,1,eq,1,6.5,0,5
3.7378786914194815,-97.91502633725602,0.6968241909147566,-329.0068685410901,4.086104166666667,-214.86514423698517,3.6206298518979443,-141.4122336164788,0.2,1,-20,10,400,0.8,1,eq,0.5,6.5,0,5
3.7378786914194815,-97.91502633725602,0.6968241909147566,-314.84333939733136,4.086104166666667,-207.1795296687928,3.6206298518979443,-139.67749557392395,0.2,1,-20,10,400,0.8,1,eff,0.5,6.5,0,5
5.327510845438027,-94.80383130978498,0.6968241909147566,-348.0515354700857,4.086104166666667,-245.60657709669053,3.6206298518979443,-148.35095433831657,0.2,1,-20,10,400,0.8,1,eff,1,6.5,5,5
5.327510845438027,-97.19987474980884,0.6968241909147566,-365.72129360988544,4.086104166666667,-257.8257492324863,3.6206298518979443,-151.1089722644584,0.2,1,-20,10,400,0.8,1,eq,0.5,6.5,5,5
5.327510845438027,-99.12385130279266,0.6968241909147566,-352.3715554630934,4.086104166666667,-250.60551208291432,3.6206298518979443,-149.47927564768216,0.2,1,-20,10,400,0.8,1,eff,0.5,35,5,5
3.7378786914194815,-97.3964960215078,0.6968241909147566,-314.32480908158317,4.086104166666667,-206.5795094511565,3.6206298518979443,-139.54206360702003,0.2,1,-20,10,400,0.8,1,eff,1,35,0,5
3.7378786914194815,-100.40969001363109,0.6968241909147566,-331.5015322174652,4.086104166666667,-217.78422197293654,3.6206298518979443,-142.07110548063474,0.2,1,-20,10,400,0.8,1,eq,0.5,35,0,5
5.327510845438027,-99.12385130279266,0.6968241909147566,-367.6452701628692,4.086104166666667,-260.07704954794156,3.6206298518979443,-151.61711852495375,0.2,1,-20,10,400,0.8,1,eq,0.5,35,5,5
3.7378786914194815,-96.24059247727779,0.6968241909147566,-313.16890553735317,4.086104166666667,-205.24194928301586,3.6206298518979443,-139.24015977261718,0.2,1,-20,10,400,0.8,1,eff,1,6.5,0,5
3.7378786914194815,-96.24059247727779,0.664380693404857,-339.23199218772845,6.129156249999999,-225.84510916354068,4.029240268564611,-152.2016642900652,0.2,1,-20,10,500,0.7,0.5,eq,1,6.5,0,5
5.327510845438027,-94.80383130978498,0.664380693404857,-375.73048077340303,6.129156249999999,-268.6078742796527,4.029240268564611,-165.21154464510656,0.2,1,-20,10,500,0.7,0.5,eq,1,35,5,5
5.327510845438027,-94.80383130978498,0.664380693404857,-375.73048077340303,6.129156249999999,-268.6078742796527,4.029240268564611,-165.21154464510656,0.2,1,-20,10,500,0.7,0.5,eq,1,6.5,5,5
3.7378786914194815,-97.3964960215078,0.664380693404857,-340.38789573195845,6.129156249999999,-227.1994017295126,4.029240268564611,-152.61368592152823,0.2,1,-20,10,500,0.7,0.5,eq,1,35,0,5
5.327510845438027,-97.19987474980884,0.664380693404857,-378.126524213427,6.129156249999999,-271.41515334250374,4.029240268564611,-166.06561394188225,0.2,1,-20,10,500,0.7,0.5,eq,0.5,6.5,5,5
3.7378786914194815,-100.40969001363109,0.664380693404857,-343.4010897240817,6.129156249999999,-230.72975358586257,4.029240268564611,-153.68773843281002,0.2,1,-20,10,500,0.7,0.5,eq,0.5,35,0,5
3.7378786914194815,-97.3964960215078,0.664380693404857,-325.4831912615337,6.129156249999999,-218.65033541903182,4.029240268564611,-150.01277062653574,0.2,1,-20,10,500,0.7,0.5,eff,1,35,0,5
5.327510845438027,-99.12385130279266,0.664380693404857,-364.0538329381154,6.129156249999999,-263.3310806621938,4.029240268564611,-163.60616544581984,0.2,1,-20,10,500,0.7,0.5,eff,0.5,35,5,5
5.327510845438027,-94.80383130978498,0.664380693404857,-359.73381294510773,6.129156249999999,-258.32671194083696,4.029240268564611,-162.08366711951695,0.2,1,-20,10,500,0.7,0.5,eff,1,35,5,5
3.7378786914194815,-96.24059247727779,0.664380693404857,-324.3272877173037,6.129156249999999,-217.31132135178808,4.029240268564611,-149.60539723145118,0.2,1,-20,10,500,0.7,0.5,eff,1,6.5,0,5
5.327510845438027,-94.80383130978498,0.664380693404857,-359.73381294510773,6.129156249999999,-258.32671194083696,4.029240268564611,-162.08366711951695,0.2,1,-20,10,500,0.7,0.5,eff,1,6.5,5,5
3.7378786914194815,-97.91502633725602,0.664380693404857,-326.0017215772819,6.129156249999999,-219.25100784574212,4.029240268564611,-150.19551550710787,0.2,1,-20,10,500,0.7,0.5,eff,0.5,6.5,0,5
5.327510845438027,-99.12385130279266,0.664380693404857,-380.05050076641083,6.129156249999999,-273.6693441486744,4.029240268564611,-166.75141507298508,0.2,1,-20,10,500,0.7,0.5,eq,0.5,35,5,5
3.7378786914194815,-97.91502633725602,0.664380693404857,-340.90642604770665,6.129156249999999,-227.80692798520977,4.029240268564611,-152.7985159688301,0.2,1,-20,10,500,0.7,0.5,eq,0.5,6.5,0,5
5.327510845438027,-97.19987474980884,0.664380693404857,-362.12985638513163,6.129156249999999,-261.10232058741815,4.029240268564611,-162.9281012038515,0.2,1,-20,10,500,0.7,0.5,eff,0.5,6.5,5,5
5.327510845438027,-94.80383130978498,0.6968241909147566,-363.32525016986153,6.129156249999999,-255.02882531637778,4.029240268564611,-161.0803383990237,0.2,1,-20,10,500,0.7,1,eq,1,6.5,5,5
3.7378786914194815,-96.24059247727779,0.6968241909147566,-327.3324346811119,6.129156249999999,-212.91259645055325,4.029240268564611,-148.26715625184139,0.2,1,-20,10,500,0.7,1,eq,1,6.5,0,5
3.7378786914194815,-100.40969001363109,0.664380693404857,-328.49638525365697,6.129156249999999,-222.1408594883537,4.029240268564611,-151.07470617712437,0.2,1,-20,10,500,0.7,0.5,eff,0.5,35,0,5
5.327510845438027,-94.80383130978498,0.6968241909147566,-363.32525016986153,6.129156249999999,-255.02882531637778,4.029240268564611,-161.0803383990237,0.2,1,-20,10,500,0.7,1,eq,1,35,5,5
5.327510845438027,-94.80383130978498,0.6968241909147566,-348.0515354700857,6.129156249999999,-245.61274821469294,4.029240268564611,-158.21564907937514,0.2,1,-20,10,500,0.7,1,eff,1,6.5,5,5
3.7378786914194815,-97.3964960215078,0.6968241909147566,-328.4883382253419,6.129156249999999,-214.2651524410108,4.029240268564611,-148.67864955826283,0.2,1,-20,10,500,0.7,1,eq,1,35,0,5
5.327510845438027,-99.12385130279266,0.6968241909147566,-352.3715554630934,6.129156249999999,-250.6116832009167,4.029240268564611,-159.73649427955837,0.2,1,-20,10,500,0.7,1,eff,0.5,35,5,5
5.327510845438027,-99.12385130279266,0.6968241909147566,-367.6452701628692,6.129156249999999,-260.08380499117106,4.029240268564611,-162.6182342901723,0.2,1,-20,10,500,0.7,1,eq,0.5,35,5,5
3.7378786914194815,-97.91502633725602,0.6968241909147566,-314.84333939733136,6.129156249999999,-207.1857007867952,4.029240268564611,-146.52484077740957,0.2,1,-20,10,500,0.7,1,eff,0.5,6.5,0,5
5.327510845438027,-94.80383130978498,0.6968241909147566,-348.0515354700857,6.129156249999999,-245.61274821469294,4.029240268564611,-158.21564907937514,0.2,1,-20,10,500,0.7,1,eff,1,35,5,5
3.7378786914194815,-96.24059247727779,0.6968241909147566,-313.16890553735317,6.129156249999999,-205.24812040101824,4.029240268564611,-145.93536325113666,0.2,1,-20,10,500,0.7,1,eff,1,6.5,0,5
5.327510845438027,-97.19987474980884,0.6968241909147566,-365.72129360988544,6.129156249999999,-257.8325046766812,4.029240268564611,-161.93331254446088,0.2,1,-20,10,500,0.7,1,eq,0.5,6.5,5,5
5.327510845438027,-97.19987474980884,0.6968241909147566,-350.4475789101096,6.129156249999999,-248.3853431101838,4.029240268564611,-159.0591662786347,0.2,1,-20,10,500,0.7,1,eff,0.5,6.5,5,5
3.7378786914194815,-100.40969001363109,0.6968241909147566,-331.5015322174652,6.129156249999999,-217.7909774167038,4.029240268564611,-149.7513248392469,0.2,1,-20,10,500,0.7,1,eq,0.5,35,0,5
3.7378786914194815,-97.3964960215078,0.6968241909147566,-314.32480908158317,6.129156249999999,-206.58568056915905,4.029240268564611,-146.34229432091027,0.2,1,-20,10,500,0.7,1,eff,1,35,0,5
3.7378786914194815,-100.40969001363109,0.6968241909147566,-317.3380030737065,6.129156249999999,-210.07241463303055,4.029240268564611,-147.403076823577,0.2,1,-20,10,500,0.7,1,eff,0.5,35,0,5
3.7378786914194815,-96.24059247727779,0.664380693404857,-339.23199218772845,6.129156249999999,-225.84510916354068,4.029240268564611,-152.2016642900652,0.2,1,-20,10,500,0.8,0.5,eq,1,6.5,0,5
3.7378786914194815,-97.91502633725602,0.6968241909147566,-329.0068685410901,6.129156249999999,-214.87189968109016,4.029240268564611,-148.8632426026496,0.2,1,-20,10,500,0.7,1,eq,0.5,6.5,0,5
5.327510845438027,-94.80383130978498,0.664380693404857,-375.73048077340303,6.129156249999999,-268.6078742796527,4.029240268564611,-165.21154464510656,0.2,1,-20,10,500,0.8,0.5,eq,1,6.5,5,5
3.7378786914194815,-97.91502633725602,0.664380693404857,-340.90642604770665,6.129156249999999,-227.80692798520977,4.029240268564611,-152.7985159688301,0.2,1,-20,10,500,0.8,0.5,eq,0.5,6.5,0,5
3.7378786914194815,-97.3964960215078,0.664380693404857,-340.38789573195845,6.129156249999999,-227.1994017295126,4.029240268564611,-152.61368592152823,0.2,1,-20,10,500,0.8,0.5,eq,1,35,0,5
5.327510845438027,-97.19987474980884,0.664380693404857,-378.126524213427,6.129156249999999,-271.41515334250374,4.029240268564611,-166.06561394188225,0.2,1,-20,10,500,0.8,0.5,eq,0.5,6.5,5,5
5.327510845438027,-99.12385130279266,0.664380693404857,-380.05050076641083,6.129156249999999,-273.6693441486744,4.029240268564611,-166.75141507298508,0.2,1,-20,10,500,0.8,0.5,eq,0.5,35,5,5
5.327510845438027,-94.80383130978498,0.664380693404857,-359.73381294510773,6.129156249999999,-258.32671194083696,4.029240268564611,-162.08366711951695,0.2,1,-20,10,500,0.8,0.5,eff,1,6.5,5,5
5.327510845438027,-94.80383130978498,0.664380693404857,-375.73048077340303,6.129156249999999,-268.6078742796527,4.029240268564611,-165.21154464510656,0.2,1,-20,10,500,0.8,0.5,eq,1,35,5,5
3.7378786914194815,-100.40969001363109,0.664380693404857,-343.4010897240817,6.129156249999999,-230.72975358586257,4.029240268564611,-153.68773843281002,0.2,1,-20,10,500,0.8,0.5,eq,0.5,35,0,5
5.327510845438027,-94.80383130978498,0.664380693404857,-359.73381294510773,6.129156249999999,-258.32671194083696,4.029240268564611,-162.08366711951695,0.2,1,-20,10,500,0.8,0.5,eff,1,35,5,5
3.7378786914194815,-96.24059247727779,0.664380693404857,-324.3272877173037,6.129156249999999,-217.31132135178808,4.029240268564611,-149.60539723145118,0.2,1,-20,10,500,0.8,0.5,eff,1,6.5,0,5
3.7378786914194815,-97.3964960215078,0.664380693404857,-325.4831912615337,6.129156249999999,-218.65033541903182,4.029240268564611,-150.01277062653574,0.2,1,-20,10,500,0.8,0.5,eff,1,35,0,5
5.327510845438027,-94.80383130978498,0.6968241909147566,-363.32525016986153,6.129156249999999,-255.02882531637778,4.029240268564611,-161.0803383990237,0.2,1,-20,10,500,0.8,1,eq,1,6.5,5,5
3.7378786914194815,-100.40969001363109,0.664380693404857,-328.49638525365697,6.129156249999999,-222.1408594883537,4.029240268564611,-151.07470617712437,0.2,1,-20,10,500,0.8,0.5,eff,0.5,35,0,5
3.7378786914194815,-97.91502633725602,0.664380693404857,-326.0017215772819,6.129156249999999,-219.25100784574212,4.029240268564611,-150.19551550710787,0.2,1,-20,10,500,0.8,0.5,eff,0.5,6.5,0,5
5.327510845438027,-97.19987474980884,0.664380693404857,-362.12985638513163,6.129156249999999,-261.10232058741815,4.029240268564611,-162.9281012038515,0.2,1,-20,10,500,0.8,0.5,eff,0.5,6.5,5,5
5.327510845438027,-99.12385130279266,0.664380693404857,-364.0538329381154,6.129156249999999,-263.3310806621938,4.029240268564611,-163.60616544581984,0.2,1,-20,10,500,0.8,0.5,eff,0.5,35,5,5
3.7378786914194815,-97.3964960215078,0.6968241909147566,-328.4883382253419,6.129156249999999,-214.2651524410108,4.029240268564611,-148.67864955826283,0.2,1,-20,10,500,0.8,1,eq,1,35,0,5
3.7378786914194815,-96.24059247727779,0.6968241909147566,-327.3324346811119,6.129156249999999,-212.91259645055325,4.029240268564611,-148.26715625184139,0.2,1,-20,10,500,0.8,1,eq,1,6.5,0,5
5.327510845438027,-99.12385130279266,0.6968241909147566,-367.6452701628692,6.129156249999999,-260.08380499117106,4.029240268564611,-162.6182342901723,0.2,1,-20,10,500,0.8,1,eq,0.5,35,5,5
3.7378786914194815,-97.91502633725602,0.6968241909147566,-329.0068685410901,6.129156249999999,-214.87189968109016,4.029240268564611,-148.8632426026496,0.2,1,-20,10,500,0.8,1,eq,0.5,6.5,0,5
5.327510845438027,-94.80383130978498,0.6968241909147566,-348.0515354700857,6.129156249999999,-245.61274821469294,4.029240268564611,-158.21564907937514,0.2,1,-20,10,500,0.8,1,eff,1,35,5,5
5.327510845438027,-94.80383130978498,0.6968241909147566,-363.32525016986153,6.129156249999999,-255.02882531637778,4.029240268564611,-161.0803383990237,0.2,1,-20,10,500,0.8,1,eq,1,35,5,5
5.327510845438027,-97.19987474980884,0.6968241909147566,-365.72129360988544,6.129156249999999,-257.8325046766812,4.029240268564611,-161.93331254446088,0.2,1,-20,10,500,0.8,1,eq,0.5,6.5,5,5
3.7378786914194815,-100.40969001363109,0.6968241909147566,-317.3380030737065,6.129156249999999,-210.07241463303055,4.029240268564611,-147.403076823577,0.2,1,-20,10,500,0.8,1,eff,0.5,35,0,5
3.7378786914194815,-100.40969001363109,0.6968241909147566,-331.5015322174652,6.129156249999999,-217.7909774167038,4.029240268564611,-149.7513248392469,0.2,1,-20,10,500,0.8,1,eq,0.5,35,0,5
5.327510845438027,-94.80383130978498,1.6648435882347152,-234.2743125713414,0.8172208333333333,-125.86067699574055,2.966853185231278,-120.32286513954915,0.2,1,-10,2,400,0.7,0.5,eq,1,6.5,5,5
5.327510845438027,-94.80383130978498,0.6968241909147566,-348.0515354700857,6.129156249999999,-245.61274821469294,4.029240268564611,-158.21564907937514,0.2,1,-20,10,500,0.8,1,eff,1,6.5,5,5
3.7378786914194815,-96.24059247727779,0.6968241909147566,-313.16890553735317,6.129156249999999,-205.24812040101824,4.029240268564611,-145.93536325113666,0.2,1,-20,10,500,0.8,1,eff,1,6.5,0,5
5.327510845438027,-99.12385130279266,0.6968241909147566,-352.3715554630934,6.129156249999999,-250.6116832009167,4.029240268564611,-159.73649427955837,0.2,1,-20,10,500,0.8,1,eff,0.5,35,5,5
5.327510845438027,-97.19987474980884,0.6968241909147566,-350.4475789101096,6.129156249999999,-248.3853431101838,4.029240268564611,-159.0591662786347,0.2,1,-20,10,500,0.8,1,eff,0.5,6.5,5,5
3.7378786914194815,-96.24059247727779,1.6648435882347152,-197.7758239856668,0.8172208333333333,-84.194584108385,2.966853185231278,-118.02747692683613,0.2,1,-10,2,400,0.7,0.5,eq,1,6.5,0,5
3.7378786914194815,-97.91502633725602,0.6968241909147566,-314.84333939733136,6.129156249999999,-207.1857007867952,4.029240268564611,-146.52484077740957,0.2,1,-20,10,500,0.8,1,eff,0.5,6.5,0,5
3.7378786914194815,-97.3964960215078,0.6968241909147566,-314.32480908158317,6.129156249999999,-206.58568056915905,4.029240268564611,-146.34229432091027,0.2,1,-20,10,500,0.8,1,eff,1,35,0,5
3.7378786914194815,-100.40969001363109,1.6648435882347152,-201.94492152202008,0.8172208333333333,-88.95395941204983,2.966853185231278,-118.28967127276258,0.2,1,-10,2,400,0.7,0.5,eq,0.5,35,0,5
5.327510845438027,-94.80383130978498,1.6648435882347152,-234.2743125713414,0.8172208333333333,-125.86067699574055,2.966853185231278,-120.32286513954915,0.2,1,-10,2,400,0.7,0.5,eq,1,35,5,5
5.327510845438027,-97.19987474980884,1.6648435882347152,-236.6703560113653,0.8172208333333333,-128.59596200062379,2.966853185231278,-120.47355219762268,0.2,1,-10,2,400,0.7,0.5,eq,0.5,6.5,5,5
5.327510845438027,-99.12385130279266,1.6648435882347152,-238.59433256434912,0.8172208333333333,-130.79234297090645,2.966853185231278,-120.59455099161687,0.2,1,-10,2,400,0.7,0.5,eq,0.5,35,5,5
3.7378786914194815,-97.91502633725602,1.6648435882347152,-199.450257845645,0.8172208333333333,-86.10609111723618,2.966853185231278,-118.13278199272025,0.2,1,-10,2,400,0.7,0.5,eq,0.5,6.5,0,5
3.7378786914194815,-97.3964960215078,1.6648435882347152,-198.9317275298968,0.8172208333333333,-85.51414517271598,2.966853185231278,-118.10017164580611,0.2,1,-10,2,400,0.7,0.5,eq,1,35,0,5
3.7378786914194815,-96.24059247727779,1.6648435882347152,-192.71015708568203,0.8172208333333333,-85.22342723057984,2.966853185231278,-118.08415597235656,0.2,1,-10,2,400,0.7,0.5,eff,1,6.5,0,5
3.7378786914194815,-97.3964960215078,1.6648435882347152,-193.86606062991206,0.8172208333333333,-86.53323495668207,2.966853185231278,-118.15631337918475,0.2,1,-10,2,400,0.7,0.5,eff,1,35,0,5
5.327510845438027,-94.80383130978498,1.6648435882347152,-228.1166823134861,0.8172208333333333,-125.34419728022672,2.966853185231278,-120.29441223290627,0.2,1,-10,2,400,0.7,0.5,eff,1,6.5,5,5
5.327510845438027,-94.80383130978498,1.7398467296524174,-226.22702037900632,0.8172208333333333,-117.83644653219402,2.966853185231278,-119.88080967560366,0.2,1,-10,2,400,0.7,1,eq,1,6.5,5,5
5.327510845438027,-97.19987474980884,1.6648435882347152,-230.51272575350998,0.8172208333333333,-128.05926483515836,2.966853185231278,-120.44398551013091,0.2,1,-10,2,400,0.7,0.5,eff,0.5,6.5,5,5
5.327510845438027,-99.12385130279266,1.6648435882347152,-232.4367023064938,0.8172208333333333,-130.239411584121,2.966853185231278,-120.56408995964307,0.2,1,-10,2,400,0.7,0.5,eff,0.5,35,5,5
3.7378786914194815,-97.91502633725602,1.6648435882347152,-194.38459094566028,0.8172208333333333,-87.12080562139178,2.966853185231278,-118.18868269160276,0.2,1,-10,2,400,0.7,0.5,eff,0.5,6.5,0,5
5.327510845438027,-94.80383130978498,1.7398467296524174,-226.22702037900632,0.8172208333333333,-117.83644653219402,2.966853185231278,-119.88080967560366,0.2,1,-10,2,400,0.7,1,eq,1,35,5,5
5.327510845438027,-94.80383130978498,1.6648435882347152,-228.1166823134861,0.8172208333333333,-125.34419728022672,2.966853185231278,-120.29441223290627,0.2,1,-10,2,400,0.7,0.5,eff,1,35,5,5
3.7378786914194815,-100.40969001363109,1.6648435882347152,-196.87925462203535,0.8172208333333333,-89.94762432394036,2.966853185231278,-118.34441234801297,0.2,1,-10,2,400,0.7,0.5,eff,0.5,35,0,5
3.7378786914194815,-97.3964960215078,1.7398467296524174,-191.39010843448668,0.8172208333333333,-78.11952039424608,2.966853185231278,-117.69280120673409,0.2,1,-10,2,400,0.7,1,eq,1,35,0,5
5.327510845438027,-97.19987474980884,1.7398467296524174,-228.62306381903014,0.8172208333333333,-120.56813183405806,2.966853185231278,-120.03129842576521,0.2,1,-10,2,400,0.7,1,eq,0.5,6.5,5,5
3.7378786914194815,-96.24059247727779,1.7398467296524174,-190.23420489025668,0.8172208333333333,-76.80169590484542,2.966853185231278,-117.6202021558086,0.2,1,-10,2,400,0.7,1,eq,1,6.5,0,5
3.7378786914194815,-97.91502633725602,1.7398467296524174,-191.9086387502349,0.8172208333333333,-78.7106873231235,2.966853185231278,-117.7253686376175,0.2,1,-10,2,400,0.7,1,eq,0.5,6.5,0,5
5.327510845438027,-99.12385130279266,1.7398467296524174,-230.54704037201395,0.8172208333333333,-122.76162231262322,2.966853185231278,-120.15213798235169,0.2,1,-10,2,400,0.7,1,eq,0.5,35,5,5
3.7378786914194815,-100.40969001363109,1.7398467296524174,-194.40330242660997,0.8172208333333333,-81.55480775284535,2.966853185231278,-117.8820514474881,0.2,1,-10,2,400,0.7,1,eq,0.5,35,0,5
3.7378786914194815,-96.24059247727779,1.7398467296524174,-185.54716130268756,0.8172208333333333,-78.14060144274829,2.966853185231278,-117.69396256329267,0.2,1,-10,2,400,0.7,1,eff,1,6.5,0,5
5.327510845438027,-94.80383130978498,1.7398467296524174,-220.42979123542017,0.8172208333333333,-117.62343829818361,2.966853185231278,-119.86907503585986,0.2,1,-10,2,400,0.7,1,eff,1,6.5,5,5
3.7378786914194815,-97.91502633725602,1.7398467296524174,-187.22159516266578,0.8172208333333333,-80.0358541528115,2.966853185231278,-117.79837217862543,0.2,1,-10,2,400,0.7,1,eff,0.5,6.5,0,5
5.327510845438027,-97.19987474980884,1.7398467296524174,-222.82583467544404,0.8172208333333333,-120.33546409479345,2.966853185231278,-120.0184807423883,0.2,1,-10,2,400,0.7,1,eff,0.5,6.5,5,5
3.7378786914194815,-100.40969001363109,1.7398467296524174,-189.71625883904088,0.8172208333333333,-82.85950589950663,2.966853185231278,-117.95392736719789,0.2,1,-10,2,400,0.7,1,eff,0.5,35,0,5
3.7378786914194815,-97.3964960215078,1.7398467296524174,-186.70306484691756,0.8172208333333333,-79.44894175832468,2.966853185231278,-117.76603913036388,0.2,1,-10,2,400,0.7,1,eff,1,35,0,5
5.327510845438027,-99.12385130279266,1.7398467296524174,-224.74981122842786,0.8172208333333333,-122.51316837080002,2.966853185231278,-120.13845063588025,0.2,1,-10,2,400,0.7,1,eff,0.5,35,5,5
5.327510845438027,-94.80383130978498,1.7398467296524174,-220.42979123542017,0.8172208333333333,-117.62343829818361,2.966853185231278,-119.86907503585986,0.2,1,-10,2,400,0.7,1,eff,1,35,5,5
3.7378786914194815,-96.24059247727779,1.6648435882347152,-197.7758239856668,0.8172208333333333,-84.194584108385,2.966853185231278,-118.02747692683613,0.2,1,-10,2,400,0.8,0.5,eq,1,6.5,0,5
5.327510845438027,-94.80383130978498,1.6648435882347152,-234.2743125713414,0.8172208333333333,-125.86067699574055,2.966853185231278,-120.32286513954915,0.2,1,-10,2,400,0.8,0.5,eq,1,35,5,5
5.327510845438027,-99.12385130279266,1.6648435882347152,-238.59433256434912,0.8172208333333333,-130.79234297090645,2.966853185231278,-120.59455099161687,0.2,1,-10,2,400,0.8,0.5,eq,0.5,35,5,5
5.327510845438027,-97.19987474980884,1.6648435882347152,-236.6703560113653,0.8172208333333333,-128.59596200062379,2.966853185231278,-120.47355219762268,0.2,1,-10,2,400,0.8,0.5,eq,0.5,6.5,5,5
3.7378786914194815,-97.91502633725602,1.6648435882347152,-199.450257845645,0.8172208333333333,-86.10609111723618,2.966853185231278,-118.13278199272025,0.2,1,-10,2,400,0.8,0.5,eq,0.5,6.5,0,5
5.327510845438027,-94.80383130978498,1.6648435882347152,-234.2743125713414,0.8172208333333333,-125.86067699574055,2.966853185231278,-120.32286513954915,0.2,1,-10,2,400,0.8,0.5,eq,1,6.5,5,5
3.7378786914194815,-100.40969001363109,1.6648435882347152,-201.94492152202008,0.8172208333333333,-88.95395941204983,2.966853185231278,-118.28967127276258,0.2,1,-10,2,400,0.8,0.5,eq,0.5,35,0,5
3.7378786914194815,-97.3964960215078,1.6648435882347152,-198.9317275298968,0.8172208333333333,-85.51414517271598,2.966853185231278,-118.10017164580611,0.2,1,-10,2,400,0.8,0.5,eq,1,35,0,5
3.7378786914194815,-97.3964960215078,1.6648435882347152,-193.86606062991206,0.8172208333333333,-86.53323495668207,2.966853185231278,-118.15631337918475,0.2,1,-10,2,400,0.8,0.5,eff,1,35,0,5
5.327510845438027,-94.80383130978498,1.6648435882347152,-228.1166823134861,0.8172208333333333,-125.34419728022672,2.966853185231278,-120.29441223290627,0.2,1,-10,2,400,0.8,0.5,eff,1,35,5,5
3.7378786914194815,-97.91502633725602,1.6648435882347152,-194.38459094566028,0.8172208333333333,-87.12080562139178,2.966853185231278,-118.18868269160276,0.2,1,-10,2,400,0.8,0.5,eff,0.5,6.5,0,5
5.327510845438027,-94.80383130978498,1.6648435882347152,-228.1166823134861,0.8172208333333333,-125.34419728022672,2.966853185231278,-120.29441223290627,0.2,1,-10,2,400,0.8,0.5,eff,1,6.5,5,5
3.7378786914194815,-96.24059247727779,1.6648435882347152,-192.71015708568203,0.8172208333333333,-85.22342723057984,2.966853185231278,-118.08415597235656,0.2,1,-10,2,400,0.8,0.5,eff,1,6.5,0,5
5.327510845438027,-97.19987474980884,1.6648435882347152,-230.51272575350998,0.8172208333333333,-128.05926483515836,2.966853185231278,-120.44398551013091,0.2,1,-10,2,400,0.8,0.5,eff,0.5,6.5,5,5
3.7378786914194815,-96.24059247727779,1.7398467296524174,-190.23420489025668,0.8172208333333333,-76.80169590484542,2.966853185231278,-117.6202021558086,0.2,1,-10,2,400,0.8,1,eq,1,6.5,0,5
5.327510845438027,-99.12385130279266,1.6648435882347152,-232.4367023064938,0.8172208333333333,-130.239411584121,2.966853185231278,-120.56408995964307,0.2,1,-10,2,400,0.8,0.5,eff,0.5,35,5,5
3.7378786914194815,-100.40969001363109,1.6648435882347152,-196.87925462203535,0.8172208333333333,-89.94762432394036,2.966853185231278,-118.34441234801297,0.2,1,-10,2,400,0.8,0.5,eff,0.5,35,0,5
5.327510845438027,-94.80383130978498,1.7398467296524174,-226.22702037900632,0.8172208333333333,-117.83644653219402,2.966853185231278,-119.88080967560366,0.2,1,-10,2,400,0.8,1,eq,1,35,5,5
5.327510845438027,-94.80383130978498,1.7398467296524174,-226.22702037900632,0.8172208333333333,-117.83644653219402,2.966853185231278,-119.88080967560366,0.2,1,-10,2,400,0.8,1,eq,1,6.5,5,5
5.327510845438027,-97.19987474980884,1.7398467296524174,-228.62306381903014,0.8172208333333333,-120.56813183405806,2.966853185231278,-120.03129842576521,0.2,1,-10,2,400,0.8,1,eq,0.5,6.5,5,5
3.7378786914194815,-96.24059247727779,1.7398467296524174,-185.54716130268756,0.8172208333333333,-78.14060144274829,2.966853185231278,-117.69396256329267,0.2,1,-10,2,400,0.8,1,eff,1,6.5,0,5
5.327510845438027,-94.80383130978498,1.7398467296524174,-220.42979123542017,0.8172208333333333,-117.62343829818361,2.966853185231278,-119.86907503585986,0.2,1,-10,2,400,0.8,1,eff,1,35,5,5
3.7378786914194815,-97.3964960215078,1.7398467296524174,-191.39010843448668,0.8172208333333333,-78.11952039424608,2.966853185231278,-117.69280120673409,0.2,1,-10,2,400,0.8,1,eq,1,35,0,5
3.7378786914194815,-97.3964960215078,1.7398467296524174,-186.70306484691756,0.8172208333333333,-79.44894175832468,2.966853185231278,-117.76603913036388,0.2,1,-10,2,400,0.8,1,eff,1,35,0,5
5.327510845438027,-99.12385130279266,1.7398467296524174,-230.54704037201395,0.8172208333333333,-122.76162231262322,2.966853185231278,-120.15213798235169,0.2,1,-10,2,400,0.8,1,eq,0.5,35,5,5
3.7378786914194815,-100.40969001363109,1.7398467296524174,-194.40330242660997,0.8172208333333333,-81.55480775284535,2.966853185231278,-117.8820514474881,0.2,1,-10,2,400,0.8,1,eq,0.5,35,0,5
5.327510845438027,-94.80383130978498,1.7398467296524174,-220.42979123542017,0.8172208333333333,-117.62343829818361,2.966853185231278,-119.86907503585986,0.2,1,-10,2,400,0.8,1,eff,1,6.5,5,5
3.7378786914194815,-97.91502633725602,1.7398467296524174,-191.9086387502349,0.8172208333333333,-78.7106873231235,2.966853185231278,-117.7253686376175,0.2,1,-10,2,400,0.8,1,eq,0.5,6.5,0,5
5.327510845438027,-97.19987474980884,1.7398467296524174,-222.82583467544404,0.8172208333333333,-120.33546409479345,2.966853185231278,-120.0184807423883,0.2,1,-10,2,400,0.8,1,eff,0.5,6.5,5,5
3.7378786914194815,-100.40969001363109,1.7398467296524174,-189.71625883904088,0.8172208333333333,-82.85950589950663,2.966853185231278,-117.95392736719789,0.2,1,-10,2,400,0.8,1,eff,0.5,35,0,5
3.7378786914194815,-96.24059247727779,1.6648435882347152,-197.7758239856668,1.22583125,-84.19504324769781,3.048575268564611,-117.12056741098375,0.2,1,-10,2,500,0.7,0.5,eq,1,6.5,0,5
3.7378786914194815,-97.91502633725602,1.7398467296524174,-187.22159516266578,0.8172208333333333,-80.0358541528115,2.966853185231278,-117.79837217862543,0.2,1,-10,2,400,0.8,1,eff,0.5,6.5,0,5
5.327510845438027,-94.80383130978498,1.6648435882347152,-234.2743125713414,1.22583125,-125.86113613528977,3.048575268564611,-120.471352235205,0.2,1,-10,2,500,0.7,0.5,eq,1,35,5,5
5.327510845438027,-99.12385130279266,1.7398467296524174,-224.74981122842786,0.8172208333333333,-122.51316837080002,2.966853185231278,-120.13845063588025,0.2,1,-10,2,400,0.8,1,eff,0.5,35,5,5
5.327510845438027,-94.80383130978498,1.6648435882347152,-234.2743125713414,1.22583125,-125.86113613528977,3.048575268564611,-120.471352235205,0.2,1,-10,2,500,0.7,0.5,eq,1,6.5,5,5
5.327510845438027,-97.19987474980884,1.6648435882347152,-236.6703560113653,1.22583125,-128.59642114017134,3.048575268564611,-120.69132369998815,0.2,1,-10,2,500,0.7,0.5,eq,0.5,6.5,5,5
3.7378786914194815,-97.3964960215078,1.6648435882347152,-198.9317275298968,1.22583125,-85.51460431202861,3.048575268564611,-117.22668643685263,0.2,1,-10,2,500,0.7,0.5,eq,1,35,0,5
3.7378786914194815,-97.91502633725602,1.6648435882347152,-199.450257845645,1.22583125,-86.10655025657218,3.048575268564611,-117.27429069610196,0.2,1,-10,2,500,0.7,0.5,eq,0.5,6.5,0,5
5.327510845438027,-99.12385130279266,1.6648435882347152,-238.59433256434912,1.22583125,-130.79280211046515,3.048575268564611,-120.86795653290882,0.2,1,-10,2,500,0.7,0.5,eq,0.5,35,5,5
5.327510845438027,-94.80383130978498,1.6648435882347152,-228.1166823134861,1.22583125,-125.34462586518217,3.048575268564611,-120.42981450861024,0.2,1,-10,2,500,0.7,0.5,eff,1,6.5,5,5
3.7378786914194815,-100.40969001363109,1.6648435882347152,-201.94492152202008,1.22583125,-88.95441855177917,3.048575268564611,-117.50331610270071,0.2,1,-10,2,500,0.7,0.5,eq,0.5,35,0,5
5.327510845438027,-97.19987474980884,1.6648435882347152,-230.51272575350998,1.22583125,-128.05969342049943,3.048575268564611,-120.64816008724755,0.2,1,-10,2,500,0.7,0.5,eff,0.5,6.5,5,5
5.327510845438027,-94.80383130978498,1.6648435882347152,-228.1166823134861,1.22583125,-125.34462586518217,3.048575268564611,-120.42981450861024,0.2,1,-10,2,500,0.7,0.5,eff,1,35,5,5
5.327510845438027,-94.80383130978498,1.7398467296524174,-226.22702037900632,1.22583125,-117.83688064438722,3.048575268564611,-119.82604206424341,0.2,1,-10,2,500,0.7,1,eq,1,35,5,5
3.7378786914194815,-97.91502633725602,1.6648435882347152,-194.38459094566028,1.22583125,-87.12123420628195,3.048575268564611,-117.35589152172399,0.2,1,-10,2,500,0.7,0.5,eff,0.5,6.5,0,5
3.7378786914194815,-96.24059247727779,1.6648435882347152,-192.71015708568203,1.22583125,-85.2238558154696,3.048575268564611,-117.20330445926786,0.2,1,-10,2,500,0.7,0.5,eff,1,6.5,0,5
3.7378786914194815,-97.3964960215078,1.6648435882347152,-193.86606062991206,1.22583125,-86.53366354157126,3.048575268564611,-117.30863912223022,0.2,1,-10,2,500,0.7,0.5,eff,1,35,0,5
5.327510845438027,-99.12385130279266,1.6648435882347152,-232.4367023064938,1.22583125,-130.23984016932505,3.048575268564611,-120.82348736499948,0.2,1,-10,2,500,0.7,0.5,eff,0.5,35,5,5
3.7378786914194815,-97.3964960215078,1.7398467296524174,-191.39010843448668,1.22583125,-78.11995450635976,3.048575268564611,-116.63200911934857,0.2,1,-10,2,500,0.7,1,eq,1,35,0,5
3.7378786914194815,-100.40969001363109,1.6648435882347152,-196.87925462203535,1.22583125,-89.9480529089466,3.048575268564611,-117.58322412128575,0.2,1,-10,2,500,0.7,0.5,eff,0.5,35,0,5
3.7378786914194815,-97.91502633725602,1.7398467296524174,-191.9086387502349,1.22583125,-78.71112143562239,3.048575268564611,-116.6795507302335,0.2,1,-10,2,500,0.7,1,eq,0.5,6.5,0,5
5.327510845438027,-94.80383130978498,1.7398467296524174,-226.22702037900632,1.22583125,-117.83688064438722,3.048575268564611,-119.82604206424341,0.2,1,-10,2,500,0.7,1,eq,1,6.5,5,5
3.7378786914194815,-96.24059247727779,1.7398467296524174,-190.23420489025668,1.22583125,-76.80213001731214,3.048575268564611,-116.52602974876535,0.2,1,-10,2,500,0.7,1,eq,1,6.5,0,5
5.327510845438027,-97.19987474980884,1.7398467296524174,-228.62306381903014,1.22583125,-120.56856594626349,3.048575268564611,-120.04572404111535,0.2,1,-10,2,500,0.7,1,eq,0.5,6.5,5,5
5.327510845438027,-94.80383130978498,1.7398467296524174,-220.42979123542017,1.22583125,-117.62384404205724,3.048575268564611,-119.80890967278035,0.2,1,-10,2,500,0.7,1,eff,1,6.5,5,5
3.7378786914194815,-97.91502633725602,1.7398467296524174,-187.22159516266578,1.22583125,-80.0362598966381,3.048575268564611,-116.78611829002693,0.2,1,-10,2,500,0.7,1,eff,0.5,6.5,0,5
5.327510845438027,-97.19987474980884,1.7398467296524174,-222.82583467544404,1.22583125,-120.33586983867008,3.048575268564611,-120.02701063335519,0.2,1,-10,2,500,0.7,1,eff,0.5,6.5,5,5
3.7378786914194815,-97.3964960215078,1.7398467296524174,-186.70306484691756,1.22583125,-79.4493475022529,3.048575268564611,-116.73891882859533,0.2,1,-10,2,500,0.7,1,eff,1,35,0,5
3.7378786914194815,-96.24059247727779,1.7398467296524174,-185.54716130268756,1.22583125,-78.14100718657558,3.048575268564611,-116.63370217469604,0.2,1,-10,2,500,0.7,1,eff,1,6.5,0,5
5.327510845438027,-99.12385130279266,1.7398467296524174,-230.54704037201395,1.22583125,-122.7620564247752,3.048575268564611,-120.22212442085089,0.2,1,-10,2,500,0.7,1,eq,0.5,35,5,5
3.7378786914194815,-100.40969001363109,1.7398467296524174,-194.40330242660997,1.22583125,-81.55524186531791,3.048575268564611,-116.90827473370047,0.2,1,-10,2,500,0.7,1,eq,0.5,35,0,5
5.327510845438027,-99.12385130279266,1.7398467296524174,-224.74981122842786,1.22583125,-122.51357411460783,3.048575268564611,-120.20214148757601,0.2,1,-10,2,500,0.7,1,eff,0.5,35,5,5
3.7378786914194815,-100.40969001363109,1.7398467296524174,-189.71625883904088,1.22583125,-82.85991164368005,3.048575268564611,-117.01319620319728,0.2,1,-10,2,500,0.7,1,eff,0.5,35,0,5
5.327510845438027,-94.80383130978498,1.7398467296524174,-220.42979123542017,1.22583125,-117.62384404205724,3.048575268564611,-119.80890967278035,0.2,1,-10,2,500,0.7,1,eff,1,35,5,5
3.7378786914194815,-97.3964960215078,1.6648435882347152,-198.9317275298968,1.22583125,-85.51460431202861,3.048575268564611,-117.22668643685263,0.2,1,-10,2,500,0.8,0.5,eq,1,35,0,5
3.7378786914194815,-96.24059247727779,1.6648435882347152,-197.7758239856668,1.22583125,-84.19504324769781,3.048575268564611,-117.12056741098375,0.2,1,-10,2,500,0.8,0.5,eq,1,6.5,0,5
5.327510845438027,-94.80383130978498,1.6648435882347152,-234.2743125713414,1.22583125,-125.86113613528977,3.048575268564611,-120.471352235205,0.2,1,-10,2,500,0.8,0.5,eq,1,6.5,5,5
5.327510845438027,-97.19987474980884,1.6648435882347152,-236.6703560113653,1.22583125,-128.59642114017134,3.048575268564611,-120.69132369998815,0.2,1,-10,2,500,0.8,0.5,eq,0.5,6.5,5,5
5.327510845438027,-94.80383130978498,1.6648435882347152,-234.2743125713414,1.22583125,-125.86113613528977,3.048575268564611,-120.471352235205,0.2,1,-10,2,500,0.8,0.5,eq,1,35,5,5
5.327510845438027,-99.12385130279266,1.6648435882347152,-238.59433256434912,1.22583125,-130.79280211046515,3.048575268564611,-120.86795653290882,0.2,1,-10,2,500,0.8,0.5,eq,0.5,35,5,5
3.7378786914194815,-100.40969001363109,1.6648435882347152,-201.94492152202008,1.22583125,-88.95441855177917,3.048575268564611,-117.50331610270071,0.2,1,-10,2,500,0.8,0.5,eq,0.5,35,0,5
3.7378786914194815,-97.3964960215078,1.6648435882347152,-193.86606062991206,1.22583125,-86.53366354157126,3.048575268564611,-117.30863912223022,0.2,1,-10,2,500,0.8,0.5,eff,1,35,0,5
3.7378786914194815,-97.91502633725602,1.6648435882347152,-199.450257845645,1.22583125,-86.10655025657218,3.048575268564611,-117.27429069610196,0.2,1,-10,2,500,0.8,0.5,eq,0.5,6.5,0,5
5.327510845438027,-94.80383130978498,1.6648435882347152,-228.1166823134861,1.22583125,-125.34462586518217,3.048575268564611,-120.42981450861024,0.2,1,-10,2,500,0.8,0.5,eff,1,6.5,5,5
5.327510845438027,-97.19987474980884,1.6648435882347152,-230.51272575350998,1.22583125,-128.05969342049943,3.048575268564611,-120.64816008724755,0.2,1,-10,2,500,0.8,0.5,eff,0.5,6.5,5,5
3.7378786914194815,-96.24059247727779,1.6648435882347152,-192.71015708568203,1.22583125,-85.2238558154696,3.048575268564611,-117.20330445926786,0.2,1,-10,2,500,0.8,0.5,eff,1,6.5,0,5
5.327510845438027,-99.12385130279266,1.6648435882347152,-232.4367023064938,1.22583125,-130.23984016932505,3.048575268564611,-120.82348736499948,0.2,1,-10,2,500,0.8,0.5,eff,0.5,35,5,5
5.327510845438027,-94.80383130978498,1.6648435882347152,-228.1166823134861,1.22583125,-125.34462586518217,3.048575268564611,-120.42981450861024,0.2,1,-10,2,500,0.8,0.5,eff,1,35,5,5
3.7378786914194815,-97.91502633725602,1.6648435882347152,-194.38459094566028,1.22583125,-87.12123420628195,3.048575268564611,-117.35589152172399,0.2,1,-10,2,500,0.8,0.5,eff,0.5,6.5,0,5
5.327510845438027,-94.80383130978498,1.7398467296524174,-226.22702037900632,1.22583125,-117.83688064438722,3.048575268564611,-119.82604206424341,0.2,1,-10,2,500,0.8,1,eq,1,6.5,5,5
3.7378786914194815,-97.3964960215078,1.7398467296524174,-191.39010843448668,1.22583125,-78.11995450635976,3.048575268564611,-116.63200911934857,0.2,1,-10,2,500,0.8,1,eq,1,35,0,5
3.7378786914194815,-100.40969001363109,1.6648435882347152,-196.87925462203535,1.22583125,-89.9480529089466,3.048575268564611,-117.58322412128575,0.2,1,-10,2,500,0.8,0.5,eff,0.5,35,0,5
5.327510845438027,-94.80383130978498,1.7398467296524174,-226.22702037900632,1.22583125,-117.83688064438722,3.048575268564611,-119.82604206424341,0.2,1,-10,2,500,0.8,1,eq,1,35,5,5
3.7378786914194815,-96.24059247727779,1.7398467296524174,-190.23420489025668,1.22583125,-76.80213001731214,3.048575268564611,-116.52602974876535,0.2,1,-10,2,500,0.8,1,eq,1,6.5,0,5
5.327510845438027,-99.12385130279266,1.7398467296524174,-230.54704037201395,1.22583125,-122.7620564247752,3.048575268564611,-120.22212442085089,0.2,1,-10,2,500,0.8,1,eq,0.5,35,5,5
5.327510845438027,-97.19987474980884,1.7398467296524174,-228.62306381903014,1.22583125,-120.56856594626349,3.048575268564611,-120.04572404111535,0.2,1,-10,2,500,0.8,1,eq,0.5,6.5,5,5
3.7378786914194815,-97.91502633725602,1.7398467296524174,-191.9086387502349,1.22583125,-78.71112143562239,3.048575268564611,-116.6795507302335,0.2,1,-10,2,500,0.8,1,eq,0.5,6.5,0,5
5.327510845438027,-97.19987474980884,1.7398467296524174,-222.82583467544404,1.22583125,-120.33586983867008,3.048575268564611,-120.02701063335519,0.2,1,-10,2,500,0.8,1,eff,0.5,6.5,5,5
3.7378786914194815,-97.3964960215078,1.7398467296524174,-186.70306484691756,1.22583125,-79.4493475022529,3.048575268564611,-116.73891882859533,0.2,1,-10,2,500,0.8,1,eff,1,35,0,5
5.327510845438027,-94.80383130978498,1.7398467296524174,-220.42979123542017,1.22583125,-117.62384404205724,3.048575268564611,-119.80890967278035,0.2,1,-10,2,500,0.8,1,eff,1,6.5,5,5
5.327510845438027,-94.80383130978498,1.7398467296524174,-220.42979123542017,1.22583125,-117.62384404205724,3.048575268564611,-119.80890967278035,0.2,1,-10,2,500,0.8,1,eff,1,35,5,5
3.7378786914194815,-100.40969001363109,1.7398467296524174,-194.40330242660997,1.22583125,-81.55524186531791,3.048575268564611,-116.90827473370047,0.2,1,-10,2,500,0.8,1,eq,0.5,35,0,5
5.327510845438027,-94.80383130978498,1.6648435882347152,-234.2743125713414,4.086104166666667,-125.8643501107655,3.6206298518979443,-121.32365618152474,0.2,1,-10,10,400,0.7,0.5,eq,1,6.5,5,5
3.7378786914194815,-97.91502633725602,1.7398467296524174,-187.22159516266578,1.22583125,-80.0362598966381,3.048575268564611,-116.78611829002693,0.2,1,-10,2,500,0.8,1,eff,0.5,6.5,0,5
3.7378786914194815,-96.24059247727779,1.7398467296524174,-185.54716130268756,1.22583125,-78.14100718657558,3.048575268564611,-116.63370217469604,0.2,1,-10,2,500,0.8,1,eff,1,6.5,0,5
3.7378786914194815,-100.40969001363109,1.7398467296524174,-189.71625883904088,1.22583125,-82.85991164368005,3.048575268564611,-117.01319620319728,0.2,1,-10,2,500,0.8,1,eff,0.5,35,0,5
3.7378786914194815,-97.91502633725602,1.6648435882347152,-199.450257845645,4.086104166666667,-86.10976423189094,3.6206298518979443,-112.35055560795327,0.2,1,-10,10,400,0.7,0.5,eq,0.5,6.5,0,5
3.7378786914194815,-96.24059247727779,1.6648435882347152,-197.7758239856668,4.086104166666667,-84.19825722304678,3.6206298518979443,-111.91910488954548,0.2,1,-10,10,400,0.7,0.5,eq,1,6.5,0,5
5.327510845438027,-99.12385130279266,1.7398467296524174,-224.74981122842786,1.22583125,-122.51357411460783,3.048575268564611,-120.20214148757601,0.2,1,-10,2,500,0.8,1,eff,0.5,35,5,5
5.327510845438027,-94.80383130978498,1.6648435882347152,-234.2743125713414,4.086104166666667,-125.8643501107655,3.6206298518979443,-121.32365618152474,0.2,1,-10,10,400,0.7,0.5,eq,1,35,5,5
3.7378786914194815,-100.40969001363109,1.6648435882347152,-201.94492152202008,4.086104166666667,-88.95763252712281,3.6206298518979443,-112.9933546226698,0.2,1,-10,10,400,0.7,0.5,eq,0.5,35,0,5
5.327510845438027,-99.12385130279266,1.6648435882347152,-238.59433256434912,4.086104166666667,-130.7960160859777,3.6206298518979443,-122.43679404505758,0.2,1,-10,10,400,0.7,0.5,eq,0.5,35,5,5
5.327510845438027,-94.80383130978498,1.6648435882347152,-228.1166823134861,4.086104166666667,-125.34762596075066,3.6206298518979443,-121.2070251648919,0.2,1,-10,10,400,0.7,0.5,eff,1,35,5,5
3.7378786914194815,-97.3964960215078,1.6648435882347152,-198.9317275298968,4.086104166666667,-85.51781828737246,3.6206298518979443,-112.21694610412247,0.2,1,-10,10,400,0.7,0.5,eq,1,35,0,5
5.327510845438027,-97.19987474980884,1.6648435882347152,-230.51272575350998,4.086104166666667,-128.06269351561198,3.6206298518979443,-121.81984941384871,0.2,1,-10,10,400,0.7,0.5,eff,0.5,6.5,5,5
5.327510845438027,-94.80383130978498,1.6648435882347152,-228.1166823134861,4.086104166666667,-125.34762596075066,3.6206298518979443,-121.2070251648919,0.2,1,-10,10,400,0.7,0.5,eff,1,6.5,5,5
3.7378786914194815,-97.3964960215078,1.6648435882347152,-193.86606062991206,4.086104166666667,-86.53666363714919,3.6206298518979443,-112.44691207132718,0.2,1,-10,10,400,0.7,0.5,eff,1,35,0,5
5.327510845438027,-94.80383130978498,1.7398467296524174,-226.22702037900632,4.086104166666667,-117.83991943051669,3.6206298518979443,-119.51244316175125,0.2,1,-10,10,400,0.7,1,eq,1,6.5,5,5
3.7378786914194815,-97.91502633725602,1.6648435882347152,-194.38459094566028,4.086104166666667,-87.12423430183497,3.6206298518979443,-112.57953402051236,0.2,1,-10,10,400,0.7,0.5,eff,0.5,6.5,0,5
3.7378786914194815,-97.3964960215078,1.7398467296524174,-191.39010843448668,4.086104166666667,-78.12299329271244,3.6206298518979443,-110.54784285643126,0.2,1,-10,10,400,0.7,1,eq,1,35,0,5
5.327510845438027,-97.19987474980884,1.6648435882347152,-236.6703560113653,4.086104166666667,-128.59963511567554,3.6206298518979443,-121.9410437584253,0.2,1,-10,10,400,0.7,0.5,eq,0.5,6.5,5,5
3.7378786914194815,-96.24059247727779,1.6648435882347152,-192.71015708568203,4.086104166666667,-85.22685591104704,3.6206298518979443,-112.15127230553601,0.2,1,-10,10,400,0.7,0.5,eff,1,6.5,0,5
5.327510845438027,-99.12385130279266,1.6648435882347152,-232.4367023064938,4.086104166666667,-130.24284026488948,3.6206298518979443,-122.31193543647801,0.2,1,-10,10,400,0.7,0.5,eff,0.5,35,5,5
3.7378786914194815,-100.40969001363109,1.6648435882347152,-196.87925462203535,4.086104166666667,-89.95105300438136,3.6206298518979443,-113.21758188242403,0.2,1,-10,10,400,0.7,0.5,eff,0.5,35,0,5
3.7378786914194815,-96.24059247727779,1.7398467296524174,-190.23420489025668,4.086104166666667,-76.80516880366372,3.6206298518979443,-110.25039360832255,0.2,1,-10,10,400,0.7,1,eq,1,6.5,0,5
5.327510845438027,-94.80383130978498,1.7398467296524174,-226.22702037900632,4.086104166666667,-117.83991943051669,3.6206298518979443,-119.51244316175125,0.2,1,-10,10,400,0.7,1,eq,1,35,5,5
5.327510845438027,-99.12385130279266,1.7398467296524174,-230.54704037201395,4.086104166666667,-122.76509521129253,3.6206298518979443,-120.62411610831569,0.2,1,-10,10,400,0.7,1,eq,0.5,35,5,5
3.7378786914194815,-97.91502633725602,1.7398467296524174,-191.9086387502349,4.086104166666667,-78.71416022162278,3.6206298518979443,-110.68127652682702,0.2,1,-10,10,400,0.7,1,eq,0.5,6.5,0,5
3.7378786914194815,-100.40969001363109,1.7398467296524174,-194.40330242660997,4.086104166666667,-81.55828065168349,3.6206298518979443,-111.32322960212859,0.2,1,-10,10,400,0.7,1,eq,0.5,35,0,5
5.327510845438027,-94.80383130978498,1.7398467296524174,-220.42979123542017,4.086104166666667,-117.62668424909384,3.6206298518979443,-119.4643133501475,0.2,1,-10,10,400,0.7,1,eff,1,35,5,5
3.7378786914194815,-100.40969001363109,1.7398467296524174,-189.71625883904088,4.086104166666667,-82.86275185057897,3.6206298518979443,-111.6176648478806,0.2,1,-10,10,400,0.7,1,eff,0.5,35,0,5
5.327510845438027,-97.19987474980884,1.7398467296524174,-228.62306381903014,4.086104166666667,-120.57160473283314,3.6206298518979443,-120.1290182413587,0.2,1,-10,10,400,0.7,1,eq,0.5,6.5,5,5
5.327510845438027,-94.80383130978498,1.7398467296524174,-220.42979123542017,4.086104166666667,-117.62668424909384,3.6206298518979443,-119.4643133501475,0.2,1,-10,10,400,0.7,1,eff,1,6.5,5,5
3.7378786914194815,-97.91502633725602,1.7398467296524174,-187.22159516266578,4.086104166666667,-80.03910010391789,3.6206298518979443,-110.98033180699008,0.2,1,-10,10,400,0.7,1,eff,0.5,6.5,0,5
3.7378786914194815,-97.3964960215078,1.7398467296524174,-186.70306484691756,4.086104166666667,-79.45218770942836,3.6206298518979443,-110.84785843751067,0.2,1,-10,10,400,0.7,1,eff,1,35,0,5
3.7378786914194815,-96.24059247727779,1.7398467296524174,-185.54716130268756,4.086104166666667,-78.14384739349609,3.6206298518979443,-110.55254988430153,0.2,1,-10,10,400,0.7,1,eff,1,6.5,0,5
3.7378786914194815,-96.24059247727779,1.6648435882347152,-197.7758239856668,4.086104166666667,-84.19825722304678,3.6206298518979443,-111.91910488954548,0.2,1,-10,10,400,0.8,0.5,eq,1,6.5,0,5
5.327510845438027,-94.80383130978498,1.6648435882347152,-234.2743125713414,4.086104166666667,-125.8643501107655,3.6206298518979443,-121.32365618152474,0.2,1,-10,10,400,0.8,0.5,eq,1,6.5,5,5
5.327510845438027,-97.19987474980884,1.7398467296524174,-222.82583467544404,4.086104166666667,-120.33871004607468,3.6206298518979443,-120.07645103681786,0.2,1,-10,10,400,0.7,1,eff,0.5,6.5,5,5
5.327510845438027,-94.80383130978498,1.6648435882347152,-234.2743125713414,4.086104166666667,-125.8643501107655,3.6206298518979443,-121.32365618152474,0.2,1,-10,10,400,0.8,0.5,eq,1,35,5,5
3.7378786914194815,-97.3964960215078,1.6648435882347152,-198.9317275298968,4.086104166666667,-85.51781828737246,3.6206298518979443,-112.21694610412247,0.2,1,-10,10,400,0.8,0.5,eq,1,35,0,5
5.327510845438027,-97.19987474980884,1.6648435882347152,-236.6703560113653,4.086104166666667,-128.59963511567554,3.6206298518979443,-121.9410437584253,0.2,1,-10,10,400,0.8,0.5,eq,0.5,6.5,5,5
5.327510845438027,-99.12385130279266,1.7398467296524174,-224.74981122842786,4.086104166666667,-122.5164143216163,3.6206298518979443,-120.56798576298688,0.2,1,-10,10,400,0.7,1,eff,0.5,35,5,5
3.7378786914194815,-100.40969001363109,1.6648435882347152,-201.94492152202008,4.086104166666667,-88.95763252712281,3.6206298518979443,-112.9933546226698,0.2,1,-10,10,400,0.8,0.5,eq,0.5,35,0,5
5.327510845438027,-99.12385130279266,1.6648435882347152,-238.59433256434912,4.086104166666667,-130.7960160859777,3.6206298518979443,-122.43679404505758,0.2,1,-10,10,400,0.8,0.5,eq,0.5,35,5,5
5.327510845438027,-94.80383130978498,1.6648435882347152,-228.1166823134861,4.086104166666667,-125.34762596075066,3.6206298518979443,-121.2070251648919,0.2,1,-10,10,400,0.8,0.5,eff,1,35,5,5
3.7378786914194815,-97.91502633725602,1.6648435882347152,-194.38459094566028,4.086104166666667,-87.12423430183497,3.6206298518979443,-112.57953402051236,0.2,1,-10,10,400,0.8,0.5,eff,0.5,6.5,0,5
3.7378786914194815,-96.24059247727779,1.6648435882347152,-192.71015708568203,4.086104166666667,-85.22685591104704,3.6206298518979443,-112.15127230553601,0.2,1,-10,10,400,0.8,0.5,eff,1,6.5,0,5
3.7378786914194815,-97.91502633725602,1.6648435882347152,-199.450257845645,4.086104166666667,-86.10976423189094,3.6206298518979443,-112.35055560795327,0.2,1,-10,10,400,0.8,0.5,eq,0.5,6.5,0,5
5.327510845438027,-94.80383130978498,1.6648435882347152,-228.1166823134861,4.086104166666667,-125.34762596075066,3.6206298518979443,-121.2070251648919,0.2,1,-10,10,400,0.8,0.5,eff,1,6.5,5,5
3.7378786914194815,-96.24059247727779,1.7398467296524174,-190.23420489025668,4.086104166666667,-76.80516880366372,3.6206298518979443,-110.25039360832255,0.2,1,-10,10,400,0.8,1,eq,1,6.5,0,5
3.7378786914194815,-100.40969001363109,1.6648435882347152,-196.87925462203535,4.086104166666667,-89.95105300438136,3.6206298518979443,-113.21758188242403,0.2,1,-10,10,400,0.8,0.5,eff,0.5,35,0,5
5.327510845438027,-94.80383130978498,1.7398467296524174,-226.22702037900632,4.086104166666667,-117.83991943051669,3.6206298518979443,-119.51244316175125,0.2,1,-10,10,400,0.8,1,eq,1,6.5,5,5
5.327510845438027,-99.12385130279266,1.6648435882347152,-232.4367023064938,4.086104166666667,-130.24284026488948,3.6206298518979443,-122.31193543647801,0.2,1,-10,10,400,0.8,0.5,eff,0.5,35,5,5
5.327510845438027,-97.19987474980884,1.6648435882347152,-230.51272575350998,4.086104166666667,-128.06269351561198,3.6206298518979443,-121.81984941384871,0.2,1,-10,10,400,0.8,0.5,eff,0.5,6.5,5,5
3.7378786914194815,-97.3964960215078,1.6648435882347152,-193.86606062991206,4.086104166666667,-86.53666363714919,3.6206298518979443,-112.44691207132718,0.2,1,-10,10,400,0.8,0.5,eff,1,35,0,5
5.327510845438027,-94.80383130978498,1.7398467296524174,-226.22702037900632,4.086104166666667,-117.83991943051669,3.6206298518979443,-119.51244316175125,0.2,1,-10,10,400,0.8,1,eq,1,35,5,5
3.7378786914194815,-97.3964960215078,1.7398467296524174,-191.39010843448668,4.086104166666667,-78.12299329271244,3.6206298518979443,-110.54784285643126,0.2,1,-10,10,400,0.8,1,eq,1,35,0,5
5.327510845438027,-97.19987474980884,1.7398467296524174,-228.62306381903014,4.086104166666667,-120.57160473283314,3.6206298518979443,-120.1290182413587,0.2,1,-10,10,400,0.8,1,eq,0.5,6.5,5,5
3.7378786914194815,-96.24059247727779,1.7398467296524174,-185.54716130268756,4.086104166666667,-78.14384739349609,3.6206298518979443,-110.55254988430153,0.2,1,-10,10,400,0.8,1,eff,1,6.5,0,5
3.7378786914194815,-97.91502633725602,1.7398467296524174,-191.9086387502349,4.086104166666667,-78.71416022162278,3.6206298518979443,-110.68127652682702,0.2,1,-10,10,400,0.8,1,eq,0.5,6.5,0,5
3.7378786914194815,-100.40969001363109,1.7398467296524174,-194.40330242660997,4.086104166666667,-81.55828065168349,3.6206298518979443,-111.32322960212859,0.2,1,-10,10,400,0.8,1,eq,0.5,35,0,5
5.327510845438027,-99.12385130279266,1.7398467296524174,-230.54704037201395,4.086104166666667,-122.76509521129253,3.6206298518979443,-120.62411610831569,0.2,1,-10,10,400,0.8,1,eq,0.5,35,5,5
5.327510845438027,-94.80383130978498,1.7398467296524174,-220.42979123542017,4.086104166666667,-117.62668424909384,3.6206298518979443,-119.4643133501475,0.2,1,-10,10,400,0.8,1,eff,1,6.5,5,5
3.7378786914194815,-100.40969001363109,1.7398467296524174,-189.71625883904088,4.086104166666667,-82.86275185057897,3.6206298518979443,-111.6176648478806,0.2,1,-10,10,400,0.8,1,eff,0.5,35,0,5
5.327510845438027,-94.80383130978498,1.7398467296524174,-220.42979123542017,4.086104166666667,-117.62668424909384,3.6206298518979443,-119.4643133501475,0.2,1,-10,10,400,0.8,1,eff,1,35,5,5
3.7378786914194815,-97.3964960215078,1.7398467296524174,-186.70306484691756,4.086104166666667,-79.45218770942836,3.6206298518979443,-110.84785843751067,0.2,1,-10,10,400,0.8,1,eff,1,35,0,5
5.327510845438027,-94.80383130978498,1.6648435882347152,-234.2743125713414,6.129156249999999,-125.86664580719761,4.029240268564611,-121.78483219758607,0.2,1,-10,10,500,0.7,0.5,eq,1,6.5,5,5
3.7378786914194815,-97.91502633725602,1.7398467296524174,-187.22159516266578,4.086104166666667,-80.03910010391789,3.6206298518979443,-110.98033180699008,0.2,1,-10,10,400,0.8,1,eff,0.5,6.5,0,5
5.327510845438027,-97.19987474980884,1.7398467296524174,-222.82583467544404,4.086104166666667,-120.33871004607468,3.6206298518979443,-120.07645103681786,0.2,1,-10,10,400,0.8,1,eff,0.5,6.5,5,5
5.327510845438027,-94.80383130978498,1.6648435882347152,-234.2743125713414,6.129156249999999,-125.86664580719761,4.029240268564611,-121.78483219758607,0.2,1,-10,10,500,0.7,0.5,eq,1,35,5,5
5.327510845438027,-99.12385130279266,1.7398467296524174,-224.74981122842786,4.086104166666667,-122.5164143216163,3.6206298518979443,-120.56798576298688,0.2,1,-10,10,400,0.8,1,eff,0.5,35,5,5
3.7378786914194815,-96.24059247727779,1.6648435882347152,-197.7758239856668,6.129156249999999,-84.20055292002415,4.029240268564611,-109.1085966489188,0.2,1,-10,10,500,0.7,0.5,eq,1,6.5,0,5
3.7378786914194815,-97.91502633725602,1.6648435882347152,-199.450257845645,6.129156249999999,-86.11205992861771,4.029240268564611,-109.69014177145952,0.2,1,-10,10,500,0.7,0.5,eq,0.5,6.5,0,5
3.7378786914194815,-97.3964960215078,1.6648435882347152,-198.9317275298968,6.129156249999999,-85.52011398407716,4.029240268564611,-109.51005178209117,0.2,1,-10,10,500,0.7,0.5,eq,1,35,0,5
3.7378786914194815,-100.40969001363109,1.6648435882347152,-201.94492152202008,6.129156249999999,-88.95992822381221,4.029240268564611,-110.55655968636269,0.2,1,-10,10,500,0.7,0.5,eq,0.5,35,0,5
5.327510845438027,-99.12385130279266,1.6648435882347152,-238.59433256434912,6.129156249999999,-130.79831178236273,4.029240268564611,-123.28521188804143,0.2,1,-10,10,500,0.7,0.5,eq,0.5,35,5,5
5.327510845438027,-94.80383130978498,1.6648435882347152,-228.1166823134861,6.129156249999999,-125.34976888607996,4.029240268564611,-121.62758074568004,0.2,1,-10,10,500,0.7,0.5,eff,1,35,5,5
3.7378786914194815,-97.3964960215078,1.6648435882347152,-193.86606062991206,6.129156249999999,-86.53880656226198,4.029240268564611,-109.81997253966524,0.2,1,-10,10,500,0.7,0.5,eff,1,35,0,5
3.7378786914194815,-96.24059247727779,1.6648435882347152,-192.71015708568203,6.129156249999999,-85.22899883616107,4.029240268564611,-109.42148470197732,0.2,1,-10,10,500,0.7,0.5,eff,1,6.5,0,5
5.327510845438027,-94.80383130978498,1.6648435882347152,-228.1166823134861,6.129156249999999,-125.34976888607996,4.029240268564611,-121.62758074568004,0.2,1,-10,10,500,0.7,0.5,eff,1,6.5,5,5
5.327510845438027,-97.19987474980884,1.6648435882347152,-236.6703560113653,6.129156249999999,-128.6019308123253,4.029240268564611,-122.6169984655302,0.2,1,-10,10,500,0.7,0.5,eq,0.5,6.5,5,5
3.7378786914194815,-97.91502633725602,1.6648435882347152,-194.38459094566028,6.129156249999999,-87.12637722697241,4.029240268564611,-109.99873142083815,0.2,1,-10,10,500,0.7,0.5,eff,0.5,6.5,0,5
5.327510845438027,-97.19987474980884,1.6648435882347152,-230.51272575350998,6.129156249999999,-128.0648364409389,4.029240268564611,-122.45359618103979,0.2,1,-10,10,500,0.7,0.5,eff,0.5,6.5,5,5
5.327510845438027,-99.12385130279266,1.6648435882347152,-232.4367023064938,6.129156249999999,-130.24498318981477,4.029240268564611,-123.11687060406396,0.2,1,-10,10,500,0.7,0.5,eff,0.5,35,5,5
3.7378786914194815,-96.24059247727779,1.7398467296524174,-190.23420489025668,6.129156249999999,-76.80733936530703,4.029240268564611,-106.85933087938848,0.2,1,-10,10,500,0.7,1,eq,1,6.5,0,5
3.7378786914194815,-100.40969001363109,1.6648435882347152,-196.87925462203535,6.129156249999999,-89.95319592963557,4.029240268564611,-110.85874533731854,0.2,1,-10,10,500,0.7,0.5,eff,0.5,35,0,5
5.327510845438027,-94.80383130978498,1.7398467296524174,-226.22702037900632,6.129156249999999,-117.84208999232538,4.029240268564611,-119.34349074620032,0.2,1,-10,10,500,0.7,1,eq,1,6.5,5,5
5.327510845438027,-94.80383130978498,1.7398467296524174,-226.22702037900632,6.129156249999999,-117.84208999232538,4.029240268564611,-119.34349074620032,0.2,1,-10,10,500,0.7,1,eq,1,35,5,5
5.327510845438027,-97.19987474980884,1.7398467296524174,-228.62306381903014,6.129156249999999,-120.57377529455489,4.029240268564611,-120.17456186269915,0.2,1,-10,10,500,0.7,1,eq,0.5,6.5,5,5
3.7378786914194815,-97.3964960215078,1.7398467296524174,-191.39010843448668,6.129156249999999,-78.12516385449732,4.029240268564611,-107.26025768771707,0.2,1,-10,10,500,0.7,1,eq,1,35,0,5
3.7378786914194815,-96.24059247727779,1.7398467296524174,-185.54716130268756,6.129156249999999,-78.14587611301575,4.029240268564611,-107.26655905771676,0.2,1,-10,10,500,0.7,1,eff,1,6.5,0,5
3.7378786914194815,-100.40969001363109,1.7398467296524174,-194.40330242660997,6.129156249999999,-81.56045121333885,4.029240268564611,-108.30538836161907,0.2,1,-10,10,500,0.7,1,eq,0.5,35,0,5
5.327510845438027,-94.80383130978498,1.7398467296524174,-220.42979123542017,6.129156249999999,-117.62871296853731,4.029240268564611,-119.27857423431276,0.2,1,-10,10,500,0.7,1,eff,1,6.5,5,5
3.7378786914194815,-97.91502633725602,1.7398467296524174,-191.9086387502349,6.129156249999999,-78.71633078326445,4.029240268564611,-107.44011067412318,0.2,1,-10,10,500,0.7,1,eq,0.5,6.5,0,5
5.327510845438027,-99.12385130279266,1.7398467296524174,-230.54704037201395,6.129156249999999,-122.76726577275335,4.029240268564611,-120.84189589977102,0.2,1,-10,10,500,0.7,1,eq,0.5,35,5,5
5.327510845438027,-94.80383130978498,1.7398467296524174,-220.42979123542017,6.129156249999999,-117.62871296853731,4.029240268564611,-119.27857423431276,0.2,1,-10,10,500,0.7,1,eff,1,35,5,5
3.7378786914194815,-100.40969001363109,1.7398467296524174,-189.71625883904088,6.129156249999999,-82.8647805701466,4.029240268564611,-108.70220949396547,0.2,1,-10,10,500,0.7,1,eff,0.5,35,0,5
5.327510845438027,-97.19987474980884,1.7398467296524174,-222.82583467544404,6.129156249999999,-120.34073876551767,4.029240268564611,-120.10366426398467,0.2,1,-10,10,500,0.7,1,eff,0.5,6.5,5,5
3.7378786914194815,-97.3964960215078,1.7398467296524174,-186.70306484691756,6.129156249999999,-79.45421642859414,4.029240268564611,-107.6646004594628,0.2,1,-10,10,500,0.7,1,eff,1,35,0,5
5.327510845438027,-99.12385130279266,1.7398467296524174,-224.74981122842786,6.129156249999999,-122.51844304103413,4.029240268564611,-120.76619560395308,0.2,1,-10,10,500,0.7,1,eff,0.5,35,5,5
3.7378786914194815,-97.91502633725602,1.7398467296524174,-187.22159516266578,6.129156249999999,-80.04112882307949,4.029240268564611,-107.8431590725556,0.2,1,-10,10,500,0.7,1,eff,0.5,6.5,0,5
3.7378786914194815,-97.3964960215078,1.6648435882347152,-198.9317275298968,6.129156249999999,-85.52011398407716,4.029240268564611,-109.51005178209117,0.2,1,-10,10,500,0.8,0.5,eq,1,35,0,5
3.7378786914194815,-96.24059247727779,1.6648435882347152,-197.7758239856668,6.129156249999999,-84.20055292002415,4.029240268564611,-109.1085966489188,0.2,1,-10,10,500,0.8,0.5,eq,1,6.5,0,5
5.327510845438027,-94.80383130978498,1.6648435882347152,-234.2743125713414,6.129156249999999,-125.86664580719761,4.029240268564611,-121.78483219758607,0.2,1,-10,10,500,0.8,0.5,eq,1,6.5,5,5
5.327510845438027,-97.19987474980884,1.6648435882347152,-236.6703560113653,6.129156249999999,-128.6019308123253,4.029240268564611,-122.6169984655302,0.2,1,-10,10,500,0.8,0.5,eq,0.5,6.5,5,5
5.327510845438027,-94.80383130978498,1.6648435882347152,-228.1166823134861,6.129156249999999,-125.34976888607996,4.029240268564611,-121.62758074568004,0.2,1,-10,10,500,0.8,0.5,eff,1,6.5,5,5
5.327510845438027,-94.80383130978498,1.6648435882347152,-234.2743125713414,6.129156249999999,-125.86664580719761,4.029240268564611,-121.78483219758607,0.2,1,-10,10,500,0.8,0.5,eq,1,35,5,5
3.7378786914194815,-97.91502633725602,1.6648435882347152,-199.450257845645,6.129156249999999,-86.11205992861771,4.029240268564611,-109.69014177145952,0.2,1,-10,10,500,0.8,0.5,eq,0.5,6.5,0,5
5.327510845438027,-99.12385130279266,1.6648435882347152,-238.59433256434912,6.129156249999999,-130.79831178236273,4.029240268564611,-123.28521188804143,0.2,1,-10,10,500,0.8,0.5,eq,0.5,35,5,5
3.7378786914194815,-96.24059247727779,1.6648435882347152,-192.71015708568203,6.129156249999999,-85.22899883616107,4.029240268564611,-109.42148470197732,0.2,1,-10,10,500,0.8,0.5,eff,1,6.5,0,5
3.7378786914194815,-100.40969001363109,1.6648435882347152,-201.94492152202008,6.129156249999999,-88.95992822381221,4.029240268564611,-110.55655968636269,0.2,1,-10,10,500,0.8,0.5,eq,0.5,35,0,5
5.327510845438027,-94.80383130978498,1.6648435882347152,-228.1166823134861,6.129156249999999,-125.34976888607996,4.029240268564611,-121.62758074568004,0.2,1,-10,10,500,0.8,0.5,eff,1,35,5,5
5.327510845438027,-97.19987474980884,1.6648435882347152,-230.51272575350998,6.129156249999999,-128.0648364409389,4.029240268564611,-122.45359618103979,0.2,1,-10,10,500,0.8,0.5,eff,0.5,6.5,5,5
5.327510845438027,-99.12385130279266,1.6648435882347152,-232.4367023064938,6.129156249999999,-130.24498318981477,4.029240268564611,-123.11687060406396,0.2,1,-10,10,500,0.8,0.5,eff,0.5,35,5,5
3.7378786914194815,-100.40969001363109,1.6648435882347152,-196.87925462203535,6.129156249999999,-89.95319592963557,4.029240268564611,-110.85874533731854,0.2,1,-10,10,500,0.8,0.5,eff,0.5,35,0,5
3.7378786914194815,-97.3964960215078,1.6648435882347152,-193.86606062991206,6.129156249999999,-86.53880656226198,4.029240268564611,-109.81997253966524,0.2,1,-10,10,500,0.8,0.5,eff,1,35,0,5
3.7378786914194815,-97.91502633725602,1.6648435882347152,-194.38459094566028,6.129156249999999,-87.12637722697241,4.029240268564611,-109.99873142083815,0.2,1,-10,10,500,0.8,0.5,eff,0.5,6.5,0,5
5.327510845438027,-94.80383130978498,1.7398467296524174,-226.22702037900632,6.129156249999999,-117.84208999232538,4.029240268564611,-119.34349074620032,0.2,1,-10,10,500,0.8,1,eq,1,6.5,5,5
5.327510845438027,-99.12385130279266,1.7398467296524174,-230.54704037201395,6.129156249999999,-122.76726577275335,4.029240268564611,-120.84189589977102,0.2,1,-10,10,500,0.8,1,eq,0.5,35,5,5
3.7378786914194815,-97.91502633725602,1.7398467296524174,-191.9086387502349,6.129156249999999,-78.71633078326445,4.029240268564611,-107.44011067412318,0.2,1,-10,10,500,0.8,1,eq,0.5,6.5,0,5
3.7378786914194815,-96.24059247727779,1.7398467296524174,-190.23420489025668,6.129156249999999,-76.80733936530703,4.029240268564611,-106.85933087938848,0.2,1,-10,10,500,0.8,1,eq,1,6.5,0,5
5.327510845438027,-94.80383130978498,1.7398467296524174,-226.22702037900632,6.129156249999999,-117.84208999232538,4.029240268564611,-119.34349074620032,0.2,1,-10,10,500,0.8,1,eq,1,35,5,5
3.7378786914194815,-100.40969001363109,1.7398467296524174,-194.40330242660997,6.129156249999999,-81.56045121333885,4.029240268564611,-108.30538836161907,0.2,1,-10,10,500,0.8,1,eq,0.5,35,0,5
3.7378786914194815,-96.24059247727779,1.7398467296524174,-185.54716130268756,6.129156249999999,-78.14587611301575,4.029240268564611,-107.26655905771676,0.2,1,-10,10,500,0.8,1,eff,1,6.5,0,5
3.7378786914194815,-97.3964960215078,1.7398467296524174,-191.39010843448668,6.129156249999999,-78.12516385449732,4.029240268564611,-107.26025768771707,0.2,1,-10,10,500,0.8,1,eq,1,35,0,5
5.327510845438027,-97.19987474980884,1.7398467296524174,-222.82583467544404,6.129156249999999,-120.34073876551767,4.029240268564611,-120.10366426398467,0.2,1,-10,10,500,0.8,1,eff,0.5,6.5,5,5
5.327510845438027,-97.19987474980884,1.7398467296524174,-228.62306381903014,6.129156249999999,-120.57377529455489,4.029240268564611,-120.17456186269915,0.2,1,-10,10,500,0.8,1,eq,0.5,6.5,5,5
5.327510845438027,-94.80383130978498,1.7398467296524174,-220.42979123542017,6.129156249999999,-117.62871296853731,4.029240268564611,-119.27857423431276,0.2,1,-10,10,500,0.8,1,eff,1,6.5,5,5
5.327510845438027,-94.80383130978498,1.7398467296524174,-220.42979123542017,6.129156249999999,-117.62871296853731,4.029240268564611,-119.27857423431276,0.2,1,-10,10,500,0.8,1,eff,1,35,5,5
3.7378786914194815,-97.3964960215078,1.7398467296524174,-186.70306484691756,6.129156249999999,-79.45421642859414,4.029240268564611,-107.6646004594628,0.2,1,-10,10,500,0.8,1,eff,1,35,0,5
3.7378786914194815,-100.40969001363109,1.7398467296524174,-189.71625883904088,6.129156249999999,-82.8647805701466,4.029240268564611,-108.70220949396547,0.2,1,-10,10,500,0.8,1,eff,0.5,35,0,5
3.7378786914194815,-97.91502633725602,1.7398467296524174,-187.22159516266578,6.129156249999999,-80.04112882307949,4.029240268564611,-107.8431590725556,0.2,1,-10,10,500,0.8,1,eff,0.5,6.5,0,5
5.327510845438027,-99.12385130279266,1.7398467296524174,-224.74981122842786,6.129156249999999,-122.51844304103413,4.029240268564611,-120.76619560395308,0.2,1,-10,10,500,0.8,1,eff,0.5,35,5,5
5.327510845438027,-94.80383130978498,0.664380693404857,-375.73048077340303,2.4516625,-268.58926588261835,3.293741518564611,-142.1201772521422,0.2,3,-20,2,400,0.7,0.5,eq,1,6.5,5,5
3.7378786914194815,-96.24059247727779,0.664380693404857,-339.23199218772845,2.4516625,-225.82650076743678,3.293741518564611,-135.7541726923861,0.2,3,-20,2,400,0.7,0.5,eq,1,6.5,0,5
5.327510845438027,-94.80383130978498,0.664380693404857,-375.73048077340303,2.4516625,-268.58926588261835,3.293741518564611,-142.1201772521422,0.2,3,-20,2,400,0.7,0.5,eq,1,35,5,5
3.7378786914194815,-97.91502633725602,0.664380693404857,-340.90642604770665,2.4516625,-227.78831958615083,3.293741518564611,-136.04622460978933,0.2,3,-20,2,400,0.7,0.5,eq,0.5,6.5,0,5
5.327510845438027,-94.80383130978498,0.664380693404857,-359.73381294510773,2.4516625,-258.30973039352637,3.293741518564611,-140.58988402579274,0.2,3,-20,2,400,0.7,0.5,eff,1,6.5,5,5
5.327510845438027,-97.19987474980884,0.664380693404857,-362.12985638513163,2.4516625,-261.08533903772997,3.293741518564611,-141.00308315446242,0.2,3,-20,2,400,0.7,0.5,eff,0.5,6.5,5,5
3.7378786914194815,-97.3964960215078,0.664380693404857,-340.38789573195845,2.4516625,-227.18079333044386,3.293741518564611,-135.95578343032898,0.2,3,-20,2,400,0.7,0.5,eq,1,35,0,5
3.7378786914194815,-96.24059247727779,0.664380693404857,-324.3272877173037,2.4516625,-217.29433980359687,3.293741518564611,-134.48400750418855,0.2,3,-20,2,400,0.7,0.5,eff,1,6.5,0,5
5.327510845438027,-97.19987474980884,0.664380693404857,-378.126524213427,2.4516625,-271.3965449444519,3.293741518564611,-142.5380910905013,0.2,3,-20,2,400,0.7,0.5,eq,0.5,6.5,5,5
3.7378786914194815,-100.40969001363109,0.664380693404857,-343.4010897240817,2.4516625,-230.71114518825146,3.293741518564611,-136.4813396230543,0.2,3,-20,2,400,0.7,0.5,eq,0.5,35,0,5
3.7378786914194815,-97.3964960215078,0.664380693404857,-325.4831912615337,2.4516625,-218.63335387025222,3.293741518564611,-134.68334376392167,0.2,3,-20,2,400,0.7,0.5,eff,1,35,0,5
5.327510845438027,-94.80383130978498,0.664380693404857,-359.73381294510773,2.4516625,-258.30973039352637,3.293741518564611,-140.58988402579274,0.2,3,-20,2,400,0.7,0.5,eff,1,35,5,5
5.327510845438027,-99.12385130279266,0.664380693404857,-380.05050076641083,2.4516625,-273.6507357493269,3.293741518564611,-142.8736678218876,0.2,3,-20,2,400,0.7,0.5,eq,0.5,35,5,5
5.327510845438027,-99.12385130279266,0.664380693404857,-364.0538329381154,2.4516625,-263.3140991145942,3.293741518564611,-141.33487406587096,0.2,3,-20,2,400,0.7,0.5,eff,0.5,35,5,5
3.7378786914194815,-97.91502633725602,0.664380693404857,-326.0017215772819,2.4516625,-219.23402629751604,3.293741518564611,-134.7727646280913,0.2,3,-20,2,400,0.7,0.5,eff,0.5,6.5,0,5
3.7378786914194815,-100.40969001363109,0.664380693404857,-328.49638525365697,2.4516625,-222.1238779388195,3.293741518564611,-135.2029708758865,0.2,3,-20,2,400,0.7,0.5,eff,0.5,35,0,5
5.327510845438027,-94.80383130978498,0.6968241909147566,-363.32525016986153,2.4516625,-255.01126116297306,3.293741518564611,-140.0988477210693,0.2,3,-20,2,400,0.7,1,eq,1,6.5,5,5
5.327510845438027,-94.80383130978498,0.6968241909147566,-363.32525016986153,2.4516625,-255.01126116297306,3.293741518564611,-140.0988477210693,0.2,3,-20,2,400,0.7,1,eq,1,35,5,5
3.7378786914194815,-96.24059247727779,0.6968241909147566,-327.3324346811119,2.4516625,-212.89503229534824,3.293741518564611,-133.82909167772482,0.2,3,-20,2,400,0.7,1,eq,1,6.5,0,5
5.327510845438027,-97.19987474980884,0.6968241909147566,-365.72129360988544,2.4516625,-257.81494052304896,3.293741518564611,-140.51622567925938,0.2,3,-20,2,400,0.7,1,eq,0.5,6.5,5,5
5.327510845438027,-99.12385130279266,0.6968241909147566,-367.6452701628692,2.4516625,-260.066240836777,3.293741518564611,-140.85137210919595,0.2,3,-20,2,400,0.7,1,eq,0.5,35,5,5
3.7378786914194815,-97.91502633725602,0.6968241909147566,-329.0068685410901,2.4516625,-214.85433552719246,3.293741518564611,-134.12076910490413,0.2,3,-20,2,400,0.7,1,eq,0.5,6.5,0,5
3.7378786914194815,-97.3964960215078,0.6968241909147566,-314.32480908158317,2.4516625,-206.5696356635826,3.293741518564611,-132.88744293981892,0.2,3,-20,2,400,0.7,1,eff,1,35,0,5
5.327510845438027,-97.19987474980884,0.6968241909147566,-350.4475789101096,2.4516625,-248.3692982044406,3.293741518564611,-139.11007240764283,0.2,3,-20,2,400,0.7,1,eff,0.5,6.5,5,5
3.7378786914194815,-100.40969001363109,0.6968241909147566,-331.5015322174652,2.4516625,-217.77341326336435,3.293741518564611,-134.55532618110578,0.2,3,-20,2,400,0.7,1,eq,0.5,35,0,5
3.7378786914194815,-96.24059247727779,0.6968241909147566,-313.16890553735317,2.4516625,-205.2320754951391,3.293741518564611,-132.688323118911,0.2,3,-20,2,400,0.7,1,eff,1,6.5,0,5
5.327510845438027,-94.80383130978498,0.6968241909147566,-348.0515354700857,2.4516625,-245.59670330890125,3.293741518564611,-138.69732192951489,0.2,3,-20,2,400,0.7,1,eff,1,35,5,5
3.7378786914194815,-97.91502633725602,0.6968241909147566,-314.84333939733136,2.4516625,-207.1696558795038,3.293741518564611,-132.9767667106323,0.2,3,-20,2,400,0.7,1,eff,0.5,6.5,0,5
3.7378786914194815,-97.3964960215078,0.6968241909147566,-328.4883382253419,2.4516625,-214.2475882866283,3.293741518564611,-134.03044389581976,0.2,3,-20,2,400,0.7,1,eq,1,35,0,5
5.327510845438027,-94.80383130978498,0.6968241909147566,-348.0515354700857,2.4516625,-245.59670330890125,3.293741518564611,-138.69732192951489,0.2,3,-20,2,400,0.7,1,eff,1,6.5,5,5
5.327510845438027,-99.12385130279266,0.6968241909147566,-352.3715554630934,2.4516625,-250.59563829517688,3.293741518564611,-139.44150306071245,0.2,3,-20,2,400,0.7,1,eff,0.5,35,5,5
3.7378786914194815,-100.40969001363109,0.6968241909147566,-317.3380030737065,2.4516625,-210.0563697257127,3.293741518564611,-133.40650584134994,0.2,3,-20,2,400,0.7,1,eff,0.5,35,0,5
5.327510845438027,-94.80383130978498,0.664380693404857,-375.73048077340303,2.4516625,-268.58926588261835,3.293741518564611,-142.1201772521422,0.2,3,-20,2,400,0.8,0.5,eq,1,35,5,5
5.327510845438027,-94.80383130978498,0.664380693404857,-375.73048077340303,2.4516625,-268.58926588261835,3.293741518564611,-142.1201772521422,0.2,3,-20,2,400,0.8,0.5,eq,1,6.5,5,5
3.7378786914194815,-96.24059247727779,0.664380693404857,-339.23199218772845,2.4516625,-225.82650076743678,3.293741518564611,-135.7541726923861,0.2,3,-20,2,400,0.8,0.5,eq,1,6.5,0,5
3.7378786914194815,-97.91502633725602,0.664380693404857,-340.90642604770665,2.4516625,-227.78831958615083,3.293741518564611,-136.04622460978933,0.2,3,-20,2,400,0.8,0.5,eq,0.5,6.5,0,5
5.327510845438027,-94.80383130978498,0.664380693404857,-359.73381294510773,2.4516625,-258.30973039352637,3.293741518564611,-140.58988402579274,0.2,3,-20,2,400,0.8,0.5,eff,1,6.5,5,5
3.7378786914194815,-100.40969001363109,0.664380693404857,-343.4010897240817,2.4516625,-230.71114518825146,3.293741518564611,-136.4813396230543,0.2,3,-20,2,400,0.8,0.5,eq,0.5,35,0,5
3.7378786914194815,-97.3964960215078,0.664380693404857,-340.38789573195845,2.4516625,-227.18079333044386,3.293741518564611,-135.95578343032898,0.2,3,-20,2,400,0.8,0.5,eq,1,35,0,5
5.327510845438027,-97.19987474980884,0.664380693404857,-378.126524213427,2.4516625,-271.3965449444519,3.293741518564611,-142.5380910905013,0.2,3,-20,2,400,0.8,0.5,eq,0.5,6.5,5,5
5.327510845438027,-99.12385130279266,0.664380693404857,-380.05050076641083,2.4516625,-273.6507357493269,3.293741518564611,-142.8736678218876,0.2,3,-20,2,400,0.8,0.5,eq,0.5,35,5,5
5.327510845438027,-99.12385130279266,0.664380693404857,-364.0538329381154,2.4516625,-263.3140991145942,3.293741518564611,-141.33487406587096,0.2,3,-20,2,400,0.8,0.5,eff,0.5,35,5,5
5.327510845438027,-94.80383130978498,0.664380693404857,-359.73381294510773,2.4516625,-258.30973039352637,3.293741518564611,-140.58988402579274,0.2,3,-20,2,400,0.8,0.5,eff,1,35,5,5
5.327510845438027,-97.19987474980884,0.664380693404857,-362.12985638513163,2.4516625,-261.08533903772997,3.293741518564611,-141.00308315446242,0.2,3,-20,2,400,0.8,0.5,eff,0.5,6.5,5,5
3.7378786914194815,-97.3964960215078,0.664380693404857,-325.4831912615337,2.4516625,-218.63335387025222,3.293741518564611,-134.68334376392167,0.2,3,-20,2,400,0.8,0.5,eff,1,35,0,5
3.7378786914194815,-96.24059247727779,0.664380693404857,-324.3272877173037,2.4516625,-217.29433980359687,3.293741518564611,-134.48400750418855,0.2,3,-20,2,400,0.8,0.5,eff,1,6.5,0,5
3.7378786914194815,-97.91502633725602,0.664380693404857,-326.0017215772819,2.4516625,-219.23402629751604,3.293741518564611,-134.7727646280913,0.2,3,-20,2,400,0.8,0.5,eff,0.5,6.5,0,5
3.7378786914194815,-100.40969001363109,0.664380693404857,-328.49638525365697,2.4516625,-222.1238779388195,3.293741518564611,-135.2029708758865,0.2,3,-20,2,400,0.8,0.5,eff,0.5,35,0,5
5.327510845438027,-94.80383130978498,0.6968241909147566,-363.32525016986153,2.4516625,-255.01126116297306,3.293741518564611,-140.0988477210693,0.2,3,-20,2,400,0.8,1,eq,1,6.5,5,5
3.7378786914194815,-97.3964960215078,0.6968241909147566,-328.4883382253419,2.4516625,-214.2475882866283,3.293741518564611,-134.03044389581976,0.2,3,-20,2,400,0.8,1,eq,1,35,0,5
3.7378786914194815,-96.24059247727779,0.6968241909147566,-327.3324346811119,2.4516625,-212.89503229534824,3.293741518564611,-133.82909167772482,0.2,3,-20,2,400,0.8,1,eq,1,6.5,0,5
5.327510845438027,-97.19987474980884,0.6968241909147566,-365.72129360988544,2.4516625,-257.81494052304896,3.293741518564611,-140.51622567925938,0.2,3,-20,2,400,0.8,1,eq,0.5,6.5,5,5
5.327510845438027,-94.80383130978498,0.6968241909147566,-363.32525016986153,2.4516625,-255.01126116297306,3.293741518564611,-140.0988477210693,0.2,3,-20,2,400,0.8,1,eq,1,35,5,5
3.7378786914194815,-97.91502633725602,0.6968241909147566,-329.0068685410901,2.4516625,-214.85433552719246,3.293741518564611,-134.12076910490413,0.2,3,-20,2,400,0.8,1,eq,0.5,6.5,0,5
3.7378786914194815,-100.40969001363109,0.6968241909147566,-331.5015322174652,2.4516625,-217.77341326336435,3.293741518564611,-134.55532618110578,0.2,3,-20,2,400,0.8,1,eq,0.5,35,0,5
5.327510845438027,-99.12385130279266,0.6968241909147566,-367.6452701628692,2.4516625,-260.066240836777,3.293741518564611,-140.85137210919595,0.2,3,-20,2,400,0.8,1,eq,0.5,35,5,5
5.327510845438027,-94.80383130978498,0.6968241909147566,-348.0515354700857,2.4516625,-245.59670330890125,3.293741518564611,-138.69732192951489,0.2,3,-20,2,400,0.8,1,eff,1,6.5,5,5
3.7378786914194815,-96.24059247727779,0.6968241909147566,-313.16890553735317,2.4516625,-205.2320754951391,3.293741518564611,-132.688323118911,0.2,3,-20,2,400,0.8,1,eff,1,6.5,0,5
5.327510845438027,-94.80383130978498,0.6968241909147566,-348.0515354700857,2.4516625,-245.59670330890125,3.293741518564611,-138.69732192951489,0.2,3,-20,2,400,0.8,1,eff,1,35,5,5
3.7378786914194815,-97.3964960215078,0.6968241909147566,-314.32480908158317,2.4516625,-206.5696356635826,3.293741518564611,-132.88744293981892,0.2,3,-20,2,400,0.8,1,eff,1,35,0,5
3.7378786914194815,-97.3964960215078,0.664380693404857,-340.38789573195845,3.6774937499999996,-227.18222474779768,3.538907768564611,-142.27591038807975,0.2,3,-20,2,500,0.7,0.5,eq,1,35,0,5
5.327510845438027,-94.80383130978498,0.664380693404857,-375.73048077340303,3.6774937499999996,-268.590697297521,3.538907768564611,-150.8819215619973,0.2,3,-20,2,500,0.7,0.5,eq,1,6.5,5,5
5.327510845438027,-99.12385130279266,0.6968241909147566,-352.3715554630934,2.4516625,-250.59563829517688,3.293741518564611,-139.44150306071245,0.2,3,-20,2,400,0.8,1,eff,0.5,35,5,5
3.7378786914194815,-97.91502633725602,0.6968241909147566,-314.84333939733136,2.4516625,-207.1696558795038,3.293741518564611,-132.9767667106323,0.2,3,-20,2,400,0.8,1,eff,0.5,6.5,0,5
5.327510845438027,-97.19987474980884,0.6968241909147566,-350.4475789101096,2.4516625,-248.3692982044406,3.293741518564611,-139.11007240764283,0.2,3,-20,2,400,0.8,1,eff,0.5,6.5,5,5
3.7378786914194815,-100.40969001363109,0.6968241909147566,-317.3380030737065,2.4516625,-210.0563697257127,3.293741518564611,-133.40650584134994,0.2,3,-20,2,400,0.8,1,eff,0.5,35,0,5
3.7378786914194815,-96.24059247727779,0.664380693404857,-339.23199218772845,3.6774937499999996,-225.82793218162973,3.538907768564611,-141.99444487535874,0.2,3,-20,2,500,0.7,0.5,eq,1,6.5,0,5
3.7378786914194815,-100.40969001363109,0.664380693404857,-343.4010897240817,3.6774937499999996,-230.71257660241446,3.538907768564611,-143.00963094423423,0.2,3,-20,2,500,0.7,0.5,eq,0.5,35,0,5
3.7378786914194815,-97.91502633725602,0.664380693404857,-340.90642604770665,3.6774937499999996,-227.78975100128196,3.538907768564611,-142.4021738651895,0.2,3,-20,2,500,0.7,0.5,eq,0.5,6.5,0,5
5.327510845438027,-97.19987474980884,0.664380693404857,-378.126524213427,3.6774937499999996,-271.3979763593427,3.538907768564611,-151.46536435731727,0.2,3,-20,2,500,0.7,0.5,eq,0.5,6.5,5,5
5.327510845438027,-94.80383130978498,0.664380693404857,-375.73048077340303,3.6774937499999996,-268.590697297521,3.538907768564611,-150.8819215619973,0.2,3,-20,2,500,0.7,0.5,eq,1,35,5,5
5.327510845438027,-99.12385130279266,0.664380693404857,-380.05050076641083,3.6774937499999996,-273.6521671667805,3.538907768564611,-151.9338576409962,0.2,3,-20,2,500,0.7,0.5,eq,0.5,35,5,5
5.327510845438027,-94.80383130978498,0.664380693404857,-359.73381294510773,3.6774937499999996,-258.31103666691007,3.538907768564611,-148.74547776671142,0.2,3,-20,2,500,0.7,0.5,eff,1,6.5,5,5
3.7378786914194815,-96.24059247727779,0.664380693404857,-324.3272877173037,3.6774937499999996,-217.29564607653418,3.538907768564611,-140.22116165484545,0.2,3,-20,2,500,0.7,0.5,eff,1,6.5,0,5
3.7378786914194815,-100.40969001363109,0.664380693404857,-328.49638525365697,3.6774937499999996,-222.12518421282903,3.538907768564611,-141.224894867074,0.2,3,-20,2,500,0.7,0.5,eff,0.5,35,0,5
5.327510845438027,-94.80383130978498,0.664380693404857,-359.73381294510773,3.6774937499999996,-258.31103666691007,3.538907768564611,-148.74547776671142,0.2,3,-20,2,500,0.7,0.5,eff,1,35,5,5
3.7378786914194815,-97.3964960215078,0.664380693404857,-325.4831912615337,3.6774937499999996,-218.63466014425083,3.538907768564611,-140.4994518046442,0.2,3,-20,2,500,0.7,0.5,eff,1,35,0,5
5.327510845438027,-99.12385130279266,0.664380693404857,-364.0538329381154,3.6774937499999996,-263.31540538569135,3.538907768564611,-149.7855463918104,0.2,3,-20,2,500,0.7,0.5,eff,0.5,35,5,5
5.327510845438027,-97.19987474980884,0.664380693404857,-362.12985638513163,3.6774937499999996,-261.086645311214,3.538907768564611,-149.32233843160603,0.2,3,-20,2,500,0.7,0.5,eff,0.5,6.5,5,5
3.7378786914194815,-97.91502633725602,0.664380693404857,-326.0017215772819,3.6774937499999996,-219.2353325714997,3.538907768564611,-140.62429083642846,0.2,3,-20,2,500,0.7,0.5,eff,0.5,6.5,0,5
3.7378786914194815,-96.24059247727779,0.6968241909147566,-327.3324346811119,3.6774937499999996,-212.89638338408184,3.538907768564611,-139.30685350588433,0.2,3,-20,2,500,0.7,1,eq,1,6.5,0,5
3.7378786914194815,-97.3964960215078,0.6968241909147566,-328.4883382253419,3.6774937499999996,-214.24893937528986,3.538907768564611,-139.5879581025272,0.2,3,-20,2,500,0.7,1,eq,1,35,0,5
5.327510845438027,-94.80383130978498,0.6968241909147566,-363.32525016986153,3.6774937499999996,-255.0126122514273,3.538907768564611,-148.05995918493142,0.2,3,-20,2,500,0.7,1,eq,1,6.5,5,5
5.327510845438027,-97.19987474980884,0.6968241909147566,-365.72129360988544,3.6774937499999996,-257.8162916108776,3.538907768564611,-148.6426538464294,0.2,3,-20,2,500,0.7,1,eq,0.5,6.5,5,5
3.7378786914194815,-97.91502633725602,0.6968241909147566,-329.0068685410901,3.6774937499999996,-214.85568661591145,3.538907768564611,-139.71405967573202,0.2,3,-20,2,500,0.7,1,eq,0.5,6.5,0,5
5.327510845438027,-99.12385130279266,0.6968241909147566,-367.6452701628692,3.6774937499999996,-260.06759192521827,3.538907768564611,-149.11054639276256,0.2,3,-20,2,500,0.7,1,eq,0.5,35,5,5
5.327510845438027,-94.80383130978498,0.6968241909147566,-363.32525016986153,3.6774937499999996,-255.0126122514273,3.538907768564611,-148.05995918493142,0.2,3,-20,2,500,0.7,1,eq,1,35,5,5
3.7378786914194815,-100.40969001363109,0.6968241909147566,-331.5015322174652,3.6774937499999996,-217.77476435100598,3.538907768564611,-140.32073782778397,0.2,3,-20,2,500,0.7,1,eq,0.5,35,0,5
5.327510845438027,-94.80383130978498,0.6968241909147566,-348.0515354700857,3.6774937499999996,-245.5979375304313,3.538907768564611,-146.1032872562481,0.2,3,-20,2,500,0.7,1,eff,1,6.5,5,5
5.327510845438027,-97.19987474980884,0.6968241909147566,-350.4475789101096,3.6774937499999996,-248.3705324266557,3.538907768564611,-146.67952156745113,0.2,3,-20,2,500,0.7,1,eff,0.5,6.5,5,5
3.7378786914194815,-96.24059247727779,0.6968241909147566,-313.16890553735317,3.6774937499999996,-205.23330971683535,3.538907768564611,-137.71422056035166,0.2,3,-20,2,500,0.7,1,eff,1,6.5,0,5
3.7378786914194815,-97.3964960215078,0.6968241909147566,-314.32480908158317,3.6774937499999996,-206.57086988638454,3.538907768564611,-137.9922085433931,0.2,3,-20,2,500,0.7,1,eff,1,35,0,5
5.327510845438027,-94.80383130978498,0.6968241909147566,-348.0515354700857,3.6774937499999996,-245.5979375304313,3.538907768564611,-146.1032872562481,0.2,3,-20,2,500,0.7,1,eff,1,35,5,5
3.7378786914194815,-97.91502633725602,0.6968241909147566,-314.84333939733136,3.6774937499999996,-207.1708901040787,3.538907768564611,-138.11691202507436,0.2,3,-20,2,500,0.7,1,eff,0.5,6.5,0,5
5.327510845438027,-99.12385130279266,0.6968241909147566,-352.3715554630934,3.6774937499999996,-250.59687251667688,3.538907768564611,-147.14222657712406,0.2,3,-20,2,500,0.7,1,eff,0.5,35,5,5
3.7378786914194815,-100.40969001363109,0.6968241909147566,-317.3380030737065,3.6774937499999996,-210.05760395033334,3.538907768564611,-138.71686392107685,0.2,3,-20,2,500,0.7,1,eff,0.5,35,0,5
5.327510845438027,-94.80383130978498,0.664380693404857,-375.73048077340303,3.6774937499999996,-268.590697297521,3.538907768564611,-150.8819215619973,0.2,3,-20,2,500,0.8,0.5,eq,1,6.5,5,5
3.7378786914194815,-96.24059247727779,0.664380693404857,-339.23199218772845,3.6774937499999996,-225.82793218162973,3.538907768564611,-141.99444487535874,0.2,3,-20,2,500,0.8,0.5,eq,1,6.5,0,5
5.327510845438027,-99.12385130279266,0.664380693404857,-380.05050076641083,3.6774937499999996,-273.6521671667805,3.538907768564611,-151.9338576409962,0.2,3,-20,2,500,0.8,0.5,eq,0.5,35,5,5
5.327510845438027,-94.80383130978498,0.664380693404857,-375.73048077340303,3.6774937499999996,-268.590697297521,3.538907768564611,-150.8819215619973,0.2,3,-20,2,500,0.8,0.5,eq,1,35,5,5
3.7378786914194815,-97.3964960215078,0.664380693404857,-340.38789573195845,3.6774937499999996,-227.18222474779768,3.538907768564611,-142.27591038807975,0.2,3,-20,2,500,0.8,0.5,eq,1,35,0,5
5.327510845438027,-97.19987474980884,0.664380693404857,-378.126524213427,3.6774937499999996,-271.3979763593427,3.538907768564611,-151.46536435731727,0.2,3,-20,2,500,0.8,0.5,eq,0.5,6.5,5,5
3.7378786914194815,-97.91502633725602,0.664380693404857,-340.90642604770665,3.6774937499999996,-227.78975100128196,3.538907768564611,-142.4021738651895,0.2,3,-20,2,500,0.8,0.5,eq,0.5,6.5,0,5
3.7378786914194815,-100.40969001363109,0.664380693404857,-343.4010897240817,3.6774937499999996,-230.71257660241446,3.538907768564611,-143.00963094423423,0.2,3,-20,2,500,0.8,0.5,eq,0.5,35,0,5
3.7378786914194815,-96.24059247727779,0.664380693404857,-324.3272877173037,3.6774937499999996,-217.29564607653418,3.538907768564611,-140.22116165484545,0.2,3,-20,2,500,0.8,0.5,eff,1,6.5,0,5
5.327510845438027,-97.19987474980884,0.664380693404857,-362.12985638513163,3.6774937499999996,-261.086645311214,3.538907768564611,-149.32233843160603,0.2,3,-20,2,500,0.8,0.5,eff,0.5,6.5,5,5
5.327510845438027,-94.80383130978498,0.664380693404857,-359.73381294510773,3.6774937499999996,-258.31103666691007,3.538907768564611,-148.74547776671142,0.2,3,-20,2,500,0.8,0.5,eff,1,35,5,5
5.327510845438027,-99.12385130279266,0.664380693404857,-364.0538329381154,3.6774937499999996,-263.31540538569135,3.538907768564611,-149.7855463918104,0.2,3,-20,2,500,0.8,0.5,eff,0.5,35,5,5
3.7378786914194815,-97.91502633725602,0.664380693404857,-326.0017215772819,3.6774937499999996,-219.2353325714997,3.538907768564611,-140.62429083642846,0.2,3,-20,2,500,0.8,0.5,eff,0.5,6.5,0,5
5.327510845438027,-94.80383130978498,0.664380693404857,-359.73381294510773,3.6774937499999996,-258.31103666691007,3.538907768564611,-148.74547776671142,0.2,3,-20,2,500,0.8,0.5,eff,1,6.5,5,5
3.7378786914194815,-97.3964960215078,0.664380693404857,-325.4831912615337,3.6774937499999996,-218.63466014425083,3.538907768564611,-140.4994518046442,0.2,3,-20,2,500,0.8,0.5,eff,1,35,0,5
5.327510845438027,-97.19987474980884,0.6968241909147566,-365.72129360988544,3.6774937499999996,-257.8162916108776,3.538907768564611,-148.6426538464294,0.2,3,-20,2,500,0.8,1,eq,0.5,6.5,5,5
5.327510845438027,-94.80383130978498,0.6968241909147566,-363.32525016986153,3.6774937499999996,-255.0126122514273,3.538907768564611,-148.05995918493142,0.2,3,-20,2,500,0.8,1,eq,1,6.5,5,5
3.7378786914194815,-100.40969001363109,0.664380693404857,-328.49638525365697,3.6774937499999996,-222.12518421282903,3.538907768564611,-141.224894867074,0.2,3,-20,2,500,0.8,0.5,eff,0.5,35,0,5
3.7378786914194815,-96.24059247727779,0.6968241909147566,-327.3324346811119,3.6774937499999996,-212.89638338408184,3.538907768564611,-139.30685350588433,0.2,3,-20,2,500,0.8,1,eq,1,6.5,0,5
3.7378786914194815,-97.3964960215078,0.6968241909147566,-328.4883382253419,3.6774937499999996,-214.24893937528986,3.538907768564611,-139.5879581025272,0.2,3,-20,2,500,0.8,1,eq,1,35,0,5
5.327510845438027,-94.80383130978498,0.6968241909147566,-363.32525016986153,3.6774937499999996,-255.0126122514273,3.538907768564611,-148.05995918493142,0.2,3,-20,2,500,0.8,1,eq,1,35,5,5
3.7378786914194815,-97.91502633725602,0.6968241909147566,-329.0068685410901,3.6774937499999996,-214.85568661591145,3.538907768564611,-139.71405967573202,0.2,3,-20,2,500,0.8,1,eq,0.5,6.5,0,5
5.327510845438027,-99.12385130279266,0.6968241909147566,-367.6452701628692,3.6774937499999996,-260.06759192521827,3.538907768564611,-149.11054639276256,0.2,3,-20,2,500,0.8,1,eq,0.5,35,5,5
5.327510845438027,-94.80383130978498,0.6968241909147566,-348.0515354700857,3.6774937499999996,-245.5979375304313,3.538907768564611,-146.1032872562481,0.2,3,-20,2,500,0.8,1,eff,1,6.5,5,5
3.7378786914194815,-100.40969001363109,0.6968241909147566,-331.5015322174652,3.6774937499999996,-217.77476435100598,3.538907768564611,-140.32073782778397,0.2,3,-20,2,500,0.8,1,eq,0.5,35,0,5
5.327510845438027,-99.12385130279266,0.6968241909147566,-352.3715554630934,3.6774937499999996,-250.59687251667688,3.538907768564611,-147.14222657712406,0.2,3,-20,2,500,0.8,1,eff,0.5,35,5,5
3.7378786914194815,-97.91502633725602,0.6968241909147566,-314.84333939733136,3.6774937499999996,-207.1708901040787,3.538907768564611,-138.11691202507436,0.2,3,-20,2,500,0.8,1,eff,0.5,6.5,0,5
3.7378786914194815,-96.24059247727779,0.6968241909147566,-313.16890553735317,3.6774937499999996,-205.23330971683535,3.538907768564611,-137.71422056035166,0.2,3,-20,2,500,0.8,1,eff,1,6.5,0,5
3.7378786914194815,-97.3964960215078,0.6968241909147566,-314.32480908158317,3.6774937499999996,-206.57086988638454,3.538907768564611,-137.9922085433931,0.2,3,-20,2,500,0.8,1,eff,1,35,0,5
5.327510845438027,-94.80383130978498,0.6968241909147566,-348.0515354700857,3.6774937499999996,-245.5979375304313,3.538907768564611,-146.1032872562481,0.2,3,-20,2,500,0.8,1,eff,1,35,5,5
5.327510845438027,-97.19987474980884,0.6968241909147566,-350.4475789101096,3.6774937499999996,-248.3705324266557,3.538907768564611,-146.67952156745113,0.2,3,-20,2,500,0.8,1,eff,0.5,6.5,5,5
5.327510845438027,-94.80383130978498,0.664380693404857,-375.73048077340303,12.2583125,-268.60071720276545,5.255071518564611,-189.32708804287324,0.2,3,-20,10,400,0.7,0.5,eq,1,6.5,5,5
5.327510845438027,-94.80383130978498,0.664380693404857,-375.73048077340303,12.2583125,-268.60071720276545,5.255071518564611,-189.32708804287324,0.2,3,-20,10,400,0.7,0.5,eq,1,35,5,5
5.327510845438027,-99.12385130279266,0.664380693404857,-380.05050076641083,12.2583125,-273.6621870720704,5.255071518564611,-191.68842905024442,0.2,3,-20,10,400,0.7,0.5,eq,0.5,35,5,5
3.7378786914194815,-97.3964960215078,0.664380693404857,-340.38789573195845,12.2583125,-227.19224465292226,5.255071518564611,-170.00868315074356,0.2,3,-20,10,400,0.7,0.5,eq,1,35,0,5
3.7378786914194815,-100.40969001363109,0.6968241909147566,-317.3380030737065,3.6774937499999996,-210.05760395033334,3.538907768564611,-138.71686392107685,0.2,3,-20,2,500,0.8,1,eff,0.5,35,0,5
3.7378786914194815,-96.24059247727779,0.664380693404857,-339.23199218772845,12.2583125,-225.83795208670662,5.255071518564611,-169.3768614358745,0.2,3,-20,10,400,0.7,0.5,eq,1,6.5,0,5
3.7378786914194815,-100.40969001363109,0.664380693404857,-343.4010897240817,12.2583125,-230.72259651075458,5.255071518564611,-171.65570759771376,0.2,3,-20,10,400,0.7,0.5,eq,0.5,35,0,5
5.327510845438027,-94.80383130978498,0.664380693404857,-359.73381294510773,12.2583125,-258.320180575802,5.255071518564611,-184.53088193242118,0.2,3,-20,10,400,0.7,0.5,eff,1,6.5,5,5
5.327510845438027,-97.19987474980884,0.664380693404857,-378.126524213427,12.2583125,-271.407996267037,5.255071518564611,-190.6367754152708,0.2,3,-20,10,400,0.7,0.5,eq,0.5,6.5,5,5
3.7378786914194815,-97.91502633725602,0.664380693404857,-340.90642604770665,12.2583125,-227.7997709096429,5.255071518564611,-170.29211399199963,0.2,3,-20,10,400,0.7,0.5,eq,0.5,6.5,0,5
3.7378786914194815,-96.24059247727779,0.664380693404857,-324.3272877173037,12.2583125,-217.3047899866533,5.255071518564611,-165.3958626134576,0.2,3,-20,10,400,0.7,0.5,eff,1,6.5,0,5
5.327510845438027,-94.80383130978498,0.664380693404857,-359.73381294510773,12.2583125,-258.320180575802,5.255071518564611,-184.53088193242118,0.2,3,-20,10,400,0.7,0.5,eff,1,35,5,5
3.7378786914194815,-97.3964960215078,0.664380693404857,-325.4831912615337,12.2583125,-218.64380405336442,5.255071518564611,-166.02055640929493,0.2,3,-20,10,400,0.7,0.5,eff,1,35,0,5
5.327510845438027,-94.80383130978498,0.6968241909147566,-363.32525016986153,12.2583125,-255.0220698741305,5.255071518564611,-182.99220557005924,0.2,3,-20,10,400,0.7,1,eq,1,35,5,5
3.7378786914194815,-97.91502633725602,0.664380693404857,-326.0017215772819,12.2583125,-219.2444764805582,5.255071518564611,-166.30078971522278,0.2,3,-20,10,400,0.7,0.5,eff,0.5,6.5,0,5
5.327510845438027,-99.12385130279266,0.664380693404857,-364.0538329381154,12.2583125,-263.32454929759837,5.255071518564611,-186.86558338949132,0.2,3,-20,10,400,0.7,0.5,eff,0.5,35,5,5
5.327510845438027,-97.19987474980884,0.664380693404857,-362.12985638513163,12.2583125,-261.09578922322476,5.255071518564611,-185.82579402096678,0.2,3,-20,10,400,0.7,0.5,eff,0.5,6.5,5,5
3.7378786914194815,-97.3964960215078,0.6968241909147566,-328.4883382253419,12.2583125,-214.25839699792166,5.255071518564611,-163.9746207855679,0.2,3,-20,10,400,0.7,1,eq,1,35,0,5
3.7378786914194815,-96.24059247727779,0.6968241909147566,-327.3324346811119,12.2583125,-212.90584100643346,5.255071518564611,-163.3436092395275,0.2,3,-20,10,400,0.7,1,eq,1,6.5,0,5
3.7378786914194815,-100.40969001363109,0.664380693404857,-328.49638525365697,12.2583125,-222.1343281219084,5.255071518564611,-167.6489998917412,0.2,3,-20,10,400,0.7,0.5,eff,0.5,35,0,5
5.327510845438027,-94.80383130978498,0.6968241909147566,-363.32525016986153,12.2583125,-255.0220698741305,5.255071518564611,-182.99220557005924,0.2,3,-20,10,400,0.7,1,eq,1,6.5,5,5
5.327510845438027,-99.12385130279266,0.6968241909147566,-367.6452701628692,12.2583125,-260.0770495481619,5.255071518564611,-185.35051868935815,0.2,3,-20,10,400,0.7,1,eq,0.5,35,5,5
5.327510845438027,-97.19987474980884,0.6968241909147566,-365.72129360988544,12.2583125,-257.8257492334857,5.255071518564611,-184.30021356254267,0.2,3,-20,10,400,0.7,1,eq,0.5,6.5,5,5
3.7378786914194815,-97.91502633725602,0.6968241909147566,-329.0068685410901,12.2583125,-214.86514423828103,5.255071518564611,-164.25768819024768,0.2,3,-20,10,400,0.7,1,eq,0.5,6.5,0,5
3.7378786914194815,-100.40969001363109,0.6968241909147566,-331.5015322174652,12.2583125,-217.78422197361803,5.255071518564611,-165.61953329416858,0.2,3,-20,10,400,0.7,1,eq,0.5,35,0,5
3.7378786914194815,-96.24059247727779,0.6968241909147566,-313.16890553735317,12.2583125,-205.2419492829625,5.255071518564611,-159.7681534391415,0.2,3,-20,10,400,0.7,1,eff,1,6.5,0,5
5.327510845438027,-94.80383130978498,0.6968241909147566,-348.0515354700857,12.2583125,-245.60657709664576,5.255071518564611,-178.59957066870103,0.2,3,-20,10,400,0.7,1,eff,1,6.5,5,5
5.327510845438027,-94.80383130978498,0.664380693404857,-375.73048077340303,12.2583125,-268.60071720276545,5.255071518564611,-189.32708804287324,0.2,3,-20,10,400,0.8,0.5,eq,1,6.5,5,5
5.327510845438027,-94.80383130978498,0.6968241909147566,-348.0515354700857,12.2583125,-245.60657709664576,5.255071518564611,-178.59957066870103,0.2,3,-20,10,400,0.7,1,eff,1,35,5,5
3.7378786914194815,-97.3964960215078,0.6968241909147566,-314.32480908158317,12.2583125,-206.57950945147152,5.255071518564611,-160.39216894398157,0.2,3,-20,10,400,0.7,1,eff,1,35,0,5
3.7378786914194815,-100.40969001363109,0.6968241909147566,-317.3380030737065,12.2583125,-210.06624351358064,5.255071518564611,-162.0188442646403,0.2,3,-20,10,400,0.7,1,eff,0.5,35,0,5
5.327510845438027,-99.12385130279266,0.6968241909147566,-352.3715554630934,12.2583125,-250.6055120829609,5.255071518564611,-180.93173711069733,0.2,3,-20,10,400,0.7,1,eff,0.5,35,5,5
3.7378786914194815,-97.91502633725602,0.6968241909147566,-314.84333939733136,12.2583125,-207.17952967021063,5.255071518564611,-160.67209797336358,0.2,3,-20,10,400,0.7,1,eff,0.5,6.5,0,5
3.7378786914194815,-96.24059247727779,0.664380693404857,-339.23199218772845,12.2583125,-225.83795208670662,5.255071518564611,-169.3768614358745,0.2,3,-20,10,400,0.8,0.5,eq,1,6.5,0,5
5.327510845438027,-97.19987474980884,0.6968241909147566,-350.4475789101096,12.2583125,-248.37917199292207,5.255071518564611,-179.89307674390454,0.2,3,-20,10,400,0.7,1,eff,0.5,6.5,5,5
5.327510845438027,-94.80383130978498,0.664380693404857,-375.73048077340303,12.2583125,-268.60071720276545,5.255071518564611,-189.32708804287324,0.2,3,-20,10,400,0.8,0.5,eq,1,35,5,5
3.7378786914194815,-97.91502633725602,0.664380693404857,-340.90642604770665,12.2583125,-227.7997709096429,5.255071518564611,-170.29211399199963,0.2,3,-20,10,400,0.8,0.5,eq,0.5,6.5,0,5
5.327510845438027,-99.12385130279266,0.664380693404857,-380.05050076641083,12.2583125,-273.6621870720704,5.255071518564611,-191.68842905024442,0.2,3,-20,10,400,0.8,0.5,eq,0.5,35,5,5
3.7378786914194815,-97.3964960215078,0.664380693404857,-340.38789573195845,12.2583125,-227.19224465292226,5.255071518564611,-170.00868315074356,0.2,3,-20,10,400,0.8,0.5,eq,1,35,0,5
5.327510845438027,-97.19987474980884,0.664380693404857,-378.126524213427,12.2583125,-271.407996267037,5.255071518564611,-190.6367754152708,0.2,3,-20,10,400,0.8,0.5,eq,0.5,6.5,5,5
3.7378786914194815,-100.40969001363109,0.664380693404857,-343.4010897240817,12.2583125,-230.72259651075458,5.255071518564611,-171.65570759771376,0.2,3,-20,10,400,0.8,0.5,eq,0.5,35,0,5
3.7378786914194815,-96.24059247727779,0.664380693404857,-324.3272877173037,12.2583125,-217.3047899866533,5.255071518564611,-165.3958626134576,0.2,3,-20,10,400,0.8,0.5,eff,1,6.5,0,5
5.327510845438027,-94.80383130978498,0.664380693404857,-359.73381294510773,12.2583125,-258.320180575802,5.255071518564611,-184.53088193242118,0.2,3,-20,10,400,0.8,0.5,eff,1,6.5,5,5
5.327510845438027,-94.80383130978498,0.664380693404857,-359.73381294510773,12.2583125,-258.320180575802,5.255071518564611,-184.53088193242118,0.2,3,-20,10,400,0.8,0.5,eff,1,35,5,5
3.7378786914194815,-97.3964960215078,0.664380693404857,-325.4831912615337,12.2583125,-218.64380405336442,5.255071518564611,-166.02055640929493,0.2,3,-20,10,400,0.8,0.5,eff,1,35,0,5
5.327510845438027,-97.19987474980884,0.664380693404857,-362.12985638513163,12.2583125,-261.09578922322476,5.255071518564611,-185.82579402096678,0.2,3,-20,10,400,0.8,0.5,eff,0.5,6.5,5,5
3.7378786914194815,-97.91502633725602,0.664380693404857,-326.0017215772819,12.2583125,-219.2444764805582,5.255071518564611,-166.30078971522278,0.2,3,-20,10,400,0.8,0.5,eff,0.5,6.5,0,5
5.327510845438027,-99.12385130279266,0.664380693404857,-364.0538329381154,12.2583125,-263.32454929759837,5.255071518564611,-186.86558338949132,0.2,3,-20,10,400,0.8,0.5,eff,0.5,35,5,5
3.7378786914194815,-100.40969001363109,0.664380693404857,-328.49638525365697,12.2583125,-222.1343281219084,5.255071518564611,-167.6489998917412,0.2,3,-20,10,400,0.8,0.5,eff,0.5,35,0,5
3.7378786914194815,-97.3964960215078,0.6968241909147566,-328.4883382253419,12.2583125,-214.25839699792166,5.255071518564611,-163.9746207855679,0.2,3,-20,10,400,0.8,1,eq,1,35,0,5
5.327510845438027,-94.80383130978498,0.6968241909147566,-363.32525016986153,12.2583125,-255.0220698741305,5.255071518564611,-182.99220557005924,0.2,3,-20,10,400,0.8,1,eq,1,35,5,5
5.327510845438027,-94.80383130978498,0.6968241909147566,-363.32525016986153,12.2583125,-255.0220698741305,5.255071518564611,-182.99220557005924,0.2,3,-20,10,400,0.8,1,eq,1,6.5,5,5
3.7378786914194815,-96.24059247727779,0.6968241909147566,-327.3324346811119,12.2583125,-212.90584100643346,5.255071518564611,-163.3436092395275,0.2,3,-20,10,400,0.8,1,eq,1,6.5,0,5
3.7378786914194815,-97.91502633725602,0.6968241909147566,-329.0068685410901,12.2583125,-214.86514423828103,5.255071518564611,-164.25768819024768,0.2,3,-20,10,400,0.8,1,eq,0.5,6.5,0,5
3.7378786914194815,-100.40969001363109,0.6968241909147566,-331.5015322174652,12.2583125,-217.78422197361803,5.255071518564611,-165.61953329416858,0.2,3,-20,10,400,0.8,1,eq,0.5,35,0,5
5.327510845438027,-97.19987474980884,0.6968241909147566,-365.72129360988544,12.2583125,-257.8257492334857,5.255071518564611,-184.30021356254267,0.2,3,-20,10,400,0.8,1,eq,0.5,6.5,5,5
5.327510845438027,-94.80383130978498,0.6968241909147566,-348.0515354700857,12.2583125,-245.60657709664576,5.255071518564611,-178.59957066870103,0.2,3,-20,10,400,0.8,1,eff,1,6.5,5,5
5.327510845438027,-99.12385130279266,0.6968241909147566,-367.6452701628692,12.2583125,-260.0770495481619,5.255071518564611,-185.35051868935815,0.2,3,-20,10,400,0.8,1,eq,0.5,35,5,5
3.7378786914194815,-96.24059247727779,0.6968241909147566,-313.16890553735317,12.2583125,-205.2419492829625,5.255071518564611,-159.7681534391415,0.2,3,-20,10,400,0.8,1,eff,1,6.5,0,5
3.7378786914194815,-97.3964960215078,0.6968241909147566,-314.32480908158317,12.2583125,-206.57950945147152,5.255071518564611,-160.39216894398157,0.2,3,-20,10,400,0.8,1,eff,1,35,0,5
5.327510845438027,-94.80383130978498,0.6968241909147566,-348.0515354700857,12.2583125,-245.60657709664576,5.255071518564611,-178.59957066870103,0.2,3,-20,10,400,0.8,1,eff,1,35,5,5
5.327510845438027,-97.19987474980884,0.6968241909147566,-350.4475789101096,12.2583125,-248.37917199292207,5.255071518564611,-179.89307674390454,0.2,3,-20,10,400,0.8,1,eff,0.5,6.5,5,5
3.7378786914194815,-97.91502633725602,0.6968241909147566,-314.84333939733136,12.2583125,-207.17952967021063,5.255071518564611,-160.67209797336358,0.2,3,-20,10,400,0.8,1,eff,0.5,6.5,0,5
5.327510845438027,-94.80383130978498,0.664380693404857,-375.73048077340303,18.38746875,-268.60787427895923,6.4809027685646114,-204.32537076662527,0.2,3,-20,10,500,0.7,0.5,eq,1,6.5,5,5
5.327510845438027,-94.80383130978498,0.664380693404857,-375.73048077340303,18.38746875,-268.60787427895923,6.4809027685646114,-204.32537076662527,0.2,3,-20,10,500,0.7,0.5,eq,1,35,5,5
3.7378786914194815,-100.40969001363109,0.6968241909147566,-317.3380030737065,12.2583125,-210.06624351358064,5.255071518564611,-162.0188442646403,0.2,3,-20,10,400,0.8,1,eff,0.5,35,0,5
3.7378786914194815,-96.24059247727779,0.664380693404857,-339.23199218772845,18.38746875,-225.84510916253842,6.4809027685646114,-180.06026340980154,0.2,3,-20,10,500,0.7,0.5,eq,1,6.5,0,5
5.327510845438027,-99.12385130279266,0.6968241909147566,-352.3715554630934,12.2583125,-250.6055120829609,5.255071518564611,-180.93173711069733,0.2,3,-20,10,400,0.8,1,eff,0.5,35,5,5
3.7378786914194815,-97.3964960215078,0.664380693404857,-340.38789573195845,18.38746875,-227.19940172869423,6.4809027685646114,-180.8287369736803,0.2,3,-20,10,500,0.7,0.5,eq,1,35,0,5
5.327510845438027,-97.19987474980884,0.664380693404857,-378.126524213427,18.38746875,-271.4151533432987,6.4809027685646114,-205.91832032662927,0.2,3,-20,10,500,0.7,0.5,eq,0.5,6.5,5,5
3.7378786914194815,-100.40969001363109,0.664380693404857,-343.4010897240817,18.38746875,-230.7297535865692,6.4809027685646114,-182.83198364413,0.2,3,-20,10,500,0.7,0.5,eq,0.5,35,0,5
3.7378786914194815,-97.91502633725602,0.664380693404857,-340.90642604770665,18.38746875,-227.80692798541105,6.4809027685646114,-181.17346888709108,0.2,3,-20,10,500,0.7,0.5,eq,0.5,6.5,0,5
3.7378786914194815,-96.24059247727779,0.664380693404857,-324.3272877173037,18.38746875,-217.31132135078283,6.4809027685646114,-175.2178899840221,0.2,3,-20,10,500,0.7,0.5,eff,1,6.5,0,5
5.327510845438027,-99.12385130279266,0.664380693404857,-380.05050076641083,18.38746875,-273.6693441484404,6.4809027685646114,-207.19742802091923,0.2,3,-20,10,500,0.7,0.5,eq,0.5,35,5,5
5.327510845438027,-94.80383130978498,0.664380693404857,-359.73381294510773,18.38746875,-258.32671194093604,6.4809027685646114,-198.49147515192678,0.2,3,-20,10,500,0.7,0.5,eff,1,6.5,5,5
3.7378786914194815,-97.3964960215078,0.664380693404857,-325.4831912615337,18.38746875,-218.65033541849886,6.4809027685646114,-175.97769398680285,0.2,3,-20,10,500,0.7,0.5,eff,1,35,0,5
5.327510845438027,-94.80383130978498,0.664380693404857,-359.73381294510773,18.38746875,-258.32671194093604,6.4809027685646114,-198.49147515192678,0.2,3,-20,10,500,0.7,0.5,eff,1,35,5,5
3.7378786914194815,-97.91502633725602,0.664380693404857,-326.0017215772819,18.38746875,-219.25100784574184,6.4809027685646114,-176.31853679464405,0.2,3,-20,10,500,0.7,0.5,eff,0.5,6.5,0,5
5.327510845438027,-94.80383130978498,0.6968241909147566,-363.32525016986153,18.38746875,-255.02882531729392,6.4809027685646114,-196.62013748806316,0.2,3,-20,10,500,0.7,1,eq,1,6.5,5,5
5.327510845438027,-97.19987474980884,0.664380693404857,-362.12985638513163,18.38746875,-261.1023205883592,6.4809027685646114,-200.0664537957748,0.2,3,-20,10,500,0.7,0.5,eff,0.5,6.5,5,5
5.327510845438027,-99.12385130279266,0.664380693404857,-364.0538329381154,18.38746875,-263.3310806625698,6.4809027685646114,-201.33113119271317,0.2,3,-20,10,500,0.7,0.5,eff,0.5,35,5,5
3.7378786914194815,-96.24059247727779,0.6968241909147566,-327.3324346811119,18.38746875,-212.91259644972718,6.4809027685646114,-172.72189769571565,0.2,3,-20,10,500,0.7,1,eq,1,6.5,0,5
5.327510845438027,-94.80383130978498,0.6968241909147566,-363.32525016986153,18.38746875,-255.02882531729392,6.4809027685646114,-196.62013748806316,0.2,3,-20,10,500,0.7,1,eq,1,35,5,5
3.7378786914194815,-97.3964960215078,0.6968241909147566,-328.4883382253419,18.38746875,-214.2651524409571,6.4809027685646114,-173.48938586548124,0.2,3,-20,10,500,0.7,1,eq,1,35,0,5
3.7378786914194815,-100.40969001363109,0.664380693404857,-328.49638525365697,18.38746875,-222.14085948702893,6.4809027685646114,-177.9583409590898,0.2,3,-20,10,500,0.7,0.5,eff,0.5,35,0,5
3.7378786914194815,-100.40969001363109,0.6968241909147566,-331.5015322174652,18.38746875,-217.7909774176945,6.4809027685646114,-175.49006382325538,0.2,3,-20,10,500,0.7,1,eq,0.5,35,0,5
5.327510845438027,-99.12385130279266,0.6968241909147566,-367.6452701628692,18.38746875,-260.0838049913626,6.4809027685646114,-199.488511975632,0.2,3,-20,10,500,0.7,1,eq,0.5,35,5,5
3.7378786914194815,-97.91502633725602,0.6968241909147566,-329.0068685410901,18.38746875,-214.87189968157102,6.4809027685646114,-173.83367573756658,0.2,3,-20,10,500,0.7,1,eq,0.5,6.5,0,5
5.327510845438027,-97.19987474980884,0.6968241909147566,-365.72129360988544,18.38746875,-257.83250467751736,6.4809027685646114,-198.2110444484695,0.2,3,-20,10,500,0.7,1,eq,0.5,6.5,5,5
5.327510845438027,-94.80383130978498,0.6968241909147566,-348.0515354700857,18.38746875,-245.61274821464815,6.4809027685646114,-191.27712187263722,0.2,3,-20,10,500,0.7,1,eff,1,6.5,5,5
3.7378786914194815,-96.24059247727779,0.6968241909147566,-313.16890553735317,18.38746875,-205.2481204009649,6.4809027685646114,-168.372802550659,0.2,3,-20,10,500,0.7,1,eff,1,6.5,0,5
5.327510845438027,-97.19987474980884,0.6968241909147566,-350.4475789101096,18.38746875,-248.38534311092445,6.4809027685646114,-192.85039040735364,0.2,3,-20,10,500,0.7,1,eff,0.5,6.5,5,5
3.7378786914194815,-97.3964960215078,0.6968241909147566,-314.32480908158317,18.38746875,-206.58568056947402,6.4809027685646114,-169.13178155954046,0.2,3,-20,10,500,0.7,1,eff,1,35,0,5
5.327510845438027,-94.80383130978498,0.6968241909147566,-348.0515354700857,18.38746875,-245.61274821464815,6.4809027685646114,-191.27712187263722,0.2,3,-20,10,500,0.7,1,eff,1,35,5,5
5.327510845438027,-99.12385130279266,0.6968241909147566,-352.3715554630934,18.38746875,-250.61168320096328,6.4809027685646114,-194.11369461956994,0.2,3,-20,10,500,0.7,1,eff,0.5,35,5,5
5.327510845438027,-94.80383130978498,0.664380693404857,-375.73048077340303,18.38746875,-268.60787427895923,6.4809027685646114,-204.32537076662527,0.2,3,-20,10,500,0.8,0.5,eq,1,6.5,5,5
5.327510845438027,-94.80383130978498,0.664380693404857,-375.73048077340303,18.38746875,-268.60787427895923,6.4809027685646114,-204.32537076662527,0.2,3,-20,10,500,0.8,0.5,eq,1,35,5,5
3.7378786914194815,-100.40969001363109,0.6968241909147566,-317.3380030737065,18.38746875,-210.07241463158297,6.4809027685646114,-171.11027794796217,0.2,3,-20,10,500,0.7,1,eff,0.5,35,0,5
3.7378786914194815,-97.91502633725602,0.6968241909147566,-314.84333939733136,18.38746875,-207.18570078821307,6.4809027685646114,-169.47225428117883,0.2,3,-20,10,500,0.7,1,eff,0.5,6.5,0,5
3.7378786914194815,-96.24059247727779,0.664380693404857,-339.23199218772845,18.38746875,-225.84510916253842,6.4809027685646114,-180.06026340980154,0.2,3,-20,10,500,0.8,0.5,eq,1,6.5,0,5
3.7378786914194815,-97.3964960215078,0.664380693404857,-340.38789573195845,18.38746875,-227.19940172869423,6.4809027685646114,-180.8287369736803,0.2,3,-20,10,500,0.8,0.5,eq,1,35,0,5
3.7378786914194815,-97.91502633725602,0.664380693404857,-340.90642604770665,18.38746875,-227.80692798541105,6.4809027685646114,-181.17346888709108,0.2,3,-20,10,500,0.8,0.5,eq,0.5,6.5,0,5
5.327510845438027,-99.12385130279266,0.664380693404857,-380.05050076641083,18.38746875,-273.6693441484404,6.4809027685646114,-207.19742802091923,0.2,3,-20,10,500,0.8,0.5,eq,0.5,35,5,5
5.327510845438027,-97.19987474980884,0.664380693404857,-378.126524213427,18.38746875,-271.4151533432987,6.4809027685646114,-205.91832032662927,0.2,3,-20,10,500,0.8,0.5,eq,0.5,6.5,5,5
3.7378786914194815,-100.40969001363109,0.664380693404857,-343.4010897240817,18.38746875,-230.7297535865692,6.4809027685646114,-182.83198364413,0.2,3,-20,10,500,0.8,0.5,eq,0.5,35,0,5
3.7378786914194815,-96.24059247727779,0.664380693404857,-324.3272877173037,18.38746875,-217.31132135078283,6.4809027685646114,-175.2178899840221,0.2,3,-20,10,500,0.8,0.5,eff,1,6.5,0,5
5.327510845438027,-94.80383130978498,0.664380693404857,-359.73381294510773,18.38746875,-258.32671194093604,6.4809027685646114,-198.49147515192678,0.2,3,-20,10,500,0.8,0.5,eff,1,6.5,5,5
5.327510845438027,-94.80383130978498,0.664380693404857,-359.73381294510773,18.38746875,-258.32671194093604,6.4809027685646114,-198.49147515192678,0.2,3,-20,10,500,0.8,0.5,eff,1,35,5,5
3.7378786914194815,-97.91502633725602,0.664380693404857,-326.0017215772819,18.38746875,-219.25100784574184,6.4809027685646114,-176.31853679464405,0.2,3,-20,10,500,0.8,0.5,eff,0.5,6.5,0,5
3.7378786914194815,-97.3964960215078,0.664380693404857,-325.4831912615337,18.38746875,-218.65033541849886,6.4809027685646114,-175.97769398680285,0.2,3,-20,10,500,0.8,0.5,eff,1,35,0,5
5.327510845438027,-97.19987474980884,0.664380693404857,-362.12985638513163,18.38746875,-261.1023205883592,6.4809027685646114,-200.0664537957748,0.2,3,-20,10,500,0.8,0.5,eff,0.5,6.5,5,5
3.7378786914194815,-96.24059247727779,0.6968241909147566,-327.3324346811119,18.38746875,-212.91259644972718,6.4809027685646114,-172.72189769571565,0.2,3,-20,10,500,0.8,1,eq,1,6.5,0,5
5.327510845438027,-94.80383130978498,0.6968241909147566,-363.32525016986153,18.38746875,-255.02882531729392,6.4809027685646114,-196.62013748806316,0.2,3,-20,10,500,0.8,1,eq,1,6.5,5,5
5.327510845438027,-99.12385130279266,0.664380693404857,-364.0538329381154,18.38746875,-263.3310806625698,6.4809027685646114,-201.33113119271317,0.2,3,-20,10,500,0.8,0.5,eff,0.5,35,5,5
3.7378786914194815,-100.40969001363109,0.664380693404857,-328.49638525365697,18.38746875,-222.14085948702893,6.4809027685646114,-177.9583409590898,0.2,3,-20,10,500,0.8,0.5,eff,0.5,35,0,5
3.7378786914194815,-97.3964960215078,0.6968241909147566,-328.4883382253419,18.38746875,-214.2651524409571,6.4809027685646114,-173.48938586548124,0.2,3,-20,10,500,0.8,1,eq,1,35,0,5
5.327510845438027,-94.80383130978498,0.6968241909147566,-363.32525016986153,18.38746875,-255.02882531729392,6.4809027685646114,-196.62013748806316,0.2,3,-20,10,500,0.8,1,eq,1,35,5,5
3.7378786914194815,-97.91502633725602,0.6968241909147566,-329.0068685410901,18.38746875,-214.87189968157102,6.4809027685646114,-173.83367573756658,0.2,3,-20,10,500,0.8,1,eq,0.5,6.5,0,5
5.327510845438027,-97.19987474980884,0.6968241909147566,-365.72129360988544,18.38746875,-257.83250467751736,6.4809027685646114,-198.2110444484695,0.2,3,-20,10,500,0.8,1,eq,0.5,6.5,5,5
5.327510845438027,-99.12385130279266,0.6968241909147566,-367.6452701628692,18.38746875,-260.0838049913626,6.4809027685646114,-199.488511975632,0.2,3,-20,10,500,0.8,1,eq,0.5,35,5,5
3.7378786914194815,-100.40969001363109,0.6968241909147566,-331.5015322174652,18.38746875,-217.7909774176945,6.4809027685646114,-175.49006382325538,0.2,3,-20,10,500,0.8,1,eq,0.5,35,0,5
5.327510845438027,-94.80383130978498,0.6968241909147566,-348.0515354700857,18.38746875,-245.61274821464815,6.4809027685646114,-191.27712187263722,0.2,3,-20,10,500,0.8,1,eff,1,6.5,5,5
5.327510845438027,-97.19987474980884,0.6968241909147566,-350.4475789101096,18.38746875,-248.38534311092445,6.4809027685646114,-192.85039040735364,0.2,3,-20,10,500,0.8,1,eff,0.5,6.5,5,5
5.327510845438027,-99.12385130279266,0.6968241909147566,-352.3715554630934,18.38746875,-250.61168320096328,6.4809027685646114,-194.11369461956994,0.2,3,-20,10,500,0.8,1,eff,0.5,35,5,5
3.7378786914194815,-96.24059247727779,0.6968241909147566,-313.16890553735317,18.38746875,-205.2481204009649,6.4809027685646114,-168.372802550659,0.2,3,-20,10,500,0.8,1,eff,1,6.5,0,5
3.7378786914194815,-97.91502633725602,0.6968241909147566,-314.84333939733136,18.38746875,-207.18570078821307,6.4809027685646114,-169.47225428117883,0.2,3,-20,10,500,0.8,1,eff,0.5,6.5,0,5
3.7378786914194815,-96.24059247727779,1.6648435882347152,-197.7758239856668,2.4516625,-84.19458410831047,3.293741518564611,-114.6697216558259,0.2,3,-10,2,400,0.7,0.5,eq,1,6.5,0,5
5.327510845438027,-94.80383130978498,0.6968241909147566,-348.0515354700857,18.38746875,-245.61274821464815,6.4809027685646114,-191.27712187263722,0.2,3,-20,10,500,0.8,1,eff,1,35,5,5
5.327510845438027,-94.80383130978498,1.6648435882347152,-234.2743125713414,2.4516625,-125.86067699539127,3.293741518564611,-120.87246688504416,0.2,3,-10,2,400,0.7,0.5,eq,1,6.5,5,5
3.7378786914194815,-100.40969001363109,0.6968241909147566,-317.3380030737065,18.38746875,-210.07241463158297,6.4809027685646114,-171.11027794796217,0.2,3,-20,10,500,0.8,1,eff,0.5,35,0,5
3.7378786914194815,-97.3964960215078,0.6968241909147566,-314.32480908158317,18.38746875,-206.58568056947402,6.4809027685646114,-169.13178155954046,0.2,3,-20,10,500,0.8,1,eff,1,35,0,5
5.327510845438027,-94.80383130978498,1.6648435882347152,-234.2743125713414,2.4516625,-125.86067699539127,3.293741518564611,-120.87246688504416,0.2,3,-10,2,400,0.7,0.5,eq,1,35,5,5
3.7378786914194815,-97.3964960215078,1.6648435882347152,-198.9317275298968,2.4516625,-85.5141451723087,3.293741518564611,-114.86616198721389,0.2,3,-10,2,400,0.7,0.5,eq,1,35,0,5
5.327510845438027,-97.19987474980884,1.6648435882347152,-236.6703560113653,2.4516625,-128.5959620001833,3.293741518564611,-121.27966311676197,0.2,3,-10,2,400,0.7,0.5,eq,0.5,6.5,5,5
5.327510845438027,-99.12385130279266,1.6648435882347152,-238.59433256434912,2.4516625,-130.79234297055586,3.293741518564611,-121.60663381743319,0.2,3,-10,2,400,0.7,0.5,eq,0.5,35,5,5
3.7378786914194815,-97.91502633725602,1.6648435882347152,-199.450257845645,2.4516625,-86.10609111690958,3.293741518564611,-114.95428375792504,0.2,3,-10,2,400,0.7,0.5,eq,0.5,6.5,0,5
3.7378786914194815,-100.40969001363109,1.6648435882347152,-201.94492152202008,2.4516625,-88.95395941241671,3.293741518564611,-115.3782400317056,0.2,3,-10,2,400,0.7,0.5,eq,0.5,35,0,5
5.327510845438027,-97.19987474980884,1.6648435882347152,-230.51272575350998,2.4516625,-128.05926483560677,3.293741518564611,-121.19976611787297,0.2,3,-10,2,400,0.7,0.5,eff,0.5,6.5,5,5
5.327510845438027,-94.80383130978498,1.6648435882347152,-228.1166823134861,2.4516625,-125.34419728031274,3.293741518564611,-120.7955796161233,0.2,3,-10,2,400,0.7,0.5,eff,1,6.5,5,5
3.7378786914194815,-97.3964960215078,1.6648435882347152,-193.86606062991206,2.4516625,-86.53323495671566,3.293741518564611,-115.01787177952639,0.2,3,-10,2,400,0.7,0.5,eff,1,35,0,5
3.7378786914194815,-97.91502633725602,1.6648435882347152,-194.38459094566028,2.4516625,-87.12080562093318,3.293741518564611,-115.10534221127966,0.2,3,-10,2,400,0.7,0.5,eff,0.5,6.5,0,5
3.7378786914194815,-96.24059247727779,1.6648435882347152,-192.71015708568203,2.4516625,-85.22342723051123,3.293741518564611,-114.82288340740021,0.2,3,-10,2,400,0.7,0.5,eff,1,6.5,0,5
3.7378786914194815,-100.40969001363109,1.6648435882347152,-196.87925462203535,2.4516625,-89.94762432389126,3.293741518564611,-115.5261648756738,0.2,3,-10,2,400,0.7,0.5,eff,0.5,35,0,5
5.327510845438027,-94.80383130978498,1.6648435882347152,-228.1166823134861,2.4516625,-125.34419728031274,3.293741518564611,-120.7955796161233,0.2,3,-10,2,400,0.7,0.5,eff,1,35,5,5
5.327510845438027,-94.80383130978498,1.7398467296524174,-226.22702037900632,2.4516625,-117.83644653137975,3.293741518564611,-119.67791626174274,0.2,3,-10,2,400,0.7,1,eq,1,6.5,5,5
3.7378786914194815,-96.24059247727779,1.7398467296524174,-190.23420489025668,2.4516625,-76.8016959046672,3.293741518564611,-113.56915765143117,0.2,3,-10,2,400,0.7,1,eq,1,6.5,0,5
5.327510845438027,-99.12385130279266,1.6648435882347152,-232.4367023064938,2.4516625,-130.23941158445732,3.293741518564611,-121.52432006350145,0.2,3,-10,2,400,0.7,0.5,eff,0.5,35,5,5
5.327510845438027,-94.80383130978498,1.7398467296524174,-226.22702037900632,2.4516625,-117.83644653137975,3.293741518564611,-119.67791626174274,0.2,3,-10,2,400,0.7,1,eq,1,35,5,5
3.7378786914194815,-97.3964960215078,1.7398467296524174,-191.39010843448668,2.4516625,-78.11952039404568,3.293741518564611,-113.76533946254052,0.2,3,-10,2,400,0.7,1,eq,1,35,0,5
3.7378786914194815,-97.91502633725602,1.7398467296524174,-191.9086387502349,2.4516625,-78.71068732347246,3.293741518564611,-113.85334526287095,0.2,3,-10,2,400,0.7,1,eq,0.5,6.5,0,5
5.327510845438027,-97.19987474980884,1.7398467296524174,-228.62306381903014,2.4516625,-120.56813183445259,3.293741518564611,-120.0845766132973,0.2,3,-10,2,400,0.7,1,eq,0.5,6.5,5,5
3.7378786914194815,-96.24059247727779,1.7398467296524174,-185.54716130268756,2.4516625,-78.14060144292301,3.293741518564611,-113.7684777547654,0.2,3,-10,2,400,0.7,1,eff,1,6.5,0,5
5.327510845438027,-99.12385130279266,1.7398467296524174,-230.54704037201395,2.4516625,-122.76162231211985,3.293741518564611,-120.4111170122868,0.2,3,-10,2,400,0.7,1,eq,0.5,35,5,5
3.7378786914194815,-100.40969001363109,1.7398467296524174,-194.40330242660997,2.4516625,-81.55480775281755,3.293741518564611,-114.27674359955331,0.2,3,-10,2,400,0.7,1,eq,0.5,35,0,5
5.327510845438027,-94.80383130978498,1.7398467296524174,-220.42979123542017,2.4516625,-117.62343829827712,3.293741518564611,-119.64620616583244,0.2,3,-10,2,400,0.7,1,eff,1,6.5,5,5
3.7378786914194815,-97.3964960215078,1.7398467296524174,-186.70306484691756,2.4516625,-79.44894175808858,3.293741518564611,-113.96324767643962,0.2,3,-10,2,400,0.7,1,eff,1,35,0,5
5.327510845438027,-97.19987474980884,1.7398467296524174,-222.82583467544404,2.4516625,-120.33546409562862,3.293741518564611,-120.0499398473568,0.2,3,-10,2,400,0.7,1,eff,0.5,6.5,5,5
3.7378786914194815,-97.91502633725602,1.7398467296524174,-187.22159516266578,2.4516625,-80.03585415281132,3.293741518564611,-114.05062011297218,0.2,3,-10,2,400,0.7,1,eff,0.5,6.5,0,5
5.327510845438027,-94.80383130978498,1.7398467296524174,-220.42979123542017,2.4516625,-117.62343829827712,3.293741518564611,-119.64620616583244,0.2,3,-10,2,400,0.7,1,eff,1,35,5,5
5.327510845438027,-99.12385130279266,1.7398467296524174,-224.74981122842786,2.4516625,-122.51316837117989,3.293741518564611,-120.37413018702769,0.2,3,-10,2,400,0.7,1,eff,0.5,35,5,5
3.7378786914194815,-100.40969001363109,1.7398467296524174,-189.71625883904088,2.4516625,-82.85950589933589,3.293741518564611,-114.47097131910033,0.2,3,-10,2,400,0.7,1,eff,0.5,35,0,5
5.327510845438027,-94.80383130978498,1.6648435882347152,-234.2743125713414,2.4516625,-125.86067699539127,3.293741518564611,-120.87246688504416,0.2,3,-10,2,400,0.8,0.5,eq,1,6.5,5,5
3.7378786914194815,-96.24059247727779,1.6648435882347152,-197.7758239856668,2.4516625,-84.19458410831047,3.293741518564611,-114.6697216558259,0.2,3,-10,2,400,0.8,0.5,eq,1,6.5,0,5
5.327510845438027,-94.80383130978498,1.6648435882347152,-234.2743125713414,2.4516625,-125.86067699539127,3.293741518564611,-120.87246688504416,0.2,3,-10,2,400,0.8,0.5,eq,1,35,5,5
3.7378786914194815,-97.3964960215078,1.6648435882347152,-198.9317275298968,2.4516625,-85.5141451723087,3.293741518564611,-114.86616198721389,0.2,3,-10,2,400,0.8,0.5,eq,1,35,0,5
3.7378786914194815,-96.24059247727779,1.6648435882347152,-192.71015708568203,2.4516625,-85.22342723051123,3.293741518564611,-114.82288340740021,0.2,3,-10,2,400,0.8,0.5,eff,1,6.5,0,5
5.327510845438027,-99.12385130279266,1.6648435882347152,-238.59433256434912,2.4516625,-130.79234297055586,3.293741518564611,-121.60663381743319,0.2,3,-10,2,400,0.8,0.5,eq,0.5,35,5,5
5.327510845438027,-97.19987474980884,1.6648435882347152,-236.6703560113653,2.4516625,-128.5959620001833,3.293741518564611,-121.27966311676197,0.2,3,-10,2,400,0.8,0.5,eq,0.5,6.5,5,5
3.7378786914194815,-97.91502633725602,1.6648435882347152,-199.450257845645,2.4516625,-86.10609111690958,3.293741518564611,-114.95428375792504,0.2,3,-10,2,400,0.8,0.5,eq,0.5,6.5,0,5
5.327510845438027,-94.80383130978498,1.6648435882347152,-228.1166823134861,2.4516625,-125.34419728031274,3.293741518564611,-120.7955796161233,0.2,3,-10,2,400,0.8,0.5,eff,1,6.5,5,5
5.327510845438027,-94.80383130978498,1.6648435882347152,-228.1166823134861,2.4516625,-125.34419728031274,3.293741518564611,-120.7955796161233,0.2,3,-10,2,400,0.8,0.5,eff,1,35,5,5
3.7378786914194815,-100.40969001363109,1.6648435882347152,-201.94492152202008,2.4516625,-88.95395941241671,3.293741518564611,-115.3782400317056,0.2,3,-10,2,400,0.8,0.5,eq,0.5,35,0,5
5.327510845438027,-97.19987474980884,1.6648435882347152,-230.51272575350998,2.4516625,-128.05926483560677,3.293741518564611,-121.19976611787297,0.2,3,-10,2,400,0.8,0.5,eff,0.5,6.5,5,5
3.7378786914194815,-97.3964960215078,1.6648435882347152,-193.86606062991206,2.4516625,-86.53323495671566,3.293741518564611,-115.01787177952639,0.2,3,-10,2,400,0.8,0.5,eff,1,35,0,5
3.7378786914194815,-97.91502633725602,1.6648435882347152,-194.38459094566028,2.4516625,-87.12080562093318,3.293741518564611,-115.10534221127966,0.2,3,-10,2,400,0.8,0.5,eff,0.5,6.5,0,5
3.7378786914194815,-100.40969001363109,1.6648435882347152,-196.87925462203535,2.4516625,-89.94762432389126,3.293741518564611,-115.5261648756738,0.2,3,-10,2,400,0.8,0.5,eff,0.5,35,0,5
5.327510845438027,-99.12385130279266,1.6648435882347152,-232.4367023064938,2.4516625,-130.23941158445732,3.293741518564611,-121.52432006350145,0.2,3,-10,2,400,0.8,0.5,eff,0.5,35,5,5
3.7378786914194815,-96.24059247727779,1.7398467296524174,-190.23420489025668,2.4516625,-76.8016959046672,3.293741518564611,-113.56915765143117,0.2,3,-10,2,400,0.8,1,eq,1,6.5,0,5
5.327510845438027,-94.80383130978498,1.7398467296524174,-226.22702037900632,2.4516625,-117.83644653137975,3.293741518564611,-119.67791626174274,0.2,3,-10,2,400,0.8,1,eq,1,6.5,5,5
5.327510845438027,-94.80383130978498,1.7398467296524174,-226.22702037900632,2.4516625,-117.83644653137975,3.293741518564611,-119.67791626174274,0.2,3,-10,2,400,0.8,1,eq,1,35,5,5
3.7378786914194815,-97.91502633725602,1.7398467296524174,-191.9086387502349,2.4516625,-78.71068732347246,3.293741518564611,-113.85334526287095,0.2,3,-10,2,400,0.8,1,eq,0.5,6.5,0,5
5.327510845438027,-97.19987474980884,1.7398467296524174,-228.62306381903014,2.4516625,-120.56813183445259,3.293741518564611,-120.0845766132973,0.2,3,-10,2,400,0.8,1,eq,0.5,6.5,5,5
3.7378786914194815,-100.40969001363109,1.7398467296524174,-194.40330242660997,2.4516625,-81.55480775281755,3.293741518564611,-114.27674359955331,0.2,3,-10,2,400,0.8,1,eq,0.5,35,0,5
5.327510845438027,-94.80383130978498,1.7398467296524174,-220.42979123542017,2.4516625,-117.62343829827712,3.293741518564611,-119.64620616583244,0.2,3,-10,2,400,0.8,1,eff,1,6.5,5,5
5.327510845438027,-99.12385130279266,1.7398467296524174,-230.54704037201395,2.4516625,-122.76162231211985,3.293741518564611,-120.4111170122868,0.2,3,-10,2,400,0.8,1,eq,0.5,35,5,5
3.7378786914194815,-96.24059247727779,1.7398467296524174,-185.54716130268756,2.4516625,-78.14060144292301,3.293741518564611,-113.7684777547654,0.2,3,-10,2,400,0.8,1,eff,1,6.5,0,5
3.7378786914194815,-97.3964960215078,1.7398467296524174,-191.39010843448668,2.4516625,-78.11952039404568,3.293741518564611,-113.76533946254052,0.2,3,-10,2,400,0.8,1,eq,1,35,0,5
5.327510845438027,-94.80383130978498,1.7398467296524174,-220.42979123542017,2.4516625,-117.62343829827712,3.293741518564611,-119.64620616583244,0.2,3,-10,2,400,0.8,1,eff,1,35,5,5
3.7378786914194815,-100.40969001363109,1.7398467296524174,-189.71625883904088,2.4516625,-82.85950589933589,3.293741518564611,-114.47097131910033,0.2,3,-10,2,400,0.8,1,eff,0.5,35,0,5
3.7378786914194815,-97.91502633725602,1.7398467296524174,-187.22159516266578,2.4516625,-80.03585415281132,3.293741518564611,-114.05062011297218,0.2,3,-10,2,400,0.8,1,eff,0.5,6.5,0,5
3.7378786914194815,-97.3964960215078,1.7398467296524174,-186.70306484691756,2.4516625,-79.44894175808858,3.293741518564611,-113.96324767643962,0.2,3,-10,2,400,0.8,1,eff,1,35,0,5
5.327510845438027,-97.19987474980884,1.7398467296524174,-222.82583467544404,2.4516625,-120.33546409562862,3.293741518564611,-120.0499398473568,0.2,3,-10,2,400,0.8,1,eff,0.5,6.5,5,5
5.327510845438027,-99.12385130279266,1.7398467296524174,-224.74981122842786,2.4516625,-122.51316837117989,3.293741518564611,-120.37413018702769,0.2,3,-10,2,400,0.8,1,eff,0.5,35,5,5
5.327510845438027,-94.80383130978498,1.6648435882347152,-234.2743125713414,3.6774937499999996,-125.86113613447574,3.538907768564611,-121.21813242458013,0.2,3,-10,2,500,0.7,0.5,eq,1,6.5,5,5
3.7378786914194815,-96.24059247727779,1.6648435882347152,-197.7758239856668,3.6774937499999996,-84.19504324772997,3.538907768564611,-112.55857946651714,0.2,3,-10,2,500,0.7,0.5,eq,1,6.5,0,5
5.327510845438027,-97.19987474980884,1.6648435882347152,-236.6703560113653,3.6774937499999996,-128.59642113930937,3.538907768564611,-121.78661254147349,0.2,3,-10,2,500,0.7,0.5,eq,0.5,6.5,5,5
5.327510845438027,-94.80383130978498,1.6648435882347152,-234.2743125713414,3.6774937499999996,-125.86113613447574,3.538907768564611,-121.21813242458013,0.2,3,-10,2,500,0.7,0.5,eq,1,35,5,5
3.7378786914194815,-97.3964960215078,1.6648435882347152,-198.9317275298968,3.6774937499999996,-85.51460431171235,3.538907768564611,-112.83282665705686,0.2,3,-10,2,500,0.7,0.5,eq,1,35,0,5
5.327510845438027,-99.12385130279266,1.6648435882347152,-238.59433256434912,3.6774937499999996,-130.79280210973067,3.538907768564611,-122.24309108341747,0.2,3,-10,2,500,0.7,0.5,eq,0.5,35,5,5
3.7378786914194815,-100.40969001363109,1.6648435882347152,-201.94492152202008,3.6774937499999996,-88.95441855194025,3.538907768564611,-113.54773058769696,0.2,3,-10,2,500,0.7,0.5,eq,0.5,35,0,5
3.7378786914194815,-97.91502633725602,1.6648435882347152,-199.450257845645,3.6774937499999996,-86.1065502566138,3.538907768564611,-112.95585204540114,0.2,3,-10,2,500,0.7,0.5,eq,0.5,6.5,0,5
5.327510845438027,-97.19987474980884,1.6648435882347152,-230.51272575350998,3.6774937499999996,-128.05969342006819,3.538907768564611,-121.67506327474808,0.2,3,-10,2,500,0.7,0.5,eff,0.5,6.5,5,5
3.7378786914194815,-97.91502633725602,1.6648435882347152,-194.38459094566028,3.6774937499999996,-87.12123420628002,3.538907768564611,-113.16673597497228,0.2,3,-10,2,500,0.7,0.5,eff,0.5,6.5,0,5
3.7378786914194815,-96.24059247727779,1.6648435882347152,-192.71015708568203,3.6774937499999996,-85.2238558155634,3.538907768564611,-112.77239977693809,0.2,3,-10,2,500,0.7,0.5,eff,1,6.5,0,5
5.327510845438027,-94.80383130978498,1.6648435882347152,-228.1166823134861,3.6774937499999996,-125.34462586608375,3.538907768564611,-121.11078499378824,0.2,3,-10,2,500,0.7,0.5,eff,1,6.5,5,5
5.327510845438027,-94.80383130978498,1.6648435882347152,-228.1166823134861,3.6774937499999996,-125.34462586608375,3.538907768564611,-121.11078499378824,0.2,3,-10,2,500,0.7,0.5,eff,1,35,5,5
3.7378786914194815,-97.3964960215078,1.6648435882347152,-193.86606062991206,3.6774937499999996,-86.53366354205322,3.538907768564611,-113.04461991054293,0.2,3,-10,2,500,0.7,0.5,eff,1,35,0,5
5.327510845438027,-99.12385130279266,1.6648435882347152,-232.4367023064938,3.6774937499999996,-130.23984016847336,3.538907768564611,-122.12816782370295,0.2,3,-10,2,500,0.7,0.5,eff,0.5,35,5,5
3.7378786914194815,-100.40969001363109,1.6648435882347152,-196.87925462203535,3.6774937499999996,-89.94805290887597,3.538907768564611,-113.75423973551224,0.2,3,-10,2,500,0.7,0.5,eff,0.5,35,0,5
5.327510845438027,-94.80383130978498,1.7398467296524174,-226.22702037900632,3.6774937499999996,-117.8368806439342,3.538907768564611,-119.5504342903142,0.2,3,-10,2,500,0.7,1,eq,1,6.5,5,5
5.327510845438027,-94.80383130978498,1.7398467296524174,-226.22702037900632,3.6774937499999996,-117.8368806439342,3.538907768564611,-119.5504342903142,0.2,3,-10,2,500,0.7,1,eq,1,35,5,5
3.7378786914194815,-97.3964960215078,1.7398467296524174,-191.39010843448668,3.6774937499999996,-78.11995450650885,3.538907768564611,-111.29598081531822,0.2,3,-10,2,500,0.7,1,eq,1,35,0,5
3.7378786914194815,-96.24059247727779,1.7398467296524174,-190.23420489025668,3.6774937499999996,-76.80213001731283,3.538907768564611,-111.02209454082058,0.2,3,-10,2,500,0.7,1,eq,1,6.5,0,5
3.7378786914194815,-97.91502633725602,1.7398467296524174,-191.9086387502349,3.6774937499999996,-78.71112143541235,3.538907768564611,-111.41884429910608,0.2,3,-10,2,500,0.7,1,eq,0.5,6.5,0,5
5.327510845438027,-97.19987474980884,1.7398467296524174,-228.62306381903014,3.6774937499999996,-120.56856594701111,3.538907768564611,-120.11816627351357,0.2,3,-10,2,500,0.7,1,eq,0.5,6.5,5,5
5.327510845438027,-99.12385130279266,1.7398467296524174,-230.54704037201395,3.6774937499999996,-122.76205642433031,3.538907768564611,-120.57404407811067,0.2,3,-10,2,500,0.7,1,eq,0.5,35,5,5
3.7378786914194815,-100.40969001363109,1.7398467296524174,-194.40330242660997,3.6774937499999996,-81.55524186546513,3.538907768564611,-112.00994391456787,0.2,3,-10,2,500,0.7,1,eq,0.5,35,0,5
5.327510845438027,-94.80383130978498,1.7398467296524174,-220.42979123542017,3.6774937499999996,-117.62384404208589,3.538907768564611,-119.50615843894685,0.2,3,-10,2,500,0.7,1,eff,1,35,5,5
3.7378786914194815,-96.24059247727779,1.7398467296524174,-185.54716130268756,3.6774937499999996,-78.14100718671635,3.538907768564611,-111.3003562387509,0.2,3,-10,2,500,0.7,1,eff,1,6.5,0,5
5.327510845438027,-94.80383130978498,1.7398467296524174,-220.42979123542017,3.6774937499999996,-117.62384404208589,3.538907768564611,-119.50615843894685,0.2,3,-10,2,500,0.7,1,eff,1,6.5,5,5
5.327510845438027,-97.19987474980884,1.7398467296524174,-222.82583467544404,3.6774937499999996,-120.33586983943839,3.538907768564611,-120.06980454513794,0.2,3,-10,2,500,0.7,1,eff,0.5,6.5,5,5
3.7378786914194815,-97.3964960215078,1.7398467296524174,-186.70306484691756,3.6774937499999996,-79.44934750191555,3.538907768564611,-111.5722713971371,0.2,3,-10,2,500,0.7,1,eff,1,35,0,5
3.7378786914194815,-100.40969001363109,1.7398467296524174,-189.71625883904088,3.6774937499999996,-82.85991164328833,3.538907768564611,-112.28109621734205,0.2,3,-10,2,500,0.7,1,eff,0.5,35,0,5
3.7378786914194815,-97.91502633725602,1.7398467296524174,-187.22159516266578,3.6774937499999996,-80.03625989660443,3.538907768564611,-111.69425065200433,0.2,3,-10,2,500,0.7,1,eff,0.5,6.5,0,5
5.327510845438027,-99.12385130279266,1.7398467296524174,-224.74981122842786,3.6774937499999996,-122.51357411496673,3.538907768564611,-120.52240146974502,0.2,3,-10,2,500,0.7,1,eff,0.5,35,5,5
5.327510845438027,-94.80383130978498,1.6648435882347152,-234.2743125713414,3.6774937499999996,-125.86113613447574,3.538907768564611,-121.21813242458013,0.2,3,-10,2,500,0.8,0.5,eq,1,6.5,5,5
3.7378786914194815,-97.91502633725602,1.6648435882347152,-199.450257845645,3.6774937499999996,-86.1065502566138,3.538907768564611,-112.95585204540114,0.2,3,-10,2,500,0.8,0.5,eq,0.5,6.5,0,5
3.7378786914194815,-96.24059247727779,1.6648435882347152,-197.7758239856668,3.6774937499999996,-84.19504324772997,3.538907768564611,-112.55857946651714,0.2,3,-10,2,500,0.8,0.5,eq,1,6.5,0,5
5.327510845438027,-94.80383130978498,1.6648435882347152,-234.2743125713414,3.6774937499999996,-125.86113613447574,3.538907768564611,-121.21813242458013,0.2,3,-10,2,500,0.8,0.5,eq,1,35,5,5
5.327510845438027,-97.19987474980884,1.6648435882347152,-236.6703560113653,3.6774937499999996,-128.59642113930937,3.538907768564611,-121.78661254147349,0.2,3,-10,2,500,0.8,0.5,eq,0.5,6.5,5,5
3.7378786914194815,-97.3964960215078,1.6648435882347152,-198.9317275298968,3.6774937499999996,-85.51460431171235,3.538907768564611,-112.83282665705686,0.2,3,-10,2,500,0.8,0.5,eq,1,35,0,5
5.327510845438027,-99.12385130279266,1.6648435882347152,-238.59433256434912,3.6774937499999996,-130.79280210973067,3.538907768564611,-122.24309108341747,0.2,3,-10,2,500,0.8,0.5,eq,0.5,35,5,5
3.7378786914194815,-100.40969001363109,1.6648435882347152,-201.94492152202008,3.6774937499999996,-88.95441855194025,3.538907768564611,-113.54773058769696,0.2,3,-10,2,500,0.8,0.5,eq,0.5,35,0,5
5.327510845438027,-94.80383130978498,1.6648435882347152,-228.1166823134861,3.6774937499999996,-125.34462586608375,3.538907768564611,-121.11078499378824,0.2,3,-10,2,500,0.8,0.5,eff,1,35,5,5
3.7378786914194815,-97.3964960215078,1.6648435882347152,-193.86606062991206,3.6774937499999996,-86.53366354205322,3.538907768564611,-113.04461991054293,0.2,3,-10,2,500,0.8,0.5,eff,1,35,0,5
5.327510845438027,-94.80383130978498,1.6648435882347152,-228.1166823134861,3.6774937499999996,-125.34462586608375,3.538907768564611,-121.11078499378824,0.2,3,-10,2,500,0.8,0.5,eff,1,6.5,5,5
3.7378786914194815,-96.24059247727779,1.6648435882347152,-192.71015708568203,3.6774937499999996,-85.2238558155634,3.538907768564611,-112.77239977693809,0.2,3,-10,2,500,0.8,0.5,eff,1,6.5,0,5
3.7378786914194815,-97.91502633725602,1.6648435882347152,-194.38459094566028,3.6774937499999996,-87.12123420628002,3.538907768564611,-113.16673597497228,0.2,3,-10,2,500,0.8,0.5,eff,0.5,6.5,0,5
5.327510845438027,-99.12385130279266,1.6648435882347152,-232.4367023064938,3.6774937499999996,-130.23984016847336,3.538907768564611,-122.12816782370295,0.2,3,-10,2,500,0.8,0.5,eff,0.5,35,5,5
3.7378786914194815,-100.40969001363109,1.6648435882347152,-196.87925462203535,3.6774937499999996,-89.94805290887597,3.538907768564611,-113.75423973551224,0.2,3,-10,2,500,0.8,0.5,eff,0.5,35,0,5
5.327510845438027,-97.19987474980884,1.6648435882347152,-230.51272575350998,3.6774937499999996,-128.05969342006819,3.538907768564611,-121.67506327474808,0.2,3,-10,2,500,0.8,0.5,eff,0.5,6.5,5,5
3.7378786914194815,-96.24059247727779,1.7398467296524174,-190.23420489025668,3.6774937499999996,-76.80213001731283,3.538907768564611,-111.02209454082058,0.2,3,-10,2,500,0.8,1,eq,1,6.5,0,5
3.7378786914194815,-97.3964960215078,1.7398467296524174,-191.39010843448668,3.6774937499999996,-78.11995450650885,3.538907768564611,-111.29598081531822,0.2,3,-10,2,500,0.8,1,eq,1,35,0,5
5.327510845438027,-94.80383130978498,1.7398467296524174,-226.22702037900632,3.6774937499999996,-117.8368806439342,3.538907768564611,-119.5504342903142,0.2,3,-10,2,500,0.8,1,eq,1,6.5,5,5
3.7378786914194815,-97.91502633725602,1.7398467296524174,-191.9086387502349,3.6774937499999996,-78.71112143541235,3.538907768564611,-111.41884429910608,0.2,3,-10,2,500,0.8,1,eq,0.5,6.5,0,5
5.327510845438027,-94.80383130978498,1.7398467296524174,-226.22702037900632,3.6774937499999996,-117.8368806439342,3.538907768564611,-119.5504342903142,0.2,3,-10,2,500,0.8,1,eq,1,35,5,5
5.327510845438027,-97.19987474980884,1.7398467296524174,-228.62306381903014,3.6774937499999996,-120.56856594701111,3.538907768564611,-120.11816627351357,0.2,3,-10,2,500,0.8,1,eq,0.5,6.5,5,5
5.327510845438027,-99.12385130279266,1.7398467296524174,-230.54704037201395,3.6774937499999996,-122.76205642433031,3.538907768564611,-120.57404407811067,0.2,3,-10,2,500,0.8,1,eq,0.5,35,5,5
3.7378786914194815,-100.40969001363109,1.7398467296524174,-194.40330242660997,3.6774937499999996,-81.55524186546513,3.538907768564611,-112.00994391456787,0.2,3,-10,2,500,0.8,1,eq,0.5,35,0,5
5.327510845438027,-94.80383130978498,1.7398467296524174,-220.42979123542017,3.6774937499999996,-117.62384404208589,3.538907768564611,-119.50615843894685,0.2,3,-10,2,500,0.8,1,eff,1,6.5,5,5
5.327510845438027,-94.80383130978498,1.7398467296524174,-220.42979123542017,3.6774937499999996,-117.62384404208589,3.538907768564611,-119.50615843894685,0.2,3,-10,2,500,0.8,1,eff,1,35,5,5
3.7378786914194815,-96.24059247727779,1.7398467296524174,-185.54716130268756,3.6774937499999996,-78.14100718671635,3.538907768564611,-111.3003562387509,0.2,3,-10,2,500,0.8,1,eff,1,6.5,0,5
3.7378786914194815,-97.3964960215078,1.7398467296524174,-186.70306484691756,3.6774937499999996,-79.44934750191555,3.538907768564611,-111.5722713971371,0.2,3,-10,2,500,0.8,1,eff,1,35,0,5
5.327510845438027,-97.19987474980884,1.7398467296524174,-222.82583467544404,3.6774937499999996,-120.33586983943839,3.538907768564611,-120.06980454513794,0.2,3,-10,2,500,0.8,1,eff,0.5,6.5,5,5
3.7378786914194815,-97.91502633725602,1.7398467296524174,-187.22159516266578,3.6774937499999996,-80.03625989660443,3.538907768564611,-111.69425065200433,0.2,3,-10,2,500,0.8,1,eff,0.5,6.5,0,5
5.327510845438027,-99.12385130279266,1.7398467296524174,-224.74981122842786,3.6774937499999996,-122.51357411496673,3.538907768564611,-120.52240146974502,0.2,3,-10,2,500,0.8,1,eff,0.5,35,5,5
3.7378786914194815,-100.40969001363109,1.7398467296524174,-189.71625883904088,3.6774937499999996,-82.85991164328833,3.538907768564611,-112.28109621734205,0.2,3,-10,2,500,0.8,1,eff,0.5,35,0,5
3.7378786914194815,-96.24059247727779,1.6648435882347152,-197.7758239856668,12.2583125,-84.19825722348482,5.255071518564611,-103.2973176692744,0.2,3,-10,10,400,0.7,0.5,eq,1,6.5,0,5
5.327510845438027,-94.80383130978498,1.6648435882347152,-234.2743125713414,12.2583125,-125.86435011031102,5.255071518564611,-122.73591086277868,0.2,3,-10,10,400,0.7,0.5,eq,1,6.5,5,5
5.327510845438027,-94.80383130978498,1.6648435882347152,-234.2743125713414,12.2583125,-125.86435011031102,5.255071518564611,-122.73591086277868,0.2,3,-10,10,400,0.7,0.5,eq,1,35,5,5
3.7378786914194815,-97.3964960215078,1.6648435882347152,-198.9317275298968,12.2583125,-85.51781828747067,5.255071518564611,-103.91293600398322,0.2,3,-10,10,400,0.7,0.5,eq,1,35,0,5
5.327510845438027,-97.19987474980884,1.6648435882347152,-236.6703560113653,12.2583125,-128.59963511509258,5.255071518564611,-124.01201065501665,0.2,3,-10,10,400,0.7,0.5,eq,0.5,6.5,5,5
5.327510845438027,-99.12385130279266,1.6648435882347152,-238.59433256434912,12.2583125,-130.79601608545664,5.255071518564611,-125.03669411398243,0.2,3,-10,10,400,0.7,0.5,eq,0.5,35,5,5
3.7378786914194815,-97.91502633725602,1.6648435882347152,-199.450257845645,12.2583125,-86.1097642323662,5.255071518564611,-104.18909812090205,0.2,3,-10,10,400,0.7,0.5,eq,0.5,6.5,0,5
3.7378786914194815,-100.40969001363109,1.6648435882347152,-201.94492152202008,12.2583125,-88.95763252706533,5.255071518564611,-105.5177216949843,0.2,3,-10,10,400,0.7,0.5,eq,0.5,35,0,5
3.7378786914194815,-97.3964960215078,1.6648435882347152,-193.86606062991206,12.2583125,-86.5366636366673,5.255071518564611,-104.38826063602669,0.2,3,-10,10,400,0.7,0.5,eff,1,35,0,5
3.7378786914194815,-96.24059247727779,1.6648435882347152,-192.71015708568203,12.2583125,-85.22685591048334,5.255071518564611,-103.77719255195761,0.2,3,-10,10,400,0.7,0.5,eff,1,6.5,0,5
3.7378786914194815,-97.91502633725602,1.6648435882347152,-194.38459094566028,12.2583125,-87.12423430186638,5.255071518564611,-104.66238154206576,0.2,3,-10,10,400,0.7,0.5,eff,0.5,6.5,0,5
5.327510845438027,-97.19987474980884,1.6648435882347152,-230.51272575350998,12.2583125,-128.06269351521632,5.255071518564611,-123.76150986155321,0.2,3,-10,10,400,0.7,0.5,eff,0.5,6.5,5,5
5.327510845438027,-94.80383130978498,1.6648435882347152,-228.1166823134861,12.2583125,-125.34762595987189,5.255071518564611,-122.49484216980278,0.2,3,-10,10,400,0.7,0.5,eff,1,6.5,5,5
5.327510845438027,-94.80383130978498,1.6648435882347152,-228.1166823134861,12.2583125,-125.34762595987189,5.255071518564611,-122.49484216980278,0.2,3,-10,10,400,0.7,0.5,eff,1,35,5,5
5.327510845438027,-99.12385130279266,1.6648435882347152,-232.4367023064938,12.2583125,-130.24284026406352,5.255071518564611,-124.77861952595337,0.2,3,-10,10,400,0.7,0.5,eff,0.5,35,5,5
3.7378786914194815,-96.24059247727779,1.7398467296524174,-190.23420489025668,12.2583125,-76.80516880317289,5.255071518564611,-99.8482004545549,0.2,3,-10,10,400,0.7,1,eq,1,6.5,0,5
3.7378786914194815,-100.40969001363109,1.6648435882347152,-196.87925462203535,12.2583125,-89.95105300442289,5.255071518564611,-105.98118479390983,0.2,3,-10,10,400,0.7,0.5,eff,0.5,35,0,5
5.327510845438027,-94.80383130978498,1.7398467296524174,-226.22702037900632,12.2583125,-117.83991943133564,5.255071518564611,-118.99225186403939,0.2,3,-10,10,400,0.7,1,eq,1,6.5,5,5
5.327510845438027,-99.12385130279266,1.7398467296524174,-230.54704037201395,12.2583125,-122.76509521050478,5.255071518564611,-121.2900072268428,0.2,3,-10,10,400,0.7,1,eq,0.5,35,5,5
5.327510845438027,-94.80383130978498,1.7398467296524174,-226.22702037900632,12.2583125,-117.83991943133564,5.255071518564611,-118.99225186403939,0.2,3,-10,10,400,0.7,1,eq,1,35,5,5
3.7378786914194815,-97.91502633725602,1.7398467296524174,-191.9086387502349,12.2583125,-78.7141602218008,5.255071518564611,-100.73880730116736,0.2,3,-10,10,400,0.7,1,eq,0.5,6.5,0,5
3.7378786914194815,-97.3964960215078,1.7398467296524174,-191.39010843448668,12.2583125,-78.12299329305739,5.255071518564611,-100.46300862072688,0.2,3,-10,10,400,0.7,1,eq,1,35,0,5
5.327510845438027,-97.19987474980884,1.7398467296524174,-228.62306381903014,12.2583125,-120.57160473322007,5.255071518564611,-120.26667227730515,0.2,3,-10,10,400,0.7,1,eq,0.5,6.5,5,5
5.327510845438027,-94.80383130978498,1.7398467296524174,-220.42979123542017,12.2583125,-117.6266842487211,5.255071518564611,-118.892770686847,0.2,3,-10,10,400,0.7,1,eff,1,6.5,5,5
3.7378786914194815,-100.40969001363109,1.7398467296524174,-194.40330242660997,12.2583125,-81.55828065130801,5.255071518564611,-102.06568237372815,0.2,3,-10,10,400,0.7,1,eq,0.5,35,0,5
3.7378786914194815,-96.24059247727779,1.7398467296524174,-185.54716130268756,12.2583125,-78.14384739331284,5.255071518564611,-100.47273773961474,0.2,3,-10,10,400,0.7,1,eff,1,6.5,0,5
3.7378786914194815,-97.3964960215078,1.7398467296524174,-186.70306484691756,12.2583125,-79.4521877093993,5.255071518564611,-101.08312122894603,0.2,3,-10,10,400,0.7,1,eff,1,35,0,5
5.327510845438027,-94.80383130978498,1.7398467296524174,-220.42979123542017,12.2583125,-117.6266842487211,5.255071518564611,-118.892770686847,0.2,3,-10,10,400,0.7,1,eff,1,35,5,5
3.7378786914194815,-97.91502633725602,1.7398467296524174,-187.22159516266578,12.2583125,-80.03910010337664,5.255071518564611,-101.35693502996035,0.2,3,-10,10,400,0.7,1,eff,0.5,6.5,0,5
5.327510845438027,-97.19987474980884,1.7398467296524174,-222.82583467544404,12.2583125,-120.3387100465454,5.255071518564611,-120.1580192993672,0.2,3,-10,10,400,0.7,1,eff,0.5,6.5,5,5
5.327510845438027,-99.12385130279266,1.7398467296524174,-224.74981122842786,12.2583125,-122.51641432159255,5.255071518564611,-121.17398946996572,0.2,3,-10,10,400,0.7,1,eff,0.5,35,5,5
3.7378786914194815,-100.40969001363109,1.7398467296524174,-189.71625883904088,12.2583125,-82.8627518505714,5.255071518564611,-102.6742607936918,0.2,3,-10,10,400,0.7,1,eff,0.5,35,0,5
5.327510845438027,-94.80383130978498,1.6648435882347152,-234.2743125713414,12.2583125,-125.86435011031102,5.255071518564611,-122.73591086277868,0.2,3,-10,10,400,0.8,0.5,eq,1,6.5,5,5
3.7378786914194815,-97.91502633725602,1.6648435882347152,-199.450257845645,12.2583125,-86.1097642323662,5.255071518564611,-104.18909812090205,0.2,3,-10,10,400,0.8,0.5,eq,0.5,6.5,0,5
5.327510845438027,-97.19987474980884,1.6648435882347152,-236.6703560113653,12.2583125,-128.59963511509258,5.255071518564611,-124.01201065501665,0.2,3,-10,10,400,0.8,0.5,eq,0.5,6.5,5,5
3.7378786914194815,-96.24059247727779,1.6648435882347152,-197.7758239856668,12.2583125,-84.19825722348482,5.255071518564611,-103.2973176692744,0.2,3,-10,10,400,0.8,0.5,eq,1,6.5,0,5
5.327510845438027,-94.80383130978498,1.6648435882347152,-234.2743125713414,12.2583125,-125.86435011031102,5.255071518564611,-122.73591086277868,0.2,3,-10,10,400,0.8,0.5,eq,1,35,5,5
3.7378786914194815,-97.3964960215078,1.6648435882347152,-198.9317275298968,12.2583125,-85.51781828747067,5.255071518564611,-103.91293600398322,0.2,3,-10,10,400,0.8,0.5,eq,1,35,0,5
5.327510845438027,-99.12385130279266,1.6648435882347152,-238.59433256434912,12.2583125,-130.79601608545664,5.255071518564611,-125.03669411398243,0.2,3,-10,10,400,0.8,0.5,eq,0.5,35,5,5
3.7378786914194815,-100.40969001363109,1.6648435882347152,-201.94492152202008,12.2583125,-88.95763252706533,5.255071518564611,-105.5177216949843,0.2,3,-10,10,400,0.8,0.5,eq,0.5,35,0,5
5.327510845438027,-94.80383130978498,1.6648435882347152,-228.1166823134861,12.2583125,-125.34762595987189,5.255071518564611,-122.49484216980278,0.2,3,-10,10,400,0.8,0.5,eff,1,6.5,5,5
3.7378786914194815,-96.24059247727779,1.6648435882347152,-192.71015708568203,12.2583125,-85.22685591048334,5.255071518564611,-103.77719255195761,0.2,3,-10,10,400,0.8,0.5,eff,1,6.5,0,5
5.327510845438027,-94.80383130978498,1.6648435882347152,-228.1166823134861,12.2583125,-125.34762595987189,5.255071518564611,-122.49484216980278,0.2,3,-10,10,400,0.8,0.5,eff,1,35,5,5
3.7378786914194815,-97.3964960215078,1.6648435882347152,-193.86606062991206,12.2583125,-86.5366636366673,5.255071518564611,-104.38826063602669,0.2,3,-10,10,400,0.8,0.5,eff,1,35,0,5
3.7378786914194815,-97.91502633725602,1.6648435882347152,-194.38459094566028,12.2583125,-87.12423430186638,5.255071518564611,-104.66238154206576,0.2,3,-10,10,400,0.8,0.5,eff,0.5,6.5,0,5
3.7378786914194815,-100.40969001363109,1.6648435882347152,-196.87925462203535,12.2583125,-89.95105300442289,5.255071518564611,-105.98118479390983,0.2,3,-10,10,400,0.8,0.5,eff,0.5,35,0,5
5.327510845438027,-94.80383130978498,1.7398467296524174,-226.22702037900632,12.2583125,-117.83991943133564,5.255071518564611,-118.99225186403939,0.2,3,-10,10,400,0.8,1,eq,1,6.5,5,5
5.327510845438027,-99.12385130279266,1.6648435882347152,-232.4367023064938,12.2583125,-130.24284026406352,5.255071518564611,-124.77861952595337,0.2,3,-10,10,400,0.8,0.5,eff,0.5,35,5,5
3.7378786914194815,-96.24059247727779,1.7398467296524174,-190.23420489025668,12.2583125,-76.80516880317289,5.255071518564611,-99.8482004545549,0.2,3,-10,10,400,0.8,1,eq,1,6.5,0,5
5.327510845438027,-97.19987474980884,1.6648435882347152,-230.51272575350998,12.2583125,-128.06269351521632,5.255071518564611,-123.76150986155321,0.2,3,-10,10,400,0.8,0.5,eff,0.5,6.5,5,5
5.327510845438027,-94.80383130978498,1.7398467296524174,-226.22702037900632,12.2583125,-117.83991943133564,5.255071518564611,-118.99225186403939,0.2,3,-10,10,400,0.8,1,eq,1,35,5,5
5.327510845438027,-97.19987474980884,1.7398467296524174,-228.62306381903014,12.2583125,-120.57160473322007,5.255071518564611,-120.26667227730515,0.2,3,-10,10,400,0.8,1,eq,0.5,6.5,5,5
3.7378786914194815,-97.91502633725602,1.7398467296524174,-191.9086387502349,12.2583125,-78.7141602218008,5.255071518564611,-100.73880730116736,0.2,3,-10,10,400,0.8,1,eq,0.5,6.5,0,5
3.7378786914194815,-97.3964960215078,1.7398467296524174,-191.39010843448668,12.2583125,-78.12299329305739,5.255071518564611,-100.46300862072688,0.2,3,-10,10,400,0.8,1,eq,1,35,0,5
3.7378786914194815,-96.24059247727779,1.7398467296524174,-185.54716130268756,12.2583125,-78.14384739331284,5.255071518564611,-100.47273773961474,0.2,3,-10,10,400,0.8,1,eff,1,6.5,0,5
5.327510845438027,-94.80383130978498,1.7398467296524174,-220.42979123542017,12.2583125,-117.6266842487211,5.255071518564611,-118.892770686847,0.2,3,-10,10,400,0.8,1,eff,1,35,5,5
5.327510845438027,-94.80383130978498,1.7398467296524174,-220.42979123542017,12.2583125,-117.6266842487211,5.255071518564611,-118.892770686847,0.2,3,-10,10,400,0.8,1,eff,1,6.5,5,5
3.7378786914194815,-100.40969001363109,1.7398467296524174,-194.40330242660997,12.2583125,-81.55828065130801,5.255071518564611,-102.06568237372815,0.2,3,-10,10,400,0.8,1,eq,0.5,35,0,5
5.327510845438027,-99.12385130279266,1.7398467296524174,-230.54704037201395,12.2583125,-122.76509521050478,5.255071518564611,-121.2900072268428,0.2,3,-10,10,400,0.8,1,eq,0.5,35,5,5
3.7378786914194815,-97.3964960215078,1.7398467296524174,-186.70306484691756,12.2583125,-79.4521877093993,5.255071518564611,-101.08312122894603,0.2,3,-10,10,400,0.8,1,eff,1,35,0,5
5.327510845438027,-97.19987474980884,1.7398467296524174,-222.82583467544404,12.2583125,-120.3387100465454,5.255071518564611,-120.1580192993672,0.2,3,-10,10,400,0.8,1,eff,0.5,6.5,5,5
5.327510845438027,-99.12385130279266,1.7398467296524174,-224.74981122842786,12.2583125,-122.51641432159255,5.255071518564611,-121.17398946996572,0.2,3,-10,10,400,0.8,1,eff,0.5,35,5,5
3.7378786914194815,-97.91502633725602,1.7398467296524174,-187.22159516266578,12.2583125,-80.03910010337664,5.255071518564611,-101.35693502996035,0.2,3,-10,10,400,0.8,1,eff,0.5,6.5,0,5
5.327510845438027,-94.80383130978498,1.6648435882347152,-234.2743125713414,18.38746875,-125.86664580799575,6.4809027685646114,-123.32894259685779,0.2,3,-10,10,500,0.7,0.5,eq,1,35,5,5
3.7378786914194815,-100.40969001363109,1.7398467296524174,-189.71625883904088,12.2583125,-82.8627518505714,5.255071518564611,-102.6742607936918,0.2,3,-10,10,400,0.8,1,eff,0.5,35,0,5
5.327510845438027,-94.80383130978498,1.6648435882347152,-234.2743125713414,18.38746875,-125.86664580799575,6.4809027685646114,-123.32894259685779,0.2,3,-10,10,500,0.7,0.5,eq,1,6.5,5,5
3.7378786914194815,-100.40969001363109,1.6648435882347152,-201.94492152202008,18.38746875,-88.95992822369102,6.4809027685646114,-102.38676399982327,0.2,3,-10,10,500,0.7,0.5,eq,0.5,35,0,5
5.327510845438027,-97.19987474980884,1.6648435882347152,-236.6703560113653,18.38746875,-128.6019308128269,6.4809027685646114,-124.88104017785007,0.2,3,-10,10,500,0.7,0.5,eq,0.5,6.5,5,5
3.7378786914194815,-96.24059247727779,1.6648435882347152,-197.7758239856668,18.38746875,-84.20055291961673,6.4809027685646114,-99.68612590052427,0.2,3,-10,10,500,0.7,0.5,eq,1,6.5,0,5
3.7378786914194815,-97.3964960215078,1.6648435882347152,-198.9317275298968,18.38746875,-85.52011398441725,6.4809027685646114,-100.43489158052887,0.2,3,-10,10,500,0.7,0.5,eq,1,35,0,5
5.327510845438027,-94.80383130978498,1.6648435882347152,-228.1166823134861,18.38746875,-125.3497688856153,6.4809027685646114,-123.03564832606683,0.2,3,-10,10,500,0.7,0.5,eff,1,6.5,5,5
3.7378786914194815,-97.91502633725602,1.6648435882347152,-199.450257845645,18.38746875,-86.1120599290364,6.4809027685646114,-100.7707826730837,0.2,3,-10,10,500,0.7,0.5,eq,0.5,6.5,0,5
5.327510845438027,-94.80383130978498,1.6648435882347152,-228.1166823134861,18.38746875,-125.3497688856153,6.4809027685646114,-123.03564832606683,0.2,3,-10,10,500,0.7,0.5,eff,1,35,5,5
3.7378786914194815,-97.3964960215078,1.6648435882347152,-193.86606062991206,18.38746875,-86.53880656230952,6.4809027685646114,-101.01293382589948,0.2,3,-10,10,500,0.7,0.5,eff,1,35,0,5
3.7378786914194815,-96.24059247727779,1.6648435882347152,-192.71015708568203,18.38746875,-85.2289988361209,6.4809027685646114,-100.26970253563483,0.2,3,-10,10,500,0.7,0.5,eff,1,6.5,0,5
5.327510845438027,-99.12385130279266,1.6648435882347152,-238.59433256434912,18.38746875,-130.7983117830727,6.4809027685646114,-126.12734452450303,0.2,3,-10,10,500,0.7,0.5,eq,0.5,35,5,5
5.327510845438027,-97.19987474980884,1.6648435882347152,-230.51272575350998,18.38746875,-128.06483644091227,6.4809027685646114,-124.57627381019887,0.2,3,-10,10,500,0.7,0.5,eff,0.5,6.5,5,5
3.7378786914194815,-97.91502633725602,1.6648435882347152,-194.38459094566028,18.38746875,-87.12637722751907,6.4809027685646114,-101.34634222996819,0.2,3,-10,10,500,0.7,0.5,eff,0.5,6.5,0,5
3.7378786914194815,-96.24059247727779,1.7398467296524174,-190.23420489025668,18.38746875,-76.80733936528033,6.4809027685646114,-95.49095470148016,0.2,3,-10,10,500,0.7,1,eq,1,6.5,0,5
5.327510845438027,-99.12385130279266,1.6648435882347152,-232.4367023064938,18.38746875,-130.24498318950265,6.4809027685646114,-125.81336628455486,0.2,3,-10,10,500,0.7,0.5,eff,0.5,35,5,5
3.7378786914194815,-100.40969001363109,1.6648435882347152,-196.87925462203535,18.38746875,-89.95319592948577,6.4809027685646114,-102.95037927235195,0.2,3,-10,10,500,0.7,0.5,eff,0.5,35,0,5
5.327510845438027,-94.80383130978498,1.7398467296524174,-226.22702037900632,18.38746875,-117.84208999233292,6.4809027685646114,-118.77552543995118,0.2,3,-10,10,500,0.7,1,eq,1,6.5,5,5
5.327510845438027,-97.19987474980884,1.7398467296524174,-228.62306381903014,18.38746875,-120.57377529416625,6.4809027685646114,-120.32558042198016,0.2,3,-10,10,500,0.7,1,eq,0.5,6.5,5,5
3.7378786914194815,-97.3964960215078,1.7398467296524174,-191.39010843448668,18.38746875,-78.12516385454275,6.4809027685646114,-96.23873498702406,0.2,3,-10,10,500,0.7,1,eq,1,35,0,5
5.327510845438027,-99.12385130279266,1.7398467296524174,-230.54704037201395,18.38746875,-122.76726577311179,6.4809027685646114,-121.57024460150356,0.2,3,-10,10,500,0.7,1,eq,0.5,35,5,5
5.327510845438027,-94.80383130978498,1.7398467296524174,-226.22702037900632,18.38746875,-117.84208999233292,6.4809027685646114,-118.77552543995118,0.2,3,-10,10,500,0.7,1,eq,1,35,5,5
3.7378786914194815,-100.40969001363109,1.7398467296524174,-194.40330242660997,18.38746875,-81.56045121350665,6.4809027685646114,-98.18803869411275,0.2,3,-10,10,500,0.7,1,eq,0.5,35,0,5
3.7378786914194815,-97.91502633725602,1.7398467296524174,-191.9086387502349,18.38746875,-78.71633078322738,6.4809027685646114,-96.57418403834916,0.2,3,-10,10,500,0.7,1,eq,0.5,6.5,0,5
5.327510845438027,-94.80383130978498,1.7398467296524174,-220.42979123542017,18.38746875,-117.62871296816124,6.4809027685646114,-118.65444775975631,0.2,3,-10,10,500,0.7,1,eff,1,6.5,5,5
5.327510845438027,-94.80383130978498,1.7398467296524174,-220.42979123542017,18.38746875,-117.62871296816124,6.4809027685646114,-118.65444775975631,0.2,3,-10,10,500,0.7,1,eff,1,35,5,5
3.7378786914194815,-96.24059247727779,1.7398467296524174,-185.54716130268756,18.38746875,-78.14587611320759,6.4809027685646114,-96.25048785610856,0.2,3,-10,10,500,0.7,1,eff,1,6.5,0,5
3.7378786914194815,-97.3964960215078,1.7398467296524174,-186.70306484691756,18.38746875,-79.45421642909932,6.4809027685646114,-96.99288648580296,0.2,3,-10,10,500,0.7,1,eff,1,35,0,5
3.7378786914194815,-97.91502633725602,1.7398467296524174,-187.22159516266578,18.38746875,-80.04112882306994,6.4809027685646114,-97.32592136345819,0.2,3,-10,10,500,0.7,1,eff,0.5,6.5,0,5
5.327510845438027,-97.19987474980884,1.7398467296524174,-222.82583467544404,18.38746875,-120.34073876561425,6.4809027685646114,-120.19334724276487,0.2,3,-10,10,500,0.7,1,eff,0.5,6.5,5,5
5.327510845438027,-99.12385130279266,1.7398467296524174,-224.74981122842786,18.38746875,-122.51844304065301,6.4809027685646114,-121.42905377112822,0.2,3,-10,10,500,0.7,1,eff,0.5,35,5,5
3.7378786914194815,-100.40969001363109,1.7398467296524174,-189.71625883904088,18.38746875,-82.86478056972548,6.4809027685646114,-98.92816136324178,0.2,3,-10,10,500,0.7,1,eff,0.5,35,0,5
5.327510845438027,-94.80383130978498,1.6648435882347152,-234.2743125713414,18.38746875,-125.86664580799575,6.4809027685646114,-123.32894259685779,0.2,3,-10,10,500,0.8,0.5,eq,1,6.5,5,5
3.7378786914194815,-96.24059247727779,1.6648435882347152,-197.7758239856668,18.38746875,-84.20055291961673,6.4809027685646114,-99.68612590052427,0.2,3,-10,10,500,0.8,0.5,eq,1,6.5,0,5
3.7378786914194815,-97.3964960215078,1.6648435882347152,-198.9317275298968,18.38746875,-85.52011398441725,6.4809027685646114,-100.43489158052887,0.2,3,-10,10,500,0.8,0.5,eq,1,35,0,5
3.7378786914194815,-96.24059247727779,1.6648435882347152,-192.71015708568203,18.38746875,-85.2289988361209,6.4809027685646114,-100.26970253563483,0.2,3,-10,10,500,0.8,0.5,eff,1,6.5,0,5
3.7378786914194815,-100.40969001363109,1.6648435882347152,-201.94492152202008,18.38746875,-88.95992822369102,6.4809027685646114,-102.38676399982327,0.2,3,-10,10,500,0.8,0.5,eq,0.5,35,0,5
3.7378786914194815,-97.3964960215078,1.6648435882347152,-193.86606062991206,18.38746875,-86.53880656230952,6.4809027685646114,-101.01293382589948,0.2,3,-10,10,500,0.8,0.5,eff,1,35,0,5
5.327510845438027,-99.12385130279266,1.6648435882347152,-238.59433256434912,18.38746875,-130.7983117830727,6.4809027685646114,-126.12734452450303,0.2,3,-10,10,500,0.8,0.5,eq,0.5,35,5,5
5.327510845438027,-97.19987474980884,1.6648435882347152,-230.51272575350998,18.38746875,-128.06483644091227,6.4809027685646114,-124.57627381019887,0.2,3,-10,10,500,0.8,0.5,eff,0.5,6.5,5,5
5.327510845438027,-94.80383130978498,1.6648435882347152,-234.2743125713414,18.38746875,-125.86664580799575,6.4809027685646114,-123.32894259685779,0.2,3,-10,10,500,0.8,0.5,eq,1,35,5,5
5.327510845438027,-97.19987474980884,1.6648435882347152,-236.6703560113653,18.38746875,-128.6019308128269,6.4809027685646114,-124.88104017785007,0.2,3,-10,10,500,0.8,0.5,eq,0.5,6.5,5,5
3.7378786914194815,-97.91502633725602,1.6648435882347152,-199.450257845645,18.38746875,-86.1120599290364,6.4809027685646114,-100.7707826730837,0.2,3,-10,10,500,0.8,0.5,eq,0.5,6.5,0,5
5.327510845438027,-94.80383130978498,1.6648435882347152,-228.1166823134861,18.38746875,-125.3497688856153,6.4809027685646114,-123.03564832606683,0.2,3,-10,10,500,0.8,0.5,eff,1,35,5,5
5.327510845438027,-94.80383130978498,1.6648435882347152,-228.1166823134861,18.38746875,-125.3497688856153,6.4809027685646114,-123.03564832606683,0.2,3,-10,10,500,0.8,0.5,eff,1,6.5,5,5
3.7378786914194815,-97.91502633725602,1.6648435882347152,-194.38459094566028,18.38746875,-87.12637722751907,6.4809027685646114,-101.34634222996819,0.2,3,-10,10,500,0.8,0.5,eff,0.5,6.5,0,5
5.327510845438027,-99.12385130279266,1.6648435882347152,-232.4367023064938,18.38746875,-130.24498318950265,6.4809027685646114,-125.81336628455486,0.2,3,-10,10,500,0.8,0.5,eff,0.5,35,5,5
3.7378786914194815,-100.40969001363109,1.6648435882347152,-196.87925462203535,18.38746875,-89.95319592948577,6.4809027685646114,-102.95037927235195,0.2,3,-10,10,500,0.8,0.5,eff,0.5,35,0,5
5.327510845438027,-94.80383130978498,1.7398467296524174,-226.22702037900632,18.38746875,-117.84208999233292,6.4809027685646114,-118.77552543995118,0.2,3,-10,10,500,0.8,1,eq,1,35,5,5
5.327510845438027,-94.80383130978498,1.7398467296524174,-226.22702037900632,18.38746875,-117.84208999233292,6.4809027685646114,-118.77552543995118,0.2,3,-10,10,500,0.8,1,eq,1,6.5,5,5
3.7378786914194815,-96.24059247727779,1.7398467296524174,-190.23420489025668,18.38746875,-76.80733936528033,6.4809027685646114,-95.49095470148016,0.2,3,-10,10,500,0.8,1,eq,1,6.5,0,5
3.7378786914194815,-96.24059247727779,1.7398467296524174,-185.54716130268756,18.38746875,-78.14587611320759,6.4809027685646114,-96.25048785610856,0.2,3,-10,10,500,0.8,1,eff,1,6.5,0,5
3.7378786914194815,-97.3964960215078,1.7398467296524174,-191.39010843448668,18.38746875,-78.12516385454275,6.4809027685646114,-96.23873498702406,0.2,3,-10,10,500,0.8,1,eq,1,35,0,5
3.7378786914194815,-100.40969001363109,1.7398467296524174,-194.40330242660997,18.38746875,-81.56045121350665,6.4809027685646114,-98.18803869411275,0.2,3,-10,10,500,0.8,1,eq,0.5,35,0,5
3.7378786914194815,-97.91502633725602,1.7398467296524174,-191.9086387502349,18.38746875,-78.71633078322738,6.4809027685646114,-96.57418403834916,0.2,3,-10,10,500,0.8,1,eq,0.5,6.5,0,5
5.327510845438027,-97.19987474980884,1.7398467296524174,-228.62306381903014,18.38746875,-120.57377529416625,6.4809027685646114,-120.32558042198016,0.2,3,-10,10,500,0.8,1,eq,0.5,6.5,5,5
3.7378786914194815,-97.3964960215078,1.7398467296524174,-186.70306484691756,18.38746875,-79.45421642909932,6.4809027685646114,-96.99288648580296,0.2,3,-10,10,500,0.8,1,eff,1,35,0,5
5.327510845438027,-99.12385130279266,1.7398467296524174,-230.54704037201395,18.38746875,-122.76726577311179,6.4809027685646114,-121.57024460150356,0.2,3,-10,10,500,0.8,1,eq,0.5,35,5,5
5.327510845438027,-94.80383130978498,0.664380693404857,-375.73048077340303,0.3268883333333333,-268.5909835799937,2.966853185231278,-128.1858885388424,0.5,0.25,-20,2,400,0.7,0.5,eq,1,6.5,5,5
5.327510845438027,-94.80383130978498,1.7398467296524174,-220.42979123542017,18.38746875,-117.62871296816124,6.4809027685646114,-118.65444775975631,0.2,3,-10,10,500,0.8,1,eff,1,35,5,5
5.327510845438027,-99.12385130279266,0.664380693404857,-380.05050076641083,0.3268883333333333,-273.6524534493629,2.966853185231278,-128.46472529727225,0.5,0.25,-20,2,400,0.7,0.5,eq,0.5,35,5,5
3.7378786914194815,-96.24059247727779,0.664380693404857,-339.23199218772845,0.3268883333333333,-225.82821846419384,2.966853185231278,-125.83008457000876,0.5,0.25,-20,2,400,0.7,0.5,eq,1,6.5,0,5
5.327510845438027,-94.80383130978498,1.7398467296524174,-220.42979123542017,18.38746875,-117.62871296816124,6.4809027685646114,-118.65444775975631,0.2,3,-10,10,500,0.8,1,eff,1,6.5,5,5
5.327510845438027,-94.80383130978498,0.664380693404857,-375.73048077340303,0.3268883333333333,-268.5909835799937,2.966853185231278,-128.1858885388424,0.5,0.25,-20,2,400,0.7,0.5,eq,1,35,5,5
3.7378786914194815,-97.3964960215078,0.664380693404857,-340.38789573195845,0.3268883333333333,-227.18251103013142,2.966853185231278,-125.90469265003246,0.5,0.25,-20,2,400,0.7,0.5,eq,1,35,0,5
3.7378786914194815,-97.91502633725602,1.7398467296524174,-187.22159516266578,18.38746875,-80.04112882306994,6.4809027685646114,-97.32592136345819,0.2,3,-10,10,500,0.8,1,eff,0.5,6.5,0,5
5.327510845438027,-97.19987474980884,1.7398467296524174,-222.82583467544404,18.38746875,-120.34073876561425,6.4809027685646114,-120.19334724276487,0.2,3,-10,10,500,0.8,1,eff,0.5,6.5,5,5
3.7378786914194815,-97.91502633725602,0.664380693404857,-340.90642604770665,0.3268883333333333,-227.79003728553505,2.966853185231278,-125.93816131745317,0.5,0.25,-20,2,400,0.7,0.5,eq,0.5,6.5,0,5
5.327510845438027,-97.19987474980884,0.664380693404857,-378.126524213427,0.3268883333333333,-271.3982626428333,2.966853185231278,-128.3405417550213,0.5,0.25,-20,2,400,0.7,0.5,eq,0.5,6.5,5,5
3.7378786914194815,-100.40969001363109,0.664380693404857,-343.4010897240817,0.3268883333333333,-230.7128628863923,2.966853185231278,-126.09918000116238,0.5,0.25,-20,2,400,0.7,0.5,eq,0.5,35,0,5
5.327510845438027,-99.12385130279266,1.7398467296524174,-224.74981122842786,18.38746875,-122.51844304065301,6.4809027685646114,-121.42905377112822,0.2,3,-10,10,500,0.8,1,eff,0.5,35,5,5
5.327510845438027,-94.80383130978498,0.664380693404857,-359.73381294510773,0.3268883333333333,-258.31129792010796,2.966853185231278,-127.61957987731532,0.5,0.25,-20,2,400,0.7,0.5,eff,1,6.5,5,5
5.327510845438027,-94.80383130978498,0.664380693404857,-359.73381294510773,0.3268883333333333,-258.31129792010796,2.966853185231278,-127.61957987731532,0.5,0.25,-20,2,400,0.7,0.5,eff,1,35,5,5
3.7378786914194815,-97.3964960215078,0.664380693404857,-325.4831912615337,0.3268883333333333,-218.6349213980005,2.966853185231278,-125.4338052898536,0.5,0.25,-20,2,400,0.7,0.5,eff,1,35,0,5
3.7378786914194815,-96.24059247727779,0.664380693404857,-324.3272877173037,0.3268883333333333,-217.29590733079723,2.966853185231278,-125.36003890348213,0.5,0.25,-20,2,400,0.7,0.5,eff,1,6.5,0,5
3.7378786914194815,-96.24059247727779,0.6968241909147566,-327.3324346811119,0.3268883333333333,-212.89665360288578,2.966853185231278,-125.11768368243747,0.5,0.25,-20,2,400,0.7,1,eq,1,6.5,0,5
5.327510845438027,-94.80383130978498,0.6968241909147566,-363.32525016986153,0.3268883333333333,-255.01288246894944,2.966853185231278,-127.43786992030826,0.5,0.25,-20,2,400,0.7,1,eq,1,35,5,5
3.7378786914194815,-100.40969001363109,0.664380693404857,-328.49638525365697,0.3268883333333333,-222.1254454670756,2.966853185231278,-125.62609852517082,0.5,0.25,-20,2,400,0.7,0.5,eff,0.5,35,0,5
5.327510845438027,-97.19987474980884,0.664380693404857,-362.12985638513163,0.3268883333333333,-261.08690656656233,2.966853185231278,-127.77248836785715,0.5,0.25,-20,2,400,0.7,0.5,eff,0.5,6.5,5,5
5.327510845438027,-94.80383130978498,0.6968241909147566,-363.32525016986153,0.3268883333333333,-255.01288246894944,2.966853185231278,-127.43786992030826,0.5,0.25,-20,2,400,0.7,1,eq,1,6.5,5,5
5.327510845438027,-99.12385130279266,0.664380693404857,-364.0538329381154,0.3268883333333333,-263.3156666409923,2.966853185231278,-127.89527092915077,0.5,0.25,-20,2,400,0.7,0.5,eff,0.5,35,5,5
3.7378786914194815,-97.3964960215078,0.6968241909147566,-328.4883382253419,0.3268883333333333,-214.24920959361785,2.966853185231278,-125.19219609440168,0.5,0.25,-20,2,400,0.7,1,eq,1,35,0,5
3.7378786914194815,-97.91502633725602,0.6968241909147566,-329.0068685410901,0.3268883333333333,-214.8559568334834,2.966853185231278,-125.22562184579733,0.5,0.25,-20,2,400,0.7,1,eq,0.5,6.5,0,5
5.327510845438027,-99.12385130279266,0.6968241909147566,-367.6452701628692,0.3268883333333333,-260.06786214377576,2.966853185231278,-127.71634913342922,0.5,0.25,-20,2,400,0.7,1,eq,0.5,35,5,5
5.327510845438027,-97.19987474980884,0.6968241909147566,-365.72129360988544,0.3268883333333333,-257.816561828868,2.966853185231278,-127.59232482858052,0.5,0.25,-20,2,400,0.7,1,eq,0.5,6.5,5,5
3.7378786914194815,-100.40969001363109,1.7398467296524174,-189.71625883904088,18.38746875,-82.86478056972548,6.4809027685646114,-98.92816136324178,0.2,3,-10,10,500,0.8,1,eff,0.5,35,0,5
3.7378786914194815,-97.91502633725602,0.664380693404857,-326.0017215772819,0.3268883333333333,-219.23559382471956,2.966853185231278,-125.46689637933295,0.5,0.25,-20,2,400,0.7,0.5,eff,0.5,6.5,0,5
3.7378786914194815,-100.40969001363109,0.6968241909147566,-331.5015322174652,0.3268883333333333,-217.7750345690831,2.966853185231278,-125.38643405932571,0.5,0.25,-20,2,400,0.7,1,eq,0.5,35,0,5
3.7378786914194815,-100.40969001363109,0.6968241909147566,-317.3380030737065,0.3268883333333333,-210.05785079441156,2.966853185231278,-124.96129382072408,0.5,0.25,-20,2,400,0.7,1,eff,0.5,35,0,5
3.7378786914194815,-96.24059247727779,0.6968241909147566,-313.16890553735317,0.3268883333333333,-205.23355656272497,2.966853185231278,-124.6955230861364,0.5,0.25,-20,2,400,0.7,1,eff,1,6.5,0,5
5.327510845438027,-94.80383130978498,0.6968241909147566,-348.0515354700857,0.3268883333333333,-245.59818437648465,2.966853185231278,-126.91921348937952,0.5,0.25,-20,2,400,0.7,1,eff,1,35,5,5
3.7378786914194815,-97.3964960215078,0.6968241909147566,-314.32480908158317,0.3268883333333333,-206.57111673063392,2.966853185231278,-124.76920937708557,0.5,0.25,-20,2,400,0.7,1,eff,1,35,0,5
5.327510845438027,-99.12385130279266,0.6968241909147566,-352.3715554630934,0.3268883333333333,-250.5971193622179,2.966853185231278,-127.19460519633397,0.5,0.25,-20,2,400,0.7,1,eff,0.5,35,5,5
3.7378786914194815,-97.91502633725602,0.6968241909147566,-314.84333939733136,0.3268883333333333,-207.1711369484043,2.966853185231278,-124.80226453632459,0.5,0.25,-20,2,400,0.7,1,eff,0.5,6.5,0,5
5.327510845438027,-97.19987474980884,0.6968241909147566,-350.4475789101096,0.3268883333333333,-248.37077927166374,2.966853185231278,-127.07195595213517,0.5,0.25,-20,2,400,0.7,1,eff,0.5,6.5,5,5
5.327510845438027,-94.80383130978498,0.6968241909147566,-348.0515354700857,0.3268883333333333,-245.59818437648465,2.966853185231278,-126.91921348937952,0.5,0.25,-20,2,400,0.7,1,eff,1,6.5,5,5
5.327510845438027,-94.80383130978498,0.664380693404857,-375.73048077340303,0.3268883333333333,-268.5909835799937,2.966853185231278,-128.1858885388424,0.5,0.25,-20,2,400,0.8,0.5,eq,1,6.5,5,5
3.7378786914194815,-96.24059247727779,0.664380693404857,-339.23199218772845,0.3268883333333333,-225.82821846419384,2.966853185231278,-125.83008457000876,0.5,0.25,-20,2,400,0.8,0.5,eq,1,6.5,0,5
5.327510845438027,-94.80383130978498,0.664380693404857,-375.73048077340303,0.3268883333333333,-268.5909835799937,2.966853185231278,-128.1858885388424,0.5,0.25,-20,2,400,0.8,0.5,eq,1,35,5,5
3.7378786914194815,-97.3964960215078,0.664380693404857,-340.38789573195845,0.3268883333333333,-227.18251103013142,2.966853185231278,-125.90469265003246,0.5,0.25,-20,2,400,0.8,0.5,eq,1,35,0,5
5.327510845438027,-97.19987474980884,0.664380693404857,-378.126524213427,0.3268883333333333,-271.3982626428333,2.966853185231278,-128.3405417550213,0.5,0.25,-20,2,400,0.8,0.5,eq,0.5,6.5,5,5
5.327510845438027,-99.12385130279266,0.664380693404857,-380.05050076641083,0.3268883333333333,-273.6524534493629,2.966853185231278,-128.46472529727225,0.5,0.25,-20,2,400,0.8,0.5,eq,0.5,35,5,5
3.7378786914194815,-100.40969001363109,0.664380693404857,-343.4010897240817,0.3268883333333333,-230.7128628863923,2.966853185231278,-126.09918000116238,0.5,0.25,-20,2,400,0.8,0.5,eq,0.5,35,0,5
5.327510845438027,-94.80383130978498,0.664380693404857,-359.73381294510773,0.3268883333333333,-258.31129792010796,2.966853185231278,-127.61957987731532,0.5,0.25,-20,2,400,0.8,0.5,eff,1,35,5,5
5.327510845438027,-97.19987474980884,0.664380693404857,-362.12985638513163,0.3268883333333333,-261.08690656656233,2.966853185231278,-127.77248836785715,0.5,0.25,-20,2,400,0.8,0.5,eff,0.5,6.5,5,5
3.7378786914194815,-96.24059247727779,0.664380693404857,-324.3272877173037,0.3268883333333333,-217.29590733079723,2.966853185231278,-125.36003890348213,0.5,0.25,-20,2,400,0.8,0.5,eff,1,6.5,0,5
3.7378786914194815,-97.91502633725602,0.664380693404857,-326.0017215772819,0.3268883333333333,-219.23559382471956,2.966853185231278,-125.46689637933295,0.5,0.25,-20,2,400,0.8,0.5,eff,0.5,6.5,0,5
5.327510845438027,-94.80383130978498,0.6968241909147566,-363.32525016986153,0.3268883333333333,-255.01288246894944,2.966853185231278,-127.43786992030826,0.5,0.25,-20,2,400,0.8,1,eq,1,6.5,5,5
3.7378786914194815,-97.3964960215078,0.664380693404857,-325.4831912615337,0.3268883333333333,-218.6349213980005,2.966853185231278,-125.4338052898536,0.5,0.25,-20,2,400,0.8,0.5,eff,1,35,0,5
5.327510845438027,-99.12385130279266,0.664380693404857,-364.0538329381154,0.3268883333333333,-263.3156666409923,2.966853185231278,-127.89527092915077,0.5,0.25,-20,2,400,0.8,0.5,eff,0.5,35,5,5
3.7378786914194815,-100.40969001363109,0.664380693404857,-328.49638525365697,0.3268883333333333,-222.1254454670756,2.966853185231278,-125.62609852517082,0.5,0.25,-20,2,400,0.8,0.5,eff,0.5,35,0,5
3.7378786914194815,-97.91502633725602,0.664380693404857,-340.90642604770665,0.3268883333333333,-227.79003728553505,2.966853185231278,-125.93816131745317,0.5,0.25,-20,2,400,0.8,0.5,eq,0.5,6.5,0,5
5.327510845438027,-94.80383130978498,0.664380693404857,-359.73381294510773,0.3268883333333333,-258.31129792010796,2.966853185231278,-127.61957987731532,0.5,0.25,-20,2,400,0.8,0.5,eff,1,6.5,5,5
5.327510845438027,-94.80383130978498,0.6968241909147566,-363.32525016986153,0.3268883333333333,-255.01288246894944,2.966853185231278,-127.43786992030826,0.5,0.25,-20,2,400,0.8,1,eq,1,35,5,5
3.7378786914194815,-96.24059247727779,0.6968241909147566,-327.3324346811119,0.3268883333333333,-212.89665360288578,2.966853185231278,-125.11768368243747,0.5,0.25,-20,2,400,0.8,1,eq,1,6.5,0,5
3.7378786914194815,-97.91502633725602,0.6968241909147566,-329.0068685410901,0.3268883333333333,-214.8559568334834,2.966853185231278,-125.22562184579733,0.5,0.25,-20,2,400,0.8,1,eq,0.5,6.5,0,5
5.327510845438027,-97.19987474980884,0.6968241909147566,-365.72129360988544,0.3268883333333333,-257.816561828868,2.966853185231278,-127.59232482858052,0.5,0.25,-20,2,400,0.8,1,eq,0.5,6.5,5,5
3.7378786914194815,-97.3964960215078,0.6968241909147566,-328.4883382253419,0.3268883333333333,-214.24920959361785,2.966853185231278,-125.19219609440168,0.5,0.25,-20,2,400,0.8,1,eq,1,35,0,5
5.327510845438027,-99.12385130279266,0.6968241909147566,-367.6452701628692,0.3268883333333333,-260.06786214377576,2.966853185231278,-127.71634913342922,0.5,0.25,-20,2,400,0.8,1,eq,0.5,35,5,5
5.327510845438027,-94.80383130978498,0.6968241909147566,-348.0515354700857,0.3268883333333333,-245.59818437648465,2.966853185231278,-126.91921348937952,0.5,0.25,-20,2,400,0.8,1,eff,1,6.5,5,5
3.7378786914194815,-96.24059247727779,0.6968241909147566,-313.16890553735317,0.3268883333333333,-205.23355656272497,2.966853185231278,-124.6955230861364,0.5,0.25,-20,2,400,0.8,1,eff,1,6.5,0,5
3.7378786914194815,-100.40969001363109,0.6968241909147566,-331.5015322174652,0.3268883333333333,-217.7750345690831,2.966853185231278,-125.38643405932571,0.5,0.25,-20,2,400,0.8,1,eq,0.5,35,0,5
3.7378786914194815,-97.3964960215078,0.6968241909147566,-314.32480908158317,0.3268883333333333,-206.57111673063392,2.966853185231278,-124.76920937708557,0.5,0.25,-20,2,400,0.8,1,eff,1,35,0,5
5.327510845438027,-94.80383130978498,0.6968241909147566,-348.0515354700857,0.3268883333333333,-245.59818437648465,2.966853185231278,-126.91921348937952,0.5,0.25,-20,2,400,0.8,1,eff,1,35,5,5
5.327510845438027,-97.19987474980884,0.6968241909147566,-350.4475789101096,0.3268883333333333,-248.37077927166374,2.966853185231278,-127.07195595213517,0.5,0.25,-20,2,400,0.8,1,eff,0.5,6.5,5,5
3.7378786914194815,-100.40969001363109,0.6968241909147566,-317.3380030737065,0.3268883333333333,-210.05785079441156,2.966853185231278,-124.96129382072408,0.5,0.25,-20,2,400,0.8,1,eff,0.5,35,0,5
5.327510845438027,-99.12385130279266,0.6968241909147566,-352.3715554630934,0.3268883333333333,-250.5971193622179,2.966853185231278,-127.19460519633397,0.5,0.25,-20,2,400,0.8,1,eff,0.5,35,5,5
5.327510845438027,-94.80383130978498,0.664380693404857,-375.73048077340303,0.49033249999999995,-268.593273844169,3.048575268564611,-131.94986264542874,0.5,0.25,-20,2,500,0.7,0.5,eq,1,6.5,5,5
3.7378786914194815,-97.91502633725602,0.6968241909147566,-314.84333939733136,0.3268883333333333,-207.1711369484043,2.966853185231278,-124.80226453632459,0.5,0.25,-20,2,400,0.8,1,eff,0.5,6.5,0,5
3.7378786914194815,-96.24059247727779,0.664380693404857,-339.23199218772845,0.49033249999999995,-225.83050872852837,3.048575268564611,-128.51088350289675,0.5,0.25,-20,2,500,0.7,0.5,eq,1,6.5,0,5
5.327510845438027,-97.19987474980884,0.664380693404857,-378.126524213427,0.49033249999999995,-271.4005529071647,3.048575268564611,-132.1756238682775,0.5,0.25,-20,2,500,0.7,0.5,eq,0.5,6.5,5,5
3.7378786914194815,-97.3964960215078,0.664380693404857,-340.38789573195845,0.49033249999999995,-227.18480129431964,3.048575268564611,-128.61979563414104,0.5,0.25,-20,2,500,0.7,0.5,eq,1,35,0,5
3.7378786914194815,-97.91502633725602,0.664380693404857,-340.90642604770665,0.49033249999999995,-227.7923275497259,3.048575268564611,-128.66865286110553,0.5,0.25,-20,2,500,0.7,0.5,eq,0.5,6.5,0,5
5.327510845438027,-94.80383130978498,0.664380693404857,-375.73048077340303,0.49033249999999995,-268.593273844169,3.048575268564611,-131.94986264542874,0.5,0.25,-20,2,500,0.7,0.5,eq,1,35,5,5
5.327510845438027,-94.80383130978498,0.664380693404857,-359.73381294510773,0.49033249999999995,-258.3133879569957,3.048575268564611,-131.12315480607361,0.5,0.25,-20,2,500,0.7,0.5,eff,1,35,5,5
3.7378786914194815,-97.91502633725602,0.664380693404857,-326.0017215772819,0.49033249999999995,-219.23768386150803,3.048575268564611,-127.98068890143122,0.5,0.25,-20,2,500,0.7,0.5,eff,0.5,6.5,0,5
5.327510845438027,-99.12385130279266,0.664380693404857,-364.0538329381154,0.49033249999999995,-263.31775667775645,3.048575268564611,-131.5256058544494,0.5,0.25,-20,2,500,0.7,0.5,eff,0.5,35,5,5
5.327510845438027,-94.80383130978498,0.6968241909147566,-363.32525016986153,0.49033249999999995,-255.01504421110872,3.048575268564611,-130.85790218930927,0.5,0.25,-20,2,500,0.7,1,eq,1,6.5,5,5
3.7378786914194815,-96.24059247727779,0.664380693404857,-324.3272877173037,0.49033249999999995,-217.29799736749703,3.048575268564611,-127.82469942371822,0.5,0.25,-20,2,500,0.7,0.5,eff,1,6.5,0,5
5.327510845438027,-94.80383130978498,0.664380693404857,-359.73381294510773,0.49033249999999995,-258.3133879569957,3.048575268564611,-131.12315480607361,0.5,0.25,-20,2,500,0.7,0.5,eff,1,6.5,5,5
3.7378786914194815,-100.40969001363109,0.664380693404857,-328.49638525365697,0.49033249999999995,-222.12753550374578,3.048575268564611,-128.2130906064144,0.5,0.25,-20,2,500,0.7,0.5,eff,0.5,35,0,5
5.327510845438027,-97.19987474980884,0.664380693404857,-362.12985638513163,0.49033249999999995,-261.08899660332764,3.048575268564611,-131.34636909581266,0.5,0.25,-20,2,500,0.7,0.5,eff,0.5,6.5,5,5
5.327510845438027,-94.80383130978498,0.6968241909147566,-363.32525016986153,0.49033249999999995,-255.01504421110872,3.048575268564611,-130.85790218930927,0.5,0.25,-20,2,500,0.7,1,eq,1,35,5,5
3.7378786914194815,-96.24059247727779,0.6968241909147566,-327.3324346811119,0.49033249999999995,-212.89881534486898,3.048575268564611,-127.47091745524386,0.5,0.25,-20,2,500,0.7,1,eq,1,6.5,0,5
3.7378786914194815,-97.3964960215078,0.664380693404857,-325.4831912615337,0.49033249999999995,-218.63701143470215,3.048575268564611,-127.93238285897368,0.5,0.25,-20,2,500,0.7,0.5,eff,1,35,0,5
5.327510845438027,-99.12385130279266,0.664380693404857,-380.05050076641083,0.49033249999999995,-273.65474371370163,3.048575268564611,-132.35690576494653,0.5,0.25,-20,2,500,0.7,0.5,eq,0.5,35,5,5
3.7378786914194815,-100.40969001363109,0.664380693404857,-343.4010897240817,0.49033249999999995,-230.71515315076803,3.048575268564611,-128.90370632998338,0.5,0.25,-20,2,500,0.7,0.5,eq,0.5,35,0,5
5.327510845438027,-97.19987474980884,0.6968241909147566,-365.72129360988544,0.49033249999999995,-257.8187235710235,3.048575268564611,-131.08337392424085,0.5,0.25,-20,2,500,0.7,1,eq,0.5,6.5,5,5
3.7378786914194815,-97.3964960215078,0.6968241909147566,-328.4883382253419,0.49033249999999995,-214.25137133570308,3.048575268564611,-127.57968993122859,0.5,0.25,-20,2,500,0.7,1,eq,1,35,0,5
3.7378786914194815,-100.40969001363109,0.6968241909147566,-331.5015322174652,0.49033249999999995,-217.77719631122415,3.048575268564611,-127.86323657556386,0.5,0.25,-20,2,500,0.7,1,eq,0.5,35,0,5
5.327510845438027,-99.12385130279266,0.6968241909147566,-367.6452701628692,0.49033249999999995,-260.07002388568725,3.048575268564611,-131.26442336771726,0.5,0.25,-20,2,500,0.7,1,eq,0.5,35,5,5
5.327510845438027,-94.80383130978498,0.6968241909147566,-348.0515354700857,0.49033249999999995,-245.60015913420185,3.048575268564611,-130.10075766600116,0.5,0.25,-20,2,500,0.7,1,eff,1,6.5,5,5
3.7378786914194815,-97.91502633725602,0.6968241909147566,-329.0068685410901,0.49033249999999995,-214.858118575572,3.048575268564611,-127.62848450980779,0.5,0.25,-20,2,500,0.7,1,eq,0.5,6.5,0,5
3.7378786914194815,-96.24059247727779,0.6968241909147566,-313.16890553735317,0.49033249999999995,-205.23553132045527,3.048575268564611,-126.85463658912144,0.5,0.25,-20,2,500,0.7,1,eff,1,6.5,0,5
5.327510845438027,-94.80383130978498,0.6968241909147566,-348.0515354700857,0.49033249999999995,-245.60015913420185,3.048575268564611,-130.10075766600116,0.5,0.25,-20,2,500,0.7,1,eff,1,35,5,5
5.327510845438027,-97.19987474980884,0.6968241909147566,-350.4475789101096,0.49033249999999995,-248.37275402933437,3.048575268564611,-130.3237295900399,0.5,0.25,-20,2,500,0.7,1,eff,0.5,6.5,5,5
5.327510845438027,-99.12385130279266,0.6968241909147566,-352.3715554630934,0.49033249999999995,-250.59909411993397,3.048575268564611,-130.50277173371438,0.5,0.25,-20,2,500,0.7,1,eff,0.5,35,5,5
3.7378786914194815,-97.3964960215078,0.6968241909147566,-314.32480908158317,0.49033249999999995,-206.57309148836052,3.048575268564611,-126.96220310187778,0.5,0.25,-20,2,500,0.7,1,eff,1,35,0,5
5.327510845438027,-94.80383130978498,0.664380693404857,-375.73048077340303,0.49033249999999995,-268.593273844169,3.048575268564611,-131.94986264542874,0.5,0.25,-20,2,500,0.8,0.5,eq,1,6.5,5,5
3.7378786914194815,-97.91502633725602,0.6968241909147566,-314.84333939733136,0.49033249999999995,-207.1731117061331,3.048575268564611,-127.0104566937219,0.5,0.25,-20,2,500,0.7,1,eff,0.5,6.5,0,5
3.7378786914194815,-100.40969001363109,0.6968241909147566,-317.3380030737065,0.49033249999999995,-210.0598255522939,3.048575268564611,-127.24260605732263,0.5,0.25,-20,2,500,0.7,1,eff,0.5,35,0,5
3.7378786914194815,-96.24059247727779,0.664380693404857,-339.23199218772845,0.49033249999999995,-225.83050872852837,3.048575268564611,-128.51088350289675,0.5,0.25,-20,2,500,0.8,0.5,eq,1,6.5,0,5
5.327510845438027,-94.80383130978498,0.664380693404857,-375.73048077340303,0.49033249999999995,-268.593273844169,3.048575268564611,-131.94986264542874,0.5,0.25,-20,2,500,0.8,0.5,eq,1,35,5,5
3.7378786914194815,-97.3964960215078,0.664380693404857,-340.38789573195845,0.49033249999999995,-227.18480129431964,3.048575268564611,-128.61979563414104,0.5,0.25,-20,2,500,0.8,0.5,eq,1,35,0,5
5.327510845438027,-97.19987474980884,0.664380693404857,-378.126524213427,0.49033249999999995,-271.4005529071647,3.048575268564611,-132.1756238682775,0.5,0.25,-20,2,500,0.8,0.5,eq,0.5,6.5,5,5
3.7378786914194815,-100.40969001363109,0.664380693404857,-343.4010897240817,0.49033249999999995,-230.71515315076803,3.048575268564611,-128.90370632998338,0.5,0.25,-20,2,500,0.8,0.5,eq,0.5,35,0,5
5.327510845438027,-94.80383130978498,0.664380693404857,-359.73381294510773,0.49033249999999995,-258.3133879569957,3.048575268564611,-131.12315480607361,0.5,0.25,-20,2,500,0.8,0.5,eff,1,35,5,5
5.327510845438027,-97.19987474980884,0.664380693404857,-362.12985638513163,0.49033249999999995,-261.08899660332764,3.048575268564611,-131.34636909581266,0.5,0.25,-20,2,500,0.8,0.5,eff,0.5,6.5,5,5
3.7378786914194815,-97.3964960215078,0.664380693404857,-325.4831912615337,0.49033249999999995,-218.63701143470215,3.048575268564611,-127.93238285897368,0.5,0.25,-20,2,500,0.8,0.5,eff,1,35,0,5
3.7378786914194815,-96.24059247727779,0.664380693404857,-324.3272877173037,0.49033249999999995,-217.29799736749703,3.048575268564611,-127.82469942371822,0.5,0.25,-20,2,500,0.8,0.5,eff,1,6.5,0,5
5.327510845438027,-99.12385130279266,0.664380693404857,-380.05050076641083,0.49033249999999995,-273.65474371370163,3.048575268564611,-132.35690576494653,0.5,0.25,-20,2,500,0.8,0.5,eq,0.5,35,5,5
3.7378786914194815,-97.91502633725602,0.664380693404857,-340.90642604770665,0.49033249999999995,-227.7923275497259,3.048575268564611,-128.66865286110553,0.5,0.25,-20,2,500,0.8,0.5,eq,0.5,6.5,0,5
5.327510845438027,-99.12385130279266,0.664380693404857,-364.0538329381154,0.49033249999999995,-263.31775667775645,3.048575268564611,-131.5256058544494,0.5,0.25,-20,2,500,0.8,0.5,eff,0.5,35,5,5
3.7378786914194815,-97.91502633725602,0.664380693404857,-326.0017215772819,0.49033249999999995,-219.23768386150803,3.048575268564611,-127.98068890143122,0.5,0.25,-20,2,500,0.8,0.5,eff,0.5,6.5,0,5
5.327510845438027,-94.80383130978498,0.664380693404857,-359.73381294510773,0.49033249999999995,-258.3133879569957,3.048575268564611,-131.12315480607361,0.5,0.25,-20,2,500,0.8,0.5,eff,1,6.5,5,5
3.7378786914194815,-100.40969001363109,0.664380693404857,-328.49638525365697,0.49033249999999995,-222.12753550374578,3.048575268564611,-128.2130906064144,0.5,0.25,-20,2,500,0.8,0.5,eff,0.5,35,0,5
3.7378786914194815,-97.3964960215078,0.6968241909147566,-328.4883382253419,0.49033249999999995,-214.25137133570308,3.048575268564611,-127.57968993122859,0.5,0.25,-20,2,500,0.8,1,eq,1,35,0,5
5.327510845438027,-94.80383130978498,0.6968241909147566,-363.32525016986153,0.49033249999999995,-255.01504421110872,3.048575268564611,-130.85790218930927,0.5,0.25,-20,2,500,0.8,1,eq,1,6.5,5,5
3.7378786914194815,-96.24059247727779,0.6968241909147566,-327.3324346811119,0.49033249999999995,-212.89881534486898,3.048575268564611,-127.47091745524386,0.5,0.25,-20,2,500,0.8,1,eq,1,6.5,0,5
5.327510845438027,-94.80383130978498,0.6968241909147566,-363.32525016986153,0.49033249999999995,-255.01504421110872,3.048575268564611,-130.85790218930927,0.5,0.25,-20,2,500,0.8,1,eq,1,35,5,5
5.327510845438027,-97.19987474980884,0.6968241909147566,-365.72129360988544,0.49033249999999995,-257.8187235710235,3.048575268564611,-131.08337392424085,0.5,0.25,-20,2,500,0.8,1,eq,0.5,6.5,5,5
3.7378786914194815,-96.24059247727779,0.6968241909147566,-313.16890553735317,0.49033249999999995,-205.23553132045527,3.048575268564611,-126.85463658912144,0.5,0.25,-20,2,500,0.8,1,eff,1,6.5,0,5
3.7378786914194815,-97.91502633725602,0.6968241909147566,-329.0068685410901,0.49033249999999995,-214.858118575572,3.048575268564611,-127.62848450980779,0.5,0.25,-20,2,500,0.8,1,eq,0.5,6.5,0,5
5.327510845438027,-99.12385130279266,0.6968241909147566,-367.6452701628692,0.49033249999999995,-260.07002388568725,3.048575268564611,-131.26442336771726,0.5,0.25,-20,2,500,0.8,1,eq,0.5,35,5,5
5.327510845438027,-97.19987474980884,0.6968241909147566,-350.4475789101096,0.49033249999999995,-248.37275402933437,3.048575268564611,-130.3237295900399,0.5,0.25,-20,2,500,0.8,1,eff,0.5,6.5,5,5
5.327510845438027,-94.80383130978498,0.6968241909147566,-348.0515354700857,0.49033249999999995,-245.60015913420185,3.048575268564611,-130.10075766600116,0.5,0.25,-20,2,500,0.8,1,eff,1,35,5,5
3.7378786914194815,-97.3964960215078,0.6968241909147566,-314.32480908158317,0.49033249999999995,-206.57309148836052,3.048575268564611,-126.96220310187778,0.5,0.25,-20,2,500,0.8,1,eff,1,35,0,5
3.7378786914194815,-100.40969001363109,0.6968241909147566,-317.3380030737065,0.49033249999999995,-210.0598255522939,3.048575268564611,-127.24260605732263,0.5,0.25,-20,2,500,0.8,1,eff,0.5,35,0,5
3.7378786914194815,-97.91502633725602,0.6968241909147566,-314.84333939733136,0.49033249999999995,-207.1731117061331,3.048575268564611,-127.0104566937219,0.5,0.25,-20,2,500,0.8,1,eff,0.5,6.5,0,5
5.327510845438027,-94.80383130978498,0.6968241909147566,-348.0515354700857,0.49033249999999995,-245.60015913420185,3.048575268564611,-130.10075766600116,0.5,0.25,-20,2,500,0.8,1,eff,1,6.5,5,5
3.7378786914194815,-100.40969001363109,0.6968241909147566,-331.5015322174652,0.49033249999999995,-217.77719631122415,3.048575268564611,-127.86323657556386,0.5,0.25,-20,2,500,0.8,1,eq,0.5,35,0,5
5.327510845438027,-99.12385130279266,0.6968241909147566,-352.3715554630934,0.49033249999999995,-250.59909411993397,3.048575268564611,-130.50277173371438,0.5,0.25,-20,2,500,0.8,1,eff,0.5,35,5,5
5.327510845438027,-97.19987474980884,0.664380693404857,-378.126524213427,1.6344416666666668,-271.4165847574492,3.6206298518979443,-154.17659154279596,0.5,0.25,-20,10,400,0.7,0.5,eq,0.5,6.5,5,5
5.327510845438027,-94.80383130978498,0.664380693404857,-375.73048077340303,1.6344416666666668,-268.6093056945701,3.6206298518979443,-153.54295401866113,0.5,0.25,-20,10,400,0.7,0.5,eq,1,6.5,5,5
3.7378786914194815,-100.40969001363109,0.664380693404857,-343.4010897240817,1.6344416666666668,-230.731185001159,3.6206298518979443,-144.99339479157157,0.5,0.25,-20,10,400,0.7,0.5,eq,0.5,35,0,5
3.7378786914194815,-97.3964960215078,0.664380693404857,-340.38789573195845,1.6344416666666668,-227.20083314471165,3.6206298518979443,-144.19655081577164,0.5,0.25,-20,10,400,0.7,0.5,eq,1,35,0,5
3.7378786914194815,-96.24059247727779,0.664380693404857,-339.23199218772845,1.6344416666666668,-225.8465405788219,3.6206298518979443,-143.89087027273217,0.5,0.25,-20,10,400,0.7,0.5,eq,1,6.5,0,5
5.327510845438027,-94.80383130978498,0.664380693404857,-375.73048077340303,1.6344416666666668,-268.6093056945701,3.6206298518979443,-153.54295401866113,0.5,0.25,-20,10,400,0.7,0.5,eq,1,35,5,5
3.7378786914194815,-97.91502633725602,0.664380693404857,-340.90642604770665,1.6344416666666668,-227.8083594001158,3.6206298518979443,-144.33367698801857,0.5,0.25,-20,10,400,0.7,0.5,eq,0.5,6.5,0,5
5.327510845438027,-99.12385130279266,0.664380693404857,-380.05050076641083,1.6344416666666668,-273.67077556397845,3.6206298518979443,-154.68539022279316,0.5,0.25,-20,10,400,0.7,0.5,eq,0.5,35,5,5
5.327510845438027,-94.80383130978498,0.664380693404857,-359.73381294510773,1.6344416666666668,-258.32801821426403,3.6206298518979443,-151.22234057125473,0.5,0.25,-20,10,400,0.7,0.5,eff,1,6.5,5,5
3.7378786914194815,-96.24059247727779,0.664380693404857,-324.3272877173037,1.6344416666666668,-217.31262762477726,3.6206298518979443,-141.96466081714732,0.5,0.25,-20,10,400,0.7,0.5,eff,1,6.5,0,5
5.327510845438027,-94.80383130978498,0.664380693404857,-359.73381294510773,1.6344416666666668,-258.32801821426403,3.6206298518979443,-151.22234057125473,0.5,0.25,-20,10,400,0.7,0.5,eff,1,35,5,5
3.7378786914194815,-97.3964960215078,0.664380693404857,-325.4831912615337,1.6344416666666668,-218.65164169193318,3.6206298518979443,-142.26689281449788,0.5,0.25,-20,10,400,0.7,0.5,eff,1,35,0,5
5.327510845438027,-99.12385130279266,0.664380693404857,-364.0538329381154,1.6344416666666668,-263.3323869350251,3.6206298518979443,-152.35188834155323,0.5,0.25,-20,10,400,0.7,0.5,eff,0.5,35,5,5
5.327510845438027,-97.19987474980884,0.664380693404857,-362.12985638513163,1.6344416666666668,-261.1036268606058,3.6206298518979443,-151.84882969158875,0.5,0.25,-20,10,400,0.7,0.5,eff,0.5,6.5,5,5
3.7378786914194815,-97.91502633725602,0.664380693404857,-326.0017215772819,1.6344416666666668,-219.25231411873915,3.6206298518979443,-142.40247199305912,0.5,0.25,-20,10,400,0.7,0.5,eff,0.5,6.5,0,5
3.7378786914194815,-100.40969001363109,0.664380693404857,-328.49638525365697,1.6344416666666668,-222.142165761014,3.6206298518979443,-143.0547471672451,0.5,0.25,-20,10,400,0.7,0.5,eff,0.5,35,0,5
5.327510845438027,-94.80383130978498,0.6968241909147566,-363.32525016986153,1.6344416666666668,-255.03017640527753,3.6206298518979443,-150.47797698216024,0.5,0.25,-20,10,400,0.7,1,eq,1,6.5,5,5
5.327510845438027,-94.80383130978498,0.6968241909147566,-363.32525016986153,1.6344416666666668,-255.03017640527753,3.6206298518979443,-150.47797698216024,0.5,0.25,-20,10,400,0.7,1,eq,1,35,5,5
3.7378786914194815,-96.24059247727779,0.6968241909147566,-327.3324346811119,1.6344416666666668,-212.91394753916867,3.6206298518979443,-140.9718244455299,0.5,0.25,-20,10,400,0.7,1,eq,1,6.5,0,5
5.327510845438027,-97.19987474980884,0.6968241909147566,-365.72129360988544,1.6344416666666668,-257.8338557653129,3.6206298518979443,-151.11080200894565,0.5,0.25,-20,10,400,0.7,1,eq,0.5,6.5,5,5
3.7378786914194815,-97.91502633725602,0.6968241909147566,-329.0068685410901,1.6344416666666668,-214.8732507698161,3.6206298518979443,-141.41406336096708,0.5,0.25,-20,10,400,0.7,1,eq,0.5,6.5,0,5
3.7378786914194815,-97.3964960215078,0.6968241909147566,-328.4883382253419,1.6344416666666668,-214.26650352995082,3.6206298518979443,-141.27711302213976,0.5,0.25,-20,10,400,0.7,1,eq,1,35,0,5
5.327510845438027,-99.12385130279266,0.6968241909147566,-367.6452701628692,1.6344416666666668,-260.08515608009463,3.6206298518979443,-151.61894826928912,0.5,0.25,-20,10,400,0.7,1,eq,0.5,35,5,5
5.327510845438027,-94.80383130978498,0.6968241909147566,-348.0515354700857,1.6344416666666668,-245.61398243860282,3.6206298518979443,-148.35262581536247,0.5,0.25,-20,10,400,0.7,1,eff,1,6.5,5,5
3.7378786914194815,-96.24059247727779,0.6968241909147566,-313.16890553735317,1.6344416666666668,-205.24935462477652,3.6206298518979443,-139.24183124962875,0.5,0.25,-20,10,400,0.7,1,eff,1,6.5,0,5
3.7378786914194815,-100.40969001363109,0.6968241909147566,-331.5015322174652,1.6344416666666668,-217.79232850560965,3.6206298518979443,-142.07293522508735,0.5,0.25,-20,10,400,0.7,1,eq,0.5,35,0,5
5.327510845438027,-94.80383130978498,0.6968241909147566,-348.0515354700857,1.6344416666666668,-245.61398243860282,3.6206298518979443,-148.35262581536247,0.5,0.25,-20,10,400,0.7,1,eff,1,35,5,5
3.7378786914194815,-100.40969001363109,0.6968241909147566,-317.3380030737065,1.6344416666666668,-210.073648856529,3.6206298518979443,-140.33073398577878,0.5,0.25,-20,10,400,0.7,1,eff,0.5,35,0,5
3.7378786914194815,-97.3964960215078,0.6968241909147566,-314.32480908158317,1.6344416666666668,-206.58691479275143,3.6206298518979443,-139.5437350839942,0.5,0.25,-20,10,400,0.7,1,eff,1,35,0,5
3.7378786914194815,-96.24059247727779,0.664380693404857,-339.23199218772845,1.6344416666666668,-225.8465405788219,3.6206298518979443,-143.89087027273217,0.5,0.25,-20,10,400,0.8,0.5,eq,1,6.5,0,5
5.327510845438027,-94.80383130978498,0.664380693404857,-375.73048077340303,1.6344416666666668,-268.6093056945701,3.6206298518979443,-153.54295401866113,0.5,0.25,-20,10,400,0.8,0.5,eq,1,6.5,5,5
5.327510845438027,-97.19987474980884,0.6968241909147566,-350.4475789101096,1.6344416666666668,-248.38657733373873,3.6206298518979443,-148.97843469486193,0.5,0.25,-20,10,400,0.7,1,eff,0.5,6.5,5,5
3.7378786914194815,-97.91502633725602,0.6968241909147566,-314.84333939733136,1.6344416666666668,-207.18693501031618,3.6206298518979443,-139.67916705088192,0.5,0.25,-20,10,400,0.7,1,eff,0.5,6.5,0,5
5.327510845438027,-99.12385130279266,0.664380693404857,-380.05050076641083,1.6344416666666668,-273.67077556397845,3.6206298518979443,-154.68539022279316,0.5,0.25,-20,10,400,0.8,0.5,eq,0.5,35,5,5
3.7378786914194815,-97.3964960215078,0.664380693404857,-340.38789573195845,1.6344416666666668,-227.20083314471165,3.6206298518979443,-144.19655081577164,0.5,0.25,-20,10,400,0.8,0.5,eq,1,35,0,5
3.7378786914194815,-100.40969001363109,0.664380693404857,-343.4010897240817,1.6344416666666668,-230.731185001159,3.6206298518979443,-144.99339479157157,0.5,0.25,-20,10,400,0.8,0.5,eq,0.5,35,0,5
5.327510845438027,-97.19987474980884,0.664380693404857,-378.126524213427,1.6344416666666668,-271.4165847574492,3.6206298518979443,-154.17659154279596,0.5,0.25,-20,10,400,0.8,0.5,eq,0.5,6.5,5,5
3.7378786914194815,-96.24059247727779,0.664380693404857,-324.3272877173037,1.6344416666666668,-217.31262762477726,3.6206298518979443,-141.96466081714732,0.5,0.25,-20,10,400,0.8,0.5,eff,1,6.5,0,5
5.327510845438027,-99.12385130279266,0.6968241909147566,-352.3715554630934,1.6344416666666668,-250.61291742433627,3.6206298518979443,-149.48094712461724,0.5,0.25,-20,10,400,0.7,1,eff,0.5,35,5,5
5.327510845438027,-94.80383130978498,0.664380693404857,-375.73048077340303,1.6344416666666668,-268.6093056945701,3.6206298518979443,-153.54295401866113,0.5,0.25,-20,10,400,0.8,0.5,eq,1,35,5,5
3.7378786914194815,-97.91502633725602,0.664380693404857,-340.90642604770665,1.6344416666666668,-227.8083594001158,3.6206298518979443,-144.33367698801857,0.5,0.25,-20,10,400,0.8,0.5,eq,0.5,6.5,0,5
5.327510845438027,-94.80383130978498,0.664380693404857,-359.73381294510773,1.6344416666666668,-258.32801821426403,3.6206298518979443,-151.22234057125473,0.5,0.25,-20,10,400,0.8,0.5,eff,1,6.5,5,5
5.327510845438027,-94.80383130978498,0.664380693404857,-359.73381294510773,1.6344416666666668,-258.32801821426403,3.6206298518979443,-151.22234057125473,0.5,0.25,-20,10,400,0.8,0.5,eff,1,35,5,5
5.327510845438027,-97.19987474980884,0.664380693404857,-362.12985638513163,1.6344416666666668,-261.1036268606058,3.6206298518979443,-151.84882969158875,0.5,0.25,-20,10,400,0.8,0.5,eff,0.5,6.5,5,5
3.7378786914194815,-97.3964960215078,0.664380693404857,-325.4831912615337,1.6344416666666668,-218.65164169193318,3.6206298518979443,-142.26689281449788,0.5,0.25,-20,10,400,0.8,0.5,eff,1,35,0,5
3.7378786914194815,-97.3964960215078,0.6968241909147566,-328.4883382253419,1.6344416666666668,-214.26650352995082,3.6206298518979443,-141.27711302213976,0.5,0.25,-20,10,400,0.8,1,eq,1,35,0,5
3.7378786914194815,-100.40969001363109,0.664380693404857,-328.49638525365697,1.6344416666666668,-222.142165761014,3.6206298518979443,-143.0547471672451,0.5,0.25,-20,10,400,0.8,0.5,eff,0.5,35,0,5
3.7378786914194815,-97.91502633725602,0.664380693404857,-326.0017215772819,1.6344416666666668,-219.25231411873915,3.6206298518979443,-142.40247199305912,0.5,0.25,-20,10,400,0.8,0.5,eff,0.5,6.5,0,5
5.327510845438027,-94.80383130978498,0.6968241909147566,-363.32525016986153,1.6344416666666668,-255.03017640527753,3.6206298518979443,-150.47797698216024,0.5,0.25,-20,10,400,0.8,1,eq,1,6.5,5,5
5.327510845438027,-99.12385130279266,0.664380693404857,-364.0538329381154,1.6344416666666668,-263.3323869350251,3.6206298518979443,-152.35188834155323,0.5,0.25,-20,10,400,0.8,0.5,eff,0.5,35,5,5
3.7378786914194815,-97.91502633725602,0.6968241909147566,-329.0068685410901,1.6344416666666668,-214.8732507698161,3.6206298518979443,-141.41406336096708,0.5,0.25,-20,10,400,0.8,1,eq,0.5,6.5,0,5
3.7378786914194815,-100.40969001363109,0.6968241909147566,-331.5015322174652,1.6344416666666668,-217.79232850560965,3.6206298518979443,-142.07293522508735,0.5,0.25,-20,10,400,0.8,1,eq,0.5,35,0,5
5.327510845438027,-99.12385130279266,0.6968241909147566,-367.6452701628692,1.6344416666666668,-260.08515608009463,3.6206298518979443,-151.61894826928912,0.5,0.25,-20,10,400,0.8,1,eq,0.5,35,5,5
5.327510845438027,-94.80383130978498,0.6968241909147566,-363.32525016986153,1.6344416666666668,-255.03017640527753,3.6206298518979443,-150.47797698216024,0.5,0.25,-20,10,400,0.8,1,eq,1,35,5,5
5.327510845438027,-99.12385130279266,0.6968241909147566,-352.3715554630934,1.6344416666666668,-250.61291742433627,3.6206298518979443,-149.48094712461724,0.5,0.25,-20,10,400,0.8,1,eff,0.5,35,5,5
3.7378786914194815,-96.24059247727779,0.6968241909147566,-313.16890553735317,1.6344416666666668,-205.24935462477652,3.6206298518979443,-139.24183124962875,0.5,0.25,-20,10,400,0.8,1,eff,1,6.5,0,5
5.327510845438027,-97.19987474980884,0.6968241909147566,-365.72129360988544,1.6344416666666668,-257.8338557653129,3.6206298518979443,-151.11080200894565,0.5,0.25,-20,10,400,0.8,1,eq,0.5,6.5,5,5
5.327510845438027,-97.19987474980884,0.6968241909147566,-350.4475789101096,1.6344416666666668,-248.38657733373873,3.6206298518979443,-148.97843469486193,0.5,0.25,-20,10,400,0.8,1,eff,0.5,6.5,5,5
3.7378786914194815,-100.40969001363109,0.6968241909147566,-317.3380030737065,1.6344416666666668,-210.073648856529,3.6206298518979443,-140.33073398577878,0.5,0.25,-20,10,400,0.8,1,eff,0.5,35,0,5
5.327510845438027,-94.80383130978498,0.6968241909147566,-348.0515354700857,1.6344416666666668,-245.61398243860282,3.6206298518979443,-148.35262581536247,0.5,0.25,-20,10,400,0.8,1,eff,1,6.5,5,5
3.7378786914194815,-97.91502633725602,0.6968241909147566,-314.84333939733136,1.6344416666666668,-207.18693501031618,3.6206298518979443,-139.67916705088192,0.5,0.25,-20,10,400,0.8,1,eff,0.5,6.5,0,5
3.7378786914194815,-97.3964960215078,0.6968241909147566,-314.32480908158317,1.6344416666666668,-206.58691479275143,3.6206298518979443,-139.5437350839942,0.5,0.25,-20,10,400,0.8,1,eff,1,35,0,5
3.7378786914194815,-96.24059247727779,0.6968241909147566,-327.3324346811119,1.6344416666666668,-212.91394753916867,3.6206298518979443,-140.9718244455299,0.5,0.25,-20,10,400,0.8,1,eq,1,6.5,0,5
3.7378786914194815,-97.3964960215078,0.664380693404857,-340.38789573195845,2.4516625,-227.21228446643295,4.029240268564611,-152.61760528608593,0.5,0.25,-20,10,500,0.7,0.5,eq,1,35,0,5
5.327510845438027,-94.80383130978498,0.6968241909147566,-348.0515354700857,1.6344416666666668,-245.61398243860282,3.6206298518979443,-148.35262581536247,0.5,0.25,-20,10,400,0.8,1,eff,1,35,5,5
5.327510845438027,-94.80383130978498,0.664380693404857,-375.73048077340303,2.4516625,-268.62075701622973,4.029240268564611,-165.21546400955955,0.5,0.25,-20,10,500,0.7,0.5,eq,1,35,5,5
3.7378786914194815,-97.91502633725602,0.664380693404857,-340.90642604770665,2.4516625,-227.81981072179119,4.029240268564611,-152.80243533328465,0.5,0.25,-20,10,500,0.7,0.5,eq,0.5,6.5,0,5
5.327510845438027,-94.80383130978498,0.664380693404857,-375.73048077340303,2.4516625,-268.62075701622973,4.029240268564611,-165.21546400955955,0.5,0.25,-20,10,500,0.7,0.5,eq,1,6.5,5,5
3.7378786914194815,-96.24059247727779,0.664380693404857,-339.23199218772845,2.4516625,-225.8579919006434,4.029240268564611,-152.2055836546783,0.5,0.25,-20,10,500,0.7,0.5,eq,1,6.5,0,5
5.327510845438027,-94.80383130978498,0.664380693404857,-359.73381294510773,2.4516625,-258.33846839786366,4.029240268564611,-162.08724383161456,0.5,0.25,-20,10,500,0.7,0.5,eff,1,6.5,5,5
5.327510845438027,-94.80383130978498,0.664380693404857,-359.73381294510773,2.4516625,-258.33846839786366,4.029240268564611,-162.08724383161456,0.5,0.25,-20,10,500,0.7,0.5,eff,1,35,5,5
5.327510845438027,-97.19987474980884,0.664380693404857,-362.12985638513163,2.4516625,-261.11407704419383,4.029240268564611,-162.9316779158727,0.5,0.25,-20,10,500,0.7,0.5,eff,0.5,6.5,5,5
3.7378786914194815,-100.40969001363109,0.664380693404857,-343.4010897240817,2.4516625,-230.7426363228056,4.029240268564611,-153.6916577973746,0.5,0.25,-20,10,500,0.7,0.5,eq,0.5,35,0,5
3.7378786914194815,-97.3964960215078,0.664380693404857,-325.4831912615337,2.4516625,-218.66209187563308,4.029240268564611,-150.0163473385039,0.5,0.25,-20,10,500,0.7,0.5,eff,1,35,0,5
3.7378786914194815,-97.91502633725602,0.664380693404857,-326.0017215772819,2.4516625,-219.26276430256013,4.029240268564611,-150.19909221914185,0.5,0.25,-20,10,500,0.7,0.5,eff,0.5,6.5,0,5
5.327510845438027,-97.19987474980884,0.664380693404857,-378.126524213427,2.4516625,-271.42803607907365,4.029240268564611,-166.06953330633323,0.5,0.25,-20,10,500,0.7,0.5,eq,0.5,6.5,5,5
3.7378786914194815,-96.24059247727779,0.664380693404857,-324.3272877173037,2.4516625,-217.32307780854552,4.029240268564611,-149.60897394346674,0.5,0.25,-20,10,500,0.7,0.5,eff,1,6.5,0,5
5.327510845438027,-99.12385130279266,0.664380693404857,-364.0538329381154,2.4516625,-263.34283711887514,4.029240268564611,-163.60974215781232,0.5,0.25,-20,10,500,0.7,0.5,eff,0.5,35,5,5
3.7378786914194815,-100.40969001363109,0.664380693404857,-328.49638525365697,2.4516625,-222.15261594467057,4.029240268564611,-151.07828288900592,0.5,0.25,-20,10,500,0.7,0.5,eff,0.5,35,0,5
5.327510845438027,-94.80383130978498,0.6968241909147566,-363.32525016986153,2.4516625,-255.04098511556163,4.029240268564611,-161.08403782145564,0.5,0.25,-20,10,500,0.7,1,eq,1,35,5,5
5.327510845438027,-94.80383130978498,0.6968241909147566,-363.32525016986153,2.4516625,-255.04098511556163,4.029240268564611,-161.08403782145564,0.5,0.25,-20,10,500,0.7,1,eq,1,6.5,5,5
3.7378786914194815,-96.24059247727779,0.6968241909147566,-327.3324346811119,2.4516625,-212.9247562494477,4.029240268564611,-148.2708556741853,0.5,0.25,-20,10,500,0.7,1,eq,1,6.5,0,5
3.7378786914194815,-97.3964960215078,0.6968241909147566,-328.4883382253419,2.4516625,-214.277312240383,4.029240268564611,-148.68234898075195,0.5,0.25,-20,10,500,0.7,1,eq,1,35,0,5
3.7378786914194815,-97.91502633725602,0.6968241909147566,-329.0068685410901,2.4516625,-214.88405948004802,4.029240268564611,-148.86694202501283,0.5,0.25,-20,10,500,0.7,1,eq,0.5,6.5,0,5
3.7378786914194815,-100.40969001363109,0.6968241909147566,-331.5015322174652,2.4516625,-217.80313721589917,4.029240268564611,-149.7550242616823,0.5,0.25,-20,10,500,0.7,1,eq,0.5,35,0,5
5.327510845438027,-97.19987474980884,0.6968241909147566,-365.72129360988544,2.4516625,-257.84466447565256,4.029240268564611,-161.9370119668281,0.5,0.25,-20,10,500,0.7,1,eq,0.5,6.5,5,5
5.327510845438027,-99.12385130279266,0.664380693404857,-380.05050076641083,2.4516625,-273.68222688587946,4.029240268564611,-166.75533443762924,0.5,0.25,-20,10,500,0.7,0.5,eq,0.5,35,5,5
5.327510845438027,-94.80383130978498,0.6968241909147566,-348.0515354700857,2.4516625,-245.62385622723286,4.029240268564611,-158.21902851271474,0.5,0.25,-20,10,500,0.7,1,eff,1,6.5,5,5
3.7378786914194815,-96.24059247727779,0.6968241909147566,-313.16890553735317,2.4516625,-205.25922841354566,4.029240268564611,-145.9387426844725,0.5,0.25,-20,10,500,0.7,1,eff,1,6.5,0,5
5.327510845438027,-94.80383130978498,0.6968241909147566,-348.0515354700857,2.4516625,-245.62385622723286,4.029240268564611,-158.21902851271474,0.5,0.25,-20,10,500,0.7,1,eff,1,35,5,5
5.327510845438027,-99.12385130279266,0.6968241909147566,-367.6452701628692,2.4516625,-260.0959647903928,4.029240268564611,-162.6219337126159,0.5,0.25,-20,10,500,0.7,1,eq,0.5,35,5,5
3.7378786914194815,-97.3964960215078,0.6968241909147566,-314.32480908158317,2.4516625,-206.59678858152625,4.029240268564611,-146.3456737541975,0.5,0.25,-20,10,500,0.7,1,eff,1,35,0,5
5.327510845438027,-97.19987474980884,0.6968241909147566,-350.4475789101096,2.4516625,-248.39645112240785,4.029240268564611,-159.06254571187816,0.5,0.25,-20,10,500,0.7,1,eff,0.5,6.5,5,5
5.327510845438027,-99.12385130279266,0.6968241909147566,-352.3715554630934,2.4516625,-250.6227912129912,4.029240268564611,-159.73987371275632,0.5,0.25,-20,10,500,0.7,1,eff,0.5,35,5,5
3.7378786914194815,-100.40969001363109,0.6968241909147566,-317.3380030737065,2.4516625,-210.08352264531047,4.029240268564611,-147.40645625683757,0.5,0.25,-20,10,500,0.7,1,eff,0.5,35,0,5
3.7378786914194815,-97.91502633725602,0.6968241909147566,-314.84333939733136,2.4516625,-207.1968087992977,4.029240268564611,-146.52822021073774,0.5,0.25,-20,10,500,0.7,1,eff,0.5,6.5,0,5
3.7378786914194815,-96.24059247727779,0.664380693404857,-339.23199218772845,2.4516625,-225.8579919006434,4.029240268564611,-152.2055836546783,0.5,0.25,-20,10,500,0.8,0.5,eq,1,6.5,0,5
5.327510845438027,-94.80383130978498,0.664380693404857,-375.73048077340303,2.4516625,-268.62075701622973,4.029240268564611,-165.21546400955955,0.5,0.25,-20,10,500,0.8,0.5,eq,1,35,5,5
5.327510845438027,-94.80383130978498,0.664380693404857,-375.73048077340303,2.4516625,-268.62075701622973,4.029240268564611,-165.21546400955955,0.5,0.25,-20,10,500,0.8,0.5,eq,1,6.5,5,5
3.7378786914194815,-97.3964960215078,0.664380693404857,-340.38789573195845,2.4516625,-227.21228446643295,4.029240268564611,-152.61760528608593,0.5,0.25,-20,10,500,0.8,0.5,eq,1,35,0,5
3.7378786914194815,-100.40969001363109,0.664380693404857,-343.4010897240817,2.4516625,-230.7426363228056,4.029240268564611,-153.6916577973746,0.5,0.25,-20,10,500,0.8,0.5,eq,0.5,35,0,5
5.327510845438027,-99.12385130279266,0.664380693404857,-380.05050076641083,2.4516625,-273.68222688587946,4.029240268564611,-166.75533443762924,0.5,0.25,-20,10,500,0.8,0.5,eq,0.5,35,5,5
5.327510845438027,-94.80383130978498,0.664380693404857,-359.73381294510773,2.4516625,-258.33846839786366,4.029240268564611,-162.08724383161456,0.5,0.25,-20,10,500,0.8,0.5,eff,1,6.5,5,5
3.7378786914194815,-96.24059247727779,0.664380693404857,-324.3272877173037,2.4516625,-217.32307780854552,4.029240268564611,-149.60897394346674,0.5,0.25,-20,10,500,0.8,0.5,eff,1,6.5,0,5
5.327510845438027,-97.19987474980884,0.664380693404857,-378.126524213427,2.4516625,-271.42803607907365,4.029240268564611,-166.06953330633323,0.5,0.25,-20,10,500,0.8,0.5,eq,0.5,6.5,5,5
3.7378786914194815,-97.91502633725602,0.664380693404857,-340.90642604770665,2.4516625,-227.81981072179119,4.029240268564611,-152.80243533328465,0.5,0.25,-20,10,500,0.8,0.5,eq,0.5,6.5,0,5
5.327510845438027,-99.12385130279266,0.664380693404857,-364.0538329381154,2.4516625,-263.34283711887514,4.029240268564611,-163.60974215781232,0.5,0.25,-20,10,500,0.8,0.5,eff,0.5,35,5,5
5.327510845438027,-97.19987474980884,0.664380693404857,-362.12985638513163,2.4516625,-261.11407704419383,4.029240268564611,-162.9316779158727,0.5,0.25,-20,10,500,0.8,0.5,eff,0.5,6.5,5,5
3.7378786914194815,-97.91502633725602,0.664380693404857,-326.0017215772819,2.4516625,-219.26276430256013,4.029240268564611,-150.19909221914185,0.5,0.25,-20,10,500,0.8,0.5,eff,0.5,6.5,0,5
3.7378786914194815,-100.40969001363109,0.664380693404857,-328.49638525365697,2.4516625,-222.15261594467057,4.029240268564611,-151.07828288900592,0.5,0.25,-20,10,500,0.8,0.5,eff,0.5,35,0,5
5.327510845438027,-94.80383130978498,0.6968241909147566,-363.32525016986153,2.4516625,-255.04098511556163,4.029240268564611,-161.08403782145564,0.5,0.25,-20,10,500,0.8,1,eq,1,6.5,5,5
5.327510845438027,-94.80383130978498,0.664380693404857,-359.73381294510773,2.4516625,-258.33846839786366,4.029240268564611,-162.08724383161456,0.5,0.25,-20,10,500,0.8,0.5,eff,1,35,5,5
3.7378786914194815,-97.3964960215078,0.664380693404857,-325.4831912615337,2.4516625,-218.66209187563308,4.029240268564611,-150.0163473385039,0.5,0.25,-20,10,500,0.8,0.5,eff,1,35,0,5
3.7378786914194815,-96.24059247727779,0.6968241909147566,-327.3324346811119,2.4516625,-212.9247562494477,4.029240268564611,-148.2708556741853,0.5,0.25,-20,10,500,0.8,1,eq,1,6.5,0,5
5.327510845438027,-94.80383130978498,0.6968241909147566,-363.32525016986153,2.4516625,-255.04098511556163,4.029240268564611,-161.08403782145564,0.5,0.25,-20,10,500,0.8,1,eq,1,35,5,5
3.7378786914194815,-97.91502633725602,0.6968241909147566,-329.0068685410901,2.4516625,-214.88405948004802,4.029240268564611,-148.86694202501283,0.5,0.25,-20,10,500,0.8,1,eq,0.5,6.5,0,5
3.7378786914194815,-100.40969001363109,0.6968241909147566,-331.5015322174652,2.4516625,-217.80313721589917,4.029240268564611,-149.7550242616823,0.5,0.25,-20,10,500,0.8,1,eq,0.5,35,0,5
3.7378786914194815,-97.3964960215078,0.6968241909147566,-328.4883382253419,2.4516625,-214.277312240383,4.029240268564611,-148.68234898075195,0.5,0.25,-20,10,500,0.8,1,eq,1,35,0,5
5.327510845438027,-99.12385130279266,0.6968241909147566,-367.6452701628692,2.4516625,-260.0959647903928,4.029240268564611,-162.6219337126159,0.5,0.25,-20,10,500,0.8,1,eq,0.5,35,5,5
5.327510845438027,-99.12385130279266,0.6968241909147566,-352.3715554630934,2.4516625,-250.6227912129912,4.029240268564611,-159.73987371275632,0.5,0.25,-20,10,500,0.8,1,eff,0.5,35,5,5
3.7378786914194815,-97.91502633725602,0.6968241909147566,-314.84333939733136,2.4516625,-207.1968087992977,4.029240268564611,-146.52822021073774,0.5,0.25,-20,10,500,0.8,1,eff,0.5,6.5,0,5
3.7378786914194815,-96.24059247727779,0.6968241909147566,-313.16890553735317,2.4516625,-205.25922841354566,4.029240268564611,-145.9387426844725,0.5,0.25,-20,10,500,0.8,1,eff,1,6.5,0,5
5.327510845438027,-97.19987474980884,0.6968241909147566,-350.4475789101096,2.4516625,-248.39645112240785,4.029240268564611,-159.06254571187816,0.5,0.25,-20,10,500,0.8,1,eff,0.5,6.5,5,5
3.7378786914194815,-97.3964960215078,0.6968241909147566,-314.32480908158317,2.4516625,-206.59678858152625,4.029240268564611,-146.3456737541975,0.5,0.25,-20,10,500,0.8,1,eff,1,35,0,5
3.7378786914194815,-100.40969001363109,0.6968241909147566,-317.3380030737065,2.4516625,-210.08352264531047,4.029240268564611,-147.40645625683757,0.5,0.25,-20,10,500,0.8,1,eff,0.5,35,0,5
5.327510845438027,-97.19987474980884,0.6968241909147566,-365.72129360988544,2.4516625,-257.84466447565256,4.029240268564611,-161.9370119668281,0.5,0.25,-20,10,500,0.8,1,eq,0.5,6.5,5,5
5.327510845438027,-94.80383130978498,1.6648435882347152,-234.2743125713414,0.3268883333333333,-125.86122796301157,2.966853185231278,-120.32289549237785,0.5,0.25,-10,2,400,0.7,0.5,eq,1,6.5,5,5
5.327510845438027,-94.80383130978498,1.6648435882347152,-234.2743125713414,0.3268883333333333,-125.86122796301157,2.966853185231278,-120.32289549237785,0.5,0.25,-10,2,400,0.7,0.5,eq,1,35,5,5
3.7378786914194815,-96.24059247727779,1.6648435882347152,-197.7758239856668,0.3268883333333333,-84.19513507550974,2.966853185231278,-118.02750727965672,0.5,0.25,-10,2,400,0.7,0.5,eq,1,6.5,0,5
5.327510845438027,-94.80383130978498,0.6968241909147566,-348.0515354700857,2.4516625,-245.62385622723286,4.029240268564611,-158.21902851271474,0.5,0.25,-20,10,500,0.8,1,eff,1,35,5,5
3.7378786914194815,-97.91502633725602,1.6648435882347152,-199.450257845645,0.3268883333333333,-86.10664208435618,2.966853185231278,-118.13281234554051,0.5,0.25,-10,2,400,0.7,0.5,eq,0.5,6.5,0,5
5.327510845438027,-97.19987474980884,1.6648435882347152,-236.6703560113653,0.3268883333333333,-128.59651296805023,2.966853185231278,-120.47358255046004,0.5,0.25,-10,2,400,0.7,0.5,eq,0.5,6.5,5,5
3.7378786914194815,-97.3964960215078,1.6648435882347152,-198.9317275298968,0.3268883333333333,-85.5146961398022,2.966853185231278,-118.10020199862458,0.5,0.25,-10,2,400,0.7,0.5,eq,1,35,0,5
5.327510845438027,-94.80383130978498,0.6968241909147566,-348.0515354700857,2.4516625,-245.62385622723286,4.029240268564611,-158.21902851271474,0.5,0.25,-20,10,500,0.8,1,eff,1,6.5,5,5
5.327510845438027,-99.12385130279266,1.6648435882347152,-238.59433256434912,0.3268883333333333,-130.79289393818013,2.966853185231278,-120.59458134444567,0.5,0.25,-10,2,400,0.7,0.5,eq,0.5,35,5,5
5.327510845438027,-94.80383130978498,1.6648435882347152,-228.1166823134861,0.3268883333333333,-125.34471158219951,2.966853185231278,-120.29444056584093,0.5,0.25,-10,2,400,0.7,0.5,eff,1,35,5,5
3.7378786914194815,-97.91502633725602,1.6648435882347152,-194.38459094566028,0.3268883333333333,-87.12131992336512,2.966853185231278,-118.18871102453743,0.5,0.25,-10,2,400,0.7,0.5,eff,0.5,6.5,0,5
3.7378786914194815,-100.40969001363109,1.6648435882347152,-201.94492152202008,0.3268883333333333,-88.95451037942907,2.966853185231278,-118.28970162559726,0.5,0.25,-10,2,400,0.7,0.5,eq,0.5,35,0,5
5.327510845438027,-94.80383130978498,1.6648435882347152,-228.1166823134861,0.3268883333333333,-125.34471158219951,2.966853185231278,-120.29444056584093,0.5,0.25,-10,2,400,0.7,0.5,eff,1,6.5,5,5
3.7378786914194815,-96.24059247727779,1.6648435882347152,-192.71015708568203,0.3268883333333333,-85.2239415325883,2.966853185231278,-118.0841843052931,0.5,0.25,-10,2,400,0.7,0.5,eff,1,6.5,0,5
3.7378786914194815,-100.40969001363109,1.6648435882347152,-196.87925462203535,0.3268883333333333,-89.94813862597088,2.966853185231278,-118.34444068095084,0.5,0.25,-10,2,400,0.7,0.5,eff,0.5,35,0,5
3.7378786914194815,-97.3964960215078,1.6648435882347152,-193.86606062991206,0.3268883333333333,-86.53374925865923,2.966853185231278,-118.15634171211953,0.5,0.25,-10,2,400,0.7,0.5,eff,1,35,0,5
3.7378786914194815,-96.24059247727779,1.7398467296524174,-190.23420489025668,0.3268883333333333,-76.80221683973699,2.966853185231278,-117.6202308541513,0.5,0.25,-10,2,400,0.7,1,eq,1,6.5,0,5
5.327510845438027,-94.80383130978498,1.7398467296524174,-226.22702037900632,0.3268883333333333,-117.83696746684056,2.966853185231278,-119.8808383739327,0.5,0.25,-10,2,400,0.7,1,eq,1,6.5,5,5
3.7378786914194815,-97.3964960215078,1.7398467296524174,-191.39010843448668,0.3268883333333333,-78.12004132893412,2.966853185231278,-117.69282990506558,0.5,0.25,-10,2,400,0.7,1,eq,1,35,0,5
5.327510845438027,-94.80383130978498,1.7398467296524174,-226.22702037900632,0.3268883333333333,-117.83696746684056,2.966853185231278,-119.8808383739327,0.5,0.25,-10,2,400,0.7,1,eq,1,35,5,5
5.327510845438027,-99.12385130279266,1.6648435882347152,-232.4367023064938,0.3268883333333333,-130.23992588615243,2.966853185231278,-120.56411829258084,0.5,0.25,-10,2,400,0.7,0.5,eff,0.5,35,5,5
5.327510845438027,-97.19987474980884,1.6648435882347152,-230.51272575350998,0.3268883333333333,-128.05977913737036,2.966853185231278,-120.44401384307879,0.5,0.25,-10,2,400,0.7,0.5,eff,0.5,6.5,5,5
5.327510845438027,-99.12385130279266,1.7398467296524174,-230.54704037201395,0.3268883333333333,-122.76214324733448,2.966853185231278,-120.1521666806844,0.5,0.25,-10,2,400,0.7,1,eq,0.5,35,5,5
3.7378786914194815,-100.40969001363109,1.7398467296524174,-194.40330242660997,0.3268883333333333,-81.55532868778043,2.966853185231278,-117.88208014583313,0.5,0.25,-10,2,400,0.7,1,eq,0.5,35,0,5
5.327510845438027,-94.80383130978498,1.7398467296524174,-220.42979123542017,0.3268883333333333,-117.62392519070733,2.966853185231278,-119.86910185880595,0.5,0.25,-10,2,400,0.7,1,eff,1,6.5,5,5
3.7378786914194815,-97.91502633725602,1.7398467296524174,-191.9086387502349,0.3268883333333333,-78.7112082580116,2.966853185231278,-117.72539733596,0.5,0.25,-10,2,400,0.7,1,eq,0.5,6.5,0,5
5.327510845438027,-97.19987474980884,1.7398467296524174,-228.62306381903014,0.3268883333333333,-120.56865276900295,2.966853185231278,-120.0313271241109,0.5,0.25,-10,2,400,0.7,1,eq,0.5,6.5,5,5
3.7378786914194815,-96.24059247727779,1.7398467296524174,-185.54716130268756,0.3268883333333333,-78.14108833530169,2.966853185231278,-117.69398938624032,0.5,0.25,-10,2,400,0.7,1,eff,1,6.5,0,5
5.327510845438027,-94.80383130978498,1.7398467296524174,-220.42979123542017,0.3268883333333333,-117.62392519070733,2.966853185231278,-119.86910185880595,0.5,0.25,-10,2,400,0.7,1,eff,1,35,5,5
3.7378786914194815,-97.3964960215078,1.7398467296524174,-186.70306484691756,0.3268883333333333,-79.44942865099223,2.966853185231278,-117.76606595331785,0.5,0.25,-10,2,400,0.7,1,eff,1,35,0,5
3.7378786914194815,-96.24059247727779,1.6648435882347152,-197.7758239856668,0.3268883333333333,-84.19513507550974,2.966853185231278,-118.02750727965672,0.5,0.25,-10,2,400,0.8,0.5,eq,1,6.5,0,5
5.327510845438027,-99.12385130279266,1.7398467296524174,-224.74981122842786,0.3268883333333333,-122.51365526341161,2.966853185231278,-120.1384774588311,0.5,0.25,-10,2,400,0.7,1,eff,0.5,35,5,5
5.327510845438027,-97.19987474980884,1.7398467296524174,-222.82583467544404,0.3268883333333333,-120.33595098759437,2.966853185231278,-120.0185075653496,0.5,0.25,-10,2,400,0.7,1,eff,0.5,6.5,5,5
5.327510845438027,-97.19987474980884,1.6648435882347152,-236.6703560113653,0.3268883333333333,-128.59651296805023,2.966853185231278,-120.47358255046004,0.5,0.25,-10,2,400,0.8,0.5,eq,0.5,6.5,5,5
3.7378786914194815,-97.3964960215078,1.6648435882347152,-198.9317275298968,0.3268883333333333,-85.5146961398022,2.966853185231278,-118.10020199862458,0.5,0.25,-10,2,400,0.8,0.5,eq,1,35,0,5
3.7378786914194815,-97.91502633725602,1.7398467296524174,-187.22159516266578,0.3268883333333333,-80.03634104550683,2.966853185231278,-117.79839900158085,0.5,0.25,-10,2,400,0.7,1,eff,0.5,6.5,0,5
5.327510845438027,-94.80383130978498,1.6648435882347152,-234.2743125713414,0.3268883333333333,-125.86122796301157,2.966853185231278,-120.32289549237785,0.5,0.25,-10,2,400,0.8,0.5,eq,1,6.5,5,5
3.7378786914194815,-100.40969001363109,1.7398467296524174,-189.71625883904088,0.3268883333333333,-82.85999279228662,2.966853185231278,-117.95395419015797,0.5,0.25,-10,2,400,0.7,1,eff,0.5,35,0,5
3.7378786914194815,-97.91502633725602,1.6648435882347152,-199.450257845645,0.3268883333333333,-86.10664208435618,2.966853185231278,-118.13281234554051,0.5,0.25,-10,2,400,0.8,0.5,eq,0.5,6.5,0,5
3.7378786914194815,-100.40969001363109,1.6648435882347152,-201.94492152202008,0.3268883333333333,-88.95451037942907,2.966853185231278,-118.28970162559726,0.5,0.25,-10,2,400,0.8,0.5,eq,0.5,35,0,5
5.327510845438027,-99.12385130279266,1.6648435882347152,-238.59433256434912,0.3268883333333333,-130.79289393818013,2.966853185231278,-120.59458134444567,0.5,0.25,-10,2,400,0.8,0.5,eq,0.5,35,5,5
5.327510845438027,-94.80383130978498,1.6648435882347152,-234.2743125713414,0.3268883333333333,-125.86122796301157,2.966853185231278,-120.32289549237785,0.5,0.25,-10,2,400,0.8,0.5,eq,1,35,5,5
5.327510845438027,-94.80383130978498,1.6648435882347152,-228.1166823134861,0.3268883333333333,-125.34471158219951,2.966853185231278,-120.29444056584093,0.5,0.25,-10,2,400,0.8,0.5,eff,1,35,5,5
3.7378786914194815,-96.24059247727779,1.6648435882347152,-192.71015708568203,0.3268883333333333,-85.2239415325883,2.966853185231278,-118.0841843052931,0.5,0.25,-10,2,400,0.8,0.5,eff,1,6.5,0,5
3.7378786914194815,-97.3964960215078,1.6648435882347152,-193.86606062991206,0.3268883333333333,-86.53374925865923,2.966853185231278,-118.15634171211953,0.5,0.25,-10,2,400,0.8,0.5,eff,1,35,0,5
5.327510845438027,-97.19987474980884,1.6648435882347152,-230.51272575350998,0.3268883333333333,-128.05977913737036,2.966853185231278,-120.44401384307879,0.5,0.25,-10,2,400,0.8,0.5,eff,0.5,6.5,5,5
5.327510845438027,-94.80383130978498,1.6648435882347152,-228.1166823134861,0.3268883333333333,-125.34471158219951,2.966853185231278,-120.29444056584093,0.5,0.25,-10,2,400,0.8,0.5,eff,1,6.5,5,5
3.7378786914194815,-97.91502633725602,1.6648435882347152,-194.38459094566028,0.3268883333333333,-87.12131992336512,2.966853185231278,-118.18871102453743,0.5,0.25,-10,2,400,0.8,0.5,eff,0.5,6.5,0,5
3.7378786914194815,-100.40969001363109,1.6648435882347152,-196.87925462203535,0.3268883333333333,-89.94813862597088,2.966853185231278,-118.34444068095084,0.5,0.25,-10,2,400,0.8,0.5,eff,0.5,35,0,5
3.7378786914194815,-96.24059247727779,1.7398467296524174,-190.23420489025668,0.3268883333333333,-76.80221683973699,2.966853185231278,-117.6202308541513,0.5,0.25,-10,2,400,0.8,1,eq,1,6.5,0,5
5.327510845438027,-94.80383130978498,1.7398467296524174,-226.22702037900632,0.3268883333333333,-117.83696746684056,2.966853185231278,-119.8808383739327,0.5,0.25,-10,2,400,0.8,1,eq,1,6.5,5,5
5.327510845438027,-94.80383130978498,1.7398467296524174,-226.22702037900632,0.3268883333333333,-117.83696746684056,2.966853185231278,-119.8808383739327,0.5,0.25,-10,2,400,0.8,1,eq,1,35,5,5
5.327510845438027,-94.80383130978498,1.7398467296524174,-220.42979123542017,0.3268883333333333,-117.62392519070733,2.966853185231278,-119.86910185880595,0.5,0.25,-10,2,400,0.8,1,eff,1,6.5,5,5
5.327510845438027,-99.12385130279266,1.6648435882347152,-232.4367023064938,0.3268883333333333,-130.23992588615243,2.966853185231278,-120.56411829258084,0.5,0.25,-10,2,400,0.8,0.5,eff,0.5,35,5,5
3.7378786914194815,-100.40969001363109,1.7398467296524174,-194.40330242660997,0.3268883333333333,-81.55532868778043,2.966853185231278,-117.88208014583313,0.5,0.25,-10,2,400,0.8,1,eq,0.5,35,0,5
5.327510845438027,-99.12385130279266,1.7398467296524174,-230.54704037201395,0.3268883333333333,-122.76214324733448,2.966853185231278,-120.1521666806844,0.5,0.25,-10,2,400,0.8,1,eq,0.5,35,5,5
3.7378786914194815,-96.24059247727779,1.7398467296524174,-185.54716130268756,0.3268883333333333,-78.14108833530169,2.966853185231278,-117.69398938624032,0.5,0.25,-10,2,400,0.8,1,eff,1,6.5,0,5
3.7378786914194815,-97.3964960215078,1.7398467296524174,-191.39010843448668,0.3268883333333333,-78.12004132893412,2.966853185231278,-117.69282990506558,0.5,0.25,-10,2,400,0.8,1,eq,1,35,0,5
3.7378786914194815,-97.91502633725602,1.7398467296524174,-191.9086387502349,0.3268883333333333,-78.7112082580116,2.966853185231278,-117.72539733596,0.5,0.25,-10,2,400,0.8,1,eq,0.5,6.5,0,5
5.327510845438027,-94.80383130978498,1.7398467296524174,-220.42979123542017,0.3268883333333333,-117.62392519070733,2.966853185231278,-119.86910185880595,0.5,0.25,-10,2,400,0.8,1,eff,1,35,5,5
5.327510845438027,-97.19987474980884,1.7398467296524174,-222.82583467544404,0.3268883333333333,-120.33595098759437,2.966853185231278,-120.0185075653496,0.5,0.25,-10,2,400,0.8,1,eff,0.5,6.5,5,5
5.327510845438027,-97.19987474980884,1.7398467296524174,-228.62306381903014,0.3268883333333333,-120.56865276900295,2.966853185231278,-120.0313271241109,0.5,0.25,-10,2,400,0.8,1,eq,0.5,6.5,5,5
5.327510845438027,-99.12385130279266,1.7398467296524174,-224.74981122842786,0.3268883333333333,-122.51365526341161,2.966853185231278,-120.1384774588311,0.5,0.25,-10,2,400,0.8,1,eff,0.5,35,5,5
3.7378786914194815,-97.3964960215078,1.7398467296524174,-186.70306484691756,0.3268883333333333,-79.44942865099223,2.966853185231278,-117.76606595331785,0.5,0.25,-10,2,400,0.8,1,eff,1,35,0,5
3.7378786914194815,-97.91502633725602,1.7398467296524174,-187.22159516266578,0.3268883333333333,-80.03634104550683,2.966853185231278,-117.79839900158085,0.5,0.25,-10,2,400,0.8,1,eff,0.5,6.5,0,5
3.7378786914194815,-100.40969001363109,1.7398467296524174,-189.71625883904088,0.3268883333333333,-82.85999279228662,2.966853185231278,-117.95395419015797,0.5,0.25,-10,2,400,0.8,1,eff,0.5,35,0,5
5.327510845438027,-94.80383130978498,1.6648435882347152,-234.2743125713414,0.49033249999999995,-125.86196258597843,3.048575268564611,-120.47141869832234,0.5,0.25,-10,2,500,0.7,0.5,eq,1,6.5,5,5
5.327510845438027,-94.80383130978498,1.6648435882347152,-234.2743125713414,0.49033249999999995,-125.86196258597843,3.048575268564611,-120.47141869832234,0.5,0.25,-10,2,500,0.7,0.5,eq,1,35,5,5
3.7378786914194815,-96.24059247727779,1.6648435882347152,-197.7758239856668,0.49033249999999995,-84.19586969848193,3.048575268564611,-117.12063387410876,0.5,0.25,-10,2,500,0.7,0.5,eq,1,6.5,0,5
3.7378786914194815,-97.3964960215078,1.6648435882347152,-198.9317275298968,0.49033249999999995,-85.51543076277439,3.048575268564611,-117.22675289997464,0.5,0.25,-10,2,500,0.7,0.5,eq,1,35,0,5
3.7378786914194815,-96.24059247727779,1.6648435882347152,-192.71015708568203,0.49033249999999995,-85.2246272686451,3.048575268564611,-117.2033664994886,0.5,0.25,-10,2,500,0.7,0.5,eff,1,6.5,0,5
5.327510845438027,-99.12385130279266,1.6648435882347152,-238.59433256434912,0.49033249999999995,-130.79362856115233,3.048575268564611,-120.86802299602617,0.5,0.25,-10,2,500,0.7,0.5,eq,0.5,35,5,5
3.7378786914194815,-97.3964960215078,1.6648435882347152,-193.86606062991206,0.49033249999999995,-86.5344349947464,3.048575268564611,-117.30870116245073,0.5,0.25,-10,2,500,0.7,0.5,eff,1,35,0,5
5.327510845438027,-94.80383130978498,1.6648435882347152,-228.1166823134861,0.49033249999999995,-125.3453973182814,3.048575268564611,-120.42987654882475,0.5,0.25,-10,2,500,0.7,0.5,eff,1,6.5,5,5
3.7378786914194815,-100.40969001363109,1.6648435882347152,-201.94492152202008,0.49033249999999995,-88.95524500240126,3.048575268564611,-117.50338256581283,0.5,0.25,-10,2,500,0.7,0.5,eq,0.5,35,0,5
3.7378786914194815,-97.91502633725602,1.6648435882347152,-199.450257845645,0.49033249999999995,-86.1073767073283,3.048575268564611,-117.27435715922485,0.5,0.25,-10,2,500,0.7,0.5,eq,0.5,6.5,0,5
5.327510845438027,-97.19987474980884,1.6648435882347152,-230.51272575350998,0.49033249999999995,-128.06046487338344,3.048575268564611,-120.64822212744464,0.5,0.25,-10,2,500,0.7,0.5,eff,0.5,6.5,5,5
3.7378786914194815,-97.91502633725602,1.6648435882347152,-194.38459094566028,0.49033249999999995,-87.12200565945209,3.048575268564611,-117.35595356194406,0.5,0.25,-10,2,500,0.7,0.5,eff,0.5,6.5,0,5
5.327510845438027,-94.80383130978498,1.6648435882347152,-228.1166823134861,0.49033249999999995,-125.3453973182814,3.048575268564611,-120.42987654882475,0.5,0.25,-10,2,500,0.7,0.5,eff,1,35,5,5
3.7378786914194815,-96.24059247727779,1.7398467296524174,-190.23420489025668,0.49033249999999995,-76.80291141946356,3.048575268564611,-116.52609258908197,0.5,0.25,-10,2,500,0.7,1,eq,1,6.5,0,5
5.327510845438027,-99.12385130279266,1.6648435882347152,-232.4367023064938,0.49033249999999995,-130.24061162228585,3.048575268564611,-120.82354940520268,0.5,0.25,-10,2,500,0.7,0.5,eff,0.5,35,5,5
3.7378786914194815,-100.40969001363109,1.6648435882347152,-196.87925462203535,0.49033249999999995,-89.94882436213402,3.048575268564611,-117.58328616150715,0.5,0.25,-10,2,500,0.7,0.5,eff,0.5,35,0,5
5.327510845438027,-94.80383130978498,1.7398467296524174,-226.22702037900632,0.49033249999999995,-117.83766204648622,3.048575268564611,-119.82610490455592,0.5,0.25,-10,2,500,0.7,1,eq,1,6.5,5,5
5.327510845438027,-97.19987474980884,1.6648435882347152,-236.6703560113653,0.49033249999999995,-128.59724759102244,3.048575268564611,-120.6913901631187,0.5,0.25,-10,2,500,0.7,0.5,eq,0.5,6.5,5,5
5.327510845438027,-94.80383130978498,1.7398467296524174,-226.22702037900632,0.49033249999999995,-117.83766204648622,3.048575268564611,-119.82610490455592,0.5,0.25,-10,2,500,0.7,1,eq,1,35,5,5
5.327510845438027,-99.12385130279266,1.7398467296524174,-230.54704037201395,0.49033249999999995,-122.76283782698381,3.048575268564611,-120.22218726117228,0.5,0.25,-10,2,500,0.7,1,eq,0.5,35,5,5
5.327510845438027,-97.19987474980884,1.7398467296524174,-228.62306381903014,0.49033249999999995,-120.56934734864264,3.048575268564611,-120.0457868814504,0.5,0.25,-10,2,500,0.7,1,eq,0.5,6.5,5,5
3.7378786914194815,-97.91502633725602,1.7398467296524174,-191.9086387502349,0.49033249999999995,-78.71190283771277,3.048575268564611,-116.67961357054524,0.5,0.25,-10,2,500,0.7,1,eq,0.5,6.5,0,5
3.7378786914194815,-97.3964960215078,1.7398467296524174,-191.39010843448668,0.49033249999999995,-78.12073590866937,3.048575268564611,-116.63207195967796,0.5,0.25,-10,2,500,0.7,1,eq,1,35,0,5
5.327510845438027,-94.80383130978498,1.7398467296524174,-220.42979123542017,0.49033249999999995,-117.62457438089788,3.048575268564611,-119.80896840658828,0.5,0.25,-10,2,500,0.7,1,eff,1,35,5,5
3.7378786914194815,-100.40969001363109,1.7398467296524174,-194.40330242660997,0.49033249999999995,-81.55602326748334,3.048575268564611,-116.90833757401819,0.5,0.25,-10,2,500,0.7,1,eq,0.5,35,0,5
5.327510845438027,-94.80383130978498,1.7398467296524174,-220.42979123542017,0.49033249999999995,-117.62457438089788,3.048575268564611,-119.80896840658828,0.5,0.25,-10,2,500,0.7,1,eff,1,6.5,5,5
3.7378786914194815,-97.3964960215078,1.7398467296524174,-186.70306484691756,0.49033249999999995,-79.4500778411188,3.048575268564611,-116.73897756240548,0.5,0.25,-10,2,500,0.7,1,eff,1,35,0,5
3.7378786914194815,-97.91502633725602,1.7398467296524174,-187.22159516266578,0.49033249999999995,-80.03699023566395,3.048575268564611,-116.78617702384997,0.5,0.25,-10,2,500,0.7,1,eff,0.5,6.5,0,5
3.7378786914194815,-96.24059247727779,1.7398467296524174,-185.54716130268756,0.49033249999999995,-78.14173752551865,3.048575268564611,-116.63376090851251,0.5,0.25,-10,2,500,0.7,1,eff,1,6.5,0,5
5.327510845438027,-94.80383130978498,1.6648435882347152,-234.2743125713414,0.49033249999999995,-125.86196258597843,3.048575268564611,-120.47141869832234,0.5,0.25,-10,2,500,0.8,0.5,eq,1,6.5,5,5
5.327510845438027,-97.19987474980884,1.7398467296524174,-222.82583467544404,0.49033249999999995,-120.33660017778158,3.048575268564611,-120.02706936718499,0.5,0.25,-10,2,500,0.7,1,eff,0.5,6.5,5,5
5.327510845438027,-99.12385130279266,1.7398467296524174,-224.74981122842786,0.49033249999999995,-122.51430445353024,3.048575268564611,-120.20220022139083,0.5,0.25,-10,2,500,0.7,1,eff,0.5,35,5,5
3.7378786914194815,-100.40969001363109,1.7398467296524174,-189.71625883904088,0.49033249999999995,-82.86064198250648,3.048575268564611,-117.0132549370042,0.5,0.25,-10,2,500,0.7,1,eff,0.5,35,0,5
3.7378786914194815,-97.3964960215078,1.6648435882347152,-198.9317275298968,0.49033249999999995,-85.51543076277439,3.048575268564611,-117.22675289997464,0.5,0.25,-10,2,500,0.8,0.5,eq,1,35,0,5
5.327510845438027,-99.12385130279266,1.6648435882347152,-238.59433256434912,0.49033249999999995,-130.79362856115233,3.048575268564611,-120.86802299602617,0.5,0.25,-10,2,500,0.8,0.5,eq,0.5,35,5,5
5.327510845438027,-97.19987474980884,1.6648435882347152,-236.6703560113653,0.49033249999999995,-128.59724759102244,3.048575268564611,-120.6913901631187,0.5,0.25,-10,2,500,0.8,0.5,eq,0.5,6.5,5,5
3.7378786914194815,-100.40969001363109,1.6648435882347152,-201.94492152202008,0.49033249999999995,-88.95524500240126,3.048575268564611,-117.50338256581283,0.5,0.25,-10,2,500,0.8,0.5,eq,0.5,35,0,5
3.7378786914194815,-96.24059247727779,1.6648435882347152,-197.7758239856668,0.49033249999999995,-84.19586969848193,3.048575268564611,-117.12063387410876,0.5,0.25,-10,2,500,0.8,0.5,eq,1,6.5,0,5
3.7378786914194815,-97.91502633725602,1.6648435882347152,-199.450257845645,0.49033249999999995,-86.1073767073283,3.048575268564611,-117.27435715922485,0.5,0.25,-10,2,500,0.8,0.5,eq,0.5,6.5,0,5
5.327510845438027,-94.80383130978498,1.6648435882347152,-234.2743125713414,0.49033249999999995,-125.86196258597843,3.048575268564611,-120.47141869832234,0.5,0.25,-10,2,500,0.8,0.5,eq,1,35,5,5
5.327510845438027,-94.80383130978498,1.6648435882347152,-228.1166823134861,0.49033249999999995,-125.3453973182814,3.048575268564611,-120.42987654882475,0.5,0.25,-10,2,500,0.8,0.5,eff,1,6.5,5,5
3.7378786914194815,-96.24059247727779,1.6648435882347152,-192.71015708568203,0.49033249999999995,-85.2246272686451,3.048575268564611,-117.2033664994886,0.5,0.25,-10,2,500,0.8,0.5,eff,1,6.5,0,5
3.7378786914194815,-97.91502633725602,1.6648435882347152,-194.38459094566028,0.49033249999999995,-87.12200565945209,3.048575268564611,-117.35595356194406,0.5,0.25,-10,2,500,0.8,0.5,eff,0.5,6.5,0,5
5.327510845438027,-97.19987474980884,1.6648435882347152,-230.51272575350998,0.49033249999999995,-128.06046487338344,3.048575268564611,-120.64822212744464,0.5,0.25,-10,2,500,0.8,0.5,eff,0.5,6.5,5,5
5.327510845438027,-94.80383130978498,1.6648435882347152,-228.1166823134861,0.49033249999999995,-125.3453973182814,3.048575268564611,-120.42987654882475,0.5,0.25,-10,2,500,0.8,0.5,eff,1,35,5,5
3.7378786914194815,-97.3964960215078,1.6648435882347152,-193.86606062991206,0.49033249999999995,-86.5344349947464,3.048575268564611,-117.30870116245073,0.5,0.25,-10,2,500,0.8,0.5,eff,1,35,0,5
5.327510845438027,-99.12385130279266,1.6648435882347152,-232.4367023064938,0.49033249999999995,-130.24061162228585,3.048575268564611,-120.82354940520268,0.5,0.25,-10,2,500,0.8,0.5,eff,0.5,35,5,5
5.327510845438027,-94.80383130978498,1.7398467296524174,-226.22702037900632,0.49033249999999995,-117.83766204648622,3.048575268564611,-119.82610490455592,0.5,0.25,-10,2,500,0.8,1,eq,1,6.5,5,5
3.7378786914194815,-100.40969001363109,1.6648435882347152,-196.87925462203535,0.49033249999999995,-89.94882436213402,3.048575268564611,-117.58328616150715,0.5,0.25,-10,2,500,0.8,0.5,eff,0.5,35,0,5
3.7378786914194815,-96.24059247727779,1.7398467296524174,-190.23420489025668,0.49033249999999995,-76.80291141946356,3.048575268564611,-116.52609258908197,0.5,0.25,-10,2,500,0.8,1,eq,1,6.5,0,5
5.327510845438027,-94.80383130978498,1.7398467296524174,-226.22702037900632,0.49033249999999995,-117.83766204648622,3.048575268564611,-119.82610490455592,0.5,0.25,-10,2,500,0.8,1,eq,1,35,5,5
3.7378786914194815,-97.3964960215078,1.7398467296524174,-191.39010843448668,0.49033249999999995,-78.12073590866937,3.048575268564611,-116.63207195967796,0.5,0.25,-10,2,500,0.8,1,eq,1,35,0,5
3.7378786914194815,-97.91502633725602,1.7398467296524174,-191.9086387502349,0.49033249999999995,-78.71190283771277,3.048575268564611,-116.67961357054524,0.5,0.25,-10,2,500,0.8,1,eq,0.5,6.5,0,5
3.7378786914194815,-100.40969001363109,1.7398467296524174,-194.40330242660997,0.49033249999999995,-81.55602326748334,3.048575268564611,-116.90833757401819,0.5,0.25,-10,2,500,0.8,1,eq,0.5,35,0,5
5.327510845438027,-99.12385130279266,1.7398467296524174,-230.54704037201395,0.49033249999999995,-122.76283782698381,3.048575268564611,-120.22218726117228,0.5,0.25,-10,2,500,0.8,1,eq,0.5,35,5,5
5.327510845438027,-97.19987474980884,1.7398467296524174,-228.62306381903014,0.49033249999999995,-120.56934734864264,3.048575268564611,-120.0457868814504,0.5,0.25,-10,2,500,0.8,1,eq,0.5,6.5,5,5
3.7378786914194815,-96.24059247727779,1.7398467296524174,-185.54716130268756,0.49033249999999995,-78.14173752551865,3.048575268564611,-116.63376090851251,0.5,0.25,-10,2,500,0.8,1,eff,1,6.5,0,5
5.327510845438027,-94.80383130978498,1.7398467296524174,-220.42979123542017,0.49033249999999995,-117.62457438089788,3.048575268564611,-119.80896840658828,0.5,0.25,-10,2,500,0.8,1,eff,1,35,5,5
5.327510845438027,-94.80383130978498,1.7398467296524174,-220.42979123542017,0.49033249999999995,-117.62457438089788,3.048575268564611,-119.80896840658828,0.5,0.25,-10,2,500,0.8,1,eff,1,6.5,5,5
3.7378786914194815,-97.3964960215078,1.7398467296524174,-186.70306484691756,0.49033249999999995,-79.4500778411188,3.048575268564611,-116.73897756240548,0.5,0.25,-10,2,500,0.8,1,eff,1,35,0,5
5.327510845438027,-97.19987474980884,1.7398467296524174,-222.82583467544404,0.49033249999999995,-120.33660017778158,3.048575268564611,-120.02706936718499,0.5,0.25,-10,2,500,0.8,1,eff,0.5,6.5,5,5
3.7378786914194815,-100.40969001363109,1.7398467296524174,-189.71625883904088,0.49033249999999995,-82.86064198250648,3.048575268564611,-117.0132549370042,0.5,0.25,-10,2,500,0.8,1,eff,0.5,35,0,5
3.7378786914194815,-97.91502633725602,1.7398467296524174,-187.22159516266578,0.49033249999999995,-80.03699023566395,3.048575268564611,-116.78617702384997,0.5,0.25,-10,2,500,0.8,1,eff,0.5,6.5,0,5
3.7378786914194815,-96.24059247727779,1.6648435882347152,-197.7758239856668,1.6344416666666668,-84.2010120592786,3.6206298518979443,-111.91972669007555,0.5,0.25,-10,10,400,0.7,0.5,eq,1,6.5,0,5
5.327510845438027,-94.80383130978498,1.6648435882347152,-234.2743125713414,1.6344416666666668,-125.86710494678341,3.6206298518979443,-121.32427798200662,0.5,0.25,-10,10,400,0.7,0.5,eq,1,6.5,5,5
5.327510845438027,-99.12385130279266,1.7398467296524174,-224.74981122842786,0.49033249999999995,-122.51430445353024,3.048575268564611,-120.20220022139083,0.5,0.25,-10,2,500,0.8,1,eff,0.5,35,5,5
3.7378786914194815,-97.3964960215078,1.6648435882347152,-198.9317275298968,1.6344416666666668,-85.52057312357121,3.6206298518979443,-112.217567904645,0.5,0.25,-10,10,400,0.7,0.5,eq,1,35,0,5
5.327510845438027,-94.80383130978498,1.6648435882347152,-234.2743125713414,1.6344416666666668,-125.86710494678341,3.6206298518979443,-121.32427798200662,0.5,0.25,-10,10,400,0.7,0.5,eq,1,35,5,5
5.327510845438027,-99.12385130279266,1.6648435882347152,-238.59433256434912,1.6344416666666668,-130.79877092195608,3.6206298518979443,-122.43741584553047,0.5,0.25,-10,10,400,0.7,0.5,eq,0.5,35,5,5
5.327510845438027,-94.80383130978498,1.6648435882347152,-228.1166823134861,1.6344416666666668,-125.35019747106624,3.6206298518979443,-121.20760558650056,0.5,0.25,-10,10,400,0.7,0.5,eff,1,6.5,5,5
3.7378786914194815,-100.40969001363109,1.6648435882347152,-201.94492152202008,1.6344416666666668,-88.96038736320408,3.6206298518979443,-112.99397642316589,0.5,0.25,-10,10,400,0.7,0.5,eq,0.5,35,0,5
5.327510845438027,-97.19987474980884,1.6648435882347152,-236.6703560113653,1.6344416666666668,-128.60238995182615,3.6206298518979443,-121.94166555893693,0.5,0.25,-10,10,400,0.7,0.5,eq,0.5,6.5,5,5
3.7378786914194815,-97.91502633725602,1.6648435882347152,-199.450257845645,1.6344416666666668,-86.11251906812524,3.6206298518979443,-112.35117740848399,0.5,0.25,-10,10,400,0.7,0.5,eq,0.5,6.5,0,5
3.7378786914194815,-97.3964960215078,1.6648435882347152,-193.86606062991206,1.6344416666666668,-86.53923514748,3.6206298518979443,-112.44749249293929,0.5,0.25,-10,10,400,0.7,0.5,eff,1,35,0,5
5.327510845438027,-97.19987474980884,1.6648435882347152,-230.51272575350998,1.6344416666666668,-128.06526502617206,3.6206298518979443,-121.82042983551244,0.5,0.25,-10,10,400,0.7,0.5,eff,0.5,6.5,5,5
3.7378786914194815,-96.24059247727779,1.6648435882347152,-192.71015708568203,1.6344416666666668,-85.22942742137863,3.6206298518979443,-112.15185272714822,0.5,0.25,-10,10,400,0.7,0.5,eff,1,6.5,0,5
5.327510845438027,-99.12385130279266,1.6648435882347152,-232.4367023064938,1.6344416666666668,-130.24541177495377,3.6206298518979443,-122.31251585802994,0.5,0.25,-10,10,400,0.7,0.5,eff,0.5,35,5,5
3.7378786914194815,-97.91502633725602,1.6648435882347152,-194.38459094566028,1.6344416666666668,-87.1268058121548,3.6206298518979443,-112.5801144421219,0.5,0.25,-10,10,400,0.7,0.5,eff,0.5,6.5,0,5
5.327510845438027,-94.80383130978498,1.7398467296524174,-226.22702037900632,1.6344416666666668,-117.8425241045826,3.6206298518979443,-119.5130310688276,0.5,0.25,-10,10,400,0.7,1,eq,1,6.5,5,5
3.7378786914194815,-100.40969001363109,1.6648435882347152,-196.87925462203535,1.6344416666666668,-89.95362451486027,3.6206298518979443,-113.21816230406955,0.5,0.25,-10,10,400,0.7,0.5,eff,0.5,35,0,5
5.327510845438027,-94.80383130978498,1.6648435882347152,-228.1166823134861,1.6344416666666668,-125.35019747106624,3.6206298518979443,-121.20760558650056,0.5,0.25,-10,10,400,0.7,0.5,eff,1,35,5,5
3.7378786914194815,-96.24059247727779,1.7398467296524174,-190.23420489025668,1.6344416666666668,-76.80777347746526,3.6206298518979443,-110.25098151533908,0.5,0.25,-10,10,400,0.7,1,eq,1,6.5,0,5
3.7378786914194815,-97.3964960215078,1.7398467296524174,-191.39010843448668,1.6344416666666668,-78.12559796667021,3.6206298518979443,-110.5484307634832,0.5,0.25,-10,10,400,0.7,1,eq,1,35,0,5
5.327510845438027,-94.80383130978498,1.7398467296524174,-226.22702037900632,1.6344416666666668,-117.8425241045826,3.6206298518979443,-119.5130310688276,0.5,0.25,-10,10,400,0.7,1,eq,1,35,5,5
3.7378786914194815,-97.91502633725602,1.7398467296524174,-191.9086387502349,1.6344416666666668,-78.71676489571313,3.6206298518979443,-110.68186443390893,0.5,0.25,-10,10,400,0.7,1,eq,0.5,6.5,0,5
3.7378786914194815,-100.40969001363109,1.7398467296524174,-194.40330242660997,1.6344416666666668,-81.56088532548199,3.6206298518979443,-111.32381750914455,0.5,0.25,-10,10,400,0.7,1,eq,0.5,35,0,5
5.327510845438027,-97.19987474980884,1.7398467296524174,-228.62306381903014,1.6344416666666668,-120.57420940665153,3.6206298518979443,-120.1296061483792,0.5,0.25,-10,10,400,0.7,1,eq,0.5,6.5,5,5
5.327510845438027,-99.12385130279266,1.7398467296524174,-230.54704037201395,1.6344416666666668,-122.76769988508315,3.6206298518979443,-120.62470401532998,0.5,0.25,-10,10,400,0.7,1,eq,0.5,35,5,5
5.327510845438027,-94.80383130978498,1.7398467296524174,-220.42979123542017,1.6344416666666668,-117.629118712374,3.6206298518979443,-119.4648628385493,0.5,0.25,-10,10,400,0.7,1,eff,1,6.5,5,5
3.7378786914194815,-96.24059247727779,1.7398467296524174,-185.54716130268756,1.6344416666666668,-78.1462818569507,3.6206298518979443,-110.55309937274271,0.5,0.25,-10,10,400,0.7,1,eff,1,6.5,0,5
3.7378786914194815,-97.3964960215078,1.7398467296524174,-186.70306484691756,1.6344416666666668,-79.45462217255083,3.6206298518979443,-110.8484079258768,0.5,0.25,-10,10,400,0.7,1,eff,1,35,0,5
5.327510845438027,-97.19987474980884,1.7398467296524174,-222.82583467544404,1.6344416666666668,-120.34114450926045,3.6206298518979443,-120.07700052519832,0.5,0.25,-10,10,400,0.7,1,eff,0.5,6.5,5,5
5.327510845438027,-94.80383130978498,1.7398467296524174,-220.42979123542017,1.6344416666666668,-117.629118712374,3.6206298518979443,-119.4648628385493,0.5,0.25,-10,10,400,0.7,1,eff,1,35,5,5
5.327510845438027,-99.12385130279266,1.7398467296524174,-224.74981122842786,1.6344416666666668,-122.51884878501362,3.6206298518979443,-120.56853525141487,0.5,0.25,-10,10,400,0.7,1,eff,0.5,35,5,5
3.7378786914194815,-97.91502633725602,1.7398467296524174,-187.22159516266578,1.6344416666666668,-80.04153456709598,3.6206298518979443,-110.98088129536865,0.5,0.25,-10,10,400,0.7,1,eff,0.5,6.5,0,5
5.327510845438027,-94.80383130978498,1.6648435882347152,-234.2743125713414,1.6344416666666668,-125.86710494678341,3.6206298518979443,-121.32427798200662,0.5,0.25,-10,10,400,0.8,0.5,eq,1,6.5,5,5
3.7378786914194815,-100.40969001363109,1.7398467296524174,-189.71625883904088,1.6344416666666668,-82.86518631393852,3.6206298518979443,-111.61821433630026,0.5,0.25,-10,10,400,0.7,1,eff,0.5,35,0,5
3.7378786914194815,-96.24059247727779,1.6648435882347152,-197.7758239856668,1.6344416666666668,-84.2010120592786,3.6206298518979443,-111.91972669007555,0.5,0.25,-10,10,400,0.8,0.5,eq,1,6.5,0,5
5.327510845438027,-94.80383130978498,1.6648435882347152,-234.2743125713414,1.6344416666666668,-125.86710494678341,3.6206298518979443,-121.32427798200662,0.5,0.25,-10,10,400,0.8,0.5,eq,1,35,5,5
3.7378786914194815,-97.3964960215078,1.6648435882347152,-198.9317275298968,1.6344416666666668,-85.52057312357121,3.6206298518979443,-112.217567904645,0.5,0.25,-10,10,400,0.8,0.5,eq,1,35,0,5
5.327510845438027,-99.12385130279266,1.6648435882347152,-238.59433256434912,1.6344416666666668,-130.79877092195608,3.6206298518979443,-122.43741584553047,0.5,0.25,-10,10,400,0.8,0.5,eq,0.5,35,5,5
5.327510845438027,-94.80383130978498,1.6648435882347152,-228.1166823134861,1.6344416666666668,-125.35019747106624,3.6206298518979443,-121.20760558650056,0.5,0.25,-10,10,400,0.8,0.5,eff,1,6.5,5,5
3.7378786914194815,-97.91502633725602,1.6648435882347152,-199.450257845645,1.6344416666666668,-86.11251906812524,3.6206298518979443,-112.35117740848399,0.5,0.25,-10,10,400,0.8,0.5,eq,0.5,6.5,0,5
5.327510845438027,-97.19987474980884,1.6648435882347152,-236.6703560113653,1.6344416666666668,-128.60238995182615,3.6206298518979443,-121.94166555893693,0.5,0.25,-10,10,400,0.8,0.5,eq,0.5,6.5,5,5
3.7378786914194815,-100.40969001363109,1.6648435882347152,-201.94492152202008,1.6344416666666668,-88.96038736320408,3.6206298518979443,-112.99397642316589,0.5,0.25,-10,10,400,0.8,0.5,eq,0.5,35,0,5
3.7378786914194815,-97.3964960215078,1.6648435882347152,-193.86606062991206,1.6344416666666668,-86.53923514748,3.6206298518979443,-112.44749249293929,0.5,0.25,-10,10,400,0.8,0.5,eff,1,35,0,5
3.7378786914194815,-96.24059247727779,1.6648435882347152,-192.71015708568203,1.6344416666666668,-85.22942742137863,3.6206298518979443,-112.15185272714822,0.5,0.25,-10,10,400,0.8,0.5,eff,1,6.5,0,5
5.327510845438027,-94.80383130978498,1.6648435882347152,-228.1166823134861,1.6344416666666668,-125.35019747106624,3.6206298518979443,-121.20760558650056,0.5,0.25,-10,10,400,0.8,0.5,eff,1,35,5,5
5.327510845438027,-97.19987474980884,1.6648435882347152,-230.51272575350998,1.6344416666666668,-128.06526502617206,3.6206298518979443,-121.82042983551244,0.5,0.25,-10,10,400,0.8,0.5,eff,0.5,6.5,5,5
3.7378786914194815,-97.91502633725602,1.6648435882347152,-194.38459094566028,1.6344416666666668,-87.1268058121548,3.6206298518979443,-112.5801144421219,0.5,0.25,-10,10,400,0.8,0.5,eff,0.5,6.5,0,5
5.327510845438027,-94.80383130978498,1.7398467296524174,-226.22702037900632,1.6344416666666668,-117.8425241045826,3.6206298518979443,-119.5130310688276,0.5,0.25,-10,10,400,0.8,1,eq,1,6.5,5,5
5.327510845438027,-99.12385130279266,1.6648435882347152,-232.4367023064938,1.6344416666666668,-130.24541177495377,3.6206298518979443,-122.31251585802994,0.5,0.25,-10,10,400,0.8,0.5,eff,0.5,35,5,5
3.7378786914194815,-100.40969001363109,1.6648435882347152,-196.87925462203535,1.6344416666666668,-89.95362451486027,3.6206298518979443,-113.21816230406955,0.5,0.25,-10,10,400,0.8,0.5,eff,0.5,35,0,5
3.7378786914194815,-96.24059247727779,1.7398467296524174,-190.23420489025668,1.6344416666666668,-76.80777347746526,3.6206298518979443,-110.25098151533908,0.5,0.25,-10,10,400,0.8,1,eq,1,6.5,0,5
5.327510845438027,-94.80383130978498,1.7398467296524174,-226.22702037900632,1.6344416666666668,-117.8425241045826,3.6206298518979443,-119.5130310688276,0.5,0.25,-10,10,400,0.8,1,eq,1,35,5,5
3.7378786914194815,-97.3964960215078,1.7398467296524174,-191.39010843448668,1.6344416666666668,-78.12559796667021,3.6206298518979443,-110.5484307634832,0.5,0.25,-10,10,400,0.8,1,eq,1,35,0,5
5.327510845438027,-97.19987474980884,1.7398467296524174,-228.62306381903014,1.6344416666666668,-120.57420940665153,3.6206298518979443,-120.1296061483792,0.5,0.25,-10,10,400,0.8,1,eq,0.5,6.5,5,5
3.7378786914194815,-100.40969001363109,1.7398467296524174,-194.40330242660997,1.6344416666666668,-81.56088532548199,3.6206298518979443,-111.32381750914455,0.5,0.25,-10,10,400,0.8,1,eq,0.5,35,0,5
5.327510845438027,-99.12385130279266,1.7398467296524174,-230.54704037201395,1.6344416666666668,-122.76769988508315,3.6206298518979443,-120.62470401532998,0.5,0.25,-10,10,400,0.8,1,eq,0.5,35,5,5
3.7378786914194815,-96.24059247727779,1.7398467296524174,-185.54716130268756,1.6344416666666668,-78.1462818569507,3.6206298518979443,-110.55309937274271,0.5,0.25,-10,10,400,0.8,1,eff,1,6.5,0,5
3.7378786914194815,-97.91502633725602,1.7398467296524174,-191.9086387502349,1.6344416666666668,-78.71676489571313,3.6206298518979443,-110.68186443390893,0.5,0.25,-10,10,400,0.8,1,eq,0.5,6.5,0,5
3.7378786914194815,-97.3964960215078,1.7398467296524174,-186.70306484691756,1.6344416666666668,-79.45462217255083,3.6206298518979443,-110.8484079258768,0.5,0.25,-10,10,400,0.8,1,eff,1,35,0,5
5.327510845438027,-94.80383130978498,1.7398467296524174,-220.42979123542017,1.6344416666666668,-117.629118712374,3.6206298518979443,-119.4648628385493,0.5,0.25,-10,10,400,0.8,1,eff,1,6.5,5,5
5.327510845438027,-97.19987474980884,1.7398467296524174,-222.82583467544404,1.6344416666666668,-120.34114450926045,3.6206298518979443,-120.07700052519832,0.5,0.25,-10,10,400,0.8,1,eff,0.5,6.5,5,5
5.327510845438027,-99.12385130279266,1.7398467296524174,-224.74981122842786,1.6344416666666668,-122.51884878501362,3.6206298518979443,-120.56853525141487,0.5,0.25,-10,10,400,0.8,1,eff,0.5,35,5,5
5.327510845438027,-94.80383130978498,1.7398467296524174,-220.42979123542017,1.6344416666666668,-117.629118712374,3.6206298518979443,-119.4648628385493,0.5,0.25,-10,10,400,0.8,1,eff,1,35,5,5
5.327510845438027,-94.80383130978498,1.6648435882347152,-234.2743125713414,2.4516625,-125.87077806164268,4.029240268564611,-121.78608936923484,0.5,0.25,-10,10,500,0.7,0.5,eq,1,6.5,5,5
3.7378786914194815,-97.91502633725602,1.7398467296524174,-187.22159516266578,1.6344416666666668,-80.04153456709598,3.6206298518979443,-110.98088129536865,0.5,0.25,-10,10,400,0.8,1,eff,0.5,6.5,0,5
3.7378786914194815,-96.24059247727779,1.6648435882347152,-197.7758239856668,2.4516625,-84.20468517413897,4.029240268564611,-109.10985382046712,0.5,0.25,-10,10,500,0.7,0.5,eq,1,6.5,0,5
3.7378786914194815,-100.40969001363109,1.7398467296524174,-189.71625883904088,1.6344416666666668,-82.86518631393852,3.6206298518979443,-111.61821433630026,0.5,0.25,-10,10,400,0.8,1,eff,0.5,35,0,5
5.327510845438027,-97.19987474980884,1.6648435882347152,-236.6703560113653,2.4516625,-128.6060630666868,4.029240268564611,-122.61825563715357,0.5,0.25,-10,10,500,0.7,0.5,eq,0.5,6.5,5,5
3.7378786914194815,-97.3964960215078,1.6648435882347152,-198.9317275298968,2.4516625,-85.52424623842997,4.029240268564611,-109.51130895371175,0.5,0.25,-10,10,500,0.7,0.5,eq,1,35,0,5
3.7378786914194815,-97.91502633725602,1.6648435882347152,-199.450257845645,2.4516625,-86.11619218298407,4.029240268564611,-109.69139894308432,0.5,0.25,-10,10,500,0.7,0.5,eq,0.5,6.5,0,5
5.327510845438027,-99.12385130279266,1.6648435882347152,-232.4367023064938,2.4516625,-130.24884045548342,4.029240268564611,-123.11804411482052,0.5,0.25,-10,10,500,0.7,0.5,eff,0.5,35,5,5
5.327510845438027,-99.12385130279266,1.6648435882347152,-238.59433256434912,2.4516625,-130.8024440368167,4.029240268564611,-123.28646905969288,0.5,0.25,-10,10,500,0.7,0.5,eq,0.5,35,5,5
3.7378786914194815,-96.24059247727779,1.6648435882347152,-192.71015708568203,2.4516625,-85.232856101827,4.029240268564611,-109.422658212733,0.5,0.25,-10,10,500,0.7,0.5,eff,1,6.5,0,5
5.327510845438027,-94.80383130978498,1.7398467296524174,-226.22702037900632,2.4516625,-117.84599700314234,4.029240268564611,-119.34467939111448,0.5,0.25,-10,10,500,0.7,1,eq,1,6.5,5,5
5.327510845438027,-94.80383130978498,1.6648435882347152,-228.1166823134861,2.4516625,-125.35362615153429,4.029240268564611,-121.62875425637154,0.5,0.25,-10,10,500,0.7,0.5,eff,1,6.5,5,5
3.7378786914194815,-97.91502633725602,1.6648435882347152,-194.38459094566028,2.4516625,-87.13023449263366,4.029240268564611,-109.99990493159251,0.5,0.25,-10,10,500,0.7,0.5,eff,0.5,6.5,0,5
3.7378786914194815,-97.3964960215078,1.6648435882347152,-193.86606062991206,2.4516625,-86.54266382792854,4.029240268564611,-109.82114605042126,0.5,0.25,-10,10,500,0.7,0.5,eff,1,35,0,5
3.7378786914194815,-100.40969001363109,1.6648435882347152,-201.94492152202008,2.4516625,-88.96406047803468,4.029240268564611,-110.55781685794364,0.5,0.25,-10,10,500,0.7,0.5,eq,0.5,35,0,5
5.327510845438027,-94.80383130978498,1.6648435882347152,-234.2743125713414,2.4516625,-125.87077806164268,4.029240268564611,-121.78608936923484,0.5,0.25,-10,10,500,0.7,0.5,eq,1,35,5,5
5.327510845438027,-94.80383130978498,1.6648435882347152,-228.1166823134861,2.4516625,-125.35362615153429,4.029240268564611,-121.62875425637154,0.5,0.25,-10,10,500,0.7,0.5,eff,1,35,5,5
3.7378786914194815,-96.24059247727779,1.7398467296524174,-190.23420489025668,2.4516625,-76.81124637605707,4.029240268564611,-106.86051952428244,0.5,0.25,-10,10,500,0.7,1,eq,1,6.5,0,5
3.7378786914194815,-100.40969001363109,1.6648435882347152,-196.87925462203535,2.4516625,-89.95705319534495,4.029240268564611,-110.85991884808766,0.5,0.25,-10,10,500,0.7,0.5,eff,0.5,35,0,5
5.327510845438027,-97.19987474980884,1.6648435882347152,-230.51272575350998,2.4516625,-128.06869370661926,4.029240268564611,-122.45476969179991,0.5,0.25,-10,10,500,0.7,0.5,eff,0.5,6.5,5,5
3.7378786914194815,-97.91502633725602,1.7398467296524174,-191.9086387502349,2.4516625,-78.72023779425088,4.029240268564611,-107.44129931908908,0.5,0.25,-10,10,500,0.7,1,eq,0.5,6.5,0,5
3.7378786914194815,-97.3964960215078,1.7398467296524174,-191.39010843448668,2.4516625,-78.1290708652634,4.029240268564611,-107.2614463326158,0.5,0.25,-10,10,500,0.7,1,eq,1,35,0,5
5.327510845438027,-94.80383130978498,1.7398467296524174,-226.22702037900632,2.4516625,-117.84599700314234,4.029240268564611,-119.34467939111448,0.5,0.25,-10,10,500,0.7,1,eq,1,35,5,5
5.327510845438027,-97.19987474980884,1.7398467296524174,-228.62306381903014,2.4516625,-120.57768230530263,4.029240268564611,-120.17575050759255,0.5,0.25,-10,10,500,0.7,1,eq,0.5,6.5,5,5
5.327510845438027,-99.12385130279266,1.7398467296524174,-230.54704037201395,2.4516625,-122.7711727836474,4.029240268564611,-120.84308454470872,0.5,0.25,-10,10,500,0.7,1,eq,0.5,35,5,5
5.327510845438027,-97.19987474980884,1.7398467296524174,-222.82583467544404,2.4516625,-120.34439046024724,4.029240268564611,-120.10477523310459,0.5,0.25,-10,10,500,0.7,1,eff,0.5,6.5,5,5
5.327510845438027,-94.80383130978498,1.7398467296524174,-220.42979123542017,2.4516625,-117.63236466336281,4.029240268564611,-119.279685203462,0.5,0.25,-10,10,500,0.7,1,eff,1,35,5,5
3.7378786914194815,-100.40969001363109,1.7398467296524174,-194.40330242660997,2.4516625,-81.56435822411055,4.029240268564611,-108.30657700651969,0.5,0.25,-10,10,500,0.7,1,eq,0.5,35,0,5
5.327510845438027,-94.80383130978498,1.7398467296524174,-220.42979123542017,2.4516625,-117.63236466336281,4.029240268564611,-119.279685203462,0.5,0.25,-10,10,500,0.7,1,eff,1,6.5,5,5
3.7378786914194815,-97.91502633725602,1.7398467296524174,-187.22159516266578,2.4516625,-80.04478051816056,4.029240268564611,-107.84427004178244,0.5,0.25,-10,10,500,0.7,1,eff,0.5,6.5,0,5
3.7378786914194815,-96.24059247727779,1.7398467296524174,-185.54716130268756,2.4516625,-78.14952780792237,4.029240268564611,-107.26767002689064,0.5,0.25,-10,10,500,0.7,1,eff,1,6.5,0,5
5.327510845438027,-99.12385130279266,1.7398467296524174,-224.74981122842786,2.4516625,-122.52209473598927,4.029240268564611,-120.7673065731415,0.5,0.25,-10,10,500,0.7,1,eff,0.5,35,5,5
3.7378786914194815,-100.40969001363109,1.7398467296524174,-189.71625883904088,2.4516625,-82.868432264997,4.029240268564611,-108.70332046312203,0.5,0.25,-10,10,500,0.7,1,eff,0.5,35,0,5
3.7378786914194815,-97.3964960215078,1.7398467296524174,-186.70306484691756,2.4516625,-79.45786812363843,4.029240268564611,-107.66571142867842,0.5,0.25,-10,10,500,0.7,1,eff,1,35,0,5
3.7378786914194815,-96.24059247727779,1.6648435882347152,-197.7758239856668,2.4516625,-84.20468517413897,4.029240268564611,-109.10985382046712,0.5,0.25,-10,10,500,0.8,0.5,eq,1,6.5,0,5
5.327510845438027,-94.80383130978498,1.6648435882347152,-234.2743125713414,2.4516625,-125.87077806164268,4.029240268564611,-121.78608936923484,0.5,0.25,-10,10,500,0.8,0.5,eq,1,6.5,5,5
3.7378786914194815,-97.91502633725602,1.6648435882347152,-199.450257845645,2.4516625,-86.11619218298407,4.029240268564611,-109.69139894308432,0.5,0.25,-10,10,500,0.8,0.5,eq,0.5,6.5,0,5
5.327510845438027,-97.19987474980884,1.6648435882347152,-236.6703560113653,2.4516625,-128.6060630666868,4.029240268564611,-122.61825563715357,0.5,0.25,-10,10,500,0.8,0.5,eq,0.5,6.5,5,5
3.7378786914194815,-96.24059247727779,1.6648435882347152,-192.71015708568203,2.4516625,-85.232856101827,4.029240268564611,-109.422658212733,0.5,0.25,-10,10,500,0.8,0.5,eff,1,6.5,0,5
3.7378786914194815,-100.40969001363109,1.6648435882347152,-201.94492152202008,2.4516625,-88.96406047803468,4.029240268564611,-110.55781685794364,0.5,0.25,-10,10,500,0.8,0.5,eq,0.5,35,0,5
3.7378786914194815,-97.3964960215078,1.6648435882347152,-198.9317275298968,2.4516625,-85.52424623842997,4.029240268564611,-109.51130895371175,0.5,0.25,-10,10,500,0.8,0.5,eq,1,35,0,5
5.327510845438027,-94.80383130978498,1.6648435882347152,-228.1166823134861,2.4516625,-125.35362615153429,4.029240268564611,-121.62875425637154,0.5,0.25,-10,10,500,0.8,0.5,eff,1,35,5,5
5.327510845438027,-94.80383130978498,1.6648435882347152,-234.2743125713414,2.4516625,-125.87077806164268,4.029240268564611,-121.78608936923484,0.5,0.25,-10,10,500,0.8,0.5,eq,1,35,5,5
5.327510845438027,-94.80383130978498,1.6648435882347152,-228.1166823134861,2.4516625,-125.35362615153429,4.029240268564611,-121.62875425637154,0.5,0.25,-10,10,500,0.8,0.5,eff,1,6.5,5,5
3.7378786914194815,-100.40969001363109,1.6648435882347152,-196.87925462203535,2.4516625,-89.95705319534495,4.029240268564611,-110.85991884808766,0.5,0.25,-10,10,500,0.8,0.5,eff,0.5,35,0,5
5.327510845438027,-99.12385130279266,1.6648435882347152,-238.59433256434912,2.4516625,-130.8024440368167,4.029240268564611,-123.28646905969288,0.5,0.25,-10,10,500,0.8,0.5,eq,0.5,35,5,5
3.7378786914194815,-97.91502633725602,1.6648435882347152,-194.38459094566028,2.4516625,-87.13023449263366,4.029240268564611,-109.99990493159251,0.5,0.25,-10,10,500,0.8,0.5,eff,0.5,6.5,0,5
5.327510845438027,-97.19987474980884,1.6648435882347152,-230.51272575350998,2.4516625,-128.06869370661926,4.029240268564611,-122.45476969179991,0.5,0.25,-10,10,500,0.8,0.5,eff,0.5,6.5,5,5
5.327510845438027,-99.12385130279266,1.6648435882347152,-232.4367023064938,2.4516625,-130.24884045548342,4.029240268564611,-123.11804411482052,0.5,0.25,-10,10,500,0.8,0.5,eff,0.5,35,5,5
3.7378786914194815,-97.3964960215078,1.6648435882347152,-193.86606062991206,2.4516625,-86.54266382792854,4.029240268564611,-109.82114605042126,0.5,0.25,-10,10,500,0.8,0.5,eff,1,35,0,5
5.327510845438027,-97.19987474980884,1.7398467296524174,-228.62306381903014,2.4516625,-120.57768230530263,4.029240268564611,-120.17575050759255,0.5,0.25,-10,10,500,0.8,1,eq,0.5,6.5,5,5
5.327510845438027,-94.80383130978498,1.7398467296524174,-226.22702037900632,2.4516625,-117.84599700314234,4.029240268564611,-119.34467939111448,0.5,0.25,-10,10,500,0.8,1,eq,1,6.5,5,5
3.7378786914194815,-97.3964960215078,1.7398467296524174,-191.39010843448668,2.4516625,-78.1290708652634,4.029240268564611,-107.2614463326158,0.5,0.25,-10,10,500,0.8,1,eq,1,35,0,5
5.327510845438027,-94.80383130978498,1.7398467296524174,-226.22702037900632,2.4516625,-117.84599700314234,4.029240268564611,-119.34467939111448,0.5,0.25,-10,10,500,0.8,1,eq,1,35,5,5
3.7378786914194815,-96.24059247727779,1.7398467296524174,-185.54716130268756,2.4516625,-78.14952780792237,4.029240268564611,-107.26767002689064,0.5,0.25,-10,10,500,0.8,1,eff,1,6.5,0,5
3.7378786914194815,-96.24059247727779,1.7398467296524174,-190.23420489025668,2.4516625,-76.81124637605707,4.029240268564611,-106.86051952428244,0.5,0.25,-10,10,500,0.8,1,eq,1,6.5,0,5
5.327510845438027,-94.80383130978498,1.7398467296524174,-220.42979123542017,2.4516625,-117.63236466336281,4.029240268564611,-119.279685203462,0.5,0.25,-10,10,500,0.8,1,eff,1,6.5,5,5
5.327510845438027,-97.19987474980884,1.7398467296524174,-222.82583467544404,2.4516625,-120.34439046024724,4.029240268564611,-120.10477523310459,0.5,0.25,-10,10,500,0.8,1,eff,0.5,6.5,5,5
5.327510845438027,-99.12385130279266,1.7398467296524174,-230.54704037201395,2.4516625,-122.7711727836474,4.029240268564611,-120.84308454470872,0.5,0.25,-10,10,500,0.8,1,eq,0.5,35,5,5
3.7378786914194815,-97.91502633725602,1.7398467296524174,-191.9086387502349,2.4516625,-78.72023779425088,4.029240268564611,-107.44129931908908,0.5,0.25,-10,10,500,0.8,1,eq,0.5,6.5,0,5
3.7378786914194815,-100.40969001363109,1.7398467296524174,-194.40330242660997,2.4516625,-81.56435822411055,4.029240268564611,-108.30657700651969,0.5,0.25,-10,10,500,0.8,1,eq,0.5,35,0,5
3.7378786914194815,-97.3964960215078,1.7398467296524174,-186.70306484691756,2.4516625,-79.45786812363843,4.029240268564611,-107.66571142867842,0.5,0.25,-10,10,500,0.8,1,eff,1,35,0,5
3.7378786914194815,-100.40969001363109,1.7398467296524174,-189.71625883904088,2.4516625,-82.868432264997,4.029240268564611,-108.70332046312203,0.5,0.25,-10,10,500,0.8,1,eff,0.5,35,0,5
3.7378786914194815,-97.91502633725602,1.7398467296524174,-187.22159516266578,2.4516625,-80.04478051816056,4.029240268564611,-107.84427004178244,0.5,0.25,-10,10,500,0.8,1,eff,0.5,6.5,0,5
5.327510845438027,-99.12385130279266,1.7398467296524174,-224.74981122842786,2.4516625,-122.52209473598927,4.029240268564611,-120.7673065731415,0.5,0.25,-10,10,500,0.8,1,eff,0.5,35,5,5
5.327510845438027,-94.80383130978498,1.7398467296524174,-220.42979123542017,2.4516625,-117.63236466336281,4.029240268564611,-119.279685203462,0.5,0.25,-10,10,500,0.8,1,eff,1,35,5,5
3.7378786914194815,-97.3964960215078,0.664380693404857,-340.38789573195845,1.3075533333333331,-227.18251102961594,3.4571856852312774,-140.26892136145642,0.5,1,-20,2,400,0.7,0.5,eq,1,35,0,5
5.327510845438027,-94.80383130978498,0.664380693404857,-375.73048077340303,1.3075533333333331,-268.5909835794618,3.4571856852312774,-148.09953724970458,0.5,1,-20,2,400,0.7,0.5,eq,1,35,5,5
3.7378786914194815,-96.24059247727779,0.664380693404857,-324.3272877173037,1.3075533333333331,-217.29590733079166,3.4571856852312774,-138.39929924700533,0.5,1,-20,2,400,0.7,0.5,eff,1,6.5,0,5
3.7378786914194815,-100.40969001363109,0.664380693404857,-343.4010897240817,1.3075533333333331,-230.71286288655068,3.4571856852312774,-140.9365342348543,0.5,1,-20,2,400,0.7,0.5,eq,0.5,35,0,5
5.327510845438027,-97.19987474980884,0.664380693404857,-378.126524213427,1.3075533333333331,-271.3982626433814,3.4571856852312774,-148.63041227809916,0.5,1,-20,2,400,0.7,0.5,eq,0.5,6.5,5,5
5.327510845438027,-99.12385130279266,0.664380693404857,-380.05050076641083,1.3075533333333331,-273.6524534493953,3.4571856852312774,-149.05669466075565,0.5,1,-20,2,400,0.7,0.5,eq,0.5,35,5,5
5.327510845438027,-94.80383130978498,0.664380693404857,-375.73048077340303,1.3075533333333331,-268.5909835794618,3.4571856852312774,-148.09953724970458,0.5,1,-20,2,400,0.7,0.5,eq,1,6.5,5,5
5.327510845438027,-94.80383130978498,0.664380693404857,-359.73381294510773,1.3075533333333331,-258.3112979201528,3.4571856852312774,-146.1555807380731,0.5,1,-20,2,400,0.7,0.5,eff,1,35,5,5
3.7378786914194815,-97.3964960215078,0.664380693404857,-325.4831912615337,1.3075533333333331,-218.63492139773126,3.4571856852312774,-138.65251565856317,0.5,1,-20,2,400,0.7,0.5,eff,1,35,0,5
3.7378786914194815,-96.24059247727779,0.664380693404857,-339.23199218772845,1.3075533333333331,-225.8282184642117,3.4571856852312774,-140.01281568484092,0.5,1,-20,2,400,0.7,0.5,eq,1,6.5,0,5
3.7378786914194815,-97.91502633725602,0.664380693404857,-340.90642604770665,1.3075533333333331,-227.79003728532632,3.4571856852312774,-140.3838085924395,0.5,1,-20,2,400,0.7,0.5,eq,0.5,6.5,0,5
5.327510845438027,-97.19987474980884,0.664380693404857,-362.12985638513163,1.3075533333333331,-261.08690656705926,3.4571856852312774,-146.68046668125456,0.5,1,-20,2,400,0.7,0.5,eff,0.5,6.5,5,5
3.7378786914194815,-97.91502633725602,0.664380693404857,-326.0017215772819,1.3075533333333331,-219.2355938244385,3.4571856852312774,-138.76610678517497,0.5,1,-20,2,400,0.7,0.5,eff,0.5,6.5,0,5
5.327510845438027,-94.80383130978498,0.664380693404857,-359.73381294510773,1.3075533333333331,-258.3112979201528,3.4571856852312774,-146.1555807380731,0.5,1,-20,2,400,0.7,0.5,eff,1,6.5,5,5
5.327510845438027,-99.12385130279266,0.664380693404857,-364.0538329381154,1.3075533333333331,-263.31566664132873,3.4571856852312774,-147.10193994442943,0.5,1,-20,2,400,0.7,0.5,eff,0.5,35,5,5
5.327510845438027,-94.80383130978498,0.6968241909147566,-363.32525016986153,1.3075533333333331,-255.0128824693268,3.4571856852312774,-145.53182857227688,0.5,1,-20,2,400,0.7,1,eq,1,6.5,5,5
5.327510845438027,-94.80383130978498,0.6968241909147566,-363.32525016986153,1.3075533333333331,-255.0128824693268,3.4571856852312774,-145.53182857227688,0.5,1,-20,2,400,0.7,1,eq,1,35,5,5
3.7378786914194815,-96.24059247727779,0.6968241909147566,-327.3324346811119,1.3075533333333331,-212.89665360259912,3.4571856852312774,-137.56737128591112,0.5,1,-20,2,400,0.7,1,eq,1,6.5,0,5
3.7378786914194815,-100.40969001363109,0.664380693404857,-328.49638525365697,1.3075533333333331,-222.12544546709373,3.4571856852312774,-139.31259683405128,0.5,1,-20,2,400,0.7,0.5,eff,0.5,35,0,5
3.7378786914194815,-97.3964960215078,0.6968241909147566,-328.4883382253419,1.3075533333333331,-214.24920959382675,3.4571856852312774,-137.82314856487034,0.5,1,-20,2,400,0.7,1,eq,1,35,0,5
3.7378786914194815,-97.91502633725602,0.6968241909147566,-329.0068685410901,1.3075533333333331,-214.85595683375053,3.4571856852312774,-137.93788847881848,0.5,1,-20,2,400,0.7,1,eq,0.5,6.5,0,5
5.327510845438027,-97.19987474980884,0.6968241909147566,-365.72129360988544,1.3075533333333331,-257.81656182881994,3.4571856852312774,-146.0620228727687,0.5,1,-20,2,400,0.7,1,eq,0.5,6.5,5,5
5.327510845438027,-99.12385130279266,0.6968241909147566,-367.6452701628692,1.3075533333333331,-260.06786214333266,3.4571856852312774,-146.4877586443749,0.5,1,-20,2,400,0.7,1,eq,0.5,35,5,5
3.7378786914194815,-100.40969001363109,0.6968241909147566,-331.5015322174652,1.3075533333333331,-217.77503456906453,3.4571856852312774,-138.4899053750145,0.5,1,-20,2,400,0.7,1,eq,0.5,35,0,5
5.327510845438027,-94.80383130978498,0.6968241909147566,-348.0515354700857,1.3075533333333331,-245.5981843766008,3.4571856852312774,-143.75144692745258,0.5,1,-20,2,400,0.7,1,eff,1,6.5,5,5
3.7378786914194815,-96.24059247727779,0.6968241909147566,-313.16890553735317,1.3075533333333331,-205.23355656268808,3.4571856852312774,-136.11822897906367,0.5,1,-20,2,400,0.7,1,eff,1,6.5,0,5
5.327510845438027,-97.19987474980884,0.6968241909147566,-350.4475789101096,1.3075533333333331,-248.37077927111469,3.4571856852312774,-144.27576295013412,0.5,1,-20,2,400,0.7,1,eff,0.5,6.5,5,5
5.327510845438027,-94.80383130978498,0.6968241909147566,-348.0515354700857,1.3075533333333331,-245.5981843766008,3.4571856852312774,-143.75144692745258,0.5,1,-20,2,400,0.7,1,eff,1,35,5,5
3.7378786914194815,-97.91502633725602,0.6968241909147566,-314.84333939733136,1.3075533333333331,-207.17113694832327,3.4571856852312774,-136.48463823828584,0.5,1,-20,2,400,0.7,1,eff,0.5,6.5,0,5
3.7378786914194815,-97.3964960215078,0.6968241909147566,-314.32480908158317,1.3075533333333331,-206.57111673063028,3.4571856852312774,-136.37117044871016,0.5,1,-20,2,400,0.7,1,eff,1,35,0,5
5.327510845438027,-94.80383130978498,0.664380693404857,-375.73048077340303,1.3075533333333331,-268.5909835794618,3.4571856852312774,-148.09953724970458,0.5,1,-20,2,400,0.8,0.5,eq,1,6.5,5,5
5.327510845438027,-97.19987474980884,0.664380693404857,-378.126524213427,1.3075533333333331,-271.3982626433814,3.4571856852312774,-148.63041227809916,0.5,1,-20,2,400,0.8,0.5,eq,0.5,6.5,5,5
5.327510845438027,-99.12385130279266,0.6968241909147566,-352.3715554630934,1.3075533333333331,-250.59711936182393,3.4571856852312774,-144.69677857842055,0.5,1,-20,2,400,0.7,1,eff,0.5,35,5,5
3.7378786914194815,-96.24059247727779,0.664380693404857,-339.23199218772845,1.3075533333333331,-225.8282184642117,3.4571856852312774,-140.01281568484092,0.5,1,-20,2,400,0.8,0.5,eq,1,6.5,0,5
3.7378786914194815,-100.40969001363109,0.6968241909147566,-317.3380030737065,1.3075533333333331,-210.057850794526,3.4571856852312774,-137.03053490911066,0.5,1,-20,2,400,0.7,1,eff,0.5,35,0,5
5.327510845438027,-94.80383130978498,0.664380693404857,-375.73048077340303,1.3075533333333331,-268.5909835794618,3.4571856852312774,-148.09953724970458,0.5,1,-20,2,400,0.8,0.5,eq,1,35,5,5
3.7378786914194815,-100.40969001363109,0.664380693404857,-343.4010897240817,1.3075533333333331,-230.71286288655068,3.4571856852312774,-140.9365342348543,0.5,1,-20,2,400,0.8,0.5,eq,0.5,35,0,5
5.327510845438027,-94.80383130978498,0.664380693404857,-359.73381294510773,1.3075533333333331,-258.3112979201528,3.4571856852312774,-146.1555807380731,0.5,1,-20,2,400,0.8,0.5,eff,1,35,5,5
3.7378786914194815,-97.91502633725602,0.664380693404857,-340.90642604770665,1.3075533333333331,-227.79003728532632,3.4571856852312774,-140.3838085924395,0.5,1,-20,2,400,0.8,0.5,eq,0.5,6.5,0,5
3.7378786914194815,-97.3964960215078,0.664380693404857,-340.38789573195845,1.3075533333333331,-227.18251102961594,3.4571856852312774,-140.26892136145642,0.5,1,-20,2,400,0.8,0.5,eq,1,35,0,5
3.7378786914194815,-100.40969001363109,0.664380693404857,-328.49638525365697,1.3075533333333331,-222.12544546709373,3.4571856852312774,-139.31259683405128,0.5,1,-20,2,400,0.8,0.5,eff,0.5,35,0,5
5.327510845438027,-99.12385130279266,0.664380693404857,-380.05050076641083,1.3075533333333331,-273.6524534493953,3.4571856852312774,-149.05669466075565,0.5,1,-20,2,400,0.8,0.5,eq,0.5,35,5,5
3.7378786914194815,-97.3964960215078,0.664380693404857,-325.4831912615337,1.3075533333333331,-218.63492139773126,3.4571856852312774,-138.65251565856317,0.5,1,-20,2,400,0.8,0.5,eff,1,35,0,5
5.327510845438027,-97.19987474980884,0.664380693404857,-362.12985638513163,1.3075533333333331,-261.08690656705926,3.4571856852312774,-146.68046668125456,0.5,1,-20,2,400,0.8,0.5,eff,0.5,6.5,5,5
3.7378786914194815,-96.24059247727779,0.6968241909147566,-327.3324346811119,1.3075533333333331,-212.89665360259912,3.4571856852312774,-137.56737128591112,0.5,1,-20,2,400,0.8,1,eq,1,6.5,0,5
5.327510845438027,-94.80383130978498,0.664380693404857,-359.73381294510773,1.3075533333333331,-258.3112979201528,3.4571856852312774,-146.1555807380731,0.5,1,-20,2,400,0.8,0.5,eff,1,6.5,5,5
3.7378786914194815,-96.24059247727779,0.664380693404857,-324.3272877173037,1.3075533333333331,-217.29590733079166,3.4571856852312774,-138.39929924700533,0.5,1,-20,2,400,0.8,0.5,eff,1,6.5,0,5
5.327510845438027,-99.12385130279266,0.664380693404857,-364.0538329381154,1.3075533333333331,-263.31566664132873,3.4571856852312774,-147.10193994442943,0.5,1,-20,2,400,0.8,0.5,eff,0.5,35,5,5
3.7378786914194815,-97.91502633725602,0.6968241909147566,-329.0068685410901,1.3075533333333331,-214.85595683375053,3.4571856852312774,-137.93788847881848,0.5,1,-20,2,400,0.8,1,eq,0.5,6.5,0,5
5.327510845438027,-94.80383130978498,0.6968241909147566,-363.32525016986153,1.3075533333333331,-255.0128824693268,3.4571856852312774,-145.53182857227688,0.5,1,-20,2,400,0.8,1,eq,1,6.5,5,5
3.7378786914194815,-100.40969001363109,0.6968241909147566,-331.5015322174652,1.3075533333333331,-217.77503456906453,3.4571856852312774,-138.4899053750145,0.5,1,-20,2,400,0.8,1,eq,0.5,35,0,5
5.327510845438027,-94.80383130978498,0.6968241909147566,-363.32525016986153,1.3075533333333331,-255.0128824693268,3.4571856852312774,-145.53182857227688,0.5,1,-20,2,400,0.8,1,eq,1,35,5,5
5.327510845438027,-97.19987474980884,0.6968241909147566,-365.72129360988544,1.3075533333333331,-257.81656182881994,3.4571856852312774,-146.0620228727687,0.5,1,-20,2,400,0.8,1,eq,0.5,6.5,5,5
3.7378786914194815,-97.3964960215078,0.6968241909147566,-328.4883382253419,1.3075533333333331,-214.24920959382675,3.4571856852312774,-137.82314856487034,0.5,1,-20,2,400,0.8,1,eq,1,35,0,5
5.327510845438027,-94.80383130978498,0.6968241909147566,-348.0515354700857,1.3075533333333331,-245.5981843766008,3.4571856852312774,-143.75144692745258,0.5,1,-20,2,400,0.8,1,eff,1,6.5,5,5
5.327510845438027,-99.12385130279266,0.6968241909147566,-367.6452701628692,1.3075533333333331,-260.06786214333266,3.4571856852312774,-146.4877586443749,0.5,1,-20,2,400,0.8,1,eq,0.5,35,5,5
3.7378786914194815,-97.91502633725602,0.664380693404857,-326.0017215772819,1.3075533333333331,-219.2355938244385,3.4571856852312774,-138.76610678517497,0.5,1,-20,2,400,0.8,0.5,eff,0.5,6.5,0,5
3.7378786914194815,-97.3964960215078,0.6968241909147566,-314.32480908158317,1.3075533333333331,-206.57111673063028,3.4571856852312774,-136.37117044871016,0.5,1,-20,2,400,0.8,1,eff,1,35,0,5
5.327510845438027,-99.12385130279266,0.6968241909147566,-352.3715554630934,1.3075533333333331,-250.59711936182393,3.4571856852312774,-144.69677857842055,0.5,1,-20,2,400,0.8,1,eff,0.5,35,5,5
5.327510845438027,-97.19987474980884,0.6968241909147566,-350.4475789101096,1.3075533333333331,-248.37077927111469,3.4571856852312774,-144.27576295013412,0.5,1,-20,2,400,0.8,1,eff,0.5,6.5,5,5
3.7378786914194815,-100.40969001363109,0.6968241909147566,-317.3380030737065,1.3075533333333331,-210.057850794526,3.4571856852312774,-137.03053490911066,0.5,1,-20,2,400,0.8,1,eff,0.5,35,0,5
5.327510845438027,-94.80383130978498,0.6968241909147566,-348.0515354700857,1.3075533333333331,-245.5981843766008,3.4571856852312774,-143.75144692745258,0.5,1,-20,2,400,0.8,1,eff,1,35,5,5
5.327510845438027,-97.19987474980884,0.664380693404857,-378.126524213427,1.9613299999999998,-271.40055290753327,3.7840740185646107,-159.23634223026772,0.5,1,-20,2,500,0.7,0.5,eq,0.5,6.5,5,5
3.7378786914194815,-96.24059247727779,0.6968241909147566,-313.16890553735317,1.3075533333333331,-205.23355656268808,3.4571856852312774,-136.11822897906367,0.5,1,-20,2,400,0.8,1,eff,1,6.5,0,5
3.7378786914194815,-96.24059247727779,0.664380693404857,-339.23199218772845,1.9613299999999998,-225.83050872851888,3.7840740185646107,-147.4265977179855,0.5,1,-20,2,500,0.7,0.5,eq,1,6.5,0,5
3.7378786914194815,-97.91502633725602,0.6968241909147566,-314.84333939733136,1.3075533333333331,-207.17113694832327,3.4571856852312774,-136.48463823828584,0.5,1,-20,2,400,0.8,1,eff,0.5,6.5,0,5
5.327510845438027,-94.80383130978498,0.664380693404857,-375.73048077340303,1.9613299999999998,-268.5932738446443,3.7840740185646107,-158.50881937825645,0.5,1,-20,2,500,0.7,0.5,eq,1,6.5,5,5
5.327510845438027,-94.80383130978498,0.664380693404857,-375.73048077340303,1.9613299999999998,-268.5932738446443,3.7840740185646107,-158.50881937825645,0.5,1,-20,2,500,0.7,0.5,eq,1,35,5,5
5.327510845438027,-99.12385130279266,0.664380693404857,-380.05050076641083,1.9613299999999998,-273.65474371354907,3.7840740185646107,-159.82052901306753,0.5,1,-20,2,500,0.7,0.5,eq,0.5,35,5,5
3.7378786914194815,-100.40969001363109,0.664380693404857,-343.4010897240817,1.9613299999999998,-230.71515315071375,3.7840740185646107,-148.69248200005592,0.5,1,-20,2,500,0.7,0.5,eq,0.5,35,0,5
5.327510845438027,-94.80383130978498,0.664380693404857,-359.73381294510773,1.9613299999999998,-258.313387956468,3.7840740185646107,-155.84472659226168,0.5,1,-20,2,500,0.7,0.5,eff,1,6.5,5,5
3.7378786914194815,-96.24059247727779,0.664380693404857,-324.3272877173037,1.9613299999999998,-217.29799736772756,3.7840740185646107,-145.2153473004253,0.5,1,-20,2,500,0.7,0.5,eff,1,6.5,0,5
3.7378786914194815,-97.3964960215078,0.664380693404857,-340.38789573195845,1.9613299999999998,-227.18480129449122,3.7840740185646107,-147.77757058814979,0.5,1,-20,2,500,0.7,0.5,eq,1,35,0,5
5.327510845438027,-94.80383130978498,0.664380693404857,-359.73381294510773,1.9613299999999998,-258.313387956468,3.7840740185646107,-155.84472659226168,0.5,1,-20,2,500,0.7,0.5,eff,1,35,5,5
3.7378786914194815,-97.91502633725602,0.664380693404857,-326.0017215772819,1.9613299999999998,-219.23768386123058,3.7840740185646107,-145.7180284440336,0.5,1,-20,2,500,0.7,0.5,eff,0.5,6.5,0,5
3.7378786914194815,-97.3964960215078,0.664380693404857,-325.4831912615337,1.9613299999999998,-218.6370114346676,3.7840740185646107,-145.56236065785777,0.5,1,-20,2,500,0.7,0.5,eff,1,35,0,5
5.327510845438027,-99.12385130279266,0.664380693404857,-364.0538329381154,1.9613299999999998,-263.3177566782807,3.7840740185646107,-157.1416381295361,0.5,1,-20,2,500,0.7,0.5,eff,0.5,35,5,5
5.327510845438027,-97.19987474980884,0.664380693404857,-362.12985638513163,1.9613299999999998,-261.08899660301574,3.7840740185646107,-156.56404186992611,0.5,1,-20,2,500,0.7,0.5,eff,0.5,6.5,5,5
3.7378786914194815,-100.40969001363109,0.664380693404857,-328.49638525365697,1.9613299999999998,-222.12753550402218,3.7840740185646107,-146.4669504649494,0.5,1,-20,2,500,0.7,0.5,eff,0.5,35,0,5
5.327510845438027,-94.80383130978498,0.6968241909147566,-363.32525016986153,1.9613299999999998,-255.01504421116,3.7840740185646107,-154.98994144452837,0.5,1,-20,2,500,0.7,1,eq,1,6.5,5,5
3.7378786914194815,-97.91502633725602,0.664380693404857,-340.90642604770665,1.9613299999999998,-227.7923275502003,3.7840740185646107,-147.93501458439084,0.5,1,-20,2,500,0.7,0.5,eq,0.5,6.5,0,5
3.7378786914194815,-97.3964960215078,0.6968241909147566,-328.4883382253419,1.9613299999999998,-214.25137133570584,3.7840740185646107,-144.4257962760438,0.5,1,-20,2,500,0.7,1,eq,1,35,0,5
3.7378786914194815,-96.24059247727779,0.6968241909147566,-327.3324346811119,1.9613299999999998,-212.89881534508766,3.7840740185646107,-144.07527344957893,0.5,1,-20,2,500,0.7,1,eq,1,6.5,0,5
3.7378786914194815,-96.24059247727779,0.6968241909147566,-313.16890553735317,1.9613299999999998,-205.23553132071038,3.7840740185646107,-142.0892883998952,0.5,1,-20,2,500,0.7,1,eff,1,6.5,0,5
3.7378786914194815,-97.91502633725602,0.6968241909147566,-329.0068685410901,1.9613299999999998,-214.85811857562928,3.7840740185646107,-144.58303838577012,0.5,1,-20,2,500,0.7,1,eq,0.5,6.5,0,5
3.7378786914194815,-100.40969001363109,0.6968241909147566,-331.5015322174652,1.9613299999999998,-217.777196310951,3.7840740185646107,-145.33953452016524,0.5,1,-20,2,500,0.7,1,eq,0.5,35,0,5
3.7378786914194815,-97.3964960215078,0.6968241909147566,-314.32480908158317,1.9613299999999998,-206.57309148864346,3.7840740185646107,-142.43592497086365,0.5,1,-20,2,500,0.7,1,eff,1,35,0,5
5.327510845438027,-97.19987474980884,0.6968241909147566,-350.4475789101096,1.9613299999999998,-248.37275402976354,3.7840740185646107,-153.2685529439911,0.5,1,-20,2,500,0.7,1,eff,0.5,6.5,5,5
5.327510845438027,-94.80383130978498,0.6968241909147566,-348.0515354700857,1.9613299999999998,-245.60015913441268,3.7840740185646107,-152.5500186976444,0.5,1,-20,2,500,0.7,1,eff,1,35,5,5
5.327510845438027,-94.80383130978498,0.6968241909147566,-363.32525016986153,1.9613299999999998,-255.01504421116,3.7840740185646107,-154.98994144452837,0.5,1,-20,2,500,0.7,1,eq,1,35,5,5
5.327510845438027,-99.12385130279266,0.6968241909147566,-367.6452701628692,1.9613299999999998,-260.0700238859786,3.7840740185646107,-156.29996910743503,0.5,1,-20,2,500,0.7,1,eq,0.5,35,5,5
5.327510845438027,-97.19987474980884,0.6968241909147566,-365.72129360988544,1.9613299999999998,-257.81872357064856,3.7840740185646107,-155.7165314122678,0.5,1,-20,2,500,0.7,1,eq,0.5,6.5,5,5
3.7378786914194815,-97.91502633725602,0.6968241909147566,-314.84333939733136,1.9613299999999998,-207.1731117063334,3.7840740185646107,-142.5914237332806,0.5,1,-20,2,500,0.7,1,eff,0.5,6.5,0,5
5.327510845438027,-94.80383130978498,0.6968241909147566,-348.0515354700857,1.9613299999999998,-245.60015913441268,3.7840740185646107,-152.5500186976444,0.5,1,-20,2,500,0.7,1,eff,1,6.5,5,5
3.7378786914194815,-100.40969001363109,0.6968241909147566,-317.3380030737065,1.9613299999999998,-210.05982555255733,3.7840740185646107,-143.33953257579248,0.5,1,-20,2,500,0.7,1,eff,0.5,35,0,5
5.327510845438027,-99.12385130279266,0.6968241909147566,-352.3715554630934,1.9613299999999998,-250.5990941198114,3.7840740185646107,-153.84552205022294,0.5,1,-20,2,500,0.7,1,eff,0.5,35,5,5
5.327510845438027,-94.80383130978498,0.664380693404857,-375.73048077340303,1.9613299999999998,-268.5932738446443,3.7840740185646107,-158.50881937825645,0.5,1,-20,2,500,0.8,0.5,eq,1,6.5,5,5
3.7378786914194815,-96.24059247727779,0.664380693404857,-339.23199218772845,1.9613299999999998,-225.83050872851888,3.7840740185646107,-147.4265977179855,0.5,1,-20,2,500,0.8,0.5,eq,1,6.5,0,5
3.7378786914194815,-97.3964960215078,0.664380693404857,-340.38789573195845,1.9613299999999998,-227.18480129449122,3.7840740185646107,-147.77757058814979,0.5,1,-20,2,500,0.8,0.5,eq,1,35,0,5
3.7378786914194815,-100.40969001363109,0.664380693404857,-343.4010897240817,1.9613299999999998,-230.71515315071375,3.7840740185646107,-148.69248200005592,0.5,1,-20,2,500,0.8,0.5,eq,0.5,35,0,5
5.327510845438027,-94.80383130978498,0.664380693404857,-375.73048077340303,1.9613299999999998,-268.5932738446443,3.7840740185646107,-158.50881937825645,0.5,1,-20,2,500,0.8,0.5,eq,1,35,5,5
5.327510845438027,-99.12385130279266,0.664380693404857,-380.05050076641083,1.9613299999999998,-273.65474371354907,3.7840740185646107,-159.82052901306753,0.5,1,-20,2,500,0.8,0.5,eq,0.5,35,5,5
5.327510845438027,-97.19987474980884,0.664380693404857,-378.126524213427,1.9613299999999998,-271.40055290753327,3.7840740185646107,-159.23634223026772,0.5,1,-20,2,500,0.8,0.5,eq,0.5,6.5,5,5
3.7378786914194815,-96.24059247727779,0.664380693404857,-324.3272877173037,1.9613299999999998,-217.29799736772756,3.7840740185646107,-145.2153473004253,0.5,1,-20,2,500,0.8,0.5,eff,1,6.5,0,5
5.327510845438027,-99.12385130279266,0.664380693404857,-364.0538329381154,1.9613299999999998,-263.3177566782807,3.7840740185646107,-157.1416381295361,0.5,1,-20,2,500,0.8,0.5,eff,0.5,35,5,5
3.7378786914194815,-97.3964960215078,0.664380693404857,-325.4831912615337,1.9613299999999998,-218.6370114346676,3.7840740185646107,-145.56236065785777,0.5,1,-20,2,500,0.8,0.5,eff,1,35,0,5
3.7378786914194815,-100.40969001363109,0.664380693404857,-328.49638525365697,1.9613299999999998,-222.12753550402218,3.7840740185646107,-146.4669504649494,0.5,1,-20,2,500,0.8,0.5,eff,0.5,35,0,5
3.7378786914194815,-97.91502633725602,0.664380693404857,-340.90642604770665,1.9613299999999998,-227.7923275502003,3.7840740185646107,-147.93501458439084,0.5,1,-20,2,500,0.8,0.5,eq,0.5,6.5,0,5
5.327510845438027,-94.80383130978498,0.664380693404857,-359.73381294510773,1.9613299999999998,-258.313387956468,3.7840740185646107,-155.84472659226168,0.5,1,-20,2,500,0.8,0.5,eff,1,6.5,5,5
5.327510845438027,-94.80383130978498,0.664380693404857,-359.73381294510773,1.9613299999999998,-258.313387956468,3.7840740185646107,-155.84472659226168,0.5,1,-20,2,500,0.8,0.5,eff,1,35,5,5
5.327510845438027,-97.19987474980884,0.664380693404857,-362.12985638513163,1.9613299999999998,-261.08899660301574,3.7840740185646107,-156.56404186992611,0.5,1,-20,2,500,0.8,0.5,eff,0.5,6.5,5,5
3.7378786914194815,-96.24059247727779,0.6968241909147566,-327.3324346811119,1.9613299999999998,-212.89881534508766,3.7840740185646107,-144.07527344957893,0.5,1,-20,2,500,0.8,1,eq,1,6.5,0,5
3.7378786914194815,-97.91502633725602,0.664380693404857,-326.0017215772819,1.9613299999999998,-219.23768386123058,3.7840740185646107,-145.7180284440336,0.5,1,-20,2,500,0.8,0.5,eff,0.5,6.5,0,5
5.327510845438027,-94.80383130978498,0.6968241909147566,-363.32525016986153,1.9613299999999998,-255.01504421116,3.7840740185646107,-154.98994144452837,0.5,1,-20,2,500,0.8,1,eq,1,35,5,5
5.327510845438027,-94.80383130978498,0.6968241909147566,-363.32525016986153,1.9613299999999998,-255.01504421116,3.7840740185646107,-154.98994144452837,0.5,1,-20,2,500,0.8,1,eq,1,6.5,5,5
5.327510845438027,-97.19987474980884,0.6968241909147566,-365.72129360988544,1.9613299999999998,-257.81872357064856,3.7840740185646107,-155.7165314122678,0.5,1,-20,2,500,0.8,1,eq,0.5,6.5,5,5
3.7378786914194815,-96.24059247727779,0.6968241909147566,-313.16890553735317,1.9613299999999998,-205.23553132071038,3.7840740185646107,-142.0892883998952,0.5,1,-20,2,500,0.8,1,eff,1,6.5,0,5
3.7378786914194815,-97.3964960215078,0.6968241909147566,-328.4883382253419,1.9613299999999998,-214.25137133570584,3.7840740185646107,-144.4257962760438,0.5,1,-20,2,500,0.8,1,eq,1,35,0,5
3.7378786914194815,-97.91502633725602,0.6968241909147566,-329.0068685410901,1.9613299999999998,-214.85811857562928,3.7840740185646107,-144.58303838577012,0.5,1,-20,2,500,0.8,1,eq,0.5,6.5,0,5
5.327510845438027,-99.12385130279266,0.6968241909147566,-367.6452701628692,1.9613299999999998,-260.0700238859786,3.7840740185646107,-156.29996910743503,0.5,1,-20,2,500,0.8,1,eq,0.5,35,5,5
5.327510845438027,-94.80383130978498,0.6968241909147566,-348.0515354700857,1.9613299999999998,-245.60015913441268,3.7840740185646107,-152.5500186976444,0.5,1,-20,2,500,0.8,1,eff,1,35,5,5
5.327510845438027,-97.19987474980884,0.6968241909147566,-350.4475789101096,1.9613299999999998,-248.37275402976354,3.7840740185646107,-153.2685529439911,0.5,1,-20,2,500,0.8,1,eff,0.5,6.5,5,5
3.7378786914194815,-97.3964960215078,0.6968241909147566,-314.32480908158317,1.9613299999999998,-206.57309148864346,3.7840740185646107,-142.43592497086365,0.5,1,-20,2,500,0.8,1,eff,1,35,0,5
3.7378786914194815,-97.91502633725602,0.6968241909147566,-314.84333939733136,1.9613299999999998,-207.1731117063334,3.7840740185646107,-142.5914237332806,0.5,1,-20,2,500,0.8,1,eff,0.5,6.5,0,5
5.327510845438027,-94.80383130978498,0.664380693404857,-375.73048077340303,6.537766666666667,-268.60930569455786,6.072292351897945,-200.00050959525072,0.5,1,-20,10,400,0.7,0.5,eq,1,6.5,5,5
3.7378786914194815,-96.24059247727779,0.664380693404857,-339.23199218772845,6.537766666666667,-225.84654057907747,6.072292351897945,-176.98012749366242,0.5,1,-20,10,400,0.7,0.5,eq,1,6.5,0,5
5.327510845438027,-94.80383130978498,0.6968241909147566,-348.0515354700857,1.9613299999999998,-245.60015913441268,3.7840740185646107,-152.5500186976444,0.5,1,-20,2,500,0.8,1,eff,1,6.5,5,5
3.7378786914194815,-100.40969001363109,0.6968241909147566,-331.5015322174652,1.9613299999999998,-217.777196310951,3.7840740185646107,-145.33953452016524,0.5,1,-20,2,500,0.8,1,eq,0.5,35,0,5
3.7378786914194815,-100.40969001363109,0.6968241909147566,-317.3380030737065,1.9613299999999998,-210.05982555255733,3.7840740185646107,-143.33953257579248,0.5,1,-20,2,500,0.8,1,eff,0.5,35,0,5
5.327510845438027,-99.12385130279266,0.6968241909147566,-352.3715554630934,1.9613299999999998,-250.5990941198114,3.7840740185646107,-153.84552205022294,0.5,1,-20,2,500,0.8,1,eff,0.5,35,5,5
5.327510845438027,-94.80383130978498,0.664380693404857,-375.73048077340303,6.537766666666667,-268.60930569455786,6.072292351897945,-200.00050959525072,0.5,1,-20,10,400,0.7,0.5,eq,1,35,5,5
5.327510845438027,-97.19987474980884,0.664380693404857,-378.126524213427,6.537766666666667,-271.41658475740445,6.072292351897945,-201.51174574936738,0.5,1,-20,10,400,0.7,0.5,eq,0.5,6.5,5,5
5.327510845438027,-94.80383130978498,0.664380693404857,-359.73381294510773,6.537766666666667,-258.328018214231,6.072292351897945,-194.4658074857344,0.5,1,-20,10,400,0.7,0.5,eff,1,6.5,5,5
3.7378786914194815,-97.3964960215078,0.664380693404857,-340.38789573195845,6.537766666666667,-227.200833145238,6.072292351897945,-177.7091807311265,0.5,1,-20,10,400,0.7,0.5,eq,1,35,0,5
3.7378786914194815,-97.91502633725602,0.664380693404857,-340.90642604770665,6.537766666666667,-227.80835940034098,6.072292351897945,-178.03622895851433,0.5,1,-20,10,400,0.7,0.5,eq,0.5,6.5,0,5
5.327510845438027,-99.12385130279266,0.664380693404857,-380.05050076641083,6.537766666666667,-273.67077556452483,6.072292351897945,-202.7252391605082,0.5,1,-20,10,400,0.7,0.5,eq,0.5,35,5,5
5.327510845438027,-94.80383130978498,0.664380693404857,-359.73381294510773,6.537766666666667,-258.328018214231,6.072292351897945,-194.4658074857344,0.5,1,-20,10,400,0.7,0.5,eff,1,35,5,5
3.7378786914194815,-100.40969001363109,0.664380693404857,-343.4010897240817,6.537766666666667,-230.73118500148345,6.072292351897945,-179.60966701783764,0.5,1,-20,10,400,0.7,0.5,eq,0.5,35,0,5
3.7378786914194815,-96.24059247727779,0.664380693404857,-324.3272877173037,6.537766666666667,-217.3126276247782,6.072292351897945,-172.38608553919255,0.5,1,-20,10,400,0.7,0.5,eff,1,6.5,0,5
3.7378786914194815,-97.3964960215078,0.664380693404857,-325.4831912615337,6.537766666666667,-218.65164169169626,6.072292351897945,-173.1069139369029,0.5,1,-20,10,400,0.7,0.5,eff,1,35,0,5
3.7378786914194815,-100.40969001363109,0.664380693404857,-328.49638525365697,6.537766666666667,-222.14216576103527,6.072292351897945,-174.98595982165764,0.5,1,-20,10,400,0.7,0.5,eff,0.5,35,0,5
5.327510845438027,-97.19987474980884,0.664380693404857,-362.12985638513163,6.537766666666667,-261.10362686079543,6.072292351897945,-195.95999457667278,0.5,1,-20,10,400,0.7,0.5,eff,0.5,6.5,5,5
5.327510845438027,-99.12385130279266,0.664380693404857,-364.0538329381154,6.537766666666667,-263.33238693505103,6.072292351897945,-197.15979791922032,0.5,1,-20,10,400,0.7,0.5,eff,0.5,35,5,5
3.7378786914194815,-97.91502633725602,0.664380693404857,-326.0017215772819,6.537766666666667,-219.25231411874637,6.072292351897945,-173.43027255862066,0.5,1,-20,10,400,0.7,0.5,eff,0.5,6.5,0,5
5.327510845438027,-97.19987474980884,0.6968241909147566,-365.72129360988544,6.537766666666667,-257.83385576512086,6.072292351897945,-194.19978613823608,0.5,1,-20,10,400,0.7,1,eq,0.5,6.5,5,5
5.327510845438027,-94.80383130978498,0.6968241909147566,-363.32525016986153,6.537766666666667,-255.03017640559844,6.072292351897945,-192.69048780422415,0.5,1,-20,10,400,0.7,1,eq,1,6.5,5,5
3.7378786914194815,-96.24059247727779,0.6968241909147566,-327.3324346811119,6.537766666666667,-212.91394753966958,6.072292351897945,-170.01815409162603,0.5,1,-20,10,400,0.7,1,eq,1,6.5,0,5
5.327510845438027,-94.80383130978498,0.6968241909147566,-363.32525016986153,6.537766666666667,-255.03017640559844,6.072292351897945,-192.69048780422415,0.5,1,-20,10,400,0.7,1,eq,1,35,5,5
5.327510845438027,-99.12385130279266,0.6968241909147566,-367.6452701628692,6.537766666666667,-260.085156079602,6.072292351897945,-195.41172351704762,0.5,1,-20,10,400,0.7,1,eq,0.5,35,5,5
3.7378786914194815,-100.40969001363109,0.6968241909147566,-331.5015322174652,6.537766666666667,-217.79232850538583,6.072292351897945,-172.64432182340462,0.5,1,-20,10,400,0.7,1,eq,0.5,35,0,5
3.7378786914194815,-97.91502633725602,0.6968241909147566,-329.0068685410901,6.537766666666667,-214.87325077002336,6.072292351897945,-171.07290134414387,0.5,1,-20,10,400,0.7,1,eq,0.5,6.5,0,5
3.7378786914194815,-96.24059247727779,0.6968241909147566,-313.16890553735317,6.537766666666667,-205.24935462495105,6.072292351897945,-165.8920912172196,0.5,1,-20,10,400,0.7,1,eff,1,6.5,0,5
5.327510845438027,-94.80383130978498,0.6968241909147566,-348.0515354700857,6.537766666666667,-245.61398243886606,6.072292351897945,-187.62148951864845,0.5,1,-20,10,400,0.7,1,eff,1,6.5,5,5
3.7378786914194815,-97.3964960215078,0.6968241909147566,-328.4883382253419,6.537766666666667,-214.26650353009975,6.072292351897945,-170.74627248222617,0.5,1,-20,10,400,0.7,1,eq,1,35,0,5
5.327510845438027,-99.12385130279266,0.6968241909147566,-352.3715554630934,6.537766666666667,-250.61291742426516,6.072292351897945,-190.3125548217015,0.5,1,-20,10,400,0.7,1,eff,0.5,35,5,5
5.327510845438027,-94.80383130978498,0.6968241909147566,-348.0515354700857,6.537766666666667,-245.61398243886606,6.072292351897945,-187.62148951864845,0.5,1,-20,10,400,0.7,1,eff,1,35,5,5
3.7378786914194815,-97.91502633725602,0.6968241909147566,-314.84333939733136,6.537766666666667,-207.1869350107323,6.072292351897945,-166.93514446021663,0.5,1,-20,10,400,0.7,1,eff,0.5,6.5,0,5
3.7378786914194815,-97.3964960215078,0.6968241909147566,-314.32480908158317,6.537766666666667,-206.58691479225945,6.072292351897945,-166.6121369404593,0.5,1,-20,10,400,0.7,1,eff,1,35,0,5
3.7378786914194815,-96.24059247727779,0.664380693404857,-339.23199218772845,6.537766666666667,-225.84654057907747,6.072292351897945,-176.98012749366242,0.5,1,-20,10,400,0.8,0.5,eq,1,6.5,0,5
3.7378786914194815,-100.40969001363109,0.6968241909147566,-317.3380030737065,6.537766666666667,-210.07364885696927,6.072292351897945,-168.4891425606404,0.5,1,-20,10,400,0.7,1,eff,0.5,35,0,5
5.327510845438027,-97.19987474980884,0.6968241909147566,-350.4475789101096,6.537766666666667,-248.38657733335728,6.072292351897945,-189.11405422328653,0.5,1,-20,10,400,0.7,1,eff,0.5,6.5,5,5
5.327510845438027,-94.80383130978498,0.664380693404857,-375.73048077340303,6.537766666666667,-268.60930569455786,6.072292351897945,-200.00050959525072,0.5,1,-20,10,400,0.8,0.5,eq,1,35,5,5
5.327510845438027,-94.80383130978498,0.664380693404857,-375.73048077340303,6.537766666666667,-268.60930569455786,6.072292351897945,-200.00050959525072,0.5,1,-20,10,400,0.8,0.5,eq,1,6.5,5,5
3.7378786914194815,-97.91502633725602,0.664380693404857,-340.90642604770665,6.537766666666667,-227.80835940034098,6.072292351897945,-178.03622895851433,0.5,1,-20,10,400,0.8,0.5,eq,0.5,6.5,0,5
3.7378786914194815,-100.40969001363109,0.664380693404857,-343.4010897240817,6.537766666666667,-230.73118500148345,6.072292351897945,-179.60966701783764,0.5,1,-20,10,400,0.8,0.5,eq,0.5,35,0,5
5.327510845438027,-99.12385130279266,0.664380693404857,-380.05050076641083,6.537766666666667,-273.67077556452483,6.072292351897945,-202.7252391605082,0.5,1,-20,10,400,0.8,0.5,eq,0.5,35,5,5
5.327510845438027,-94.80383130978498,0.664380693404857,-359.73381294510773,6.537766666666667,-258.328018214231,6.072292351897945,-194.4658074857344,0.5,1,-20,10,400,0.8,0.5,eff,1,6.5,5,5
5.327510845438027,-94.80383130978498,0.664380693404857,-359.73381294510773,6.537766666666667,-258.328018214231,6.072292351897945,-194.4658074857344,0.5,1,-20,10,400,0.8,0.5,eff,1,35,5,5
3.7378786914194815,-97.3964960215078,0.664380693404857,-340.38789573195845,6.537766666666667,-227.200833145238,6.072292351897945,-177.7091807311265,0.5,1,-20,10,400,0.8,0.5,eq,1,35,0,5
3.7378786914194815,-97.3964960215078,0.664380693404857,-325.4831912615337,6.537766666666667,-218.65164169169626,6.072292351897945,-173.1069139369029,0.5,1,-20,10,400,0.8,0.5,eff,1,35,0,5
5.327510845438027,-97.19987474980884,0.664380693404857,-378.126524213427,6.537766666666667,-271.41658475740445,6.072292351897945,-201.51174574936738,0.5,1,-20,10,400,0.8,0.5,eq,0.5,6.5,5,5
3.7378786914194815,-97.91502633725602,0.664380693404857,-326.0017215772819,6.537766666666667,-219.25231411874637,6.072292351897945,-173.43027255862066,0.5,1,-20,10,400,0.8,0.5,eff,0.5,6.5,0,5
3.7378786914194815,-96.24059247727779,0.664380693404857,-324.3272877173037,6.537766666666667,-217.3126276247782,6.072292351897945,-172.38608553919255,0.5,1,-20,10,400,0.8,0.5,eff,1,6.5,0,5
5.327510845438027,-97.19987474980884,0.664380693404857,-362.12985638513163,6.537766666666667,-261.10362686079543,6.072292351897945,-195.95999457667278,0.5,1,-20,10,400,0.8,0.5,eff,0.5,6.5,5,5
3.7378786914194815,-100.40969001363109,0.664380693404857,-328.49638525365697,6.537766666666667,-222.14216576103527,6.072292351897945,-174.98595982165764,0.5,1,-20,10,400,0.8,0.5,eff,0.5,35,0,5
5.327510845438027,-99.12385130279266,0.664380693404857,-364.0538329381154,6.537766666666667,-263.33238693505103,6.072292351897945,-197.15979791922032,0.5,1,-20,10,400,0.8,0.5,eff,0.5,35,5,5
5.327510845438027,-94.80383130978498,0.6968241909147566,-363.32525016986153,6.537766666666667,-255.03017640559844,6.072292351897945,-192.69048780422415,0.5,1,-20,10,400,0.8,1,eq,1,6.5,5,5
3.7378786914194815,-96.24059247727779,0.6968241909147566,-327.3324346811119,6.537766666666667,-212.91394753966958,6.072292351897945,-170.01815409162603,0.5,1,-20,10,400,0.8,1,eq,1,6.5,0,5
3.7378786914194815,-97.3964960215078,0.6968241909147566,-328.4883382253419,6.537766666666667,-214.26650353009975,6.072292351897945,-170.74627248222617,0.5,1,-20,10,400,0.8,1,eq,1,35,0,5
3.7378786914194815,-100.40969001363109,0.6968241909147566,-331.5015322174652,6.537766666666667,-217.79232850538583,6.072292351897945,-172.64432182340462,0.5,1,-20,10,400,0.8,1,eq,0.5,35,0,5
3.7378786914194815,-97.91502633725602,0.6968241909147566,-329.0068685410901,6.537766666666667,-214.87325077002336,6.072292351897945,-171.07290134414387,0.5,1,-20,10,400,0.8,1,eq,0.5,6.5,0,5
3.7378786914194815,-96.24059247727779,0.6968241909147566,-313.16890553735317,6.537766666666667,-205.24935462495105,6.072292351897945,-165.8920912172196,0.5,1,-20,10,400,0.8,1,eff,1,6.5,0,5
5.327510845438027,-94.80383130978498,0.6968241909147566,-348.0515354700857,6.537766666666667,-245.61398243886606,6.072292351897945,-187.62148951864845,0.5,1,-20,10,400,0.8,1,eff,1,35,5,5
5.327510845438027,-94.80383130978498,0.6968241909147566,-363.32525016986153,6.537766666666667,-255.03017640559844,6.072292351897945,-192.69048780422415,0.5,1,-20,10,400,0.8,1,eq,1,35,5,5
5.327510845438027,-99.12385130279266,0.6968241909147566,-367.6452701628692,6.537766666666667,-260.085156079602,6.072292351897945,-195.41172351704762,0.5,1,-20,10,400,0.8,1,eq,0.5,35,5,5
5.327510845438027,-97.19987474980884,0.6968241909147566,-365.72129360988544,6.537766666666667,-257.83385576512086,6.072292351897945,-194.19978613823608,0.5,1,-20,10,400,0.8,1,eq,0.5,6.5,5,5
5.327510845438027,-94.80383130978498,0.6968241909147566,-348.0515354700857,6.537766666666667,-245.61398243886606,6.072292351897945,-187.62148951864845,0.5,1,-20,10,400,0.8,1,eff,1,6.5,5,5
5.327510845438027,-97.19987474980884,0.6968241909147566,-350.4475789101096,6.537766666666667,-248.38657733335728,6.072292351897945,-189.11405422328653,0.5,1,-20,10,400,0.8,1,eff,0.5,6.5,5,5
5.327510845438027,-97.19987474980884,0.664380693404857,-378.126524213427,9.80665,-271.42803607888186,7.70673401856461,-216.3444272525672,0.5,1,-20,10,500,0.7,0.5,eq,0.5,6.5,5,5
3.7378786914194815,-97.3964960215078,0.6968241909147566,-314.32480908158317,6.537766666666667,-206.58691479225945,6.072292351897945,-166.6121369404593,0.5,1,-20,10,400,0.8,1,eff,1,35,0,5
5.327510845438027,-94.80383130978498,0.664380693404857,-375.73048077340303,9.80665,-268.62075701605403,7.70673401856461,-214.5583267361121,0.5,1,-20,10,500,0.7,0.5,eq,1,6.5,5,5
5.327510845438027,-99.12385130279266,0.6968241909147566,-352.3715554630934,6.537766666666667,-250.61291742426516,6.072292351897945,-190.3125548217015,0.5,1,-20,10,400,0.8,1,eff,0.5,35,5,5
3.7378786914194815,-96.24059247727779,0.664380693404857,-339.23199218772845,9.80665,-225.8579919001873,7.70673401856461,-187.3509864079441,0.5,1,-20,10,500,0.7,0.5,eq,1,6.5,0,5
3.7378786914194815,-97.91502633725602,0.6968241909147566,-314.84333939733136,6.537766666666667,-207.1869350107323,6.072292351897945,-166.93514446021663,0.5,1,-20,10,400,0.8,1,eff,0.5,6.5,0,5
5.327510845438027,-94.80383130978498,0.664380693404857,-375.73048077340303,9.80665,-268.62075701605403,7.70673401856461,-214.5583267361121,0.5,1,-20,10,500,0.7,0.5,eq,1,35,5,5
3.7378786914194815,-97.91502633725602,0.664380693404857,-340.90642604770665,9.80665,-227.81981072186636,7.70673401856461,-188.5991721180824,0.5,1,-20,10,500,0.7,0.5,eq,0.5,6.5,0,5
5.327510845438027,-94.80383130978498,0.664380693404857,-359.73381294510773,9.80665,-258.33846839775515,7.70673401856461,-208.0163333679913,0.5,1,-20,10,500,0.7,0.5,eff,1,6.5,5,5
3.7378786914194815,-100.40969001363109,0.6968241909147566,-317.3380030737065,6.537766666666667,-210.07364885696927,6.072292351897945,-168.4891425606404,0.5,1,-20,10,400,0.8,1,eff,0.5,35,0,5
3.7378786914194815,-96.24059247727779,0.664380693404857,-324.3272877173037,9.80665,-217.3230778085619,7.70673401856461,-181.92074091906275,0.5,1,-20,10,500,0.7,0.5,eff,1,6.5,0,5
3.7378786914194815,-100.40969001363109,0.664380693404857,-343.4010897240817,9.80665,-230.74263632253343,7.70673401856461,-190.4587878520455,0.5,1,-20,10,500,0.7,0.5,eq,0.5,35,0,5
3.7378786914194815,-97.3964960215078,0.664380693404857,-340.38789573195845,9.80665,-227.21228446616607,7.70673401856461,-188.2126402005988,0.5,1,-20,10,500,0.7,0.5,eq,1,35,0,5
5.327510845438027,-94.80383130978498,0.664380693404857,-359.73381294510773,9.80665,-258.33846839775515,7.70673401856461,-208.0163333679913,0.5,1,-20,10,500,0.7,0.5,eff,1,35,5,5
5.327510845438027,-99.12385130279266,0.664380693404857,-380.05050076641083,9.80665,-273.6822268855211,7.70673401856461,-217.7786314317096,0.5,1,-20,10,500,0.7,0.5,eq,0.5,35,5,5
3.7378786914194815,-97.3964960215078,0.664380693404857,-325.4831912615337,9.80665,-218.66209187609186,7.70673401856461,-182.7726739346378,0.5,1,-20,10,500,0.7,0.5,eff,1,35,0,5
3.7378786914194815,-97.91502633725602,0.664380693404857,-326.0017215772819,9.80665,-219.26276430206212,7.70673401856461,-183.15484517812132,0.5,1,-20,10,500,0.7,0.5,eff,0.5,6.5,0,5
5.327510845438027,-94.80383130978498,0.6968241909147566,-363.32525016986153,9.80665,-255.04098511602425,7.70673401856461,-205.91834579330083,0.5,1,-20,10,500,0.7,1,eq,1,6.5,5,5
5.327510845438027,-99.12385130279266,0.664380693404857,-364.0538329381154,9.80665,-263.34283711906306,7.70673401856461,-211.2003080842977,0.5,1,-20,10,500,0.7,0.5,eff,0.5,35,5,5
3.7378786914194815,-100.40969001363109,0.664380693404857,-328.49638525365697,9.80665,-222.15261594465602,7.70673401856461,-184.99348159288388,0.5,1,-20,10,500,0.7,0.5,eff,0.5,35,0,5
3.7378786914194815,-97.91502633725602,0.6968241909147566,-329.0068685410901,9.80665,-214.88405948024652,7.70673401856461,-180.36894225624678,0.5,1,-20,10,500,0.7,1,eq,0.5,6.5,0,5
3.7378786914194815,-96.24059247727779,0.6968241909147566,-327.3324346811119,9.80665,-212.92475624949543,7.70673401856461,-179.12235706324796,0.5,1,-20,10,500,0.7,1,eq,1,6.5,0,5
3.7378786914194815,-97.3964960215078,0.6968241909147566,-328.4883382253419,9.80665,-214.27731223995116,7.70673401856461,-179.9829059787712,0.5,1,-20,10,500,0.7,1,eq,1,35,0,5
5.327510845438027,-99.12385130279266,0.6968241909147566,-367.6452701628692,9.80665,-260.0959647900509,7.70673401856461,-209.13452117322694,0.5,1,-20,10,500,0.7,1,eq,0.5,35,5,5
5.327510845438027,-97.19987474980884,0.664380693404857,-362.12985638513163,9.80665,-261.1140770446308,7.70673401856461,-209.78228392962438,0.5,1,-20,10,500,0.7,0.5,eff,0.5,6.5,5,5
5.327510845438027,-94.80383130978498,0.6968241909147566,-363.32525016986153,9.80665,-255.04098511602425,7.70673401856461,-205.91834579330083,0.5,1,-20,10,500,0.7,1,eq,1,35,5,5
3.7378786914194815,-100.40969001363109,0.6968241909147566,-331.5015322174652,9.80665,-217.80313721563945,7.70673401856461,-182.22617345203184,0.5,1,-20,10,500,0.7,1,eq,0.5,35,0,5
5.327510845438027,-97.19987474980884,0.6968241909147566,-365.72129360988544,9.80665,-257.84466447557145,7.70673401856461,-207.70215603802134,0.5,1,-20,10,500,0.7,1,eq,0.5,6.5,5,5
5.327510845438027,-94.80383130978498,0.6968241909147566,-348.0515354700857,9.80665,-245.6238562273609,7.70673401856461,-199.92680081500336,0.5,1,-20,10,500,0.7,1,eff,1,6.5,5,5
5.327510845438027,-94.80383130978498,0.6968241909147566,-348.0515354700857,9.80665,-245.6238562273609,7.70673401856461,-199.92680081500336,0.5,1,-20,10,500,0.7,1,eff,1,35,5,5
3.7378786914194815,-96.24059247727779,0.6968241909147566,-313.16890553735317,9.80665,-205.25922841388058,7.70673401856461,-174.24524904524375,0.5,1,-20,10,500,0.7,1,eff,1,6.5,0,5
3.7378786914194815,-97.3964960215078,0.6968241909147566,-314.32480908158317,9.80665,-206.59678858147817,7.70673401856461,-175.09625703293185,0.5,1,-20,10,500,0.7,1,eff,1,35,0,5
5.327510845438027,-99.12385130279266,0.6968241909147566,-352.3715554630934,9.80665,-250.62279121274528,7.70673401856461,-203.10731837641958,0.5,1,-20,10,500,0.7,1,eff,0.5,35,5,5
3.7378786914194815,-100.40969001363109,0.6968241909147566,-317.3380030737065,9.80665,-210.08352264504236,7.70673401856461,-177.31465334206132,0.5,1,-20,10,500,0.7,1,eff,0.5,35,0,5
5.327510845438027,-97.19987474980884,0.6968241909147566,-350.4475789101096,9.80665,-248.39645112271077,7.70673401856461,-201.69083391027988,0.5,1,-20,10,500,0.7,1,eff,0.5,6.5,5,5
3.7378786914194815,-97.91502633725602,0.6968241909147566,-314.84333939733136,9.80665,-207.19680879886684,7.70673401856461,-175.47801331585788,0.5,1,-20,10,500,0.7,1,eff,0.5,6.5,0,5
5.327510845438027,-94.80383130978498,0.664380693404857,-375.73048077340303,9.80665,-268.62075701605403,7.70673401856461,-214.5583267361121,0.5,1,-20,10,500,0.8,0.5,eq,1,6.5,5,5
3.7378786914194815,-97.3964960215078,0.664380693404857,-340.38789573195845,9.80665,-227.21228446616607,7.70673401856461,-188.2126402005988,0.5,1,-20,10,500,0.8,0.5,eq,1,35,0,5
3.7378786914194815,-96.24059247727779,0.664380693404857,-339.23199218772845,9.80665,-225.8579919001873,7.70673401856461,-187.3509864079441,0.5,1,-20,10,500,0.8,0.5,eq,1,6.5,0,5
5.327510845438027,-94.80383130978498,0.664380693404857,-375.73048077340303,9.80665,-268.62075701605403,7.70673401856461,-214.5583267361121,0.5,1,-20,10,500,0.8,0.5,eq,1,35,5,5
5.327510845438027,-94.80383130978498,0.664380693404857,-359.73381294510773,9.80665,-258.33846839775515,7.70673401856461,-208.0163333679913,0.5,1,-20,10,500,0.8,0.5,eff,1,6.5,5,5
3.7378786914194815,-97.91502633725602,0.664380693404857,-340.90642604770665,9.80665,-227.81981072186636,7.70673401856461,-188.5991721180824,0.5,1,-20,10,500,0.8,0.5,eq,0.5,6.5,0,5
5.327510845438027,-97.19987474980884,0.664380693404857,-378.126524213427,9.80665,-271.42803607888186,7.70673401856461,-216.3444272525672,0.5,1,-20,10,500,0.8,0.5,eq,0.5,6.5,5,5
3.7378786914194815,-100.40969001363109,0.664380693404857,-343.4010897240817,9.80665,-230.74263632253343,7.70673401856461,-190.4587878520455,0.5,1,-20,10,500,0.8,0.5,eq,0.5,35,0,5
5.327510845438027,-99.12385130279266,0.664380693404857,-380.05050076641083,9.80665,-273.6822268855211,7.70673401856461,-217.7786314317096,0.5,1,-20,10,500,0.8,0.5,eq,0.5,35,5,5
3.7378786914194815,-97.3964960215078,0.664380693404857,-325.4831912615337,9.80665,-218.66209187609186,7.70673401856461,-182.7726739346378,0.5,1,-20,10,500,0.8,0.5,eff,1,35,0,5
5.327510845438027,-97.19987474980884,0.664380693404857,-362.12985638513163,9.80665,-261.1140770446308,7.70673401856461,-209.78228392962438,0.5,1,-20,10,500,0.8,0.5,eff,0.5,6.5,5,5
5.327510845438027,-94.80383130978498,0.6968241909147566,-363.32525016986153,9.80665,-255.04098511602425,7.70673401856461,-205.91834579330083,0.5,1,-20,10,500,0.8,1,eq,1,6.5,5,5
5.327510845438027,-99.12385130279266,0.664380693404857,-364.0538329381154,9.80665,-263.34283711906306,7.70673401856461,-211.2003080842977,0.5,1,-20,10,500,0.8,0.5,eff,0.5,35,5,5
3.7378786914194815,-96.24059247727779,0.664380693404857,-324.3272877173037,9.80665,-217.3230778085619,7.70673401856461,-181.92074091906275,0.5,1,-20,10,500,0.8,0.5,eff,1,6.5,0,5
5.327510845438027,-94.80383130978498,0.664380693404857,-359.73381294510773,9.80665,-258.33846839775515,7.70673401856461,-208.0163333679913,0.5,1,-20,10,500,0.8,0.5,eff,1,35,5,5
3.7378786914194815,-100.40969001363109,0.664380693404857,-328.49638525365697,9.80665,-222.15261594465602,7.70673401856461,-184.99348159288388,0.5,1,-20,10,500,0.8,0.5,eff,0.5,35,0,5
3.7378786914194815,-96.24059247727779,0.6968241909147566,-327.3324346811119,9.80665,-212.92475624949543,7.70673401856461,-179.12235706324796,0.5,1,-20,10,500,0.8,1,eq,1,6.5,0,5
3.7378786914194815,-97.91502633725602,0.664380693404857,-326.0017215772819,9.80665,-219.26276430206212,7.70673401856461,-183.15484517812132,0.5,1,-20,10,500,0.8,0.5,eff,0.5,6.5,0,5
3.7378786914194815,-100.40969001363109,0.6968241909147566,-331.5015322174652,9.80665,-217.80313721563945,7.70673401856461,-182.22617345203184,0.5,1,-20,10,500,0.8,1,eq,0.5,35,0,5
5.327510845438027,-97.19987474980884,0.6968241909147566,-365.72129360988544,9.80665,-257.84466447557145,7.70673401856461,-207.70215603802134,0.5,1,-20,10,500,0.8,1,eq,0.5,6.5,5,5
5.327510845438027,-94.80383130978498,0.6968241909147566,-363.32525016986153,9.80665,-255.04098511602425,7.70673401856461,-205.91834579330083,0.5,1,-20,10,500,0.8,1,eq,1,35,5,5
5.327510845438027,-99.12385130279266,0.6968241909147566,-367.6452701628692,9.80665,-260.0959647900509,7.70673401856461,-209.13452117322694,0.5,1,-20,10,500,0.8,1,eq,0.5,35,5,5
3.7378786914194815,-97.91502633725602,0.6968241909147566,-329.0068685410901,9.80665,-214.88405948024652,7.70673401856461,-180.36894225624678,0.5,1,-20,10,500,0.8,1,eq,0.5,6.5,0,5
3.7378786914194815,-96.24059247727779,0.6968241909147566,-313.16890553735317,9.80665,-205.25922841388058,7.70673401856461,-174.24524904524375,0.5,1,-20,10,500,0.8,1,eff,1,6.5,0,5
3.7378786914194815,-97.3964960215078,0.6968241909147566,-328.4883382253419,9.80665,-214.27731223995116,7.70673401856461,-179.9829059787712,0.5,1,-20,10,500,0.8,1,eq,1,35,0,5
5.327510845438027,-94.80383130978498,0.6968241909147566,-348.0515354700857,9.80665,-245.6238562273609,7.70673401856461,-199.92680081500336,0.5,1,-20,10,500,0.8,1,eff,1,35,5,5
3.7378786914194815,-97.91502633725602,0.6968241909147566,-314.84333939733136,9.80665,-207.19680879886684,7.70673401856461,-175.47801331585788,0.5,1,-20,10,500,0.8,1,eff,0.5,6.5,0,5
5.327510845438027,-97.19987474980884,0.6968241909147566,-350.4475789101096,9.80665,-248.39645112271077,7.70673401856461,-201.69083391027988,0.5,1,-20,10,500,0.8,1,eff,0.5,6.5,5,5
5.327510845438027,-94.80383130978498,0.6968241909147566,-348.0515354700857,9.80665,-245.6238562273609,7.70673401856461,-199.92680081500336,0.5,1,-20,10,500,0.8,1,eff,1,6.5,5,5
3.7378786914194815,-100.40969001363109,0.6968241909147566,-317.3380030737065,9.80665,-210.08352264504236,7.70673401856461,-177.31465334206132,0.5,1,-20,10,500,0.8,1,eff,0.5,35,0,5
5.327510845438027,-99.12385130279266,0.6968241909147566,-352.3715554630934,9.80665,-250.62279121274528,7.70673401856461,-203.10731837641958,0.5,1,-20,10,500,0.8,1,eff,0.5,35,5,5
3.7378786914194815,-96.24059247727779,1.6648435882347152,-197.7758239856668,1.3075533333333331,-84.19513507558334,3.4571856852312774,-113.22906335614735,0.5,1,-10,2,400,0.7,0.5,eq,1,6.5,0,5
3.7378786914194815,-97.3964960215078,0.6968241909147566,-314.32480908158317,9.80665,-206.59678858147817,7.70673401856461,-175.09625703293185,0.5,1,-20,10,500,0.8,1,eff,1,35,0,5
5.327510845438027,-94.80383130978498,1.6648435882347152,-234.2743125713414,1.3075533333333331,-125.86122796295446,3.4571856852312774,-121.10839695321063,0.5,1,-10,2,400,0.7,0.5,eq,1,6.5,5,5
5.327510845438027,-99.12385130279266,1.6648435882347152,-238.59433256434912,1.3075533333333331,-130.79289393846858,3.4571856852312774,-122.04100758976344,0.5,1,-10,2,400,0.7,0.5,eq,0.5,35,5,5
3.7378786914194815,-100.40969001363109,1.6648435882347152,-201.94492152202008,1.3075533333333331,-88.95451037934721,3.4571856852312774,-114.12909268775151,0.5,1,-10,2,400,0.7,0.5,eq,0.5,35,0,5
5.327510845438027,-94.80383130978498,1.6648435882347152,-234.2743125713414,1.3075533333333331,-125.86122796295446,3.4571856852312774,-121.10839695321063,0.5,1,-10,2,400,0.7,0.5,eq,1,35,5,5
3.7378786914194815,-97.3964960215078,1.6648435882347152,-198.9317275298968,1.3075533333333331,-85.51469613963779,3.4571856852312774,-113.47860107626629,0.5,1,-10,2,400,0.7,0.5,eq,1,35,0,5
3.7378786914194815,-97.91502633725602,1.6648435882347152,-199.450257845645,1.3075533333333331,-86.10664208415461,3.4571856852312774,-113.59054196740969,0.5,1,-10,2,400,0.7,0.5,eq,0.5,6.5,0,5
5.327510845438027,-97.19987474980884,1.6648435882347152,-236.6703560113653,1.3075533333333331,-128.59651296817412,3.4571856852312774,-121.62565742919118,0.5,1,-10,2,400,0.7,0.5,eq,0.5,6.5,5,5
5.327510845438027,-94.80383130978498,1.6648435882347152,-228.1166823134861,1.3075533333333331,-125.34471158207525,3.4571856852312774,-121.0107202911751,0.5,1,-10,2,400,0.7,0.5,eff,1,6.5,5,5
3.7378786914194815,-97.3964960215078,1.6648435882347152,-193.86606062991206,1.3075533333333331,-86.53374925869426,3.4571856852312774,-113.67131075749026,0.5,1,-10,2,400,0.7,0.5,eff,1,35,0,5
3.7378786914194815,-96.24059247727779,1.6648435882347152,-192.71015708568203,1.3075533333333331,-85.22394153260004,3.4571856852312774,-113.42361745805351,0.5,1,-10,2,400,0.7,0.5,eff,1,6.5,0,5
5.327510845438027,-94.80383130978498,1.6648435882347152,-228.1166823134861,1.3075533333333331,-125.34471158207525,3.4571856852312774,-121.0107202911751,0.5,1,-10,2,400,0.7,0.5,eff,1,35,5,5
5.327510845438027,-97.19987474980884,1.6648435882347152,-230.51272575350998,1.3075533333333331,-128.05977913739414,3.4571856852312774,-121.5241575137328,0.5,1,-10,2,400,0.7,0.5,eff,0.5,6.5,5,5
3.7378786914194815,-100.40969001363109,1.6648435882347152,-196.87925462203535,1.3075533333333331,-89.94813862592822,3.4571856852312774,-114.31699435752019,0.5,1,-10,2,400,0.7,0.5,eff,0.5,35,0,5
5.327510845438027,-99.12385130279266,1.6648435882347152,-232.4367023064938,1.3075533333333331,-130.2399258861881,3.4571856852312774,-121.93643767570373,0.5,1,-10,2,400,0.7,0.5,eff,0.5,35,5,5
5.327510845438027,-94.80383130978498,1.7398467296524174,-226.22702037900632,1.3075533333333331,-117.83696746700771,3.4571856852312774,-119.59095624936988,0.5,1,-10,2,400,0.7,1,eq,1,6.5,5,5
5.327510845438027,-99.12385130279266,1.7398467296524174,-230.54704037201395,1.3075533333333331,-122.76214324744112,3.4571856852312774,-120.52233954712999,0.5,1,-10,2,400,0.7,1,eq,0.5,35,5,5
3.7378786914194815,-97.3964960215078,1.7398467296524174,-191.39010843448668,1.3075533333333331,-78.12004132910965,3.4571856852312774,-112.0802229695218,0.5,1,-10,2,400,0.7,1,eq,1,35,0,5
3.7378786914194815,-97.91502633725602,1.6648435882347152,-194.38459094566028,1.3075533333333331,-87.12131992341092,3.4571856852312774,-113.78242425430085,0.5,1,-10,2,400,0.7,0.5,eff,0.5,6.5,0,5
3.7378786914194815,-97.91502633725602,1.7398467296524174,-191.9086387502349,1.3075533333333331,-78.71120825802383,3.4571856852312774,-112.19201654366506,0.5,1,-10,2,400,0.7,1,eq,0.5,6.5,0,5
3.7378786914194815,-100.40969001363109,1.7398467296524174,-194.40330242660997,1.3075533333333331,-81.55532868771164,3.4571856852312774,-112.72985851786488,0.5,1,-10,2,400,0.7,1,eq,0.5,35,0,5
5.327510845438027,-94.80383130978498,1.7398467296524174,-226.22702037900632,1.3075533333333331,-117.83696746700771,3.4571856852312774,-119.59095624936988,0.5,1,-10,2,400,0.7,1,eq,1,35,5,5
5.327510845438027,-97.19987474980884,1.7398467296524174,-228.62306381903014,1.3075533333333331,-120.56865276894116,3.4571856852312774,-120.10753599766333,0.5,1,-10,2,400,0.7,1,eq,0.5,6.5,5,5
3.7378786914194815,-96.24059247727779,1.7398467296524174,-190.23420489025668,1.3075533333333331,-76.80221683971023,3.4571856852312774,-111.83101364714965,0.5,1,-10,2,400,0.7,1,eq,1,6.5,0,5
3.7378786914194815,-96.24059247727779,1.7398467296524174,-185.54716130268756,1.3075533333333331,-78.14108833533186,3.4571856852312774,-112.08420309752887,0.5,1,-10,2,400,0.7,1,eff,1,6.5,0,5
5.327510845438027,-94.80383130978498,1.7398467296524174,-220.42979123542017,1.3075533333333331,-117.62392519081847,3.4571856852312774,-119.55066854663498,0.5,1,-10,2,400,0.7,1,eff,1,6.5,5,5
5.327510845438027,-94.80383130978498,1.7398467296524174,-220.42979123542017,1.3075533333333331,-117.62392519081847,3.4571856852312774,-119.55066854663498,0.5,1,-10,2,400,0.7,1,eff,1,35,5,5
3.7378786914194815,-97.3964960215078,1.7398467296524174,-186.70306484691756,1.3075533333333331,-79.44942865104295,3.4571856852312774,-112.3316188999618,0.5,1,-10,2,400,0.7,1,eff,1,35,0,5
5.327510845438027,-97.19987474980884,1.7398467296524174,-222.82583467544404,1.3075533333333331,-120.335950987426,3.4571856852312774,-120.06353055251296,0.5,1,-10,2,400,0.7,1,eff,0.5,6.5,5,5
3.7378786914194815,-97.91502633725602,1.7398467296524174,-187.22159516266578,1.3075533333333331,-80.03634104539435,3.4571856852312774,-112.44260791349481,0.5,1,-10,2,400,0.7,1,eff,0.5,6.5,0,5
5.327510845438027,-99.12385130279266,1.7398467296524174,-224.74981122842786,1.3075533333333331,-122.51365526336477,3.4571856852312774,-120.47534882672106,0.5,1,-10,2,400,0.7,1,eff,0.5,35,5,5
5.327510845438027,-94.80383130978498,1.6648435882347152,-234.2743125713414,1.3075533333333331,-125.86122796295446,3.4571856852312774,-121.10839695321063,0.5,1,-10,2,400,0.8,0.5,eq,1,35,5,5
3.7378786914194815,-96.24059247727779,1.6648435882347152,-197.7758239856668,1.3075533333333331,-84.19513507558334,3.4571856852312774,-113.22906335614735,0.5,1,-10,2,400,0.8,0.5,eq,1,6.5,0,5
5.327510845438027,-94.80383130978498,1.6648435882347152,-234.2743125713414,1.3075533333333331,-125.86122796295446,3.4571856852312774,-121.10839695321063,0.5,1,-10,2,400,0.8,0.5,eq,1,6.5,5,5
3.7378786914194815,-100.40969001363109,1.7398467296524174,-189.71625883904088,1.3075533333333331,-82.85999279244388,3.4571856852312774,-112.9765791245002,0.5,1,-10,2,400,0.7,1,eff,0.5,35,0,5
5.327510845438027,-99.12385130279266,1.6648435882347152,-238.59433256434912,1.3075533333333331,-130.79289393846858,3.4571856852312774,-122.04100758976344,0.5,1,-10,2,400,0.8,0.5,eq,0.5,35,5,5
3.7378786914194815,-97.3964960215078,1.6648435882347152,-198.9317275298968,1.3075533333333331,-85.51469613963779,3.4571856852312774,-113.47860107626629,0.5,1,-10,2,400,0.8,0.5,eq,1,35,0,5
3.7378786914194815,-100.40969001363109,1.6648435882347152,-201.94492152202008,1.3075533333333331,-88.95451037934721,3.4571856852312774,-114.12909268775151,0.5,1,-10,2,400,0.8,0.5,eq,0.5,35,0,5
3.7378786914194815,-96.24059247727779,1.6648435882347152,-192.71015708568203,1.3075533333333331,-85.22394153260004,3.4571856852312774,-113.42361745805351,0.5,1,-10,2,400,0.8,0.5,eff,1,6.5,0,5
5.327510845438027,-97.19987474980884,1.6648435882347152,-236.6703560113653,1.3075533333333331,-128.59651296817412,3.4571856852312774,-121.62565742919118,0.5,1,-10,2,400,0.8,0.5,eq,0.5,6.5,5,5
5.327510845438027,-94.80383130978498,1.6648435882347152,-228.1166823134861,1.3075533333333331,-125.34471158207525,3.4571856852312774,-121.0107202911751,0.5,1,-10,2,400,0.8,0.5,eff,1,6.5,5,5
5.327510845438027,-97.19987474980884,1.6648435882347152,-230.51272575350998,1.3075533333333331,-128.05977913739414,3.4571856852312774,-121.5241575137328,0.5,1,-10,2,400,0.8,0.5,eff,0.5,6.5,5,5
3.7378786914194815,-97.91502633725602,1.6648435882347152,-199.450257845645,1.3075533333333331,-86.10664208415461,3.4571856852312774,-113.59054196740969,0.5,1,-10,2,400,0.8,0.5,eq,0.5,6.5,0,5
5.327510845438027,-94.80383130978498,1.6648435882347152,-228.1166823134861,1.3075533333333331,-125.34471158207525,3.4571856852312774,-121.0107202911751,0.5,1,-10,2,400,0.8,0.5,eff,1,35,5,5
3.7378786914194815,-97.91502633725602,1.6648435882347152,-194.38459094566028,1.3075533333333331,-87.12131992341092,3.4571856852312774,-113.78242425430085,0.5,1,-10,2,400,0.8,0.5,eff,0.5,6.5,0,5
3.7378786914194815,-97.3964960215078,1.6648435882347152,-193.86606062991206,1.3075533333333331,-86.53374925869426,3.4571856852312774,-113.67131075749026,0.5,1,-10,2,400,0.8,0.5,eff,1,35,0,5
5.327510845438027,-99.12385130279266,1.6648435882347152,-232.4367023064938,1.3075533333333331,-130.2399258861881,3.4571856852312774,-121.93643767570373,0.5,1,-10,2,400,0.8,0.5,eff,0.5,35,5,5
3.7378786914194815,-96.24059247727779,1.7398467296524174,-190.23420489025668,1.3075533333333331,-76.80221683971023,3.4571856852312774,-111.83101364714965,0.5,1,-10,2,400,0.8,1,eq,1,6.5,0,5
5.327510845438027,-94.80383130978498,1.7398467296524174,-226.22702037900632,1.3075533333333331,-117.83696746700771,3.4571856852312774,-119.59095624936988,0.5,1,-10,2,400,0.8,1,eq,1,6.5,5,5
5.327510845438027,-97.19987474980884,1.7398467296524174,-228.62306381903014,1.3075533333333331,-120.56865276894116,3.4571856852312774,-120.10753599766333,0.5,1,-10,2,400,0.8,1,eq,0.5,6.5,5,5
3.7378786914194815,-97.91502633725602,1.7398467296524174,-191.9086387502349,1.3075533333333331,-78.71120825802383,3.4571856852312774,-112.19201654366506,0.5,1,-10,2,400,0.8,1,eq,0.5,6.5,0,5
5.327510845438027,-94.80383130978498,1.7398467296524174,-226.22702037900632,1.3075533333333331,-117.83696746700771,3.4571856852312774,-119.59095624936988,0.5,1,-10,2,400,0.8,1,eq,1,35,5,5
5.327510845438027,-99.12385130279266,1.7398467296524174,-230.54704037201395,1.3075533333333331,-122.76214324744112,3.4571856852312774,-120.52233954712999,0.5,1,-10,2,400,0.8,1,eq,0.5,35,5,5
3.7378786914194815,-97.3964960215078,1.7398467296524174,-191.39010843448668,1.3075533333333331,-78.12004132910965,3.4571856852312774,-112.0802229695218,0.5,1,-10,2,400,0.8,1,eq,1,35,0,5
3.7378786914194815,-100.40969001363109,1.6648435882347152,-196.87925462203535,1.3075533333333331,-89.94813862592822,3.4571856852312774,-114.31699435752019,0.5,1,-10,2,400,0.8,0.5,eff,0.5,35,0,5
5.327510845438027,-94.80383130978498,1.7398467296524174,-220.42979123542017,1.3075533333333331,-117.62392519081847,3.4571856852312774,-119.55066854663498,0.5,1,-10,2,400,0.8,1,eff,1,35,5,5
3.7378786914194815,-97.3964960215078,1.7398467296524174,-186.70306484691756,1.3075533333333331,-79.44942865104295,3.4571856852312774,-112.3316188999618,0.5,1,-10,2,400,0.8,1,eff,1,35,0,5
5.327510845438027,-94.80383130978498,1.7398467296524174,-220.42979123542017,1.3075533333333331,-117.62392519081847,3.4571856852312774,-119.55066854663498,0.5,1,-10,2,400,0.8,1,eff,1,6.5,5,5
3.7378786914194815,-96.24059247727779,1.7398467296524174,-185.54716130268756,1.3075533333333331,-78.14108833533186,3.4571856852312774,-112.08420309752887,0.5,1,-10,2,400,0.8,1,eff,1,6.5,0,5
3.7378786914194815,-100.40969001363109,1.7398467296524174,-194.40330242660997,1.3075533333333331,-81.55532868771164,3.4571856852312774,-112.72985851786488,0.5,1,-10,2,400,0.8,1,eq,0.5,35,0,5
5.327510845438027,-99.12385130279266,1.7398467296524174,-224.74981122842786,1.3075533333333331,-122.51365526336477,3.4571856852312774,-120.47534882672106,0.5,1,-10,2,400,0.8,1,eff,0.5,35,5,5
3.7378786914194815,-97.91502633725602,1.7398467296524174,-187.22159516266578,1.3075533333333331,-80.03634104539435,3.4571856852312774,-112.44260791349481,0.5,1,-10,2,400,0.8,1,eff,0.5,6.5,0,5
5.327510845438027,-94.80383130978498,1.6648435882347152,-234.2743125713414,1.9613299999999998,-125.86196258598444,3.7840740185646107,-121.51916202251378,0.5,1,-10,2,500,0.7,0.5,eq,1,6.5,5,5
5.327510845438027,-97.19987474980884,1.7398467296524174,-222.82583467544404,1.3075533333333331,-120.335950987426,3.4571856852312774,-120.06353055251296,0.5,1,-10,2,400,0.8,1,eff,0.5,6.5,5,5
3.7378786914194815,-97.3964960215078,1.6648435882347152,-198.9317275298968,1.9613299999999998,-85.51543076281267,3.7840740185646107,-111.0631214069605,0.5,1,-10,2,500,0.7,0.5,eq,1,35,0,5
5.327510845438027,-94.80383130978498,1.6648435882347152,-234.2743125713414,1.9613299999999998,-125.86196258598444,3.7840740185646107,-121.51916202251378,0.5,1,-10,2,500,0.7,0.5,eq,1,35,5,5
3.7378786914194815,-100.40969001363109,1.7398467296524174,-189.71625883904088,1.3075533333333331,-82.85999279244388,3.4571856852312774,-112.9765791245002,0.5,1,-10,2,400,0.8,1,eff,0.5,35,0,5
5.327510845438027,-97.19987474980884,1.6648435882347152,-236.6703560113653,1.9613299999999998,-128.59724759085924,3.7840740185646107,-122.22802719167947,0.5,1,-10,2,500,0.7,0.5,eq,0.5,6.5,5,5
3.7378786914194815,-96.24059247727779,1.6648435882347152,-197.7758239856668,1.9613299999999998,-84.19586969835686,3.7840740185646107,-110.72114940933953,0.5,1,-10,2,500,0.7,0.5,eq,1,6.5,0,5
3.7378786914194815,-97.91502633725602,1.6648435882347152,-199.450257845645,1.9613299999999998,-86.10737670733118,3.7840740185646107,-111.2165276740773,0.5,1,-10,2,500,0.7,0.5,eq,0.5,6.5,0,5
5.327510845438027,-94.80383130978498,1.6648435882347152,-228.1166823134861,1.9613299999999998,-125.34539731845976,3.7840740185646107,-121.3852911004355,0.5,1,-10,2,500,0.7,0.5,eff,1,6.5,5,5
5.327510845438027,-99.12385130279266,1.6648435882347152,-238.59433256434912,1.9613299999999998,-130.79362856115088,3.7840740185646107,-122.79723221612238,0.5,1,-10,2,500,0.7,0.5,eq,0.5,35,5,5
3.7378786914194815,-100.40969001363109,1.6648435882347152,-201.94492152202008,1.9613299999999998,-88.95524500253183,3.7840740185646107,-111.95456946396088,0.5,1,-10,2,500,0.7,0.5,eq,0.5,35,0,5
5.327510845438027,-94.80383130978498,1.6648435882347152,-228.1166823134861,1.9613299999999998,-125.34539731845976,3.7840740185646107,-121.3852911004355,0.5,1,-10,2,500,0.7,0.5,eff,1,35,5,5
3.7378786914194815,-97.3964960215078,1.6648435882347152,-193.86606062991206,1.9613299999999998,-86.53443499491144,3.7840740185646107,-111.32720233676507,0.5,1,-10,2,500,0.7,0.5,eff,1,35,0,5
3.7378786914194815,-96.24059247727779,1.6648435882347152,-192.71015708568203,1.9613299999999998,-85.22462726880863,3.7840740185646107,-110.98775797404458,0.5,1,-10,2,500,0.7,0.5,eff,1,6.5,0,5
3.7378786914194815,-97.91502633725602,1.6648435882347152,-194.38459094566028,1.9613299999999998,-87.12200565950477,3.7840740185646107,-111.47947472439978,0.5,1,-10,2,500,0.7,0.5,eff,0.5,6.5,0,5
5.327510845438027,-99.12385130279266,1.6648435882347152,-232.4367023064938,1.9613299999999998,-130.2406116223386,3.7840740185646107,-122.65391462940511,0.5,1,-10,2,500,0.7,0.5,eff,0.5,35,5,5
5.327510845438027,-97.19987474980884,1.6648435882347152,-230.51272575350998,1.9613299999999998,-128.06046487330747,3.7840740185646107,-122.08891679872058,0.5,1,-10,2,500,0.7,0.5,eff,0.5,6.5,5,5
5.327510845438027,-94.80383130978498,1.7398467296524174,-226.22702037900632,1.9613299999999998,-117.83766204645197,3.7840740185646107,-119.43961742322873,0.5,1,-10,2,500,0.7,1,eq,1,35,5,5
3.7378786914194815,-97.3964960215078,1.7398467296524174,-191.39010843448668,1.9613299999999998,-78.12073590866933,3.7840740185646107,-109.14674281775716,0.5,1,-10,2,500,0.7,1,eq,1,35,0,5
3.7378786914194815,-100.40969001363109,1.6648435882347152,-196.87925462203535,1.9613299999999998,-89.94882436216982,3.7840740185646107,-112.21206138878547,0.5,1,-10,2,500,0.7,0.5,eff,0.5,35,0,5
3.7378786914194815,-96.24059247727779,1.7398467296524174,-190.23420489025668,1.9613299999999998,-76.80291141962053,3.7840740185646107,-108.80522086384892,0.5,1,-10,2,500,0.7,1,eq,1,6.5,0,5
5.327510845438027,-97.19987474980884,1.7398467296524174,-228.62306381903014,1.9613299999999998,-120.56934734870322,3.7840740185646107,-120.14754970832409,0.5,1,-10,2,500,0.7,1,eq,0.5,6.5,5,5
5.327510845438027,-94.80383130978498,1.7398467296524174,-226.22702037900632,1.9613299999999998,-117.83766204645197,3.7840740185646107,-119.43961742322873,0.5,1,-10,2,500,0.7,1,eq,1,6.5,5,5
5.327510845438027,-99.12385130279266,1.7398467296524174,-230.54704037201395,1.9613299999999998,-122.76283782723016,3.7840740185646107,-120.71600564485475,0.5,1,-10,2,500,0.7,1,eq,0.5,35,5,5
3.7378786914194815,-97.91502633725602,1.7398467296524174,-191.9086387502349,1.9613299999999998,-78.7119028375729,3.7840740185646107,-109.29994719840319,0.5,1,-10,2,500,0.7,1,eq,0.5,6.5,0,5
5.327510845438027,-94.80383130978498,1.7398467296524174,-220.42979123542017,1.9613299999999998,-117.62457438089776,3.7840740185646107,-119.38439450356186,0.5,1,-10,2,500,0.7,1,eff,1,6.5,5,5
3.7378786914194815,-100.40969001363109,1.7398467296524174,-194.40330242660997,1.9613299999999998,-81.5560232676324,3.7840740185646107,-110.03701770702989,0.5,1,-10,2,500,0.7,1,eq,0.5,35,0,5
3.7378786914194815,-96.24059247727779,1.7398467296524174,-185.54716130268756,1.9613299999999998,-78.14173752556779,3.7840740185646107,-109.15218551008677,0.5,1,-10,2,500,0.7,1,eff,1,6.5,0,5
3.7378786914194815,-97.91502633725602,1.7398467296524174,-187.22159516266578,1.9613299999999998,-80.03699023559993,3.7840740185646107,-109.643351377817,0.5,1,-10,2,500,0.7,1,eff,0.5,6.5,0,5
5.327510845438027,-94.80383130978498,1.7398467296524174,-220.42979123542017,1.9613299999999998,-117.62457438089776,3.7840740185646107,-119.38439450356186,0.5,1,-10,2,500,0.7,1,eff,1,35,5,5
3.7378786914194815,-97.3964960215078,1.7398467296524174,-186.70306484691756,1.9613299999999998,-79.45007784110622,3.7840740185646107,-109.49124958474354,0.5,1,-10,2,500,0.7,1,eff,1,35,0,5
5.327510845438027,-97.19987474980884,1.7398467296524174,-222.82583467544404,1.9613299999999998,-120.33660017786269,3.7840740185646107,-120.08723191243188,0.5,1,-10,2,500,0.7,1,eff,0.5,6.5,5,5
5.327510845438027,-99.12385130279266,1.7398467296524174,-224.74981122842786,1.9613299999999998,-122.514304453778,3.7840740185646107,-120.65159676186754,0.5,1,-10,2,500,0.7,1,eff,0.5,35,5,5
3.7378786914194815,-100.40969001363109,1.7398467296524174,-189.71625883904088,1.9613299999999998,-82.86064198266877,3.7840740185646107,-110.37511730706528,0.5,1,-10,2,500,0.7,1,eff,0.5,35,0,5
5.327510845438027,-94.80383130978498,1.6648435882347152,-234.2743125713414,1.9613299999999998,-125.86196258598444,3.7840740185646107,-121.51916202251378,0.5,1,-10,2,500,0.8,0.5,eq,1,6.5,5,5
5.327510845438027,-94.80383130978498,1.6648435882347152,-234.2743125713414,1.9613299999999998,-125.86196258598444,3.7840740185646107,-121.51916202251378,0.5,1,-10,2,500,0.8,0.5,eq,1,35,5,5
5.327510845438027,-99.12385130279266,1.6648435882347152,-238.59433256434912,1.9613299999999998,-130.79362856115088,3.7840740185646107,-122.79723221612238,0.5,1,-10,2,500,0.8,0.5,eq,0.5,35,5,5
3.7378786914194815,-97.3964960215078,1.6648435882347152,-198.9317275298968,1.9613299999999998,-85.51543076281267,3.7840740185646107,-111.0631214069605,0.5,1,-10,2,500,0.8,0.5,eq,1,35,0,5
5.327510845438027,-97.19987474980884,1.6648435882347152,-236.6703560113653,1.9613299999999998,-128.59724759085924,3.7840740185646107,-122.22802719167947,0.5,1,-10,2,500,0.8,0.5,eq,0.5,6.5,5,5
3.7378786914194815,-97.91502633725602,1.6648435882347152,-199.450257845645,1.9613299999999998,-86.10737670733118,3.7840740185646107,-111.2165276740773,0.5,1,-10,2,500,0.8,0.5,eq,0.5,6.5,0,5
3.7378786914194815,-100.40969001363109,1.6648435882347152,-201.94492152202008,1.9613299999999998,-88.95524500253183,3.7840740185646107,-111.95456946396088,0.5,1,-10,2,500,0.8,0.5,eq,0.5,35,0,5
3.7378786914194815,-96.24059247727779,1.6648435882347152,-197.7758239856668,1.9613299999999998,-84.19586969835686,3.7840740185646107,-110.72114940933953,0.5,1,-10,2,500,0.8,0.5,eq,1,6.5,0,5
5.327510845438027,-94.80383130978498,1.6648435882347152,-228.1166823134861,1.9613299999999998,-125.34539731845976,3.7840740185646107,-121.3852911004355,0.5,1,-10,2,500,0.8,0.5,eff,1,35,5,5
3.7378786914194815,-96.24059247727779,1.6648435882347152,-192.71015708568203,1.9613299999999998,-85.22462726880863,3.7840740185646107,-110.98775797404458,0.5,1,-10,2,500,0.8,0.5,eff,1,6.5,0,5
5.327510845438027,-94.80383130978498,1.6648435882347152,-228.1166823134861,1.9613299999999998,-125.34539731845976,3.7840740185646107,-121.3852911004355,0.5,1,-10,2,500,0.8,0.5,eff,1,6.5,5,5
3.7378786914194815,-97.3964960215078,1.6648435882347152,-193.86606062991206,1.9613299999999998,-86.53443499491144,3.7840740185646107,-111.32720233676507,0.5,1,-10,2,500,0.8,0.5,eff,1,35,0,5
5.327510845438027,-97.19987474980884,1.6648435882347152,-230.51272575350998,1.9613299999999998,-128.06046487330747,3.7840740185646107,-122.08891679872058,0.5,1,-10,2,500,0.8,0.5,eff,0.5,6.5,5,5
5.327510845438027,-99.12385130279266,1.6648435882347152,-232.4367023064938,1.9613299999999998,-130.2406116223386,3.7840740185646107,-122.65391462940511,0.5,1,-10,2,500,0.8,0.5,eff,0.5,35,5,5
5.327510845438027,-97.19987474980884,1.7398467296524174,-228.62306381903014,1.9613299999999998,-120.56934734870322,3.7840740185646107,-120.14754970832409,0.5,1,-10,2,500,0.8,1,eq,0.5,6.5,5,5
3.7378786914194815,-97.91502633725602,1.6648435882347152,-194.38459094566028,1.9613299999999998,-87.12200565950477,3.7840740185646107,-111.47947472439978,0.5,1,-10,2,500,0.8,0.5,eff,0.5,6.5,0,5
5.327510845438027,-94.80383130978498,1.7398467296524174,-220.42979123542017,1.9613299999999998,-117.62457438089776,3.7840740185646107,-119.38439450356186,0.5,1,-10,2,500,0.8,1,eff,1,6.5,5,5
5.327510845438027,-94.80383130978498,1.7398467296524174,-226.22702037900632,1.9613299999999998,-117.83766204645197,3.7840740185646107,-119.43961742322873,0.5,1,-10,2,500,0.8,1,eq,1,6.5,5,5
5.327510845438027,-99.12385130279266,1.7398467296524174,-230.54704037201395,1.9613299999999998,-122.76283782723016,3.7840740185646107,-120.71600564485475,0.5,1,-10,2,500,0.8,1,eq,0.5,35,5,5
5.327510845438027,-94.80383130978498,1.7398467296524174,-226.22702037900632,1.9613299999999998,-117.83766204645197,3.7840740185646107,-119.43961742322873,0.5,1,-10,2,500,0.8,1,eq,1,35,5,5
3.7378786914194815,-97.3964960215078,1.7398467296524174,-191.39010843448668,1.9613299999999998,-78.12073590866933,3.7840740185646107,-109.14674281775716,0.5,1,-10,2,500,0.8,1,eq,1,35,0,5
3.7378786914194815,-96.24059247727779,1.7398467296524174,-190.23420489025668,1.9613299999999998,-76.80291141962053,3.7840740185646107,-108.80522086384892,0.5,1,-10,2,500,0.8,1,eq,1,6.5,0,5
3.7378786914194815,-100.40969001363109,1.7398467296524174,-194.40330242660997,1.9613299999999998,-81.5560232676324,3.7840740185646107,-110.03701770702989,0.5,1,-10,2,500,0.8,1,eq,0.5,35,0,5
3.7378786914194815,-97.91502633725602,1.7398467296524174,-191.9086387502349,1.9613299999999998,-78.7119028375729,3.7840740185646107,-109.29994719840319,0.5,1,-10,2,500,0.8,1,eq,0.5,6.5,0,5
3.7378786914194815,-100.40969001363109,1.6648435882347152,-196.87925462203535,1.9613299999999998,-89.94882436216982,3.7840740185646107,-112.21206138878547,0.5,1,-10,2,500,0.8,0.5,eff,0.5,35,0,5
5.327510845438027,-97.19987474980884,1.7398467296524174,-222.82583467544404,1.9613299999999998,-120.33660017786269,3.7840740185646107,-120.08723191243188,0.5,1,-10,2,500,0.8,1,eff,0.5,6.5,5,5
5.327510845438027,-94.80383130978498,1.7398467296524174,-220.42979123542017,1.9613299999999998,-117.62457438089776,3.7840740185646107,-119.38439450356186,0.5,1,-10,2,500,0.8,1,eff,1,35,5,5
5.327510845438027,-94.80383130978498,1.6648435882347152,-234.2743125713414,6.537766666666667,-125.86710494673083,6.072292351897945,-123.15842526410825,0.5,1,-10,10,400,0.7,0.5,eq,1,35,5,5
3.7378786914194815,-96.24059247727779,1.7398467296524174,-185.54716130268756,1.9613299999999998,-78.14173752556779,3.7840740185646107,-109.15218551008677,0.5,1,-10,2,500,0.8,1,eff,1,6.5,0,5
5.327510845438027,-99.12385130279266,1.7398467296524174,-224.74981122842786,1.9613299999999998,-122.514304453778,3.7840740185646107,-120.65159676186754,0.5,1,-10,2,500,0.8,1,eff,0.5,35,5,5
3.7378786914194815,-97.3964960215078,1.7398467296524174,-186.70306484691756,1.9613299999999998,-79.45007784110622,3.7840740185646107,-109.49124958474354,0.5,1,-10,2,500,0.8,1,eff,1,35,0,5
5.327510845438027,-94.80383130978498,1.6648435882347152,-234.2743125713414,6.537766666666667,-125.86710494673083,6.072292351897945,-123.15842526410825,0.5,1,-10,10,400,0.7,0.5,eq,1,6.5,5,5
3.7378786914194815,-96.24059247727779,1.6648435882347152,-197.7758239856668,6.537766666666667,-84.20101205935896,6.072292351897945,-100.72841222923223,0.5,1,-10,10,400,0.7,0.5,eq,1,6.5,0,5
5.327510845438027,-99.12385130279266,1.6648435882347152,-238.59433256434912,6.537766666666667,-130.79877092224595,6.072292351897945,-125.81327779404128,0.5,1,-10,10,400,0.7,0.5,eq,0.5,35,5,5
3.7378786914194815,-97.91502633725602,1.7398467296524174,-187.22159516266578,1.9613299999999998,-80.03699023559993,3.7840740185646107,-109.643351377817,0.5,1,-10,2,500,0.8,1,eff,0.5,6.5,0,5
3.7378786914194815,-97.3964960215078,1.6648435882347152,-198.9317275298968,6.537766666666667,-85.52057312341341,6.072292351897945,-101.43876853614753,0.5,1,-10,10,400,0.7,0.5,eq,1,35,0,5
3.7378786914194815,-100.40969001363109,1.7398467296524174,-189.71625883904088,1.9613299999999998,-82.86064198266877,3.7840740185646107,-110.37511730706528,0.5,1,-10,2,500,0.8,1,eff,0.5,35,0,5
5.327510845438027,-97.19987474980884,1.6648435882347152,-236.6703560113653,6.537766666666667,-128.60238995195144,6.072292351897945,-124.63090502089858,0.5,1,-10,10,400,0.7,0.5,eq,0.5,6.5,5,5
3.7378786914194815,-97.91502633725602,1.6648435882347152,-199.450257845645,6.537766666666667,-86.11251906793024,6.072292351897945,-101.75742945036714,0.5,1,-10,10,400,0.7,0.5,eq,0.5,6.5,0,5
5.327510845438027,-94.80383130978498,1.6648435882347152,-228.1166823134861,6.537766666666667,-125.35019747103568,6.072292351897945,-122.88015963817101,0.5,1,-10,10,400,0.7,0.5,eff,1,6.5,5,5
3.7378786914194815,-100.40969001363109,1.6648435882347152,-201.94492152202008,6.537766666666667,-88.96038736312434,6.072292351897945,-103.29051591363326,0.5,1,-10,10,400,0.7,0.5,eq,0.5,35,0,5
3.7378786914194815,-96.24059247727779,1.6648435882347152,-192.71015708568203,6.537766666666667,-85.22942742117924,6.072292351897945,-101.28203673233249,0.5,1,-10,10,400,0.7,0.5,eff,1,6.5,0,5
5.327510845438027,-94.80383130978498,1.6648435882347152,-228.1166823134861,6.537766666666667,-125.35019747103568,6.072292351897945,-122.88015963817101,0.5,1,-10,10,400,0.7,0.5,eff,1,35,5,5
5.327510845438027,-97.19987474980884,1.6648435882347152,-230.51272575350998,6.537766666666667,-128.06526502589162,6.072292351897945,-124.34175578088113,0.5,1,-10,10,400,0.7,0.5,eff,0.5,6.5,5,5
3.7378786914194815,-97.3964960215078,1.6648435882347152,-193.86606062991206,6.537766666666667,-86.53923514727725,6.072292351897945,-101.9871425470047,0.5,1,-10,10,400,0.7,0.5,eff,1,35,0,5
3.7378786914194815,-97.3964960215078,1.7398467296524174,-191.39010843448668,6.537766666666667,-78.12559796661097,6.072292351897945,-97.45784837624605,0.5,1,-10,10,400,0.7,1,eq,1,35,0,5
3.7378786914194815,-97.91502633725602,1.6648435882347152,-194.38459094566028,6.537766666666667,-87.12680581198448,6.072292351897945,-102.30344812679404,0.5,1,-10,10,400,0.7,0.5,eff,0.5,6.5,0,5
3.7378786914194815,-96.24059247727779,1.7398467296524174,-190.23420489025668,6.537766666666667,-76.80777347742563,6.072292351897945,-96.74842691573127,0.5,1,-10,10,400,0.7,1,eq,1,6.5,0,5
5.327510845438027,-94.80383130978498,1.7398467296524174,-226.22702037900632,6.537766666666667,-117.84252410451434,6.072292351897945,-118.83857090730876,0.5,1,-10,10,400,0.7,1,eq,1,35,5,5
5.327510845438027,-99.12385130279266,1.7398467296524174,-230.54704037201395,6.537766666666667,-122.76769988490115,6.072292351897945,-121.48992958525695,0.5,1,-10,10,400,0.7,1,eq,0.5,35,5,5
5.327510845438027,-97.19987474980884,1.7398467296524174,-228.62306381903014,6.537766666666667,-120.5742094067252,6.072292351897945,-120.30911284416345,0.5,1,-10,10,400,0.7,1,eq,0.5,6.5,5,5
3.7378786914194815,-100.40969001363109,1.6648435882347152,-196.87925462203535,6.537766666666667,-89.95362451495215,6.072292351897945,-103.82520301094378,0.5,1,-10,10,400,0.7,0.5,eff,0.5,35,0,5
5.327510845438027,-99.12385130279266,1.6648435882347152,-232.4367023064938,6.537766666666667,-130.24541177517742,6.072292351897945,-125.51538922274497,0.5,1,-10,10,400,0.7,0.5,eff,0.5,35,5,5
5.327510845438027,-94.80383130978498,1.7398467296524174,-226.22702037900632,6.537766666666667,-117.84252410451434,6.072292351897945,-118.83857090730876,0.5,1,-10,10,400,0.7,1,eq,1,6.5,5,5
3.7378786914194815,-97.91502633725602,1.7398467296524174,-191.9086387502349,6.537766666666667,-78.71676489573767,6.072292351897945,-97.77608992488229,0.5,1,-10,10,400,0.7,1,eq,0.5,6.5,0,5
3.7378786914194815,-100.40969001363109,1.7398467296524174,-194.40330242660997,6.537766666666667,-81.56088532543262,6.072292351897945,-99.30715880823682,0.5,1,-10,10,400,0.7,1,eq,0.5,35,0,5
5.327510845438027,-94.80383130978498,1.7398467296524174,-220.42979123542017,6.537766666666667,-117.62911871241626,6.072292351897945,-118.72368886786677,0.5,1,-10,10,400,0.7,1,eff,1,6.5,5,5
3.7378786914194815,-96.24059247727779,1.6648435882347152,-197.7758239856668,6.537766666666667,-84.20101205935896,6.072292351897945,-100.72841222923223,0.5,1,-10,10,400,0.8,0.5,eq,1,6.5,0,5
3.7378786914194815,-97.3964960215078,1.7398467296524174,-186.70306484691756,6.537766666666667,-79.45462217251439,6.072292351897945,-98.17329895479344,0.5,1,-10,10,400,0.7,1,eff,1,35,0,5
5.327510845438027,-94.80383130978498,1.6648435882347152,-234.2743125713414,6.537766666666667,-125.86710494673083,6.072292351897945,-123.15842526410825,0.5,1,-10,10,400,0.8,0.5,eq,1,35,5,5
3.7378786914194815,-96.24059247727779,1.7398467296524174,-185.54716130268756,6.537766666666667,-78.14628185684144,6.072292351897945,-97.46898308783835,0.5,1,-10,10,400,0.7,1,eff,1,6.5,0,5
5.327510845438027,-94.80383130978498,1.7398467296524174,-220.42979123542017,6.537766666666667,-117.62911871241626,6.072292351897945,-118.72368886786677,0.5,1,-10,10,400,0.7,1,eff,1,35,5,5
3.7378786914194815,-100.40969001363109,1.7398467296524174,-189.71625883904088,6.537766666666667,-82.8651863139385,6.072292351897945,-100.0093001933835,0.5,1,-10,10,400,0.7,1,eff,0.5,35,0,5
5.327510845438027,-97.19987474980884,1.7398467296524174,-222.82583467544404,6.537766666666667,-120.34114450939427,6.072292351897945,-120.1836475479755,0.5,1,-10,10,400,0.7,1,eff,0.5,6.5,5,5
5.327510845438027,-94.80383130978498,1.6648435882347152,-234.2743125713414,6.537766666666667,-125.86710494673083,6.072292351897945,-123.15842526410825,0.5,1,-10,10,400,0.8,0.5,eq,1,6.5,5,5
3.7378786914194815,-97.91502633725602,1.7398467296524174,-187.22159516266578,6.537766666666667,-80.04153456724273,6.072292351897945,-98.48925016960197,0.5,1,-10,10,400,0.7,1,eff,0.5,6.5,0,5
3.7378786914194815,-97.3964960215078,1.6648435882347152,-198.9317275298968,6.537766666666667,-85.52057312341341,6.072292351897945,-101.43876853614753,0.5,1,-10,10,400,0.8,0.5,eq,1,35,0,5
5.327510845438027,-97.19987474980884,1.6648435882347152,-236.6703560113653,6.537766666666667,-128.60238995195144,6.072292351897945,-124.63090502089858,0.5,1,-10,10,400,0.8,0.5,eq,0.5,6.5,5,5
3.7378786914194815,-97.91502633725602,1.6648435882347152,-199.450257845645,6.537766666666667,-86.11251906793024,6.072292351897945,-101.75742945036714,0.5,1,-10,10,400,0.8,0.5,eq,0.5,6.5,0,5
5.327510845438027,-99.12385130279266,1.7398467296524174,-224.74981122842786,6.537766666666667,-122.51884878490895,6.072292351897945,-121.35596613848843,0.5,1,-10,10,400,0.7,1,eff,0.5,35,5,5
3.7378786914194815,-97.3964960215078,1.6648435882347152,-193.86606062991206,6.537766666666667,-86.53923514727725,6.072292351897945,-101.9871425470047,0.5,1,-10,10,400,0.8,0.5,eff,1,35,0,5
5.327510845438027,-99.12385130279266,1.6648435882347152,-238.59433256434912,6.537766666666667,-130.79877092224595,6.072292351897945,-125.81327779404128,0.5,1,-10,10,400,0.8,0.5,eq,0.5,35,5,5
3.7378786914194815,-100.40969001363109,1.6648435882347152,-201.94492152202008,6.537766666666667,-88.96038736312434,6.072292351897945,-103.29051591363326,0.5,1,-10,10,400,0.8,0.5,eq,0.5,35,0,5
3.7378786914194815,-100.40969001363109,1.6648435882347152,-196.87925462203535,6.537766666666667,-89.95362451495215,6.072292351897945,-103.82520301094378,0.5,1,-10,10,400,0.8,0.5,eff,0.5,35,0,5
5.327510845438027,-94.80383130978498,1.6648435882347152,-228.1166823134861,6.537766666666667,-125.35019747103568,6.072292351897945,-122.88015963817101,0.5,1,-10,10,400,0.8,0.5,eff,1,6.5,5,5
5.327510845438027,-97.19987474980884,1.6648435882347152,-230.51272575350998,6.537766666666667,-128.06526502589162,6.072292351897945,-124.34175578088113,0.5,1,-10,10,400,0.8,0.5,eff,0.5,6.5,5,5
3.7378786914194815,-97.91502633725602,1.6648435882347152,-194.38459094566028,6.537766666666667,-87.12680581198448,6.072292351897945,-102.30344812679404,0.5,1,-10,10,400,0.8,0.5,eff,0.5,6.5,0,5
3.7378786914194815,-96.24059247727779,1.6648435882347152,-192.71015708568203,6.537766666666667,-85.22942742117924,6.072292351897945,-101.28203673233249,0.5,1,-10,10,400,0.8,0.5,eff,1,6.5,0,5
5.327510845438027,-94.80383130978498,1.6648435882347152,-228.1166823134861,6.537766666666667,-125.35019747103568,6.072292351897945,-122.88015963817101,0.5,1,-10,10,400,0.8,0.5,eff,1,35,5,5
3.7378786914194815,-96.24059247727779,1.7398467296524174,-190.23420489025668,6.537766666666667,-76.80777347742563,6.072292351897945,-96.74842691573127,0.5,1,-10,10,400,0.8,1,eq,1,6.5,0,5
5.327510845438027,-99.12385130279266,1.6648435882347152,-232.4367023064938,6.537766666666667,-130.24541177517742,6.072292351897945,-125.51538922274497,0.5,1,-10,10,400,0.8,0.5,eff,0.5,35,5,5
5.327510845438027,-97.19987474980884,1.7398467296524174,-228.62306381903014,6.537766666666667,-120.5742094067252,6.072292351897945,-120.30911284416345,0.5,1,-10,10,400,0.8,1,eq,0.5,6.5,5,5
5.327510845438027,-94.80383130978498,1.7398467296524174,-226.22702037900632,6.537766666666667,-117.84252410451434,6.072292351897945,-118.83857090730876,0.5,1,-10,10,400,0.8,1,eq,1,6.5,5,5
3.7378786914194815,-97.3964960215078,1.7398467296524174,-191.39010843448668,6.537766666666667,-78.12559796661097,6.072292351897945,-97.45784837624605,0.5,1,-10,10,400,0.8,1,eq,1,35,0,5
5.327510845438027,-94.80383130978498,1.7398467296524174,-226.22702037900632,6.537766666666667,-117.84252410451434,6.072292351897945,-118.83857090730876,0.5,1,-10,10,400,0.8,1,eq,1,35,5,5
3.7378786914194815,-97.91502633725602,1.7398467296524174,-191.9086387502349,6.537766666666667,-78.71676489573767,6.072292351897945,-97.77608992488229,0.5,1,-10,10,400,0.8,1,eq,0.5,6.5,0,5
3.7378786914194815,-100.40969001363109,1.7398467296524174,-194.40330242660997,6.537766666666667,-81.56088532543262,6.072292351897945,-99.30715880823682,0.5,1,-10,10,400,0.8,1,eq,0.5,35,0,5
5.327510845438027,-99.12385130279266,1.7398467296524174,-230.54704037201395,6.537766666666667,-122.76769988490115,6.072292351897945,-121.48992958525695,0.5,1,-10,10,400,0.8,1,eq,0.5,35,5,5
3.7378786914194815,-96.24059247727779,1.7398467296524174,-185.54716130268756,6.537766666666667,-78.14628185684144,6.072292351897945,-97.46898308783835,0.5,1,-10,10,400,0.8,1,eff,1,6.5,0,5
5.327510845438027,-94.80383130978498,1.7398467296524174,-220.42979123542017,6.537766666666667,-117.62911871241626,6.072292351897945,-118.72368886786677,0.5,1,-10,10,400,0.8,1,eff,1,6.5,5,5
5.327510845438027,-94.80383130978498,1.7398467296524174,-220.42979123542017,6.537766666666667,-117.62911871241626,6.072292351897945,-118.72368886786677,0.5,1,-10,10,400,0.8,1,eff,1,35,5,5
3.7378786914194815,-97.3964960215078,1.7398467296524174,-186.70306484691756,6.537766666666667,-79.45462217251439,6.072292351897945,-98.17329895479344,0.5,1,-10,10,400,0.8,1,eff,1,35,0,5
5.327510845438027,-97.19987474980884,1.7398467296524174,-222.82583467544404,6.537766666666667,-120.34114450939427,6.072292351897945,-120.1836475479755,0.5,1,-10,10,400,0.8,1,eff,0.5,6.5,5,5
5.327510845438027,-94.80383130978498,1.6648435882347152,-234.2743125713414,9.80665,-125.87077806165058,7.70673401856461,-123.73521815723743,0.5,1,-10,10,500,0.7,0.5,eq,1,6.5,5,5
3.7378786914194815,-96.24059247727779,1.6648435882347152,-197.7758239856668,9.80665,-84.20468517402121,7.70673401856461,-97.22562350714392,0.5,1,-10,10,500,0.7,0.5,eq,1,6.5,0,5
3.7378786914194815,-100.40969001363109,1.7398467296524174,-189.71625883904088,6.537766666666667,-82.8651863139385,6.072292351897945,-100.0093001933835,0.5,1,-10,10,400,0.8,1,eff,0.5,35,0,5
3.7378786914194815,-97.91502633725602,1.7398467296524174,-187.22159516266578,6.537766666666667,-80.04153456724273,6.072292351897945,-98.48925016960197,0.5,1,-10,10,400,0.8,1,eff,0.5,6.5,0,5
5.327510845438027,-94.80383130978498,1.6648435882347152,-234.2743125713414,9.80665,-125.87077806165058,7.70673401856461,-123.73521815723743,0.5,1,-10,10,500,0.7,0.5,eq,1,35,5,5
3.7378786914194815,-97.3964960215078,1.6648435882347152,-198.9317275298968,9.80665,-85.52424623847664,7.70673401856461,-98.06517976285289,0.5,1,-10,10,500,0.7,0.5,eq,1,35,0,5
5.327510845438027,-97.19987474980884,1.6648435882347152,-236.6703560113653,9.80665,-128.6060630665254,7.70673401856461,-125.47551324387473,0.5,1,-10,10,500,0.7,0.5,eq,0.5,6.5,5,5
5.327510845438027,-99.12385130279266,1.7398467296524174,-224.74981122842786,6.537766666666667,-122.51884878490895,6.072292351897945,-121.35596613848843,0.5,1,-10,10,400,0.8,1,eff,0.5,35,5,5
3.7378786914194815,-97.91502633725602,1.6648435882347152,-199.450257845645,9.80665,-86.1161921829952,7.70673401856461,-98.44179887821537,0.5,1,-10,10,500,0.7,0.5,eq,0.5,6.5,0,5
5.327510845438027,-99.12385130279266,1.6648435882347152,-238.59433256434912,9.80665,-130.80244403681704,7.70673401856461,-126.87293654863818,0.5,1,-10,10,500,0.7,0.5,eq,0.5,35,5,5
3.7378786914194815,-100.40969001363109,1.6648435882347152,-201.94492152202008,9.80665,-88.96406047819026,7.70673401856461,-100.25372384862419,0.5,1,-10,10,500,0.7,0.5,eq,0.5,35,0,5
5.327510845438027,-94.80383130978498,1.6648435882347152,-228.1166823134861,9.80665,-125.35362615147469,7.70673401856461,-123.40618592596353,0.5,1,-10,10,500,0.7,0.5,eff,1,6.5,5,5
3.7378786914194815,-96.24059247727779,1.6648435882347152,-192.71015708568203,9.80665,-85.23285610201695,7.70673401856461,-97.87978598418923,0.5,1,-10,10,500,0.7,0.5,eff,1,6.5,0,5
5.327510845438027,-94.80383130978498,1.6648435882347152,-228.1166823134861,9.80665,-125.35362615147469,7.70673401856461,-123.40618592596353,0.5,1,-10,10,500,0.7,0.5,eff,1,35,5,5
3.7378786914194815,-97.3964960215078,1.6648435882347152,-193.86606062991206,9.80665,-86.54266382812268,7.70673401856461,-98.71313678533755,0.5,1,-10,10,500,0.7,0.5,eff,1,35,0,5
5.327510845438027,-94.80383130978498,1.7398467296524174,-226.22702037900632,9.80665,-117.8459970032715,7.70673401856461,-118.62953921615915,0.5,1,-10,10,500,0.7,1,eq,1,6.5,5,5
5.327510845438027,-99.12385130279266,1.6648435882347152,-232.4367023064938,9.80665,-130.24884045563186,7.70673401856461,-126.52071234144779,0.5,1,-10,10,500,0.7,0.5,eff,0.5,35,5,5
3.7378786914194815,-97.3964960215078,1.7398467296524174,-191.39010843448668,9.80665,-78.12907086532324,7.70673401856461,-93.36008053414979,0.5,1,-10,10,500,0.7,1,eq,1,35,0,5
3.7378786914194815,-97.91502633725602,1.6648435882347152,-194.38459094566028,9.80665,-87.13023449284083,7.70673401856461,-99.08697217691054,0.5,1,-10,10,500,0.7,0.5,eff,0.5,6.5,0,5
3.7378786914194815,-97.91502633725602,1.7398467296524174,-191.9086387502349,9.80665,-78.72023779420275,7.70673401856461,-93.73620400935533,0.5,1,-10,10,500,0.7,1,eq,0.5,6.5,0,5
3.7378786914194815,-100.40969001363109,1.6648435882347152,-196.87925462203535,9.80665,-89.95705319539535,7.70673401856461,-100.88550457485168,0.5,1,-10,10,500,0.7,0.5,eff,0.5,35,0,5
5.327510845438027,-97.19987474980884,1.6648435882347152,-230.51272575350998,9.80665,-128.06869370666206,7.70673401856461,-125.13361788196065,0.5,1,-10,10,500,0.7,0.5,eff,0.5,6.5,5,5
3.7378786914194815,-100.40969001363109,1.7398467296524174,-194.40330242660997,9.80665,-81.56435822392247,7.70673401856461,-95.54574444145825,0.5,1,-10,10,500,0.7,1,eq,0.5,35,0,5
5.327510845438027,-97.19987474980884,1.7398467296524174,-228.62306381903014,9.80665,-120.57768230513511,7.70673401856461,-120.36754403123328,0.5,1,-10,10,500,0.7,1,eq,0.5,6.5,5,5
3.7378786914194815,-96.24059247727779,1.7398467296524174,-190.23420489025668,9.80665,-76.81124637592262,7.70673401856461,-92.5216291552744,0.5,1,-10,10,500,0.7,1,eq,1,6.5,0,5
3.7378786914194815,-96.24059247727779,1.7398467296524174,-185.54716130268756,9.80665,-78.14952780791248,7.70673401856461,-93.37309603952215,0.5,1,-10,10,500,0.7,1,eff,1,6.5,0,5
5.327510845438027,-94.80383130978498,1.7398467296524174,-226.22702037900632,9.80665,-117.8459970032715,7.70673401856461,-118.62953921615915,0.5,1,-10,10,500,0.7,1,eq,1,35,5,5
5.327510845438027,-99.12385130279266,1.7398467296524174,-230.54704037201395,9.80665,-122.77117278370038,7.70673401856461,-121.76312829233582,0.5,1,-10,10,500,0.7,1,eq,0.5,35,5,5
5.327510845438027,-94.80383130978498,1.7398467296524174,-220.42979123542017,9.80665,-117.63236466325772,7.70673401856461,-118.49361798271917,0.5,1,-10,10,500,0.7,1,eff,1,6.5,5,5
5.327510845438027,-97.19987474980884,1.7398467296524174,-222.82583467544404,9.80665,-120.34439046022284,7.70673401856461,-120.2191146534063,0.5,1,-10,10,500,0.7,1,eff,0.5,6.5,5,5
5.327510845438027,-94.80383130978498,1.7398467296524174,-220.42979123542017,9.80665,-117.63236466325772,7.70673401856461,-118.49361798271917,0.5,1,-10,10,500,0.7,1,eff,1,35,5,5
3.7378786914194815,-97.3964960215078,1.7398467296524174,-186.70306484691756,9.80665,-79.45786812349087,7.70673401856461,-94.20551321681536,0.5,1,-10,10,500,0.7,1,eff,1,35,0,5
3.7378786914194815,-97.91502633725602,1.7398467296524174,-187.22159516266578,9.80665,-80.04478051797831,7.70673401856461,-94.57892979117321,0.5,1,-10,10,500,0.7,1,eff,0.5,6.5,0,5
5.327510845438027,-94.80383130978498,1.6648435882347152,-234.2743125713414,9.80665,-125.87077806165058,7.70673401856461,-123.73521815723743,0.5,1,-10,10,500,0.8,0.5,eq,1,6.5,5,5
3.7378786914194815,-100.40969001363109,1.7398467296524174,-189.71625883904088,9.80665,-82.86843226504334,7.70673401856461,-96.37544724841595,0.5,1,-10,10,500,0.7,1,eff,0.5,35,0,5
3.7378786914194815,-97.3964960215078,1.6648435882347152,-198.9317275298968,9.80665,-85.52424623847664,7.70673401856461,-98.06517976285289,0.5,1,-10,10,500,0.8,0.5,eq,1,35,0,5
3.7378786914194815,-96.24059247727779,1.6648435882347152,-192.71015708568203,9.80665,-85.23285610201695,7.70673401856461,-97.87978598418923,0.5,1,-10,10,500,0.8,0.5,eff,1,6.5,0,5
5.327510845438027,-94.80383130978498,1.6648435882347152,-228.1166823134861,9.80665,-125.35362615147469,7.70673401856461,-123.40618592596353,0.5,1,-10,10,500,0.8,0.5,eff,1,6.5,5,5
3.7378786914194815,-97.91502633725602,1.6648435882347152,-199.450257845645,9.80665,-86.1161921829952,7.70673401856461,-98.44179887821537,0.5,1,-10,10,500,0.8,0.5,eq,0.5,6.5,0,5
5.327510845438027,-94.80383130978498,1.6648435882347152,-234.2743125713414,9.80665,-125.87077806165058,7.70673401856461,-123.73521815723743,0.5,1,-10,10,500,0.8,0.5,eq,1,35,5,5
5.327510845438027,-99.12385130279266,1.6648435882347152,-238.59433256434912,9.80665,-130.80244403681704,7.70673401856461,-126.87293654863818,0.5,1,-10,10,500,0.8,0.5,eq,0.5,35,5,5
5.327510845438027,-99.12385130279266,1.7398467296524174,-224.74981122842786,9.80665,-122.52209473613652,7.70673401856461,-121.60465511619789,0.5,1,-10,10,500,0.7,1,eff,0.5,35,5,5
3.7378786914194815,-96.24059247727779,1.6648435882347152,-197.7758239856668,9.80665,-84.20468517402121,7.70673401856461,-97.22562350714392,0.5,1,-10,10,500,0.8,0.5,eq,1,6.5,0,5
5.327510845438027,-97.19987474980884,1.6648435882347152,-236.6703560113653,9.80665,-128.6060630665254,7.70673401856461,-125.47551324387473,0.5,1,-10,10,500,0.8,0.5,eq,0.5,6.5,5,5
3.7378786914194815,-100.40969001363109,1.6648435882347152,-201.94492152202008,9.80665,-88.96406047819026,7.70673401856461,-100.25372384862419,0.5,1,-10,10,500,0.8,0.5,eq,0.5,35,0,5
5.327510845438027,-94.80383130978498,1.6648435882347152,-228.1166823134861,9.80665,-125.35362615147469,7.70673401856461,-123.40618592596353,0.5,1,-10,10,500,0.8,0.5,eff,1,35,5,5
5.327510845438027,-97.19987474980884,1.6648435882347152,-230.51272575350998,9.80665,-128.06869370666206,7.70673401856461,-125.13361788196065,0.5,1,-10,10,500,0.8,0.5,eff,0.5,6.5,5,5
5.327510845438027,-99.12385130279266,1.6648435882347152,-232.4367023064938,9.80665,-130.24884045563186,7.70673401856461,-126.52071234144779,0.5,1,-10,10,500,0.8,0.5,eff,0.5,35,5,5
3.7378786914194815,-97.91502633725602,1.6648435882347152,-194.38459094566028,9.80665,-87.13023449284083,7.70673401856461,-99.08697217691054,0.5,1,-10,10,500,0.8,0.5,eff,0.5,6.5,0,5
3.7378786914194815,-96.24059247727779,1.7398467296524174,-190.23420489025668,9.80665,-76.81124637592262,7.70673401856461,-92.5216291552744,0.5,1,-10,10,500,0.8,1,eq,1,6.5,0,5
3.7378786914194815,-100.40969001363109,1.6648435882347152,-196.87925462203535,9.80665,-89.95705319539535,7.70673401856461,-100.88550457485168,0.5,1,-10,10,500,0.8,0.5,eff,0.5,35,0,5
5.327510845438027,-94.80383130978498,1.7398467296524174,-226.22702037900632,9.80665,-117.8459970032715,7.70673401856461,-118.62953921615915,0.5,1,-10,10,500,0.8,1,eq,1,35,5,5
3.7378786914194815,-97.3964960215078,1.6648435882347152,-193.86606062991206,9.80665,-86.54266382812268,7.70673401856461,-98.71313678533755,0.5,1,-10,10,500,0.8,0.5,eff,1,35,0,5
5.327510845438027,-97.19987474980884,1.7398467296524174,-228.62306381903014,9.80665,-120.57768230513511,7.70673401856461,-120.36754403123328,0.5,1,-10,10,500,0.8,1,eq,0.5,6.5,5,5
3.7378786914194815,-97.3964960215078,1.7398467296524174,-191.39010843448668,9.80665,-78.12907086532324,7.70673401856461,-93.36008053414979,0.5,1,-10,10,500,0.8,1,eq,1,35,0,5
3.7378786914194815,-100.40969001363109,1.7398467296524174,-194.40330242660997,9.80665,-81.56435822392247,7.70673401856461,-95.54574444145825,0.5,1,-10,10,500,0.8,1,eq,0.5,35,0,5
5.327510845438027,-99.12385130279266,1.7398467296524174,-230.54704037201395,9.80665,-122.77117278370038,7.70673401856461,-121.76312829233582,0.5,1,-10,10,500,0.8,1,eq,0.5,35,5,5
5.327510845438027,-94.80383130978498,1.7398467296524174,-226.22702037900632,9.80665,-117.8459970032715,7.70673401856461,-118.62953921615915,0.5,1,-10,10,500,0.8,1,eq,1,6.5,5,5
5.327510845438027,-94.80383130978498,1.7398467296524174,-220.42979123542017,9.80665,-117.63236466325772,7.70673401856461,-118.49361798271917,0.5,1,-10,10,500,0.8,1,eff,1,6.5,5,5
3.7378786914194815,-97.91502633725602,1.7398467296524174,-187.22159516266578,9.80665,-80.04478051797831,7.70673401856461,-94.57892979117321,0.5,1,-10,10,500,0.8,1,eff,0.5,6.5,0,5
3.7378786914194815,-97.91502633725602,1.7398467296524174,-191.9086387502349,9.80665,-78.72023779420275,7.70673401856461,-93.73620400935533,0.5,1,-10,10,500,0.8,1,eq,0.5,6.5,0,5
3.7378786914194815,-100.40969001363109,1.7398467296524174,-189.71625883904088,9.80665,-82.86843226504334,7.70673401856461,-96.37544724841595,0.5,1,-10,10,500,0.8,1,eff,0.5,35,0,5
3.7378786914194815,-96.24059247727779,1.7398467296524174,-185.54716130268756,9.80665,-78.14952780791248,7.70673401856461,-93.37309603952215,0.5,1,-10,10,500,0.8,1,eff,1,6.5,0,5
5.327510845438027,-94.80383130978498,1.7398467296524174,-220.42979123542017,9.80665,-117.63236466325772,7.70673401856461,-118.49361798271917,0.5,1,-10,10,500,0.8,1,eff,1,35,5,5
5.327510845438027,-97.19987474980884,1.7398467296524174,-222.82583467544404,9.80665,-120.34439046022284,7.70673401856461,-120.2191146534063,0.5,1,-10,10,500,0.8,1,eff,0.5,6.5,5,5
3.7378786914194815,-97.3964960215078,1.7398467296524174,-186.70306484691756,9.80665,-79.45786812349087,7.70673401856461,-94.20551321681536,0.5,1,-10,10,500,0.8,1,eff,1,35,0,5
5.327510845438027,-99.12385130279266,1.7398467296524174,-224.74981122842786,9.80665,-122.52209473613652,7.70673401856461,-121.60465511619789,0.5,1,-10,10,500,0.8,1,eff,0.5,35,5,5
5.327510845438027,-94.80383130978498,0.664380693404857,-375.73048077340303,3.9226599999999996,-268.59098357903304,4.764739018564611,-181.1651451816264,0.5,3,-20,2,400,0.7,0.5,eq,1,6.5,5,5
5.327510845438027,-99.12385130279266,0.664380693404857,-380.05050076641083,3.9226599999999996,-273.6524534493177,4.764739018564611,-183.24861977740315,0.5,3,-20,2,400,0.7,0.5,eq,0.5,35,5,5
3.7378786914194815,-96.24059247727779,0.664380693404857,-339.23199218772845,3.9226599999999996,-225.82821846339948,4.764739018564611,-163.56252439222763,0.5,3,-20,2,400,0.7,0.5,eq,1,6.5,0,5
3.7378786914194815,-96.24059247727779,0.664380693404857,-324.3272877173037,3.9226599999999996,-217.29590733027572,4.764739018564611,-160.0503324905248,0.5,3,-20,2,400,0.7,0.5,eff,1,6.5,0,5
5.327510845438027,-94.80383130978498,0.664380693404857,-375.73048077340303,3.9226599999999996,-268.59098357903304,4.764739018564611,-181.1651451816264,0.5,3,-20,2,400,0.7,0.5,eq,1,35,5,5
3.7378786914194815,-97.3964960215078,0.664380693404857,-340.38789573195845,3.9226599999999996,-227.18251102936608,4.764739018564611,-164.11999766160457,0.5,3,-20,2,400,0.7,0.5,eq,1,35,0,5
5.327510845438027,-94.80383130978498,0.664380693404857,-359.73381294510773,3.9226599999999996,-258.31129791947467,4.764739018564611,-176.93367399378047,0.5,3,-20,2,400,0.7,0.5,eff,1,6.5,5,5
3.7378786914194815,-97.91502633725602,0.664380693404857,-340.90642604770665,3.9226599999999996,-227.7900372860873,4.764739018564611,-164.37007630567135,0.5,3,-20,2,400,0.7,0.5,eq,0.5,6.5,0,5
5.327510845438027,-97.19987474980884,0.664380693404857,-378.126524213427,3.9226599999999996,-271.3982626442286,4.764739018564611,-182.3207175282937,0.5,3,-20,2,400,0.7,0.5,eq,0.5,6.5,5,5
3.7378786914194815,-100.40969001363109,0.664380693404857,-343.4010897240817,3.9226599999999996,-230.71286288743585,4.764739018564611,-165.5732115696087,0.5,3,-20,2,400,0.7,0.5,eq,0.5,35,0,5
5.327510845438027,-94.80383130978498,0.664380693404857,-359.73381294510773,3.9226599999999996,-258.31129791947467,4.764739018564611,-176.93367399378047,0.5,3,-20,2,400,0.7,0.5,eff,1,35,5,5
3.7378786914194815,-97.3964960215078,0.664380693404857,-325.4831912615337,3.9226599999999996,-218.6349213969867,4.764739018564611,-160.60151660558964,0.5,3,-20,2,400,0.7,0.5,eff,1,35,0,5
5.327510845438027,-99.12385130279266,0.664380693404857,-364.0538329381154,3.9226599999999996,-263.31566664149244,4.764739018564611,-178.99364379848814,0.5,3,-20,2,400,0.7,0.5,eff,0.5,35,5,5
5.327510845438027,-97.19987474980884,0.664380693404857,-362.12985638513163,3.9226599999999996,-261.08690656793976,4.764739018564611,-178.0762097106966,0.5,3,-20,2,400,0.7,0.5,eff,0.5,6.5,5,5
3.7378786914194815,-96.24059247727779,0.6968241909147566,-327.3324346811119,3.9226599999999996,-212.89665360341343,4.764739018564611,-158.23944877192264,0.5,3,-20,2,400,0.7,1,eq,1,6.5,0,5
3.7378786914194815,-97.91502633725602,0.664380693404857,-326.0017215772819,3.9226599999999996,-219.2355938242285,4.764739018564611,-160.8487739783716,0.5,3,-20,2,400,0.7,0.5,eff,0.5,6.5,0,5
3.7378786914194815,-100.40969001363109,0.664380693404857,-328.49638525365697,3.9226599999999996,-222.12544546553028,4.764739018564611,-162.0383360294201,0.5,3,-20,2,400,0.7,0.5,eff,0.5,35,0,5
5.327510845438027,-94.80383130978498,0.6968241909147566,-363.32525016986153,3.9226599999999996,-255.01288246767461,4.764739018564611,-175.57593306550024,0.5,3,-20,2,400,0.7,1,eq,1,6.5,5,5
3.7378786914194815,-97.3964960215078,0.6968241909147566,-328.4883382253419,3.9226599999999996,-214.24920959490004,4.764739018564611,-158.79620720768307,0.5,3,-20,2,400,0.7,1,eq,1,35,0,5
5.327510845438027,-94.80383130978498,0.6968241909147566,-363.32525016986153,3.9226599999999996,-255.01288246767461,4.764739018564611,-175.57593306550024,0.5,3,-20,2,400,0.7,1,eq,1,35,5,5
3.7378786914194815,-97.91502633725602,0.6968241909147566,-329.0068685410901,3.9226599999999996,-214.85595683246714,4.764739018564611,-159.04596518074743,0.5,3,-20,2,400,0.7,1,eq,0.5,6.5,0,5
5.327510845438027,-97.19987474980884,0.6968241909147566,-365.72129360988544,3.9226599999999996,-257.8165618306634,4.764739018564611,-176.73002365127743,0.5,3,-20,2,400,0.7,1,eq,0.5,6.5,5,5
5.327510845438027,-99.12385130279266,0.6968241909147566,-367.6452701628692,3.9226599999999996,-260.0678621441269,4.764739018564611,-177.6567360748963,0.5,3,-20,2,400,0.7,1,eq,0.5,35,5,5
3.7378786914194815,-100.40969001363109,0.6968241909147566,-331.5015322174652,3.9226599999999996,-217.7750345705865,4.764739018564611,-160.24755769563626,0.5,3,-20,2,400,0.7,1,eq,0.5,35,0,5
5.327510845438027,-94.80383130978498,0.6968241909147566,-348.0515354700857,3.9226599999999996,-245.59818437559548,4.764739018564611,-171.70052042757987,0.5,3,-20,2,400,0.7,1,eff,1,6.5,5,5
3.7378786914194815,-96.24059247727779,0.6968241909147566,-313.16890553735317,3.9226599999999996,-205.23355656220116,4.764739018564611,-155.08505520256233,0.5,3,-20,2,400,0.7,1,eff,1,6.5,0,5
5.327510845438027,-97.19987474980884,0.6968241909147566,-350.4475789101096,3.9226599999999996,-248.37077927088617,4.764739018564611,-172.8418155803243,0.5,3,-20,2,400,0.7,1,eff,0.5,6.5,5,5
5.327510845438027,-94.80383130978498,0.6968241909147566,-348.0515354700857,3.9226599999999996,-245.59818437559548,4.764739018564611,-171.70052042757987,0.5,3,-20,2,400,0.7,1,eff,1,35,5,5
3.7378786914194815,-97.91502633725602,0.6968241909147566,-314.84333939733136,3.9226599999999996,-207.17113694938098,4.764739018564611,-155.88262974462663,0.5,3,-20,2,400,0.7,1,eff,0.5,6.5,0,5
3.7378786914194815,-97.3964960215078,0.6968241909147566,-314.32480908158317,3.9226599999999996,-206.57111673062943,4.764739018564611,-155.63564084322846,0.5,3,-20,2,400,0.7,1,eff,1,35,0,5
5.327510845438027,-94.80383130978498,0.664380693404857,-375.73048077340303,3.9226599999999996,-268.59098357903304,4.764739018564611,-181.1651451816264,0.5,3,-20,2,400,0.8,0.5,eq,1,6.5,5,5
3.7378786914194815,-100.40969001363109,0.6968241909147566,-317.3380030737065,3.9226599999999996,-210.0578507956068,4.764739018564611,-157.0709001716024,0.5,3,-20,2,400,0.7,1,eff,0.5,35,0,5
5.327510845438027,-99.12385130279266,0.6968241909147566,-352.3715554630934,3.9226599999999996,-250.5971193609171,4.764739018564611,-173.75825351989815,0.5,3,-20,2,400,0.7,1,eff,0.5,35,5,5
3.7378786914194815,-96.24059247727779,0.664380693404857,-339.23199218772845,3.9226599999999996,-225.82821846339948,4.764739018564611,-163.56252439222763,0.5,3,-20,2,400,0.8,0.5,eq,1,6.5,0,5
5.327510845438027,-94.80383130978498,0.664380693404857,-375.73048077340303,3.9226599999999996,-268.59098357903304,4.764739018564611,-181.1651451816264,0.5,3,-20,2,400,0.8,0.5,eq,1,35,5,5
3.7378786914194815,-97.3964960215078,0.664380693404857,-340.38789573195845,3.9226599999999996,-227.18251102936608,4.764739018564611,-164.11999766160457,0.5,3,-20,2,400,0.8,0.5,eq,1,35,0,5
5.327510845438027,-97.19987474980884,0.664380693404857,-378.126524213427,3.9226599999999996,-271.3982626442286,4.764739018564611,-182.3207175282937,0.5,3,-20,2,400,0.8,0.5,eq,0.5,6.5,5,5
3.7378786914194815,-97.91502633725602,0.664380693404857,-340.90642604770665,3.9226599999999996,-227.7900372860873,4.764739018564611,-164.37007630567135,0.5,3,-20,2,400,0.8,0.5,eq,0.5,6.5,0,5
5.327510845438027,-99.12385130279266,0.664380693404857,-380.05050076641083,3.9226599999999996,-273.6524534493177,4.764739018564611,-183.24861977740315,0.5,3,-20,2,400,0.8,0.5,eq,0.5,35,5,5
5.327510845438027,-97.19987474980884,0.664380693404857,-362.12985638513163,3.9226599999999996,-261.08690656793976,4.764739018564611,-178.0762097106966,0.5,3,-20,2,400,0.8,0.5,eff,0.5,6.5,5,5
3.7378786914194815,-97.3964960215078,0.664380693404857,-325.4831912615337,3.9226599999999996,-218.6349213969867,4.764739018564611,-160.60151660558964,0.5,3,-20,2,400,0.8,0.5,eff,1,35,0,5
3.7378786914194815,-100.40969001363109,0.664380693404857,-343.4010897240817,3.9226599999999996,-230.71286288743585,4.764739018564611,-165.5732115696087,0.5,3,-20,2,400,0.8,0.5,eq,0.5,35,0,5
3.7378786914194815,-100.40969001363109,0.664380693404857,-328.49638525365697,3.9226599999999996,-222.12544546553028,4.764739018564611,-162.0383360294201,0.5,3,-20,2,400,0.8,0.5,eff,0.5,35,0,5
5.327510845438027,-94.80383130978498,0.664380693404857,-359.73381294510773,3.9226599999999996,-258.31129791947467,4.764739018564611,-176.93367399378047,0.5,3,-20,2,400,0.8,0.5,eff,1,6.5,5,5
5.327510845438027,-99.12385130279266,0.664380693404857,-364.0538329381154,3.9226599999999996,-263.31566664149244,4.764739018564611,-178.99364379848814,0.5,3,-20,2,400,0.8,0.5,eff,0.5,35,5,5
3.7378786914194815,-96.24059247727779,0.664380693404857,-324.3272877173037,3.9226599999999996,-217.29590733027572,4.764739018564611,-160.0503324905248,0.5,3,-20,2,400,0.8,0.5,eff,1,6.5,0,5
5.327510845438027,-94.80383130978498,0.664380693404857,-359.73381294510773,3.9226599999999996,-258.31129791947467,4.764739018564611,-176.93367399378047,0.5,3,-20,2,400,0.8,0.5,eff,1,35,5,5
3.7378786914194815,-97.91502633725602,0.664380693404857,-326.0017215772819,3.9226599999999996,-219.2355938242285,4.764739018564611,-160.8487739783716,0.5,3,-20,2,400,0.8,0.5,eff,0.5,6.5,0,5
5.327510845438027,-94.80383130978498,0.6968241909147566,-363.32525016986153,3.9226599999999996,-255.01288246767461,4.764739018564611,-175.57593306550024,0.5,3,-20,2,400,0.8,1,eq,1,6.5,5,5
3.7378786914194815,-96.24059247727779,0.6968241909147566,-327.3324346811119,3.9226599999999996,-212.89665360341343,4.764739018564611,-158.23944877192264,0.5,3,-20,2,400,0.8,1,eq,1,6.5,0,5
5.327510845438027,-97.19987474980884,0.6968241909147566,-365.72129360988544,3.9226599999999996,-257.8165618306634,4.764739018564611,-176.73002365127743,0.5,3,-20,2,400,0.8,1,eq,0.5,6.5,5,5
5.327510845438027,-94.80383130978498,0.6968241909147566,-363.32525016986153,3.9226599999999996,-255.01288246767461,4.764739018564611,-175.57593306550024,0.5,3,-20,2,400,0.8,1,eq,1,35,5,5
3.7378786914194815,-97.3964960215078,0.6968241909147566,-328.4883382253419,3.9226599999999996,-214.24920959490004,4.764739018564611,-158.79620720768307,0.5,3,-20,2,400,0.8,1,eq,1,35,0,5
3.7378786914194815,-97.91502633725602,0.6968241909147566,-329.0068685410901,3.9226599999999996,-214.85595683246714,4.764739018564611,-159.04596518074743,0.5,3,-20,2,400,0.8,1,eq,0.5,6.5,0,5
5.327510845438027,-94.80383130978498,0.6968241909147566,-348.0515354700857,3.9226599999999996,-245.59818437559548,4.764739018564611,-171.70052042757987,0.5,3,-20,2,400,0.8,1,eff,1,35,5,5
5.327510845438027,-94.80383130978498,0.6968241909147566,-348.0515354700857,3.9226599999999996,-245.59818437559548,4.764739018564611,-171.70052042757987,0.5,3,-20,2,400,0.8,1,eff,1,6.5,5,5
5.327510845438027,-99.12385130279266,0.6968241909147566,-367.6452701628692,3.9226599999999996,-260.0678621441269,4.764739018564611,-177.6567360748963,0.5,3,-20,2,400,0.8,1,eq,0.5,35,5,5
3.7378786914194815,-97.3964960215078,0.6968241909147566,-314.32480908158317,3.9226599999999996,-206.57111673062943,4.764739018564611,-155.63564084322846,0.5,3,-20,2,400,0.8,1,eff,1,35,0,5
3.7378786914194815,-96.24059247727779,0.6968241909147566,-313.16890553735317,3.9226599999999996,-205.23355656220116,4.764739018564611,-155.08505520256233,0.5,3,-20,2,400,0.8,1,eff,1,6.5,0,5
3.7378786914194815,-96.24059247727779,0.664380693404857,-339.23199218772845,5.883989999999999,-225.83050872916476,5.74540401856461,-174.1916332641903,0.5,3,-20,2,500,0.7,0.5,eq,1,6.5,0,5
3.7378786914194815,-97.3964960215078,0.664380693404857,-340.38789573195845,5.883989999999999,-227.18480129533285,5.74540401856461,-174.88511312136467,0.5,3,-20,2,500,0.7,0.5,eq,1,35,0,5
3.7378786914194815,-100.40969001363109,0.6968241909147566,-331.5015322174652,3.9226599999999996,-217.7750345705865,4.764739018564611,-160.24755769563626,0.5,3,-20,2,400,0.8,1,eq,0.5,35,0,5
5.327510845438027,-97.19987474980884,0.6968241909147566,-350.4475789101096,3.9226599999999996,-248.37077927088617,4.764739018564611,-172.8418155803243,0.5,3,-20,2,400,0.8,1,eff,0.5,6.5,5,5
5.327510845438027,-99.12385130279266,0.6968241909147566,-352.3715554630934,3.9226599999999996,-250.5971193609171,4.764739018564611,-173.75825351989815,0.5,3,-20,2,400,0.8,1,eff,0.5,35,5,5
3.7378786914194815,-97.91502633725602,0.6968241909147566,-314.84333939733136,3.9226599999999996,-207.17113694938098,4.764739018564611,-155.88262974462663,0.5,3,-20,2,400,0.8,1,eff,0.5,6.5,0,5
5.327510845438027,-94.80383130978498,0.664380693404857,-375.73048077340303,5.883989999999999,-268.5932738450604,5.74540401856461,-196.08876021133415,0.5,3,-20,2,500,0.7,0.5,eq,1,6.5,5,5
5.327510845438027,-97.19987474980884,0.664380693404857,-378.126524213427,5.883989999999999,-271.4005529068949,5.74540401856461,-197.52625719794037,0.5,3,-20,2,500,0.7,0.5,eq,0.5,6.5,5,5
5.327510845438027,-94.80383130978498,0.664380693404857,-375.73048077340303,5.883989999999999,-268.5932738450604,5.74540401856461,-196.08876021133415,0.5,3,-20,2,500,0.7,0.5,eq,1,35,5,5
3.7378786914194815,-100.40969001363109,0.6968241909147566,-317.3380030737065,3.9226599999999996,-210.0578507956068,4.764739018564611,-157.0709001716024,0.5,3,-20,2,400,0.8,1,eff,0.5,35,0,5
5.327510845438027,-99.12385130279266,0.664380693404857,-380.05050076641083,5.883989999999999,-273.65474371428087,5.74540401856461,-198.68053948391128,0.5,3,-20,2,500,0.7,0.5,eq,0.5,35,5,5
3.7378786914194815,-100.40969001363109,0.664380693404857,-343.4010897240817,5.883989999999999,-230.71515314990708,5.74540401856461,-176.6928671924166,0.5,3,-20,2,500,0.7,0.5,eq,0.5,35,0,5
5.327510845438027,-94.80383130978498,0.664380693404857,-359.73381294510773,5.883989999999999,-258.31338795795943,5.74540401856461,-190.8248357279212,0.5,3,-20,2,500,0.7,0.5,eff,1,6.5,5,5
3.7378786914194815,-97.91502633725602,0.664380693404857,-340.90642604770665,5.883989999999999,-227.7923275488211,5.74540401856461,-175.19620337617636,0.5,3,-20,2,500,0.7,0.5,eq,0.5,6.5,0,5
5.327510845438027,-97.19987474980884,0.664380693404857,-362.12985638513163,5.883989999999999,-261.0889966021764,5.74540401856461,-192.2461155416395,0.5,3,-20,2,500,0.7,0.5,eff,0.5,6.5,5,5
3.7378786914194815,-97.91502633725602,0.664380693404857,-326.0017215772819,5.883989999999999,-219.2376838627091,5.74540401856461,-170.81570744064234,0.5,3,-20,2,500,0.7,0.5,eff,0.5,6.5,0,5
3.7378786914194815,-100.40969001363109,0.664380693404857,-328.49638525365697,5.883989999999999,-222.12753550408362,5.74540401856461,-172.29548659145465,0.5,3,-20,2,500,0.7,0.5,eff,0.5,35,0,5
3.7378786914194815,-96.24059247727779,0.664380693404857,-324.3272877173037,5.883989999999999,-217.29799736878556,5.74540401856461,-169.82247042053865,0.5,3,-20,2,500,0.7,0.5,eff,1,6.5,0,5
3.7378786914194815,-97.3964960215078,0.664380693404857,-325.4831912615337,5.883989999999999,-218.63701143550963,5.74540401856461,-170.50812676019788,0.5,3,-20,2,500,0.7,0.5,eff,1,35,0,5
5.327510845438027,-94.80383130978498,0.664380693404857,-359.73381294510773,5.883989999999999,-258.31338795795943,5.74540401856461,-190.8248357279212,0.5,3,-20,2,500,0.7,0.5,eff,1,35,5,5
3.7378786914194815,-96.24059247727779,0.6968241909147566,-327.3324346811119,5.883989999999999,-212.89881534381644,5.74540401856461,-167.56982265552,0.5,3,-20,2,500,0.7,1,eq,1,6.5,0,5
5.327510845438027,-94.80383130978498,0.6968241909147566,-363.32525016986153,5.883989999999999,-255.01504421117144,5.74540401856461,-189.13588386657653,0.5,3,-20,2,500,0.7,1,eq,1,35,5,5
3.7378786914194815,-97.3964960215078,0.6968241909147566,-328.4883382253419,5.883989999999999,-214.25137133508625,5.74540401856461,-168.2624132811189,0.5,3,-20,2,500,0.7,1,eq,1,35,0,5
5.327510845438027,-94.80383130978498,0.6968241909147566,-363.32525016986153,5.883989999999999,-255.01504421117144,5.74540401856461,-189.13588386657653,0.5,3,-20,2,500,0.7,1,eq,1,6.5,5,5
5.327510845438027,-99.12385130279266,0.664380693404857,-364.0538329381154,5.883989999999999,-263.31775667659485,5.74540401856461,-193.387375751357,0.5,3,-20,2,500,0.7,0.5,eff,0.5,35,5,5
5.327510845438027,-97.19987474980884,0.6968241909147566,-365.72129360988544,5.883989999999999,-257.8187235706106,5.74540401856461,-190.57153758743252,0.5,3,-20,2,500,0.7,1,eq,0.5,6.5,5,5
3.7378786914194815,-100.40969001363109,0.6968241909147566,-331.5015322174652,5.883989999999999,-217.7771963107405,5.74540401856461,-170.06784931585761,0.5,3,-20,2,500,0.7,1,eq,0.5,35,0,5
3.7378786914194815,-97.91502633725602,0.6968241909147566,-329.0068685410901,5.883989999999999,-214.858118575642,5.74540401856461,-168.5731046341049,0.5,3,-20,2,500,0.7,1,eq,0.5,6.5,0,5
3.7378786914194815,-96.24059247727779,0.6968241909147566,-313.16890553735317,5.883989999999999,-205.23553132076708,5.74540401856461,-163.64575687937221,0.5,3,-20,2,500,0.7,1,eff,1,6.5,0,5
5.327510845438027,-99.12385130279266,0.6968241909147566,-367.6452701628692,5.883989999999999,-260.0700238849485,5.74540401856461,-191.72433976581348,0.5,3,-20,2,500,0.7,1,eq,0.5,35,5,5
3.7378786914194815,-97.3964960215078,0.6968241909147566,-314.32480908158317,5.883989999999999,-206.57309148920683,5.74540401856461,-164.33066873501102,0.5,3,-20,2,500,0.7,1,eff,1,35,0,5
5.327510845438027,-94.80383130978498,0.6968241909147566,-348.0515354700857,5.883989999999999,-245.60015913445955,5.74540401856461,-184.31489221276755,0.5,3,-20,2,500,0.7,1,eff,1,6.5,5,5
5.327510845438027,-97.19987474980884,0.6968241909147566,-350.4475789101096,5.883989999999999,-248.37275403068918,5.74540401856461,-185.73462880489856,0.5,3,-20,2,500,0.7,1,eff,0.5,6.5,5,5
3.7378786914194815,-97.91502633725602,0.6968241909147566,-314.84333939733136,5.883989999999999,-207.17311170512775,5.74540401856461,-164.63791544376028,0.5,3,-20,2,500,0.7,1,eff,0.5,6.5,0,5
5.327510845438027,-94.80383130978498,0.664380693404857,-375.73048077340303,5.883989999999999,-268.5932738450604,5.74540401856461,-196.08876021133415,0.5,3,-20,2,500,0.8,0.5,eq,1,6.5,5,5
5.327510845438027,-94.80383130978498,0.6968241909147566,-348.0515354700857,5.883989999999999,-245.60015913445955,5.74540401856461,-184.31489221276755,0.5,3,-20,2,500,0.7,1,eff,1,35,5,5
5.327510845438027,-99.12385130279266,0.6968241909147566,-352.3715554630934,5.883989999999999,-250.59909412049964,5.74540401856461,-186.87464983585778,0.5,3,-20,2,500,0.7,1,eff,0.5,35,5,5
3.7378786914194815,-100.40969001363109,0.6968241909147566,-317.3380030737065,5.883989999999999,-210.05982555133016,5.74540401856461,-166.1160878533099,0.5,3,-20,2,500,0.7,1,eff,0.5,35,0,5
5.327510845438027,-94.80383130978498,0.664380693404857,-375.73048077340303,5.883989999999999,-268.5932738450604,5.74540401856461,-196.08876021133415,0.5,3,-20,2,500,0.8,0.5,eq,1,35,5,5
3.7378786914194815,-96.24059247727779,0.664380693404857,-339.23199218772845,5.883989999999999,-225.83050872916476,5.74540401856461,-174.1916332641903,0.5,3,-20,2,500,0.8,0.5,eq,1,6.5,0,5
5.327510845438027,-97.19987474980884,0.664380693404857,-378.126524213427,5.883989999999999,-271.4005529068949,5.74540401856461,-197.52625719794037,0.5,3,-20,2,500,0.8,0.5,eq,0.5,6.5,5,5
3.7378786914194815,-97.3964960215078,0.664380693404857,-340.38789573195845,5.883989999999999,-227.18480129533285,5.74540401856461,-174.88511312136467,0.5,3,-20,2,500,0.8,0.5,eq,1,35,0,5
3.7378786914194815,-97.91502633725602,0.664380693404857,-340.90642604770665,5.883989999999999,-227.7923275488211,5.74540401856461,-175.19620337617636,0.5,3,-20,2,500,0.8,0.5,eq,0.5,6.5,0,5
5.327510845438027,-94.80383130978498,0.664380693404857,-359.73381294510773,5.883989999999999,-258.31338795795943,5.74540401856461,-190.8248357279212,0.5,3,-20,2,500,0.8,0.5,eff,1,35,5,5
3.7378786914194815,-96.24059247727779,0.664380693404857,-324.3272877173037,5.883989999999999,-217.29799736878556,5.74540401856461,-169.82247042053865,0.5,3,-20,2,500,0.8,0.5,eff,1,6.5,0,5
5.327510845438027,-99.12385130279266,0.664380693404857,-380.05050076641083,5.883989999999999,-273.65474371428087,5.74540401856461,-198.68053948391128,0.5,3,-20,2,500,0.8,0.5,eq,0.5,35,5,5
5.327510845438027,-94.80383130978498,0.664380693404857,-359.73381294510773,5.883989999999999,-258.31338795795943,5.74540401856461,-190.8248357279212,0.5,3,-20,2,500,0.8,0.5,eff,1,6.5,5,5
3.7378786914194815,-100.40969001363109,0.664380693404857,-343.4010897240817,5.883989999999999,-230.71515314990708,5.74540401856461,-176.6928671924166,0.5,3,-20,2,500,0.8,0.5,eq,0.5,35,0,5
3.7378786914194815,-97.3964960215078,0.664380693404857,-325.4831912615337,5.883989999999999,-218.63701143550963,5.74540401856461,-170.50812676019788,0.5,3,-20,2,500,0.8,0.5,eff,1,35,0,5
5.327510845438027,-97.19987474980884,0.664380693404857,-362.12985638513163,5.883989999999999,-261.0889966021764,5.74540401856461,-192.2461155416395,0.5,3,-20,2,500,0.8,0.5,eff,0.5,6.5,5,5
3.7378786914194815,-97.91502633725602,0.664380693404857,-326.0017215772819,5.883989999999999,-219.2376838627091,5.74540401856461,-170.81570744064234,0.5,3,-20,2,500,0.8,0.5,eff,0.5,6.5,0,5
3.7378786914194815,-100.40969001363109,0.664380693404857,-328.49638525365697,5.883989999999999,-222.12753550408362,5.74540401856461,-172.29548659145465,0.5,3,-20,2,500,0.8,0.5,eff,0.5,35,0,5
5.327510845438027,-94.80383130978498,0.6968241909147566,-363.32525016986153,5.883989999999999,-255.01504421117144,5.74540401856461,-189.13588386657653,0.5,3,-20,2,500,0.8,1,eq,1,6.5,5,5
5.327510845438027,-99.12385130279266,0.664380693404857,-364.0538329381154,5.883989999999999,-263.31775667659485,5.74540401856461,-193.387375751357,0.5,3,-20,2,500,0.8,0.5,eff,0.5,35,5,5
3.7378786914194815,-96.24059247727779,0.6968241909147566,-327.3324346811119,5.883989999999999,-212.89881534381644,5.74540401856461,-167.56982265552,0.5,3,-20,2,500,0.8,1,eq,1,6.5,0,5
5.327510845438027,-94.80383130978498,0.6968241909147566,-363.32525016986153,5.883989999999999,-255.01504421117144,5.74540401856461,-189.13588386657653,0.5,3,-20,2,500,0.8,1,eq,1,35,5,5
3.7378786914194815,-97.3964960215078,0.6968241909147566,-328.4883382253419,5.883989999999999,-214.25137133508625,5.74540401856461,-168.2624132811189,0.5,3,-20,2,500,0.8,1,eq,1,35,0,5
5.327510845438027,-97.19987474980884,0.6968241909147566,-365.72129360988544,5.883989999999999,-257.8187235706106,5.74540401856461,-190.57153758743252,0.5,3,-20,2,500,0.8,1,eq,0.5,6.5,5,5
3.7378786914194815,-100.40969001363109,0.6968241909147566,-331.5015322174652,5.883989999999999,-217.7771963107405,5.74540401856461,-170.06784931585761,0.5,3,-20,2,500,0.8,1,eq,0.5,35,0,5
5.327510845438027,-99.12385130279266,0.6968241909147566,-367.6452701628692,5.883989999999999,-260.0700238849485,5.74540401856461,-191.72433976581348,0.5,3,-20,2,500,0.8,1,eq,0.5,35,5,5
3.7378786914194815,-97.91502633725602,0.6968241909147566,-329.0068685410901,5.883989999999999,-214.858118575642,5.74540401856461,-168.5731046341049,0.5,3,-20,2,500,0.8,1,eq,0.5,6.5,0,5
5.327510845438027,-94.80383130978498,0.6968241909147566,-348.0515354700857,5.883989999999999,-245.60015913445955,5.74540401856461,-184.31489221276755,0.5,3,-20,2,500,0.8,1,eff,1,6.5,5,5
3.7378786914194815,-96.24059247727779,0.6968241909147566,-313.16890553735317,5.883989999999999,-205.23553132076708,5.74540401856461,-163.64575687937221,0.5,3,-20,2,500,0.8,1,eff,1,6.5,0,5
3.7378786914194815,-97.3964960215078,0.6968241909147566,-314.32480908158317,5.883989999999999,-206.57309148920683,5.74540401856461,-164.33066873501102,0.5,3,-20,2,500,0.8,1,eff,1,35,0,5
5.327510845438027,-97.19987474980884,0.6968241909147566,-350.4475789101096,5.883989999999999,-248.37275403068918,5.74540401856461,-185.73462880489856,0.5,3,-20,2,500,0.8,1,eff,0.5,6.5,5,5
3.7378786914194815,-97.91502633725602,0.6968241909147566,-314.84333939733136,5.883989999999999,-207.17311170512775,5.74540401856461,-164.63791544376028,0.5,3,-20,2,500,0.8,1,eff,0.5,6.5,0,5
5.327510845438027,-94.80383130978498,0.6968241909147566,-348.0515354700857,5.883989999999999,-245.60015913445955,5.74540401856461,-184.31489221276755,0.5,3,-20,2,500,0.8,1,eff,1,35,5,5
3.7378786914194815,-100.40969001363109,0.6968241909147566,-317.3380030737065,5.883989999999999,-210.05982555133016,5.74540401856461,-166.1160878533099,0.5,3,-20,2,500,0.8,1,eff,0.5,35,0,5
5.327510845438027,-99.12385130279266,0.6968241909147566,-352.3715554630934,5.883989999999999,-250.59909412049964,5.74540401856461,-186.87464983585778,0.5,3,-20,2,500,0.8,1,eff,0.5,35,5,5
5.327510845438027,-94.80383130978498,0.664380693404857,-375.73048077340303,19.613300000000002,-268.6093056964809,12.610059018564613,-235.5711837321983,0.5,3,-20,10,400,0.7,0.5,eq,1,6.5,5,5
3.7378786914194815,-96.24059247727779,0.664380693404857,-339.23199218772845,19.613300000000002,-225.84654057766997,12.610059018564613,-202.31523545035412,0.5,3,-20,10,400,0.7,0.5,eq,1,6.5,0,5
5.327510845438027,-94.80383130978498,0.664380693404857,-375.73048077340303,19.613300000000002,-268.6093056964809,12.610059018564613,-235.5711837321983,0.5,3,-20,10,400,0.7,0.5,eq,1,35,5,5
3.7378786914194815,-97.3964960215078,0.664380693404857,-340.38789573195845,19.613300000000002,-227.20083314387648,12.610059018564613,-203.36844806219335,0.5,3,-20,10,400,0.7,0.5,eq,1,35,0,5
5.327510845438027,-97.19987474980884,0.664380693404857,-378.126524213427,19.613300000000002,-271.4165847573945,12.610059018564613,-237.75436171432972,0.5,3,-20,10,400,0.7,0.5,eq,0.5,6.5,5,5
3.7378786914194815,-97.3964960215078,0.664380693404857,-325.4831912615337,19.613300000000002,-218.65164169149517,12.610059018564613,-196.7198726484648,0.5,3,-20,10,400,0.7,0.5,eff,1,35,0,5
3.7378786914194815,-96.24059247727779,0.664380693404857,-324.3272877173037,19.613300000000002,-217.31262762477843,12.610059018564613,-195.6785418919602,0.5,3,-20,10,400,0.7,0.5,eff,1,6.5,0,5
5.327510845438027,-99.12385130279266,0.664380693404857,-380.05050076641083,19.613300000000002,-273.6707755633207,12.610059018564613,-239.5074114212654,0.5,3,-20,10,400,0.7,0.5,eq,0.5,35,5,5
3.7378786914194815,-100.40969001363109,0.664380693404857,-343.4010897240817,19.613300000000002,-230.73118500168567,12.610059018564613,-206.11394869747312,0.5,3,-20,10,400,0.7,0.5,eq,0.5,35,0,5
5.327510845438027,-94.80383130978498,0.664380693404857,-359.73381294510773,19.613300000000002,-258.3280182149117,12.610059018564613,-227.5755837328093,0.5,3,-20,10,400,0.7,0.5,eff,1,35,5,5
3.7378786914194815,-97.91502633725602,0.664380693404857,-340.90642604770665,19.613300000000002,-227.8083593995837,12.610059018564613,-203.8409119377993,0.5,3,-20,10,400,0.7,0.5,eq,0.5,6.5,0,5
3.7378786914194815,-97.91502633725602,0.664380693404857,-326.0017215772819,19.613300000000002,-219.25231411974215,12.610059018564613,-197.18700640729935,0.5,3,-20,10,400,0.7,0.5,eff,0.5,6.5,0,5
5.327510845438027,-94.80383130978498,0.664380693404857,-359.73381294510773,19.613300000000002,-258.3280182149117,12.610059018564613,-227.5755837328093,0.5,3,-20,10,400,0.7,0.5,eff,1,6.5,5,5
5.327510845438027,-97.19987474980884,0.664380693404857,-362.12985638513163,19.613300000000002,-261.1036268591913,12.610059018564613,-229.7341321163936,0.5,3,-20,10,400,0.7,0.5,eff,0.5,6.5,5,5
5.327510845438027,-99.12385130279266,0.664380693404857,-364.0538329381154,19.613300000000002,-263.3323869362771,12.610059018564613,-231.4674047345292,0.5,3,-20,10,400,0.7,0.5,eff,0.5,35,5,5
5.327510845438027,-94.80383130978498,0.6968241909147566,-363.32525016986153,19.613300000000002,-255.03017640570573,12.610059018564613,-225.01090260557288,0.5,3,-20,10,400,0.7,1,eq,1,6.5,5,5
3.7378786914194815,-100.40969001363109,0.6968241909147566,-331.5015322174652,19.613300000000002,-217.79232850533606,12.610059018564613,-196.0515979286842,0.5,3,-20,10,400,0.7,1,eq,0.5,35,0,5
3.7378786914194815,-96.24059247727779,0.6968241909147566,-327.3324346811119,19.613300000000002,-212.91394753846095,12.610059018564613,-192.25775567636992,0.5,3,-20,10,400,0.7,1,eq,1,6.5,0,5
5.327510845438027,-99.12385130279266,0.6968241909147566,-367.6452701628692,19.613300000000002,-260.08515607892053,12.610059018564613,-228.9420829703397,0.5,3,-20,10,400,0.7,1,eq,0.5,35,5,5
3.7378786914194815,-100.40969001363109,0.664380693404857,-328.49638525365697,19.613300000000002,-222.14216576006402,12.610059018564613,-199.43439982130639,0.5,3,-20,10,400,0.7,0.5,eff,0.5,35,0,5
5.327510845438027,-94.80383130978498,0.6968241909147566,-363.32525016986153,19.613300000000002,-255.03017640570573,12.610059018564613,-225.01090260557288,0.5,3,-20,10,400,0.7,1,eq,1,35,5,5
3.7378786914194815,-97.3964960215078,0.6968241909147566,-328.4883382253419,19.613300000000002,-214.26650352966809,12.610059018564613,-193.3096177803969,0.5,3,-20,10,400,0.7,1,eq,1,35,0,5
3.7378786914194815,-97.91502633725602,0.6968241909147566,-329.0068685410901,19.613300000000002,-214.87325077022402,12.610059018564613,-193.78147582783654,0.5,3,-20,10,400,0.7,1,eq,0.5,6.5,0,5
5.327510845438027,-94.80383130978498,0.6968241909147566,-348.0515354700857,19.613300000000002,-245.6139824371591,12.610059018564613,-217.68807259774314,0.5,3,-20,10,400,0.7,1,eff,1,6.5,5,5
5.327510845438027,-97.19987474980884,0.6968241909147566,-365.72129360988544,19.613300000000002,-257.83385576507817,12.610059018564613,-227.19128115488118,0.5,3,-20,10,400,0.7,1,eq,0.5,6.5,5,5
3.7378786914194815,-96.24059247727779,0.6968241909147566,-313.16890553735317,19.613300000000002,-205.249354623764,12.610059018564613,-186.29711901350777,0.5,3,-20,10,400,0.7,1,eff,1,6.5,0,5
5.327510845438027,-97.19987474980884,0.6968241909147566,-350.4475789101096,19.613300000000002,-248.38657733244236,12.610059018564613,-219.84427723483492,0.5,3,-20,10,400,0.7,1,eff,0.5,6.5,5,5
5.327510845438027,-94.80383130978498,0.6968241909147566,-348.0515354700857,19.613300000000002,-245.6139824371591,12.610059018564613,-217.68807259774314,0.5,3,-20,10,400,0.7,1,eff,1,35,5,5
3.7378786914194815,-97.3964960215078,0.6968241909147566,-314.32480908158317,19.613300000000002,-206.58691479198114,12.610059018564613,-187.33731909538963,0.5,3,-20,10,400,0.7,1,eff,1,35,0,5
3.7378786914194815,-97.91502633725602,0.6968241909147566,-314.84333939733136,19.613300000000002,-207.18693501099264,12.610059018564613,-187.80394564107883,0.5,3,-20,10,400,0.7,1,eff,0.5,6.5,0,5
5.327510845438027,-94.80383130978498,0.664380693404857,-375.73048077340303,19.613300000000002,-268.6093056964809,12.610059018564613,-235.5711837321983,0.5,3,-20,10,400,0.8,0.5,eq,1,35,5,5
5.327510845438027,-99.12385130279266,0.6968241909147566,-352.3715554630934,19.613300000000002,-250.612917423162,12.610059018564613,-221.57566786659277,0.5,3,-20,10,400,0.7,1,eff,0.5,35,5,5
5.327510845438027,-99.12385130279266,0.664380693404857,-380.05050076641083,19.613300000000002,-273.6707755633207,12.610059018564613,-239.5074114212654,0.5,3,-20,10,400,0.8,0.5,eq,0.5,35,5,5
3.7378786914194815,-96.24059247727779,0.664380693404857,-339.23199218772845,19.613300000000002,-225.84654057766997,12.610059018564613,-202.31523545035412,0.5,3,-20,10,400,0.8,0.5,eq,1,6.5,0,5
5.327510845438027,-94.80383130978498,0.664380693404857,-375.73048077340303,19.613300000000002,-268.6093056964809,12.610059018564613,-235.5711837321983,0.5,3,-20,10,400,0.8,0.5,eq,1,6.5,5,5
3.7378786914194815,-97.3964960215078,0.664380693404857,-340.38789573195845,19.613300000000002,-227.20083314387648,12.610059018564613,-203.36844806219335,0.5,3,-20,10,400,0.8,0.5,eq,1,35,0,5
3.7378786914194815,-100.40969001363109,0.6968241909147566,-317.3380030737065,19.613300000000002,-210.0736488572299,12.610059018564613,-190.0488988406258,0.5,3,-20,10,400,0.7,1,eff,0.5,35,0,5
5.327510845438027,-94.80383130978498,0.664380693404857,-359.73381294510773,19.613300000000002,-258.3280182149117,12.610059018564613,-227.5755837328093,0.5,3,-20,10,400,0.8,0.5,eff,1,6.5,5,5
3.7378786914194815,-100.40969001363109,0.664380693404857,-343.4010897240817,19.613300000000002,-230.73118500168567,12.610059018564613,-206.11394869747312,0.5,3,-20,10,400,0.8,0.5,eq,0.5,35,0,5
3.7378786914194815,-97.91502633725602,0.664380693404857,-340.90642604770665,19.613300000000002,-227.8083593995837,12.610059018564613,-203.8409119377993,0.5,3,-20,10,400,0.8,0.5,eq,0.5,6.5,0,5
5.327510845438027,-94.80383130978498,0.664380693404857,-359.73381294510773,19.613300000000002,-258.3280182149117,12.610059018564613,-227.5755837328093,0.5,3,-20,10,400,0.8,0.5,eff,1,35,5,5
5.327510845438027,-97.19987474980884,0.664380693404857,-378.126524213427,19.613300000000002,-271.4165847573945,12.610059018564613,-237.75436171432972,0.5,3,-20,10,400,0.8,0.5,eq,0.5,6.5,5,5
3.7378786914194815,-96.24059247727779,0.664380693404857,-324.3272877173037,19.613300000000002,-217.31262762477843,12.610059018564613,-195.6785418919602,0.5,3,-20,10,400,0.8,0.5,eff,1,6.5,0,5
3.7378786914194815,-97.3964960215078,0.664380693404857,-325.4831912615337,19.613300000000002,-218.65164169149517,12.610059018564613,-196.7198726484648,0.5,3,-20,10,400,0.8,0.5,eff,1,35,0,5
3.7378786914194815,-97.91502633725602,0.664380693404857,-326.0017215772819,19.613300000000002,-219.25231411974215,12.610059018564613,-197.18700640729935,0.5,3,-20,10,400,0.8,0.5,eff,0.5,6.5,0,5
5.327510845438027,-99.12385130279266,0.664380693404857,-364.0538329381154,19.613300000000002,-263.3323869362771,12.610059018564613,-231.4674047345292,0.5,3,-20,10,400,0.8,0.5,eff,0.5,35,5,5
5.327510845438027,-97.19987474980884,0.664380693404857,-362.12985638513163,19.613300000000002,-261.1036268591913,12.610059018564613,-229.7341321163936,0.5,3,-20,10,400,0.8,0.5,eff,0.5,6.5,5,5
3.7378786914194815,-96.24059247727779,0.6968241909147566,-327.3324346811119,19.613300000000002,-212.91394753846095,12.610059018564613,-192.25775567636992,0.5,3,-20,10,400,0.8,1,eq,1,6.5,0,5
5.327510845438027,-94.80383130978498,0.6968241909147566,-363.32525016986153,19.613300000000002,-255.03017640570573,12.610059018564613,-225.01090260557288,0.5,3,-20,10,400,0.8,1,eq,1,35,5,5
3.7378786914194815,-100.40969001363109,0.664380693404857,-328.49638525365697,19.613300000000002,-222.14216576006402,12.610059018564613,-199.43439982130639,0.5,3,-20,10,400,0.8,0.5,eff,0.5,35,0,5
5.327510845438027,-94.80383130978498,0.6968241909147566,-363.32525016986153,19.613300000000002,-255.03017640570573,12.610059018564613,-225.01090260557288,0.5,3,-20,10,400,0.8,1,eq,1,6.5,5,5
3.7378786914194815,-97.3964960215078,0.6968241909147566,-328.4883382253419,19.613300000000002,-214.26650352966809,12.610059018564613,-193.3096177803969,0.5,3,-20,10,400,0.8,1,eq,1,35,0,5
3.7378786914194815,-100.40969001363109,0.6968241909147566,-331.5015322174652,19.613300000000002,-217.79232850533606,12.610059018564613,-196.0515979286842,0.5,3,-20,10,400,0.8,1,eq,0.5,35,0,5
3.7378786914194815,-96.24059247727779,0.6968241909147566,-313.16890553735317,19.613300000000002,-205.249354623764,12.610059018564613,-186.29711901350777,0.5,3,-20,10,400,0.8,1,eff,1,6.5,0,5
5.327510845438027,-97.19987474980884,0.6968241909147566,-350.4475789101096,19.613300000000002,-248.38657733244236,12.610059018564613,-219.84427723483492,0.5,3,-20,10,400,0.8,1,eff,0.5,6.5,5,5
5.327510845438027,-94.80383130978498,0.6968241909147566,-348.0515354700857,19.613300000000002,-245.6139824371591,12.610059018564613,-217.68807259774314,0.5,3,-20,10,400,0.8,1,eff,1,35,5,5
5.327510845438027,-99.12385130279266,0.6968241909147566,-367.6452701628692,19.613300000000002,-260.08515607892053,12.610059018564613,-228.9420829703397,0.5,3,-20,10,400,0.8,1,eq,0.5,35,5,5
3.7378786914194815,-97.91502633725602,0.6968241909147566,-329.0068685410901,19.613300000000002,-214.87325077022402,12.610059018564613,-193.78147582783654,0.5,3,-20,10,400,0.8,1,eq,0.5,6.5,0,5
5.327510845438027,-97.19987474980884,0.6968241909147566,-365.72129360988544,19.613300000000002,-257.83385576507817,12.610059018564613,-227.19128115488118,0.5,3,-20,10,400,0.8,1,eq,0.5,6.5,5,5
5.327510845438027,-94.80383130978498,0.6968241909147566,-348.0515354700857,19.613300000000002,-245.6139824371591,12.610059018564613,-217.68807259774314,0.5,3,-20,10,400,0.8,1,eff,1,6.5,5,5
3.7378786914194815,-100.40969001363109,0.6968241909147566,-317.3380030737065,19.613300000000002,-210.0736488572299,12.610059018564613,-190.0488988406258,0.5,3,-20,10,400,0.8,1,eff,0.5,35,0,5
3.7378786914194815,-97.91502633725602,0.6968241909147566,-314.84333939733136,19.613300000000002,-207.18693501099264,12.610059018564613,-187.80394564107883,0.5,3,-20,10,400,0.8,1,eff,0.5,6.5,0,5
3.7378786914194815,-97.3964960215078,0.6968241909147566,-314.32480908158317,19.613300000000002,-206.58691479198114,12.610059018564613,-187.33731909538963,0.5,3,-20,10,400,0.8,1,eff,1,35,0,5
5.327510845438027,-99.12385130279266,0.6968241909147566,-352.3715554630934,19.613300000000002,-250.612917423162,12.610059018564613,-221.57566786659277,0.5,3,-20,10,400,0.8,1,eff,0.5,35,5,5
5.327510845438027,-94.80383130978498,0.664380693404857,-375.73048077340303,29.41995,-268.6207570157885,17.51338401856461,-244.8306790889695,0.5,3,-20,10,500,0.7,0.5,eq,1,6.5,5,5
3.7378786914194815,-96.24059247727779,0.664380693404857,-339.23199218772845,29.41995,-225.85799189994867,17.51338401856461,-208.91305145526485,0.5,3,-20,10,500,0.7,0.5,eq,1,6.5,0,5
3.7378786914194815,-97.3964960215078,0.664380693404857,-340.38789573195845,29.41995,-227.21228446610678,17.51338401856461,-210.05055919047766,0.5,3,-20,10,500,0.7,0.5,eq,1,35,0,5
3.7378786914194815,-97.91502633725602,0.664380693404857,-340.90642604770665,29.41995,-227.81981072282466,17.51338401856461,-210.56083727486686,0.5,3,-20,10,500,0.7,0.5,eq,0.5,6.5,0,5
5.327510845438027,-94.80383130978498,0.664380693404857,-375.73048077340303,29.41995,-268.6207570157885,17.51338401856461,-244.8306790889695,0.5,3,-20,10,500,0.7,0.5,eq,1,35,5,5
3.7378786914194815,-100.40969001363109,0.664380693404857,-343.4010897240817,29.41995,-230.74263632398765,17.51338401856461,-213.01579923292647,0.5,3,-20,10,500,0.7,0.5,eq,0.5,35,0,5
5.327510845438027,-94.80383130978498,0.664380693404857,-359.73381294510773,29.41995,-258.3384683970431,17.51338401856461,-236.19430085594496,0.5,3,-20,10,500,0.7,0.5,eff,1,6.5,5,5
5.327510845438027,-97.19987474980884,0.664380693404857,-378.126524213427,29.41995,-271.4280360801377,17.51338401856461,-247.18859031907937,0.5,3,-20,10,500,0.7,0.5,eq,0.5,6.5,5,5
3.7378786914194815,-96.24059247727779,0.664380693404857,-324.3272877173037,29.41995,-217.32307780789984,17.51338401856461,-201.74434135400153,0.5,3,-20,10,500,0.7,0.5,eff,1,6.5,0,5
5.327510845438027,-97.19987474980884,0.664380693404857,-362.12985638513163,29.41995,-261.1140770454979,17.51338401856461,-238.52561122893013,0.5,3,-20,10,500,0.7,0.5,eff,0.5,6.5,5,5
3.7378786914194815,-97.3964960215078,0.664380693404857,-325.4831912615337,29.41995,-218.66209187480757,17.51338401856461,-202.86901625566435,0.5,3,-20,10,500,0.7,0.5,eff,1,35,0,5
5.327510845438027,-94.80383130978498,0.664380693404857,-359.73381294510773,29.41995,-258.3384683970431,17.51338401856461,-236.19430085594496,0.5,3,-20,10,500,0.7,0.5,eff,1,35,5,5
5.327510845438027,-99.12385130279266,0.664380693404857,-364.0538329381154,29.41995,-263.34283711910484,17.51338401856461,-240.39760837859603,0.5,3,-20,10,500,0.7,0.5,eff,0.5,35,5,5
5.327510845438027,-99.12385130279266,0.664380693404857,-380.05050076641083,29.41995,-273.68222688591766,17.51338401856461,-249.0819474431566,0.5,3,-20,10,500,0.7,0.5,eq,0.5,35,5,5
5.327510845438027,-94.80383130978498,0.6968241909147566,-363.32525016986153,29.41995,-255.04098511686217,17.51338401856461,-233.4246535643101,0.5,3,-20,10,500,0.7,1,eq,1,6.5,5,5
3.7378786914194815,-97.91502633725602,0.664380693404857,-326.0017215772819,29.41995,-219.26276430180397,17.51338401856461,-203.37353761915057,0.5,3,-20,10,500,0.7,0.5,eff,0.5,6.5,0,5
3.7378786914194815,-100.40969001363109,0.664380693404857,-328.49638525365697,29.41995,-222.15261594622052,17.51338401856461,-205.8008038401171,0.5,3,-20,10,500,0.7,0.5,eff,0.5,35,0,5
5.327510845438027,-99.12385130279266,0.6968241909147566,-367.6452701628692,29.41995,-260.0959647900853,17.51338401856461,-237.67047062284075,0.5,3,-20,10,500,0.7,1,eq,0.5,35,5,5
3.7378786914194815,-96.24059247727779,0.6968241909147566,-327.3324346811119,29.41995,-212.92475624847026,17.51338401856461,-198.0500695837607,0.5,3,-20,10,500,0.7,1,eq,1,6.5,0,5
5.327510845438027,-94.80383130978498,0.6968241909147566,-363.32525016986153,29.41995,-255.04098511686217,17.51338401856461,-233.4246535643101,0.5,3,-20,10,500,0.7,1,eq,1,35,5,5
3.7378786914194815,-97.3964960215078,0.6968241909147566,-328.4883382253419,29.41995,-214.2773122396996,17.51338401856461,-199.18611872172255,0.5,3,-20,10,500,0.7,1,eq,1,35,0,5
5.327510845438027,-97.19987474980884,0.6968241909147566,-365.72129360988544,29.41995,-257.84466447624317,17.51338401856461,-235.77954130278434,0.5,3,-20,10,500,0.7,1,eq,0.5,6.5,5,5
3.7378786914194815,-100.40969001363109,0.6968241909147566,-331.5015322174652,29.41995,-217.80313721643543,17.51338401856461,-202.14755651165396,0.5,3,-20,10,500,0.7,1,eq,0.5,35,0,5
3.7378786914194815,-97.91502633725602,0.6968241909147566,-329.0068685410901,29.41995,-214.88405948131324,17.51338401856461,-199.69574248980726,0.5,3,-20,10,500,0.7,1,eq,0.5,6.5,0,5
5.327510845438027,-94.80383130978498,0.6968241909147566,-348.0515354700857,29.41995,-245.6238562284208,17.51338401856461,-225.5149468866109,0.5,3,-20,10,500,0.7,1,eff,1,6.5,5,5
3.7378786914194815,-97.91502633725602,0.6968241909147566,-314.84333939733136,29.41995,-207.19680879860326,17.51338401856461,-193.23900830059915,0.5,3,-20,10,500,0.7,1,eff,0.5,6.5,0,5
3.7378786914194815,-100.40969001363109,0.6968241909147566,-317.3380030737065,29.41995,-210.08352264482005,17.51338401856461,-195.66363899818396,0.5,3,-20,10,500,0.7,1,eff,0.5,35,0,5
5.327510845438027,-94.80383130978498,0.664380693404857,-375.73048077340303,29.41995,-268.6207570157885,17.51338401856461,-244.8306790889695,0.5,3,-20,10,500,0.8,0.5,eq,1,6.5,5,5
5.327510845438027,-99.12385130279266,0.6968241909147566,-352.3715554630934,29.41995,-250.6227912144935,17.51338401856461,-229.71369046431155,0.5,3,-20,10,500,0.7,1,eff,0.5,35,5,5
3.7378786914194815,-96.24059247727779,0.6968241909147566,-313.16890553735317,29.41995,-205.25922841443412,17.51338401856461,-191.61158101519237,0.5,3,-20,10,500,0.7,1,eff,1,6.5,0,5
5.327510845438027,-97.19987474980884,0.6968241909147566,-350.4475789101096,29.41995,-248.39645112109812,17.51338401856461,-227.84372592287127,0.5,3,-20,10,500,0.7,1,eff,0.5,6.5,5,5
5.327510845438027,-94.80383130978498,0.6968241909147566,-348.0515354700857,29.41995,-245.6238562284208,17.51338401856461,-225.5149468866109,0.5,3,-20,10,500,0.7,1,eff,1,35,5,5
3.7378786914194815,-97.3964960215078,0.6968241909147566,-314.32480908158317,29.41995,-206.5967885809666,17.51338401856461,-192.7350347457697,0.5,3,-20,10,500,0.7,1,eff,1,35,0,5
3.7378786914194815,-97.3964960215078,0.664380693404857,-340.38789573195845,29.41995,-227.21228446610678,17.51338401856461,-210.05055919047766,0.5,3,-20,10,500,0.8,0.5,eq,1,35,0,5
5.327510845438027,-94.80383130978498,0.664380693404857,-375.73048077340303,29.41995,-268.6207570157885,17.51338401856461,-244.8306790889695,0.5,3,-20,10,500,0.8,0.5,eq,1,35,5,5
3.7378786914194815,-96.24059247727779,0.664380693404857,-339.23199218772845,29.41995,-225.85799189994867,17.51338401856461,-208.91305145526485,0.5,3,-20,10,500,0.8,0.5,eq,1,6.5,0,5
3.7378786914194815,-97.91502633725602,0.664380693404857,-340.90642604770665,29.41995,-227.81981072282466,17.51338401856461,-210.56083727486686,0.5,3,-20,10,500,0.8,0.5,eq,0.5,6.5,0,5
5.327510845438027,-97.19987474980884,0.664380693404857,-378.126524213427,29.41995,-271.4280360801377,17.51338401856461,-247.18859031907937,0.5,3,-20,10,500,0.8,0.5,eq,0.5,6.5,5,5
5.327510845438027,-99.12385130279266,0.664380693404857,-380.05050076641083,29.41995,-273.68222688591766,17.51338401856461,-249.0819474431566,0.5,3,-20,10,500,0.8,0.5,eq,0.5,35,5,5
3.7378786914194815,-100.40969001363109,0.664380693404857,-343.4010897240817,29.41995,-230.74263632398765,17.51338401856461,-213.01579923292647,0.5,3,-20,10,500,0.8,0.5,eq,0.5,35,0,5
5.327510845438027,-94.80383130978498,0.664380693404857,-359.73381294510773,29.41995,-258.3384683970431,17.51338401856461,-236.19430085594496,0.5,3,-20,10,500,0.8,0.5,eff,1,6.5,5,5
5.327510845438027,-97.19987474980884,0.664380693404857,-362.12985638513163,29.41995,-261.1140770454979,17.51338401856461,-238.52561122893013,0.5,3,-20,10,500,0.8,0.5,eff,0.5,6.5,5,5
5.327510845438027,-94.80383130978498,0.664380693404857,-359.73381294510773,29.41995,-258.3384683970431,17.51338401856461,-236.19430085594496,0.5,3,-20,10,500,0.8,0.5,eff,1,35,5,5
3.7378786914194815,-96.24059247727779,0.664380693404857,-324.3272877173037,29.41995,-217.32307780789984,17.51338401856461,-201.74434135400153,0.5,3,-20,10,500,0.8,0.5,eff,1,6.5,0,5
3.7378786914194815,-97.3964960215078,0.664380693404857,-325.4831912615337,29.41995,-218.66209187480757,17.51338401856461,-202.86901625566435,0.5,3,-20,10,500,0.8,0.5,eff,1,35,0,5
5.327510845438027,-99.12385130279266,0.664380693404857,-364.0538329381154,29.41995,-263.34283711910484,17.51338401856461,-240.39760837859603,0.5,3,-20,10,500,0.8,0.5,eff,0.5,35,5,5
3.7378786914194815,-100.40969001363109,0.664380693404857,-328.49638525365697,29.41995,-222.15261594622052,17.51338401856461,-205.8008038401171,0.5,3,-20,10,500,0.8,0.5,eff,0.5,35,0,5
3.7378786914194815,-97.91502633725602,0.664380693404857,-326.0017215772819,29.41995,-219.26276430180397,17.51338401856461,-203.37353761915057,0.5,3,-20,10,500,0.8,0.5,eff,0.5,6.5,0,5
3.7378786914194815,-96.24059247727779,0.6968241909147566,-327.3324346811119,29.41995,-212.92475624847026,17.51338401856461,-198.0500695837607,0.5,3,-20,10,500,0.8,1,eq,1,6.5,0,5
5.327510845438027,-94.80383130978498,0.6968241909147566,-363.32525016986153,29.41995,-255.04098511686217,17.51338401856461,-233.4246535643101,0.5,3,-20,10,500,0.8,1,eq,1,6.5,5,5
3.7378786914194815,-97.3964960215078,0.6968241909147566,-328.4883382253419,29.41995,-214.2773122396996,17.51338401856461,-199.18611872172255,0.5,3,-20,10,500,0.8,1,eq,1,35,0,5
5.327510845438027,-94.80383130978498,0.6968241909147566,-363.32525016986153,29.41995,-255.04098511686217,17.51338401856461,-233.4246535643101,0.5,3,-20,10,500,0.8,1,eq,1,35,5,5
5.327510845438027,-99.12385130279266,0.6968241909147566,-367.6452701628692,29.41995,-260.0959647900853,17.51338401856461,-237.67047062284075,0.5,3,-20,10,500,0.8,1,eq,0.5,35,5,5
5.327510845438027,-97.19987474980884,0.6968241909147566,-365.72129360988544,29.41995,-257.84466447624317,17.51338401856461,-235.77954130278434,0.5,3,-20,10,500,0.8,1,eq,0.5,6.5,5,5
5.327510845438027,-94.80383130978498,0.6968241909147566,-348.0515354700857,29.41995,-245.6238562284208,17.51338401856461,-225.5149468866109,0.5,3,-20,10,500,0.8,1,eff,1,6.5,5,5
3.7378786914194815,-100.40969001363109,0.6968241909147566,-331.5015322174652,29.41995,-217.80313721643543,17.51338401856461,-202.14755651165396,0.5,3,-20,10,500,0.8,1,eq,0.5,35,0,5
3.7378786914194815,-96.24059247727779,0.6968241909147566,-313.16890553735317,29.41995,-205.25922841443412,17.51338401856461,-191.61158101519237,0.5,3,-20,10,500,0.8,1,eff,1,6.5,0,5
5.327510845438027,-97.19987474980884,0.6968241909147566,-350.4475789101096,29.41995,-248.39645112109812,17.51338401856461,-227.84372592287127,0.5,3,-20,10,500,0.8,1,eff,0.5,6.5,5,5
3.7378786914194815,-97.91502633725602,0.6968241909147566,-329.0068685410901,29.41995,-214.88405948131324,17.51338401856461,-199.69574248980726,0.5,3,-20,10,500,0.8,1,eq,0.5,6.5,0,5
3.7378786914194815,-97.3964960215078,0.6968241909147566,-314.32480908158317,29.41995,-206.5967885809666,17.51338401856461,-192.7350347457697,0.5,3,-20,10,500,0.8,1,eff,1,35,0,5
5.327510845438027,-94.80383130978498,0.6968241909147566,-348.0515354700857,29.41995,-245.6238562284208,17.51338401856461,-225.5149468866109,0.5,3,-20,10,500,0.8,1,eff,1,35,5,5
3.7378786914194815,-97.91502633725602,0.6968241909147566,-314.84333939733136,29.41995,-207.19680879860326,17.51338401856461,-193.23900830059915,0.5,3,-20,10,500,0.8,1,eff,0.5,6.5,0,5
5.327510845438027,-94.80383130978498,1.6648435882347152,-234.2743125713414,3.9226599999999996,-125.8612279632975,4.764739018564611,-122.41268245678594,0.5,3,-10,2,400,0.7,0.5,eq,1,6.5,5,5
5.327510845438027,-99.12385130279266,0.6968241909147566,-352.3715554630934,29.41995,-250.6227912144935,17.51338401856461,-229.71369046431155,0.5,3,-20,10,500,0.8,1,eff,0.5,35,5,5
3.7378786914194815,-97.3964960215078,1.6648435882347152,-198.9317275298968,3.9226599999999996,-85.51469614005158,4.764739018564611,-105.80466616196571,0.5,3,-10,2,400,0.7,0.5,eq,1,35,0,5
3.7378786914194815,-100.40969001363109,0.6968241909147566,-317.3380030737065,29.41995,-210.08352264482005,17.51338401856461,-195.66363899818396,0.5,3,-20,10,500,0.8,1,eff,0.5,35,0,5
5.327510845438027,-97.19987474980884,1.6648435882347152,-236.6703560113653,3.9226599999999996,-128.59651296814008,4.764739018564611,-123.53861957897561,0.5,3,-10,2,400,0.7,0.5,eq,0.5,6.5,5,5
3.7378786914194815,-97.91502633725602,1.6648435882347152,-199.450257845645,3.9226599999999996,-86.10664208398832,4.764739018564611,-106.04833141492043,0.5,3,-10,2,400,0.7,0.5,eq,0.5,6.5,0,5
3.7378786914194815,-96.24059247727779,1.6648435882347152,-197.7758239856668,3.9226599999999996,-84.19513507526649,4.764739018564611,-105.26148956968828,0.5,3,-10,2,400,0.7,0.5,eq,1,6.5,0,5
5.327510845438027,-94.80383130978498,1.6648435882347152,-234.2743125713414,3.9226599999999996,-125.8612279632975,4.764739018564611,-122.41268245678594,0.5,3,-10,2,400,0.7,0.5,eq,1,35,5,5
5.327510845438027,-99.12385130279266,1.6648435882347152,-238.59433256434912,3.9226599999999996,-130.7928939384565,4.764739018564611,-124.44272531734369,0.5,3,-10,2,400,0.7,0.5,eq,0.5,35,5,5
3.7378786914194815,-100.40969001363109,1.6648435882347152,-201.94492152202008,3.9226599999999996,-88.9545103792779,4.764739018564611,-107.22061168081476,0.5,3,-10,2,400,0.7,0.5,eq,0.5,35,0,5
5.327510845438027,-94.80383130978498,1.6648435882347152,-228.1166823134861,3.9226599999999996,-125.34471158163821,4.764739018564611,-122.20006659873096,0.5,3,-10,2,400,0.7,0.5,eff,1,6.5,5,5
3.7378786914194815,-97.3964960215078,1.6648435882347152,-193.86606062991206,3.9226599999999996,-86.53374925812474,4.764739018564611,-106.22414337662178,0.5,3,-10,2,400,0.7,0.5,eff,1,35,0,5
3.7378786914194815,-96.24059247727779,1.6648435882347152,-192.71015708568203,3.9226599999999996,-85.22394153260262,4.764739018564611,-105.68498159330275,0.5,3,-10,2,400,0.7,0.5,eff,1,6.5,0,5
5.327510845438027,-94.80383130978498,1.6648435882347152,-228.1166823134861,3.9226599999999996,-125.34471158163821,4.764739018564611,-122.20006659873096,0.5,3,-10,2,400,0.7,0.5,eff,1,35,5,5
3.7378786914194815,-97.91502633725602,1.6648435882347152,-194.38459094566028,3.9226599999999996,-87.12131992334079,4.764739018564611,-106.46600761479263,0.5,3,-10,2,400,0.7,0.5,eff,0.5,6.5,0,5
5.327510845438027,-97.19987474980884,1.6648435882347152,-230.51272575350998,3.9226599999999996,-128.05977913735285,4.764739018564611,-123.31768152544609,0.5,3,-10,2,400,0.7,0.5,eff,0.5,6.5,5,5
5.327510845438027,-94.80383130978498,1.7398467296524174,-226.22702037900632,3.9226599999999996,-117.8369674671064,4.764739018564611,-119.10962162225236,0.5,3,-10,2,400,0.7,1,eq,1,6.5,5,5
3.7378786914194815,-100.40969001363109,1.6648435882347152,-196.87925462203535,3.9226599999999996,-89.94813862591874,4.764739018564611,-107.62962314637248,0.5,3,-10,2,400,0.7,0.5,eff,0.5,35,0,5
3.7378786914194815,-96.24059247727779,1.7398467296524174,-190.23420489025668,3.9226599999999996,-76.8022168398896,4.764739018564611,-102.21831086334244,0.5,3,-10,2,400,0.7,1,eq,1,6.5,0,5
5.327510845438027,-99.12385130279266,1.6648435882347152,-232.4367023064938,3.9226599999999996,-130.23992588585568,4.764739018564611,-124.21510470131814,0.5,3,-10,2,400,0.7,0.5,eff,0.5,35,5,5
5.327510845438027,-94.80383130978498,1.7398467296524174,-226.22702037900632,3.9226599999999996,-117.8369674671064,4.764739018564611,-119.10962162225236,0.5,3,-10,2,400,0.7,1,eq,1,35,5,5
5.327510845438027,-97.19987474980884,1.7398467296524174,-228.62306381903014,3.9226599999999996,-120.56865276849379,4.764739018564611,-120.23407698303812,0.5,3,-10,2,400,0.7,1,eq,0.5,6.5,5,5
3.7378786914194815,-96.24059247727779,1.7398467296524174,-185.54716130268756,3.9226599999999996,-78.14108833547195,4.764739018564611,-102.7694362912407,0.5,3,-10,2,400,0.7,1,eff,1,6.5,0,5
3.7378786914194815,-97.3964960215078,1.7398467296524174,-191.39010843448668,3.9226599999999996,-78.12004132929292,4.764739018564611,-102.76077262163174,0.5,3,-10,2,400,0.7,1,eq,1,35,0,5
3.7378786914194815,-100.40969001363109,1.7398467296524174,-194.40330242660997,3.9226599999999996,-81.55532868812767,4.764739018564611,-104.17485472124977,0.5,3,-10,2,400,0.7,1,eq,0.5,35,0,5
3.7378786914194815,-97.91502633725602,1.7398467296524174,-191.9086387502349,3.9226599999999996,-78.71120825802655,4.764739018564611,-103.00411720521052,0.5,3,-10,2,400,0.7,1,eq,0.5,6.5,0,5
5.327510845438027,-94.80383130978498,1.7398467296524174,-220.42979123542017,3.9226599999999996,-117.62392519084317,4.764739018564611,-119.02192611446594,0.5,3,-10,2,400,0.7,1,eff,1,6.5,5,5
3.7378786914194815,-97.3964960215078,1.7398467296524174,-186.70306484691756,3.9226599999999996,-79.44942865068242,4.764739018564611,-103.30799403814639,0.5,3,-10,2,400,0.7,1,eff,1,35,0,5
5.327510845438027,-99.12385130279266,1.7398467296524174,-230.54704037201395,3.9226599999999996,-122.7621432478871,4.764739018564611,-121.13699289620494,0.5,3,-10,2,400,0.7,1,eq,0.5,35,5,5
5.327510845438027,-94.80383130978498,1.7398467296524174,-220.42979123542017,3.9226599999999996,-117.62392519084317,4.764739018564611,-119.02192611446594,0.5,3,-10,2,400,0.7,1,eff,1,35,5,5
5.327510845438027,-97.19987474980884,1.7398467296524174,-222.82583467544404,3.9226599999999996,-120.33595098819387,4.764739018564611,-120.13828894911282,0.5,3,-10,2,400,0.7,1,eff,0.5,6.5,5,5
5.327510845438027,-94.80383130978498,1.6648435882347152,-234.2743125713414,3.9226599999999996,-125.8612279632975,4.764739018564611,-122.41268245678594,0.5,3,-10,2,400,0.8,0.5,eq,1,6.5,5,5
3.7378786914194815,-100.40969001363109,1.7398467296524174,-189.71625883904088,3.9226599999999996,-82.85999279204647,4.764739018564611,-104.71189921350188,0.5,3,-10,2,400,0.7,1,eff,0.5,35,0,5
3.7378786914194815,-97.91502633725602,1.7398467296524174,-187.22159516266578,3.9226599999999996,-80.03634104536002,4.764739018564611,-103.54958730958641,0.5,3,-10,2,400,0.7,1,eff,0.5,6.5,0,5
5.327510845438027,-99.12385130279266,1.7398467296524174,-224.74981122842786,3.9226599999999996,-122.51365526372255,4.764739018564611,-121.03470671933725,0.5,3,-10,2,400,0.7,1,eff,0.5,35,5,5
3.7378786914194815,-96.24059247727779,1.6648435882347152,-197.7758239856668,3.9226599999999996,-84.19513507526649,4.764739018564611,-105.26148956968828,0.5,3,-10,2,400,0.8,0.5,eq,1,6.5,0,5
3.7378786914194815,-100.40969001363109,1.6648435882347152,-201.94492152202008,3.9226599999999996,-88.9545103792779,4.764739018564611,-107.22061168081476,0.5,3,-10,2,400,0.8,0.5,eq,0.5,35,0,5
5.327510845438027,-99.12385130279266,1.6648435882347152,-238.59433256434912,3.9226599999999996,-130.7928939384565,4.764739018564611,-124.44272531734369,0.5,3,-10,2,400,0.8,0.5,eq,0.5,35,5,5
3.7378786914194815,-97.3964960215078,1.6648435882347152,-198.9317275298968,3.9226599999999996,-85.51469614005158,4.764739018564611,-105.80466616196571,0.5,3,-10,2,400,0.8,0.5,eq,1,35,0,5
5.327510845438027,-94.80383130978498,1.6648435882347152,-228.1166823134861,3.9226599999999996,-125.34471158163821,4.764739018564611,-122.20006659873096,0.5,3,-10,2,400,0.8,0.5,eff,1,6.5,5,5
5.327510845438027,-94.80383130978498,1.6648435882347152,-234.2743125713414,3.9226599999999996,-125.8612279632975,4.764739018564611,-122.41268245678594,0.5,3,-10,2,400,0.8,0.5,eq,1,35,5,5
3.7378786914194815,-97.91502633725602,1.6648435882347152,-199.450257845645,3.9226599999999996,-86.10664208398832,4.764739018564611,-106.04833141492043,0.5,3,-10,2,400,0.8,0.5,eq,0.5,6.5,0,5
5.327510845438027,-94.80383130978498,1.6648435882347152,-228.1166823134861,3.9226599999999996,-125.34471158163821,4.764739018564611,-122.20006659873096,0.5,3,-10,2,400,0.8,0.5,eff,1,35,5,5
5.327510845438027,-97.19987474980884,1.6648435882347152,-236.6703560113653,3.9226599999999996,-128.59651296814008,4.764739018564611,-123.53861957897561,0.5,3,-10,2,400,0.8,0.5,eq,0.5,6.5,5,5
3.7378786914194815,-97.91502633725602,1.6648435882347152,-194.38459094566028,3.9226599999999996,-87.12131992334079,4.764739018564611,-106.46600761479263,0.5,3,-10,2,400,0.8,0.5,eff,0.5,6.5,0,5
3.7378786914194815,-97.3964960215078,1.6648435882347152,-193.86606062991206,3.9226599999999996,-86.53374925812474,4.764739018564611,-106.22414337662178,0.5,3,-10,2,400,0.8,0.5,eff,1,35,0,5
3.7378786914194815,-96.24059247727779,1.6648435882347152,-192.71015708568203,3.9226599999999996,-85.22394153260262,4.764739018564611,-105.68498159330275,0.5,3,-10,2,400,0.8,0.5,eff,1,6.5,0,5
5.327510845438027,-99.12385130279266,1.6648435882347152,-232.4367023064938,3.9226599999999996,-130.23992588585568,4.764739018564611,-124.21510470131814,0.5,3,-10,2,400,0.8,0.5,eff,0.5,35,5,5
5.327510845438027,-97.19987474980884,1.6648435882347152,-230.51272575350998,3.9226599999999996,-128.05977913735285,4.764739018564611,-123.31768152544609,0.5,3,-10,2,400,0.8,0.5,eff,0.5,6.5,5,5
3.7378786914194815,-100.40969001363109,1.6648435882347152,-196.87925462203535,3.9226599999999996,-89.94813862591874,4.764739018564611,-107.62962314637248,0.5,3,-10,2,400,0.8,0.5,eff,0.5,35,0,5
5.327510845438027,-94.80383130978498,1.7398467296524174,-226.22702037900632,3.9226599999999996,-117.8369674671064,4.764739018564611,-119.10962162225236,0.5,3,-10,2,400,0.8,1,eq,1,6.5,5,5
3.7378786914194815,-96.24059247727779,1.7398467296524174,-190.23420489025668,3.9226599999999996,-76.8022168398896,4.764739018564611,-102.21831086334244,0.5,3,-10,2,400,0.8,1,eq,1,6.5,0,5
5.327510845438027,-99.12385130279266,1.7398467296524174,-230.54704037201395,3.9226599999999996,-122.7621432478871,4.764739018564611,-121.13699289620494,0.5,3,-10,2,400,0.8,1,eq,0.5,35,5,5
3.7378786914194815,-97.91502633725602,1.7398467296524174,-191.9086387502349,3.9226599999999996,-78.71120825802655,4.764739018564611,-103.00411720521052,0.5,3,-10,2,400,0.8,1,eq,0.5,6.5,0,5
3.7378786914194815,-97.3964960215078,1.7398467296524174,-191.39010843448668,3.9226599999999996,-78.12004132929292,4.764739018564611,-102.76077262163174,0.5,3,-10,2,400,0.8,1,eq,1,35,0,5
5.327510845438027,-97.19987474980884,1.7398467296524174,-228.62306381903014,3.9226599999999996,-120.56865276849379,4.764739018564611,-120.23407698303812,0.5,3,-10,2,400,0.8,1,eq,0.5,6.5,5,5
5.327510845438027,-94.80383130978498,1.7398467296524174,-220.42979123542017,3.9226599999999996,-117.62392519084317,4.764739018564611,-119.02192611446594,0.5,3,-10,2,400,0.8,1,eff,1,6.5,5,5
5.327510845438027,-94.80383130978498,1.7398467296524174,-226.22702037900632,3.9226599999999996,-117.8369674671064,4.764739018564611,-119.10962162225236,0.5,3,-10,2,400,0.8,1,eq,1,35,5,5
5.327510845438027,-97.19987474980884,1.7398467296524174,-222.82583467544404,3.9226599999999996,-120.33595098819387,4.764739018564611,-120.13828894911282,0.5,3,-10,2,400,0.8,1,eff,0.5,6.5,5,5
3.7378786914194815,-96.24059247727779,1.7398467296524174,-185.54716130268756,3.9226599999999996,-78.14108833547195,4.764739018564611,-102.7694362912407,0.5,3,-10,2,400,0.8,1,eff,1,6.5,0,5
3.7378786914194815,-100.40969001363109,1.7398467296524174,-194.40330242660997,3.9226599999999996,-81.55532868812767,4.764739018564611,-104.17485472124977,0.5,3,-10,2,400,0.8,1,eq,0.5,35,0,5
3.7378786914194815,-97.3964960215078,1.7398467296524174,-186.70306484691756,3.9226599999999996,-79.44942865068242,4.764739018564611,-103.30799403814639,0.5,3,-10,2,400,0.8,1,eff,1,35,0,5
5.327510845438027,-94.80383130978498,1.7398467296524174,-220.42979123542017,3.9226599999999996,-117.62392519084317,4.764739018564611,-119.02192611446594,0.5,3,-10,2,400,0.8,1,eff,1,35,5,5
3.7378786914194815,-97.91502633725602,1.7398467296524174,-187.22159516266578,3.9226599999999996,-80.03634104536002,4.764739018564611,-103.54958730958641,0.5,3,-10,2,400,0.8,1,eff,0.5,6.5,0,5
5.327510845438027,-99.12385130279266,1.7398467296524174,-224.74981122842786,3.9226599999999996,-122.51365526372255,4.764739018564611,-121.03470671933725,0.5,3,-10,2,400,0.8,1,eff,0.5,35,5,5
3.7378786914194815,-100.40969001363109,1.7398467296524174,-189.71625883904088,3.9226599999999996,-82.85999279204647,4.764739018564611,-104.71189921350188,0.5,3,-10,2,400,0.8,1,eff,0.5,35,0,5
5.327510845438027,-94.80383130978498,1.6648435882347152,-234.2743125713414,5.883989999999999,-125.86196258508033,5.74540401856461,-123.00168004891698,0.5,3,-10,2,500,0.7,0.5,eq,1,6.5,5,5
3.7378786914194815,-96.24059247727779,1.6648435882347152,-197.7758239856668,5.883989999999999,-84.19586969832271,5.74540401856461,-101.66611573589567,0.5,3,-10,2,500,0.7,0.5,eq,1,6.5,0,5
5.327510845438027,-99.12385130279266,1.6648435882347152,-238.59433256434912,5.883989999999999,-130.7936285619688,5.74540401856461,-125.52699186315918,0.5,3,-10,2,500,0.7,0.5,eq,0.5,35,5,5
3.7378786914194815,-97.3964960215078,1.6648435882347152,-198.9317275298968,5.883989999999999,-85.51543076234671,5.74540401856461,-102.34181095941841,0.5,3,-10,2,500,0.7,0.5,eq,1,35,0,5
5.327510845438027,-97.19987474980884,1.6648435882347152,-236.6703560113653,5.883989999999999,-128.59724759163828,5.74540401856461,-124.40231171674509,0.5,3,-10,2,500,0.7,0.5,eq,0.5,6.5,5,5
5.327510845438027,-94.80383130978498,1.6648435882347152,-234.2743125713414,5.883989999999999,-125.86196258508033,5.74540401856461,-123.00168004891698,0.5,3,-10,2,500,0.7,0.5,eq,1,35,5,5
5.327510845438027,-94.80383130978498,1.6648435882347152,-228.1166823134861,5.883989999999999,-125.3453973185512,5.74540401856461,-122.73716733120533,0.5,3,-10,2,500,0.7,0.5,eff,1,35,5,5
3.7378786914194815,-100.40969001363109,1.6648435882347152,-201.94492152202008,5.883989999999999,-88.95524500256415,5.74540401856461,-104.10320428579712,0.5,3,-10,2,500,0.7,0.5,eq,0.5,35,0,5
5.327510845438027,-97.19987474980884,1.6648435882347152,-230.51272575350998,5.883989999999999,-128.0604648738173,5.74540401856461,-124.1274464388964,0.5,3,-10,2,500,0.7,0.5,eff,0.5,6.5,5,5
3.7378786914194815,-97.91502633725602,1.6648435882347152,-199.450257845645,5.883989999999999,-86.10737670723985,5.74540401856461,-102.64492315214136,0.5,3,-10,2,500,0.7,0.5,eq,0.5,6.5,0,5
3.7378786914194815,-97.3964960215078,1.6648435882347152,-193.86606062991206,5.883989999999999,-86.53443499495295,5.74540401856461,-102.86360287302799,0.5,3,-10,2,500,0.7,0.5,eff,1,35,0,5
3.7378786914194815,-96.24059247727779,1.6648435882347152,-192.71015708568203,5.883989999999999,-85.22462726874834,5.74540401856461,-102.19290194947183,0.5,3,-10,2,500,0.7,0.5,eff,1,6.5,0,5
5.327510845438027,-94.80383130978498,1.6648435882347152,-228.1166823134861,5.883989999999999,-125.3453973185512,5.74540401856461,-122.73716733120533,0.5,3,-10,2,500,0.7,0.5,eff,1,6.5,5,5
3.7378786914194815,-97.91502633725602,1.6648435882347152,-194.38459094566028,5.883989999999999,-87.12200565913164,5.74540401856461,-103.16447465690526,0.5,3,-10,2,500,0.7,0.5,eff,0.5,6.5,0,5
5.327510845438027,-99.12385130279266,1.6648435882347152,-232.4367023064938,5.883989999999999,-130.2406116226907,5.74540401856461,-125.24381368021264,0.5,3,-10,2,500,0.7,0.5,eff,0.5,35,5,5
5.327510845438027,-94.80383130978498,1.7398467296524174,-226.22702037900632,5.883989999999999,-117.83766204728758,5.74540401856461,-118.89275194144133,0.5,3,-10,2,500,0.7,1,eq,1,6.5,5,5
3.7378786914194815,-97.3964960215078,1.7398467296524174,-191.39010843448668,5.883989999999999,-78.1207359090165,5.74540401856461,-98.55527911331552,0.5,3,-10,2,500,0.7,1,eq,1,35,0,5
3.7378786914194815,-100.40969001363109,1.6648435882347152,-196.87925462203535,5.883989999999999,-89.94882436212859,5.74540401856461,-104.61197712379034,0.5,3,-10,2,500,0.7,0.5,eff,0.5,35,0,5
3.7378786914194815,-96.24059247727779,1.7398467296524174,-190.23420489025668,5.883989999999999,-76.80291141913204,5.74540401856461,-97.8804731209797,0.5,3,-10,2,500,0.7,1,eq,1,6.5,0,5
5.327510845438027,-94.80383130978498,1.7398467296524174,-226.22702037900632,5.883989999999999,-117.83766204728758,5.74540401856461,-118.89275194144133,0.5,3,-10,2,500,0.7,1,eq,1,35,5,5
5.327510845438027,-94.80383130978498,1.7398467296524174,-220.42979123542017,5.883989999999999,-117.62457438089771,5.74540401856461,-118.78363814421233,0.5,3,-10,2,500,0.7,1,eff,1,6.5,5,5
3.7378786914194815,-97.91502633725602,1.7398467296524174,-191.9086387502349,5.883989999999999,-78.71190283775765,5.74540401856461,-98.857992402564,0.5,3,-10,2,500,0.7,1,eq,0.5,6.5,0,5
5.327510845438027,-94.80383130978498,1.7398467296524174,-220.42979123542017,5.883989999999999,-117.62457438089771,5.74540401856461,-118.78363814421233,0.5,3,-10,2,500,0.7,1,eff,1,35,5,5
3.7378786914194815,-97.3964960215078,1.7398467296524174,-186.70306484691756,5.883989999999999,-79.45007784147525,5.74540401856461,-99.23598273414835,0.5,3,-10,2,500,0.7,1,eff,1,35,0,5
3.7378786914194815,-97.91502633725602,1.7398467296524174,-187.22159516266578,5.883989999999999,-80.03699023545666,5.74540401856461,-99.53651744379644,0.5,3,-10,2,500,0.7,1,eff,0.5,6.5,0,5
3.7378786914194815,-96.24059247727779,1.7398467296524174,-185.54716130268756,5.883989999999999,-78.1417375255787,5.74540401856461,-98.56603321358736,0.5,3,-10,2,500,0.7,1,eff,1,6.5,0,5
5.327510845438027,-99.12385130279266,1.7398467296524174,-224.74981122842786,5.883989999999999,-122.5143044538884,5.74540401856461,-121.28747623455472,0.5,3,-10,2,500,0.7,1,eff,0.5,35,5,5
5.327510845438027,-99.12385130279266,1.7398467296524174,-230.54704037201395,5.883989999999999,-122.76283782645753,5.74540401856461,-121.4147403811785,0.5,3,-10,2,500,0.7,1,eq,0.5,35,5,5
5.327510845438027,-97.19987474980884,1.7398467296524174,-228.62306381903014,5.883989999999999,-120.5693473491503,5.74540401856461,-120.29154034234169,0.5,3,-10,2,500,0.7,1,eq,0.5,6.5,5,5
3.7378786914194815,-100.40969001363109,1.7398467296524174,-189.71625883904088,5.883989999999999,-82.86064198214953,5.74540401856461,-100.98239823715227,0.5,3,-10,2,500,0.7,1,eff,0.5,35,0,5
3.7378786914194815,-100.40969001363109,1.7398467296524174,-194.40330242660997,5.883989999999999,-81.55602326726454,5.74540401856461,-100.31435440181946,0.5,3,-10,2,500,0.7,1,eq,0.5,35,0,5
5.327510845438027,-97.19987474980884,1.7398467296524174,-222.82583467544404,5.883989999999999,-120.33660017836758,5.74540401856461,-120.17235968759665,0.5,3,-10,2,500,0.7,1,eff,0.5,6.5,5,5
5.327510845438027,-94.80383130978498,1.6648435882347152,-234.2743125713414,5.883989999999999,-125.86196258508033,5.74540401856461,-123.00168004891698,0.5,3,-10,2,500,0.8,0.5,eq,1,6.5,5,5
5.327510845438027,-99.12385130279266,1.6648435882347152,-238.59433256434912,5.883989999999999,-130.7936285619688,5.74540401856461,-125.52699186315918,0.5,3,-10,2,500,0.8,0.5,eq,0.5,35,5,5
3.7378786914194815,-96.24059247727779,1.6648435882347152,-197.7758239856668,5.883989999999999,-84.19586969832271,5.74540401856461,-101.66611573589567,0.5,3,-10,2,500,0.8,0.5,eq,1,6.5,0,5
3.7378786914194815,-97.3964960215078,1.6648435882347152,-198.9317275298968,5.883989999999999,-85.51543076234671,5.74540401856461,-102.34181095941841,0.5,3,-10,2,500,0.8,0.5,eq,1,35,0,5
5.327510845438027,-94.80383130978498,1.6648435882347152,-234.2743125713414,5.883989999999999,-125.86196258508033,5.74540401856461,-123.00168004891698,0.5,3,-10,2,500,0.8,0.5,eq,1,35,5,5
5.327510845438027,-97.19987474980884,1.6648435882347152,-236.6703560113653,5.883989999999999,-128.59724759163828,5.74540401856461,-124.40231171674509,0.5,3,-10,2,500,0.8,0.5,eq,0.5,6.5,5,5
3.7378786914194815,-100.40969001363109,1.6648435882347152,-201.94492152202008,5.883989999999999,-88.95524500256415,5.74540401856461,-104.10320428579712,0.5,3,-10,2,500,0.8,0.5,eq,0.5,35,0,5
3.7378786914194815,-100.40969001363109,1.6648435882347152,-196.87925462203535,5.883989999999999,-89.94882436212859,5.74540401856461,-104.61197712379034,0.5,3,-10,2,500,0.8,0.5,eff,0.5,35,0,5
3.7378786914194815,-97.91502633725602,1.6648435882347152,-194.38459094566028,5.883989999999999,-87.12200565913164,5.74540401856461,-103.16447465690526,0.5,3,-10,2,500,0.8,0.5,eff,0.5,6.5,0,5
3.7378786914194815,-97.91502633725602,1.6648435882347152,-199.450257845645,5.883989999999999,-86.10737670723985,5.74540401856461,-102.64492315214136,0.5,3,-10,2,500,0.8,0.5,eq,0.5,6.5,0,5
3.7378786914194815,-97.3964960215078,1.6648435882347152,-193.86606062991206,5.883989999999999,-86.53443499495295,5.74540401856461,-102.86360287302799,0.5,3,-10,2,500,0.8,0.5,eff,1,35,0,5
5.327510845438027,-99.12385130279266,1.6648435882347152,-232.4367023064938,5.883989999999999,-130.2406116226907,5.74540401856461,-125.24381368021264,0.5,3,-10,2,500,0.8,0.5,eff,0.5,35,5,5
3.7378786914194815,-96.24059247727779,1.6648435882347152,-192.71015708568203,5.883989999999999,-85.22462726874834,5.74540401856461,-102.19290194947183,0.5,3,-10,2,500,0.8,0.5,eff,1,6.5,0,5
5.327510845438027,-94.80383130978498,1.6648435882347152,-228.1166823134861,5.883989999999999,-125.3453973185512,5.74540401856461,-122.73716733120533,0.5,3,-10,2,500,0.8,0.5,eff,1,6.5,5,5
5.327510845438027,-94.80383130978498,1.6648435882347152,-228.1166823134861,5.883989999999999,-125.3453973185512,5.74540401856461,-122.73716733120533,0.5,3,-10,2,500,0.8,0.5,eff,1,35,5,5
5.327510845438027,-97.19987474980884,1.6648435882347152,-230.51272575350998,5.883989999999999,-128.0604648738173,5.74540401856461,-124.1274464388964,0.5,3,-10,2,500,0.8,0.5,eff,0.5,6.5,5,5
5.327510845438027,-94.80383130978498,1.7398467296524174,-226.22702037900632,5.883989999999999,-117.83766204728758,5.74540401856461,-118.89275194144133,0.5,3,-10,2,500,0.8,1,eq,1,6.5,5,5
3.7378786914194815,-96.24059247727779,1.7398467296524174,-190.23420489025668,5.883989999999999,-76.80291141913204,5.74540401856461,-97.8804731209797,0.5,3,-10,2,500,0.8,1,eq,1,6.5,0,5
5.327510845438027,-97.19987474980884,1.7398467296524174,-228.62306381903014,5.883989999999999,-120.5693473491503,5.74540401856461,-120.29154034234169,0.5,3,-10,2,500,0.8,1,eq,0.5,6.5,5,5
3.7378786914194815,-97.3964960215078,1.7398467296524174,-191.39010843448668,5.883989999999999,-78.1207359090165,5.74540401856461,-98.55527911331552,0.5,3,-10,2,500,0.8,1,eq,1,35,0,5
5.327510845438027,-94.80383130978498,1.7398467296524174,-226.22702037900632,5.883989999999999,-117.83766204728758,5.74540401856461,-118.89275194144133,0.5,3,-10,2,500,0.8,1,eq,1,35,5,5
3.7378786914194815,-97.91502633725602,1.7398467296524174,-191.9086387502349,5.883989999999999,-78.71190283775765,5.74540401856461,-98.857992402564,0.5,3,-10,2,500,0.8,1,eq,0.5,6.5,0,5
5.327510845438027,-99.12385130279266,1.7398467296524174,-230.54704037201395,5.883989999999999,-122.76283782645753,5.74540401856461,-121.4147403811785,0.5,3,-10,2,500,0.8,1,eq,0.5,35,5,5
3.7378786914194815,-100.40969001363109,1.7398467296524174,-194.40330242660997,5.883989999999999,-81.55602326726454,5.74540401856461,-100.31435440181946,0.5,3,-10,2,500,0.8,1,eq,0.5,35,0,5
5.327510845438027,-94.80383130978498,1.7398467296524174,-220.42979123542017,5.883989999999999,-117.62457438089771,5.74540401856461,-118.78363814421233,0.5,3,-10,2,500,0.8,1,eff,1,6.5,5,5
3.7378786914194815,-97.91502633725602,1.7398467296524174,-187.22159516266578,5.883989999999999,-80.03699023545666,5.74540401856461,-99.53651744379644,0.5,3,-10,2,500,0.8,1,eff,0.5,6.5,0,5
5.327510845438027,-94.80383130978498,1.7398467296524174,-220.42979123542017,5.883989999999999,-117.62457438089771,5.74540401856461,-118.78363814421233,0.5,3,-10,2,500,0.8,1,eff,1,35,5,5
3.7378786914194815,-96.24059247727779,1.7398467296524174,-185.54716130268756,5.883989999999999,-78.1417375255787,5.74540401856461,-98.56603321358736,0.5,3,-10,2,500,0.8,1,eff,1,6.5,0,5
3.7378786914194815,-97.3964960215078,1.7398467296524174,-186.70306484691756,5.883989999999999,-79.45007784147525,5.74540401856461,-99.23598273414835,0.5,3,-10,2,500,0.8,1,eff,1,35,0,5
5.327510845438027,-97.19987474980884,1.7398467296524174,-222.82583467544404,5.883989999999999,-120.33660017836758,5.74540401856461,-120.17235968759665,0.5,3,-10,2,500,0.8,1,eff,0.5,6.5,5,5
5.327510845438027,-99.12385130279266,1.7398467296524174,-224.74981122842786,5.883989999999999,-122.5143044538884,5.74540401856461,-121.28747623455472,0.5,3,-10,2,500,0.8,1,eff,0.5,35,5,5
3.7378786914194815,-100.40969001363109,1.7398467296524174,-189.71625883904088,5.883989999999999,-82.86064198214953,5.74540401856461,-100.98239823715227,0.5,3,-10,2,500,0.8,1,eff,0.5,35,0,5
3.7378786914194815,-96.24059247727779,1.6648435882347152,-197.7758239856668,19.613300000000002,-84.20101205904349,12.610059018564613,-92.15967470300201,0.5,3,-10,10,400,0.7,0.5,eq,1,6.5,0,5
5.327510845438027,-94.80383130978498,1.6648435882347152,-234.2743125713414,19.613300000000002,-125.86710494707484,12.610059018564613,-124.56275776699587,0.5,3,-10,10,400,0.7,0.5,eq,1,6.5,5,5
5.327510845438027,-94.80383130978498,1.6648435882347152,-234.2743125713414,19.613300000000002,-125.86710494707484,12.610059018564613,-124.56275776699587,0.5,3,-10,10,400,0.7,0.5,eq,1,35,5,5
3.7378786914194815,-97.3964960215078,1.6648435882347152,-198.9317275298968,19.613300000000002,-85.52057312382871,12.610059018564613,-93.18587715748095,0.5,3,-10,10,400,0.7,0.5,eq,1,35,0,5
3.7378786914194815,-97.91502633725602,1.6648435882347152,-199.450257845645,19.613300000000002,-86.11251906776545,12.610059018564613,-93.64622446295844,0.5,3,-10,10,400,0.7,0.5,eq,0.5,6.5,0,5
3.7378786914194815,-100.40969001363109,1.6648435882347152,-201.94492152202008,19.613300000000002,-88.96038736305545,12.610059018564613,-95.86096807176226,0.5,3,-10,10,400,0.7,0.5,eq,0.5,35,0,5
5.327510845438027,-94.80383130978498,1.6648435882347152,-228.1166823134861,19.613300000000002,-125.35019747138645,12.610059018564613,-124.16076673039578,0.5,3,-10,10,400,0.7,0.5,eff,1,6.5,5,5
5.327510845438027,-97.19987474980884,1.6648435882347152,-230.51272575350998,19.613300000000002,-128.06526502665514,12.610059018564613,-126.27223323516613,0.5,3,-10,10,400,0.7,0.5,eff,0.5,6.5,5,5
5.327510845438027,-97.19987474980884,1.6648435882347152,-236.6703560113653,19.613300000000002,-128.6023899519793,12.610059018564613,-126.68994707307724,0.5,3,-10,10,400,0.7,0.5,eq,0.5,6.5,5,5
5.327510845438027,-99.12385130279266,1.6648435882347152,-238.59433256434912,19.613300000000002,-130.7987709223558,12.610059018564613,-128.39803895523517,0.5,3,-10,10,400,0.7,0.5,eq,0.5,35,5,5
3.7378786914194815,-96.24059247727779,1.6648435882347152,-192.71015708568203,19.613300000000002,-85.22942742148108,12.610059018564613,-92.95945759848267,0.5,3,-10,10,400,0.7,0.5,eff,1,6.5,0,5
5.327510845438027,-94.80383130978498,1.6648435882347152,-228.1166823134861,19.613300000000002,-125.35019747138645,12.610059018564613,-124.16076673039578,0.5,3,-10,10,400,0.7,0.5,eff,1,35,5,5
3.7378786914194815,-97.91502633725602,1.6648435882347152,-194.38459094566028,19.613300000000002,-87.12680581190799,12.610059018564613,-94.4350197481194,0.5,3,-10,10,400,0.7,0.5,eff,0.5,6.5,0,5
3.7378786914194815,-97.3964960215078,1.6648435882347152,-193.86606062991206,19.613300000000002,-86.53923514768915,12.610059018564613,-93.97807503074907,0.5,3,-10,10,400,0.7,0.5,eff,1,35,0,5
5.327510845438027,-99.12385130279266,1.6648435882347152,-232.4367023064938,19.613300000000002,-130.24541177561355,12.610059018564613,-127.96770001166557,0.5,3,-10,10,400,0.7,0.5,eff,0.5,35,5,5
3.7378786914194815,-100.40969001363109,1.6648435882347152,-196.87925462203535,19.613300000000002,-89.95362451503267,12.610059018564613,-96.63339341109634,0.5,3,-10,10,400,0.7,0.5,eff,0.5,35,0,5
3.7378786914194815,-96.24059247727779,1.7398467296524174,-190.23420489025668,19.613300000000002,-76.80777347773885,12.610059018564613,-86.4100661542544,0.5,3,-10,10,400,0.7,1,eq,1,6.5,0,5
5.327510845438027,-94.80383130978498,1.7398467296524174,-226.22702037900632,19.613300000000002,-117.84252410488598,12.610059018564613,-118.32216399973439,0.5,3,-10,10,400,0.7,1,eq,1,6.5,5,5
5.327510845438027,-94.80383130978498,1.7398467296524174,-226.22702037900632,19.613300000000002,-117.84252410488598,12.610059018564613,-118.32216399973439,0.5,3,-10,10,400,0.7,1,eq,1,35,5,5
3.7378786914194815,-97.3964960215078,1.7398467296524174,-191.39010843448668,19.613300000000002,-78.12559796700594,12.610059018564613,-87.43491810051773,0.5,3,-10,10,400,0.7,1,eq,1,35,0,5
5.327510845438027,-97.19987474980884,1.7398467296524174,-228.62306381903014,19.613300000000002,-120.57420940636582,12.610059018564613,-120.44655387152802,0.5,3,-10,10,400,0.7,1,eq,0.5,6.5,5,5
5.327510845438027,-99.12385130279266,1.7398467296524174,-230.54704037201395,19.613300000000002,-122.76769988532088,12.610059018564613,-122.15239786272403,0.5,3,-10,10,400,0.7,1,eq,0.5,35,5,5
5.327510845438027,-94.80383130978498,1.7398467296524174,-220.42979123542017,19.613300000000002,-117.62911871197178,12.610059018564613,-118.15620189017251,0.5,3,-10,10,400,0.7,1,eff,1,6.5,5,5
3.7378786914194815,-100.40969001363109,1.7398467296524174,-194.40330242660997,19.613300000000002,-81.56088532597872,12.610059018564613,-90.10648852927416,0.5,3,-10,10,400,0.7,1,eq,0.5,35,0,5
3.7378786914194815,-96.24059247727779,1.7398467296524174,-185.54716130268756,19.613300000000002,-78.14628185700037,12.610059018564613,-87.45100364536052,0.5,3,-10,10,400,0.7,1,eff,1,6.5,0,5
3.7378786914194815,-97.91502633725602,1.7398467296524174,-191.9086387502349,19.613300000000002,-78.71676489587516,12.610059018564613,-87.894659577894,0.5,3,-10,10,400,0.7,1,eq,0.5,6.5,0,5
3.7378786914194815,-97.91502633725602,1.7398467296524174,-187.22159516266578,19.613300000000002,-80.04153456703118,12.610059018564613,-88.92491268587032,0.5,3,-10,10,400,0.7,1,eff,0.5,6.5,0,5
5.327510845438027,-94.80383130978498,1.7398467296524174,-220.42979123542017,19.613300000000002,-117.62911871197178,12.610059018564613,-118.15620189017251,0.5,3,-10,10,400,0.7,1,eff,1,35,5,5
5.327510845438027,-97.19987474980884,1.7398467296524174,-222.82583467544404,19.613300000000002,-120.34114450942401,12.610059018564613,-120.26530286641946,0.5,3,-10,10,400,0.7,1,eff,0.5,6.5,5,5
3.7378786914194815,-97.3964960215078,1.7398467296524174,-186.70306484691756,19.613300000000002,-79.45462217292365,12.610059018564613,-88.46847989509587,0.5,3,-10,10,400,0.7,1,eff,1,35,0,5
5.327510845438027,-99.12385130279266,1.7398467296524174,-224.74981122842786,19.613300000000002,-122.5188487844622,12.610059018564613,-121.95887016831408,0.5,3,-10,10,400,0.7,1,eff,0.5,35,5,5
3.7378786914194815,-100.40969001363109,1.7398467296524174,-189.71625883904088,19.613300000000002,-82.86518631436992,12.610059018564613,-91.1208234557781,0.5,3,-10,10,400,0.7,1,eff,0.5,35,0,5
3.7378786914194815,-96.24059247727779,1.6648435882347152,-197.7758239856668,19.613300000000002,-84.20101205904349,12.610059018564613,-92.15967470300201,0.5,3,-10,10,400,0.8,0.5,eq,1,6.5,0,5
5.327510845438027,-94.80383130978498,1.6648435882347152,-234.2743125713414,19.613300000000002,-125.86710494707484,12.610059018564613,-124.56275776699587,0.5,3,-10,10,400,0.8,0.5,eq,1,6.5,5,5
5.327510845438027,-97.19987474980884,1.6648435882347152,-236.6703560113653,19.613300000000002,-128.6023899519793,12.610059018564613,-126.68994707307724,0.5,3,-10,10,400,0.8,0.5,eq,0.5,6.5,5,5
5.327510845438027,-94.80383130978498,1.6648435882347152,-234.2743125713414,19.613300000000002,-125.86710494707484,12.610059018564613,-124.56275776699587,0.5,3,-10,10,400,0.8,0.5,eq,1,35,5,5
5.327510845438027,-99.12385130279266,1.6648435882347152,-238.59433256434912,19.613300000000002,-130.7987709223558,12.610059018564613,-128.39803895523517,0.5,3,-10,10,400,0.8,0.5,eq,0.5,35,5,5
3.7378786914194815,-97.3964960215078,1.6648435882347152,-198.9317275298968,19.613300000000002,-85.52057312382871,12.610059018564613,-93.18587715748095,0.5,3,-10,10,400,0.8,0.5,eq,1,35,0,5
3.7378786914194815,-96.24059247727779,1.6648435882347152,-192.71015708568203,19.613300000000002,-85.22942742148108,12.610059018564613,-92.95945759848267,0.5,3,-10,10,400,0.8,0.5,eff,1,6.5,0,5
5.327510845438027,-94.80383130978498,1.6648435882347152,-228.1166823134861,19.613300000000002,-125.35019747138645,12.610059018564613,-124.16076673039578,0.5,3,-10,10,400,0.8,0.5,eff,1,35,5,5
3.7378786914194815,-100.40969001363109,1.6648435882347152,-201.94492152202008,19.613300000000002,-88.96038736305545,12.610059018564613,-95.86096807176226,0.5,3,-10,10,400,0.8,0.5,eq,0.5,35,0,5
5.327510845438027,-94.80383130978498,1.6648435882347152,-228.1166823134861,19.613300000000002,-125.35019747138645,12.610059018564613,-124.16076673039578,0.5,3,-10,10,400,0.8,0.5,eff,1,6.5,5,5
3.7378786914194815,-97.3964960215078,1.6648435882347152,-193.86606062991206,19.613300000000002,-86.53923514768915,12.610059018564613,-93.97807503074907,0.5,3,-10,10,400,0.8,0.5,eff,1,35,0,5
3.7378786914194815,-97.91502633725602,1.6648435882347152,-199.450257845645,19.613300000000002,-86.11251906776545,12.610059018564613,-93.64622446295844,0.5,3,-10,10,400,0.8,0.5,eq,0.5,6.5,0,5
5.327510845438027,-97.19987474980884,1.6648435882347152,-230.51272575350998,19.613300000000002,-128.06526502665514,12.610059018564613,-126.27223323516613,0.5,3,-10,10,400,0.8,0.5,eff,0.5,6.5,5,5
3.7378786914194815,-97.91502633725602,1.6648435882347152,-194.38459094566028,19.613300000000002,-87.12680581190799,12.610059018564613,-94.4350197481194,0.5,3,-10,10,400,0.8,0.5,eff,0.5,6.5,0,5
5.327510845438027,-99.12385130279266,1.6648435882347152,-232.4367023064938,19.613300000000002,-130.24541177561355,12.610059018564613,-127.96770001166557,0.5,3,-10,10,400,0.8,0.5,eff,0.5,35,5,5
3.7378786914194815,-100.40969001363109,1.6648435882347152,-196.87925462203535,19.613300000000002,-89.95362451503267,12.610059018564613,-96.63339341109634,0.5,3,-10,10,400,0.8,0.5,eff,0.5,35,0,5
5.327510845438027,-94.80383130978498,1.7398467296524174,-226.22702037900632,19.613300000000002,-117.84252410488598,12.610059018564613,-118.32216399973439,0.5,3,-10,10,400,0.8,1,eq,1,6.5,5,5
3.7378786914194815,-96.24059247727779,1.7398467296524174,-190.23420489025668,19.613300000000002,-76.80777347773885,12.610059018564613,-86.4100661542544,0.5,3,-10,10,400,0.8,1,eq,1,6.5,0,5
3.7378786914194815,-97.3964960215078,1.7398467296524174,-191.39010843448668,19.613300000000002,-78.12559796700594,12.610059018564613,-87.43491810051773,0.5,3,-10,10,400,0.8,1,eq,1,35,0,5
5.327510845438027,-94.80383130978498,1.7398467296524174,-226.22702037900632,19.613300000000002,-117.84252410488598,12.610059018564613,-118.32216399973439,0.5,3,-10,10,400,0.8,1,eq,1,35,5,5
5.327510845438027,-97.19987474980884,1.7398467296524174,-228.62306381903014,19.613300000000002,-120.57420940636582,12.610059018564613,-120.44655387152802,0.5,3,-10,10,400,0.8,1,eq,0.5,6.5,5,5
3.7378786914194815,-97.91502633725602,1.7398467296524174,-191.9086387502349,19.613300000000002,-78.71676489587516,12.610059018564613,-87.894659577894,0.5,3,-10,10,400,0.8,1,eq,0.5,6.5,0,5
3.7378786914194815,-100.40969001363109,1.7398467296524174,-194.40330242660997,19.613300000000002,-81.56088532597872,12.610059018564613,-90.10648852927416,0.5,3,-10,10,400,0.8,1,eq,0.5,35,0,5
5.327510845438027,-99.12385130279266,1.7398467296524174,-230.54704037201395,19.613300000000002,-122.76769988532088,12.610059018564613,-122.15239786272403,0.5,3,-10,10,400,0.8,1,eq,0.5,35,5,5
5.327510845438027,-94.80383130978498,1.7398467296524174,-220.42979123542017,19.613300000000002,-117.62911871197178,12.610059018564613,-118.15620189017251,0.5,3,-10,10,400,0.8,1,eff,1,6.5,5,5
3.7378786914194815,-97.3964960215078,1.7398467296524174,-186.70306484691756,19.613300000000002,-79.45462217292365,12.610059018564613,-88.46847989509587,0.5,3,-10,10,400,0.8,1,eff,1,35,0,5
5.327510845438027,-94.80383130978498,1.7398467296524174,-220.42979123542017,19.613300000000002,-117.62911871197178,12.610059018564613,-118.15620189017251,0.5,3,-10,10,400,0.8,1,eff,1,35,5,5
3.7378786914194815,-96.24059247727779,1.7398467296524174,-185.54716130268756,19.613300000000002,-78.14628185700037,12.610059018564613,-87.45100364536052,0.5,3,-10,10,400,0.8,1,eff,1,6.5,0,5
3.7378786914194815,-97.91502633725602,1.7398467296524174,-187.22159516266578,19.613300000000002,-80.04153456703118,12.610059018564613,-88.92491268587032,0.5,3,-10,10,400,0.8,1,eff,0.5,6.5,0,5
5.327510845438027,-97.19987474980884,1.7398467296524174,-222.82583467544404,19.613300000000002,-120.34114450942401,12.610059018564613,-120.26530286641946,0.5,3,-10,10,400,0.8,1,eff,0.5,6.5,5,5
5.327510845438027,-94.80383130978498,1.6648435882347152,-234.2743125713414,29.41995,-125.87077806165237,17.51338401856461,-124.93102865933348,0.5,3,-10,10,500,0.7,0.5,eq,1,6.5,5,5
5.327510845438027,-99.12385130279266,1.7398467296524174,-224.74981122842786,19.613300000000002,-122.5188487844622,12.610059018564613,-121.95887016831408,0.5,3,-10,10,400,0.8,1,eff,0.5,35,5,5
3.7378786914194815,-100.40969001363109,1.7398467296524174,-189.71625883904088,19.613300000000002,-82.86518631436992,12.610059018564613,-91.1208234557781,0.5,3,-10,10,400,0.8,1,eff,0.5,35,0,5
3.7378786914194815,-96.24059247727779,1.6648435882347152,-197.7758239856668,29.41995,-84.2046851744422,17.51338401856461,-89.93452632324339,0.5,3,-10,10,500,0.7,0.5,eq,1,6.5,0,5
3.7378786914194815,-97.91502633725602,1.6648435882347152,-199.450257845645,29.41995,-86.11619218242198,17.51338401856461,-91.5400538597777,0.5,3,-10,10,500,0.7,0.5,eq,0.5,6.5,0,5
3.7378786914194815,-97.3964960215078,1.6648435882347152,-198.9317275298968,29.41995,-85.52424623848701,17.51338401856461,-91.04286211046164,0.5,3,-10,10,500,0.7,0.5,eq,1,35,0,5
5.327510845438027,-97.19987474980884,1.6648435882347152,-236.6703560113653,29.41995,-128.60606306644158,17.51338401856461,-127.22847009016569,0.5,3,-10,10,500,0.7,0.5,eq,0.5,6.5,5,5
5.327510845438027,-99.12385130279266,1.6648435882347152,-238.59433256434912,29.41995,-130.80244403681712,17.51338401856461,-129.07327113663692,0.5,3,-10,10,500,0.7,0.5,eq,0.5,35,5,5
3.7378786914194815,-100.40969001363109,1.6648435882347152,-201.94492152202008,29.41995,-88.9640604777016,17.51338401856461,-93.93205710612062,0.5,3,-10,10,500,0.7,0.5,eq,0.5,35,0,5
5.327510845438027,-94.80383130978498,1.6648435882347152,-234.2743125713414,29.41995,-125.87077806165237,17.51338401856461,-124.93102865933348,0.5,3,-10,10,500,0.7,0.5,eq,1,35,5,5
5.327510845438027,-99.12385130279266,1.6648435882347152,-232.4367023064938,29.41995,-130.24884045511504,17.51338401856461,-128.60828419647052,0.5,3,-10,10,500,0.7,0.5,eff,0.5,35,5,5
5.327510845438027,-97.19987474980884,1.6648435882347152,-230.51272575350998,29.41995,-128.0686937063706,17.51338401856461,-126.77711872117658,0.5,3,-10,10,500,0.7,0.5,eff,0.5,6.5,5,5
3.7378786914194815,-97.91502633725602,1.6648435882347152,-194.38459094566028,29.41995,-87.13023449300573,17.51338401856461,-92.39177600678362,0.5,3,-10,10,500,0.7,0.5,eff,0.5,6.5,0,5
5.327510845438027,-94.80383130978498,1.6648435882347152,-228.1166823134861,29.41995,-125.35362615091728,17.51338401856461,-124.49665848449743,0.5,3,-10,10,500,0.7,0.5,eff,1,6.5,5,5
5.327510845438027,-94.80383130978498,1.6648435882347152,-228.1166823134861,29.41995,-125.35362615091728,17.51338401856461,-124.49665848449743,0.5,3,-10,10,500,0.7,0.5,eff,1,35,5,5
3.7378786914194815,-97.3964960215078,1.6648435882347152,-193.86606062991206,29.41995,-86.54266382779578,17.51338401856461,-91.89825917492456,0.5,3,-10,10,500,0.7,0.5,eff,1,35,0,5
3.7378786914194815,-96.24059247727779,1.6648435882347152,-192.71015708568203,29.41995,-85.23285610161071,17.51338401856461,-90.79811548558592,0.5,3,-10,10,500,0.7,0.5,eff,1,6.5,0,5
3.7378786914194815,-100.40969001363109,1.6648435882347152,-196.87925462203535,29.41995,-89.95705319492583,17.51338401856461,-94.7660991182222,0.5,3,-10,10,500,0.7,0.5,eff,0.5,35,0,5
3.7378786914194815,-96.24059247727779,1.7398467296524174,-190.23420489025668,29.41995,-76.81124637606642,17.51338401856461,-83.7245728514956,0.5,3,-10,10,500,0.7,1,eq,1,6.5,0,5
3.7378786914194815,-97.3964960215078,1.7398467296524174,-191.39010843448668,29.41995,-78.12907086546997,17.51338401856461,-84.83145004170423,0.5,3,-10,10,500,0.7,1,eq,1,35,0,5
5.327510845438027,-94.80383130978498,1.7398467296524174,-226.22702037900632,29.41995,-117.84599700330018,17.51338401856461,-118.19079338420313,0.5,3,-10,10,500,0.7,1,eq,1,6.5,5,5
5.327510845438027,-99.12385130279266,1.7398467296524174,-230.54704037201395,29.41995,-122.77117278407937,17.51338401856461,-122.32758456796677,0.5,3,-10,10,500,0.7,1,eq,0.5,35,5,5
3.7378786914194815,-97.91502633725602,1.7398467296524174,-191.9086387502349,29.41995,-78.72023779419204,17.51338401856461,-85.32798747462478,0.5,3,-10,10,500,0.7,1,eq,0.5,6.5,0,5
3.7378786914194815,-100.40969001363109,1.7398467296524174,-194.40330242660997,29.41995,-81.56435822430385,17.51338401856461,-87.71684278548786,0.5,3,-10,10,500,0.7,1,eq,0.5,35,0,5
5.327510845438027,-94.80383130978498,1.7398467296524174,-220.42979123542017,29.41995,-117.63236466407591,17.51338401856461,-118.01135768143712,0.5,3,-10,10,500,0.7,1,eff,1,6.5,5,5
5.327510845438027,-94.80383130978498,1.7398467296524174,-226.22702037900632,29.41995,-117.84599700330018,17.51338401856461,-118.19079338420313,0.5,3,-10,10,500,0.7,1,eq,1,35,5,5
5.327510845438027,-97.19987474980884,1.7398467296524174,-228.62306381903014,29.41995,-120.57768230466431,17.51338401856461,-120.48521132469581,0.5,3,-10,10,500,0.7,1,eq,0.5,6.5,5,5
5.327510845438027,-97.19987474980884,1.7398467296524174,-222.82583467544404,29.41995,-120.34439045984077,17.51338401856461,-120.2892630601331,0.5,3,-10,10,500,0.7,1,eff,0.5,6.5,5,5
3.7378786914194815,-96.24059247727779,1.7398467296524174,-185.54716130268756,29.41995,-78.14952780825801,17.51338401856461,-84.84863239302298,0.5,3,-10,10,500,0.7,1,eff,1,6.5,0,5
5.327510845438027,-94.80383130978498,1.7398467296524174,-220.42979123542017,29.41995,-117.63236466407591,17.51338401856461,-118.01135768143712,0.5,3,-10,10,500,0.7,1,eff,1,35,5,5
3.7378786914194815,-97.3964960215078,1.7398467296524174,-186.70306484691756,29.41995,-79.45786812344832,17.51338401856461,-85.94754356333378,0.5,3,-10,10,500,0.7,1,eff,1,35,0,5
3.7378786914194815,-97.91502633725602,1.7398467296524174,-187.22159516266578,29.41995,-80.04478051818202,17.51338401856461,-86.44050749563658,0.5,3,-10,10,500,0.7,1,eff,0.5,6.5,0,5
5.327510845438027,-99.12385130279266,1.7398467296524174,-224.74981122842786,29.41995,-122.52209473534404,17.51338401856461,-122.11837703468476,0.5,3,-10,10,500,0.7,1,eff,0.5,35,5,5
3.7378786914194815,-100.40969001363109,1.7398467296524174,-189.71625883904088,29.41995,-82.86843226492255,17.51338401856461,-88.81217059394086,0.5,3,-10,10,500,0.7,1,eff,0.5,35,0,5
5.327510845438027,-94.80383130978498,1.6648435882347152,-234.2743125713414,29.41995,-125.87077806165237,17.51338401856461,-124.93102865933348,0.5,3,-10,10,500,0.8,0.5,eq,1,35,5,5
5.327510845438027,-94.80383130978498,1.6648435882347152,-234.2743125713414,29.41995,-125.87077806165237,17.51338401856461,-124.93102865933348,0.5,3,-10,10,500,0.8,0.5,eq,1,6.5,5,5
3.7378786914194815,-96.24059247727779,1.6648435882347152,-197.7758239856668,29.41995,-84.2046851744422,17.51338401856461,-89.93452632324339,0.5,3,-10,10,500,0.8,0.5,eq,1,6.5,0,5
3.7378786914194815,-97.91502633725602,1.6648435882347152,-199.450257845645,29.41995,-86.11619218242198,17.51338401856461,-91.5400538597777,0.5,3,-10,10,500,0.8,0.5,eq,0.5,6.5,0,5
5.327510845438027,-99.12385130279266,1.6648435882347152,-238.59433256434912,29.41995,-130.80244403681712,17.51338401856461,-129.07327113663692,0.5,3,-10,10,500,0.8,0.5,eq,0.5,35,5,5
3.7378786914194815,-97.3964960215078,1.6648435882347152,-193.86606062991206,29.41995,-86.54266382779578,17.51338401856461,-91.89825917492456,0.5,3,-10,10,500,0.8,0.5,eff,1,35,0,5
3.7378786914194815,-97.91502633725602,1.6648435882347152,-194.38459094566028,29.41995,-87.13023449300573,17.51338401856461,-92.39177600678362,0.5,3,-10,10,500,0.8,0.5,eff,0.5,6.5,0,5
3.7378786914194815,-97.3964960215078,1.6648435882347152,-198.9317275298968,29.41995,-85.52424623848701,17.51338401856461,-91.04286211046164,0.5,3,-10,10,500,0.8,0.5,eq,1,35,0,5
3.7378786914194815,-96.24059247727779,1.6648435882347152,-192.71015708568203,29.41995,-85.23285610161071,17.51338401856461,-90.79811548558592,0.5,3,-10,10,500,0.8,0.5,eff,1,6.5,0,5
5.327510845438027,-97.19987474980884,1.6648435882347152,-230.51272575350998,29.41995,-128.0686937063706,17.51338401856461,-126.77711872117658,0.5,3,-10,10,500,0.8,0.5,eff,0.5,6.5,5,5
5.327510845438027,-94.80383130978498,1.6648435882347152,-228.1166823134861,29.41995,-125.35362615091728,17.51338401856461,-124.49665848449743,0.5,3,-10,10,500,0.8,0.5,eff,1,35,5,5
5.327510845438027,-94.80383130978498,1.6648435882347152,-228.1166823134861,29.41995,-125.35362615091728,17.51338401856461,-124.49665848449743,0.5,3,-10,10,500,0.8,0.5,eff,1,6.5,5,5
5.327510845438027,-97.19987474980884,1.6648435882347152,-236.6703560113653,29.41995,-128.60606306644158,17.51338401856461,-127.22847009016569,0.5,3,-10,10,500,0.8,0.5,eq,0.5,6.5,5,5
3.7378786914194815,-100.40969001363109,1.6648435882347152,-201.94492152202008,29.41995,-88.9640604777016,17.51338401856461,-93.93205710612062,0.5,3,-10,10,500,0.8,0.5,eq,0.5,35,0,5
3.7378786914194815,-100.40969001363109,1.6648435882347152,-196.87925462203535,29.41995,-89.95705319492583,17.51338401856461,-94.7660991182222,0.5,3,-10,10,500,0.8,0.5,eff,0.5,35,0,5
5.327510845438027,-99.12385130279266,1.6648435882347152,-232.4367023064938,29.41995,-130.24884045511504,17.51338401856461,-128.60828419647052,0.5,3,-10,10,500,0.8,0.5,eff,0.5,35,5,5
5.327510845438027,-94.80383130978498,1.7398467296524174,-226.22702037900632,29.41995,-117.84599700330018,17.51338401856461,-118.19079338420313,0.5,3,-10,10,500,0.8,1,eq,1,6.5,5,5
3.7378786914194815,-97.3964960215078,1.7398467296524174,-191.39010843448668,29.41995,-78.12907086546997,17.51338401856461,-84.83145004170423,0.5,3,-10,10,500,0.8,1,eq,1,35,0,5
5.327510845438027,-97.19987474980884,1.7398467296524174,-228.62306381903014,29.41995,-120.57768230466431,17.51338401856461,-120.48521132469581,0.5,3,-10,10,500,0.8,1,eq,0.5,6.5,5,5
3.7378786914194815,-96.24059247727779,1.7398467296524174,-190.23420489025668,29.41995,-76.81124637606642,17.51338401856461,-83.7245728514956,0.5,3,-10,10,500,0.8,1,eq,1,6.5,0,5
3.7378786914194815,-97.91502633725602,1.7398467296524174,-191.9086387502349,29.41995,-78.72023779419204,17.51338401856461,-85.32798747462478,0.5,3,-10,10,500,0.8,1,eq,0.5,6.5,0,5
5.327510845438027,-94.80383130978498,1.7398467296524174,-226.22702037900632,29.41995,-117.84599700330018,17.51338401856461,-118.19079338420313,0.5,3,-10,10,500,0.8,1,eq,1,35,5,5
3.7378786914194815,-100.40969001363109,1.7398467296524174,-194.40330242660997,29.41995,-81.56435822430385,17.51338401856461,-87.71684278548786,0.5,3,-10,10,500,0.8,1,eq,0.5,35,0,5
5.327510845438027,-94.80383130978498,1.7398467296524174,-220.42979123542017,29.41995,-117.63236466407591,17.51338401856461,-118.01135768143712,0.5,3,-10,10,500,0.8,1,eff,1,6.5,5,5
5.327510845438027,-99.12385130279266,1.7398467296524174,-230.54704037201395,29.41995,-122.77117278407937,17.51338401856461,-122.32758456796677,0.5,3,-10,10,500,0.8,1,eq,0.5,35,5,5
5.327510845438027,-94.80383130978498,1.7398467296524174,-220.42979123542017,29.41995,-117.63236466407591,17.51338401856461,-118.01135768143712,0.5,3,-10,10,500,0.8,1,eff,1,35,5,5
3.7378786914194815,-96.24059247727779,1.7398467296524174,-185.54716130268756,29.41995,-78.14952780825801,17.51338401856461,-84.84863239302298,0.5,3,-10,10,500,0.8,1,eff,1,6.5,0,5
5.327510845438027,-97.19987474980884,1.7398467296524174,-222.82583467544404,29.41995,-120.34439045984077,17.51338401856461,-120.2892630601331,0.5,3,-10,10,500,0.8,1,eff,0.5,6.5,5,5
3.7378786914194815,-100.40969001363109,1.7398467296524174,-189.71625883904088,29.41995,-82.86843226492255,17.51338401856461,-88.81217059394086,0.5,3,-10,10,500,0.8,1,eff,0.5,35,0,5
5.327510845438027,-99.12385130279266,1.7398467296524174,-224.74981122842786,29.41995,-122.52209473534404,17.51338401856461,-122.11837703468476,0.5,3,-10,10,500,0.8,1,eff,0.5,35,5,5
3.7378786914194815,-97.91502633725602,1.7398467296524174,-187.22159516266578,29.41995,-80.04478051818202,17.51338401856461,-86.44050749563658,0.5,3,-10,10,500,0.8,1,eff,0.5,6.5,0,5
3.7378786914194815,-97.3964960215078,1.7398467296524174,-186.70306484691756,29.41995,-79.45786812344832,17.51338401856461,-85.94754356333378,0.5,3,-10,10,500,0.8,1,eff,1,35,0,5
