ry_ini_q,ry_ini_delta,ry_fin_q,ry_fin_delta,snow_q,snow_delta,obs_fin_q,obs_fin_delta,resub_factor,prcp_duration,temp_air_fin,prcp_perday,p_top,rh_surf,dt,ALPHA_RY_MODE,h_air,surface_wind,temp_air_init,temp_sea_init
5.327510845438027,-11.073186114760825,0.664380693404857,-37.66990189971462,0.20430520833333332,-22.443624692474774,2.8442700602312776,-15.106935787484787,0.2,0.25,-20,2,400,0.7,0.5,eff,1,35,5,5
5.327510845438027,-11.073186114760825,0.6968241909147566,-39.699339980638186,0.20430520833333332,-22.057146636215332,2.8442700602312776,-15.10138360867408,0.2,0.25,-20,2,400,0.7,1,eq,1,6.5,5,5
3.7378786914194815,-12.85779587538116,0.6968241909147566,-37.538344188618254,0.20430520833333332,-19.856449471542938,2.8442700602312776,-15.06976819359862,0.2,0.25,-20,2,400,0.7,1,eq,1,6.5,0,5
5.327510845438027,-11.073186114760825,0.6968241909147566,-39.699339980638186,0.20430520833333332,-22.057146636215332,2.8442700602312776,-15.10138360867408,0.2,0.25,-20,2,400,0.7,1,eq,1,35,5,5
5.327510845438027,-14.048893679109554,0.6968241909147566,-42.67504754498692,0.20430520833333332,-25.087523291287813,2.8442700602312776,-15.144918274562658,0.2,0.25,-20,2,400,0.7,1,eq,0.5,6.5,5,5
3.7378786914194815,-14.294863446949414,0.6968241909147566,-38.97541176018651,0.20430520833333332,-21.319918554582006,2.8442700602312776,-15.090792523185236,0.2,0.25,-20,2,400,0.7,1,eq,1,35,0,5
5.327510845438027,-11.073186114760825,0.6968241909147566,-36.492398708477886,0.20430520833333332,-21.367526038103794,2.8442700602312776,-15.091476456611574,0.2,0.25,-20,2,400,0.7,1,eff,1,6.5,5,5
3.7378786914194815,-14.936640119945,0.6968241909147566,-39.6171884331821,0.20430520833333332,-21.973485817341267,2.8442700602312776,-15.100181729761907,0.2,0.25,-20,2,400,0.7,1,eq,0.5,6.5,0,5
5.327510845438027,-16.43988535183849,0.6968241909147566,-45.066039217715854,0.20430520833333332,-27.52244177395427,2.8442700602312776,-15.179898534336989,0.2,0.25,-20,2,400,0.7,1,eq,0.5,35,5,5
3.7378786914194815,-18.035901907714646,0.6968241909147566,-42.71645022095176,0.20430520833333332,-25.12968660874414,2.8442700602312776,-15.145523996605515,0.2,0.25,-20,2,400,0.7,1,eq,0.5,35,0,5
5.327510845438027,-14.048893679109554,0.664380693404857,-40.645609464063334,0.20430520833333332,-25.466415507438267,2.8442700602312776,-15.150361474506212,0.2,0.25,-20,2,400,0.7,0.5,eff,0.5,6.5,5,5
3.7378786914194815,-12.85779587538116,0.6968241909147566,-34.57103183991974,0.20430520833333332,-19.415997658597707,2.8442700602312776,-15.063440622903768,0.2,0.25,-20,2,400,0.7,1,eff,1,6.5,0,5
3.7378786914194815,-14.294863446949414,0.6968241909147566,-36.008099411488,0.20430520833333332,-20.87562423751988,2.8442700602312776,-15.08440975072778,0.2,0.25,-20,2,400,0.7,1,eff,1,35,0,5
5.327510845438027,-14.048893679109554,0.6968241909147566,-39.4681062728266,0.20430520833333332,-24.389946095422076,2.8442700602312776,-15.134896817294962,0.2,0.25,-20,2,400,0.7,1,eff,0.5,6.5,5,5
5.327510845438027,-11.073186114760825,0.6968241909147566,-36.492398708477886,0.20430520833333332,-21.367526038103794,2.8442700602312776,-15.091476456611574,0.2,0.25,-20,2,400,0.7,1,eff,1,35,5,5
3.7378786914194815,-14.936640119945,0.664380693404857,-37.76687846118287,0.20430520833333332,-22.54213566942641,2.8442700602312776,-15.108351005114763,0.2,0.25,-20,2,400,0.7,0.5,eff,0.5,6.5,0,5
3.7378786914194815,-14.294863446949414,0.664380693404857,-40.246976635003655,0.20430520833333332,-22.449816443398237,2.8442700602312776,-15.107024738740037,0.2,0.25,-20,2,400,0.8,0.5,eq,1,35,0,5
3.7378786914194815,-14.936640119945,0.6968241909147566,-36.64987608448359,0.20430520833333332,-21.52747548525776,2.8442700602312776,-15.09377430487724,0.2,0.25,-20,2,400,0.7,1,eff,0.5,6.5,0,5
5.327510845438027,-16.43988535183849,0.664380693404857,-43.03660113679226,0.20430520833333332,-27.895238740472948,2.8442700602312776,-15.185254169371444,0.2,0.25,-20,2,400,0.7,0.5,eff,0.5,35,5,5
5.327510845438027,-11.073186114760825,0.664380693404857,-41.02755752487721,0.20430520833333332,-23.244872237452867,2.8442700602312776,-15.1184465823907,0.2,0.25,-20,2,400,0.8,0.5,eq,1,6.5,5,5
5.327510845438027,-16.43988535183849,0.6968241909147566,-41.85909794555555,0.20430520833333332,-26.818471423326493,2.8442700602312776,-15.169785232428069,0.2,0.25,-20,2,400,0.7,1,eff,0.5,35,5,5
5.327510845438027,-11.073186114760825,0.664380693404857,-41.02755752487721,0.20430520833333332,-23.244872237452867,2.8442700602312776,-15.1184465823907,0.2,0.25,-20,2,400,0.8,0.5,eq,1,35,5,5
3.7378786914194815,-12.85779587538116,0.664380693404857,-38.8099090634354,0.20430520833333332,-20.986100236651133,2.8442700602312776,-15.085996858951734,0.2,0.25,-20,2,400,0.8,0.5,eq,1,6.5,0,5
5.327510845438027,-14.048893679109554,0.664380693404857,-44.00326508922595,0.20430520833333332,-26.275760606723196,2.8442700602312776,-15.161988599611709,0.2,0.25,-20,2,400,0.8,0.5,eq,0.5,6.5,5,5
5.327510845438027,-11.073186114760825,0.664380693404857,-37.66990189971462,0.20430520833333332,-22.443624692474774,2.8442700602312776,-15.106935787484787,0.2,0.25,-20,2,400,0.8,0.5,eff,1,6.5,5,5
3.7378786914194815,-14.936640119945,0.664380693404857,-40.888753307999245,0.20430520833333332,-23.103494068564785,2.8442700602312776,-15.116415530793237,0.2,0.25,-20,2,400,0.8,0.5,eq,0.5,6.5,0,5
5.327510845438027,-16.43988535183849,0.664380693404857,-46.39425676195488,0.20430520833333332,-28.7110902536258,2.8442700602312776,-15.196974766208848,0.2,0.25,-20,2,400,0.8,0.5,eq,0.5,35,5,5
3.7378786914194815,-18.035901907714646,0.664380693404857,-43.988015095768894,0.20430520833333332,-26.260227821062955,2.8442700602312776,-15.161765454204112,0.2,0.25,-20,2,400,0.8,0.5,eq,0.5,35,0,5
3.7378786914194815,-18.035901907714646,0.664380693404857,-40.866140248952505,0.20430520833333332,-25.690435649390405,2.8442700602312776,-15.153579768184544,0.2,0.25,-20,2,400,0.7,0.5,eff,0.5,35,0,5
3.7378786914194815,-18.035901907714646,0.6968241909147566,-39.74913787225322,0.20430520833333332,-24.675389313361553,2.8442700602312776,-15.138997520454222,0.2,0.25,-20,2,400,0.7,1,eff,0.5,35,0,5
3.7378786914194815,-14.294863446949414,0.6968241909147566,-38.97541176018651,0.20430520833333332,-21.319918554582006,2.8442700602312776,-15.090792523185236,0.2,0.25,-20,2,400,0.8,1,eq,1,35,0,5
3.7378786914194815,-12.85779587538116,0.664380693404857,-35.68803421661903,0.20430520833333332,-20.430398829603092,2.8442700602312776,-15.078013602134899,0.2,0.25,-20,2,400,0.8,0.5,eff,1,6.5,0,5
3.7378786914194815,-18.035901907714646,0.664380693404857,-40.866140248952505,0.20430520833333332,-25.690435649390405,2.8442700602312776,-15.153579768184544,0.2,0.25,-20,2,400,0.8,0.5,eff,0.5,35,0,5
3.7378786914194815,-12.85779587538116,0.6968241909147566,-37.538344188618254,0.20430520833333332,-19.856449471542938,2.8442700602312776,-15.06976819359862,0.2,0.25,-20,2,400,0.8,1,eq,1,6.5,0,5
5.327510845438027,-16.43988535183849,0.664380693404857,-43.03660113679226,0.20430520833333332,-27.895238740472948,2.8442700602312776,-15.185254169371444,0.2,0.25,-20,2,400,0.8,0.5,eff,0.5,35,5,5
5.327510845438027,-14.048893679109554,0.6968241909147566,-42.67504754498692,0.20430520833333332,-25.087523291287813,2.8442700602312776,-15.144918274562658,0.2,0.25,-20,2,400,0.8,1,eq,0.5,6.5,5,5
3.7378786914194815,-14.936640119945,0.6968241909147566,-39.6171884331821,0.20430520833333332,-21.973485817341267,2.8442700602312776,-15.100181729761907,0.2,0.25,-20,2,400,0.8,1,eq,0.5,6.5,0,5
3.7378786914194815,-14.936640119945,0.664380693404857,-37.76687846118287,0.20430520833333332,-22.54213566942641,2.8442700602312776,-15.108351005114763,0.2,0.25,-20,2,400,0.8,0.5,eff,0.5,6.5,0,5
5.327510845438027,-11.073186114760825,0.6968241909147566,-39.699339980638186,0.20430520833333332,-22.057146636215332,2.8442700602312776,-15.10138360867408,0.2,0.25,-20,2,400,0.8,1,eq,1,6.5,5,5
3.7378786914194815,-14.294863446949414,0.664380693404857,-37.12510178818729,0.20430520833333332,-21.890204459638568,2.8442700602312776,-15.098985302223532,0.2,0.25,-20,2,400,0.8,0.5,eff,1,35,0,5
5.327510845438027,-16.43988535183849,0.6968241909147566,-45.066039217715854,0.20430520833333332,-27.52244177395427,2.8442700602312776,-15.179898534336989,0.2,0.25,-20,2,400,0.8,1,eq,0.5,35,5,5
5.327510845438027,-11.073186114760825,0.6968241909147566,-39.699339980638186,0.20430520833333332,-22.057146636215332,2.8442700602312776,-15.10138360867408,0.2,0.25,-20,2,400,0.8,1,eq,1,35,5,5
5.327510845438027,-14.048893679109554,0.664380693404857,-40.645609464063334,0.20430520833333332,-25.466415507438267,2.8442700602312776,-15.150361474506212,0.2,0.25,-20,2,400,0.8,0.5,eff,0.5,6.5,5,5
5.327510845438027,-11.073186114760825,0.664380693404857,-37.66990189971462,0.20430520833333332,-22.443624692474774,2.8442700602312776,-15.106935787484787,0.2,0.25,-20,2,400,0.8,0.5,eff,1,35,5,5
5.327510845438027,-11.073186114760825,0.6968241909147566,-36.492398708477886,0.20430520833333332,-21.367526038103794,2.8442700602312776,-15.091476456611574,0.2,0.25,-20,2,400,0.8,1,eff,1,6.5,5,5
3.7378786914194815,-14.294863446949414,0.664380693404857,-37.12510178818729,0.20430520833333332,-21.890204459638568,2.8442700602312776,-15.098985302223532,0.2,0.25,-20,2,400,0.7,0.5,eff,1,35,0,5
5.327510845438027,-16.43988535183849,0.6968241909147566,-41.85909794555555,0.20430520833333332,-26.818471423326493,2.8442700602312776,-15.169785232428069,0.2,0.25,-20,2,400,0.8,1,eff,0.5,35,5,5
3.7378786914194815,-18.035901907714646,0.6968241909147566,-42.71645022095176,0.20430520833333332,-25.12968660874414,2.8442700602312776,-15.145523996605515,0.2,0.25,-20,2,400,0.8,1,eq,0.5,35,0,5
3.7378786914194815,-12.85779587538116,0.6968241909147566,-34.57103183991974,0.20430520833333332,-19.415997658597707,2.8442700602312776,-15.063440622903768,0.2,0.25,-20,2,400,0.8,1,eff,1,6.5,0,5
3.7378786914194815,-14.294863446949414,0.6968241909147566,-36.008099411488,0.20430520833333332,-20.87562423751988,2.8442700602312776,-15.08440975072778,0.2,0.25,-20,2,400,0.8,1,eff,1,35,0,5
5.327510845438027,-11.073186114760825,0.664380693404857,-41.02755752487721,0.3064578125,-23.245006686010978,2.864700581064611,-15.176405641116219,0.2,0.25,-20,2,500,0.7,0.5,eq,1,35,5,5
3.7378786914194815,-12.85779587538116,0.664380693404857,-38.8099090634354,0.3064578125,-20.986234685207535,2.864700581064611,-15.12807819420059,0.2,0.25,-20,2,500,0.7,0.5,eq,1,6.5,0,5
5.327510845438027,-14.048893679109554,0.6968241909147566,-39.4681062728266,0.20430520833333332,-24.389946095422076,2.8442700602312776,-15.134896817294962,0.2,0.25,-20,2,400,0.8,1,eff,0.5,6.5,5,5
5.327510845438027,-11.073186114760825,0.6968241909147566,-36.492398708477886,0.20430520833333332,-21.367526038103794,2.8442700602312776,-15.091476456611574,0.2,0.25,-20,2,400,0.8,1,eff,1,35,5,5
5.327510845438027,-11.073186114760825,0.664380693404857,-41.02755752487721,0.3064578125,-23.245006686010978,2.864700581064611,-15.176405641116219,0.2,0.25,-20,2,500,0.7,0.5,eq,1,6.5,5,5
3.7378786914194815,-18.035901907714646,0.6968241909147566,-39.74913787225322,0.20430520833333332,-24.675389313361553,2.8442700602312776,-15.138997520454222,0.2,0.25,-20,2,400,0.8,1,eff,0.5,35,0,5
3.7378786914194815,-14.936640119945,0.6968241909147566,-36.64987608448359,0.20430520833333332,-21.52747548525776,2.8442700602312776,-15.09377430487724,0.2,0.25,-20,2,400,0.8,1,eff,0.5,6.5,0,5
3.7378786914194815,-14.936640119945,0.664380693404857,-40.888753307999245,0.3064578125,-23.103628517148753,2.864700581064611,-15.173380791353441,0.2,0.25,-20,2,500,0.7,0.5,eq,0.5,6.5,0,5
5.327510845438027,-16.43988535183849,0.664380693404857,-46.39425676195488,0.3064578125,-28.711224702183397,2.864700581064611,-15.293357843866984,0.2,0.25,-20,2,500,0.7,0.5,eq,0.5,35,5,5
5.327510845438027,-14.048893679109554,0.664380693404857,-44.00326508922595,0.3064578125,-26.275895055280994,2.864700581064611,-15.241252866387667,0.2,0.25,-20,2,500,0.7,0.5,eq,0.5,6.5,5,5
3.7378786914194815,-18.035901907714646,0.664380693404857,-43.988015095768894,0.3064578125,-26.260362269619154,2.864700581064611,-15.240920535424474,0.2,0.25,-20,2,500,0.7,0.5,eq,0.5,35,0,5
3.7378786914194815,-14.294863446949414,0.664380693404857,-40.246976635003655,0.3064578125,-22.44995089198138,2.864700581064611,-15.159395063391923,0.2,0.25,-20,2,500,0.7,0.5,eq,1,35,0,5
5.327510845438027,-16.43988535183849,0.664380693404857,-43.03660113679226,0.3064578125,-27.895353152758453,2.864700581064611,-15.275901903656575,0.2,0.25,-20,2,500,0.7,0.5,eff,0.5,35,5,5
3.7378786914194815,-14.294863446949414,0.664380693404857,-37.12510178818729,0.3064578125,-21.89031887195297,2.864700581064611,-15.147421483619139,0.2,0.25,-20,2,500,0.7,0.5,eff,1,35,0,5
3.7378786914194815,-12.85779587538116,0.664380693404857,-35.68803421661903,0.3064578125,-20.430513241893003,2.864700581064611,-15.116188282982556,0.2,0.25,-20,2,500,0.7,0.5,eff,1,6.5,0,5
3.7378786914194815,-14.936640119945,0.664380693404857,-37.76687846118287,0.3064578125,-22.542250081741628,2.864700581064611,-15.161369846234951,0.2,0.25,-20,2,500,0.7,0.5,eff,0.5,6.5,0,5
5.327510845438027,-11.073186114760825,0.664380693404857,-37.66990189971462,0.3064578125,-22.443739104790037,2.864700581064611,-15.159262159400111,0.2,0.25,-20,2,500,0.7,0.5,eff,1,35,5,5
5.327510845438027,-11.073186114760825,0.664380693404857,-37.66990189971462,0.3064578125,-22.443739104790037,2.864700581064611,-15.159262159400111,0.2,0.25,-20,2,500,0.7,0.5,eff,1,6.5,5,5
5.327510845438027,-16.43988535183849,0.6968241909147566,-45.066039217715854,0.3064578125,-27.52256875252777,2.864700581064611,-15.267926013081246,0.2,0.25,-20,2,500,0.7,1,eq,0.5,35,5,5
5.327510845438027,-11.073186114760825,0.6968241909147566,-39.699339980638186,0.3064578125,-22.057273614792393,2.864700581064611,-15.15099355573135,0.2,0.25,-20,2,500,0.7,1,eq,1,6.5,5,5
5.327510845438027,-14.048893679109554,0.664380693404857,-40.645609464063334,0.3064578125,-25.466529919750965,2.864700581064611,-15.223936133840654,0.2,0.25,-20,2,500,0.7,0.5,eff,0.5,6.5,5,5
3.7378786914194815,-18.035901907714646,0.664380693404857,-40.866140248952505,0.3064578125,-25.690550061703174,2.864700581064611,-15.228729145934983,0.2,0.25,-20,2,500,0.7,0.5,eff,0.5,35,0,5
3.7378786914194815,-14.936640119945,0.6968241909147566,-39.6171884331821,0.3064578125,-21.973612795920513,2.864700581064611,-15.149203594734262,0.2,0.25,-20,2,500,0.7,1,eq,0.5,6.5,0,5
3.7378786914194815,-12.85779587538116,0.6968241909147566,-37.538344188618254,0.3064578125,-19.85657645009802,2.864700581064611,-15.103908646158404,0.2,0.25,-20,2,500,0.7,1,eq,1,6.5,0,5
5.327510845438027,-11.073186114760825,0.6968241909147566,-39.699339980638186,0.3064578125,-22.057273614792393,2.864700581064611,-15.15099355573135,0.2,0.25,-20,2,500,0.7,1,eq,1,35,5,5
3.7378786914194815,-14.294863446949414,0.6968241909147566,-36.008099411488,0.3064578125,-20.875732450620582,2.864700581064611,-15.125713948993758,0.2,0.25,-20,2,500,0.7,1,eff,1,35,0,5
3.7378786914194815,-14.294863446949414,0.6968241909147566,-38.97541176018651,0.3064578125,-21.320045533160425,2.864700581064611,-15.13522022802627,0.2,0.25,-20,2,500,0.7,1,eq,1,35,0,5
3.7378786914194815,-18.035901907714646,0.6968241909147566,-42.71645022095176,0.3064578125,-25.129813587301012,2.864700581064611,-15.21673193586215,0.2,0.25,-20,2,500,0.7,1,eq,0.5,35,0,5
5.327510845438027,-11.073186114760825,0.6968241909147566,-36.492398708477886,0.3064578125,-21.367634251204503,2.864700581064611,-15.13623841013767,0.2,0.25,-20,2,500,0.7,1,eff,1,6.5,5,5
5.327510845438027,-14.048893679109554,0.6968241909147566,-42.67504754498692,0.3064578125,-25.087650269865016,2.864700581064611,-15.215829832646577,0.2,0.25,-20,2,500,0.7,1,eq,0.5,6.5,5,5
5.327510845438027,-11.073186114760825,0.6968241909147566,-36.492398708477886,0.3064578125,-21.367634251204503,2.864700581064611,-15.13623841013767,0.2,0.25,-20,2,500,0.7,1,eff,1,35,5,5
3.7378786914194815,-14.936640119945,0.6968241909147566,-36.64987608448359,0.3064578125,-21.527583698358463,2.864700581064611,-15.139660600785533,0.2,0.25,-20,2,500,0.7,1,eff,0.5,6.5,0,5
5.327510845438027,-14.048893679109554,0.6968241909147566,-39.4681062728266,0.3064578125,-24.390054308521186,2.864700581064611,-15.200904452051024,0.2,0.25,-20,2,500,0.7,1,eff,0.5,6.5,5,5
5.327510845438027,-16.43988535183849,0.6968241909147566,-41.85909794555555,0.3064578125,-26.818579636433803,2.864700581064611,-15.252863848053021,0.2,0.25,-20,2,500,0.7,1,eff,0.5,35,5,5
3.7378786914194815,-12.85779587538116,0.6968241909147566,-34.57103183991974,0.3064578125,-19.416105871698413,2.864700581064611,-15.0944845792369,0.2,0.25,-20,2,500,0.7,1,eff,1,6.5,0,5
5.327510845438027,-16.43988535183849,0.664380693404857,-46.39425676195488,0.3064578125,-28.711224702183397,2.864700581064611,-15.293357843866984,0.2,0.25,-20,2,500,0.8,0.5,eq,0.5,35,5,5
5.327510845438027,-14.048893679109554,0.664380693404857,-44.00326508922595,0.3064578125,-26.275895055280994,2.864700581064611,-15.241252866387667,0.2,0.25,-20,2,500,0.8,0.5,eq,0.5,6.5,5,5
3.7378786914194815,-14.936640119945,0.664380693404857,-40.888753307999245,0.3064578125,-23.103628517148753,2.864700581064611,-15.173380791353441,0.2,0.25,-20,2,500,0.8,0.5,eq,0.5,6.5,0,5
3.7378786914194815,-18.035901907714646,0.6968241909147566,-39.74913787225322,0.3064578125,-24.675497526460028,2.864700581064611,-15.20701163859195,0.2,0.25,-20,2,500,0.7,1,eff,0.5,35,0,5
3.7378786914194815,-14.294863446949414,0.664380693404857,-40.246976635003655,0.3064578125,-22.44995089198138,2.864700581064611,-15.159395063391923,0.2,0.25,-20,2,500,0.8,0.5,eq,1,35,0,5
3.7378786914194815,-14.294863446949414,0.664380693404857,-37.12510178818729,0.3064578125,-21.89031887195297,2.864700581064611,-15.147421483619139,0.2,0.25,-20,2,500,0.8,0.5,eff,1,35,0,5
3.7378786914194815,-12.85779587538116,0.664380693404857,-35.68803421661903,0.3064578125,-20.430513241893003,2.864700581064611,-15.116188282982556,0.2,0.25,-20,2,500,0.8,0.5,eff,1,6.5,0,5
5.327510845438027,-11.073186114760825,0.664380693404857,-37.66990189971462,0.3064578125,-22.443739104790037,2.864700581064611,-15.159262159400111,0.2,0.25,-20,2,500,0.8,0.5,eff,1,35,5,5
3.7378786914194815,-18.035901907714646,0.664380693404857,-43.988015095768894,0.3064578125,-26.260362269619154,2.864700581064611,-15.240920535424474,0.2,0.25,-20,2,500,0.8,0.5,eq,0.5,35,0,5
3.7378786914194815,-12.85779587538116,0.664380693404857,-38.8099090634354,0.3064578125,-20.986234685207535,2.864700581064611,-15.12807819420059,0.2,0.25,-20,2,500,0.8,0.5,eq,1,6.5,0,5
5.327510845438027,-11.073186114760825,0.664380693404857,-41.02755752487721,0.3064578125,-23.245006686010978,2.864700581064611,-15.176405641116219,0.2,0.25,-20,2,500,0.8,0.5,eq,1,6.5,5,5
5.327510845438027,-14.048893679109554,0.664380693404857,-40.645609464063334,0.3064578125,-25.466529919750965,2.864700581064611,-15.223936133840654,0.2,0.25,-20,2,500,0.8,0.5,eff,0.5,6.5,5,5
5.327510845438027,-11.073186114760825,0.664380693404857,-41.02755752487721,0.3064578125,-23.245006686010978,2.864700581064611,-15.176405641116219,0.2,0.25,-20,2,500,0.8,0.5,eq,1,35,5,5
5.327510845438027,-11.073186114760825,0.6968241909147566,-39.699339980638186,0.3064578125,-22.057273614792393,2.864700581064611,-15.15099355573135,0.2,0.25,-20,2,500,0.8,1,eq,1,6.5,5,5
3.7378786914194815,-18.035901907714646,0.664380693404857,-40.866140248952505,0.3064578125,-25.690550061703174,2.864700581064611,-15.228729145934983,0.2,0.25,-20,2,500,0.8,0.5,eff,0.5,35,0,5
3.7378786914194815,-14.936640119945,0.664380693404857,-37.76687846118287,0.3064578125,-22.542250081741628,2.864700581064611,-15.161369846234951,0.2,0.25,-20,2,500,0.8,0.5,eff,0.5,6.5,0,5
3.7378786914194815,-12.85779587538116,0.6968241909147566,-37.538344188618254,0.3064578125,-19.85657645009802,2.864700581064611,-15.103908646158404,0.2,0.25,-20,2,500,0.8,1,eq,1,6.5,0,5
5.327510845438027,-11.073186114760825,0.664380693404857,-37.66990189971462,0.3064578125,-22.443739104790037,2.864700581064611,-15.159262159400111,0.2,0.25,-20,2,500,0.8,0.5,eff,1,6.5,5,5
5.327510845438027,-11.073186114760825,0.6968241909147566,-39.699339980638186,0.3064578125,-22.057273614792393,2.864700581064611,-15.15099355573135,0.2,0.25,-20,2,500,0.8,1,eq,1,35,5,5
3.7378786914194815,-14.294863446949414,0.6968241909147566,-38.97541176018651,0.3064578125,-21.320045533160425,2.864700581064611,-15.13522022802627,0.2,0.25,-20,2,500,0.8,1,eq,1,35,0,5
5.327510845438027,-14.048893679109554,0.6968241909147566,-42.67504754498692,0.3064578125,-25.087650269865016,2.864700581064611,-15.215829832646577,0.2,0.25,-20,2,500,0.8,1,eq,0.5,6.5,5,5
3.7378786914194815,-14.936640119945,0.6968241909147566,-39.6171884331821,0.3064578125,-21.973612795920513,2.864700581064611,-15.149203594734262,0.2,0.25,-20,2,500,0.8,1,eq,0.5,6.5,0,5
5.327510845438027,-16.43988535183849,0.664380693404857,-43.03660113679226,0.3064578125,-27.895353152758453,2.864700581064611,-15.275901903656575,0.2,0.25,-20,2,500,0.8,0.5,eff,0.5,35,5,5
5.327510845438027,-16.43988535183849,0.6968241909147566,-45.066039217715854,0.3064578125,-27.52256875252777,2.864700581064611,-15.267926013081246,0.2,0.25,-20,2,500,0.8,1,eq,0.5,35,5,5
5.327510845438027,-11.073186114760825,0.6968241909147566,-36.492398708477886,0.3064578125,-21.367634251204503,2.864700581064611,-15.13623841013767,0.2,0.25,-20,2,500,0.8,1,eff,1,35,5,5
3.7378786914194815,-12.85779587538116,0.6968241909147566,-34.57103183991974,0.3064578125,-19.416105871698413,2.864700581064611,-15.0944845792369,0.2,0.25,-20,2,500,0.8,1,eff,1,6.5,0,5
3.7378786914194815,-14.294863446949414,0.6968241909147566,-36.008099411488,0.3064578125,-20.875732450620582,2.864700581064611,-15.125713948993758,0.2,0.25,-20,2,500,0.8,1,eff,1,35,0,5
3.7378786914194815,-18.035901907714646,0.6968241909147566,-42.71645022095176,0.3064578125,-25.129813587301012,2.864700581064611,-15.21673193586215,0.2,0.25,-20,2,500,0.8,1,eq,0.5,35,0,5
5.327510845438027,-11.073186114760825,0.6968241909147566,-36.492398708477886,0.3064578125,-21.367634251204503,2.864700581064611,-15.13623841013767,0.2,0.25,-20,2,500,0.8,1,eff,1,6.5,5,5
3.7378786914194815,-14.936640119945,0.6968241909147566,-36.64987608448359,0.3064578125,-21.527583698358463,2.864700581064611,-15.139660600785533,0.2,0.25,-20,2,500,0.8,1,eff,0.5,6.5,0,5
5.327510845438027,-14.048893679109554,0.6968241909147566,-39.4681062728266,0.3064578125,-24.390054308521186,2.864700581064611,-15.200904452051024,0.2,0.25,-20,2,500,0.8,1,eff,0.5,6.5,5,5
5.327510845438027,-11.073186114760825,0.664380693404857,-41.02755752487721,1.0215260416666667,-23.245947825952285,3.0077142268979444,-15.560123057377195,0.2,0.25,-20,10,400,0.7,0.5,eq,1,35,5,5
5.327510845438027,-16.43988535183849,0.6968241909147566,-41.85909794555555,0.3064578125,-26.818579636433803,2.864700581064611,-15.252863848053021,0.2,0.25,-20,2,500,0.8,1,eff,0.5,35,5,5
5.327510845438027,-11.073186114760825,0.664380693404857,-41.02755752487721,1.0215260416666667,-23.245947825952285,3.0077142268979444,-15.560123057377195,0.2,0.25,-20,10,400,0.7,0.5,eq,1,6.5,5,5
3.7378786914194815,-12.85779587538116,0.664380693404857,-38.8099090634354,1.0215260416666667,-20.987175825142966,3.0077142268979444,-15.40669129844352,0.2,0.25,-20,10,400,0.7,0.5,eq,1,6.5,0,5
3.7378786914194815,-18.035901907714646,0.6968241909147566,-39.74913787225322,0.3064578125,-24.675497526460028,2.864700581064611,-15.20701163859195,0.2,0.25,-20,2,500,0.8,1,eff,0.5,35,0,5
3.7378786914194815,-14.294863446949414,0.664380693404857,-40.246976635003655,1.0215260416666667,-22.450892031898075,3.0077142268979444,-15.506117248518025,0.2,0.25,-20,10,400,0.7,0.5,eq,1,35,0,5
5.327510845438027,-16.43988535183849,0.664380693404857,-46.39425676195488,1.0215260416666667,-28.71216584211552,3.0077142268979444,-15.93142721938856,0.2,0.25,-20,10,400,0.7,0.5,eq,0.5,35,5,5
3.7378786914194815,-14.936640119945,0.664380693404857,-40.888753307999245,1.0215260416666667,-23.104569657064285,3.0077142268979444,-15.5505196529081,0.2,0.25,-20,10,400,0.7,0.5,eq,0.5,6.5,0,5
5.327510845438027,-11.073186114760825,0.664380693404857,-37.66990189971462,1.0215260416666667,-22.444539990889446,3.0077142268979444,-15.505685772997492,0.2,0.25,-20,10,400,0.7,0.5,eff,1,6.5,5,5
5.327510845438027,-14.048893679109554,0.664380693404857,-44.00326508922595,1.0215260416666667,-26.27683619522835,3.0077142268979444,-15.766002417252011,0.2,0.25,-20,10,400,0.7,0.5,eq,0.5,6.5,5,5
3.7378786914194815,-18.035901907714646,0.664380693404857,-43.988015095768894,1.0215260416666667,-26.26130340956678,3.0077142268979444,-15.764947320666579,0.2,0.25,-20,10,400,0.7,0.5,eq,0.5,35,0,5
5.327510845438027,-14.048893679109554,0.664380693404857,-40.645609464063334,1.0215260416666667,-25.467330805852644,3.0077142268979444,-15.711015089751147,0.2,0.25,-20,10,400,0.7,0.5,eff,0.5,6.5,5,5
3.7378786914194815,-12.85779587538116,0.664380693404857,-35.68803421661903,1.0215260416666667,-20.431314128017355,3.0077142268979444,-15.368933243233407,0.2,0.25,-20,10,400,0.7,0.5,eff,1,6.5,0,5
3.7378786914194815,-14.294863446949414,0.664380693404857,-37.12510178818729,1.0215260416666667,-21.891119758052863,3.0077142268979444,-15.468093559297792,0.2,0.25,-20,10,400,0.7,0.5,eff,1,35,0,5
3.7378786914194815,-14.294863446949414,0.6968241909147566,-38.97541176018651,1.0215260416666667,-21.320934383144802,3.0077142268979444,-15.429362538655012,0.2,0.25,-20,10,400,0.7,1,eq,1,35,0,5
3.7378786914194815,-12.85779587538116,0.6968241909147566,-37.538344188618254,1.0215260416666667,-19.857465300106007,3.0077142268979444,-15.329953374969897,0.2,0.25,-20,10,400,0.7,1,eq,1,6.5,0,5
5.327510845438027,-11.073186114760825,0.6968241909147566,-39.699339980638186,1.0215260416666667,-22.05816246480383,3.0077142268979444,-15.479440280571355,0.2,0.25,-20,10,400,0.7,1,eq,1,35,5,5
3.7378786914194815,-18.035901907714646,0.664380693404857,-40.866140248952505,1.0215260416666667,-25.691350947798668,3.0077142268979444,-15.726232121130558,0.2,0.25,-20,10,400,0.7,0.5,eff,0.5,35,0,5
5.327510845438027,-11.073186114760825,0.664380693404857,-37.66990189971462,1.0215260416666667,-22.444539990889446,3.0077142268979444,-15.505685772997492,0.2,0.25,-20,10,400,0.7,0.5,eff,1,35,5,5
5.327510845438027,-16.43988535183849,0.664380693404857,-43.03660113679226,1.0215260416666667,-27.896154038887648,3.0077142268979444,-15.87599793027261,0.2,0.25,-20,10,400,0.7,0.5,eff,0.5,35,5,5
3.7378786914194815,-14.936640119945,0.664380693404857,-37.76687846118287,1.0215260416666667,-22.543050967841076,3.0077142268979444,-15.512377334811923,0.2,0.25,-20,10,400,0.7,0.5,eff,0.5,6.5,0,5
5.327510845438027,-11.073186114760825,0.6968241909147566,-39.699339980638186,1.0215260416666667,-22.05816246480383,3.0077142268979444,-15.479440280571355,0.2,0.25,-20,10,400,0.7,1,eq,1,6.5,5,5
5.327510845438027,-16.43988535183849,0.6968241909147566,-45.066039217715854,1.0215260416666667,-27.52345760252985,3.0077142268979444,-15.850681754156382,0.2,0.25,-20,10,400,0.7,1,eq,0.5,35,5,5
3.7378786914194815,-18.035901907714646,0.6968241909147566,-42.71645022095176,1.0215260416666667,-25.130702437309257,3.0077142268979444,-15.68814891172432,0.2,0.25,-20,10,400,0.7,1,eq,0.5,35,0,5
5.327510845438027,-11.073186114760825,0.6968241909147566,-36.492398708477886,1.0215260416666667,-21.368391742911413,3.0077142268979444,-15.432586177951514,0.2,0.25,-20,10,400,0.7,1,eff,1,6.5,5,5
5.327510845438027,-16.43988535183849,0.6968241909147566,-41.85909794555555,1.0215260416666667,-26.819337128133732,3.0077142268979444,-15.80285291492467,0.2,0.25,-20,10,400,0.7,1,eff,0.5,35,5,5
3.7378786914194815,-14.936640119945,0.6968241909147566,-36.64987608448359,1.0215260416666667,-21.528341190063564,3.0077142268979444,-15.443451074899084,0.2,0.25,-20,10,400,0.7,1,eff,0.5,6.5,0,5
5.327510845438027,-11.073186114760825,0.6968241909147566,-36.492398708477886,1.0215260416666667,-21.368391742911413,3.0077142268979444,-15.432586177951514,0.2,0.25,-20,10,400,0.7,1,eff,1,35,5,5
5.327510845438027,-14.048893679109554,0.6968241909147566,-39.4681062728266,1.0215260416666667,-24.390811800228153,3.0077142268979444,-15.637890310225222,0.2,0.25,-20,10,400,0.7,1,eff,0.5,6.5,5,5
3.7378786914194815,-12.85779587538116,0.6968241909147566,-34.57103183991974,1.0215260416666667,-19.41686336340352,3.0077142268979444,-15.300024577325155,0.2,0.25,-20,10,400,0.7,1,eff,1,6.5,0,5
3.7378786914194815,-12.85779587538116,0.664380693404857,-38.8099090634354,1.0215260416666667,-20.987175825142966,3.0077142268979444,-15.40669129844352,0.2,0.25,-20,10,400,0.8,0.5,eq,1,6.5,0,5
5.327510845438027,-11.073186114760825,0.664380693404857,-41.02755752487721,1.0215260416666667,-23.245947825952285,3.0077142268979444,-15.560123057377195,0.2,0.25,-20,10,400,0.8,0.5,eq,1,35,5,5
5.327510845438027,-14.048893679109554,0.664380693404857,-44.00326508922595,1.0215260416666667,-26.27683619522835,3.0077142268979444,-15.766002417252011,0.2,0.25,-20,10,400,0.8,0.5,eq,0.5,6.5,5,5
3.7378786914194815,-14.936640119945,0.6968241909147566,-39.6171884331821,1.0215260416666667,-21.97450164590392,3.0077142268979444,-15.473757446450298,0.2,0.25,-20,10,400,0.7,1,eq,0.5,6.5,0,5
3.7378786914194815,-14.294863446949414,0.6968241909147566,-36.008099411488,1.0215260416666667,-20.876489942325687,3.0077142268979444,-15.399172730972577,0.2,0.25,-20,10,400,0.7,1,eff,1,35,0,5
3.7378786914194815,-18.035901907714646,0.6968241909147566,-39.74913787225322,1.0215260416666667,-24.67625501816733,3.0077142268979444,-15.657279631054678,0.2,0.25,-20,10,400,0.7,1,eff,0.5,35,0,5
5.327510845438027,-11.073186114760825,0.664380693404857,-41.02755752487721,1.0215260416666667,-23.245947825952285,3.0077142268979444,-15.560123057377195,0.2,0.25,-20,10,400,0.8,0.5,eq,1,6.5,5,5
5.327510845438027,-14.048893679109554,0.6968241909147566,-42.67504754498692,1.0215260416666667,-25.088539119852776,3.0077142268979444,-15.685284881199024,0.2,0.25,-20,10,400,0.7,1,eq,0.5,6.5,5,5
3.7378786914194815,-14.294863446949414,0.664380693404857,-40.246976635003655,1.0215260416666667,-22.450892031898075,3.0077142268979444,-15.506117248518025,0.2,0.25,-20,10,400,0.8,0.5,eq,1,35,0,5
3.7378786914194815,-14.936640119945,0.664380693404857,-40.888753307999245,1.0215260416666667,-23.104569657064285,3.0077142268979444,-15.5505196529081,0.2,0.25,-20,10,400,0.8,0.5,eq,0.5,6.5,0,5
3.7378786914194815,-18.035901907714646,0.664380693404857,-43.988015095768894,1.0215260416666667,-26.26130340956678,3.0077142268979444,-15.764947320666579,0.2,0.25,-20,10,400,0.8,0.5,eq,0.5,35,0,5
5.327510845438027,-16.43988535183849,0.664380693404857,-46.39425676195488,1.0215260416666667,-28.71216584211552,3.0077142268979444,-15.93142721938856,0.2,0.25,-20,10,400,0.8,0.5,eq,0.5,35,5,5
5.327510845438027,-11.073186114760825,0.664380693404857,-37.66990189971462,1.0215260416666667,-22.444539990889446,3.0077142268979444,-15.505685772997492,0.2,0.25,-20,10,400,0.8,0.5,eff,1,35,5,5
3.7378786914194815,-12.85779587538116,0.664380693404857,-35.68803421661903,1.0215260416666667,-20.431314128017355,3.0077142268979444,-15.368933243233407,0.2,0.25,-20,10,400,0.8,0.5,eff,1,6.5,0,5
5.327510845438027,-16.43988535183849,0.664380693404857,-43.03660113679226,1.0215260416666667,-27.896154038887648,3.0077142268979444,-15.87599793027261,0.2,0.25,-20,10,400,0.8,0.5,eff,0.5,35,5,5
5.327510845438027,-14.048893679109554,0.664380693404857,-40.645609464063334,1.0215260416666667,-25.467330805852644,3.0077142268979444,-15.711015089751147,0.2,0.25,-20,10,400,0.8,0.5,eff,0.5,6.5,5,5
3.7378786914194815,-18.035901907714646,0.664380693404857,-40.866140248952505,1.0215260416666667,-25.691350947798668,3.0077142268979444,-15.726232121130558,0.2,0.25,-20,10,400,0.8,0.5,eff,0.5,35,0,5
3.7378786914194815,-12.85779587538116,0.6968241909147566,-37.538344188618254,1.0215260416666667,-19.857465300106007,3.0077142268979444,-15.329953374969897,0.2,0.25,-20,10,400,0.8,1,eq,1,6.5,0,5
3.7378786914194815,-14.294863446949414,0.664380693404857,-37.12510178818729,1.0215260416666667,-21.891119758052863,3.0077142268979444,-15.468093559297792,0.2,0.25,-20,10,400,0.8,0.5,eff,1,35,0,5
3.7378786914194815,-14.936640119945,0.664380693404857,-37.76687846118287,1.0215260416666667,-22.543050967841076,3.0077142268979444,-15.512377334811923,0.2,0.25,-20,10,400,0.8,0.5,eff,0.5,6.5,0,5
5.327510845438027,-11.073186114760825,0.6968241909147566,-39.699339980638186,1.0215260416666667,-22.05816246480383,3.0077142268979444,-15.479440280571355,0.2,0.25,-20,10,400,0.8,1,eq,1,35,5,5
5.327510845438027,-14.048893679109554,0.6968241909147566,-42.67504754498692,1.0215260416666667,-25.088539119852776,3.0077142268979444,-15.685284881199024,0.2,0.25,-20,10,400,0.8,1,eq,0.5,6.5,5,5
5.327510845438027,-11.073186114760825,0.6968241909147566,-39.699339980638186,1.0215260416666667,-22.05816246480383,3.0077142268979444,-15.479440280571355,0.2,0.25,-20,10,400,0.8,1,eq,1,6.5,5,5
5.327510845438027,-16.43988535183849,0.6968241909147566,-45.066039217715854,1.0215260416666667,-27.52345760252985,3.0077142268979444,-15.850681754156382,0.2,0.25,-20,10,400,0.8,1,eq,0.5,35,5,5
3.7378786914194815,-14.294863446949414,0.6968241909147566,-38.97541176018651,1.0215260416666667,-21.320934383144802,3.0077142268979444,-15.429362538655012,0.2,0.25,-20,10,400,0.8,1,eq,1,35,0,5
3.7378786914194815,-18.035901907714646,0.6968241909147566,-42.71645022095176,1.0215260416666667,-25.130702437309257,3.0077142268979444,-15.68814891172432,0.2,0.25,-20,10,400,0.8,1,eq,0.5,35,0,5
3.7378786914194815,-12.85779587538116,0.6968241909147566,-34.57103183991974,1.0215260416666667,-19.41686336340352,3.0077142268979444,-15.300024577325155,0.2,0.25,-20,10,400,0.8,1,eff,1,6.5,0,5
3.7378786914194815,-14.936640119945,0.6968241909147566,-39.6171884331821,1.0215260416666667,-21.97450164590392,3.0077142268979444,-15.473757446450298,0.2,0.25,-20,10,400,0.8,1,eq,0.5,6.5,0,5
5.327510845438027,-11.073186114760825,0.6968241909147566,-36.492398708477886,1.0215260416666667,-21.368391742911413,3.0077142268979444,-15.432586177951514,0.2,0.25,-20,10,400,0.8,1,eff,1,35,5,5
5.327510845438027,-16.43988535183849,0.6968241909147566,-41.85909794555555,1.0215260416666667,-26.819337128133732,3.0077142268979444,-15.80285291492467,0.2,0.25,-20,10,400,0.8,1,eff,0.5,35,5,5
5.327510845438027,-11.073186114760825,0.664380693404857,-37.66990189971462,1.0215260416666667,-22.444539990889446,3.0077142268979444,-15.505685772997492,0.2,0.25,-20,10,400,0.8,0.5,eff,1,6.5,5,5
5.327510845438027,-14.048893679109554,0.6968241909147566,-39.4681062728266,1.0215260416666667,-24.390811800228153,3.0077142268979444,-15.637890310225222,0.2,0.25,-20,10,400,0.8,1,eff,0.5,6.5,5,5
5.327510845438027,-11.073186114760825,0.664380693404857,-41.02755752487721,1.5322890624999999,-23.24662006874644,3.109866831064611,-15.812652529536564,0.2,0.25,-20,10,500,0.7,0.5,eq,1,35,5,5
3.7378786914194815,-18.035901907714646,0.6968241909147566,-39.74913787225322,1.0215260416666667,-24.67625501816733,3.0077142268979444,-15.657279631054678,0.2,0.25,-20,10,400,0.8,1,eff,0.5,35,0,5
3.7378786914194815,-14.936640119945,0.6968241909147566,-36.64987608448359,1.0215260416666667,-21.528341190063564,3.0077142268979444,-15.443451074899084,0.2,0.25,-20,10,400,0.8,1,eff,0.5,6.5,0,5
3.7378786914194815,-12.85779587538116,0.664380693404857,-38.8099090634354,1.5322890624999999,-20.98784806794498,3.109866831064611,-15.59006475845026,0.2,0.25,-20,10,500,0.7,0.5,eq,1,6.5,0,5
3.7378786914194815,-14.294863446949414,0.6968241909147566,-36.008099411488,1.0215260416666667,-20.876489942325687,3.0077142268979444,-15.399172730972577,0.2,0.25,-20,10,400,0.8,1,eff,1,35,0,5
5.327510845438027,-11.073186114760825,0.6968241909147566,-36.492398708477886,1.0215260416666667,-21.368391742911413,3.0077142268979444,-15.432586177951514,0.2,0.25,-20,10,400,0.8,1,eff,1,6.5,5,5
5.327510845438027,-11.073186114760825,0.664380693404857,-41.02755752487721,1.5322890624999999,-23.24662006874644,3.109866831064611,-15.812652529536564,0.2,0.25,-20,10,500,0.7,0.5,eq,1,6.5,5,5
5.327510845438027,-14.048893679109554,0.664380693404857,-44.00326508922595,1.5322890624999999,-26.27750843804606,3.109866831064611,-16.111327511471263,0.2,0.25,-20,10,500,0.7,0.5,eq,0.5,6.5,5,5
5.327510845438027,-11.073186114760825,0.664380693404857,-37.66990189971462,1.5322890624999999,-22.44511205241165,3.109866831064611,-15.733668956692481,0.2,0.25,-20,10,500,0.7,0.5,eff,1,6.5,5,5
3.7378786914194815,-14.936640119945,0.664380693404857,-40.888753307999245,1.5322890624999999,-23.105241899884323,3.109866831064611,-15.798720600383898,0.2,0.25,-20,10,500,0.7,0.5,eq,0.5,6.5,0,5
3.7378786914194815,-14.294863446949414,0.664380693404857,-40.246976635003655,1.5322890624999999,-22.451564274717825,3.109866831064611,-15.734304782610732,0.2,0.25,-20,10,500,0.7,0.5,eq,1,35,0,5
3.7378786914194815,-12.85779587538116,0.664380693404857,-35.68803421661903,1.5322890624999999,-20.431886189514643,3.109866831064611,-15.535278212803094,0.2,0.25,-20,10,500,0.7,0.5,eff,1,6.5,0,5
5.327510845438027,-16.43988535183849,0.664380693404857,-46.39425676195488,1.5322890624999999,-28.712838084926148,3.109866831064611,-16.35131392788125,0.2,0.25,-20,10,500,0.7,0.5,eq,0.5,35,5,5
3.7378786914194815,-14.294863446949414,0.6968241909147566,-38.97541176018651,1.5322890624999999,-21.32156927599895,3.109866831064611,-15.622950884114474,0.2,0.25,-20,10,500,0.7,1,eq,1,35,0,5
5.327510845438027,-14.048893679109554,0.664380693404857,-40.645609464063334,1.5322890624999999,-25.467902867373066,3.109866831064611,-16.031545975587534,0.2,0.25,-20,10,500,0.7,0.5,eff,0.5,6.5,5,5
3.7378786914194815,-12.85779587538116,0.6968241909147566,-37.538344188618254,1.5322890624999999,-19.858100192952552,3.109866831064611,-15.478735212442697,0.2,0.25,-20,10,500,0.7,1,eq,1,6.5,0,5
3.7378786914194815,-14.936640119945,0.664380693404857,-37.76687846118287,1.5322890624999999,-22.543623029363346,3.109866831064611,-15.743376593753467,0.2,0.25,-20,10,500,0.7,0.5,eff,0.5,6.5,0,5
3.7378786914194815,-14.294863446949414,0.664380693404857,-37.12510178818729,1.5322890624999999,-21.891691819575033,3.109866831064611,-15.679132874229396,0.2,0.25,-20,10,500,0.7,0.5,eff,1,35,0,5
3.7378786914194815,-18.035901907714646,0.664380693404857,-40.866140248952505,1.5322890624999999,-25.69192300931881,3.109866831064611,-16.05362175129943,0.2,0.25,-20,10,500,0.7,0.5,eff,0.5,35,0,5
5.327510845438027,-11.073186114760825,0.664380693404857,-37.66990189971462,1.5322890624999999,-22.44511205241165,3.109866831064611,-15.733668956692481,0.2,0.25,-20,10,500,0.7,0.5,eff,1,35,5,5
3.7378786914194815,-18.035901907714646,0.664380693404857,-43.988015095768894,1.5322890624999999,-26.261975652358963,3.109866831064611,-16.109796853156165,0.2,0.25,-20,10,500,0.7,0.5,eq,0.5,35,0,5
5.327510845438027,-11.073186114760825,0.6968241909147566,-39.699339980638186,1.5322890624999999,-22.0587973576577,3.109866831064611,-15.695600073771686,0.2,0.25,-20,10,500,0.7,1,eq,1,6.5,5,5
5.327510845438027,-16.43988535183849,0.664380693404857,-43.03660113679226,1.5322890624999999,-27.896726100380544,3.109866831064611,-16.270891225841133,0.2,0.25,-20,10,500,0.7,0.5,eff,0.5,35,5,5
5.327510845438027,-11.073186114760825,0.6968241909147566,-39.699339980638186,1.5322890624999999,-22.0587973576577,3.109866831064611,-15.695600073771686,0.2,0.25,-20,10,500,0.7,1,eq,1,35,5,5
5.327510845438027,-14.048893679109554,0.6968241909147566,-42.67504754498692,1.5322890624999999,-25.08917401270201,3.109866831064611,-15.99422462948552,0.2,0.25,-20,10,500,0.7,1,eq,0.5,6.5,5,5
3.7378786914194815,-14.936640119945,0.6968241909147566,-39.6171884331821,1.5322890624999999,-21.975136538783907,3.109866831064611,-15.687355826369153,0.2,0.25,-20,10,500,0.7,1,eq,0.5,6.5,0,5
5.327510845438027,-11.073186114760825,0.6968241909147566,-36.492398708477886,1.5322890624999999,-21.368932808415096,3.109866831064611,-15.62761826227732,0.2,0.25,-20,10,500,0.7,1,eff,1,35,5,5
5.327510845438027,-14.048893679109554,0.6968241909147566,-39.4681062728266,1.5322890624999999,-24.39135286573022,3.109866831064611,-15.925458745338794,0.2,0.25,-20,10,500,0.7,1,eff,0.5,6.5,5,5
5.327510845438027,-16.43988535183849,0.6968241909147566,-45.066039217715854,1.5322890624999999,-27.524092495391802,3.109866831064611,-16.234170528251155,0.2,0.25,-20,10,500,0.7,1,eq,0.5,35,5,5
3.7378786914194815,-14.294863446949414,0.6968241909147566,-36.008099411488,1.5322890624999999,-20.87703100782925,3.109866831064611,-15.579144434309299,0.2,0.25,-20,10,500,0.7,1,eff,1,35,0,5
5.327510845438027,-11.073186114760825,0.6968241909147566,-36.492398708477886,1.5322890624999999,-21.368932808415096,3.109866831064611,-15.62761826227732,0.2,0.25,-20,10,500,0.7,1,eff,1,6.5,5,5
3.7378786914194815,-18.035901907714646,0.6968241909147566,-42.71645022095176,1.5322890624999999,-25.13133733016486,3.109866831064611,-15.998379559178598,0.2,0.25,-20,10,500,0.7,1,eq,0.5,35,0,5
3.7378786914194815,-12.85779587538116,0.6968241909147566,-34.57103183991974,1.5322890624999999,-19.417404428907062,3.109866831064611,-15.435307417246303,0.2,0.25,-20,10,500,0.7,1,eff,1,6.5,0,5
3.7378786914194815,-18.035901907714646,0.6968241909147566,-39.74913787225322,1.5322890624999999,-24.67679608366865,3.109866831064611,-15.953587378786382,0.2,0.25,-20,10,500,0.7,1,eff,0.5,35,0,5
5.327510845438027,-16.43988535183849,0.6968241909147566,-41.85909794555555,1.5322890624999999,-26.81987819364396,3.109866831064611,-16.16477463891941,0.2,0.25,-20,10,500,0.7,1,eff,0.5,35,5,5
3.7378786914194815,-14.294863446949414,0.664380693404857,-40.246976635003655,1.5322890624999999,-22.451564274717825,3.109866831064611,-15.734304782610732,0.2,0.25,-20,10,500,0.8,0.5,eq,1,35,0,5
3.7378786914194815,-14.936640119945,0.6968241909147566,-36.64987608448359,1.5322890624999999,-21.528882255567577,3.109866831064611,-15.643380274076414,0.2,0.25,-20,10,500,0.7,1,eff,0.5,6.5,0,5
5.327510845438027,-11.073186114760825,0.664380693404857,-41.02755752487721,1.5322890624999999,-23.24662006874644,3.109866831064611,-15.812652529536564,0.2,0.25,-20,10,500,0.8,0.5,eq,1,35,5,5
3.7378786914194815,-12.85779587538116,0.664380693404857,-38.8099090634354,1.5322890624999999,-20.98784806794498,3.109866831064611,-15.59006475845026,0.2,0.25,-20,10,500,0.8,0.5,eq,1,6.5,0,5
5.327510845438027,-11.073186114760825,0.664380693404857,-41.02755752487721,1.5322890624999999,-23.24662006874644,3.109866831064611,-15.812652529536564,0.2,0.25,-20,10,500,0.8,0.5,eq,1,6.5,5,5
3.7378786914194815,-14.936640119945,0.664380693404857,-40.888753307999245,1.5322890624999999,-23.105241899884323,3.109866831064611,-15.798720600383898,0.2,0.25,-20,10,500,0.8,0.5,eq,0.5,6.5,0,5
5.327510845438027,-14.048893679109554,0.664380693404857,-44.00326508922595,1.5322890624999999,-26.27750843804606,3.109866831064611,-16.111327511471263,0.2,0.25,-20,10,500,0.8,0.5,eq,0.5,6.5,5,5
3.7378786914194815,-18.035901907714646,0.664380693404857,-43.988015095768894,1.5322890624999999,-26.261975652358963,3.109866831064611,-16.109796853156165,0.2,0.25,-20,10,500,0.8,0.5,eq,0.5,35,0,5
5.327510845438027,-14.048893679109554,0.664380693404857,-40.645609464063334,1.5322890624999999,-25.467902867373066,3.109866831064611,-16.031545975587534,0.2,0.25,-20,10,500,0.8,0.5,eff,0.5,6.5,5,5
3.7378786914194815,-14.294863446949414,0.664380693404857,-37.12510178818729,1.5322890624999999,-21.891691819575033,3.109866831064611,-15.679132874229396,0.2,0.25,-20,10,500,0.8,0.5,eff,1,35,0,5
5.327510845438027,-16.43988535183849,0.664380693404857,-46.39425676195488,1.5322890624999999,-28.712838084926148,3.109866831064611,-16.35131392788125,0.2,0.25,-20,10,500,0.8,0.5,eq,0.5,35,5,5
5.327510845438027,-11.073186114760825,0.6968241909147566,-39.699339980638186,1.5322890624999999,-22.0587973576577,3.109866831064611,-15.695600073771686,0.2,0.25,-20,10,500,0.8,1,eq,1,6.5,5,5
3.7378786914194815,-14.936640119945,0.664380693404857,-37.76687846118287,1.5322890624999999,-22.543623029363346,3.109866831064611,-15.743376593753467,0.2,0.25,-20,10,500,0.8,0.5,eff,0.5,6.5,0,5
3.7378786914194815,-18.035901907714646,0.664380693404857,-40.866140248952505,1.5322890624999999,-25.69192300931881,3.109866831064611,-16.05362175129943,0.2,0.25,-20,10,500,0.8,0.5,eff,0.5,35,0,5
5.327510845438027,-11.073186114760825,0.664380693404857,-37.66990189971462,1.5322890624999999,-22.44511205241165,3.109866831064611,-15.733668956692481,0.2,0.25,-20,10,500,0.8,0.5,eff,1,35,5,5
5.327510845438027,-11.073186114760825,0.6968241909147566,-39.699339980638186,1.5322890624999999,-22.0587973576577,3.109866831064611,-15.695600073771686,0.2,0.25,-20,10,500,0.8,1,eq,1,35,5,5
5.327510845438027,-11.073186114760825,0.664380693404857,-37.66990189971462,1.5322890624999999,-22.44511205241165,3.109866831064611,-15.733668956692481,0.2,0.25,-20,10,500,0.8,0.5,eff,1,6.5,5,5
3.7378786914194815,-12.85779587538116,0.6968241909147566,-37.538344188618254,1.5322890624999999,-19.858100192952552,3.109866831064611,-15.478735212442697,0.2,0.25,-20,10,500,0.8,1,eq,1,6.5,0,5
3.7378786914194815,-14.936640119945,0.6968241909147566,-39.6171884331821,1.5322890624999999,-21.975136538783907,3.109866831064611,-15.687355826369153,0.2,0.25,-20,10,500,0.8,1,eq,0.5,6.5,0,5
3.7378786914194815,-14.294863446949414,0.6968241909147566,-38.97541176018651,1.5322890624999999,-21.32156927599895,3.109866831064611,-15.622950884114474,0.2,0.25,-20,10,500,0.8,1,eq,1,35,0,5
3.7378786914194815,-12.85779587538116,0.664380693404857,-35.68803421661903,1.5322890624999999,-20.431886189514643,3.109866831064611,-15.535278212803094,0.2,0.25,-20,10,500,0.8,0.5,eff,1,6.5,0,5
5.327510845438027,-16.43988535183849,0.664380693404857,-43.03660113679226,1.5322890624999999,-27.896726100380544,3.109866831064611,-16.270891225841133,0.2,0.25,-20,10,500,0.8,0.5,eff,0.5,35,5,5
5.327510845438027,-14.048893679109554,0.6968241909147566,-42.67504754498692,1.5322890624999999,-25.08917401270201,3.109866831064611,-15.99422462948552,0.2,0.25,-20,10,500,0.8,1,eq,0.5,6.5,5,5
3.7378786914194815,-18.035901907714646,0.6968241909147566,-42.71645022095176,1.5322890624999999,-25.13133733016486,3.109866831064611,-15.998379559178598,0.2,0.25,-20,10,500,0.8,1,eq,0.5,35,0,5
5.327510845438027,-11.073186114760825,0.6968241909147566,-36.492398708477886,1.5322890624999999,-21.368932808415096,3.109866831064611,-15.62761826227732,0.2,0.25,-20,10,500,0.8,1,eff,1,6.5,5,5
5.327510845438027,-16.43988535183849,0.6968241909147566,-45.066039217715854,1.5322890624999999,-27.524092495391802,3.109866831064611,-16.234170528251155,0.2,0.25,-20,10,500,0.8,1,eq,0.5,35,5,5
5.327510845438027,-14.048893679109554,0.6968241909147566,-39.4681062728266,1.5322890624999999,-24.39135286573022,3.109866831064611,-15.925458745338794,0.2,0.25,-20,10,500,0.8,1,eff,0.5,6.5,5,5
3.7378786914194815,-14.294863446949414,0.6968241909147566,-36.008099411488,1.5322890624999999,-20.87703100782925,3.109866831064611,-15.579144434309299,0.2,0.25,-20,10,500,0.8,1,eff,1,35,0,5
5.327510845438027,-11.073186114760825,0.6968241909147566,-36.492398708477886,1.5322890624999999,-21.368932808415096,3.109866831064611,-15.62761826227732,0.2,0.25,-20,10,500,0.8,1,eff,1,35,5,5
3.7378786914194815,-12.85779587538116,0.6968241909147566,-34.57103183991974,1.5322890624999999,-19.417404428907062,3.109866831064611,-15.435307417246303,0.2,0.25,-20,10,500,0.8,1,eff,1,6.5,0,5
5.327510845438027,-16.43988535183849,0.6968241909147566,-41.85909794555555,1.5322890624999999,-26.81987819364396,3.109866831064611,-16.16477463891941,0.2,0.25,-20,10,500,0.8,1,eff,0.5,35,5,5
3.7378786914194815,-12.85779587538116,1.6648435882347152,-23.607524244155858,0.20430520833333332,-8.859709076801927,2.8442700602312776,-14.911788023659778,0.2,0.25,-10,2,400,0.7,0.5,eq,1,6.5,0,5
3.7378786914194815,-14.294863446949414,1.6648435882347152,-25.04459181572411,0.20430520833333332,-10.318482809197404,2.8442700602312776,-14.932744899413319,0.2,0.25,-10,2,400,0.7,0.5,eq,1,35,0,5
5.327510845438027,-11.073186114760825,1.6648435882347152,-25.825172705597662,0.20430520833333332,-11.110853968832142,2.8442700602312776,-14.944128175362392,0.2,0.25,-10,2,400,0.7,0.5,eq,1,6.5,5,5
3.7378786914194815,-14.936640119945,0.6968241909147566,-36.64987608448359,1.5322890624999999,-21.528882255567577,3.109866831064611,-15.643380274076414,0.2,0.25,-20,10,500,0.8,1,eff,0.5,6.5,0,5
5.327510845438027,-11.073186114760825,1.6648435882347152,-25.825172705597662,0.20430520833333332,-11.110853968832142,2.8442700602312776,-14.944128175362392,0.2,0.25,-10,2,400,0.7,0.5,eq,1,35,5,5
3.7378786914194815,-14.936640119945,1.6648435882347152,-25.686368488719694,0.20430520833333332,-10.969953186211486,2.8442700602312776,-14.94210398193918,0.2,0.25,-10,2,400,0.7,0.5,eq,0.5,6.5,0,5
3.7378786914194815,-18.035901907714646,0.6968241909147566,-39.74913787225322,1.5322890624999999,-24.67679608366865,3.109866831064611,-15.953587378786382,0.2,0.25,-20,10,500,0.8,1,eff,0.5,35,0,5
5.327510845438027,-11.073186114760825,1.6648435882347152,-24.512949812645264,0.20430520833333332,-11.512092459414143,2.8442700602312776,-14.949892403911203,0.2,0.25,-10,2,400,0.7,0.5,eff,1,35,5,5
5.327510845438027,-16.43988535183849,1.6648435882347152,-31.19187194267533,0.20430520833333332,-16.558614416302166,2.8442700602312776,-15.022391196074292,0.2,0.25,-10,2,400,0.7,0.5,eq,0.5,35,5,5
5.327510845438027,-14.048893679109554,1.6648435882347152,-27.488657376993988,0.20430520833333332,-14.527459164180637,2.8442700602312776,-14.99321143549215,0.2,0.25,-10,2,400,0.7,0.5,eff,0.5,6.5,5,5
3.7378786914194815,-14.294863446949414,1.6648435882347152,-23.968149701117934,0.20430520833333332,-10.960031451562246,2.8442700602312776,-14.941961445399276,0.2,0.25,-10,2,400,0.7,0.5,eff,1,35,0,5
5.327510845438027,-14.048893679109554,1.6648435882347152,-28.800880269946397,0.20430520833333332,-14.131508053618408,2.8442700602312776,-14.987523165924221,0.2,0.25,-10,2,400,0.7,0.5,eq,0.5,6.5,5,5
3.7378786914194815,-18.035901907714646,1.6648435882347152,-28.785630276489343,0.20430520833333332,-14.116027716913795,2.8442700602312776,-14.98730077400301,0.2,0.25,-10,2,400,0.7,0.5,eq,0.5,35,0,5
5.327510845438027,-11.073186114760825,1.6648435882347152,-24.512949812645264,0.20430520833333332,-11.512092459414143,2.8442700602312776,-14.949892403911203,0.2,0.25,-10,2,400,0.7,0.5,eff,1,6.5,5,5
3.7378786914194815,-12.85779587538116,1.6648435882347152,-22.531082129549677,0.20430520833333332,-9.503811169801988,2.8442700602312776,-14.92104125274929,0.2,0.25,-10,2,400,0.7,0.5,eff,1,6.5,0,5
3.7378786914194815,-14.936640119945,1.6648435882347152,-24.60992637411352,0.20430520833333332,-11.610361488976627,2.8442700602312776,-14.951304145703116,0.2,0.25,-10,2,400,0.7,0.5,eff,0.5,6.5,0,5
3.7378786914194815,-18.035901907714646,1.6648435882347152,-27.709188161883162,0.20430520833333332,-14.750929102585786,2.8442700602312776,-14.996421824896466,0.2,0.25,-10,2,400,0.7,0.5,eff,0.5,35,0,5
5.327510845438027,-16.43988535183849,1.6648435882347152,-29.87964904972292,0.20430520833333332,-16.95031709808459,2.8442700602312776,-15.028018432329038,0.2,0.25,-10,2,400,0.7,0.5,eff,0.5,35,5,5
5.327510845438027,-11.073186114760825,1.7398467296524174,-24.969935069793394,0.20430520833333332,-10.41036364876138,2.8442700602312776,-14.934064867888175,0.2,0.25,-10,2,400,0.7,1,eq,1,6.5,5,5
3.7378786914194815,-12.85779587538116,1.7398467296524174,-22.808939277773465,0.20430520833333332,-8.217098748588104,2.8442700602312776,-14.902556225398488,0.2,0.25,-10,2,400,0.7,1,eq,1,6.5,0,5
5.327510845438027,-11.073186114760825,1.7398467296524174,-24.969935069793394,0.20430520833333332,-10.41036364876138,2.8442700602312776,-14.934064867888175,0.2,0.25,-10,2,400,0.7,1,eq,1,35,5,5
3.7378786914194815,-14.294863446949414,1.7398467296524174,-24.24600684934172,0.20430520833333332,-9.675625357262891,2.8442700602312776,-14.923509550950342,0.2,0.25,-10,2,400,0.7,1,eq,1,35,0,5
5.327510845438027,-16.43988535183849,1.7398467296524174,-30.336634306871055,0.20430520833333332,-15.857201217800238,2.8442700602312776,-15.012314630444834,0.2,0.25,-10,2,400,0.7,1,eq,0.5,35,5,5
5.327510845438027,-11.073186114760825,1.7398467296524174,-23.734171772146524,0.20430520833333332,-10.844878109793877,2.8442700602312776,-14.94030714204686,0.2,0.25,-10,2,400,0.7,1,eff,1,6.5,5,5
3.7378786914194815,-14.936640119945,1.7398467296524174,-23.891649148152226,0.20430520833333332,-11.00443461583415,2.8442700602312776,-14.942599345284746,0.2,0.25,-10,2,400,0.7,1,eff,0.5,6.5,0,5
5.327510845438027,-11.073186114760825,1.7398467296524174,-23.734171772146524,0.20430520833333332,-10.844878109793877,2.8442700602312776,-14.94030714204686,0.2,0.25,-10,2,400,0.7,1,eff,1,35,5,5
5.327510845438027,-14.048893679109554,1.7398467296524174,-27.945642634142125,0.20430520833333332,-13.430506019326618,2.8442700602312776,-14.977452507117128,0.2,0.25,-10,2,400,0.7,1,eq,0.5,6.5,5,5
5.327510845438027,-14.048893679109554,1.7398467296524174,-26.709879336495256,0.20430520833333332,-13.859873114047726,2.8442700602312776,-14.983620833744382,0.2,0.25,-10,2,400,0.7,1,eff,0.5,6.5,5,5
5.327510845438027,-16.43988535183849,1.7398467296524174,-29.1008710092242,0.20430520833333332,-16.282432385272745,2.8442700602312776,-15.018423539966186,0.2,0.25,-10,2,400,0.7,1,eff,0.5,35,5,5
3.7378786914194815,-14.294863446949414,1.7398467296524174,-23.249872475156643,0.20430520833333332,-10.35418474379148,2.8442700602312776,-14.933257796643895,0.2,0.25,-10,2,400,0.7,1,eff,1,35,0,5
3.7378786914194815,-14.936640119945,1.7398467296524174,-24.887783522337305,0.20430520833333332,-10.326985371868039,2.8442700602312776,-14.932867047999787,0.2,0.25,-10,2,400,0.7,1,eq,0.5,6.5,0,5
3.7378786914194815,-12.85779587538116,1.7398467296524174,-21.812804903588386,0.20430520833333332,-8.898143968500976,2.8442700602312776,-14.912340182800076,0.2,0.25,-10,2,400,0.7,1,eff,1,6.5,0,5
3.7378786914194815,-18.035901907714646,1.7398467296524174,-27.987045310106954,0.20430520833333332,-13.472526941484768,2.8442700602312776,-14.978056183496236,0.2,0.25,-10,2,400,0.7,1,eq,0.5,35,0,5
3.7378786914194815,-18.035901907714646,1.7398467296524174,-26.990910935921875,0.20430520833333332,-14.144615095573222,2.8442700602312776,-14.987711462877694,0.2,0.25,-10,2,400,0.7,1,eff,0.5,35,0,5
3.7378786914194815,-12.85779587538116,1.6648435882347152,-23.607524244155858,0.20430520833333332,-8.859709076801927,2.8442700602312776,-14.911788023659778,0.2,0.25,-10,2,400,0.8,0.5,eq,1,6.5,0,5
5.327510845438027,-11.073186114760825,1.6648435882347152,-25.825172705597662,0.20430520833333332,-11.110853968832142,2.8442700602312776,-14.944128175362392,0.2,0.25,-10,2,400,0.8,0.5,eq,1,6.5,5,5
3.7378786914194815,-14.294863446949414,1.6648435882347152,-25.04459181572411,0.20430520833333332,-10.318482809197404,2.8442700602312776,-14.932744899413319,0.2,0.25,-10,2,400,0.8,0.5,eq,1,35,0,5
5.327510845438027,-11.073186114760825,1.6648435882347152,-25.825172705597662,0.20430520833333332,-11.110853968832142,2.8442700602312776,-14.944128175362392,0.2,0.25,-10,2,400,0.8,0.5,eq,1,35,5,5
3.7378786914194815,-18.035901907714646,1.6648435882347152,-28.785630276489343,0.20430520833333332,-14.116027716913795,2.8442700602312776,-14.98730077400301,0.2,0.25,-10,2,400,0.8,0.5,eq,0.5,35,0,5
5.327510845438027,-14.048893679109554,1.6648435882347152,-28.800880269946397,0.20430520833333332,-14.131508053618408,2.8442700602312776,-14.987523165924221,0.2,0.25,-10,2,400,0.8,0.5,eq,0.5,6.5,5,5
3.7378786914194815,-14.936640119945,1.6648435882347152,-25.686368488719694,0.20430520833333332,-10.969953186211486,2.8442700602312776,-14.94210398193918,0.2,0.25,-10,2,400,0.8,0.5,eq,0.5,6.5,0,5
5.327510845438027,-16.43988535183849,1.6648435882347152,-31.19187194267533,0.20430520833333332,-16.558614416302166,2.8442700602312776,-15.022391196074292,0.2,0.25,-10,2,400,0.8,0.5,eq,0.5,35,5,5
5.327510845438027,-11.073186114760825,1.6648435882347152,-24.512949812645264,0.20430520833333332,-11.512092459414143,2.8442700602312776,-14.949892403911203,0.2,0.25,-10,2,400,0.8,0.5,eff,1,6.5,5,5
5.327510845438027,-11.073186114760825,1.6648435882347152,-24.512949812645264,0.20430520833333332,-11.512092459414143,2.8442700602312776,-14.949892403911203,0.2,0.25,-10,2,400,0.8,0.5,eff,1,35,5,5
3.7378786914194815,-12.85779587538116,1.6648435882347152,-22.531082129549677,0.20430520833333332,-9.503811169801988,2.8442700602312776,-14.92104125274929,0.2,0.25,-10,2,400,0.8,0.5,eff,1,6.5,0,5
3.7378786914194815,-14.294863446949414,1.6648435882347152,-23.968149701117934,0.20430520833333332,-10.960031451562246,2.8442700602312776,-14.941961445399276,0.2,0.25,-10,2,400,0.8,0.5,eff,1,35,0,5
3.7378786914194815,-14.936640119945,1.6648435882347152,-24.60992637411352,0.20430520833333332,-11.610361488976627,2.8442700602312776,-14.951304145703116,0.2,0.25,-10,2,400,0.8,0.5,eff,0.5,6.5,0,5
5.327510845438027,-11.073186114760825,1.7398467296524174,-24.969935069793394,0.20430520833333332,-10.41036364876138,2.8442700602312776,-14.934064867888175,0.2,0.25,-10,2,400,0.8,1,eq,1,6.5,5,5
3.7378786914194815,-18.035901907714646,1.6648435882347152,-27.709188161883162,0.20430520833333332,-14.750929102585786,2.8442700602312776,-14.996421824896466,0.2,0.25,-10,2,400,0.8,0.5,eff,0.5,35,0,5
5.327510845438027,-16.43988535183849,1.6648435882347152,-29.87964904972292,0.20430520833333332,-16.95031709808459,2.8442700602312776,-15.028018432329038,0.2,0.25,-10,2,400,0.8,0.5,eff,0.5,35,5,5
5.327510845438027,-16.43988535183849,1.7398467296524174,-30.336634306871055,0.20430520833333332,-15.857201217800238,2.8442700602312776,-15.012314630444834,0.2,0.25,-10,2,400,0.8,1,eq,0.5,35,5,5
3.7378786914194815,-14.294863446949414,1.7398467296524174,-24.24600684934172,0.20430520833333332,-9.675625357262891,2.8442700602312776,-14.923509550950342,0.2,0.25,-10,2,400,0.8,1,eq,1,35,0,5
5.327510845438027,-11.073186114760825,1.7398467296524174,-24.969935069793394,0.20430520833333332,-10.41036364876138,2.8442700602312776,-14.934064867888175,0.2,0.25,-10,2,400,0.8,1,eq,1,35,5,5
3.7378786914194815,-14.936640119945,1.7398467296524174,-24.887783522337305,0.20430520833333332,-10.326985371868039,2.8442700602312776,-14.932867047999787,0.2,0.25,-10,2,400,0.8,1,eq,0.5,6.5,0,5
5.327510845438027,-14.048893679109554,1.7398467296524174,-27.945642634142125,0.20430520833333332,-13.430506019326618,2.8442700602312776,-14.977452507117128,0.2,0.25,-10,2,400,0.8,1,eq,0.5,6.5,5,5
3.7378786914194815,-12.85779587538116,1.7398467296524174,-22.808939277773465,0.20430520833333332,-8.217098748588104,2.8442700602312776,-14.902556225398488,0.2,0.25,-10,2,400,0.8,1,eq,1,6.5,0,5
5.327510845438027,-14.048893679109554,1.6648435882347152,-27.488657376993988,0.20430520833333332,-14.527459164180637,2.8442700602312776,-14.99321143549215,0.2,0.25,-10,2,400,0.8,0.5,eff,0.5,6.5,5,5
5.327510845438027,-11.073186114760825,1.7398467296524174,-23.734171772146524,0.20430520833333332,-10.844878109793877,2.8442700602312776,-14.94030714204686,0.2,0.25,-10,2,400,0.8,1,eff,1,6.5,5,5
3.7378786914194815,-18.035901907714646,1.7398467296524174,-27.987045310106954,0.20430520833333332,-13.472526941484768,2.8442700602312776,-14.978056183496236,0.2,0.25,-10,2,400,0.8,1,eq,0.5,35,0,5
3.7378786914194815,-12.85779587538116,1.7398467296524174,-21.812804903588386,0.20430520833333332,-8.898143968500976,2.8442700602312776,-14.912340182800076,0.2,0.25,-10,2,400,0.8,1,eff,1,6.5,0,5
3.7378786914194815,-14.294863446949414,1.7398467296524174,-23.249872475156643,0.20430520833333332,-10.35418474379148,2.8442700602312776,-14.933257796643895,0.2,0.25,-10,2,400,0.8,1,eff,1,35,0,5
5.327510845438027,-14.048893679109554,1.7398467296524174,-26.709879336495256,0.20430520833333332,-13.859873114047726,2.8442700602312776,-14.983620833744382,0.2,0.25,-10,2,400,0.8,1,eff,0.5,6.5,5,5
3.7378786914194815,-14.936640119945,1.7398467296524174,-23.891649148152226,0.20430520833333332,-11.00443461583415,2.8442700602312776,-14.942599345284746,0.2,0.25,-10,2,400,0.8,1,eff,0.5,6.5,0,5
5.327510845438027,-11.073186114760825,1.7398467296524174,-23.734171772146524,0.20430520833333332,-10.844878109793877,2.8442700602312776,-14.94030714204686,0.2,0.25,-10,2,400,0.8,1,eff,1,35,5,5
5.327510845438027,-16.43988535183849,1.7398467296524174,-29.1008710092242,0.20430520833333332,-16.282432385272745,2.8442700602312776,-15.018423539966186,0.2,0.25,-10,2,400,0.8,1,eff,0.5,35,5,5
3.7378786914194815,-18.035901907714646,1.7398467296524174,-26.990910935921875,0.20430520833333332,-14.144615095573222,2.8442700602312776,-14.987711462877694,0.2,0.25,-10,2,400,0.8,1,eff,0.5,35,0,5
3.7378786914194815,-14.936640119945,1.6648435882347152,-25.686368488719694,0.3064578125,-10.969996741289213,2.864700581064611,-14.913776260514267,0.2,0.25,-10,2,500,0.7,0.5,eq,0.5,6.5,0,5
5.327510845438027,-11.073186114760825,1.6648435882347152,-25.825172705597662,0.3064578125,-11.110897523913396,2.864700581064611,-14.91679089638287,0.2,0.25,-10,2,500,0.7,0.5,eq,1,6.5,5,5
3.7378786914194815,-14.294863446949414,1.6648435882347152,-25.04459181572411,0.3064578125,-10.318526364279126,2.864700581064611,-14.899837757623825,0.2,0.25,-10,2,500,0.7,0.5,eq,1,35,0,5
3.7378786914194815,-18.035901907714646,1.6648435882347152,-28.785630276489343,0.3064578125,-14.116071271991169,2.864700581064611,-14.981087945722503,0.2,0.25,-10,2,500,0.7,0.5,eq,0.5,35,0,5
3.7378786914194815,-12.85779587538116,1.6648435882347152,-22.531082129549677,0.3064578125,-9.503849533926022,2.864700581064611,-14.88240737896751,0.2,0.25,-10,2,500,0.7,0.5,eff,1,6.5,0,5
5.327510845438027,-11.073186114760825,1.6648435882347152,-25.825172705597662,0.3064578125,-11.110897523913396,2.864700581064611,-14.91679089638287,0.2,0.25,-10,2,500,0.7,0.5,eq,1,35,5,5
3.7378786914194815,-12.85779587538116,1.6648435882347152,-23.607524244155858,0.3064578125,-8.859752631880118,2.864700581064611,-14.868626634903514,0.2,0.25,-10,2,500,0.7,0.5,eq,1,6.5,0,5
5.327510845438027,-14.048893679109554,1.6648435882347152,-28.800880269946397,0.3064578125,-14.131551608704763,2.864700581064611,-14.981419154516672,0.2,0.25,-10,2,500,0.7,0.5,eq,0.5,6.5,5,5
5.327510845438027,-14.048893679109554,1.6648435882347152,-27.488657376993988,0.3064578125,-14.527497528296864,2.864700581064611,-14.989890596257439,0.2,0.25,-10,2,500,0.7,0.5,eff,0.5,6.5,5,5
3.7378786914194815,-14.294863446949414,1.6648435882347152,-23.968149701117934,0.3064578125,-10.96006981568774,2.864700581064611,-14.913563869458413,0.2,0.25,-10,2,500,0.7,0.5,eff,1,35,0,5
5.327510845438027,-11.073186114760825,1.6648435882347152,-24.512949812645264,0.3064578125,-11.512130823540094,2.864700581064611,-14.925375464007073,0.2,0.25,-10,2,500,0.7,0.5,eff,1,6.5,5,5
5.327510845438027,-16.43988535183849,1.6648435882347152,-31.19187194267533,0.3064578125,-16.558657971379304,2.864700581064611,-15.033348191116458,0.2,0.25,-10,2,500,0.7,0.5,eq,0.5,35,5,5
5.327510845438027,-16.43988535183849,1.6648435882347152,-29.87964904972292,0.3064578125,-16.950355462203493,2.864700581064611,-15.041728735805338,0.2,0.25,-10,2,500,0.7,0.5,eff,0.5,35,5,5
3.7378786914194815,-14.936640119945,1.6648435882347152,-24.60992637411352,0.3064578125,-11.610399853088735,2.864700581064611,-14.927477974267966,0.2,0.25,-10,2,500,0.7,0.5,eff,0.5,6.5,0,5
5.327510845438027,-11.073186114760825,1.7398467296524174,-24.969935069793394,0.3064578125,-10.410404844749836,2.864700581064611,-14.901803539201675,0.2,0.25,-10,2,500,0.7,1,eq,1,35,5,5
3.7378786914194815,-18.035901907714646,1.6648435882347152,-27.709188161883162,0.3064578125,-14.75096746670036,2.864700581064611,-14.994671836498386,0.2,0.25,-10,2,500,0.7,0.5,eff,0.5,35,0,5
3.7378786914194815,-12.85779587538116,1.7398467296524174,-22.808939277773465,0.3064578125,-8.217139944576438,2.864700581064611,-14.854877646284015,0.2,0.25,-10,2,500,0.7,1,eq,1,6.5,0,5
5.327510845438027,-11.073186114760825,1.6648435882347152,-24.512949812645264,0.3064578125,-11.512130823540094,2.864700581064611,-14.925375464007073,0.2,0.25,-10,2,500,0.7,0.5,eff,1,35,5,5
5.327510845438027,-16.43988535183849,1.7398467296524174,-30.336634306871055,0.3064578125,-15.857242413785535,2.864700581064611,-15.018341088534504,0.2,0.25,-10,2,500,0.7,1,eq,0.5,35,5,5
5.327510845438027,-11.073186114760825,1.7398467296524174,-24.969935069793394,0.3064578125,-10.410404844749836,2.864700581064611,-14.901803539201675,0.2,0.25,-10,2,500,0.7,1,eq,1,6.5,5,5
3.7378786914194815,-18.035901907714646,1.7398467296524174,-27.987045310106954,0.3064578125,-13.47256813747673,2.864700581064611,-14.967319905582755,0.2,0.25,-10,2,500,0.7,1,eq,0.5,35,0,5
5.327510845438027,-14.048893679109554,1.7398467296524174,-27.945642634142125,0.3064578125,-13.430547215308838,2.864700581064611,-14.966420848978256,0.2,0.25,-10,2,500,0.7,1,eq,0.5,6.5,5,5
3.7378786914194815,-14.294863446949414,1.7398467296524174,-24.24600684934172,0.3064578125,-9.67566655325125,2.864700581064611,-14.886083481680746,0.2,0.25,-10,2,500,0.7,1,eq,1,35,0,5
3.7378786914194815,-14.936640119945,1.7398467296524174,-24.887783522337305,0.3064578125,-10.327026567856429,2.864700581064611,-14.900019623317661,0.2,0.25,-10,2,500,0.7,1,eq,0.5,6.5,0,5
5.327510845438027,-11.073186114760825,1.7398467296524174,-23.734171772146524,0.3064578125,-10.84491447152783,2.864700581064611,-14.911100068871196,0.2,0.25,-10,2,500,0.7,1,eff,1,6.5,5,5
3.7378786914194815,-14.294863446949414,1.7398467296524174,-23.249872475156643,0.3064578125,-10.354221105527953,2.864700581064611,-14.900601462730979,0.2,0.25,-10,2,500,0.7,1,eff,1,35,0,5
5.327510845438027,-16.43988535183849,1.7398467296524174,-29.1008710092242,0.3064578125,-16.282468747006174,2.864700581064611,-15.027438997946675,0.2,0.25,-10,2,500,0.7,1,eff,0.5,35,5,5
3.7378786914194815,-12.85779587538116,1.7398467296524174,-21.812804903588386,0.3064578125,-8.898180330227596,2.864700581064611,-14.869448812861785,0.2,0.25,-10,2,500,0.7,1,eff,1,6.5,0,5
3.7378786914194815,-12.85779587538116,1.6648435882347152,-23.607524244155858,0.3064578125,-8.859752631880118,2.864700581064611,-14.868626634903514,0.2,0.25,-10,2,500,0.8,0.5,eq,1,6.5,0,5
5.327510845438027,-11.073186114760825,1.6648435882347152,-25.825172705597662,0.3064578125,-11.110897523913396,2.864700581064611,-14.91679089638287,0.2,0.25,-10,2,500,0.8,0.5,eq,1,35,5,5
5.327510845438027,-11.073186114760825,1.7398467296524174,-23.734171772146524,0.3064578125,-10.84491447152783,2.864700581064611,-14.911100068871196,0.2,0.25,-10,2,500,0.7,1,eff,1,35,5,5
5.327510845438027,-14.048893679109554,1.7398467296524174,-26.709879336495256,0.3064578125,-13.859909475774991,2.864700581064611,-14.975607248421285,0.2,0.25,-10,2,500,0.7,1,eff,0.5,6.5,5,5
3.7378786914194815,-18.035901907714646,1.7398467296524174,-26.990910935921875,0.3064578125,-14.144651457292138,2.864700581064611,-14.981699431692475,0.2,0.25,-10,2,500,0.7,1,eff,0.5,35,0,5
3.7378786914194815,-14.936640119945,1.7398467296524174,-23.891649148152226,0.3064578125,-11.004470977555075,2.864700581064611,-14.914513852366085,0.2,0.25,-10,2,500,0.7,1,eff,0.5,6.5,0,5
3.7378786914194815,-14.294863446949414,1.6648435882347152,-25.04459181572411,0.3064578125,-10.318526364279126,2.864700581064611,-14.899837757623825,0.2,0.25,-10,2,500,0.8,0.5,eq,1,35,0,5
5.327510845438027,-14.048893679109554,1.6648435882347152,-28.800880269946397,0.3064578125,-14.131551608704763,2.864700581064611,-14.981419154516672,0.2,0.25,-10,2,500,0.8,0.5,eq,0.5,6.5,5,5
3.7378786914194815,-14.936640119945,1.6648435882347152,-25.686368488719694,0.3064578125,-10.969996741289213,2.864700581064611,-14.913776260514267,0.2,0.25,-10,2,500,0.8,0.5,eq,0.5,6.5,0,5
5.327510845438027,-11.073186114760825,1.6648435882347152,-25.825172705597662,0.3064578125,-11.110897523913396,2.864700581064611,-14.91679089638287,0.2,0.25,-10,2,500,0.8,0.5,eq,1,6.5,5,5
3.7378786914194815,-18.035901907714646,1.6648435882347152,-28.785630276489343,0.3064578125,-14.116071271991169,2.864700581064611,-14.981087945722503,0.2,0.25,-10,2,500,0.8,0.5,eq,0.5,35,0,5
3.7378786914194815,-12.85779587538116,1.6648435882347152,-22.531082129549677,0.3064578125,-9.503849533926022,2.864700581064611,-14.88240737896751,0.2,0.25,-10,2,500,0.8,0.5,eff,1,6.5,0,5
3.7378786914194815,-14.294863446949414,1.6648435882347152,-23.968149701117934,0.3064578125,-10.96006981568774,2.864700581064611,-14.913563869458413,0.2,0.25,-10,2,500,0.8,0.5,eff,1,35,0,5
5.327510845438027,-16.43988535183849,1.6648435882347152,-31.19187194267533,0.3064578125,-16.558657971379304,2.864700581064611,-15.033348191116458,0.2,0.25,-10,2,500,0.8,0.5,eq,0.5,35,5,5
5.327510845438027,-11.073186114760825,1.6648435882347152,-24.512949812645264,0.3064578125,-11.512130823540094,2.864700581064611,-14.925375464007073,0.2,0.25,-10,2,500,0.8,0.5,eff,1,6.5,5,5
5.327510845438027,-16.43988535183849,1.6648435882347152,-29.87964904972292,0.3064578125,-16.950355462203493,2.864700581064611,-15.041728735805338,0.2,0.25,-10,2,500,0.8,0.5,eff,0.5,35,5,5
3.7378786914194815,-14.936640119945,1.6648435882347152,-24.60992637411352,0.3064578125,-11.610399853088735,2.864700581064611,-14.927477974267966,0.2,0.25,-10,2,500,0.8,0.5,eff,0.5,6.5,0,5
5.327510845438027,-11.073186114760825,1.6648435882347152,-24.512949812645264,0.3064578125,-11.512130823540094,2.864700581064611,-14.925375464007073,0.2,0.25,-10,2,500,0.8,0.5,eff,1,35,5,5
5.327510845438027,-11.073186114760825,1.7398467296524174,-24.969935069793394,0.3064578125,-10.410404844749836,2.864700581064611,-14.901803539201675,0.2,0.25,-10,2,500,0.8,1,eq,1,35,5,5
5.327510845438027,-14.048893679109554,1.6648435882347152,-27.488657376993988,0.3064578125,-14.527497528296864,2.864700581064611,-14.989890596257439,0.2,0.25,-10,2,500,0.8,0.5,eff,0.5,6.5,5,5
5.327510845438027,-11.073186114760825,1.7398467296524174,-24.969935069793394,0.3064578125,-10.410404844749836,2.864700581064611,-14.901803539201675,0.2,0.25,-10,2,500,0.8,1,eq,1,6.5,5,5
3.7378786914194815,-14.294863446949414,1.7398467296524174,-24.24600684934172,0.3064578125,-9.67566655325125,2.864700581064611,-14.886083481680746,0.2,0.25,-10,2,500,0.8,1,eq,1,35,0,5
3.7378786914194815,-18.035901907714646,1.6648435882347152,-27.709188161883162,0.3064578125,-14.75096746670036,2.864700581064611,-14.994671836498386,0.2,0.25,-10,2,500,0.8,0.5,eff,0.5,35,0,5
5.327510845438027,-14.048893679109554,1.7398467296524174,-27.945642634142125,0.3064578125,-13.430547215308838,2.864700581064611,-14.966420848978256,0.2,0.25,-10,2,500,0.8,1,eq,0.5,6.5,5,5
5.327510845438027,-16.43988535183849,1.7398467296524174,-30.336634306871055,0.3064578125,-15.857242413785535,2.864700581064611,-15.018341088534504,0.2,0.25,-10,2,500,0.8,1,eq,0.5,35,5,5
3.7378786914194815,-12.85779587538116,1.7398467296524174,-22.808939277773465,0.3064578125,-8.217139944576438,2.864700581064611,-14.854877646284015,0.2,0.25,-10,2,500,0.8,1,eq,1,6.5,0,5
3.7378786914194815,-18.035901907714646,1.7398467296524174,-27.987045310106954,0.3064578125,-13.47256813747673,2.864700581064611,-14.967319905582755,0.2,0.25,-10,2,500,0.8,1,eq,0.5,35,0,5
3.7378786914194815,-14.936640119945,1.7398467296524174,-24.887783522337305,0.3064578125,-10.327026567856429,2.864700581064611,-14.900019623317661,0.2,0.25,-10,2,500,0.8,1,eq,0.5,6.5,0,5
5.327510845438027,-11.073186114760825,1.7398467296524174,-23.734171772146524,0.3064578125,-10.84491447152783,2.864700581064611,-14.911100068871196,0.2,0.25,-10,2,500,0.8,1,eff,1,6.5,5,5
3.7378786914194815,-12.85779587538116,1.7398467296524174,-21.812804903588386,0.3064578125,-8.898180330227596,2.864700581064611,-14.869448812861785,0.2,0.25,-10,2,500,0.8,1,eff,1,6.5,0,5
3.7378786914194815,-14.294863446949414,1.7398467296524174,-23.249872475156643,0.3064578125,-10.354221105527953,2.864700581064611,-14.900601462730979,0.2,0.25,-10,2,500,0.8,1,eff,1,35,0,5
5.327510845438027,-11.073186114760825,1.6648435882347152,-25.825172705597662,1.0215260416666667,-11.111202409488905,3.0077142268979444,-14.73584538225403,0.2,0.25,-10,10,400,0.7,0.5,eq,1,6.5,5,5
3.7378786914194815,-14.936640119945,1.7398467296524174,-23.891649148152226,0.3064578125,-11.004470977555075,2.864700581064611,-14.914513852366085,0.2,0.25,-10,2,500,0.8,1,eff,0.5,6.5,0,5
5.327510845438027,-11.073186114760825,1.7398467296524174,-23.734171772146524,0.3064578125,-10.84491447152783,2.864700581064611,-14.911100068871196,0.2,0.25,-10,2,500,0.8,1,eff,1,35,5,5
5.327510845438027,-16.43988535183849,1.7398467296524174,-29.1008710092242,0.3064578125,-16.282468747006174,2.864700581064611,-15.027438997946675,0.2,0.25,-10,2,500,0.8,1,eff,0.5,35,5,5
3.7378786914194815,-12.85779587538116,1.6648435882347152,-23.607524244155858,1.0215260416666667,-8.860057517447592,3.0077142268979444,-14.582931710454993,0.2,0.25,-10,10,400,0.7,0.5,eq,1,6.5,0,5
3.7378786914194815,-14.294863446949414,1.6648435882347152,-25.04459181572411,1.0215260416666667,-10.318831249853602,3.0077142268979444,-14.682021932739042,0.2,0.25,-10,10,400,0.7,0.5,eq,1,35,0,5
5.327510845438027,-11.073186114760825,1.6648435882347152,-25.825172705597662,1.0215260416666667,-11.111202409488905,3.0077142268979444,-14.73584538225403,0.2,0.25,-10,10,400,0.7,0.5,eq,1,35,5,5
3.7378786914194815,-18.035901907714646,1.7398467296524174,-26.990910935921875,0.3064578125,-14.144651457292138,2.864700581064611,-14.981699431692475,0.2,0.25,-10,2,500,0.8,1,eff,0.5,35,0,5
3.7378786914194815,-18.035901907714646,1.6648435882347152,-28.785630276489343,1.0215260416666667,-14.116376157569498,3.0077142268979444,-14.939978023310264,0.2,0.25,-10,10,400,0.7,0.5,eq,0.5,35,0,5
5.327510845438027,-14.048893679109554,1.6648435882347152,-28.800880269946397,1.0215260416666667,-14.131856494264998,3.0077142268979444,-14.941029557191232,0.2,0.25,-10,10,400,0.7,0.5,eq,0.5,6.5,5,5
5.327510845438027,-16.43988535183849,1.6648435882347152,-31.19187194267533,1.0215260416666667,-16.558962856948998,3.0077142268979444,-15.105895775743727,0.2,0.25,-10,10,400,0.7,0.5,eq,0.5,35,5,5
5.327510845438027,-14.048893679109554,1.7398467296524174,-26.709879336495256,0.3064578125,-13.859909475774991,2.864700581064611,-14.975607248421285,0.2,0.25,-10,2,500,0.8,1,eff,0.5,6.5,5,5
3.7378786914194815,-14.936640119945,1.6648435882347152,-25.686368488719694,1.0215260416666667,-10.970301626855305,3.0077142268979444,-14.726274405233442,0.2,0.25,-10,10,400,0.7,0.5,eq,0.5,6.5,0,5
5.327510845438027,-11.073186114760825,1.6648435882347152,-24.512949812645264,1.0215260416666667,-11.512399372344467,3.0077142268979444,-14.763097515566926,0.2,0.25,-10,10,400,0.7,0.5,eff,1,6.5,5,5
3.7378786914194815,-14.294863446949414,1.6648435882347152,-23.968149701117934,1.0215260416666667,-10.960338364492197,3.0077142268979444,-14.725597630035004,0.2,0.25,-10,10,400,0.7,0.5,eff,1,35,0,5
5.327510845438027,-11.073186114760825,1.6648435882347152,-24.512949812645264,1.0215260416666667,-11.512399372344467,3.0077142268979444,-14.763097515566926,0.2,0.25,-10,10,400,0.7,0.5,eff,1,35,5,5
3.7378786914194815,-12.85779587538116,1.6648435882347152,-22.531082129549677,1.0215260416666667,-9.504118082730745,3.0077142268979444,-14.626680856165919,0.2,0.25,-10,10,400,0.7,0.5,eff,1,6.5,0,5
3.7378786914194815,-14.936640119945,1.6648435882347152,-24.60992637411352,1.0215260416666667,-11.6106684018931,3.0077142268979444,-14.769772642603707,0.2,0.25,-10,10,400,0.7,0.5,eff,0.5,6.5,0,5
3.7378786914194815,-18.035901907714646,1.6648435882347152,-27.709188161883162,1.0215260416666667,-14.751236015511974,3.0077142268979444,-14.983102191949648,0.2,0.25,-10,10,400,0.7,0.5,eff,0.5,35,0,5
5.327510845438027,-14.048893679109554,1.6648435882347152,-27.488657376993988,1.0215260416666667,-14.527766077095494,3.0077142268979444,-14.967922534282586,0.2,0.25,-10,10,400,0.7,0.5,eff,0.5,6.5,5,5
3.7378786914194815,-12.85779587538116,1.7398467296524174,-22.808939277773465,1.0215260416666667,-8.21742831648004,3.0077142268979444,-14.539279793125083,0.2,0.25,-10,10,400,0.7,1,eq,1,6.5,0,5
5.327510845438027,-11.073186114760825,1.7398467296524174,-24.969935069793394,1.0215260416666667,-10.410693216663534,3.0077142268979444,-14.688261846790507,0.2,0.25,-10,10,400,0.7,1,eq,1,35,5,5
5.327510845438027,-11.073186114760825,1.7398467296524174,-24.969935069793394,1.0215260416666667,-10.410693216663534,3.0077142268979444,-14.688261846790507,0.2,0.25,-10,10,400,0.7,1,eq,1,6.5,5,5
5.327510845438027,-14.048893679109554,1.7398467296524174,-27.945642634142125,1.0215260416666667,-13.430835587220894,3.0077142268979444,-14.893411262481337,0.2,0.25,-10,10,400,0.7,1,eq,0.5,6.5,5,5
5.327510845438027,-16.43988535183849,1.6648435882347152,-29.87964904972292,1.0215260416666667,-16.95062401101589,3.0077142268979444,-15.132500169526274,0.2,0.25,-10,10,400,0.7,0.5,eff,0.5,35,5,5
5.327510845438027,-11.073186114760825,1.7398467296524174,-23.734171772146524,1.0215260416666667,-10.845169003630419,3.0077142268979444,-14.717774513046567,0.2,0.25,-10,10,400,0.7,1,eff,1,35,5,5
5.327510845438027,-11.073186114760825,1.7398467296524174,-23.734171772146524,1.0215260416666667,-10.845169003630419,3.0077142268979444,-14.717774513046567,0.2,0.25,-10,10,400,0.7,1,eff,1,6.5,5,5
3.7378786914194815,-12.85779587538116,1.7398467296524174,-21.812804903588386,1.0215260416666667,-8.89843486233653,3.0077142268979444,-14.585538570964784,0.2,0.25,-10,10,400,0.7,1,eff,1,6.5,0,5
3.7378786914194815,-14.936640119945,1.7398467296524174,-24.887783522337305,1.0215260416666667,-10.327314939758024,3.0077142268979444,-14.682598204918795,0.2,0.25,-10,10,400,0.7,1,eq,0.5,6.5,0,5
3.7378786914194815,-14.294863446949414,1.7398467296524174,-23.249872475156643,1.0215260416666667,-10.354475637627004,3.0077142268979444,-14.684443151485539,0.2,0.25,-10,10,400,0.7,1,eff,1,35,0,5
3.7378786914194815,-14.294863446949414,1.7398467296524174,-24.24600684934172,1.0215260416666667,-9.675954925163321,3.0077142268979444,-14.638353229019296,0.2,0.25,-10,10,400,0.7,1,eq,1,35,0,5
3.7378786914194815,-14.936640119945,1.7398467296524174,-23.891649148152226,1.0215260416666667,-11.004725509657643,3.0077142268979444,-14.728612718655775,0.2,0.25,-10,10,400,0.7,1,eff,0.5,6.5,0,5
5.327510845438027,-16.43988535183849,1.7398467296524174,-30.336634306871055,1.0215260416666667,-15.857530785694879,3.0077142268979444,-15.058249551854752,0.2,0.25,-10,10,400,0.7,1,eq,0.5,35,5,5
5.327510845438027,-11.073186114760825,1.6648435882347152,-25.825172705597662,1.0215260416666667,-11.111202409488905,3.0077142268979444,-14.73584538225403,0.2,0.25,-10,10,400,0.8,0.5,eq,1,6.5,5,5
5.327510845438027,-14.048893679109554,1.7398467296524174,-26.709879336495256,1.0215260416666667,-13.860164007876351,3.0077142268979444,-14.922574283236735,0.2,0.25,-10,10,400,0.7,1,eff,0.5,6.5,5,5
5.327510845438027,-16.43988535183849,1.7398467296524174,-29.1008710092242,1.0215260416666667,-16.282723279114602,3.0077142268979444,-15.087131631200235,0.2,0.25,-10,10,400,0.7,1,eff,0.5,35,5,5
3.7378786914194815,-18.035901907714646,1.7398467296524174,-27.987045310106954,1.0215260416666667,-13.472856509388869,3.0077142268979444,-14.89626562051205,0.2,0.25,-10,10,400,0.7,1,eq,0.5,35,0,5
5.327510845438027,-11.073186114760825,1.6648435882347152,-25.825172705597662,1.0215260416666667,-11.111202409488905,3.0077142268979444,-14.73584538225403,0.2,0.25,-10,10,400,0.8,0.5,eq,1,35,5,5
3.7378786914194815,-12.85779587538116,1.6648435882347152,-23.607524244155858,1.0215260416666667,-8.860057517447592,3.0077142268979444,-14.582931710454993,0.2,0.25,-10,10,400,0.8,0.5,eq,1,6.5,0,5
3.7378786914194815,-14.294863446949414,1.6648435882347152,-25.04459181572411,1.0215260416666667,-10.318831249853602,3.0077142268979444,-14.682021932739042,0.2,0.25,-10,10,400,0.8,0.5,eq,1,35,0,5
3.7378786914194815,-14.936640119945,1.6648435882347152,-25.686368488719694,1.0215260416666667,-10.970301626855305,3.0077142268979444,-14.726274405233442,0.2,0.25,-10,10,400,0.8,0.5,eq,0.5,6.5,0,5
5.327510845438027,-11.073186114760825,1.6648435882347152,-24.512949812645264,1.0215260416666667,-11.512399372344467,3.0077142268979444,-14.763097515566926,0.2,0.25,-10,10,400,0.8,0.5,eff,1,6.5,5,5
3.7378786914194815,-18.035901907714646,1.6648435882347152,-28.785630276489343,1.0215260416666667,-14.116376157569498,3.0077142268979444,-14.939978023310264,0.2,0.25,-10,10,400,0.8,0.5,eq,0.5,35,0,5
3.7378786914194815,-12.85779587538116,1.6648435882347152,-22.531082129549677,1.0215260416666667,-9.504118082730745,3.0077142268979444,-14.626680856165919,0.2,0.25,-10,10,400,0.8,0.5,eff,1,6.5,0,5
5.327510845438027,-11.073186114760825,1.6648435882347152,-24.512949812645264,1.0215260416666667,-11.512399372344467,3.0077142268979444,-14.763097515566926,0.2,0.25,-10,10,400,0.8,0.5,eff,1,35,5,5
3.7378786914194815,-18.035901907714646,1.7398467296524174,-26.990910935921875,1.0215260416666667,-14.144905989402348,3.0077142268979444,-14.941915971132701,0.2,0.25,-10,10,400,0.7,1,eff,0.5,35,0,5
5.327510845438027,-14.048893679109554,1.6648435882347152,-27.488657376993988,1.0215260416666667,-14.527766077095494,3.0077142268979444,-14.967922534282586,0.2,0.25,-10,10,400,0.8,0.5,eff,0.5,6.5,5,5
3.7378786914194815,-14.294863446949414,1.6648435882347152,-23.968149701117934,1.0215260416666667,-10.960338364492197,3.0077142268979444,-14.725597630035004,0.2,0.25,-10,10,400,0.8,0.5,eff,1,35,0,5
3.7378786914194815,-18.035901907714646,1.6648435882347152,-27.709188161883162,1.0215260416666667,-14.751236015511974,3.0077142268979444,-14.983102191949648,0.2,0.25,-10,10,400,0.8,0.5,eff,0.5,35,0,5
5.327510845438027,-16.43988535183849,1.6648435882347152,-29.87964904972292,1.0215260416666667,-16.95062401101589,3.0077142268979444,-15.132500169526274,0.2,0.25,-10,10,400,0.8,0.5,eff,0.5,35,5,5
3.7378786914194815,-14.936640119945,1.6648435882347152,-24.60992637411352,1.0215260416666667,-11.6106684018931,3.0077142268979444,-14.769772642603707,0.2,0.25,-10,10,400,0.8,0.5,eff,0.5,6.5,0,5
5.327510845438027,-16.43988535183849,1.6648435882347152,-31.19187194267533,1.0215260416666667,-16.558962856948998,3.0077142268979444,-15.105895775743727,0.2,0.25,-10,10,400,0.8,0.5,eq,0.5,35,5,5
3.7378786914194815,-12.85779587538116,1.7398467296524174,-22.808939277773465,1.0215260416666667,-8.21742831648004,3.0077142268979444,-14.539279793125083,0.2,0.25,-10,10,400,0.8,1,eq,1,6.5,0,5
5.327510845438027,-14.048893679109554,1.7398467296524174,-27.945642634142125,1.0215260416666667,-13.430835587220894,3.0077142268979444,-14.893411262481337,0.2,0.25,-10,10,400,0.8,1,eq,0.5,6.5,5,5
5.327510845438027,-14.048893679109554,1.6648435882347152,-28.800880269946397,1.0215260416666667,-14.131856494264998,3.0077142268979444,-14.941029557191232,0.2,0.25,-10,10,400,0.8,0.5,eq,0.5,6.5,5,5
5.327510845438027,-11.073186114760825,1.7398467296524174,-24.969935069793394,1.0215260416666667,-10.410693216663534,3.0077142268979444,-14.688261846790507,0.2,0.25,-10,10,400,0.8,1,eq,1,6.5,5,5
5.327510845438027,-11.073186114760825,1.7398467296524174,-24.969935069793394,1.0215260416666667,-10.410693216663534,3.0077142268979444,-14.688261846790507,0.2,0.25,-10,10,400,0.8,1,eq,1,35,5,5
5.327510845438027,-16.43988535183849,1.7398467296524174,-30.336634306871055,1.0215260416666667,-15.857530785694879,3.0077142268979444,-15.058249551854752,0.2,0.25,-10,10,400,0.8,1,eq,0.5,35,5,5
3.7378786914194815,-14.294863446949414,1.7398467296524174,-24.24600684934172,1.0215260416666667,-9.675954925163321,3.0077142268979444,-14.638353229019296,0.2,0.25,-10,10,400,0.8,1,eq,1,35,0,5
3.7378786914194815,-18.035901907714646,1.7398467296524174,-27.987045310106954,1.0215260416666667,-13.472856509388869,3.0077142268979444,-14.89626562051205,0.2,0.25,-10,10,400,0.8,1,eq,0.5,35,0,5
3.7378786914194815,-14.936640119945,1.7398467296524174,-24.887783522337305,1.0215260416666667,-10.327314939758024,3.0077142268979444,-14.682598204918795,0.2,0.25,-10,10,400,0.8,1,eq,0.5,6.5,0,5
5.327510845438027,-11.073186114760825,1.7398467296524174,-23.734171772146524,1.0215260416666667,-10.845169003630419,3.0077142268979444,-14.717774513046567,0.2,0.25,-10,10,400,0.8,1,eff,1,6.5,5,5
3.7378786914194815,-12.85779587538116,1.7398467296524174,-21.812804903588386,1.0215260416666667,-8.89843486233653,3.0077142268979444,-14.585538570964784,0.2,0.25,-10,10,400,0.8,1,eff,1,6.5,0,5
5.327510845438027,-11.073186114760825,1.7398467296524174,-23.734171772146524,1.0215260416666667,-10.845169003630419,3.0077142268979444,-14.717774513046567,0.2,0.25,-10,10,400,0.8,1,eff,1,35,5,5
5.327510845438027,-16.43988535183849,1.7398467296524174,-29.1008710092242,1.0215260416666667,-16.282723279114602,3.0077142268979444,-15.087131631200235,0.2,0.25,-10,10,400,0.8,1,eff,0.5,35,5,5
3.7378786914194815,-14.936640119945,1.7398467296524174,-23.891649148152226,1.0215260416666667,-11.004725509657643,3.0077142268979444,-14.728612718655775,0.2,0.25,-10,10,400,0.8,1,eff,0.5,6.5,0,5
3.7378786914194815,-14.294863446949414,1.7398467296524174,-23.249872475156643,1.0215260416666667,-10.354475637627004,3.0077142268979444,-14.684443151485539,0.2,0.25,-10,10,400,0.8,1,eff,1,35,0,5
3.7378786914194815,-12.85779587538116,1.6648435882347152,-23.607524244155858,1.5322890624999999,-8.860275292854187,3.109866831064611,-14.39496875418933,0.2,0.25,-10,10,500,0.7,0.5,eq,1,6.5,0,5
5.327510845438027,-11.073186114760825,1.6648435882347152,-25.825172705597662,1.5322890624999999,-11.11142018489586,3.109866831064611,-14.616804921688376,0.2,0.25,-10,10,500,0.7,0.5,eq,1,6.5,5,5
3.7378786914194815,-18.035901907714646,1.6648435882347152,-28.785630276489343,1.5322890624999999,-14.116593932972194,3.109866831064611,-14.912945889468343,0.2,0.25,-10,10,500,0.7,0.5,eq,0.5,35,0,5
5.327510845438027,-14.048893679109554,1.7398467296524174,-26.709879336495256,1.0215260416666667,-13.860164007876351,3.0077142268979444,-14.922574283236735,0.2,0.25,-10,10,400,0.8,1,eff,0.5,6.5,5,5
3.7378786914194815,-14.936640119945,1.6648435882347152,-25.686368488719694,1.5322890624999999,-10.970519402262253,3.109866831064611,-14.602920035945433,0.2,0.25,-10,10,500,0.7,0.5,eq,0.5,6.5,0,5
3.7378786914194815,-18.035901907714646,1.7398467296524174,-26.990910935921875,1.0215260416666667,-14.144905989402348,3.0077142268979444,-14.941915971132701,0.2,0.25,-10,10,400,0.8,1,eff,0.5,35,0,5
5.327510845438027,-14.048893679109554,1.6648435882347152,-28.800880269946397,1.5322890624999999,-14.132074269676842,3.109866831064611,-14.914471379266159,0.2,0.25,-10,10,500,0.7,0.5,eq,0.5,6.5,5,5
3.7378786914194815,-14.294863446949414,1.6648435882347152,-25.04459181572411,1.5322890624999999,-10.319049025249383,3.109866831064611,-14.538721728592385,0.2,0.25,-10,10,500,0.7,0.5,eq,1,35,0,5
5.327510845438027,-11.073186114760825,1.6648435882347152,-25.825172705597662,1.5322890624999999,-11.11142018489586,3.109866831064611,-14.616804921688376,0.2,0.25,-10,10,500,0.7,0.5,eq,1,35,5,5
5.327510845438027,-16.43988535183849,1.6648435882347152,-31.19187194267533,1.5322890624999999,-16.55918063236451,3.109866831064611,-15.153647442750273,0.2,0.25,-10,10,500,0.7,0.5,eq,0.5,35,5,5
5.327510845438027,-11.073186114760825,1.6648435882347152,-24.512949812645264,1.5322890624999999,-11.512591192913087,3.109866831064611,-14.656337800822428,0.2,0.25,-10,10,500,0.7,0.5,eff,1,6.5,5,5
5.327510845438027,-11.073186114760825,1.6648435882347152,-24.512949812645264,1.5322890624999999,-11.512591192913087,3.109866831064611,-14.656337800822428,0.2,0.25,-10,10,500,0.7,0.5,eff,1,35,5,5
3.7378786914194815,-14.294863446949414,1.6648435882347152,-23.968149701117934,1.5322890624999999,-10.96053018506119,3.109866831064611,-14.601935661430865,0.2,0.25,-10,10,500,0.7,0.5,eff,1,35,0,5
5.327510845438027,-16.43988535183849,1.6648435882347152,-29.87964904972292,1.5322890624999999,-16.950815831592077,3.109866831064611,-15.192240627916354,0.2,0.25,-10,10,500,0.7,0.5,eff,0.5,35,5,5
3.7378786914194815,-12.85779587538116,1.6648435882347152,-22.531082129549677,1.5322890624999999,-9.504309903300925,3.109866831064611,-14.45843431352467,0.2,0.25,-10,10,500,0.7,0.5,eff,1,6.5,0,5
5.327510845438027,-14.048893679109554,1.6648435882347152,-27.488657376993988,1.5322890624999999,-14.527957897674348,3.109866831064611,-14.953483220361274,0.2,0.25,-10,10,500,0.7,0.5,eff,0.5,6.5,5,5
3.7378786914194815,-14.936640119945,1.7398467296524174,-24.887783522337305,1.5322890624999999,-10.327520919694583,3.109866831064611,-14.539556580494551,0.2,0.25,-10,10,500,0.7,1,eq,0.5,6.5,0,5
3.7378786914194815,-14.294863446949414,1.7398467296524174,-24.24600684934172,1.5322890624999999,-9.676160905089441,3.109866831064611,-14.47536914866232,0.2,0.25,-10,10,500,0.7,1,eq,1,35,0,5
5.327510845438027,-14.048893679109554,1.7398467296524174,-27.945642634142125,1.5322890624999999,-13.431041567153153,3.109866831064611,-14.845389016522992,0.2,0.25,-10,10,500,0.7,1,eq,0.5,6.5,5,5
3.7378786914194815,-14.936640119945,1.6648435882347152,-24.60992637411352,1.5322890624999999,-11.610860222475571,3.109866831064611,-14.666021595490243,0.2,0.25,-10,10,500,0.7,0.5,eff,0.5,6.5,0,5
5.327510845438027,-16.43988535183849,1.7398467296524174,-30.336634306871055,1.5322890624999999,-15.857736765626768,3.109866831064611,-15.084524562360313,0.2,0.25,-10,10,500,0.7,1,eq,0.5,35,5,5
3.7378786914194815,-18.035901907714646,1.7398467296524174,-27.987045310106954,1.5322890624999999,-13.47306248931208,3.109866831064611,-14.849529914054527,0.2,0.25,-10,10,500,0.7,1,eq,0.5,35,0,5
5.327510845438027,-11.073186114760825,1.7398467296524174,-24.969935069793394,1.5322890624999999,-10.410899196591956,3.109866831064611,-14.547772985162633,0.2,0.25,-10,10,500,0.7,1,eq,1,35,5,5
5.327510845438027,-11.073186114760825,1.7398467296524174,-23.734171772146524,1.5322890624999999,-10.845350812275123,3.109866831064611,-14.590585458818751,0.2,0.25,-10,10,500,0.7,1,eff,1,6.5,5,5
3.7378786914194815,-18.035901907714646,1.6648435882347152,-27.709188161883162,1.5322890624999999,-14.751427836079145,3.109866831064611,-14.975504776975512,0.2,0.25,-10,10,500,0.7,0.5,eff,0.5,35,0,5
5.327510845438027,-11.073186114760825,1.7398467296524174,-24.969935069793394,1.5322890624999999,-10.410899196591956,3.109866831064611,-14.547772985162633,0.2,0.25,-10,10,500,0.7,1,eq,1,6.5,5,5
3.7378786914194815,-12.85779587538116,1.7398467296524174,-22.808939277773465,1.5322890624999999,-8.217634296414642,3.109866831064611,-14.331640526747513,0.2,0.25,-10,10,500,0.7,1,eq,1,6.5,0,5
5.327510845438027,-11.073186114760825,1.7398467296524174,-23.734171772146524,1.5322890624999999,-10.845350812275123,3.109866831064611,-14.590585458818751,0.2,0.25,-10,10,500,0.7,1,eff,1,35,5,5
3.7378786914194815,-14.936640119945,1.7398467296524174,-23.891649148152226,1.5322890624999999,-11.004907318302578,3.109866831064611,-14.606308748741913,0.2,0.25,-10,10,500,0.7,1,eff,0.5,6.5,0,5
3.7378786914194815,-14.294863446949414,1.7398467296524174,-23.249872475156643,1.5322890624999999,-10.354657446272732,3.109866831064611,-14.542230714476911,0.2,0.25,-10,10,500,0.7,1,eff,1,35,0,5
3.7378786914194815,-18.035901907714646,1.7398467296524174,-26.990910935921875,1.5322890624999999,-14.145087798054607,3.109866831064611,-14.9157537806216,0.2,0.25,-10,10,500,0.7,1,eff,0.5,35,0,5
5.327510845438027,-16.43988535183849,1.7398467296524174,-29.1008710092242,1.5322890624999999,-16.282905087751697,3.109866831064611,-15.126422225836267,0.2,0.25,-10,10,500,0.7,1,eff,0.5,35,5,5
5.327510845438027,-14.048893679109554,1.7398467296524174,-26.709879336495256,1.5322890624999999,-13.860345816529065,3.109866831064611,-14.887694249611005,0.2,0.25,-10,10,500,0.7,1,eff,0.5,6.5,5,5
3.7378786914194815,-12.85779587538116,1.6648435882347152,-23.607524244155858,1.5322890624999999,-8.860275292854187,3.109866831064611,-14.39496875418933,0.2,0.25,-10,10,500,0.8,0.5,eq,1,6.5,0,5
3.7378786914194815,-14.936640119945,1.6648435882347152,-25.686368488719694,1.5322890624999999,-10.970519402262253,3.109866831064611,-14.602920035945433,0.2,0.25,-10,10,500,0.8,0.5,eq,0.5,6.5,0,5
3.7378786914194815,-12.85779587538116,1.7398467296524174,-21.812804903588386,1.5322890624999999,-8.898616670982436,3.109866831064611,-14.39874705580413,0.2,0.25,-10,10,500,0.7,1,eff,1,6.5,0,5
5.327510845438027,-11.073186114760825,1.6648435882347152,-25.825172705597662,1.5322890624999999,-11.11142018489586,3.109866831064611,-14.616804921688376,0.2,0.25,-10,10,500,0.8,0.5,eq,1,6.5,5,5
3.7378786914194815,-14.294863446949414,1.6648435882347152,-25.04459181572411,1.5322890624999999,-10.319049025249383,3.109866831064611,-14.538721728592385,0.2,0.25,-10,10,500,0.8,0.5,eq,1,35,0,5
5.327510845438027,-11.073186114760825,1.6648435882347152,-25.825172705597662,1.5322890624999999,-11.11142018489586,3.109866831064611,-14.616804921688376,0.2,0.25,-10,10,500,0.8,0.5,eq,1,35,5,5
3.7378786914194815,-18.035901907714646,1.6648435882347152,-28.785630276489343,1.5322890624999999,-14.116593932972194,3.109866831064611,-14.912945889468343,0.2,0.25,-10,10,500,0.8,0.5,eq,0.5,35,0,5
3.7378786914194815,-14.936640119945,1.6648435882347152,-24.60992637411352,1.5322890624999999,-11.610860222475571,3.109866831064611,-14.666021595490243,0.2,0.25,-10,10,500,0.8,0.5,eff,0.5,6.5,0,5
5.327510845438027,-16.43988535183849,1.6648435882347152,-31.19187194267533,1.5322890624999999,-16.55918063236451,3.109866831064611,-15.153647442750273,0.2,0.25,-10,10,500,0.8,0.5,eq,0.5,35,5,5
3.7378786914194815,-12.85779587538116,1.6648435882347152,-22.531082129549677,1.5322890624999999,-9.504309903300925,3.109866831064611,-14.45843431352467,0.2,0.25,-10,10,500,0.8,0.5,eff,1,6.5,0,5
5.327510845438027,-11.073186114760825,1.6648435882347152,-24.512949812645264,1.5322890624999999,-11.512591192913087,3.109866831064611,-14.656337800822428,0.2,0.25,-10,10,500,0.8,0.5,eff,1,35,5,5
3.7378786914194815,-18.035901907714646,1.6648435882347152,-27.709188161883162,1.5322890624999999,-14.751427836079145,3.109866831064611,-14.975504776975512,0.2,0.25,-10,10,500,0.8,0.5,eff,0.5,35,0,5
3.7378786914194815,-12.85779587538116,1.7398467296524174,-22.808939277773465,1.5322890624999999,-8.217634296414642,3.109866831064611,-14.331640526747513,0.2,0.25,-10,10,500,0.8,1,eq,1,6.5,0,5
5.327510845438027,-14.048893679109554,1.6648435882347152,-28.800880269946397,1.5322890624999999,-14.132074269676842,3.109866831064611,-14.914471379266159,0.2,0.25,-10,10,500,0.8,0.5,eq,0.5,6.5,5,5
5.327510845438027,-11.073186114760825,1.7398467296524174,-24.969935069793394,1.5322890624999999,-10.410899196591956,3.109866831064611,-14.547772985162633,0.2,0.25,-10,10,500,0.8,1,eq,1,6.5,5,5
3.7378786914194815,-14.294863446949414,1.6648435882347152,-23.968149701117934,1.5322890624999999,-10.96053018506119,3.109866831064611,-14.601935661430865,0.2,0.25,-10,10,500,0.8,0.5,eff,1,35,0,5
5.327510845438027,-11.073186114760825,1.6648435882347152,-24.512949812645264,1.5322890624999999,-11.512591192913087,3.109866831064611,-14.656337800822428,0.2,0.25,-10,10,500,0.8,0.5,eff,1,6.5,5,5
5.327510845438027,-16.43988535183849,1.6648435882347152,-29.87964904972292,1.5322890624999999,-16.950815831592077,3.109866831064611,-15.192240627916354,0.2,0.25,-10,10,500,0.8,0.5,eff,0.5,35,5,5
5.327510845438027,-14.048893679109554,1.6648435882347152,-27.488657376993988,1.5322890624999999,-14.527957897674348,3.109866831064611,-14.953483220361274,0.2,0.25,-10,10,500,0.8,0.5,eff,0.5,6.5,5,5
5.327510845438027,-11.073186114760825,1.7398467296524174,-24.969935069793394,1.5322890624999999,-10.410899196591956,3.109866831064611,-14.547772985162633,0.2,0.25,-10,10,500,0.8,1,eq,1,35,5,5
5.327510845438027,-16.43988535183849,1.7398467296524174,-30.336634306871055,1.5322890624999999,-15.857736765626768,3.109866831064611,-15.084524562360313,0.2,0.25,-10,10,500,0.8,1,eq,0.5,35,5,5
3.7378786914194815,-14.936640119945,1.7398467296524174,-24.887783522337305,1.5322890624999999,-10.327520919694583,3.109866831064611,-14.539556580494551,0.2,0.25,-10,10,500,0.8,1,eq,0.5,6.5,0,5
3.7378786914194815,-12.85779587538116,1.7398467296524174,-21.812804903588386,1.5322890624999999,-8.898616670982436,3.109866831064611,-14.39874705580413,0.2,0.25,-10,10,500,0.8,1,eff,1,6.5,0,5
5.327510845438027,-14.048893679109554,1.7398467296524174,-27.945642634142125,1.5322890624999999,-13.431041567153153,3.109866831064611,-14.845389016522992,0.2,0.25,-10,10,500,0.8,1,eq,0.5,6.5,5,5
3.7378786914194815,-14.936640119945,1.7398467296524174,-23.891649148152226,1.5322890624999999,-11.004907318302578,3.109866831064611,-14.606308748741913,0.2,0.25,-10,10,500,0.8,1,eff,0.5,6.5,0,5
5.327510845438027,-16.43988535183849,1.7398467296524174,-29.1008710092242,1.5322890624999999,-16.282905087751697,3.109866831064611,-15.126422225836267,0.2,0.25,-10,10,500,0.8,1,eff,0.5,35,5,5
5.327510845438027,-11.073186114760825,1.7398467296524174,-23.734171772146524,1.5322890624999999,-10.845350812275123,3.109866831064611,-14.590585458818751,0.2,0.25,-10,10,500,0.8,1,eff,1,35,5,5
5.327510845438027,-14.048893679109554,1.7398467296524174,-26.709879336495256,1.5322890624999999,-13.860345816529065,3.109866831064611,-14.887694249611005,0.2,0.25,-10,10,500,0.8,1,eff,0.5,6.5,5,5
5.327510845438027,-11.073186114760825,1.7398467296524174,-23.734171772146524,1.5322890624999999,-10.845350812275123,3.109866831064611,-14.590585458818751,0.2,0.25,-10,10,500,0.8,1,eff,1,6.5,5,5
3.7378786914194815,-14.294863446949414,1.7398467296524174,-24.24600684934172,1.5322890624999999,-9.676160905089441,3.109866831064611,-14.47536914866232,0.2,0.25,-10,10,500,0.8,1,eq,1,35,0,5
3.7378786914194815,-14.294863446949414,1.7398467296524174,-23.249872475156643,1.5322890624999999,-10.354657446272732,3.109866831064611,-14.542230714476911,0.2,0.25,-10,10,500,0.8,1,eff,1,35,0,5
3.7378786914194815,-18.035901907714646,1.7398467296524174,-27.987045310106954,1.5322890624999999,-13.47306248931208,3.109866831064611,-14.849529914054527,0.2,0.25,-10,10,500,0.8,1,eq,0.5,35,0,5
5.327510845438027,-11.073186114760825,0.664380693404857,-41.02755752487721,0.8172208333333333,-23.244872237454945,2.966853185231278,-15.454210635980292,0.2,1,-20,2,400,0.7,0.5,eq,1,35,5,5
3.7378786914194815,-18.035901907714646,1.7398467296524174,-26.990910935921875,1.5322890624999999,-14.145087798054607,3.109866831064611,-14.9157537806216,0.2,0.25,-10,10,500,0.8,1,eff,0.5,35,0,5
3.7378786914194815,-18.035901907714646,0.664380693404857,-43.988015095768894,0.8172208333333333,-26.260227821047213,2.966853185231278,-15.620326803445938,0.2,1,-20,2,400,0.7,0.5,eq,0.5,35,0,5
3.7378786914194815,-12.85779587538116,0.664380693404857,-38.8099090634354,0.8172208333333333,-20.986100236604663,2.966853185231278,-15.329774715387213,0.2,1,-20,2,400,0.7,0.5,eq,1,6.5,0,5
3.7378786914194815,-14.936640119945,0.664380693404857,-40.888753307999245,0.8172208333333333,-23.103494068609354,2.966853185231278,-15.446422101951462,0.2,1,-20,2,400,0.7,0.5,eq,0.5,6.5,0,5
3.7378786914194815,-14.294863446949414,0.664380693404857,-40.246976635003655,0.8172208333333333,-22.44981644342936,2.966853185231278,-15.410410952074516,0.2,1,-20,2,400,0.7,0.5,eq,1,35,0,5
5.327510845438027,-11.073186114760825,0.664380693404857,-41.02755752487721,0.8172208333333333,-23.244872237454945,2.966853185231278,-15.454210635980292,0.2,1,-20,2,400,0.7,0.5,eq,1,6.5,5,5
5.327510845438027,-16.43988535183849,0.664380693404857,-46.39425676195488,0.8172208333333333,-28.711090253634154,2.966853185231278,-15.755345000471266,0.2,1,-20,2,400,0.7,0.5,eq,0.5,35,5,5
5.327510845438027,-14.048893679109554,0.664380693404857,-44.00326508922595,0.8172208333333333,-26.275760606744967,2.966853185231278,-15.621182505786368,0.2,1,-20,2,400,0.7,0.5,eq,0.5,6.5,5,5
5.327510845438027,-11.073186114760825,0.664380693404857,-37.66990189971462,0.8172208333333333,-22.443624692460183,2.966853185231278,-15.410069848044605,0.2,1,-20,2,400,0.7,0.5,eff,1,6.5,5,5
5.327510845438027,-16.43988535183849,0.664380693404857,-43.03660113679226,0.8172208333333333,-27.89523874044728,2.966853185231278,-15.71039967882193,0.2,1,-20,2,400,0.7,0.5,eff,0.5,35,5,5
3.7378786914194815,-14.936640119945,0.664380693404857,-37.76687846118287,0.8172208333333333,-22.54213566946765,2.966853185231278,-15.415496825228692,0.2,1,-20,2,400,0.7,0.5,eff,0.5,6.5,0,5
3.7378786914194815,-14.294863446949414,0.664380693404857,-37.12510178818729,0.8172208333333333,-21.890204459627206,2.966853185231278,-15.379581885505145,0.2,1,-20,2,400,0.7,0.5,eff,1,35,0,5
3.7378786914194815,-12.85779587538116,0.6968241909147566,-37.538344188618254,0.8172208333333333,-19.85644947150608,2.966853185231278,-15.267542169184578,0.2,1,-20,2,400,0.7,1,eq,1,6.5,0,5
3.7378786914194815,-12.85779587538116,0.664380693404857,-35.68803421661903,0.8172208333333333,-20.43039882960324,2.966853185231278,-15.299161082789725,0.2,1,-20,2,400,0.7,0.5,eff,1,6.5,0,5
5.327510845438027,-11.073186114760825,0.664380693404857,-37.66990189971462,0.8172208333333333,-22.443624692460183,2.966853185231278,-15.410069848044605,0.2,1,-20,2,400,0.7,0.5,eff,1,35,5,5
3.7378786914194815,-14.936640119945,0.6968241909147566,-39.6171884331821,0.8172208333333333,-21.973485817382613,2.966853185231278,-15.384169861811126,0.2,1,-20,2,400,0.7,1,eq,0.5,6.5,0,5
5.327510845438027,-14.048893679109554,0.664380693404857,-40.645609464063334,0.8172208333333333,-25.4664155074543,2.966853185231278,-15.576595622971311,0.2,1,-20,2,400,0.7,0.5,eff,0.5,6.5,5,5
5.327510845438027,-11.073186114760825,0.6968241909147566,-39.699339980638186,0.8172208333333333,-22.05714663619302,2.966853185231278,-15.388778742655319,0.2,1,-20,2,400,0.7,1,eq,1,35,5,5
5.327510845438027,-11.073186114760825,0.6968241909147566,-36.492398708477886,0.8172208333333333,-21.367526038135278,2.966853185231278,-15.350787491680396,0.2,1,-20,2,400,0.7,1,eff,1,6.5,5,5
3.7378786914194815,-12.85779587538116,0.6968241909147566,-34.57103183991974,0.8172208333333333,-19.415997658597863,2.966853185231278,-15.2432776454543,0.2,1,-20,2,400,0.7,1,eff,1,6.5,0,5
5.327510845438027,-11.073186114760825,0.6968241909147566,-39.699339980638186,0.8172208333333333,-22.05714663619302,2.966853185231278,-15.388778742655319,0.2,1,-20,2,400,0.7,1,eq,1,6.5,5,5
5.327510845438027,-16.43988535183849,0.6968241909147566,-45.066039217715854,0.8172208333333333,-27.522441773985385,2.966853185231278,-15.689862265706122,0.2,1,-20,2,400,0.7,1,eq,0.5,35,5,5
3.7378786914194815,-14.294863446949414,0.6968241909147566,-38.97541176018651,0.8172208333333333,-21.319918554581868,2.966853185231278,-15.348164791806006,0.2,1,-20,2,400,0.7,1,eq,1,35,0,5
3.7378786914194815,-18.035901907714646,0.664380693404857,-40.866140248952505,0.8172208333333333,-25.690435649426675,2.966853185231278,-15.588936909558647,0.2,1,-20,2,400,0.7,0.5,eff,0.5,35,0,5
3.7378786914194815,-18.035901907714646,0.6968241909147566,-42.71645022095176,0.8172208333333333,-25.129686608753097,2.966853185231278,-15.558045202440084,0.2,1,-20,2,400,0.7,1,eq,0.5,35,0,5
5.327510845438027,-14.048893679109554,0.6968241909147566,-42.67504754498692,0.8172208333333333,-25.087523291242302,2.966853185231278,-15.55572242208514,0.2,1,-20,2,400,0.7,1,eq,0.5,6.5,5,5
3.7378786914194815,-14.936640119945,0.6968241909147566,-36.64987608448359,0.8172208333333333,-21.52747548528791,2.966853185231278,-15.359599118837775,0.2,1,-20,2,400,0.7,1,eff,0.5,6.5,0,5
5.327510845438027,-11.073186114760825,0.6968241909147566,-36.492398708477886,0.8172208333333333,-21.367526038135278,2.966853185231278,-15.350787491680396,0.2,1,-20,2,400,0.7,1,eff,1,35,5,5
3.7378786914194815,-14.294863446949414,0.6968241909147566,-36.008099411488,0.8172208333333333,-20.8756242375297,2.966853185231278,-15.323688584231277,0.2,1,-20,2,400,0.7,1,eff,1,35,0,5
3.7378786914194815,-18.035901907714646,0.6968241909147566,-39.74913787225322,0.8172208333333333,-24.675389313402018,2.966853185231278,-15.533017930033367,0.2,1,-20,2,400,0.7,1,eff,0.5,35,0,5
5.327510845438027,-11.073186114760825,0.664380693404857,-41.02755752487721,0.8172208333333333,-23.244872237454945,2.966853185231278,-15.454210635980292,0.2,1,-20,2,400,0.8,0.5,eq,1,35,5,5
5.327510845438027,-11.073186114760825,0.664380693404857,-41.02755752487721,0.8172208333333333,-23.244872237454945,2.966853185231278,-15.454210635980292,0.2,1,-20,2,400,0.8,0.5,eq,1,6.5,5,5
3.7378786914194815,-12.85779587538116,0.664380693404857,-38.8099090634354,0.8172208333333333,-20.986100236604663,2.966853185231278,-15.329774715387213,0.2,1,-20,2,400,0.8,0.5,eq,1,6.5,0,5
3.7378786914194815,-14.294863446949414,0.664380693404857,-40.246976635003655,0.8172208333333333,-22.44981644342936,2.966853185231278,-15.410410952074516,0.2,1,-20,2,400,0.8,0.5,eq,1,35,0,5
5.327510845438027,-14.048893679109554,0.664380693404857,-44.00326508922595,0.8172208333333333,-26.275760606744967,2.966853185231278,-15.621182505786368,0.2,1,-20,2,400,0.8,0.5,eq,0.5,6.5,5,5
5.327510845438027,-14.048893679109554,0.6968241909147566,-39.4681062728266,0.8172208333333333,-24.38994609541812,2.966853185231278,-15.51729284153669,0.2,1,-20,2,400,0.7,1,eff,0.5,6.5,5,5
5.327510845438027,-16.43988535183849,0.6968241909147566,-41.85909794555555,0.8172208333333333,-26.81847142336295,2.966853185231278,-15.651080485775681,0.2,1,-20,2,400,0.7,1,eff,0.5,35,5,5
5.327510845438027,-16.43988535183849,0.664380693404857,-46.39425676195488,0.8172208333333333,-28.711090253634154,2.966853185231278,-15.755345000471266,0.2,1,-20,2,400,0.8,0.5,eq,0.5,35,5,5
3.7378786914194815,-14.936640119945,0.664380693404857,-40.888753307999245,0.8172208333333333,-23.103494068609354,2.966853185231278,-15.446422101951462,0.2,1,-20,2,400,0.8,0.5,eq,0.5,6.5,0,5
5.327510845438027,-11.073186114760825,0.664380693404857,-37.66990189971462,0.8172208333333333,-22.443624692460183,2.966853185231278,-15.410069848044605,0.2,1,-20,2,400,0.8,0.5,eff,1,6.5,5,5
3.7378786914194815,-12.85779587538116,0.664380693404857,-35.68803421661903,0.8172208333333333,-20.43039882960324,2.966853185231278,-15.299161082789725,0.2,1,-20,2,400,0.8,0.5,eff,1,6.5,0,5
3.7378786914194815,-18.035901907714646,0.664380693404857,-40.866140248952505,0.8172208333333333,-25.690435649426675,2.966853185231278,-15.588936909558647,0.2,1,-20,2,400,0.8,0.5,eff,0.5,35,0,5
3.7378786914194815,-18.035901907714646,0.664380693404857,-43.988015095768894,0.8172208333333333,-26.260227821047213,2.966853185231278,-15.620326803445938,0.2,1,-20,2,400,0.8,0.5,eq,0.5,35,0,5
5.327510845438027,-14.048893679109554,0.664380693404857,-40.645609464063334,0.8172208333333333,-25.4664155074543,2.966853185231278,-15.576595622971311,0.2,1,-20,2,400,0.8,0.5,eff,0.5,6.5,5,5
3.7378786914194815,-14.294863446949414,0.664380693404857,-37.12510178818729,0.8172208333333333,-21.890204459627206,2.966853185231278,-15.379581885505145,0.2,1,-20,2,400,0.8,0.5,eff,1,35,0,5
5.327510845438027,-11.073186114760825,0.664380693404857,-37.66990189971462,0.8172208333333333,-22.443624692460183,2.966853185231278,-15.410069848044605,0.2,1,-20,2,400,0.8,0.5,eff,1,35,5,5
3.7378786914194815,-14.936640119945,0.664380693404857,-37.76687846118287,0.8172208333333333,-22.54213566946765,2.966853185231278,-15.415496825228692,0.2,1,-20,2,400,0.8,0.5,eff,0.5,6.5,0,5
5.327510845438027,-11.073186114760825,0.6968241909147566,-39.699339980638186,0.8172208333333333,-22.05714663619302,2.966853185231278,-15.388778742655319,0.2,1,-20,2,400,0.8,1,eq,1,6.5,5,5
5.327510845438027,-16.43988535183849,0.664380693404857,-43.03660113679226,0.8172208333333333,-27.89523874044728,2.966853185231278,-15.71039967882193,0.2,1,-20,2,400,0.8,0.5,eff,0.5,35,5,5
3.7378786914194815,-12.85779587538116,0.6968241909147566,-34.57103183991974,0.8172208333333333,-19.415997658597863,2.966853185231278,-15.2432776454543,0.2,1,-20,2,400,0.8,1,eff,1,6.5,0,5
3.7378786914194815,-12.85779587538116,0.6968241909147566,-37.538344188618254,0.8172208333333333,-19.85644947150608,2.966853185231278,-15.267542169184578,0.2,1,-20,2,400,0.8,1,eq,1,6.5,0,5
5.327510845438027,-11.073186114760825,0.6968241909147566,-39.699339980638186,0.8172208333333333,-22.05714663619302,2.966853185231278,-15.388778742655319,0.2,1,-20,2,400,0.8,1,eq,1,35,5,5
5.327510845438027,-11.073186114760825,0.6968241909147566,-36.492398708477886,0.8172208333333333,-21.367526038135278,2.966853185231278,-15.350787491680396,0.2,1,-20,2,400,0.8,1,eff,1,6.5,5,5
3.7378786914194815,-18.035901907714646,0.6968241909147566,-42.71645022095176,0.8172208333333333,-25.129686608753097,2.966853185231278,-15.558045202440084,0.2,1,-20,2,400,0.8,1,eq,0.5,35,0,5
3.7378786914194815,-14.294863446949414,0.6968241909147566,-36.008099411488,0.8172208333333333,-20.8756242375297,2.966853185231278,-15.323688584231277,0.2,1,-20,2,400,0.8,1,eff,1,35,0,5
5.327510845438027,-14.048893679109554,0.6968241909147566,-42.67504754498692,0.8172208333333333,-25.087523291242302,2.966853185231278,-15.55572242208514,0.2,1,-20,2,400,0.8,1,eq,0.5,6.5,5,5
3.7378786914194815,-14.294863446949414,0.6968241909147566,-38.97541176018651,0.8172208333333333,-21.319918554581868,2.966853185231278,-15.348164791806006,0.2,1,-20,2,400,0.8,1,eq,1,35,0,5
3.7378786914194815,-14.936640119945,0.6968241909147566,-39.6171884331821,0.8172208333333333,-21.973485817382613,2.966853185231278,-15.384169861811126,0.2,1,-20,2,400,0.8,1,eq,0.5,6.5,0,5
5.327510845438027,-16.43988535183849,0.6968241909147566,-41.85909794555555,0.8172208333333333,-26.81847142336295,2.966853185231278,-15.651080485775681,0.2,1,-20,2,400,0.8,1,eff,0.5,35,5,5
3.7378786914194815,-14.936640119945,0.6968241909147566,-36.64987608448359,0.8172208333333333,-21.52747548528791,2.966853185231278,-15.359599118837775,0.2,1,-20,2,400,0.8,1,eff,0.5,6.5,0,5
3.7378786914194815,-18.035901907714646,0.6968241909147566,-39.74913787225322,0.8172208333333333,-24.675389313402018,2.966853185231278,-15.533017930033367,0.2,1,-20,2,400,0.8,1,eff,0.5,35,0,5
5.327510845438027,-14.048893679109554,0.6968241909147566,-39.4681062728266,0.8172208333333333,-24.38994609541812,2.966853185231278,-15.51729284153669,0.2,1,-20,2,400,0.8,1,eff,0.5,6.5,5,5
5.327510845438027,-11.073186114760825,0.6968241909147566,-36.492398708477886,0.8172208333333333,-21.367526038135278,2.966853185231278,-15.350787491680396,0.2,1,-20,2,400,0.8,1,eff,1,35,5,5
5.327510845438027,-16.43988535183849,0.6968241909147566,-45.066039217715854,0.8172208333333333,-27.522441773985385,2.966853185231278,-15.689862265706122,0.2,1,-20,2,400,0.8,1,eq,0.5,35,5,5
3.7378786914194815,-12.85779587538116,0.664380693404857,-38.8099090634354,1.22583125,-20.986234685160312,3.048575268564611,-15.481412653482352,0.2,1,-20,2,500,0.7,0.5,eq,1,6.5,0,5
5.327510845438027,-11.073186114760825,0.664380693404857,-41.02755752487721,1.22583125,-23.24500668601102,3.048575268564611,-15.663062969537789,0.2,1,-20,2,500,0.7,0.5,eq,1,6.5,5,5
3.7378786914194815,-14.936640119945,0.664380693404857,-40.888753307999245,1.22583125,-23.103628517172265,3.048575268564611,-15.651693345227425,0.2,1,-20,2,500,0.7,0.5,eq,0.5,6.5,0,5
5.327510845438027,-14.048893679109554,0.664380693404857,-44.00326508922595,1.22583125,-26.275895055278706,3.048575268564611,-15.906806840100707,0.2,1,-20,2,500,0.7,0.5,eq,0.5,6.5,5,5
3.7378786914194815,-14.294863446949414,0.664380693404857,-40.246976635003655,1.22583125,-22.44995089199249,3.048575268564611,-15.59912462772617,0.2,1,-20,2,500,0.7,0.5,eq,1,35,0,5
3.7378786914194815,-18.035901907714646,0.664380693404857,-43.988015095768894,1.22583125,-26.260362269580675,3.048575268564611,-15.905557694356865,0.2,1,-20,2,500,0.7,0.5,eq,0.5,35,0,5
3.7378786914194815,-12.85779587538116,0.664380693404857,-35.68803421661903,1.22583125,-20.43051324192853,3.048575268564611,-15.43672156657161,0.2,1,-20,2,500,0.7,0.5,eff,1,6.5,0,5
5.327510845438027,-11.073186114760825,0.664380693404857,-41.02755752487721,1.22583125,-23.24500668601102,3.048575268564611,-15.663062969537789,0.2,1,-20,2,500,0.7,0.5,eq,1,35,5,5
5.327510845438027,-16.43988535183849,0.664380693404857,-46.39425676195488,1.22583125,-28.711224702150442,3.048575268564611,-16.1026559120242,0.2,1,-20,2,500,0.7,0.5,eq,0.5,35,5,5
5.327510845438027,-11.073186114760825,0.664380693404857,-37.66990189971462,1.22583125,-22.443739104798524,3.048575268564611,-15.598625076152729,0.2,1,-20,2,500,0.7,0.5,eff,1,35,5,5
5.327510845438027,-11.073186114760825,0.664380693404857,-37.66990189971462,1.22583125,-22.443739104798524,3.048575268564611,-15.598625076152729,0.2,1,-20,2,500,0.7,0.5,eff,1,6.5,5,5
3.7378786914194815,-14.936640119945,0.664380693404857,-37.76687846118287,1.22583125,-22.54225008169835,3.048575268564611,-15.606547323321562,0.2,1,-20,2,500,0.7,0.5,eff,0.5,6.5,0,5
3.7378786914194815,-18.035901907714646,0.664380693404857,-40.866140248952505,1.22583125,-25.690550061683872,3.048575268564611,-15.859733428951749,0.2,1,-20,2,500,0.7,0.5,eff,0.5,35,0,5
3.7378786914194815,-12.85779587538116,0.6968241909147566,-37.538344188618254,1.22583125,-19.856576450125374,3.048575268564611,-15.39056560236296,0.2,1,-20,2,500,0.7,1,eq,1,6.5,0,5
3.7378786914194815,-14.294863446949414,0.6968241909147566,-38.97541176018651,1.22583125,-21.32004553317931,3.048575268564611,-15.508257702926297,0.2,1,-20,2,500,0.7,1,eq,1,35,0,5
5.327510845438027,-11.073186114760825,0.6968241909147566,-39.699339980638186,1.22583125,-22.05727361479171,3.048575268564611,-15.567545543389905,0.2,1,-20,2,500,0.7,1,eq,1,6.5,5,5
3.7378786914194815,-14.294863446949414,0.664380693404857,-37.12510178818729,1.22583125,-21.890318871964194,3.048575268564611,-15.554119052451409,0.2,1,-20,2,500,0.7,0.5,eff,1,35,0,5
5.327510845438027,-14.048893679109554,0.664380693404857,-40.645609464063334,1.22583125,-25.46652991970825,3.048575268564611,-15.841717741853945,0.2,1,-20,2,500,0.7,0.5,eff,0.5,6.5,5,5
5.327510845438027,-16.43988535183849,0.664380693404857,-43.03660113679226,1.22583125,-27.895353152823276,3.048575268564611,-16.03704356835245,0.2,1,-20,2,500,0.7,0.5,eff,0.5,35,5,5
5.327510845438027,-11.073186114760825,0.6968241909147566,-39.699339980638186,1.22583125,-22.05727361479171,3.048575268564611,-15.567545543389905,0.2,1,-20,2,500,0.7,1,eq,1,35,5,5
5.327510845438027,-14.048893679109554,0.6968241909147566,-42.67504754498692,1.22583125,-25.08765026984735,3.048575268564611,-15.811248261924815,0.2,1,-20,2,500,0.7,1,eq,0.5,6.5,5,5
3.7378786914194815,-14.936640119945,0.6968241909147566,-39.6171884331821,1.22583125,-21.973612795876942,3.048575268564611,-15.560817545083093,0.2,1,-20,2,500,0.7,1,eq,0.5,6.5,0,5
5.327510845438027,-16.43988535183849,0.6968241909147566,-45.066039217715854,1.22583125,-27.522568752531154,3.048575268564611,-16.007064268047657,0.2,1,-20,2,500,0.7,1,eq,0.5,35,5,5
5.327510845438027,-11.073186114760825,0.6968241909147566,-36.492398708477886,1.22583125,-21.3676342511949,3.048575268564611,-15.512084784927161,0.2,1,-20,2,500,0.7,1,eff,1,35,5,5
3.7378786914194815,-12.85779587538116,0.6968241909147566,-34.57103183991974,1.22583125,-19.416105871659074,3.048575268564611,-15.35514298345253,0.2,1,-20,2,500,0.7,1,eff,1,6.5,0,5
3.7378786914194815,-14.294863446949414,0.6968241909147566,-36.008099411488,1.22583125,-20.875732450589698,3.048575268564611,-15.472526070052673,0.2,1,-20,2,500,0.7,1,eff,1,35,0,5
5.327510845438027,-11.073186114760825,0.6968241909147566,-36.492398708477886,1.22583125,-21.3676342511949,3.048575268564611,-15.512084784927161,0.2,1,-20,2,500,0.7,1,eff,1,6.5,5,5
3.7378786914194815,-14.936640119945,0.6968241909147566,-36.64987608448359,1.22583125,-21.527583698347417,3.048575268564611,-15.52494791038528,0.2,1,-20,2,500,0.7,1,eff,0.5,6.5,0,5
5.327510845438027,-11.073186114760825,0.664380693404857,-41.02755752487721,1.22583125,-23.24500668601102,3.048575268564611,-15.663062969537789,0.2,1,-20,2,500,0.8,0.5,eq,1,35,5,5
5.327510845438027,-14.048893679109554,0.6968241909147566,-39.4681062728266,1.22583125,-24.39005430848859,3.048575268564611,-15.755147634321842,0.2,1,-20,2,500,0.7,1,eff,0.5,6.5,5,5
5.327510845438027,-16.43988535183849,0.6968241909147566,-41.85909794555555,1.22583125,-26.81857963644449,3.048575268564611,-15.950449503304487,0.2,1,-20,2,500,0.7,1,eff,0.5,35,5,5
3.7378786914194815,-18.035901907714646,0.6968241909147566,-39.74913787225322,1.22583125,-24.675497526459537,3.048575268564611,-15.778102961703677,0.2,1,-20,2,500,0.7,1,eff,0.5,35,0,5
3.7378786914194815,-12.85779587538116,0.664380693404857,-38.8099090634354,1.22583125,-20.986234685160312,3.048575268564611,-15.481412653482352,0.2,1,-20,2,500,0.8,0.5,eq,1,6.5,0,5
5.327510845438027,-14.048893679109554,0.664380693404857,-44.00326508922595,1.22583125,-26.275895055278706,3.048575268564611,-15.906806840100707,0.2,1,-20,2,500,0.8,0.5,eq,0.5,6.5,5,5
5.327510845438027,-11.073186114760825,0.664380693404857,-41.02755752487721,1.22583125,-23.24500668601102,3.048575268564611,-15.663062969537789,0.2,1,-20,2,500,0.8,0.5,eq,1,6.5,5,5
3.7378786914194815,-18.035901907714646,0.6968241909147566,-42.71645022095176,1.22583125,-25.129813587271112,3.048575268564611,-15.814639033517985,0.2,1,-20,2,500,0.7,1,eq,0.5,35,0,5
3.7378786914194815,-14.294863446949414,0.664380693404857,-40.246976635003655,1.22583125,-22.44995089199249,3.048575268564611,-15.59912462772617,0.2,1,-20,2,500,0.8,0.5,eq,1,35,0,5
3.7378786914194815,-18.035901907714646,0.664380693404857,-43.988015095768894,1.22583125,-26.260362269580675,3.048575268564611,-15.905557694356865,0.2,1,-20,2,500,0.8,0.5,eq,0.5,35,0,5
3.7378786914194815,-14.936640119945,0.664380693404857,-40.888753307999245,1.22583125,-23.103628517172265,3.048575268564611,-15.651693345227425,0.2,1,-20,2,500,0.8,0.5,eq,0.5,6.5,0,5
3.7378786914194815,-14.294863446949414,0.664380693404857,-37.12510178818729,1.22583125,-21.890318871964194,3.048575268564611,-15.554119052451409,0.2,1,-20,2,500,0.8,0.5,eff,1,35,0,5
5.327510845438027,-14.048893679109554,0.664380693404857,-40.645609464063334,1.22583125,-25.46652991970825,3.048575268564611,-15.841717741853945,0.2,1,-20,2,500,0.8,0.5,eff,0.5,6.5,5,5
3.7378786914194815,-18.035901907714646,0.664380693404857,-40.866140248952505,1.22583125,-25.690550061683872,3.048575268564611,-15.859733428951749,0.2,1,-20,2,500,0.8,0.5,eff,0.5,35,0,5
3.7378786914194815,-14.936640119945,0.664380693404857,-37.76687846118287,1.22583125,-22.54225008169835,3.048575268564611,-15.606547323321562,0.2,1,-20,2,500,0.8,0.5,eff,0.5,6.5,0,5
5.327510845438027,-11.073186114760825,0.664380693404857,-37.66990189971462,1.22583125,-22.443739104798524,3.048575268564611,-15.598625076152729,0.2,1,-20,2,500,0.8,0.5,eff,1,6.5,5,5
5.327510845438027,-16.43988535183849,0.664380693404857,-43.03660113679226,1.22583125,-27.895353152823276,3.048575268564611,-16.03704356835245,0.2,1,-20,2,500,0.8,0.5,eff,0.5,35,5,5
5.327510845438027,-16.43988535183849,0.664380693404857,-46.39425676195488,1.22583125,-28.711224702150442,3.048575268564611,-16.1026559120242,0.2,1,-20,2,500,0.8,0.5,eq,0.5,35,5,5
3.7378786914194815,-12.85779587538116,0.664380693404857,-35.68803421661903,1.22583125,-20.43051324192853,3.048575268564611,-15.43672156657161,0.2,1,-20,2,500,0.8,0.5,eff,1,6.5,0,5
5.327510845438027,-11.073186114760825,0.664380693404857,-37.66990189971462,1.22583125,-22.443739104798524,3.048575268564611,-15.598625076152729,0.2,1,-20,2,500,0.8,0.5,eff,1,35,5,5
5.327510845438027,-11.073186114760825,0.6968241909147566,-39.699339980638186,1.22583125,-22.05727361479171,3.048575268564611,-15.567545543389905,0.2,1,-20,2,500,0.8,1,eq,1,6.5,5,5
3.7378786914194815,-12.85779587538116,0.6968241909147566,-37.538344188618254,1.22583125,-19.856576450125374,3.048575268564611,-15.39056560236296,0.2,1,-20,2,500,0.8,1,eq,1,6.5,0,5
5.327510845438027,-16.43988535183849,0.6968241909147566,-45.066039217715854,1.22583125,-27.522568752531154,3.048575268564611,-16.007064268047657,0.2,1,-20,2,500,0.8,1,eq,0.5,35,5,5
5.327510845438027,-11.073186114760825,0.6968241909147566,-39.699339980638186,1.22583125,-22.05727361479171,3.048575268564611,-15.567545543389905,0.2,1,-20,2,500,0.8,1,eq,1,35,5,5
3.7378786914194815,-14.294863446949414,0.6968241909147566,-38.97541176018651,1.22583125,-21.32004553317931,3.048575268564611,-15.508257702926297,0.2,1,-20,2,500,0.8,1,eq,1,35,0,5
5.327510845438027,-14.048893679109554,0.6968241909147566,-42.67504754498692,1.22583125,-25.08765026984735,3.048575268564611,-15.811248261924815,0.2,1,-20,2,500,0.8,1,eq,0.5,6.5,5,5
3.7378786914194815,-14.936640119945,0.6968241909147566,-39.6171884331821,1.22583125,-21.973612795876942,3.048575268564611,-15.560817545083093,0.2,1,-20,2,500,0.8,1,eq,0.5,6.5,0,5
5.327510845438027,-11.073186114760825,0.664380693404857,-41.02755752487721,4.086104166666667,-23.24594782591248,3.6206298518979443,-16.861212172899375,0.2,1,-20,10,400,0.7,0.5,eq,1,6.5,5,5
3.7378786914194815,-14.936640119945,0.6968241909147566,-36.64987608448359,1.22583125,-21.527583698347417,3.048575268564611,-15.52494791038528,0.2,1,-20,2,500,0.8,1,eff,0.5,6.5,0,5
5.327510845438027,-16.43988535183849,0.6968241909147566,-41.85909794555555,1.22583125,-26.81857963644449,3.048575268564611,-15.950449503304487,0.2,1,-20,2,500,0.8,1,eff,0.5,35,5,5
5.327510845438027,-11.073186114760825,0.6968241909147566,-36.492398708477886,1.22583125,-21.3676342511949,3.048575268564611,-15.512084784927161,0.2,1,-20,2,500,0.8,1,eff,1,35,5,5
3.7378786914194815,-14.294863446949414,0.6968241909147566,-36.008099411488,1.22583125,-20.875732450589698,3.048575268564611,-15.472526070052673,0.2,1,-20,2,500,0.8,1,eff,1,35,0,5
5.327510845438027,-11.073186114760825,0.6968241909147566,-36.492398708477886,1.22583125,-21.3676342511949,3.048575268564611,-15.512084784927161,0.2,1,-20,2,500,0.8,1,eff,1,6.5,5,5
5.327510845438027,-14.048893679109554,0.6968241909147566,-39.4681062728266,1.22583125,-24.39005430848859,3.048575268564611,-15.755147634321842,0.2,1,-20,2,500,0.8,1,eff,0.5,6.5,5,5
3.7378786914194815,-12.85779587538116,0.6968241909147566,-34.57103183991974,1.22583125,-19.416105871659074,3.048575268564611,-15.35514298345253,0.2,1,-20,2,500,0.8,1,eff,1,6.5,0,5
3.7378786914194815,-18.035901907714646,0.6968241909147566,-39.74913787225322,1.22583125,-24.675497526459537,3.048575268564611,-15.778102961703677,0.2,1,-20,2,500,0.8,1,eff,0.5,35,0,5
3.7378786914194815,-18.035901907714646,0.6968241909147566,-42.71645022095176,1.22583125,-25.129813587271112,3.048575268564611,-15.814639033517985,0.2,1,-20,2,500,0.8,1,eq,0.5,35,0,5
3.7378786914194815,-12.85779587538116,0.664380693404857,-38.8099090634354,4.086104166666667,-20.98717582516083,3.6206298518979443,-16.351379460837755,0.2,1,-20,10,400,0.7,0.5,eq,1,6.5,0,5
3.7378786914194815,-14.294863446949414,0.664380693404857,-40.246976635003655,4.086104166666667,-22.450892031887516,3.6206298518979443,-16.681758269817102,0.2,1,-20,10,400,0.7,0.5,eq,1,35,0,5
3.7378786914194815,-14.936640119945,0.664380693404857,-40.888753307999245,4.086104166666667,-23.10456965709616,3.6206298518979443,-16.829301375700823,0.2,1,-20,10,400,0.7,0.5,eq,0.5,6.5,0,5
5.327510845438027,-11.073186114760825,0.664380693404857,-37.66990189971462,4.086104166666667,-22.44453999087498,3.6206298518979443,-16.680324535781278,0.2,1,-20,10,400,0.7,0.5,eff,1,6.5,5,5
3.7378786914194815,-18.035901907714646,0.664380693404857,-43.988015095768894,4.086104166666667,-26.261303409528463,3.6206298518979443,-17.541815135267203,0.2,1,-20,10,400,0.7,0.5,eq,0.5,35,0,5
5.327510845438027,-16.43988535183849,0.664380693404857,-46.39425676195488,4.086104166666667,-28.712165842088986,3.6206298518979443,-18.095005028034738,0.2,1,-20,10,400,0.7,0.5,eq,0.5,35,5,5
5.327510845438027,-11.073186114760825,0.664380693404857,-37.66990189971462,4.086104166666667,-22.44453999087498,3.6206298518979443,-16.680324535781278,0.2,1,-20,10,400,0.7,0.5,eff,1,35,5,5
5.327510845438027,-11.073186114760825,0.664380693404857,-41.02755752487721,4.086104166666667,-23.24594782591248,3.6206298518979443,-16.861212172899375,0.2,1,-20,10,400,0.7,0.5,eq,1,35,5,5
3.7378786914194815,-12.85779587538116,0.664380693404857,-35.68803421661903,4.086104166666667,-20.431314128017934,3.6206298518979443,-16.225914616891046,0.2,1,-20,10,400,0.7,0.5,eff,1,6.5,0,5
5.327510845438027,-14.048893679109554,0.664380693404857,-44.00326508922595,4.086104166666667,-26.27683619522651,3.6206298518979443,-17.545321076661736,0.2,1,-20,10,400,0.7,0.5,eq,0.5,6.5,5,5
5.327510845438027,-14.048893679109554,0.664380693404857,-40.645609464063334,4.086104166666667,-25.46733080588476,3.6206298518979443,-17.36260572161963,0.2,1,-20,10,400,0.7,0.5,eff,0.5,6.5,5,5
5.327510845438027,-16.43988535183849,0.664380693404857,-43.03660113679226,4.086104166666667,-27.896154038896242,3.6206298518979443,-17.910821095102335,0.2,1,-20,10,400,0.7,0.5,eff,0.5,35,5,5
3.7378786914194815,-14.294863446949414,0.664380693404857,-37.12510178818729,4.086104166666667,-21.89111975804191,3.6206298518979443,-16.55541076045497,0.2,1,-20,10,400,0.7,0.5,eff,1,35,0,5
3.7378786914194815,-18.035901907714646,0.664380693404857,-40.866140248952505,4.086104166666667,-25.691350947857458,3.6206298518979443,-17.413169831897335,0.2,1,-20,10,400,0.7,0.5,eff,0.5,35,0,5
3.7378786914194815,-14.936640119945,0.664380693404857,-37.76687846118287,4.086104166666667,-22.543050967882447,3.6206298518979443,-16.70255967884082,0.2,1,-20,10,400,0.7,0.5,eff,0.5,6.5,0,5
5.327510845438027,-11.073186114760825,0.6968241909147566,-39.699339980638186,4.086104166666667,-22.05816246482412,3.6206298518979443,-16.59311436055311,0.2,1,-20,10,400,0.7,1,eq,1,6.5,5,5
5.327510845438027,-11.073186114760825,0.6968241909147566,-36.492398708477886,4.086104166666667,-21.368391742941398,3.6206298518979443,-16.43742459738917,0.2,1,-20,10,400,0.7,1,eff,1,6.5,5,5
5.327510845438027,-11.073186114760825,0.6968241909147566,-39.699339980638186,4.086104166666667,-22.05816246482412,3.6206298518979443,-16.59311436055311,0.2,1,-20,10,400,0.7,1,eq,1,35,5,5
3.7378786914194815,-12.85779587538116,0.6968241909147566,-37.538344188618254,4.086104166666667,-19.85746530006018,3.6206298518979443,-16.09638985557227,0.2,1,-20,10,400,0.7,1,eq,1,6.5,0,5
3.7378786914194815,-18.035901907714646,0.6968241909147566,-42.71645022095176,4.086104166666667,-25.130702437309132,3.6206298518979443,-17.28662454509944,0.2,1,-20,10,400,0.7,1,eq,0.5,35,0,5
5.327510845438027,-14.048893679109554,0.6968241909147566,-42.67504754498692,4.086104166666667,-25.088539119880345,3.6206298518979443,-17.27710776409308,0.2,1,-20,10,400,0.7,1,eq,0.5,6.5,5,5
3.7378786914194815,-14.294863446949414,0.6968241909147566,-38.97541176018651,4.086104166666667,-21.320934383132403,3.6206298518979443,-16.426712885693306,0.2,1,-20,10,400,0.7,1,eq,1,35,0,5
5.327510845438027,-16.43988535183849,0.6968241909147566,-45.066039217715854,4.086104166666667,-27.52345760249491,3.6206298518979443,-17.826698910622053,0.2,1,-20,10,400,0.7,1,eq,0.5,35,5,5
3.7378786914194815,-14.936640119945,0.6968241909147566,-39.6171884331821,4.086104166666667,-21.97450164590105,3.6206298518979443,-16.57423108141265,0.2,1,-20,10,400,0.7,1,eq,0.5,6.5,0,5
3.7378786914194815,-12.85779587538116,0.6968241909147566,-34.57103183991974,4.086104166666667,-19.41686336340353,3.6206298518979443,-15.996940561783134,0.2,1,-20,10,400,0.7,1,eff,1,6.5,0,5
5.327510845438027,-11.073186114760825,0.664380693404857,-41.02755752487721,4.086104166666667,-23.24594782591248,3.6206298518979443,-16.861212172899375,0.2,1,-20,10,400,0.8,0.5,eq,1,6.5,5,5
3.7378786914194815,-14.936640119945,0.6968241909147566,-36.64987608448359,4.086104166666667,-21.528341190093577,3.6206298518979443,-16.47352716126327,0.2,1,-20,10,400,0.7,1,eff,0.5,6.5,0,5
5.327510845438027,-14.048893679109554,0.664380693404857,-44.00326508922595,4.086104166666667,-26.27683619522651,3.6206298518979443,-17.545321076661736,0.2,1,-20,10,400,0.8,0.5,eq,0.5,6.5,5,5
5.327510845438027,-11.073186114760825,0.664380693404857,-41.02755752487721,4.086104166666667,-23.24594782591248,3.6206298518979443,-16.861212172899375,0.2,1,-20,10,400,0.8,0.5,eq,1,35,5,5
5.327510845438027,-16.43988535183849,0.6968241909147566,-41.85909794555555,4.086104166666667,-26.81933712816897,3.6206298518979443,-17.667770231266978,0.2,1,-20,10,400,0.7,1,eff,0.5,35,5,5
5.327510845438027,-11.073186114760825,0.6968241909147566,-36.492398708477886,4.086104166666667,-21.368391742941398,3.6206298518979443,-16.43742459738917,0.2,1,-20,10,400,0.7,1,eff,1,35,5,5
3.7378786914194815,-14.294863446949414,0.6968241909147566,-36.008099411488,4.086104166666667,-20.87648994233537,3.6206298518979443,-16.326396291306278,0.2,1,-20,10,400,0.7,1,eff,1,35,0,5
5.327510845438027,-14.048893679109554,0.6968241909147566,-39.4681062728266,4.086104166666667,-24.390811800223844,3.6206298518979443,-17.119622098633492,0.2,1,-20,10,400,0.7,1,eff,0.5,6.5,5,5
3.7378786914194815,-12.85779587538116,0.664380693404857,-38.8099090634354,4.086104166666667,-20.98717582516083,3.6206298518979443,-16.351379460837755,0.2,1,-20,10,400,0.8,0.5,eq,1,6.5,0,5
5.327510845438027,-16.43988535183849,0.664380693404857,-46.39425676195488,4.086104166666667,-28.712165842088986,3.6206298518979443,-18.095005028034738,0.2,1,-20,10,400,0.8,0.5,eq,0.5,35,5,5
3.7378786914194815,-18.035901907714646,0.664380693404857,-43.988015095768894,4.086104166666667,-26.261303409528463,3.6206298518979443,-17.541815135267203,0.2,1,-20,10,400,0.8,0.5,eq,0.5,35,0,5
3.7378786914194815,-14.294863446949414,0.664380693404857,-40.246976635003655,4.086104166666667,-22.450892031887516,3.6206298518979443,-16.681758269817102,0.2,1,-20,10,400,0.8,0.5,eq,1,35,0,5
3.7378786914194815,-18.035901907714646,0.6968241909147566,-39.74913787225322,4.086104166666667,-24.676255018207673,3.6206298518979443,-17.18405015508018,0.2,1,-20,10,400,0.7,1,eff,0.5,35,0,5
3.7378786914194815,-14.936640119945,0.664380693404857,-40.888753307999245,4.086104166666667,-23.10456965709616,3.6206298518979443,-16.829301375700823,0.2,1,-20,10,400,0.8,0.5,eq,0.5,6.5,0,5
5.327510845438027,-11.073186114760825,0.664380693404857,-37.66990189971462,4.086104166666667,-22.44453999087498,3.6206298518979443,-16.680324535781278,0.2,1,-20,10,400,0.8,0.5,eff,1,6.5,5,5
3.7378786914194815,-12.85779587538116,0.664380693404857,-35.68803421661903,4.086104166666667,-20.431314128017934,3.6206298518979443,-16.225914616891046,0.2,1,-20,10,400,0.8,0.5,eff,1,6.5,0,5
5.327510845438027,-11.073186114760825,0.6968241909147566,-39.699339980638186,4.086104166666667,-22.05816246482412,3.6206298518979443,-16.59311436055311,0.2,1,-20,10,400,0.8,1,eq,1,6.5,5,5
5.327510845438027,-11.073186114760825,0.664380693404857,-37.66990189971462,4.086104166666667,-22.44453999087498,3.6206298518979443,-16.680324535781278,0.2,1,-20,10,400,0.8,0.5,eff,1,35,5,5
3.7378786914194815,-14.294863446949414,0.664380693404857,-37.12510178818729,4.086104166666667,-21.89111975804191,3.6206298518979443,-16.55541076045497,0.2,1,-20,10,400,0.8,0.5,eff,1,35,0,5
5.327510845438027,-14.048893679109554,0.664380693404857,-40.645609464063334,4.086104166666667,-25.46733080588476,3.6206298518979443,-17.36260572161963,0.2,1,-20,10,400,0.8,0.5,eff,0.5,6.5,5,5
3.7378786914194815,-14.936640119945,0.664380693404857,-37.76687846118287,4.086104166666667,-22.543050967882447,3.6206298518979443,-16.70255967884082,0.2,1,-20,10,400,0.8,0.5,eff,0.5,6.5,0,5
3.7378786914194815,-18.035901907714646,0.664380693404857,-40.866140248952505,4.086104166666667,-25.691350947857458,3.6206298518979443,-17.413169831897335,0.2,1,-20,10,400,0.8,0.5,eff,0.5,35,0,5
5.327510845438027,-11.073186114760825,0.6968241909147566,-39.699339980638186,4.086104166666667,-22.05816246482412,3.6206298518979443,-16.59311436055311,0.2,1,-20,10,400,0.8,1,eq,1,35,5,5
5.327510845438027,-16.43988535183849,0.664380693404857,-43.03660113679226,4.086104166666667,-27.896154038896242,3.6206298518979443,-17.910821095102335,0.2,1,-20,10,400,0.8,0.5,eff,0.5,35,5,5
5.327510845438027,-11.073186114760825,0.6968241909147566,-36.492398708477886,4.086104166666667,-21.368391742941398,3.6206298518979443,-16.43742459738917,0.2,1,-20,10,400,0.8,1,eff,1,6.5,5,5
5.327510845438027,-14.048893679109554,0.6968241909147566,-42.67504754498692,4.086104166666667,-25.088539119880345,3.6206298518979443,-17.27710776409308,0.2,1,-20,10,400,0.8,1,eq,0.5,6.5,5,5
3.7378786914194815,-14.294863446949414,0.6968241909147566,-38.97541176018651,4.086104166666667,-21.320934383132403,3.6206298518979443,-16.426712885693306,0.2,1,-20,10,400,0.8,1,eq,1,35,0,5
3.7378786914194815,-12.85779587538116,0.6968241909147566,-37.538344188618254,4.086104166666667,-19.85746530006018,3.6206298518979443,-16.09638985557227,0.2,1,-20,10,400,0.8,1,eq,1,6.5,0,5
3.7378786914194815,-14.936640119945,0.6968241909147566,-39.6171884331821,4.086104166666667,-21.97450164590105,3.6206298518979443,-16.57423108141265,0.2,1,-20,10,400,0.8,1,eq,0.5,6.5,0,5
3.7378786914194815,-18.035901907714646,0.6968241909147566,-42.71645022095176,4.086104166666667,-25.130702437309132,3.6206298518979443,-17.28662454509944,0.2,1,-20,10,400,0.8,1,eq,0.5,35,0,5
5.327510845438027,-16.43988535183849,0.6968241909147566,-45.066039217715854,4.086104166666667,-27.52345760249491,3.6206298518979443,-17.826698910622053,0.2,1,-20,10,400,0.8,1,eq,0.5,35,5,5
3.7378786914194815,-12.85779587538116,0.6968241909147566,-34.57103183991974,4.086104166666667,-19.41686336340353,3.6206298518979443,-15.996940561783134,0.2,1,-20,10,400,0.8,1,eff,1,6.5,0,5
5.327510845438027,-16.43988535183849,0.6968241909147566,-41.85909794555555,4.086104166666667,-26.81933712816897,3.6206298518979443,-17.667770231266978,0.2,1,-20,10,400,0.8,1,eff,0.5,35,5,5
5.327510845438027,-11.073186114760825,0.664380693404857,-41.02755752487721,6.129156249999999,-23.24662006872275,4.029240268564611,-17.508900912657445,0.2,1,-20,10,500,0.7,0.5,eq,1,6.5,5,5
5.327510845438027,-11.073186114760825,0.664380693404857,-41.02755752487721,6.129156249999999,-23.24662006872275,4.029240268564611,-17.508900912657445,0.2,1,-20,10,500,0.7,0.5,eq,1,35,5,5
5.327510845438027,-14.048893679109554,0.6968241909147566,-39.4681062728266,4.086104166666667,-24.390811800223844,3.6206298518979443,-17.119622098633492,0.2,1,-20,10,400,0.8,1,eff,0.5,6.5,5,5
3.7378786914194815,-14.936640119945,0.6968241909147566,-36.64987608448359,4.086104166666667,-21.528341190093577,3.6206298518979443,-16.47352716126327,0.2,1,-20,10,400,0.8,1,eff,0.5,6.5,0,5
3.7378786914194815,-14.294863446949414,0.6968241909147566,-36.008099411488,4.086104166666667,-20.87648994233537,3.6206298518979443,-16.326396291306278,0.2,1,-20,10,400,0.8,1,eff,1,35,0,5
5.327510845438027,-11.073186114760825,0.6968241909147566,-36.492398708477886,4.086104166666667,-21.368391742941398,3.6206298518979443,-16.43742459738917,0.2,1,-20,10,400,0.8,1,eff,1,35,5,5
3.7378786914194815,-18.035901907714646,0.6968241909147566,-39.74913787225322,4.086104166666667,-24.676255018207673,3.6206298518979443,-17.18405015508018,0.2,1,-20,10,400,0.8,1,eff,0.5,35,0,5
5.327510845438027,-11.073186114760825,0.664380693404857,-37.66990189971462,6.129156249999999,-22.445112052366966,4.029240268564611,-17.265055048899967,0.2,1,-20,10,500,0.7,0.5,eff,1,6.5,5,5
3.7378786914194815,-14.294863446949414,0.664380693404857,-40.246976635003655,6.129156249999999,-22.451564274676,4.029240268564611,-17.267018033286895,0.2,1,-20,10,500,0.7,0.5,eq,1,35,0,5
3.7378786914194815,-12.85779587538116,0.664380693404857,-38.8099090634354,6.129156249999999,-20.98784806797618,4.029240268564611,-16.821706027124627,0.2,1,-20,10,500,0.7,0.5,eq,1,6.5,0,5
5.327510845438027,-14.048893679109554,0.664380693404857,-44.00326508922595,6.129156249999999,-26.27750843799143,4.029240268564611,-18.430999727984343,0.2,1,-20,10,500,0.7,0.5,eq,0.5,6.5,5,5
3.7378786914194815,-14.936640119945,0.664380693404857,-40.888753307999245,6.129156249999999,-23.10524189988429,4.029240268564611,-17.465888889080073,0.2,1,-20,10,500,0.7,0.5,eq,0.5,6.5,0,5
5.327510845438027,-16.43988535183849,0.664380693404857,-46.39425676195488,6.129156249999999,-28.71283808493256,4.029240268564611,-19.17190942467395,0.2,1,-20,10,500,0.7,0.5,eq,0.5,35,5,5
3.7378786914194815,-14.936640119945,0.664380693404857,-37.76687846118287,6.129156249999999,-22.543623029374388,4.029240268564611,-17.295025421981357,0.2,1,-20,10,500,0.7,0.5,eff,0.5,6.5,0,5
3.7378786914194815,-12.85779587538116,0.664380693404857,-35.68803421661903,6.129156249999999,-20.4318861895029,4.029240268564611,-16.652563608451242,0.2,1,-20,10,500,0.7,0.5,eff,1,6.5,0,5
3.7378786914194815,-18.035901907714646,0.664380693404857,-43.988015095768894,6.129156249999999,-26.261975652389726,4.029240268564611,-18.426274128933272,0.2,1,-20,10,500,0.7,0.5,eq,0.5,35,0,5
5.327510845438027,-16.43988535183849,0.664380693404857,-43.03660113679226,6.129156249999999,-27.896726100414288,4.029240268564611,-18.923620539563977,0.2,1,-20,10,500,0.7,0.5,eff,0.5,35,5,5
3.7378786914194815,-18.035901907714646,0.664380693404857,-40.866140248952505,6.129156249999999,-25.691923009330537,4.029240268564611,-18.252844822803425,0.2,1,-20,10,500,0.7,0.5,eff,0.5,35,0,5
5.327510845438027,-11.073186114760825,0.6968241909147566,-39.699339980638186,6.129156249999999,-22.058797357658282,4.029240268564611,-17.147525044843736,0.2,1,-20,10,500,0.7,1,eq,1,6.5,5,5
3.7378786914194815,-14.294863446949414,0.664380693404857,-37.12510178818729,6.129156249999999,-21.89169181953427,4.029240268564611,-17.096685884846586,0.2,1,-20,10,500,0.7,0.5,eff,1,35,0,5
5.327510845438027,-11.073186114760825,0.664380693404857,-37.66990189971462,6.129156249999999,-22.445112052366966,4.029240268564611,-17.265055048899967,0.2,1,-20,10,500,0.7,0.5,eff,1,35,5,5
5.327510845438027,-14.048893679109554,0.664380693404857,-40.645609464063334,6.129156249999999,-25.467902867359754,4.029240268564611,-18.184690314173245,0.2,1,-20,10,500,0.7,0.5,eff,0.5,6.5,5,5
3.7378786914194815,-12.85779587538116,0.6968241909147566,-37.538344188618254,6.129156249999999,-19.85810019298925,4.029240268564611,-16.477998489853984,0.2,1,-20,10,500,0.7,1,eq,1,6.5,0,5
5.327510845438027,-14.048893679109554,0.6968241909147566,-42.67504754498692,6.129156249999999,-25.089174012706856,4.029240268564611,-18.06946817938715,0.2,1,-20,10,500,0.7,1,eq,0.5,6.5,5,5
3.7378786914194815,-14.294863446949414,0.6968241909147566,-38.97541176018651,6.129156249999999,-21.321569276037604,4.029240268564611,-16.923235312638063,0.2,1,-20,10,500,0.7,1,eq,1,35,0,5
5.327510845438027,-11.073186114760825,0.6968241909147566,-36.492398708477886,6.129156249999999,-21.368932808403876,4.029240268564611,-16.93764490209293,0.2,1,-20,10,500,0.7,1,eff,1,6.5,5,5
3.7378786914194815,-14.936640119945,0.6968241909147566,-39.6171884331821,6.129156249999999,-21.97513653874303,4.029240268564611,-17.122072592423155,0.2,1,-20,10,500,0.7,1,eq,0.5,6.5,0,5
5.327510845438027,-11.073186114760825,0.6968241909147566,-39.699339980638186,6.129156249999999,-22.058797357658282,4.029240268564611,-17.147525044843736,0.2,1,-20,10,500,0.7,1,eq,1,35,5,5
3.7378786914194815,-12.85779587538116,0.6968241909147566,-34.57103183991974,6.129156249999999,-19.41740442890225,4.029240268564611,-16.343923924091563,0.2,1,-20,10,500,0.7,1,eff,1,6.5,0,5
5.327510845438027,-16.43988535183849,0.6968241909147566,-45.066039217715854,6.129156249999999,-27.5240924953974,4.029240268564611,-18.810252785996795,0.2,1,-20,10,500,0.7,1,eq,0.5,35,5,5
3.7378786914194815,-18.035901907714646,0.6968241909147566,-42.71645022095176,6.129156249999999,-25.131337330137313,4.029240268564611,-18.08229568746922,0.2,1,-20,10,500,0.7,1,eq,0.5,35,0,5
3.7378786914194815,-18.035901907714646,0.6968241909147566,-39.74913787225322,6.129156249999999,-24.676796083676976,4.029240268564611,-17.94400885740044,0.2,1,-20,10,500,0.7,1,eff,0.5,35,0,5
5.327510845438027,-11.073186114760825,0.6968241909147566,-36.492398708477886,6.129156249999999,-21.368932808403876,4.029240268564611,-16.93764490209293,0.2,1,-20,10,500,0.7,1,eff,1,35,5,5
5.327510845438027,-14.048893679109554,0.6968241909147566,-39.4681062728266,6.129156249999999,-24.39135286569077,4.029240268564611,-17.857167370324724,0.2,1,-20,10,500,0.7,1,eff,0.5,6.5,5,5
3.7378786914194815,-14.294863446949414,0.664380693404857,-40.246976635003655,6.129156249999999,-22.451564274676,4.029240268564611,-17.267018033286895,0.2,1,-20,10,500,0.8,0.5,eq,1,35,0,5
3.7378786914194815,-14.294863446949414,0.6968241909147566,-36.008099411488,6.129156249999999,-20.877031007798184,4.029240268564611,-16.787991727071795,0.2,1,-20,10,500,0.7,1,eff,1,35,0,5
5.327510845438027,-11.073186114760825,0.664380693404857,-41.02755752487721,6.129156249999999,-23.24662006872275,4.029240268564611,-17.508900912657445,0.2,1,-20,10,500,0.8,0.5,eq,1,6.5,5,5
3.7378786914194815,-14.936640119945,0.6968241909147566,-36.64987608448359,6.129156249999999,-21.528882255556017,4.029240268564611,-16.986306937035177,0.2,1,-20,10,500,0.7,1,eff,0.5,6.5,0,5
5.327510845438027,-16.43988535183849,0.6968241909147566,-41.85909794555555,6.129156249999999,-26.819878193679756,4.029240268564611,-18.596006962912636,0.2,1,-20,10,500,0.7,1,eff,0.5,35,5,5
3.7378786914194815,-14.936640119945,0.664380693404857,-40.888753307999245,6.129156249999999,-23.10524189988429,4.029240268564611,-17.465888889080073,0.2,1,-20,10,500,0.8,0.5,eq,0.5,6.5,0,5
3.7378786914194815,-12.85779587538116,0.664380693404857,-38.8099090634354,6.129156249999999,-20.98784806797618,4.029240268564611,-16.821706027124627,0.2,1,-20,10,500,0.8,0.5,eq,1,6.5,0,5
5.327510845438027,-14.048893679109554,0.664380693404857,-44.00326508922595,6.129156249999999,-26.27750843799143,4.029240268564611,-18.430999727984343,0.2,1,-20,10,500,0.8,0.5,eq,0.5,6.5,5,5
5.327510845438027,-11.073186114760825,0.664380693404857,-41.02755752487721,6.129156249999999,-23.24662006872275,4.029240268564611,-17.508900912657445,0.2,1,-20,10,500,0.8,0.5,eq,1,35,5,5
5.327510845438027,-16.43988535183849,0.664380693404857,-46.39425676195488,6.129156249999999,-28.71283808493256,4.029240268564611,-19.17190942467395,0.2,1,-20,10,500,0.8,0.5,eq,0.5,35,5,5
3.7378786914194815,-18.035901907714646,0.664380693404857,-43.988015095768894,6.129156249999999,-26.261975652389726,4.029240268564611,-18.426274128933272,0.2,1,-20,10,500,0.8,0.5,eq,0.5,35,0,5
3.7378786914194815,-12.85779587538116,0.664380693404857,-35.68803421661903,6.129156249999999,-20.4318861895029,4.029240268564611,-16.652563608451242,0.2,1,-20,10,500,0.8,0.5,eff,1,6.5,0,5
5.327510845438027,-11.073186114760825,0.664380693404857,-37.66990189971462,6.129156249999999,-22.445112052366966,4.029240268564611,-17.265055048899967,0.2,1,-20,10,500,0.8,0.5,eff,1,6.5,5,5
3.7378786914194815,-14.294863446949414,0.664380693404857,-37.12510178818729,6.129156249999999,-21.89169181953427,4.029240268564611,-17.096685884846586,0.2,1,-20,10,500,0.8,0.5,eff,1,35,0,5
5.327510845438027,-11.073186114760825,0.664380693404857,-37.66990189971462,6.129156249999999,-22.445112052366966,4.029240268564611,-17.265055048899967,0.2,1,-20,10,500,0.8,0.5,eff,1,35,5,5
3.7378786914194815,-14.936640119945,0.664380693404857,-37.76687846118287,6.129156249999999,-22.543623029374388,4.029240268564611,-17.295025421981357,0.2,1,-20,10,500,0.8,0.5,eff,0.5,6.5,0,5
5.327510845438027,-16.43988535183849,0.664380693404857,-43.03660113679226,6.129156249999999,-27.896726100414288,4.029240268564611,-18.923620539563977,0.2,1,-20,10,500,0.8,0.5,eff,0.5,35,5,5
3.7378786914194815,-12.85779587538116,0.6968241909147566,-37.538344188618254,6.129156249999999,-19.85810019298925,4.029240268564611,-16.477998489853984,0.2,1,-20,10,500,0.8,1,eq,1,6.5,0,5
5.327510845438027,-14.048893679109554,0.664380693404857,-40.645609464063334,6.129156249999999,-25.467902867359754,4.029240268564611,-18.184690314173245,0.2,1,-20,10,500,0.8,0.5,eff,0.5,6.5,5,5
3.7378786914194815,-14.936640119945,0.6968241909147566,-39.6171884331821,6.129156249999999,-21.97513653874303,4.029240268564611,-17.122072592423155,0.2,1,-20,10,500,0.8,1,eq,0.5,6.5,0,5
5.327510845438027,-14.048893679109554,0.6968241909147566,-42.67504754498692,6.129156249999999,-25.089174012706856,4.029240268564611,-18.06946817938715,0.2,1,-20,10,500,0.8,1,eq,0.5,6.5,5,5
5.327510845438027,-11.073186114760825,0.6968241909147566,-39.699339980638186,6.129156249999999,-22.058797357658282,4.029240268564611,-17.147525044843736,0.2,1,-20,10,500,0.8,1,eq,1,6.5,5,5
5.327510845438027,-16.43988535183849,0.6968241909147566,-45.066039217715854,6.129156249999999,-27.5240924953974,4.029240268564611,-18.810252785996795,0.2,1,-20,10,500,0.8,1,eq,0.5,35,5,5
5.327510845438027,-11.073186114760825,0.6968241909147566,-39.699339980638186,6.129156249999999,-22.058797357658282,4.029240268564611,-17.147525044843736,0.2,1,-20,10,500,0.8,1,eq,1,35,5,5
3.7378786914194815,-18.035901907714646,0.664380693404857,-40.866140248952505,6.129156249999999,-25.691923009330537,4.029240268564611,-18.252844822803425,0.2,1,-20,10,500,0.8,0.5,eff,0.5,35,0,5
3.7378786914194815,-14.294863446949414,0.6968241909147566,-38.97541176018651,6.129156249999999,-21.321569276037604,4.029240268564611,-16.923235312638063,0.2,1,-20,10,500,0.8,1,eq,1,35,0,5
3.7378786914194815,-18.035901907714646,0.6968241909147566,-42.71645022095176,6.129156249999999,-25.131337330137313,4.029240268564611,-18.08229568746922,0.2,1,-20,10,500,0.8,1,eq,0.5,35,0,5
3.7378786914194815,-12.85779587538116,0.6968241909147566,-34.57103183991974,6.129156249999999,-19.41740442890225,4.029240268564611,-16.343923924091563,0.2,1,-20,10,500,0.8,1,eff,1,6.5,0,5
5.327510845438027,-11.073186114760825,0.6968241909147566,-36.492398708477886,6.129156249999999,-21.368932808403876,4.029240268564611,-16.93764490209293,0.2,1,-20,10,500,0.8,1,eff,1,6.5,5,5
5.327510845438027,-14.048893679109554,0.6968241909147566,-39.4681062728266,6.129156249999999,-24.39135286569077,4.029240268564611,-17.857167370324724,0.2,1,-20,10,500,0.8,1,eff,0.5,6.5,5,5
3.7378786914194815,-18.035901907714646,0.6968241909147566,-39.74913787225322,6.129156249999999,-24.676796083676976,4.029240268564611,-17.94400885740044,0.2,1,-20,10,500,0.8,1,eff,0.5,35,0,5
3.7378786914194815,-14.936640119945,0.6968241909147566,-36.64987608448359,6.129156249999999,-21.528882255556017,4.029240268564611,-16.986306937035177,0.2,1,-20,10,500,0.8,1,eff,0.5,6.5,0,5
5.327510845438027,-11.073186114760825,1.6648435882347152,-25.825172705597662,0.8172208333333333,-11.110853968830739,2.966853185231278,-14.785746650601507,0.2,1,-10,2,400,0.7,0.5,eq,1,6.5,5,5
5.327510845438027,-11.073186114760825,0.6968241909147566,-36.492398708477886,6.129156249999999,-21.368932808403876,4.029240268564611,-16.93764490209293,0.2,1,-20,10,500,0.8,1,eff,1,35,5,5
3.7378786914194815,-14.294863446949414,0.6968241909147566,-36.008099411488,6.129156249999999,-20.877031007798184,4.029240268564611,-16.787991727071795,0.2,1,-20,10,500,0.8,1,eff,1,35,0,5
3.7378786914194815,-12.85779587538116,1.6648435882347152,-23.607524244155858,0.8172208333333333,-8.859709076801995,2.966853185231278,-14.661730908010927,0.2,1,-10,2,400,0.7,0.5,eq,1,6.5,0,5
5.327510845438027,-14.048893679109554,1.6648435882347152,-28.800880269946397,0.8172208333333333,-14.13150805363359,2.966853185231278,-14.952154712900235,0.2,1,-10,2,400,0.7,0.5,eq,0.5,6.5,5,5
3.7378786914194815,-14.936640119945,1.6648435882347152,-25.686368488719694,0.8172208333333333,-10.969953186196431,2.966853185231278,-14.777984415815236,0.2,1,-10,2,400,0.7,0.5,eq,0.5,6.5,0,5
5.327510845438027,-11.073186114760825,1.6648435882347152,-25.825172705597662,0.8172208333333333,-11.110853968830739,2.966853185231278,-14.785746650601507,0.2,1,-10,2,400,0.7,0.5,eq,1,35,5,5
5.327510845438027,-16.43988535183849,0.6968241909147566,-41.85909794555555,6.129156249999999,-26.819878193679756,4.029240268564611,-18.596006962912636,0.2,1,-20,10,500,0.8,1,eff,0.5,35,5,5
3.7378786914194815,-14.294863446949414,1.6648435882347152,-25.04459181572411,0.8172208333333333,-10.318482809217281,2.966853185231278,-14.742094863408717,0.2,1,-10,2,400,0.7,0.5,eq,1,35,0,5
5.327510845438027,-16.43988535183849,1.6648435882347152,-31.19187194267533,0.8172208333333333,-16.558614416292002,2.966853185231278,-15.085864186234033,0.2,1,-10,2,400,0.7,0.5,eq,0.5,35,5,5
3.7378786914194815,-14.294863446949414,1.6648435882347152,-23.968149701117934,0.8172208333333333,-10.960031451555436,2.966853185231278,-14.777437826702489,0.2,1,-10,2,400,0.7,0.5,eff,1,35,0,5
3.7378786914194815,-18.035901907714646,1.6648435882347152,-28.785630276489343,0.8172208333333333,-14.116027716910372,2.966853185231278,-14.951301899977732,0.2,1,-10,2,400,0.7,0.5,eq,0.5,35,0,5
3.7378786914194815,-12.85779587538116,1.6648435882347152,-22.531082129549677,0.8172208333333333,-9.503811169795362,2.966853185231278,-14.697214541094517,0.2,1,-10,2,400,0.7,0.5,eff,1,6.5,0,5
5.327510845438027,-14.048893679109554,1.6648435882347152,-27.488657376993988,0.8172208333333333,-14.527459164150311,2.966853185231278,-14.973967689565605,0.2,1,-10,2,400,0.7,0.5,eff,0.5,6.5,5,5
3.7378786914194815,-14.936640119945,1.6648435882347152,-24.60992637411352,0.8172208333333333,-11.610361488948815,2.966853185231278,-14.8132645577147,0.2,1,-10,2,400,0.7,0.5,eff,0.5,6.5,0,5
5.327510845438027,-11.073186114760825,1.6648435882347152,-24.512949812645264,0.8172208333333333,-11.512092459406295,2.966853185231278,-14.807850909434816,0.2,1,-10,2,400,0.7,0.5,eff,1,6.5,5,5
5.327510845438027,-11.073186114760825,1.6648435882347152,-24.512949812645264,0.8172208333333333,-11.512092459406295,2.966853185231278,-14.807850909434816,0.2,1,-10,2,400,0.7,0.5,eff,1,35,5,5
5.327510845438027,-16.43988535183849,1.6648435882347152,-29.87964904972292,0.8172208333333333,-16.95031709807246,2.966853185231278,-15.107443116638475,0.2,1,-10,2,400,0.7,0.5,eff,0.5,35,5,5
5.327510845438027,-11.073186114760825,1.7398467296524174,-24.969935069793394,0.8172208333333333,-10.41036364878435,2.966853185231278,-14.747156585819155,0.2,1,-10,2,400,0.7,1,eq,1,6.5,5,5
3.7378786914194815,-12.85779587538116,1.7398467296524174,-22.808939277773465,0.8172208333333333,-8.21709874856994,2.966853185231278,-14.626329456361109,0.2,1,-10,2,400,0.7,1,eq,1,6.5,0,5
3.7378786914194815,-18.035901907714646,1.6648435882347152,-27.709188161883162,0.8172208333333333,-14.750929102565443,2.966853185231278,-14.986278665397146,0.2,1,-10,2,400,0.7,0.5,eff,0.5,35,0,5
3.7378786914194815,-18.035901907714646,1.7398467296524174,-27.987045310106954,0.8172208333333333,-13.472526941516312,2.966853185231278,-14.915851393526136,0.2,1,-10,2,400,0.7,1,eq,0.5,35,0,5
5.327510845438027,-11.073186114760825,1.7398467296524174,-24.969935069793394,0.8172208333333333,-10.41036364878435,2.966853185231278,-14.747156585819155,0.2,1,-10,2,400,0.7,1,eq,1,35,5,5
5.327510845438027,-14.048893679109554,1.7398467296524174,-27.945642634142125,0.8172208333333333,-13.430506019323447,2.966853185231278,-14.913536457740184,0.2,1,-10,2,400,0.7,1,eq,0.5,6.5,5,5
5.327510845438027,-16.43988535183849,1.7398467296524174,-30.336634306871055,0.8172208333333333,-15.857201217823826,2.966853185231278,-15.047223280009515,0.2,1,-10,2,400,0.7,1,eq,0.5,35,5,5
3.7378786914194815,-14.936640119945,1.7398467296524174,-24.887783522337305,0.8172208333333333,-10.326985371873791,2.966853185231278,-14.742563270229493,0.2,1,-10,2,400,0.7,1,eq,0.5,6.5,0,5
3.7378786914194815,-14.294863446949414,1.7398467296524174,-24.24600684934172,0.8172208333333333,-9.675625357283309,2.966853185231278,-14.706679797695465,0.2,1,-10,2,400,0.7,1,eq,1,35,0,5
3.7378786914194815,-12.85779587538116,1.7398467296524174,-21.812804903588386,0.8172208333333333,-8.898143968506634,2.966853185231278,-14.663848289105829,0.2,1,-10,2,400,0.7,1,eff,1,6.5,0,5
5.327510845438027,-11.073186114760825,1.7398467296524174,-23.734171772146524,0.8172208333333333,-10.844878109788393,2.966853185231278,-14.771094020383458,0.2,1,-10,2,400,0.7,1,eff,1,6.5,5,5
3.7378786914194815,-14.294863446949414,1.7398467296524174,-23.249872475156643,0.8172208333333333,-10.354184743814361,2.966853185231278,-14.744061685689648,0.2,1,-10,2,400,0.7,1,eff,1,35,0,5
5.327510845438027,-14.048893679109554,1.7398467296524174,-26.709879336495256,0.8172208333333333,-13.85987311405026,2.966853185231278,-14.937190323506488,0.2,1,-10,2,400,0.7,1,eff,0.5,6.5,5,5
3.7378786914194815,-18.035901907714646,1.7398467296524174,-26.990910935921875,0.8172208333333333,-14.144615095574112,2.966853185231278,-14.952876780833236,0.2,1,-10,2,400,0.7,1,eff,0.5,35,0,5
3.7378786914194815,-14.294863446949414,1.6648435882347152,-25.04459181572411,0.8172208333333333,-10.318482809217281,2.966853185231278,-14.742094863408717,0.2,1,-10,2,400,0.8,0.5,eq,1,35,0,5
5.327510845438027,-16.43988535183849,1.7398467296524174,-29.1008710092242,0.8172208333333333,-16.282432385263373,2.966853185231278,-15.070649297228233,0.2,1,-10,2,400,0.7,1,eff,0.5,35,5,5
3.7378786914194815,-14.936640119945,1.7398467296524174,-23.891649148152226,0.8172208333333333,-11.004434615845332,2.966853185231278,-14.77988400038599,0.2,1,-10,2,400,0.7,1,eff,0.5,6.5,0,5
5.327510845438027,-11.073186114760825,1.7398467296524174,-23.734171772146524,0.8172208333333333,-10.844878109788393,2.966853185231278,-14.771094020383458,0.2,1,-10,2,400,0.7,1,eff,1,35,5,5
5.327510845438027,-11.073186114760825,1.6648435882347152,-25.825172705597662,0.8172208333333333,-11.110853968830739,2.966853185231278,-14.785746650601507,0.2,1,-10,2,400,0.8,0.5,eq,1,6.5,5,5
5.327510845438027,-11.073186114760825,1.6648435882347152,-25.825172705597662,0.8172208333333333,-11.110853968830739,2.966853185231278,-14.785746650601507,0.2,1,-10,2,400,0.8,0.5,eq,1,35,5,5
3.7378786914194815,-12.85779587538116,1.6648435882347152,-23.607524244155858,0.8172208333333333,-8.859709076801995,2.966853185231278,-14.661730908010927,0.2,1,-10,2,400,0.8,0.5,eq,1,6.5,0,5
5.327510845438027,-11.073186114760825,1.6648435882347152,-24.512949812645264,0.8172208333333333,-11.512092459406295,2.966853185231278,-14.807850909434816,0.2,1,-10,2,400,0.8,0.5,eff,1,6.5,5,5
5.327510845438027,-14.048893679109554,1.6648435882347152,-28.800880269946397,0.8172208333333333,-14.13150805363359,2.966853185231278,-14.952154712900235,0.2,1,-10,2,400,0.8,0.5,eq,0.5,6.5,5,5
3.7378786914194815,-14.936640119945,1.6648435882347152,-25.686368488719694,0.8172208333333333,-10.969953186196431,2.966853185231278,-14.777984415815236,0.2,1,-10,2,400,0.8,0.5,eq,0.5,6.5,0,5
5.327510845438027,-16.43988535183849,1.6648435882347152,-31.19187194267533,0.8172208333333333,-16.558614416292002,2.966853185231278,-15.085864186234033,0.2,1,-10,2,400,0.8,0.5,eq,0.5,35,5,5
3.7378786914194815,-14.294863446949414,1.6648435882347152,-23.968149701117934,0.8172208333333333,-10.960031451555436,2.966853185231278,-14.777437826702489,0.2,1,-10,2,400,0.8,0.5,eff,1,35,0,5
5.327510845438027,-11.073186114760825,1.6648435882347152,-24.512949812645264,0.8172208333333333,-11.512092459406295,2.966853185231278,-14.807850909434816,0.2,1,-10,2,400,0.8,0.5,eff,1,35,5,5
3.7378786914194815,-14.936640119945,1.6648435882347152,-24.60992637411352,0.8172208333333333,-11.610361488948815,2.966853185231278,-14.8132645577147,0.2,1,-10,2,400,0.8,0.5,eff,0.5,6.5,0,5
5.327510845438027,-16.43988535183849,1.6648435882347152,-29.87964904972292,0.8172208333333333,-16.95031709807246,2.966853185231278,-15.107443116638475,0.2,1,-10,2,400,0.8,0.5,eff,0.5,35,5,5
3.7378786914194815,-18.035901907714646,1.6648435882347152,-27.709188161883162,0.8172208333333333,-14.750929102565443,2.966853185231278,-14.986278665397146,0.2,1,-10,2,400,0.8,0.5,eff,0.5,35,0,5
3.7378786914194815,-12.85779587538116,1.7398467296524174,-22.808939277773465,0.8172208333333333,-8.21709874856994,2.966853185231278,-14.626329456361109,0.2,1,-10,2,400,0.8,1,eq,1,6.5,0,5
3.7378786914194815,-12.85779587538116,1.6648435882347152,-22.531082129549677,0.8172208333333333,-9.503811169795362,2.966853185231278,-14.697214541094517,0.2,1,-10,2,400,0.8,0.5,eff,1,6.5,0,5
3.7378786914194815,-18.035901907714646,1.6648435882347152,-28.785630276489343,0.8172208333333333,-14.116027716910372,2.966853185231278,-14.951301899977732,0.2,1,-10,2,400,0.8,0.5,eq,0.5,35,0,5
5.327510845438027,-14.048893679109554,1.6648435882347152,-27.488657376993988,0.8172208333333333,-14.527459164150311,2.966853185231278,-14.973967689565605,0.2,1,-10,2,400,0.8,0.5,eff,0.5,6.5,5,5
3.7378786914194815,-14.936640119945,1.7398467296524174,-24.887783522337305,0.8172208333333333,-10.326985371873791,2.966853185231278,-14.742563270229493,0.2,1,-10,2,400,0.8,1,eq,0.5,6.5,0,5
5.327510845438027,-11.073186114760825,1.7398467296524174,-24.969935069793394,0.8172208333333333,-10.41036364878435,2.966853185231278,-14.747156585819155,0.2,1,-10,2,400,0.8,1,eq,1,6.5,5,5
3.7378786914194815,-14.294863446949414,1.7398467296524174,-24.24600684934172,0.8172208333333333,-9.675625357283309,2.966853185231278,-14.706679797695465,0.2,1,-10,2,400,0.8,1,eq,1,35,0,5
5.327510845438027,-16.43988535183849,1.7398467296524174,-30.336634306871055,0.8172208333333333,-15.857201217823826,2.966853185231278,-15.047223280009515,0.2,1,-10,2,400,0.8,1,eq,0.5,35,5,5
5.327510845438027,-11.073186114760825,1.7398467296524174,-24.969935069793394,0.8172208333333333,-10.41036364878435,2.966853185231278,-14.747156585819155,0.2,1,-10,2,400,0.8,1,eq,1,35,5,5
3.7378786914194815,-18.035901907714646,1.7398467296524174,-27.987045310106954,0.8172208333333333,-13.472526941516312,2.966853185231278,-14.915851393526136,0.2,1,-10,2,400,0.8,1,eq,0.5,35,0,5
5.327510845438027,-14.048893679109554,1.7398467296524174,-27.945642634142125,0.8172208333333333,-13.430506019323447,2.966853185231278,-14.913536457740184,0.2,1,-10,2,400,0.8,1,eq,0.5,6.5,5,5
5.327510845438027,-11.073186114760825,1.7398467296524174,-23.734171772146524,0.8172208333333333,-10.844878109788393,2.966853185231278,-14.771094020383458,0.2,1,-10,2,400,0.8,1,eff,1,6.5,5,5
3.7378786914194815,-12.85779587538116,1.7398467296524174,-21.812804903588386,0.8172208333333333,-8.898143968506634,2.966853185231278,-14.663848289105829,0.2,1,-10,2,400,0.8,1,eff,1,6.5,0,5
3.7378786914194815,-18.035901907714646,1.7398467296524174,-26.990910935921875,0.8172208333333333,-14.144615095574112,2.966853185231278,-14.952876780833236,0.2,1,-10,2,400,0.8,1,eff,0.5,35,0,5
5.327510845438027,-11.073186114760825,1.6648435882347152,-25.825172705597662,1.22583125,-11.110897523934572,3.048575268564611,-14.687238599697894,0.2,1,-10,2,500,0.7,0.5,eq,1,6.5,5,5
5.327510845438027,-14.048893679109554,1.7398467296524174,-26.709879336495256,0.8172208333333333,-13.85987311405026,2.966853185231278,-14.937190323506488,0.2,1,-10,2,400,0.8,1,eff,0.5,6.5,5,5
3.7378786914194815,-12.85779587538116,1.6648435882347152,-23.607524244155858,1.22583125,-8.859752631897358,3.048575268564611,-14.506201655300144,0.2,1,-10,2,500,0.7,0.5,eq,1,6.5,0,5
5.327510845438027,-16.43988535183849,1.7398467296524174,-29.1008710092242,0.8172208333333333,-16.282432385263373,2.966853185231278,-15.070649297228233,0.2,1,-10,2,400,0.8,1,eff,0.5,35,5,5
5.327510845438027,-11.073186114760825,1.7398467296524174,-23.734171772146524,0.8172208333333333,-10.844878109788393,2.966853185231278,-14.771094020383458,0.2,1,-10,2,400,0.8,1,eff,1,35,5,5
3.7378786914194815,-14.294863446949414,1.7398467296524174,-23.249872475156643,0.8172208333333333,-10.354184743814361,2.966853185231278,-14.744061685689648,0.2,1,-10,2,400,0.8,1,eff,1,35,0,5
3.7378786914194815,-14.936640119945,1.7398467296524174,-23.891649148152226,0.8172208333333333,-11.004434615845332,2.966853185231278,-14.77988400038599,0.2,1,-10,2,400,0.8,1,eff,0.5,6.5,0,5
5.327510845438027,-11.073186114760825,1.6648435882347152,-25.825172705597662,1.22583125,-11.110897523934572,3.048575268564611,-14.687238599697894,0.2,1,-10,2,500,0.7,0.5,eq,1,35,5,5
3.7378786914194815,-14.294863446949414,1.6648435882347152,-25.04459181572411,1.22583125,-10.318526364270506,3.048575268564611,-14.623516156028415,0.2,1,-10,2,500,0.7,0.5,eq,1,35,0,5
3.7378786914194815,-14.936640119945,1.6648435882347152,-25.686368488719694,1.22583125,-10.969996741298994,3.048575268564611,-14.675907366758612,0.2,1,-10,2,500,0.7,0.5,eq,0.5,6.5,0,5
5.327510845438027,-16.43988535183849,1.6648435882347152,-31.19187194267533,1.22583125,-16.55865797139641,3.048575268564611,-15.125347185559246,0.2,1,-10,2,500,0.7,0.5,eq,0.5,35,5,5
5.327510845438027,-14.048893679109554,1.6648435882347152,-28.800880269946397,1.22583125,-14.131551608688794,3.048575268564611,-14.930159429681122,0.2,1,-10,2,500,0.7,0.5,eq,0.5,6.5,5,5
3.7378786914194815,-18.035901907714646,1.6648435882347152,-28.785630276489343,1.22583125,-14.116071272001452,3.048575268564611,-14.928914501883717,0.2,1,-10,2,500,0.7,0.5,eq,0.5,35,0,5
3.7378786914194815,-14.936640119945,1.6648435882347152,-24.60992637411352,1.22583125,-11.610399853105758,3.048575268564611,-14.727408548648068,0.2,1,-10,2,500,0.7,0.5,eff,0.5,6.5,0,5
5.327510845438027,-11.073186114760825,1.6648435882347152,-24.512949812645264,1.22583125,-11.512130823551972,3.048575268564611,-14.719505758871044,0.2,1,-10,2,500,0.7,0.5,eff,1,35,5,5
5.327510845438027,-16.43988535183849,1.6648435882347152,-29.87964904972292,1.22583125,-16.950355462234842,3.048575268564611,-15.156847475531809,0.2,1,-10,2,500,0.7,0.5,eff,0.5,35,5,5
3.7378786914194815,-14.294863446949414,1.6648435882347152,-23.968149701117934,1.22583125,-10.960069815698786,3.048575268564611,-14.675109043965517,0.2,1,-10,2,500,0.7,0.5,eff,1,35,0,5
3.7378786914194815,-12.85779587538116,1.6648435882347152,-22.531082129549677,1.22583125,-9.503849533906203,3.048575268564611,-14.557999891587903,0.2,1,-10,2,500,0.7,0.5,eff,1,6.5,0,5
3.7378786914194815,-12.85779587538116,1.7398467296524174,-22.808939277773465,1.22583125,-8.217139944576827,3.048575268564611,-14.454522779473344,0.2,1,-10,2,500,0.7,1,eq,1,6.5,0,5
5.327510845438027,-11.073186114760825,1.7398467296524174,-24.969935069793394,1.22583125,-10.410404844744455,3.048575268564611,-14.630905018211294,0.2,1,-10,2,500,0.7,1,eq,1,6.5,5,5
5.327510845438027,-14.048893679109554,1.6648435882347152,-27.488657376993988,1.22583125,-14.527497528293319,3.048575268564611,-14.962001378054035,0.2,1,-10,2,500,0.7,0.5,eff,0.5,6.5,5,5
5.327510845438027,-11.073186114760825,1.6648435882347152,-24.512949812645264,1.22583125,-11.512130823551972,3.048575268564611,-14.719505758871044,0.2,1,-10,2,500,0.7,0.5,eff,1,6.5,5,5
3.7378786914194815,-18.035901907714646,1.6648435882347152,-27.709188161883162,1.22583125,-14.75096746669836,3.048575268564611,-14.979972817811937,0.2,1,-10,2,500,0.7,0.5,eff,0.5,35,0,5
5.327510845438027,-11.073186114760825,1.7398467296524174,-24.969935069793394,1.22583125,-10.410404844744455,3.048575268564611,-14.630905018211294,0.2,1,-10,2,500,0.7,1,eq,1,35,5,5
5.327510845438027,-14.048893679109554,1.7398467296524174,-27.945642634142125,1.22583125,-13.430547215321079,3.048575268564611,-14.873784696169622,0.2,1,-10,2,500,0.7,1,eq,0.5,6.5,5,5
3.7378786914194815,-14.936640119945,1.7398467296524174,-24.887783522337305,1.22583125,-10.327026567866477,3.048575268564611,-14.624199741918975,0.2,1,-10,2,500,0.7,1,eq,0.5,6.5,0,5
3.7378786914194815,-18.035901907714646,1.7398467296524174,-27.987045310106954,1.22583125,-13.472568137477248,3.048575268564611,-14.877164016343425,0.2,1,-10,2,500,0.7,1,eq,0.5,35,0,5
3.7378786914194815,-14.294863446949414,1.7398467296524174,-24.24600684934172,1.22583125,-9.67566655324769,3.048575268564611,-14.571817406527575,0.2,1,-10,2,500,0.7,1,eq,1,35,0,5
5.327510845438027,-14.048893679109554,1.7398467296524174,-26.709879336495256,1.22583125,-13.859909475759595,3.048575268564611,-14.908313984774878,0.2,1,-10,2,500,0.7,1,eff,0.5,6.5,5,5
5.327510845438027,-16.43988535183849,1.7398467296524174,-29.1008710092242,1.22583125,-16.28246874701804,3.048575268564611,-15.103136063816747,0.2,1,-10,2,500,0.7,1,eff,0.5,35,5,5
5.327510845438027,-11.073186114760825,1.6648435882347152,-25.825172705597662,1.22583125,-11.110897523934572,3.048575268564611,-14.687238599697894,0.2,1,-10,2,500,0.8,0.5,eq,1,6.5,5,5
5.327510845438027,-11.073186114760825,1.7398467296524174,-23.734171772146524,1.22583125,-10.844914471506437,3.048575268564611,-14.6658482577241,0.2,1,-10,2,500,0.7,1,eff,1,35,5,5
5.327510845438027,-11.073186114760825,1.6648435882347152,-25.825172705597662,1.22583125,-11.110897523934572,3.048575268564611,-14.687238599697894,0.2,1,-10,2,500,0.8,0.5,eq,1,35,5,5
3.7378786914194815,-14.294863446949414,1.7398467296524174,-23.249872475156643,1.22583125,-10.354221105533405,3.048575268564611,-14.626386725094198,0.2,1,-10,2,500,0.7,1,eff,1,35,0,5
5.327510845438027,-16.43988535183849,1.7398467296524174,-30.336634306871055,1.22583125,-15.857242413790614,3.048575268564611,-15.068939386242764,0.2,1,-10,2,500,0.7,1,eq,0.5,35,5,5
5.327510845438027,-11.073186114760825,1.7398467296524174,-23.734171772146524,1.22583125,-10.844914471506437,3.048575268564611,-14.6658482577241,0.2,1,-10,2,500,0.7,1,eff,1,6.5,5,5
3.7378786914194815,-14.936640119945,1.7398467296524174,-23.891649148152226,1.22583125,-11.004470977574767,3.048575268564611,-14.678679782882508,0.2,1,-10,2,500,0.7,1,eff,0.5,6.5,0,5
3.7378786914194815,-12.85779587538116,1.7398467296524174,-21.812804903588386,1.22583125,-8.898180330222187,3.048575268564611,-14.509292008617503,0.2,1,-10,2,500,0.7,1,eff,1,6.5,0,5
3.7378786914194815,-12.85779587538116,1.6648435882347152,-23.607524244155858,1.22583125,-8.859752631897358,3.048575268564611,-14.506201655300144,0.2,1,-10,2,500,0.8,0.5,eq,1,6.5,0,5
3.7378786914194815,-18.035901907714646,1.7398467296524174,-26.990910935921875,1.22583125,-14.144651457306168,3.048575268564611,-14.931212918763205,0.2,1,-10,2,500,0.7,1,eff,0.5,35,0,5
3.7378786914194815,-14.294863446949414,1.6648435882347152,-25.04459181572411,1.22583125,-10.318526364270506,3.048575268564611,-14.623516156028415,0.2,1,-10,2,500,0.8,0.5,eq,1,35,0,5
5.327510845438027,-16.43988535183849,1.6648435882347152,-31.19187194267533,1.22583125,-16.55865797139641,3.048575268564611,-15.125347185559246,0.2,1,-10,2,500,0.8,0.5,eq,0.5,35,5,5
3.7378786914194815,-14.936640119945,1.6648435882347152,-25.686368488719694,1.22583125,-10.969996741298994,3.048575268564611,-14.675907366758612,0.2,1,-10,2,500,0.8,0.5,eq,0.5,6.5,0,5
5.327510845438027,-14.048893679109554,1.6648435882347152,-28.800880269946397,1.22583125,-14.131551608688794,3.048575268564611,-14.930159429681122,0.2,1,-10,2,500,0.8,0.5,eq,0.5,6.5,5,5
3.7378786914194815,-14.936640119945,1.6648435882347152,-24.60992637411352,1.22583125,-11.610399853105758,3.048575268564611,-14.727408548648068,0.2,1,-10,2,500,0.8,0.5,eff,0.5,6.5,0,5
5.327510845438027,-14.048893679109554,1.6648435882347152,-27.488657376993988,1.22583125,-14.527497528293319,3.048575268564611,-14.962001378054035,0.2,1,-10,2,500,0.8,0.5,eff,0.5,6.5,5,5
3.7378786914194815,-12.85779587538116,1.6648435882347152,-22.531082129549677,1.22583125,-9.503849533906203,3.048575268564611,-14.557999891587903,0.2,1,-10,2,500,0.8,0.5,eff,1,6.5,0,5
5.327510845438027,-11.073186114760825,1.6648435882347152,-24.512949812645264,1.22583125,-11.512130823551972,3.048575268564611,-14.719505758871044,0.2,1,-10,2,500,0.8,0.5,eff,1,6.5,5,5
3.7378786914194815,-18.035901907714646,1.6648435882347152,-28.785630276489343,1.22583125,-14.116071272001452,3.048575268564611,-14.928914501883717,0.2,1,-10,2,500,0.8,0.5,eq,0.5,35,0,5
5.327510845438027,-16.43988535183849,1.6648435882347152,-29.87964904972292,1.22583125,-16.950355462234842,3.048575268564611,-15.156847475531809,0.2,1,-10,2,500,0.8,0.5,eff,0.5,35,5,5
3.7378786914194815,-14.294863446949414,1.6648435882347152,-23.968149701117934,1.22583125,-10.960069815698786,3.048575268564611,-14.675109043965517,0.2,1,-10,2,500,0.8,0.5,eff,1,35,0,5
5.327510845438027,-11.073186114760825,1.6648435882347152,-24.512949812645264,1.22583125,-11.512130823551972,3.048575268564611,-14.719505758871044,0.2,1,-10,2,500,0.8,0.5,eff,1,35,5,5
5.327510845438027,-11.073186114760825,1.7398467296524174,-24.969935069793394,1.22583125,-10.410404844744455,3.048575268564611,-14.630905018211294,0.2,1,-10,2,500,0.8,1,eq,1,35,5,5
3.7378786914194815,-18.035901907714646,1.6648435882347152,-27.709188161883162,1.22583125,-14.75096746669836,3.048575268564611,-14.979972817811937,0.2,1,-10,2,500,0.8,0.5,eff,0.5,35,0,5
3.7378786914194815,-12.85779587538116,1.7398467296524174,-22.808939277773465,1.22583125,-8.217139944576827,3.048575268564611,-14.454522779473344,0.2,1,-10,2,500,0.8,1,eq,1,6.5,0,5
5.327510845438027,-14.048893679109554,1.7398467296524174,-27.945642634142125,1.22583125,-13.430547215321079,3.048575268564611,-14.873784696169622,0.2,1,-10,2,500,0.8,1,eq,0.5,6.5,5,5
5.327510845438027,-11.073186114760825,1.7398467296524174,-24.969935069793394,1.22583125,-10.410404844744455,3.048575268564611,-14.630905018211294,0.2,1,-10,2,500,0.8,1,eq,1,6.5,5,5
3.7378786914194815,-14.294863446949414,1.7398467296524174,-24.24600684934172,1.22583125,-9.67566655324769,3.048575268564611,-14.571817406527575,0.2,1,-10,2,500,0.8,1,eq,1,35,0,5
3.7378786914194815,-14.936640119945,1.7398467296524174,-24.887783522337305,1.22583125,-10.327026567866477,3.048575268564611,-14.624199741918975,0.2,1,-10,2,500,0.8,1,eq,0.5,6.5,0,5
5.327510845438027,-16.43988535183849,1.7398467296524174,-30.336634306871055,1.22583125,-15.857242413790614,3.048575268564611,-15.068939386242764,0.2,1,-10,2,500,0.8,1,eq,0.5,35,5,5
3.7378786914194815,-18.035901907714646,1.7398467296524174,-27.987045310106954,1.22583125,-13.472568137477248,3.048575268564611,-14.877164016343425,0.2,1,-10,2,500,0.8,1,eq,0.5,35,0,5
5.327510845438027,-11.073186114760825,1.7398467296524174,-23.734171772146524,1.22583125,-10.844914471506437,3.048575268564611,-14.6658482577241,0.2,1,-10,2,500,0.8,1,eff,1,6.5,5,5
3.7378786914194815,-14.936640119945,1.7398467296524174,-23.891649148152226,1.22583125,-11.004470977574767,3.048575268564611,-14.678679782882508,0.2,1,-10,2,500,0.8,1,eff,0.5,6.5,0,5
3.7378786914194815,-12.85779587538116,1.7398467296524174,-21.812804903588386,1.22583125,-8.898180330222187,3.048575268564611,-14.509292008617503,0.2,1,-10,2,500,0.8,1,eff,1,6.5,0,5
5.327510845438027,-11.073186114760825,1.7398467296524174,-23.734171772146524,1.22583125,-10.844914471506437,3.048575268564611,-14.6658482577241,0.2,1,-10,2,500,0.8,1,eff,1,35,5,5
3.7378786914194815,-14.294863446949414,1.7398467296524174,-23.249872475156643,1.22583125,-10.354221105533405,3.048575268564611,-14.626386725094198,0.2,1,-10,2,500,0.8,1,eff,1,35,0,5
5.327510845438027,-14.048893679109554,1.7398467296524174,-26.709879336495256,1.22583125,-13.859909475759595,3.048575268564611,-14.908313984774878,0.2,1,-10,2,500,0.8,1,eff,0.5,6.5,5,5
3.7378786914194815,-18.035901907714646,1.7398467296524174,-26.990910935921875,1.22583125,-14.144651457306168,3.048575268564611,-14.931212918763205,0.2,1,-10,2,500,0.8,1,eff,0.5,35,0,5
5.327510845438027,-11.073186114760825,1.6648435882347152,-25.825172705597662,4.086104166666667,-11.111202409466976,3.6206298518979443,-14.12225039907511,0.2,1,-10,10,400,0.7,0.5,eq,1,6.5,5,5
3.7378786914194815,-14.936640119945,1.6648435882347152,-25.686368488719694,4.086104166666667,-10.97030162682925,3.6206298518979443,-14.090447353827473,0.2,1,-10,10,400,0.7,0.5,eq,0.5,6.5,0,5
5.327510845438027,-14.048893679109554,1.6648435882347152,-28.800880269946397,4.086104166666667,-14.131856494260807,3.6206298518979443,-14.804049298538068,0.2,1,-10,10,400,0.7,0.5,eq,0.5,6.5,5,5
5.327510845438027,-11.073186114760825,1.6648435882347152,-25.825172705597662,4.086104166666667,-11.111202409466976,3.6206298518979443,-14.12225039907511,0.2,1,-10,10,400,0.7,0.5,eq,1,35,5,5
5.327510845438027,-16.43988535183849,1.7398467296524174,-29.1008710092242,1.22583125,-16.28246874701804,3.048575268564611,-15.103136063816747,0.2,1,-10,2,500,0.8,1,eff,0.5,35,5,5
3.7378786914194815,-12.85779587538116,1.6648435882347152,-23.607524244155858,4.086104166666667,-8.8600575174594,3.6206298518979443,-13.614139219569665,0.2,1,-10,10,400,0.7,0.5,eq,1,6.5,0,5
3.7378786914194815,-14.294863446949414,1.6648435882347152,-25.04459181572411,4.086104166666667,-10.318831249839386,3.6206298518979443,-13.943402451102482,0.2,1,-10,10,400,0.7,0.5,eq,1,35,0,5
3.7378786914194815,-14.294863446949414,1.6648435882347152,-23.968149701117934,4.086104166666667,-10.960338364496591,3.6206298518979443,-14.088198522580253,0.2,1,-10,10,400,0.7,0.5,eff,1,35,0,5
5.327510845438027,-16.43988535183849,1.6648435882347152,-31.19187194267533,4.086104166666667,-16.55896285698042,3.6206298518979443,-15.351877153211069,0.2,1,-10,10,400,0.7,0.5,eq,0.5,35,5,5
3.7378786914194815,-18.035901907714646,1.6648435882347152,-28.785630276489343,4.086104166666667,-14.11637615753989,3.6206298518979443,-14.800555195524922,0.2,1,-10,10,400,0.7,0.5,eq,0.5,35,0,5
3.7378786914194815,-12.85779587538116,1.6648435882347152,-22.531082129549677,4.086104166666667,-9.50411808273269,3.6206298518979443,-13.759511636358912,0.2,1,-10,10,400,0.7,0.5,eff,1,6.5,0,5
5.327510845438027,-11.073186114760825,1.6648435882347152,-24.512949812645264,4.086104166666667,-11.512399372348652,3.6206298518979443,-14.212805504056348,0.2,1,-10,10,400,0.7,0.5,eff,1,6.5,5,5
5.327510845438027,-11.073186114760825,1.6648435882347152,-24.512949812645264,4.086104166666667,-11.512399372348652,3.6206298518979443,-14.212805504056348,0.2,1,-10,10,400,0.7,0.5,eff,1,35,5,5
5.327510845438027,-11.073186114760825,1.7398467296524174,-24.969935069793394,4.086104166666667,-10.410693216643969,3.6206298518979443,-13.964136830515672,0.2,1,-10,10,400,0.7,1,eq,1,6.5,5,5
5.327510845438027,-14.048893679109554,1.6648435882347152,-27.488657376993988,4.086104166666667,-14.527766077115603,3.6206298518979443,-14.893410976605125,0.2,1,-10,10,400,0.7,0.5,eff,0.5,6.5,5,5
3.7378786914194815,-14.294863446949414,1.7398467296524174,-24.24600684934172,4.086104166666667,-9.67595492514741,3.6206298518979443,-13.798297332024978,0.2,1,-10,10,400,0.7,1,eq,1,35,0,5
3.7378786914194815,-14.936640119945,1.6648435882347152,-24.60992637411352,4.086104166666667,-11.610668401887745,3.6206298518979443,-14.234986036586905,0.2,1,-10,10,400,0.7,0.5,eff,0.5,6.5,0,5
3.7378786914194815,-18.035901907714646,1.6648435882347152,-27.709188161883162,4.086104166666667,-14.751236015490631,3.6206298518979443,-14.943850899141854,0.2,1,-10,10,400,0.7,0.5,eff,0.5,35,0,5
5.327510845438027,-11.073186114760825,1.7398467296524174,-24.969935069793394,4.086104166666667,-10.410693216643969,3.6206298518979443,-13.964136830515672,0.2,1,-10,10,400,0.7,1,eq,1,35,5,5
5.327510845438027,-16.43988535183849,1.6648435882347152,-29.87964904972292,4.086104166666667,-16.95062401102435,3.6206298518979443,-15.440279908473187,0.2,1,-10,10,400,0.7,0.5,eff,0.5,35,5,5
5.327510845438027,-14.048893679109554,1.7398467296524174,-27.945642634142125,4.086104166666667,-13.430835587219203,3.6206298518979443,-14.64582022976546,0.2,1,-10,10,400,0.7,1,eq,0.5,6.5,5,5
3.7378786914194815,-12.85779587538116,1.7398467296524174,-22.808939277773465,4.086104166666667,-8.217428316472835,3.6206298518979443,-13.469089879361906,0.2,1,-10,10,400,0.7,1,eq,1,6.5,0,5
3.7378786914194815,-14.936640119945,1.7398467296524174,-24.887783522337305,4.086104166666667,-10.327314939761985,3.6206298518979443,-13.945317324600248,0.2,1,-10,10,400,0.7,1,eq,0.5,6.5,0,5
3.7378786914194815,-18.035901907714646,1.7398467296524174,-27.987045310106954,4.086104166666667,-13.47285650937539,3.6206298518979443,-14.655304870401565,0.2,1,-10,10,400,0.7,1,eq,0.5,35,0,5
5.327510845438027,-11.073186114760825,1.7398467296524174,-23.734171772146524,4.086104166666667,-10.845169003656203,3.6206298518979443,-14.062203376738026,0.2,1,-10,10,400,0.7,1,eff,1,6.5,5,5
3.7378786914194815,-12.85779587538116,1.7398467296524174,-21.812804903588386,4.086104166666667,-8.89843486232433,3.6206298518979443,-13.622801459852285,0.2,1,-10,10,400,0.7,1,eff,1,6.5,0,5
5.327510845438027,-11.073186114760825,1.6648435882347152,-25.825172705597662,4.086104166666667,-11.111202409466976,3.6206298518979443,-14.12225039907511,0.2,1,-10,10,400,0.8,0.5,eq,1,6.5,5,5
5.327510845438027,-14.048893679109554,1.6648435882347152,-28.800880269946397,4.086104166666667,-14.131856494260807,3.6206298518979443,-14.804049298538068,0.2,1,-10,10,400,0.8,0.5,eq,0.5,6.5,5,5
5.327510845438027,-11.073186114760825,1.7398467296524174,-23.734171772146524,4.086104166666667,-10.845169003656203,3.6206298518979443,-14.062203376738026,0.2,1,-10,10,400,0.7,1,eff,1,35,5,5
5.327510845438027,-16.43988535183849,1.7398467296524174,-30.336634306871055,4.086104166666667,-15.857530785688057,3.6206298518979443,-15.193555279593651,0.2,1,-10,10,400,0.7,1,eq,0.5,35,5,5
3.7378786914194815,-14.294863446949414,1.7398467296524174,-23.249872475156643,4.086104166666667,-10.354475637646983,3.6206298518979443,-13.951447829254725,0.2,1,-10,10,400,0.7,1,eff,1,35,0,5
5.327510845438027,-16.43988535183849,1.7398467296524174,-29.1008710092242,4.086104166666667,-16.282723279117697,3.6206298518979443,-15.289526471905734,0.2,1,-10,10,400,0.7,1,eff,0.5,35,5,5
3.7378786914194815,-18.035901907714646,1.7398467296524174,-26.990910935921875,4.086104166666667,-14.144905989406272,3.6206298518979443,-14.806994730613088,0.2,1,-10,10,400,0.7,1,eff,0.5,35,0,5
5.327510845438027,-14.048893679109554,1.7398467296524174,-26.709879336495256,4.086104166666667,-13.860164007857486,3.6206298518979443,-14.742724951882668,0.2,1,-10,10,400,0.7,1,eff,0.5,6.5,5,5
3.7378786914194815,-14.936640119945,1.7398467296524174,-23.891649148152226,4.086104166666667,-11.004725509672959,3.6206298518979443,-14.098217248949329,0.2,1,-10,10,400,0.7,1,eff,0.5,6.5,0,5
5.327510845438027,-11.073186114760825,1.6648435882347152,-25.825172705597662,4.086104166666667,-11.111202409466976,3.6206298518979443,-14.12225039907511,0.2,1,-10,10,400,0.8,0.5,eq,1,35,5,5
3.7378786914194815,-12.85779587538116,1.6648435882347152,-23.607524244155858,4.086104166666667,-8.8600575174594,3.6206298518979443,-13.614139219569665,0.2,1,-10,10,400,0.8,0.5,eq,1,6.5,0,5
5.327510845438027,-14.048893679109554,1.6648435882347152,-27.488657376993988,4.086104166666667,-14.527766077115603,3.6206298518979443,-14.893410976605125,0.2,1,-10,10,400,0.8,0.5,eff,0.5,6.5,5,5
3.7378786914194815,-18.035901907714646,1.6648435882347152,-28.785630276489343,4.086104166666667,-14.11637615753989,3.6206298518979443,-14.800555195524922,0.2,1,-10,10,400,0.8,0.5,eq,0.5,35,0,5
3.7378786914194815,-14.936640119945,1.6648435882347152,-25.686368488719694,4.086104166666667,-10.97030162682925,3.6206298518979443,-14.090447353827473,0.2,1,-10,10,400,0.8,0.5,eq,0.5,6.5,0,5
5.327510845438027,-11.073186114760825,1.6648435882347152,-24.512949812645264,4.086104166666667,-11.512399372348652,3.6206298518979443,-14.212805504056348,0.2,1,-10,10,400,0.8,0.5,eff,1,6.5,5,5
3.7378786914194815,-14.294863446949414,1.6648435882347152,-23.968149701117934,4.086104166666667,-10.960338364496591,3.6206298518979443,-14.088198522580253,0.2,1,-10,10,400,0.8,0.5,eff,1,35,0,5
3.7378786914194815,-14.294863446949414,1.6648435882347152,-25.04459181572411,4.086104166666667,-10.318831249839386,3.6206298518979443,-13.943402451102482,0.2,1,-10,10,400,0.8,0.5,eq,1,35,0,5
5.327510845438027,-11.073186114760825,1.6648435882347152,-24.512949812645264,4.086104166666667,-11.512399372348652,3.6206298518979443,-14.212805504056348,0.2,1,-10,10,400,0.8,0.5,eff,1,35,5,5
5.327510845438027,-16.43988535183849,1.6648435882347152,-31.19187194267533,4.086104166666667,-16.55896285698042,3.6206298518979443,-15.351877153211069,0.2,1,-10,10,400,0.8,0.5,eq,0.5,35,5,5
3.7378786914194815,-14.936640119945,1.6648435882347152,-24.60992637411352,4.086104166666667,-11.610668401887745,3.6206298518979443,-14.234986036586905,0.2,1,-10,10,400,0.8,0.5,eff,0.5,6.5,0,5
3.7378786914194815,-12.85779587538116,1.6648435882347152,-22.531082129549677,4.086104166666667,-9.50411808273269,3.6206298518979443,-13.759511636358912,0.2,1,-10,10,400,0.8,0.5,eff,1,6.5,0,5
5.327510845438027,-11.073186114760825,1.7398467296524174,-24.969935069793394,4.086104166666667,-10.410693216643969,3.6206298518979443,-13.964136830515672,0.2,1,-10,10,400,0.8,1,eq,1,6.5,5,5
5.327510845438027,-16.43988535183849,1.6648435882347152,-29.87964904972292,4.086104166666667,-16.95062401102435,3.6206298518979443,-15.440279908473187,0.2,1,-10,10,400,0.8,0.5,eff,0.5,35,5,5
3.7378786914194815,-18.035901907714646,1.6648435882347152,-27.709188161883162,4.086104166666667,-14.751236015490631,3.6206298518979443,-14.943850899141854,0.2,1,-10,10,400,0.8,0.5,eff,0.5,35,0,5
3.7378786914194815,-14.294863446949414,1.7398467296524174,-24.24600684934172,4.086104166666667,-9.67595492514741,3.6206298518979443,-13.798297332024978,0.2,1,-10,10,400,0.8,1,eq,1,35,0,5
5.327510845438027,-11.073186114760825,1.7398467296524174,-24.969935069793394,4.086104166666667,-10.410693216643969,3.6206298518979443,-13.964136830515672,0.2,1,-10,10,400,0.8,1,eq,1,35,5,5
3.7378786914194815,-12.85779587538116,1.7398467296524174,-22.808939277773465,4.086104166666667,-8.217428316472835,3.6206298518979443,-13.469089879361906,0.2,1,-10,10,400,0.8,1,eq,1,6.5,0,5
3.7378786914194815,-18.035901907714646,1.7398467296524174,-27.987045310106954,4.086104166666667,-13.47285650937539,3.6206298518979443,-14.655304870401565,0.2,1,-10,10,400,0.8,1,eq,0.5,35,0,5
3.7378786914194815,-14.936640119945,1.7398467296524174,-24.887783522337305,4.086104166666667,-10.327314939761985,3.6206298518979443,-13.945317324600248,0.2,1,-10,10,400,0.8,1,eq,0.5,6.5,0,5
5.327510845438027,-14.048893679109554,1.7398467296524174,-27.945642634142125,4.086104166666667,-13.430835587219203,3.6206298518979443,-14.64582022976546,0.2,1,-10,10,400,0.8,1,eq,0.5,6.5,5,5
5.327510845438027,-16.43988535183849,1.7398467296524174,-30.336634306871055,4.086104166666667,-15.857530785688057,3.6206298518979443,-15.193555279593651,0.2,1,-10,10,400,0.8,1,eq,0.5,35,5,5
5.327510845438027,-11.073186114760825,1.7398467296524174,-23.734171772146524,4.086104166666667,-10.845169003656203,3.6206298518979443,-14.062203376738026,0.2,1,-10,10,400,0.8,1,eff,1,35,5,5
3.7378786914194815,-14.294863446949414,1.7398467296524174,-23.249872475156643,4.086104166666667,-10.354475637646983,3.6206298518979443,-13.951447829254725,0.2,1,-10,10,400,0.8,1,eff,1,35,0,5
3.7378786914194815,-12.85779587538116,1.7398467296524174,-21.812804903588386,4.086104166666667,-8.89843486232433,3.6206298518979443,-13.622801459852285,0.2,1,-10,10,400,0.8,1,eff,1,6.5,0,5
3.7378786914194815,-14.936640119945,1.7398467296524174,-23.891649148152226,4.086104166666667,-11.004725509672959,3.6206298518979443,-14.098217248949329,0.2,1,-10,10,400,0.8,1,eff,0.5,6.5,0,5
5.327510845438027,-14.048893679109554,1.7398467296524174,-26.709879336495256,4.086104166666667,-13.860164007857486,3.6206298518979443,-14.742724951882668,0.2,1,-10,10,400,0.8,1,eff,0.5,6.5,5,5
5.327510845438027,-11.073186114760825,1.7398467296524174,-23.734171772146524,4.086104166666667,-10.845169003656203,3.6206298518979443,-14.062203376738026,0.2,1,-10,10,400,0.8,1,eff,1,6.5,5,5
5.327510845438027,-16.43988535183849,1.7398467296524174,-29.1008710092242,4.086104166666667,-16.282723279117697,3.6206298518979443,-15.289526471905734,0.2,1,-10,10,400,0.8,1,eff,0.5,35,5,5
3.7378786914194815,-18.035901907714646,1.7398467296524174,-26.990910935921875,4.086104166666667,-14.144905989406272,3.6206298518979443,-14.806994730613088,0.2,1,-10,10,400,0.8,1,eff,0.5,35,0,5
5.327510845438027,-11.073186114760825,1.6648435882347152,-25.825172705597662,6.129156249999999,-11.111420184880679,4.029240268564611,-13.81696242026531,0.2,1,-10,10,500,0.7,0.5,eq,1,35,5,5
3.7378786914194815,-14.294863446949414,1.6648435882347152,-25.04459181572411,6.129156249999999,-10.319049025263814,4.029240268564611,-13.575896297543633,0.2,1,-10,10,500,0.7,0.5,eq,1,35,0,5
3.7378786914194815,-12.85779587538116,1.6648435882347152,-23.607524244155858,6.129156249999999,-8.860275292848595,4.029240268564611,-13.13208795932541,0.2,1,-10,10,500,0.7,0.5,eq,1,6.5,0,5
3.7378786914194815,-14.936640119945,1.6648435882347152,-25.686368488719694,6.129156249999999,-10.97051940224266,4.029240268564611,-13.774095633726224,0.2,1,-10,10,500,0.7,0.5,eq,0.5,6.5,0,5
3.7378786914194815,-18.035901907714646,1.6648435882347152,-28.785630276489343,6.129156249999999,-14.116593932976748,4.029240268564611,-14.731237977579692,0.2,1,-10,10,500,0.7,0.5,eq,0.5,35,0,5
5.327510845438027,-16.43988535183849,1.6648435882347152,-31.19187194267533,6.129156249999999,-16.559180632379572,4.029240268564611,-15.474355515226357,0.2,1,-10,10,500,0.7,0.5,eq,0.5,35,5,5
3.7378786914194815,-12.85779587538116,1.6648435882347152,-22.531082129549677,6.129156249999999,-9.504309903292464,4.029240268564611,-13.328025083681695,0.2,1,-10,10,500,0.7,0.5,eff,1,6.5,0,5
5.327510845438027,-11.073186114760825,1.6648435882347152,-24.512949812645264,6.129156249999999,-11.5125911929393,4.029240268564611,-13.939012217620173,0.2,1,-10,10,500,0.7,0.5,eff,1,6.5,5,5
5.327510845438027,-11.073186114760825,1.6648435882347152,-25.825172705597662,6.129156249999999,-11.111420184880679,4.029240268564611,-13.81696242026531,0.2,1,-10,10,500,0.7,0.5,eq,1,6.5,5,5
5.327510845438027,-11.073186114760825,1.6648435882347152,-24.512949812645264,6.129156249999999,-11.5125911929393,4.029240268564611,-13.939012217620173,0.2,1,-10,10,500,0.7,0.5,eff,1,35,5,5
5.327510845438027,-14.048893679109554,1.6648435882347152,-28.800880269946397,6.129156249999999,-14.13207426967302,4.029240268564611,-14.735947619898827,0.2,1,-10,10,500,0.7,0.5,eq,0.5,6.5,5,5
3.7378786914194815,-14.294863446949414,1.6648435882347152,-23.968149701117934,6.129156249999999,-10.96053018508586,4.029240268564611,-13.77105657580524,0.2,1,-10,10,500,0.7,0.5,eff,1,35,0,5
3.7378786914194815,-14.936640119945,1.6648435882347152,-24.60992637411352,6.129156249999999,-11.610860222482252,4.029240268564611,-13.968908982094796,0.2,1,-10,10,500,0.7,0.5,eff,0.5,6.5,0,5
3.7378786914194815,-18.035901907714646,1.6648435882347152,-27.709188161883162,6.129156249999999,-14.751427836087343,4.029240268564611,-14.924375935388756,0.2,1,-10,10,500,0.7,0.5,eff,0.5,35,0,5
5.327510845438027,-11.073186114760825,1.7398467296524174,-24.969935069793394,6.129156249999999,-10.410899196587405,4.029240268564611,-13.603840228116448,0.2,1,-10,10,500,0.7,1,eq,1,35,5,5
5.327510845438027,-16.43988535183849,1.6648435882347152,-29.87964904972292,6.129156249999999,-16.950815831557883,4.029240268564611,-15.593504196802499,0.2,1,-10,10,500,0.7,0.5,eff,0.5,35,5,5
5.327510845438027,-11.073186114760825,1.7398467296524174,-24.969935069793394,6.129156249999999,-10.410899196587405,4.029240268564611,-13.603840228116448,0.2,1,-10,10,500,0.7,1,eq,1,6.5,5,5
3.7378786914194815,-14.294863446949414,1.7398467296524174,-24.24600684934172,6.129156249999999,-9.676160905087816,4.029240268564611,-13.380307974326877,0.2,1,-10,10,500,0.7,1,eq,1,35,0,5
3.7378786914194815,-12.85779587538116,1.7398467296524174,-22.808939277773465,6.129156249999999,-8.21763429641232,4.029240268564611,-12.936574819513712,0.2,1,-10,10,500,0.7,1,eq,1,6.5,0,5
5.327510845438027,-14.048893679109554,1.6648435882347152,-27.488657376993988,6.129156249999999,-14.527957897673,4.029240268564611,-14.85638881730078,0.2,1,-10,10,500,0.7,0.5,eff,0.5,6.5,5,5
5.327510845438027,-14.048893679109554,1.7398467296524174,-27.945642634142125,6.129156249999999,-13.431041567168377,4.029240268564611,-14.522669746969253,0.2,1,-10,10,500,0.7,1,eq,0.5,6.5,5,5
3.7378786914194815,-14.936640119945,1.7398467296524174,-24.887783522337305,6.129156249999999,-10.327520919676097,4.029240268564611,-13.578473734535468,0.2,1,-10,10,500,0.7,1,eq,0.5,6.5,0,5
5.327510845438027,-16.43988535183849,1.7398467296524174,-30.336634306871055,6.129156249999999,-15.857736765614757,4.029240268564611,-15.260952552213825,0.2,1,-10,10,500,0.7,1,eq,0.5,35,5,5
3.7378786914194815,-18.035901907714646,1.7398467296524174,-27.987045310106954,6.129156249999999,-13.4730624893112,4.029240268564611,-14.535453933585906,0.2,1,-10,10,500,0.7,1,eq,0.5,35,0,5
5.327510845438027,-11.073186114760825,1.7398467296524174,-23.734171772146524,6.129156249999999,-10.845350812269904,4.029240268564611,-13.736015112615574,0.2,1,-10,10,500,0.7,1,eff,1,35,5,5
5.327510845438027,-11.073186114760825,1.7398467296524174,-23.734171772146524,6.129156249999999,-10.845350812269904,4.029240268564611,-13.736015112615574,0.2,1,-10,10,500,0.7,1,eff,1,6.5,5,5
3.7378786914194815,-14.936640119945,1.7398467296524174,-23.891649148152226,6.129156249999999,-11.004907318323095,4.029240268564611,-13.784557601577262,0.2,1,-10,10,500,0.7,1,eff,0.5,6.5,0,5
5.327510845438027,-16.43988535183849,1.7398467296524174,-29.1008710092242,6.129156249999999,-16.282905087775244,4.029240268564611,-15.390303144651952,0.2,1,-10,10,500,0.7,1,eff,0.5,35,5,5
3.7378786914194815,-12.85779587538116,1.7398467296524174,-21.812804903588386,6.129156249999999,-8.8986166709882,4.029240268564611,-13.143752704130485,0.2,1,-10,10,500,0.7,1,eff,1,6.5,0,5
3.7378786914194815,-14.294863446949414,1.7398467296524174,-23.249872475156643,6.129156249999999,-10.354657446295876,4.029240268564611,-13.586729584306067,0.2,1,-10,10,500,0.7,1,eff,1,35,0,5
5.327510845438027,-14.048893679109554,1.7398467296524174,-26.709879336495256,6.129156249999999,-13.860345816515325,4.029240268564611,-14.653278628428357,0.2,1,-10,10,500,0.7,1,eff,0.5,6.5,5,5
3.7378786914194815,-18.035901907714646,1.7398467296524174,-26.990910935921875,6.129156249999999,-14.14508779803723,4.029240268564611,-14.739906775639966,0.2,1,-10,10,500,0.7,1,eff,0.5,35,0,5
5.327510845438027,-11.073186114760825,1.6648435882347152,-25.825172705597662,6.129156249999999,-11.111420184880679,4.029240268564611,-13.81696242026531,0.2,1,-10,10,500,0.8,0.5,eq,1,6.5,5,5
3.7378786914194815,-12.85779587538116,1.6648435882347152,-23.607524244155858,6.129156249999999,-8.860275292848595,4.029240268564611,-13.13208795932541,0.2,1,-10,10,500,0.8,0.5,eq,1,6.5,0,5
5.327510845438027,-11.073186114760825,1.6648435882347152,-25.825172705597662,6.129156249999999,-11.111420184880679,4.029240268564611,-13.81696242026531,0.2,1,-10,10,500,0.8,0.5,eq,1,35,5,5
3.7378786914194815,-14.294863446949414,1.6648435882347152,-25.04459181572411,6.129156249999999,-10.319049025263814,4.029240268564611,-13.575896297543633,0.2,1,-10,10,500,0.8,0.5,eq,1,35,0,5
3.7378786914194815,-14.936640119945,1.6648435882347152,-25.686368488719694,6.129156249999999,-10.97051940224266,4.029240268564611,-13.774095633726224,0.2,1,-10,10,500,0.8,0.5,eq,0.5,6.5,0,5
3.7378786914194815,-18.035901907714646,1.6648435882347152,-28.785630276489343,6.129156249999999,-14.116593932976748,4.029240268564611,-14.731237977579692,0.2,1,-10,10,500,0.8,0.5,eq,0.5,35,0,5
5.327510845438027,-14.048893679109554,1.6648435882347152,-28.800880269946397,6.129156249999999,-14.13207426967302,4.029240268564611,-14.735947619898827,0.2,1,-10,10,500,0.8,0.5,eq,0.5,6.5,5,5
5.327510845438027,-16.43988535183849,1.6648435882347152,-31.19187194267533,6.129156249999999,-16.559180632379572,4.029240268564611,-15.474355515226357,0.2,1,-10,10,500,0.8,0.5,eq,0.5,35,5,5
3.7378786914194815,-12.85779587538116,1.6648435882347152,-22.531082129549677,6.129156249999999,-9.504309903292464,4.029240268564611,-13.328025083681695,0.2,1,-10,10,500,0.8,0.5,eff,1,6.5,0,5
5.327510845438027,-11.073186114760825,1.6648435882347152,-24.512949812645264,6.129156249999999,-11.5125911929393,4.029240268564611,-13.939012217620173,0.2,1,-10,10,500,0.8,0.5,eff,1,6.5,5,5
5.327510845438027,-14.048893679109554,1.6648435882347152,-27.488657376993988,6.129156249999999,-14.527957897673,4.029240268564611,-14.85638881730078,0.2,1,-10,10,500,0.8,0.5,eff,0.5,6.5,5,5
3.7378786914194815,-14.294863446949414,1.6648435882347152,-23.968149701117934,6.129156249999999,-10.96053018508586,4.029240268564611,-13.77105657580524,0.2,1,-10,10,500,0.8,0.5,eff,1,35,0,5
5.327510845438027,-11.073186114760825,1.6648435882347152,-24.512949812645264,6.129156249999999,-11.5125911929393,4.029240268564611,-13.939012217620173,0.2,1,-10,10,500,0.8,0.5,eff,1,35,5,5
3.7378786914194815,-14.936640119945,1.6648435882347152,-24.60992637411352,6.129156249999999,-11.610860222482252,4.029240268564611,-13.968908982094796,0.2,1,-10,10,500,0.8,0.5,eff,0.5,6.5,0,5
5.327510845438027,-16.43988535183849,1.6648435882347152,-29.87964904972292,6.129156249999999,-16.950815831557883,4.029240268564611,-15.593504196802499,0.2,1,-10,10,500,0.8,0.5,eff,0.5,35,5,5
3.7378786914194815,-18.035901907714646,1.6648435882347152,-27.709188161883162,6.129156249999999,-14.751427836087343,4.029240268564611,-14.924375935388756,0.2,1,-10,10,500,0.8,0.5,eff,0.5,35,0,5
5.327510845438027,-11.073186114760825,1.7398467296524174,-24.969935069793394,6.129156249999999,-10.410899196587405,4.029240268564611,-13.603840228116448,0.2,1,-10,10,500,0.8,1,eq,1,35,5,5
3.7378786914194815,-14.294863446949414,1.7398467296524174,-24.24600684934172,6.129156249999999,-9.676160905087816,4.029240268564611,-13.380307974326877,0.2,1,-10,10,500,0.8,1,eq,1,35,0,5
3.7378786914194815,-12.85779587538116,1.7398467296524174,-22.808939277773465,6.129156249999999,-8.21763429641232,4.029240268564611,-12.936574819513712,0.2,1,-10,10,500,0.8,1,eq,1,6.5,0,5
5.327510845438027,-14.048893679109554,1.7398467296524174,-27.945642634142125,6.129156249999999,-13.431041567168377,4.029240268564611,-14.522669746969253,0.2,1,-10,10,500,0.8,1,eq,0.5,6.5,5,5
5.327510845438027,-16.43988535183849,1.7398467296524174,-30.336634306871055,6.129156249999999,-15.857736765614757,4.029240268564611,-15.260952552213825,0.2,1,-10,10,500,0.8,1,eq,0.5,35,5,5
5.327510845438027,-11.073186114760825,1.7398467296524174,-23.734171772146524,6.129156249999999,-10.845350812269904,4.029240268564611,-13.736015112615574,0.2,1,-10,10,500,0.8,1,eff,1,6.5,5,5
5.327510845438027,-11.073186114760825,1.7398467296524174,-24.969935069793394,6.129156249999999,-10.410899196587405,4.029240268564611,-13.603840228116448,0.2,1,-10,10,500,0.8,1,eq,1,6.5,5,5
3.7378786914194815,-14.936640119945,1.7398467296524174,-24.887783522337305,6.129156249999999,-10.327520919676097,4.029240268564611,-13.578473734535468,0.2,1,-10,10,500,0.8,1,eq,0.5,6.5,0,5
3.7378786914194815,-18.035901907714646,1.7398467296524174,-27.987045310106954,6.129156249999999,-13.4730624893112,4.029240268564611,-14.535453933585906,0.2,1,-10,10,500,0.8,1,eq,0.5,35,0,5
3.7378786914194815,-12.85779587538116,1.7398467296524174,-21.812804903588386,6.129156249999999,-8.8986166709882,4.029240268564611,-13.143752704130485,0.2,1,-10,10,500,0.8,1,eff,1,6.5,0,5
5.327510845438027,-11.073186114760825,1.7398467296524174,-23.734171772146524,6.129156249999999,-10.845350812269904,4.029240268564611,-13.736015112615574,0.2,1,-10,10,500,0.8,1,eff,1,35,5,5
3.7378786914194815,-14.936640119945,1.7398467296524174,-23.891649148152226,6.129156249999999,-11.004907318323095,4.029240268564611,-13.784557601577262,0.2,1,-10,10,500,0.8,1,eff,0.5,6.5,0,5
3.7378786914194815,-14.294863446949414,1.7398467296524174,-23.249872475156643,6.129156249999999,-10.354657446295876,4.029240268564611,-13.586729584306067,0.2,1,-10,10,500,0.8,1,eff,1,35,0,5
5.327510845438027,-14.048893679109554,1.7398467296524174,-26.709879336495256,6.129156249999999,-13.860345816515325,4.029240268564611,-14.653278628428357,0.2,1,-10,10,500,0.8,1,eff,0.5,6.5,5,5
3.7378786914194815,-18.035901907714646,1.7398467296524174,-26.990910935921875,6.129156249999999,-14.14508779803723,4.029240268564611,-14.739906775639966,0.2,1,-10,10,500,0.8,1,eff,0.5,35,0,5
5.327510845438027,-16.43988535183849,1.7398467296524174,-29.1008710092242,6.129156249999999,-16.282905087775244,4.029240268564611,-15.390303144651952,0.2,1,-10,10,500,0.8,1,eff,0.5,35,5,5
3.7378786914194815,-14.936640119945,0.664380693404857,-37.76687846118287,2.4516625,-22.54213566934151,3.293741518564611,-16.122782166494652,0.2,3,-20,2,400,0.7,0.5,eff,0.5,6.5,0,5
3.7378786914194815,-14.294863446949414,0.664380693404857,-37.12510178818729,2.4516625,-21.890204459769983,3.293741518564611,-16.025730513225646,0.2,3,-20,2,400,0.7,0.5,eff,1,35,0,5
3.7378786914194815,-12.85779587538116,0.664380693404857,-38.8099090634354,2.4516625,-20.986100236704296,3.293741518564611,-15.891138384044435,0.2,3,-20,2,400,0.7,0.5,eq,1,6.5,0,5
5.327510845438027,-14.048893679109554,0.664380693404857,-44.00326508922595,2.4516625,-26.2757606068816,3.293741518564611,-16.678599202946344,0.2,3,-20,2,400,0.7,0.5,eq,0.5,6.5,5,5
3.7378786914194815,-14.294863446949414,0.664380693404857,-40.246976635003655,2.4516625,-22.449816443436983,3.293741518564611,-16.109038793925667,0.2,3,-20,2,400,0.7,0.5,eq,1,35,0,5
5.327510845438027,-11.073186114760825,0.664380693404857,-41.02755752487721,2.4516625,-23.24487223730532,3.293741518564611,-16.227397108580675,0.2,3,-20,2,400,0.7,0.5,eq,1,6.5,5,5
5.327510845438027,-11.073186114760825,0.664380693404857,-41.02755752487721,2.4516625,-23.24487223730532,3.293741518564611,-16.227397108580675,0.2,3,-20,2,400,0.7,0.5,eq,1,35,5,5
5.327510845438027,-16.43988535183849,0.664380693404857,-43.03660113679226,2.4516625,-27.8952387405175,3.293741518564611,-16.919687569317944,0.2,3,-20,2,400,0.7,0.5,eff,0.5,35,5,5
5.327510845438027,-11.073186114760825,0.664380693404857,-37.66990189971462,2.4516625,-22.443624692576872,3.293741518564611,-16.108117040757875,0.2,3,-20,2,400,0.7,0.5,eff,1,6.5,5,5
3.7378786914194815,-12.85779587538116,0.664380693404857,-35.68803421661903,2.4516625,-20.430398829463837,3.293741518564611,-15.808412262783955,0.2,3,-20,2,400,0.7,0.5,eff,1,6.5,0,5
5.327510845438027,-16.43988535183849,0.664380693404857,-46.39425676195488,2.4516625,-28.71109025363601,3.293741518564611,-17.04114169976556,0.2,3,-20,2,400,0.7,0.5,eq,0.5,35,5,5
5.327510845438027,-11.073186114760825,0.664380693404857,-37.66990189971462,2.4516625,-22.443624692576872,3.293741518564611,-16.108117040757875,0.2,3,-20,2,400,0.7,0.5,eff,1,35,5,5
3.7378786914194815,-14.936640119945,0.664380693404857,-40.888753307999245,2.4516625,-23.10349406863993,3.293741518564611,-16.206350432484196,0.2,3,-20,2,400,0.7,0.5,eq,0.5,6.5,0,5
5.327510845438027,-14.048893679109554,0.664380693404857,-40.645609464063334,2.4516625,-25.466415507320274,3.293741518564611,-16.558113668852737,0.2,3,-20,2,400,0.7,0.5,eff,0.5,6.5,5,5
3.7378786914194815,-18.035901907714646,0.664380693404857,-43.988015095768894,2.4516625,-26.260227820994523,3.293741518564611,-16.676286869178547,0.2,3,-20,2,400,0.7,0.5,eq,0.5,35,0,5
3.7378786914194815,-18.035901907714646,0.664380693404857,-40.866140248952505,2.4516625,-25.69043564932014,3.293741518564611,-16.591463084906778,0.2,3,-20,2,400,0.7,0.5,eff,0.5,35,0,5
5.327510845438027,-11.073186114760825,0.6968241909147566,-39.699339980638186,2.4516625,-22.057146636159967,3.293741518564611,-16.05058285037586,0.2,3,-20,2,400,0.7,1,eq,1,6.5,5,5
3.7378786914194815,-12.85779587538116,0.6968241909147566,-37.538344188618254,2.4516625,-19.856449471539495,3.293741518564611,-15.72296960677766,0.2,3,-20,2,400,0.7,1,eq,1,6.5,0,5
5.327510845438027,-11.073186114760825,0.6968241909147566,-36.492398708477886,2.4516625,-21.367526038118797,3.293741518564611,-15.947920455654518,0.2,3,-20,2,400,0.7,1,eff,1,35,5,5
3.7378786914194815,-14.294863446949414,0.6968241909147566,-38.97541176018651,2.4516625,-21.319918554581836,3.293741518564611,-15.940833227865102,0.2,3,-20,2,400,0.7,1,eq,1,35,0,5
5.327510845438027,-11.073186114760825,0.6968241909147566,-39.699339980638186,2.4516625,-22.057146636159967,3.293741518564611,-16.05058285037586,0.2,3,-20,2,400,0.7,1,eq,1,35,5,5
3.7378786914194815,-12.85779587538116,0.6968241909147566,-34.57103183991974,2.4516625,-19.415997658513266,3.293741518564611,-15.657400454677006,0.2,3,-20,2,400,0.7,1,eff,1,6.5,0,5
5.327510845438027,-14.048893679109554,0.6968241909147566,-39.4681062728266,2.4516625,-24.38994609543146,3.293741518564611,-16.397861889856145,0.2,3,-20,2,400,0.7,1,eff,0.5,6.5,5,5
3.7378786914194815,-14.936640119945,0.6968241909147566,-39.6171884331821,2.4516625,-21.973485817392795,3.293741518564611,-16.038128437002143,0.2,3,-20,2,400,0.7,1,eq,0.5,6.5,0,5
5.327510845438027,-11.073186114760825,0.6968241909147566,-36.492398708477886,2.4516625,-21.367526038118797,3.293741518564611,-15.947920455654518,0.2,3,-20,2,400,0.7,1,eff,1,6.5,5,5
5.327510845438027,-14.048893679109554,0.6968241909147566,-42.67504754498692,2.4516625,-25.08752329135014,3.293741518564611,-16.501708766877176,0.2,3,-20,2,400,0.7,1,eq,0.5,6.5,5,5
3.7378786914194815,-14.936640119945,0.6968241909147566,-36.64987608448359,2.4516625,-21.527475485272902,3.293741518564611,-15.97173179963962,0.2,3,-20,2,400,0.7,1,eff,0.5,6.5,0,5
3.7378786914194815,-14.294863446949414,0.6968241909147566,-36.008099411488,2.4516625,-20.875624237390568,3.293741518564611,-15.87469205010228,0.2,3,-20,2,400,0.7,1,eff,1,35,0,5
5.327510845438027,-16.43988535183849,0.6968241909147566,-45.066039217715854,2.4516625,-27.52244177392219,3.293741518564611,-16.864190054533324,0.2,3,-20,2,400,0.7,1,eq,0.5,35,5,5
3.7378786914194815,-18.035901907714646,0.6968241909147566,-42.71645022095176,2.4516625,-25.129686608806157,3.293741518564611,-16.507985532901447,0.2,3,-20,2,400,0.7,1,eq,0.5,35,0,5
5.327510845438027,-16.43988535183849,0.6968241909147566,-41.85909794555555,2.4516625,-26.818471423262338,3.293741518564611,-16.759391441764528,0.2,3,-20,2,400,0.7,1,eff,0.5,35,5,5
3.7378786914194815,-18.035901907714646,0.6968241909147566,-39.74913787225322,2.4516625,-24.675389313411006,3.293741518564611,-16.440355232424373,0.2,3,-20,2,400,0.7,1,eff,0.5,35,0,5
5.327510845438027,-14.048893679109554,0.664380693404857,-44.00326508922595,2.4516625,-26.2757606068816,3.293741518564611,-16.678599202946344,0.2,3,-20,2,400,0.8,0.5,eq,0.5,6.5,5,5
5.327510845438027,-11.073186114760825,0.664380693404857,-41.02755752487721,2.4516625,-23.24487223730532,3.293741518564611,-16.227397108580675,0.2,3,-20,2,400,0.8,0.5,eq,1,6.5,5,5
3.7378786914194815,-12.85779587538116,0.664380693404857,-38.8099090634354,2.4516625,-20.986100236704296,3.293741518564611,-15.891138384044435,0.2,3,-20,2,400,0.8,0.5,eq,1,6.5,0,5
3.7378786914194815,-14.294863446949414,0.664380693404857,-37.12510178818729,2.4516625,-21.890204459769983,3.293741518564611,-16.025730513225646,0.2,3,-20,2,400,0.8,0.5,eff,1,35,0,5
5.327510845438027,-11.073186114760825,0.664380693404857,-41.02755752487721,2.4516625,-23.24487223730532,3.293741518564611,-16.227397108580675,0.2,3,-20,2,400,0.8,0.5,eq,1,35,5,5
3.7378786914194815,-14.294863446949414,0.664380693404857,-40.246976635003655,2.4516625,-22.449816443436983,3.293741518564611,-16.109038793925667,0.2,3,-20,2,400,0.8,0.5,eq,1,35,0,5
3.7378786914194815,-18.035901907714646,0.664380693404857,-43.988015095768894,2.4516625,-26.260227820994523,3.293741518564611,-16.676286869178547,0.2,3,-20,2,400,0.8,0.5,eq,0.5,35,0,5
3.7378786914194815,-12.85779587538116,0.664380693404857,-35.68803421661903,2.4516625,-20.430398829463837,3.293741518564611,-15.808412262783955,0.2,3,-20,2,400,0.8,0.5,eff,1,6.5,0,5
5.327510845438027,-16.43988535183849,0.664380693404857,-46.39425676195488,2.4516625,-28.71109025363601,3.293741518564611,-17.04114169976556,0.2,3,-20,2,400,0.8,0.5,eq,0.5,35,5,5
5.327510845438027,-11.073186114760825,0.664380693404857,-37.66990189971462,2.4516625,-22.443624692576872,3.293741518564611,-16.108117040757875,0.2,3,-20,2,400,0.8,0.5,eff,1,6.5,5,5
3.7378786914194815,-14.936640119945,0.664380693404857,-40.888753307999245,2.4516625,-23.10349406863993,3.293741518564611,-16.206350432484196,0.2,3,-20,2,400,0.8,0.5,eq,0.5,6.5,0,5
5.327510845438027,-11.073186114760825,0.664380693404857,-37.66990189971462,2.4516625,-22.443624692576872,3.293741518564611,-16.108117040757875,0.2,3,-20,2,400,0.8,0.5,eff,1,35,5,5
3.7378786914194815,-14.936640119945,0.664380693404857,-37.76687846118287,2.4516625,-22.54213566934151,3.293741518564611,-16.122782166494652,0.2,3,-20,2,400,0.8,0.5,eff,0.5,6.5,0,5
5.327510845438027,-16.43988535183849,0.664380693404857,-43.03660113679226,2.4516625,-27.8952387405175,3.293741518564611,-16.919687569317944,0.2,3,-20,2,400,0.8,0.5,eff,0.5,35,5,5
5.327510845438027,-14.048893679109554,0.664380693404857,-40.645609464063334,2.4516625,-25.466415507320274,3.293741518564611,-16.558113668852737,0.2,3,-20,2,400,0.8,0.5,eff,0.5,6.5,5,5
3.7378786914194815,-18.035901907714646,0.664380693404857,-40.866140248952505,2.4516625,-25.69043564932014,3.293741518564611,-16.591463084906778,0.2,3,-20,2,400,0.8,0.5,eff,0.5,35,0,5
5.327510845438027,-11.073186114760825,0.6968241909147566,-39.699339980638186,2.4516625,-22.057146636159967,3.293741518564611,-16.05058285037586,0.2,3,-20,2,400,0.8,1,eq,1,6.5,5,5
3.7378786914194815,-12.85779587538116,0.6968241909147566,-37.538344188618254,2.4516625,-19.856449471539495,3.293741518564611,-15.72296960677766,0.2,3,-20,2,400,0.8,1,eq,1,6.5,0,5
3.7378786914194815,-14.294863446949414,0.6968241909147566,-38.97541176018651,2.4516625,-21.319918554581836,3.293741518564611,-15.940833227865102,0.2,3,-20,2,400,0.8,1,eq,1,35,0,5
5.327510845438027,-11.073186114760825,0.6968241909147566,-39.699339980638186,2.4516625,-22.057146636159967,3.293741518564611,-16.05058285037586,0.2,3,-20,2,400,0.8,1,eq,1,35,5,5
5.327510845438027,-14.048893679109554,0.6968241909147566,-42.67504754498692,2.4516625,-25.08752329135014,3.293741518564611,-16.501708766877176,0.2,3,-20,2,400,0.8,1,eq,0.5,6.5,5,5
3.7378786914194815,-12.85779587538116,0.6968241909147566,-34.57103183991974,2.4516625,-19.415997658513266,3.293741518564611,-15.657400454677006,0.2,3,-20,2,400,0.8,1,eff,1,6.5,0,5
3.7378786914194815,-14.294863446949414,0.6968241909147566,-36.008099411488,2.4516625,-20.875624237390568,3.293741518564611,-15.87469205010228,0.2,3,-20,2,400,0.8,1,eff,1,35,0,5
3.7378786914194815,-18.035901907714646,0.6968241909147566,-42.71645022095176,2.4516625,-25.129686608806157,3.293741518564611,-16.507985532901447,0.2,3,-20,2,400,0.8,1,eq,0.5,35,0,5
3.7378786914194815,-14.936640119945,0.6968241909147566,-39.6171884331821,2.4516625,-21.973485817392795,3.293741518564611,-16.038128437002143,0.2,3,-20,2,400,0.8,1,eq,0.5,6.5,0,5
5.327510845438027,-11.073186114760825,0.6968241909147566,-36.492398708477886,2.4516625,-21.367526038118797,3.293741518564611,-15.947920455654518,0.2,3,-20,2,400,0.8,1,eff,1,6.5,5,5
5.327510845438027,-16.43988535183849,0.6968241909147566,-45.066039217715854,2.4516625,-27.52244177392219,3.293741518564611,-16.864190054533324,0.2,3,-20,2,400,0.8,1,eq,0.5,35,5,5
5.327510845438027,-11.073186114760825,0.6968241909147566,-36.492398708477886,2.4516625,-21.367526038118797,3.293741518564611,-15.947920455654518,0.2,3,-20,2,400,0.8,1,eff,1,35,5,5
5.327510845438027,-14.048893679109554,0.6968241909147566,-39.4681062728266,2.4516625,-24.38994609543146,3.293741518564611,-16.397861889856145,0.2,3,-20,2,400,0.8,1,eff,0.5,6.5,5,5
3.7378786914194815,-14.936640119945,0.6968241909147566,-36.64987608448359,2.4516625,-21.527475485272902,3.293741518564611,-15.97173179963962,0.2,3,-20,2,400,0.8,1,eff,0.5,6.5,0,5
3.7378786914194815,-18.035901907714646,0.6968241909147566,-39.74913787225322,2.4516625,-24.675389313411006,3.293741518564611,-16.440355232424373,0.2,3,-20,2,400,0.8,1,eff,0.5,35,0,5
5.327510845438027,-16.43988535183849,0.6968241909147566,-41.85909794555555,2.4516625,-26.818471423262338,3.293741518564611,-16.759391441764528,0.2,3,-20,2,400,0.8,1,eff,0.5,35,5,5
5.327510845438027,-11.073186114760825,0.664380693404857,-41.02755752487721,3.6774937499999996,-23.24500668601103,3.538907768564611,-16.713577326080586,0.2,3,-20,2,500,0.7,0.5,eq,1,6.5,5,5
3.7378786914194815,-12.85779587538116,0.664380693404857,-38.8099090634354,3.6774937499999996,-20.986234685230336,3.538907768564611,-16.2441319232175,0.2,3,-20,2,500,0.7,0.5,eq,1,6.5,0,5
3.7378786914194815,-14.294863446949414,0.664380693404857,-40.246976635003655,3.6774937499999996,-22.44995089198226,3.538907768564611,-16.548339184560557,0.2,3,-20,2,500,0.7,0.5,eq,1,35,0,5
5.327510845438027,-16.43988535183849,0.664380693404857,-46.39425676195488,3.6774937499999996,-28.71122470223125,3.538907768564611,-17.849633075786684,0.2,3,-20,2,500,0.7,0.5,eq,0.5,35,5,5
5.327510845438027,-11.073186114760825,0.664380693404857,-41.02755752487721,3.6774937499999996,-23.24500668601103,3.538907768564611,-16.713577326080586,0.2,3,-20,2,500,0.7,0.5,eq,1,35,5,5
5.327510845438027,-14.048893679109554,0.664380693404857,-44.00326508922595,3.6774937499999996,-26.275895055459458,3.538907768564611,-17.34349332076135,0.2,3,-20,2,500,0.7,0.5,eq,0.5,6.5,5,5
3.7378786914194815,-18.035901907714646,0.664380693404857,-43.988015095768894,3.6774937499999996,-26.260362269572127,3.538907768564611,-17.340265108739096,0.2,3,-20,2,500,0.7,0.5,eq,0.5,35,0,5
5.327510845438027,-11.073186114760825,0.664380693404857,-37.66990189971462,3.6774937499999996,-22.44373910466584,3.538907768564611,-16.54704817555297,0.2,3,-20,2,500,0.7,0.5,eff,1,35,5,5
3.7378786914194815,-14.936640119945,0.664380693404857,-40.888753307999245,3.6774937499999996,-23.10362851706003,3.538907768564611,-16.68419439966906,0.2,3,-20,2,500,0.7,0.5,eq,0.5,6.5,0,5
5.327510845438027,-11.073186114760825,0.664380693404857,-37.66990189971462,3.6774937499999996,-22.44373910466584,3.538907768564611,-16.54704817555297,0.2,3,-20,2,500,0.7,0.5,eff,1,6.5,5,5
3.7378786914194815,-12.85779587538116,0.664380693404857,-35.68803421661903,3.6774937499999996,-20.43051324196978,3.538907768564611,-16.128635150315596,0.2,3,-20,2,500,0.7,0.5,eff,1,6.5,0,5
3.7378786914194815,-14.294863446949414,0.664380693404857,-37.12510178818729,3.6774937499999996,-21.890318871868622,3.538907768564611,-16.432029668130287,0.2,3,-20,2,500,0.7,0.5,eff,1,35,0,5
5.327510845438027,-14.048893679109554,0.664380693404857,-40.645609464063334,3.6774937499999996,-25.466529919814583,3.538907768564611,-17.17528123825163,0.2,3,-20,2,500,0.7,0.5,eff,0.5,6.5,5,5
3.7378786914194815,-18.035901907714646,0.664380693404857,-40.866140248952505,3.6774937499999996,-25.690550061815536,3.538907768564611,-17.221839822196607,0.2,3,-20,2,500,0.7,0.5,eff,0.5,35,0,5
3.7378786914194815,-14.936640119945,0.664380693404857,-37.76687846118287,3.6774937499999996,-22.542250081660868,3.538907768564611,-16.56752192202493,0.2,3,-20,2,500,0.7,0.5,eff,0.5,6.5,0,5
5.327510845438027,-16.43988535183849,0.664380693404857,-43.03660113679226,3.6774937499999996,-27.895353152658217,3.538907768564611,-17.680068751392163,0.2,3,-20,2,500,0.7,0.5,eff,0.5,35,5,5
3.7378786914194815,-12.85779587538116,0.6968241909147566,-37.538344188618254,3.6774937499999996,-19.856576450089847,3.538907768564611,-16.009352642657127,0.2,3,-20,2,500,0.7,1,eq,1,6.5,0,5
5.327510845438027,-11.073186114760825,0.6968241909147566,-39.699339980638186,3.6774937499999996,-22.057273614920515,3.538907768564611,-16.4667282284916,0.2,3,-20,2,500,0.7,1,eq,1,6.5,5,5
5.327510845438027,-11.073186114760825,0.6968241909147566,-39.699339980638186,3.6774937499999996,-22.057273614920515,3.538907768564611,-16.4667282284916,0.2,3,-20,2,500,0.7,1,eq,1,35,5,5
3.7378786914194815,-14.936640119945,0.6968241909147566,-39.6171884331821,3.6774937499999996,-21.97361279585592,3.538907768564611,-16.449340822017653,0.2,3,-20,2,500,0.7,1,eq,0.5,6.5,0,5
3.7378786914194815,-12.85779587538116,0.6968241909147566,-34.57103183991974,3.6774937499999996,-19.416105871647545,3.538907768564611,-15.917808702819558,0.2,3,-20,2,500,0.7,1,eff,1,6.5,0,5
5.327510845438027,-14.048893679109554,0.6968241909147566,-42.67504754498692,3.6774937499999996,-25.087650269815548,3.538907768564611,-17.09653787244525,0.2,3,-20,2,500,0.7,1,eq,0.5,6.5,5,5
3.7378786914194815,-14.294863446949414,0.6968241909147566,-38.97541176018651,3.6774937499999996,-21.320045533095325,3.538907768564611,-16.313508543744916,0.2,3,-20,2,500,0.7,1,eq,1,35,0,5
5.327510845438027,-11.073186114760825,0.6968241909147566,-36.492398708477886,3.6774937499999996,-21.367634251217627,3.538907768564611,-16.32339900853863,0.2,3,-20,2,500,0.7,1,eff,1,6.5,5,5
5.327510845438027,-16.43988535183849,0.6968241909147566,-45.066039217715854,3.6774937499999996,-27.52256875262027,3.538907768564611,-17.602592174386423,0.2,3,-20,2,500,0.7,1,eq,0.5,35,5,5
3.7378786914194815,-18.035901907714646,0.6968241909147566,-42.71645022095176,3.6774937499999996,-25.12981358724207,3.538907768564611,-17.105300764640006,0.2,3,-20,2,500,0.7,1,eq,0.5,35,0,5
3.7378786914194815,-14.294863446949414,0.6968241909147566,-36.008099411488,3.6774937499999996,-20.875732450722435,3.538907768564611,-16.221166008119404,0.2,3,-20,2,500,0.7,1,eff,1,35,0,5
5.327510845438027,-11.073186114760825,0.6968241909147566,-36.492398708477886,3.6774937499999996,-21.367634251217627,3.538907768564611,-16.32339900853863,0.2,3,-20,2,500,0.7,1,eff,1,35,5,5
5.327510845438027,-14.048893679109554,0.6968241909147566,-39.4681062728266,3.6774937499999996,-24.390054308467125,3.538907768564611,-16.95155501583212,0.2,3,-20,2,500,0.7,1,eff,0.5,6.5,5,5
3.7378786914194815,-14.936640119945,0.6968241909147566,-36.64987608448359,3.6774937499999996,-21.52758369836794,3.538907768564611,-16.35664164331052,0.2,3,-20,2,500,0.7,1,eff,0.5,6.5,0,5
3.7378786914194815,-14.936640119945,0.664380693404857,-40.888753307999245,3.6774937499999996,-23.10362851706003,3.538907768564611,-16.68419439966906,0.2,3,-20,2,500,0.8,0.5,eq,0.5,6.5,0,5
5.327510845438027,-11.073186114760825,0.664380693404857,-37.66990189971462,3.6774937499999996,-22.44373910466584,3.538907768564611,-16.54704817555297,0.2,3,-20,2,500,0.8,0.5,eff,1,35,5,5
5.327510845438027,-16.43988535183849,0.6968241909147566,-41.85909794555555,3.6774937499999996,-26.81857963650555,3.538907768564611,-17.45628061478166,0.2,3,-20,2,500,0.7,1,eff,0.5,35,5,5
3.7378786914194815,-18.035901907714646,0.6968241909147566,-39.74913787225322,3.6774937499999996,-24.675497526622944,3.538907768564611,-17.01087928870937,0.2,3,-20,2,500,0.7,1,eff,0.5,35,0,5
5.327510845438027,-11.073186114760825,0.664380693404857,-41.02755752487721,3.6774937499999996,-23.24500668601103,3.538907768564611,-16.713577326080586,0.2,3,-20,2,500,0.8,0.5,eq,1,6.5,5,5
3.7378786914194815,-12.85779587538116,0.664380693404857,-38.8099090634354,3.6774937499999996,-20.986234685230336,3.538907768564611,-16.2441319232175,0.2,3,-20,2,500,0.8,0.5,eq,1,6.5,0,5
3.7378786914194815,-14.294863446949414,0.664380693404857,-40.246976635003655,3.6774937499999996,-22.44995089198226,3.538907768564611,-16.548339184560557,0.2,3,-20,2,500,0.8,0.5,eq,1,35,0,5
3.7378786914194815,-18.035901907714646,0.664380693404857,-43.988015095768894,3.6774937499999996,-26.260362269572127,3.538907768564611,-17.340265108739096,0.2,3,-20,2,500,0.8,0.5,eq,0.5,35,0,5
5.327510845438027,-11.073186114760825,0.664380693404857,-41.02755752487721,3.6774937499999996,-23.24500668601103,3.538907768564611,-16.713577326080586,0.2,3,-20,2,500,0.8,0.5,eq,1,35,5,5
3.7378786914194815,-12.85779587538116,0.664380693404857,-35.68803421661903,3.6774937499999996,-20.43051324196978,3.538907768564611,-16.128635150315596,0.2,3,-20,2,500,0.8,0.5,eff,1,6.5,0,5
5.327510845438027,-16.43988535183849,0.664380693404857,-46.39425676195488,3.6774937499999996,-28.71122470223125,3.538907768564611,-17.849633075786684,0.2,3,-20,2,500,0.8,0.5,eq,0.5,35,5,5
5.327510845438027,-14.048893679109554,0.664380693404857,-44.00326508922595,3.6774937499999996,-26.275895055459458,3.538907768564611,-17.34349332076135,0.2,3,-20,2,500,0.8,0.5,eq,0.5,6.5,5,5
3.7378786914194815,-14.294863446949414,0.664380693404857,-37.12510178818729,3.6774937499999996,-21.890318871868622,3.538907768564611,-16.432029668130287,0.2,3,-20,2,500,0.8,0.5,eff,1,35,0,5
5.327510845438027,-11.073186114760825,0.664380693404857,-37.66990189971462,3.6774937499999996,-22.44373910466584,3.538907768564611,-16.54704817555297,0.2,3,-20,2,500,0.8,0.5,eff,1,6.5,5,5
5.327510845438027,-14.048893679109554,0.664380693404857,-40.645609464063334,3.6774937499999996,-25.466529919814583,3.538907768564611,-17.17528123825163,0.2,3,-20,2,500,0.8,0.5,eff,0.5,6.5,5,5
3.7378786914194815,-14.936640119945,0.664380693404857,-37.76687846118287,3.6774937499999996,-22.542250081660868,3.538907768564611,-16.56752192202493,0.2,3,-20,2,500,0.8,0.5,eff,0.5,6.5,0,5
5.327510845438027,-16.43988535183849,0.664380693404857,-43.03660113679226,3.6774937499999996,-27.895353152658217,3.538907768564611,-17.680068751392163,0.2,3,-20,2,500,0.8,0.5,eff,0.5,35,5,5
5.327510845438027,-16.43988535183849,0.6968241909147566,-45.066039217715854,3.6774937499999996,-27.52256875262027,3.538907768564611,-17.602592174386423,0.2,3,-20,2,500,0.8,1,eq,0.5,35,5,5
5.327510845438027,-11.073186114760825,0.6968241909147566,-39.699339980638186,3.6774937499999996,-22.057273614920515,3.538907768564611,-16.4667282284916,0.2,3,-20,2,500,0.8,1,eq,1,35,5,5
5.327510845438027,-14.048893679109554,0.6968241909147566,-42.67504754498692,3.6774937499999996,-25.087650269815548,3.538907768564611,-17.09653787244525,0.2,3,-20,2,500,0.8,1,eq,0.5,6.5,5,5
3.7378786914194815,-18.035901907714646,0.664380693404857,-40.866140248952505,3.6774937499999996,-25.690550061815536,3.538907768564611,-17.221839822196607,0.2,3,-20,2,500,0.8,0.5,eff,0.5,35,0,5
3.7378786914194815,-14.936640119945,0.6968241909147566,-39.6171884331821,3.6774937499999996,-21.97361279585592,3.538907768564611,-16.449340822017653,0.2,3,-20,2,500,0.8,1,eq,0.5,6.5,0,5
3.7378786914194815,-18.035901907714646,0.6968241909147566,-42.71645022095176,3.6774937499999996,-25.12981358724207,3.538907768564611,-17.105300764640006,0.2,3,-20,2,500,0.8,1,eq,0.5,35,0,5
3.7378786914194815,-14.294863446949414,0.6968241909147566,-38.97541176018651,3.6774937499999996,-21.320045533095325,3.538907768564611,-16.313508543744916,0.2,3,-20,2,500,0.8,1,eq,1,35,0,5
3.7378786914194815,-12.85779587538116,0.6968241909147566,-37.538344188618254,3.6774937499999996,-19.856576450089847,3.538907768564611,-16.009352642657127,0.2,3,-20,2,500,0.8,1,eq,1,6.5,0,5
5.327510845438027,-11.073186114760825,0.6968241909147566,-39.699339980638186,3.6774937499999996,-22.057273614920515,3.538907768564611,-16.4667282284916,0.2,3,-20,2,500,0.8,1,eq,1,6.5,5,5
3.7378786914194815,-12.85779587538116,0.6968241909147566,-34.57103183991974,3.6774937499999996,-19.416105871647545,3.538907768564611,-15.917808702819558,0.2,3,-20,2,500,0.8,1,eff,1,6.5,0,5
5.327510845438027,-11.073186114760825,0.6968241909147566,-36.492398708477886,3.6774937499999996,-21.367634251217627,3.538907768564611,-16.32339900853863,0.2,3,-20,2,500,0.8,1,eff,1,35,5,5
5.327510845438027,-11.073186114760825,0.6968241909147566,-36.492398708477886,3.6774937499999996,-21.367634251217627,3.538907768564611,-16.32339900853863,0.2,3,-20,2,500,0.8,1,eff,1,6.5,5,5
3.7378786914194815,-14.294863446949414,0.6968241909147566,-36.008099411488,3.6774937499999996,-20.875732450722435,3.538907768564611,-16.221166008119404,0.2,3,-20,2,500,0.8,1,eff,1,35,0,5
5.327510845438027,-14.048893679109554,0.6968241909147566,-39.4681062728266,3.6774937499999996,-24.390054308467125,3.538907768564611,-16.95155501583212,0.2,3,-20,2,500,0.8,1,eff,0.5,6.5,5,5
3.7378786914194815,-12.85779587538116,0.664380693404857,-38.8099090634354,12.2583125,-20.987175825194964,5.255071518564611,-17.793213070399162,0.2,3,-20,10,400,0.7,0.5,eq,1,6.5,0,5
3.7378786914194815,-14.936640119945,0.6968241909147566,-36.64987608448359,3.6774937499999996,-21.52758369836794,3.538907768564611,-16.35664164331052,0.2,3,-20,2,500,0.8,1,eff,0.5,6.5,0,5
5.327510845438027,-16.43988535183849,0.6968241909147566,-41.85909794555555,3.6774937499999996,-26.81857963650555,3.538907768564611,-17.45628061478166,0.2,3,-20,2,500,0.8,1,eff,0.5,35,5,5
3.7378786914194815,-14.936640119945,0.664380693404857,-40.888753307999245,12.2583125,-23.104569657097677,5.255071518564611,-18.78104644946321,0.2,3,-20,10,400,0.7,0.5,eq,0.5,6.5,0,5
3.7378786914194815,-18.035901907714646,0.6968241909147566,-39.74913787225322,3.6774937499999996,-24.675497526622944,3.538907768564611,-17.01087928870937,0.2,3,-20,2,500,0.8,1,eff,0.5,35,0,5
5.327510845438027,-14.048893679109554,0.664380693404857,-44.00326508922595,12.2583125,-26.27683619533758,5.255071518564611,-20.261012399371282,0.2,3,-20,10,400,0.7,0.5,eq,0.5,6.5,5,5
3.7378786914194815,-14.294863446949414,0.664380693404857,-40.246976635003655,12.2583125,-22.45089203188517,5.255071518564611,-18.47608448744975,0.2,3,-20,10,400,0.7,0.5,eq,1,35,0,5
5.327510845438027,-11.073186114760825,0.664380693404857,-41.02755752487721,12.2583125,-23.245947825907862,5.255071518564611,-18.847003982784383,0.2,3,-20,10,400,0.7,0.5,eq,1,35,5,5
5.327510845438027,-11.073186114760825,0.664380693404857,-37.66990189971462,12.2583125,-22.444539990844376,5.255071518564611,-18.473121052839492,0.2,3,-20,10,400,0.7,0.5,eff,1,6.5,5,5
5.327510845438027,-11.073186114760825,0.664380693404857,-41.02755752487721,12.2583125,-23.245947825907862,5.255071518564611,-18.847003982784383,0.2,3,-20,10,400,0.7,0.5,eq,1,6.5,5,5
5.327510845438027,-16.43988535183849,0.664380693404857,-46.39425676195488,12.2583125,-28.712165842083092,5.255071518564611,-21.397173220203513,0.2,3,-20,10,400,0.7,0.5,eq,0.5,35,5,5
3.7378786914194815,-12.85779587538116,0.664380693404857,-35.68803421661903,12.2583125,-20.431314127915037,5.255071518564611,-17.533885433545173,0.2,3,-20,10,400,0.7,0.5,eff,1,6.5,0,5
3.7378786914194815,-18.035901907714646,0.664380693404857,-43.988015095768894,12.2583125,-26.261303409450395,5.255071518564611,-20.253765847436654,0.2,3,-20,10,400,0.7,0.5,eq,0.5,35,0,5
5.327510845438027,-11.073186114760825,0.664380693404857,-37.66990189971462,12.2583125,-22.444539990844376,5.255071518564611,-18.473121052839492,0.2,3,-20,10,400,0.7,0.5,eff,1,35,5,5
3.7378786914194815,-14.294863446949414,0.664380693404857,-37.12510178818729,12.2583125,-21.891119758039476,5.255071518564611,-18.214932438904043,0.2,3,-20,10,400,0.7,0.5,eff,1,35,0,5
5.327510845438027,-14.048893679109554,0.664380693404857,-40.645609464063334,12.2583125,-25.467330805719325,5.255071518564611,-19.883351695751173,0.2,3,-20,10,400,0.7,0.5,eff,0.5,6.5,5,5
3.7378786914194815,-14.936640119945,0.664380693404857,-37.76687846118287,12.2583125,-22.543050967880585,5.255071518564611,-18.519079641106885,0.2,3,-20,10,400,0.7,0.5,eff,0.5,6.5,0,5
3.7378786914194815,-14.294863446949414,0.6968241909147566,-38.97541176018651,12.2583125,-21.320934383125557,5.255071518564611,-17.948922338606344,0.2,3,-20,10,400,0.7,1,eq,1,35,0,5
5.327510845438027,-16.43988535183849,0.664380693404857,-43.03660113679226,12.2583125,-27.896154038898153,5.255071518564611,-21.01647706214782,0.2,3,-20,10,400,0.7,0.5,eff,0.5,35,5,5
3.7378786914194815,-18.035901907714646,0.6968241909147566,-42.71645022095176,12.2583125,-25.1307024373091,5.255071518564611,-19.726303567224047,0.2,3,-20,10,400,0.7,1,eq,0.5,35,0,5
5.327510845438027,-16.43988535183849,0.6968241909147566,-45.066039217715854,12.2583125,-27.523457602662557,5.255071518564611,-20.842602001955868,0.2,3,-20,10,400,0.7,1,eq,0.5,35,5,5
3.7378786914194815,-14.936640119945,0.6968241909147566,-39.6171884331821,12.2583125,-21.974501645918302,5.255071518564611,-18.253832812946456,0.2,3,-20,10,400,0.7,1,eq,0.5,6.5,0,5
5.327510845438027,-11.073186114760825,0.6968241909147566,-36.492398708477886,12.2583125,-21.368391742806143,5.255071518564611,-17.971062746908515,0.2,3,-20,10,400,0.7,1,eff,1,35,5,5
5.327510845438027,-11.073186114760825,0.6968241909147566,-39.699339980638186,12.2583125,-22.058162464727754,5.255071518564611,-18.292863317378117,0.2,3,-20,10,400,0.7,1,eq,1,35,5,5
3.7378786914194815,-18.035901907714646,0.664380693404857,-40.866140248952505,12.2583125,-25.691350947716842,5.255071518564611,-19.98786440874467,0.2,3,-20,10,400,0.7,0.5,eff,0.5,35,0,5
5.327510845438027,-11.073186114760825,0.6968241909147566,-36.492398708477886,12.2583125,-21.368391742806143,5.255071518564611,-17.971062746908515,0.2,3,-20,10,400,0.7,1,eff,1,6.5,5,5
5.327510845438027,-14.048893679109554,0.6968241909147566,-42.67504754498692,12.2583125,-25.088539119746045,5.255071518564611,-19.7066330024791,0.2,3,-20,10,400,0.7,1,eq,0.5,6.5,5,5
5.327510845438027,-11.073186114760825,0.6968241909147566,-39.699339980638186,12.2583125,-22.058162464727754,5.255071518564611,-18.292863317378117,0.2,3,-20,10,400,0.7,1,eq,1,6.5,5,5
3.7378786914194815,-12.85779587538116,0.6968241909147566,-34.57103183991974,12.2583125,-19.416863363403532,5.255071518564611,-17.060611018789306,0.2,3,-20,10,400,0.7,1,eff,1,6.5,0,5
3.7378786914194815,-12.85779587538116,0.6968241909147566,-37.538344188618254,12.2583125,-19.85746530010781,5.255071518564611,-17.266166212820288,0.2,3,-20,10,400,0.7,1,eq,1,6.5,0,5
3.7378786914194815,-14.294863446949414,0.6968241909147566,-36.008099411488,12.2583125,-20.876489942306726,5.255071518564611,-17.7415744909053,0.2,3,-20,10,400,0.7,1,eff,1,35,0,5
5.327510845438027,-14.048893679109554,0.6968241909147566,-39.4681062728266,12.2583125,-24.390811800077,5.255071518564611,-19.381120419288635,0.2,3,-20,10,400,0.7,1,eff,0.5,6.5,5,5
3.7378786914194815,-14.294863446949414,0.664380693404857,-40.246976635003655,12.2583125,-22.45089203188517,5.255071518564611,-18.47608448744975,0.2,3,-20,10,400,0.8,0.5,eq,1,35,0,5
3.7378786914194815,-14.936640119945,0.6968241909147566,-36.64987608448359,12.2583125,-21.528341189957597,5.255071518564611,-18.04568438813481,0.2,3,-20,10,400,0.7,1,eff,0.5,6.5,0,5
5.327510845438027,-16.43988535183849,0.6968241909147566,-41.85909794555555,12.2583125,-26.81933712825489,5.255071518564611,-20.51410680327226,0.2,3,-20,10,400,0.7,1,eff,0.5,35,5,5
3.7378786914194815,-18.035901907714646,0.6968241909147566,-39.74913787225322,12.2583125,-24.676255018053112,5.255071518564611,-19.514289003373598,0.2,3,-20,10,400,0.7,1,eff,0.5,35,0,5
5.327510845438027,-11.073186114760825,0.664380693404857,-41.02755752487721,12.2583125,-23.245947825907862,5.255071518564611,-18.847003982784383,0.2,3,-20,10,400,0.8,0.5,eq,1,6.5,5,5
3.7378786914194815,-18.035901907714646,0.664380693404857,-43.988015095768894,12.2583125,-26.261303409450395,5.255071518564611,-20.253765847436654,0.2,3,-20,10,400,0.8,0.5,eq,0.5,35,0,5
5.327510845438027,-14.048893679109554,0.664380693404857,-44.00326508922595,12.2583125,-26.27683619533758,5.255071518564611,-20.261012399371282,0.2,3,-20,10,400,0.8,0.5,eq,0.5,6.5,5,5
3.7378786914194815,-14.936640119945,0.664380693404857,-40.888753307999245,12.2583125,-23.104569657097677,5.255071518564611,-18.78104644946321,0.2,3,-20,10,400,0.8,0.5,eq,0.5,6.5,0,5
3.7378786914194815,-12.85779587538116,0.664380693404857,-35.68803421661903,12.2583125,-20.431314127915037,5.255071518564611,-17.533885433545173,0.2,3,-20,10,400,0.8,0.5,eff,1,6.5,0,5
5.327510845438027,-11.073186114760825,0.664380693404857,-37.66990189971462,12.2583125,-22.444539990844376,5.255071518564611,-18.473121052839492,0.2,3,-20,10,400,0.8,0.5,eff,1,6.5,5,5
5.327510845438027,-11.073186114760825,0.664380693404857,-41.02755752487721,12.2583125,-23.245947825907862,5.255071518564611,-18.847003982784383,0.2,3,-20,10,400,0.8,0.5,eq,1,35,5,5
5.327510845438027,-11.073186114760825,0.664380693404857,-37.66990189971462,12.2583125,-22.444539990844376,5.255071518564611,-18.473121052839492,0.2,3,-20,10,400,0.8,0.5,eff,1,35,5,5
3.7378786914194815,-12.85779587538116,0.664380693404857,-38.8099090634354,12.2583125,-20.987175825194964,5.255071518564611,-17.793213070399162,0.2,3,-20,10,400,0.8,0.5,eq,1,6.5,0,5
5.327510845438027,-16.43988535183849,0.664380693404857,-46.39425676195488,12.2583125,-28.712165842083092,5.255071518564611,-21.397173220203513,0.2,3,-20,10,400,0.8,0.5,eq,0.5,35,5,5
3.7378786914194815,-14.294863446949414,0.664380693404857,-37.12510178818729,12.2583125,-21.891119758039476,5.255071518564611,-18.214932438904043,0.2,3,-20,10,400,0.8,0.5,eff,1,35,0,5
5.327510845438027,-14.048893679109554,0.664380693404857,-40.645609464063334,12.2583125,-25.467330805719325,5.255071518564611,-19.883351695751173,0.2,3,-20,10,400,0.8,0.5,eff,0.5,6.5,5,5
3.7378786914194815,-14.936640119945,0.664380693404857,-37.76687846118287,12.2583125,-22.543050967880585,5.255071518564611,-18.519079641106885,0.2,3,-20,10,400,0.8,0.5,eff,0.5,6.5,0,5
5.327510845438027,-11.073186114760825,0.6968241909147566,-39.699339980638186,12.2583125,-22.058162464727754,5.255071518564611,-18.292863317378117,0.2,3,-20,10,400,0.8,1,eq,1,6.5,5,5
3.7378786914194815,-14.294863446949414,0.6968241909147566,-38.97541176018651,12.2583125,-21.320934383125557,5.255071518564611,-17.948922338606344,0.2,3,-20,10,400,0.8,1,eq,1,35,0,5
5.327510845438027,-16.43988535183849,0.664380693404857,-43.03660113679226,12.2583125,-27.896154038898153,5.255071518564611,-21.01647706214782,0.2,3,-20,10,400,0.8,0.5,eff,0.5,35,5,5
5.327510845438027,-11.073186114760825,0.6968241909147566,-39.699339980638186,12.2583125,-22.058162464727754,5.255071518564611,-18.292863317378117,0.2,3,-20,10,400,0.8,1,eq,1,35,5,5
5.327510845438027,-16.43988535183849,0.6968241909147566,-45.066039217715854,12.2583125,-27.523457602662557,5.255071518564611,-20.842602001955868,0.2,3,-20,10,400,0.8,1,eq,0.5,35,5,5
3.7378786914194815,-18.035901907714646,0.664380693404857,-40.866140248952505,12.2583125,-25.691350947716842,5.255071518564611,-19.98786440874467,0.2,3,-20,10,400,0.8,0.5,eff,0.5,35,0,5
3.7378786914194815,-12.85779587538116,0.6968241909147566,-34.57103183991974,12.2583125,-19.416863363403532,5.255071518564611,-17.060611018789306,0.2,3,-20,10,400,0.8,1,eff,1,6.5,0,5
3.7378786914194815,-18.035901907714646,0.6968241909147566,-42.71645022095176,12.2583125,-25.1307024373091,5.255071518564611,-19.726303567224047,0.2,3,-20,10,400,0.8,1,eq,0.5,35,0,5
5.327510845438027,-11.073186114760825,0.6968241909147566,-36.492398708477886,12.2583125,-21.368391742806143,5.255071518564611,-17.971062746908515,0.2,3,-20,10,400,0.8,1,eff,1,35,5,5
5.327510845438027,-11.073186114760825,0.6968241909147566,-36.492398708477886,12.2583125,-21.368391742806143,5.255071518564611,-17.971062746908515,0.2,3,-20,10,400,0.8,1,eff,1,6.5,5,5
5.327510845438027,-14.048893679109554,0.6968241909147566,-42.67504754498692,12.2583125,-25.088539119746045,5.255071518564611,-19.7066330024791,0.2,3,-20,10,400,0.8,1,eq,0.5,6.5,5,5
3.7378786914194815,-12.85779587538116,0.6968241909147566,-37.538344188618254,12.2583125,-19.85746530010781,5.255071518564611,-17.266166212820288,0.2,3,-20,10,400,0.8,1,eq,1,6.5,0,5
3.7378786914194815,-14.936640119945,0.6968241909147566,-39.6171884331821,12.2583125,-21.974501645918302,5.255071518564611,-18.253832812946456,0.2,3,-20,10,400,0.8,1,eq,0.5,6.5,0,5
5.327510845438027,-14.048893679109554,0.664380693404857,-44.00326508922595,18.38746875,-26.27750843814025,6.4809027685646114,-21.39925767718609,0.2,3,-20,10,500,0.7,0.5,eq,0.5,6.5,5,5
5.327510845438027,-14.048893679109554,0.6968241909147566,-39.4681062728266,12.2583125,-24.390811800077,5.255071518564611,-19.381120419288635,0.2,3,-20,10,400,0.8,1,eff,0.5,6.5,5,5
3.7378786914194815,-14.294863446949414,0.6968241909147566,-36.008099411488,12.2583125,-20.876489942306726,5.255071518564611,-17.7415744909053,0.2,3,-20,10,400,0.8,1,eff,1,35,0,5
5.327510845438027,-11.073186114760825,0.664380693404857,-41.02755752487721,18.38746875,-23.246620068691477,6.4809027685646114,-19.679424278410295,0.2,3,-20,10,500,0.7,0.5,eq,1,35,5,5
3.7378786914194815,-18.035901907714646,0.6968241909147566,-39.74913787225322,12.2583125,-24.676255018053112,5.255071518564611,-19.514289003373598,0.2,3,-20,10,400,0.8,1,eff,0.5,35,0,5
3.7378786914194815,-14.294863446949414,0.664380693404857,-40.246976635003655,18.38746875,-22.45156427481335,6.4809027685646114,-19.2282814643151,0.2,3,-20,10,500,0.7,0.5,eq,1,35,0,5
3.7378786914194815,-12.85779587538116,0.664380693404857,-38.8099090634354,18.38746875,-20.98784806795533,6.4809027685646114,-18.397717051498507,0.2,3,-20,10,500,0.7,0.5,eq,1,6.5,0,5
5.327510845438027,-11.073186114760825,0.664380693404857,-41.02755752487721,18.38746875,-23.246620068691477,6.4809027685646114,-19.679424278410295,0.2,3,-20,10,500,0.7,0.5,eq,1,6.5,5,5
3.7378786914194815,-14.936640119945,0.6968241909147566,-36.64987608448359,12.2583125,-21.528341189957597,5.255071518564611,-18.04568438813481,0.2,3,-20,10,400,0.8,1,eff,0.5,6.5,0,5
5.327510845438027,-16.43988535183849,0.6968241909147566,-41.85909794555555,12.2583125,-26.81933712825489,5.255071518564611,-20.51410680327226,0.2,3,-20,10,400,0.8,1,eff,0.5,35,5,5
3.7378786914194815,-14.936640119945,0.664380693404857,-40.888753307999245,18.38746875,-23.105241900028012,6.4809027685646114,-19.59920129864756,0.2,3,-20,10,500,0.7,0.5,eq,0.5,6.5,0,5
5.327510845438027,-11.073186114760825,0.664380693404857,-37.66990189971462,18.38746875,-22.445112052341685,6.4809027685646114,-19.22462024478111,0.2,3,-20,10,500,0.7,0.5,eff,1,6.5,5,5
5.327510845438027,-16.43988535183849,0.664380693404857,-46.39425676195488,18.38746875,-28.712838085033862,6.4809027685646114,-22.781149965260706,0.2,3,-20,10,500,0.7,0.5,eq,0.5,35,5,5
3.7378786914194815,-18.035901907714646,0.664380693404857,-43.988015095768894,18.38746875,-26.261975652285006,6.4809027685646114,-21.39044382440314,0.2,3,-20,10,500,0.7,0.5,eq,0.5,35,0,5
5.327510845438027,-11.073186114760825,0.664380693404857,-37.66990189971462,18.38746875,-22.445112052341685,6.4809027685646114,-19.22462024478111,0.2,3,-20,10,500,0.7,0.5,eff,1,35,5,5
5.327510845438027,-16.43988535183849,0.664380693404857,-43.03660113679226,18.38746875,-27.89672610034584,6.4809027685646114,-22.318059122801603,0.2,3,-20,10,500,0.7,0.5,eff,0.5,35,5,5
3.7378786914194815,-12.85779587538116,0.664380693404857,-35.68803421661903,18.38746875,-20.431886189639734,6.4809027685646114,-18.082244592528717,0.2,3,-20,10,500,0.7,0.5,eff,1,6.5,0,5
5.327510845438027,-14.048893679109554,0.664380693404857,-40.645609464063334,18.38746875,-25.4679028673918,6.4809027685646114,-20.939858804418733,0.2,3,-20,10,500,0.7,0.5,eff,0.5,6.5,5,5
3.7378786914194815,-14.294863446949414,0.664380693404857,-37.12510178818729,18.38746875,-21.89169181954298,6.4809027685646114,-18.910590005489226,0.2,3,-20,10,500,0.7,0.5,eff,1,35,0,5
3.7378786914194815,-14.936640119945,0.664380693404857,-37.76687846118287,18.38746875,-22.54362302937684,6.4809027685646114,-19.280518861886087,0.2,3,-20,10,500,0.7,0.5,eff,0.5,6.5,0,5
3.7378786914194815,-18.035901907714646,0.664380693404857,-40.866140248952505,18.38746875,-25.691923009393598,6.4809027685646114,-21.06697576659289,0.2,3,-20,10,500,0.7,0.5,eff,0.5,35,0,5
5.327510845438027,-11.073186114760825,0.6968241909147566,-39.699339980638186,18.38746875,-22.058797357529436,6.4809027685646114,-19.005411605732327,0.2,3,-20,10,500,0.7,1,eq,1,35,5,5
5.327510845438027,-11.073186114760825,0.6968241909147566,-39.699339980638186,18.38746875,-22.058797357529436,6.4809027685646114,-19.005411605732327,0.2,3,-20,10,500,0.7,1,eq,1,6.5,5,5
3.7378786914194815,-12.85779587538116,0.6968241909147566,-37.538344188618254,18.38746875,-19.85810019295582,6.4809027685646114,-17.756658097560994,0.2,3,-20,10,500,0.7,1,eq,1,6.5,0,5
3.7378786914194815,-18.035901907714646,0.6968241909147566,-42.71645022095176,18.38746875,-25.1313373301088,6.4809027685646114,-20.748879599202684,0.2,3,-20,10,500,0.7,1,eq,0.5,35,0,5
3.7378786914194815,-14.294863446949414,0.6968241909147566,-38.97541176018651,18.38746875,-21.32156927595939,6.4809027685646114,-18.58708228355077,0.2,3,-20,10,500,0.7,1,eq,1,35,0,5
5.327510845438027,-14.048893679109554,0.6968241909147566,-42.67504754498692,18.38746875,-25.08917401268003,6.4809027685646114,-20.72495463969315,0.2,3,-20,10,500,0.7,1,eq,0.5,6.5,5,5
3.7378786914194815,-14.936640119945,0.6968241909147566,-39.6171884331821,18.38746875,-21.975136538722595,6.4809027685646114,-18.95793949432012,0.2,3,-20,10,500,0.7,1,eq,0.5,6.5,0,5
5.327510845438027,-16.43988535183849,0.6968241909147566,-45.066039217715854,18.38746875,-27.524092495487025,6.4809027685646114,-22.106613618703697,0.2,3,-20,10,500,0.7,1,eq,0.5,35,5,5
5.327510845438027,-11.073186114760825,0.6968241909147566,-36.492398708477886,18.38746875,-21.368932808401382,6.4809027685646114,-18.613958029222832,0.2,3,-20,10,500,0.7,1,eff,1,6.5,5,5
3.7378786914194815,-12.85779587538116,0.6968241909147566,-34.57103183991974,18.38746875,-19.417404429002406,6.4809027685646114,-17.50659171399316,0.2,3,-20,10,500,0.7,1,eff,1,6.5,0,5
5.327510845438027,-11.073186114760825,0.6968241909147566,-36.492398708477886,18.38746875,-21.368932808401382,6.4809027685646114,-18.613958029222832,0.2,3,-20,10,500,0.7,1,eff,1,35,5,5
3.7378786914194815,-14.294863446949414,0.6968241909147566,-36.008099411488,18.38746875,-20.877031007900104,6.4809027685646114,-18.334835527072045,0.2,3,-20,10,500,0.7,1,eff,1,35,0,5
5.327510845438027,-14.048893679109554,0.6968241909147566,-39.4681062728266,18.38746875,-24.391352865682002,6.4809027685646114,-20.32898620777168,0.2,3,-20,10,500,0.7,1,eff,0.5,6.5,5,5
3.7378786914194815,-14.936640119945,0.6968241909147566,-36.64987608448359,18.38746875,-21.528882255553448,6.4809027685646114,-18.704719010095737,0.2,3,-20,10,500,0.7,1,eff,0.5,6.5,0,5
5.327510845438027,-16.43988535183849,0.6968241909147566,-41.85909794555555,18.38746875,-26.819878193500905,6.4809027685646114,-21.70701748423065,0.2,3,-20,10,500,0.7,1,eff,0.5,35,5,5
5.327510845438027,-11.073186114760825,0.664380693404857,-37.66990189971462,18.38746875,-22.445112052341685,6.4809027685646114,-19.22462024478111,0.2,3,-20,10,500,0.8,0.5,eff,1,6.5,5,5
3.7378786914194815,-18.035901907714646,0.6968241909147566,-39.74913787225322,18.38746875,-24.6767960836589,6.4809027685646114,-20.490956798532967,0.2,3,-20,10,500,0.7,1,eff,0.5,35,0,5
3.7378786914194815,-12.85779587538116,0.664380693404857,-38.8099090634354,18.38746875,-20.98784806795533,6.4809027685646114,-18.397717051498507,0.2,3,-20,10,500,0.8,0.5,eq,1,6.5,0,5
3.7378786914194815,-14.936640119945,0.664380693404857,-40.888753307999245,18.38746875,-23.105241900028012,6.4809027685646114,-19.59920129864756,0.2,3,-20,10,500,0.8,0.5,eq,0.5,6.5,0,5
5.327510845438027,-11.073186114760825,0.664380693404857,-41.02755752487721,18.38746875,-23.246620068691477,6.4809027685646114,-19.679424278410295,0.2,3,-20,10,500,0.8,0.5,eq,1,6.5,5,5
5.327510845438027,-11.073186114760825,0.664380693404857,-41.02755752487721,18.38746875,-23.246620068691477,6.4809027685646114,-19.679424278410295,0.2,3,-20,10,500,0.8,0.5,eq,1,35,5,5
5.327510845438027,-16.43988535183849,0.664380693404857,-46.39425676195488,18.38746875,-28.712838085033862,6.4809027685646114,-22.781149965260706,0.2,3,-20,10,500,0.8,0.5,eq,0.5,35,5,5
5.327510845438027,-14.048893679109554,0.664380693404857,-44.00326508922595,18.38746875,-26.27750843814025,6.4809027685646114,-21.39925767718609,0.2,3,-20,10,500,0.8,0.5,eq,0.5,6.5,5,5
3.7378786914194815,-12.85779587538116,0.664380693404857,-35.68803421661903,18.38746875,-20.431886189639734,6.4809027685646114,-18.082244592528717,0.2,3,-20,10,500,0.8,0.5,eff,1,6.5,0,5
3.7378786914194815,-14.294863446949414,0.664380693404857,-40.246976635003655,18.38746875,-22.45156427481335,6.4809027685646114,-19.2282814643151,0.2,3,-20,10,500,0.8,0.5,eq,1,35,0,5
3.7378786914194815,-18.035901907714646,0.664380693404857,-43.988015095768894,18.38746875,-26.261975652285006,6.4809027685646114,-21.39044382440314,0.2,3,-20,10,500,0.8,0.5,eq,0.5,35,0,5
3.7378786914194815,-14.294863446949414,0.664380693404857,-37.12510178818729,18.38746875,-21.89169181954298,6.4809027685646114,-18.910590005489226,0.2,3,-20,10,500,0.8,0.5,eff,1,35,0,5
5.327510845438027,-11.073186114760825,0.664380693404857,-37.66990189971462,18.38746875,-22.445112052341685,6.4809027685646114,-19.22462024478111,0.2,3,-20,10,500,0.8,0.5,eff,1,35,5,5
5.327510845438027,-14.048893679109554,0.664380693404857,-40.645609464063334,18.38746875,-25.4679028673918,6.4809027685646114,-20.939858804418733,0.2,3,-20,10,500,0.8,0.5,eff,0.5,6.5,5,5
5.327510845438027,-16.43988535183849,0.664380693404857,-43.03660113679226,18.38746875,-27.89672610034584,6.4809027685646114,-22.318059122801603,0.2,3,-20,10,500,0.8,0.5,eff,0.5,35,5,5
3.7378786914194815,-14.936640119945,0.664380693404857,-37.76687846118287,18.38746875,-22.54362302937684,6.4809027685646114,-19.280518861886087,0.2,3,-20,10,500,0.8,0.5,eff,0.5,6.5,0,5
3.7378786914194815,-18.035901907714646,0.664380693404857,-40.866140248952505,18.38746875,-25.691923009393598,6.4809027685646114,-21.06697576659289,0.2,3,-20,10,500,0.8,0.5,eff,0.5,35,0,5
5.327510845438027,-11.073186114760825,0.6968241909147566,-39.699339980638186,18.38746875,-22.058797357529436,6.4809027685646114,-19.005411605732327,0.2,3,-20,10,500,0.8,1,eq,1,35,5,5
3.7378786914194815,-14.294863446949414,0.6968241909147566,-38.97541176018651,18.38746875,-21.32156927595939,6.4809027685646114,-18.58708228355077,0.2,3,-20,10,500,0.8,1,eq,1,35,0,5
3.7378786914194815,-12.85779587538116,0.6968241909147566,-37.538344188618254,18.38746875,-19.85810019295582,6.4809027685646114,-17.756658097560994,0.2,3,-20,10,500,0.8,1,eq,1,6.5,0,5
5.327510845438027,-14.048893679109554,0.6968241909147566,-42.67504754498692,18.38746875,-25.08917401268003,6.4809027685646114,-20.72495463969315,0.2,3,-20,10,500,0.8,1,eq,0.5,6.5,5,5
5.327510845438027,-11.073186114760825,0.6968241909147566,-39.699339980638186,18.38746875,-22.058797357529436,6.4809027685646114,-19.005411605732327,0.2,3,-20,10,500,0.8,1,eq,1,6.5,5,5
3.7378786914194815,-14.936640119945,0.6968241909147566,-39.6171884331821,18.38746875,-21.975136538722595,6.4809027685646114,-18.95793949432012,0.2,3,-20,10,500,0.8,1,eq,0.5,6.5,0,5
5.327510845438027,-16.43988535183849,0.6968241909147566,-45.066039217715854,18.38746875,-27.524092495487025,6.4809027685646114,-22.106613618703697,0.2,3,-20,10,500,0.8,1,eq,0.5,35,5,5
3.7378786914194815,-18.035901907714646,0.6968241909147566,-42.71645022095176,18.38746875,-25.1313373301088,6.4809027685646114,-20.748879599202684,0.2,3,-20,10,500,0.8,1,eq,0.5,35,0,5
5.327510845438027,-11.073186114760825,0.6968241909147566,-36.492398708477886,18.38746875,-21.368932808401382,6.4809027685646114,-18.613958029222832,0.2,3,-20,10,500,0.8,1,eff,1,6.5,5,5
3.7378786914194815,-12.85779587538116,0.6968241909147566,-34.57103183991974,18.38746875,-19.417404429002406,6.4809027685646114,-17.50659171399316,0.2,3,-20,10,500,0.8,1,eff,1,6.5,0,5
3.7378786914194815,-14.294863446949414,0.6968241909147566,-36.008099411488,18.38746875,-20.877031007900104,6.4809027685646114,-18.334835527072045,0.2,3,-20,10,500,0.8,1,eff,1,35,0,5
5.327510845438027,-11.073186114760825,0.6968241909147566,-36.492398708477886,18.38746875,-21.368932808401382,6.4809027685646114,-18.613958029222832,0.2,3,-20,10,500,0.8,1,eff,1,35,5,5
5.327510845438027,-14.048893679109554,0.6968241909147566,-39.4681062728266,18.38746875,-24.391352865682002,6.4809027685646114,-20.32898620777168,0.2,3,-20,10,500,0.8,1,eff,0.5,6.5,5,5
3.7378786914194815,-14.936640119945,1.6648435882347152,-25.686368488719694,2.4516625,-10.969953186265322,3.293741518564611,-14.400055250796683,0.2,3,-10,2,400,0.7,0.5,eq,0.5,6.5,0,5
3.7378786914194815,-14.936640119945,0.6968241909147566,-36.64987608448359,18.38746875,-21.528882255553448,6.4809027685646114,-18.704719010095737,0.2,3,-20,10,500,0.8,1,eff,0.5,6.5,0,5
5.327510845438027,-16.43988535183849,0.6968241909147566,-41.85909794555555,18.38746875,-26.819878193500905,6.4809027685646114,-21.70701748423065,0.2,3,-20,10,500,0.8,1,eff,0.5,35,5,5
5.327510845438027,-11.073186114760825,1.6648435882347152,-25.825172705597662,2.4516625,-11.110853968896107,3.293741518564611,-14.421030859419925,0.2,3,-10,2,400,0.7,0.5,eq,1,6.5,5,5
3.7378786914194815,-18.035901907714646,0.6968241909147566,-39.74913787225322,18.38746875,-24.6767960836589,6.4809027685646114,-20.490956798532967,0.2,3,-20,10,500,0.8,1,eff,0.5,35,0,5
3.7378786914194815,-14.294863446949414,1.6648435882347152,-25.04459181572411,2.4516625,-10.318482809169373,3.293741518564611,-14.303072200707035,0.2,3,-10,2,400,0.7,0.5,eq,1,35,0,5
5.327510845438027,-11.073186114760825,1.6648435882347152,-25.825172705597662,2.4516625,-11.110853968896107,3.293741518564611,-14.421030859419925,0.2,3,-10,2,400,0.7,0.5,eq,1,35,5,5
3.7378786914194815,-12.85779587538116,1.6648435882347152,-23.607524244155858,2.4516625,-8.859709076821373,3.293741518564611,-14.085907566783963,0.2,3,-10,2,400,0.7,0.5,eq,1,6.5,0,5
5.327510845438027,-14.048893679109554,1.6648435882347152,-28.800880269946397,2.4516625,-14.13150805364552,3.293741518564611,-14.870709396931803,0.2,3,-10,2,400,0.7,0.5,eq,0.5,6.5,5,5
5.327510845438027,-16.43988535183849,1.6648435882347152,-31.19187194267533,2.4516625,-16.558614416268895,3.293741518564611,-15.232027710419205,0.2,3,-10,2,400,0.7,0.5,eq,0.5,35,5,5
3.7378786914194815,-12.85779587538116,1.6648435882347152,-22.531082129549677,2.4516625,-9.503811169860318,3.293741518564611,-14.181793715637658,0.2,3,-10,2,400,0.7,0.5,eff,1,6.5,0,5
5.327510845438027,-11.073186114760825,1.6648435882347152,-24.512949812645264,2.4516625,-11.512092459394717,3.293741518564611,-14.48076240515106,0.2,3,-10,2,400,0.7,0.5,eff,1,35,5,5
5.327510845438027,-11.073186114760825,1.6648435882347152,-24.512949812645264,2.4516625,-11.512092459394717,3.293741518564611,-14.48076240515106,0.2,3,-10,2,400,0.7,0.5,eff,1,6.5,5,5
3.7378786914194815,-14.294863446949414,1.6648435882347152,-23.968149701117934,2.4516625,-10.960031451603207,3.293741518564611,-14.3985782226409,0.2,3,-10,2,400,0.7,0.5,eff,1,35,0,5
3.7378786914194815,-18.035901907714646,1.6648435882347152,-28.785630276489343,2.4516625,-14.116027717009715,3.293741518564611,-14.8684048711758,0.2,3,-10,2,400,0.7,0.5,eq,0.5,35,0,5
5.327510845438027,-14.048893679109554,1.6648435882347152,-27.488657376993988,2.4516625,-14.527459164135593,3.293741518564611,-14.929653821316723,0.2,3,-10,2,400,0.7,0.5,eff,0.5,6.5,5,5
5.327510845438027,-16.43988535183849,1.6648435882347152,-29.87964904972292,2.4516625,-16.950317098150787,3.293741518564611,-15.290339680007925,0.2,3,-10,2,400,0.7,0.5,eff,0.5,35,5,5
3.7378786914194815,-14.936640119945,1.6648435882347152,-24.60992637411352,2.4516625,-11.610361489002115,3.293741518564611,-14.495391512713951,0.2,3,-10,2,400,0.7,0.5,eff,0.5,6.5,0,5
3.7378786914194815,-18.035901907714646,1.6648435882347152,-27.709188161883162,2.4516625,-14.750929102658837,3.293741518564611,-14.962921329714995,0.2,3,-10,2,400,0.7,0.5,eff,0.5,35,0,5
5.327510845438027,-14.048893679109554,1.7398467296524174,-27.945642634142125,2.4516625,-13.430506019283383,3.293741518564611,-14.766352671282124,0.2,3,-10,2,400,0.7,1,eq,0.5,6.5,5,5
5.327510845438027,-11.073186114760825,1.7398467296524174,-24.969935069793394,2.4516625,-10.410363648750781,3.293741518564611,-14.316750311609173,0.2,3,-10,2,400,0.7,1,eq,1,35,5,5
5.327510845438027,-11.073186114760825,1.7398467296524174,-24.969935069793394,2.4516625,-10.410363648750781,3.293741518564611,-14.316750311609173,0.2,3,-10,2,400,0.7,1,eq,1,6.5,5,5
3.7378786914194815,-14.294863446949414,1.7398467296524174,-24.24600684934172,2.4516625,-9.67562535728059,3.293741518564611,-14.207371339011733,0.2,3,-10,2,400,0.7,1,eq,1,35,0,5
3.7378786914194815,-12.85779587538116,1.7398467296524174,-22.808939277773465,2.4516625,-8.217098748613395,3.293741518564611,-13.990243493880893,0.2,3,-10,2,400,0.7,1,eq,1,6.5,0,5
3.7378786914194815,-14.936640119945,1.7398467296524174,-24.887783522337305,2.4516625,-10.326985371821658,3.293741518564611,-14.304337959655689,0.2,3,-10,2,400,0.7,1,eq,0.5,6.5,0,5
5.327510845438027,-16.43988535183849,1.7398467296524174,-30.336634306871055,2.4516625,-15.857201217835318,3.293741518564611,-15.127609775622997,0.2,3,-10,2,400,0.7,1,eq,0.5,35,5,5
5.327510845438027,-11.073186114760825,1.7398467296524174,-23.734171772146524,2.4516625,-10.844878109772784,3.293741518564611,-14.381435582374479,0.2,3,-10,2,400,0.7,1,eff,1,6.5,5,5
5.327510845438027,-11.073186114760825,1.7398467296524174,-23.734171772146524,2.4516625,-10.844878109772784,3.293741518564611,-14.381435582374479,0.2,3,-10,2,400,0.7,1,eff,1,35,5,5
3.7378786914194815,-12.85779587538116,1.7398467296524174,-21.812804903588386,2.4516625,-8.898143968507892,3.293741518564611,-14.091629289761155,0.2,3,-10,2,400,0.7,1,eff,1,6.5,0,5
3.7378786914194815,-14.294863446949414,1.7398467296524174,-23.249872475156643,2.4516625,-10.35418474383573,3.293741518564611,-14.308387074014828,0.2,3,-10,2,400,0.7,1,eff,1,35,0,5
3.7378786914194815,-18.035901907714646,1.7398467296524174,-27.987045310106954,2.4516625,-13.472526941438893,3.293741518564611,-14.772608239212115,0.2,3,-10,2,400,0.7,1,eq,0.5,35,0,5
5.327510845438027,-14.048893679109554,1.7398467296524174,-26.709879336495256,2.4516625,-13.859873114111972,3.293741518564611,-14.830271664268867,0.2,3,-10,2,400,0.7,1,eff,0.5,6.5,5,5
3.7378786914194815,-14.936640119945,1.7398467296524174,-23.891649148152226,2.4516625,-11.004434615797788,3.293741518564611,-14.405188430024918,0.2,3,-10,2,400,0.7,1,eff,0.5,6.5,0,5
5.327510845438027,-16.43988535183849,1.7398467296524174,-29.1008710092242,2.4516625,-16.28243238521875,3.293741518564611,-15.190913061629562,0.2,3,-10,2,400,0.7,1,eff,0.5,35,5,5
3.7378786914194815,-18.035901907714646,1.7398467296524174,-26.990910935921875,2.4516625,-14.144615095574308,3.293741518564611,-14.872660615204648,0.2,3,-10,2,400,0.7,1,eff,0.5,35,0,5
5.327510845438027,-11.073186114760825,1.6648435882347152,-25.825172705597662,2.4516625,-11.110853968896107,3.293741518564611,-14.421030859419925,0.2,3,-10,2,400,0.8,0.5,eq,1,6.5,5,5
3.7378786914194815,-12.85779587538116,1.6648435882347152,-23.607524244155858,2.4516625,-8.859709076821373,3.293741518564611,-14.085907566783963,0.2,3,-10,2,400,0.8,0.5,eq,1,6.5,0,5
5.327510845438027,-14.048893679109554,1.6648435882347152,-28.800880269946397,2.4516625,-14.13150805364552,3.293741518564611,-14.870709396931803,0.2,3,-10,2,400,0.8,0.5,eq,0.5,6.5,5,5
5.327510845438027,-11.073186114760825,1.6648435882347152,-25.825172705597662,2.4516625,-11.110853968896107,3.293741518564611,-14.421030859419925,0.2,3,-10,2,400,0.8,0.5,eq,1,35,5,5
3.7378786914194815,-14.294863446949414,1.6648435882347152,-25.04459181572411,2.4516625,-10.318482809169373,3.293741518564611,-14.303072200707035,0.2,3,-10,2,400,0.8,0.5,eq,1,35,0,5
5.327510845438027,-16.43988535183849,1.6648435882347152,-31.19187194267533,2.4516625,-16.558614416268895,3.293741518564611,-15.232027710419205,0.2,3,-10,2,400,0.8,0.5,eq,0.5,35,5,5
3.7378786914194815,-18.035901907714646,1.6648435882347152,-28.785630276489343,2.4516625,-14.116027717009715,3.293741518564611,-14.8684048711758,0.2,3,-10,2,400,0.8,0.5,eq,0.5,35,0,5
3.7378786914194815,-14.294863446949414,1.6648435882347152,-23.968149701117934,2.4516625,-10.960031451603207,3.293741518564611,-14.3985782226409,0.2,3,-10,2,400,0.8,0.5,eff,1,35,0,5
3.7378786914194815,-14.936640119945,1.6648435882347152,-25.686368488719694,2.4516625,-10.969953186265322,3.293741518564611,-14.400055250796683,0.2,3,-10,2,400,0.8,0.5,eq,0.5,6.5,0,5
5.327510845438027,-11.073186114760825,1.6648435882347152,-24.512949812645264,2.4516625,-11.512092459394717,3.293741518564611,-14.48076240515106,0.2,3,-10,2,400,0.8,0.5,eff,1,6.5,5,5
3.7378786914194815,-12.85779587538116,1.6648435882347152,-22.531082129549677,2.4516625,-9.503811169860318,3.293741518564611,-14.181793715637658,0.2,3,-10,2,400,0.8,0.5,eff,1,6.5,0,5
5.327510845438027,-11.073186114760825,1.6648435882347152,-24.512949812645264,2.4516625,-11.512092459394717,3.293741518564611,-14.48076240515106,0.2,3,-10,2,400,0.8,0.5,eff,1,35,5,5
3.7378786914194815,-14.936640119945,1.6648435882347152,-24.60992637411352,2.4516625,-11.610361489002115,3.293741518564611,-14.495391512713951,0.2,3,-10,2,400,0.8,0.5,eff,0.5,6.5,0,5
5.327510845438027,-14.048893679109554,1.6648435882347152,-27.488657376993988,2.4516625,-14.527459164135593,3.293741518564611,-14.929653821316723,0.2,3,-10,2,400,0.8,0.5,eff,0.5,6.5,5,5
5.327510845438027,-16.43988535183849,1.6648435882347152,-29.87964904972292,2.4516625,-16.950317098150787,3.293741518564611,-15.290339680007925,0.2,3,-10,2,400,0.8,0.5,eff,0.5,35,5,5
3.7378786914194815,-18.035901907714646,1.6648435882347152,-27.709188161883162,2.4516625,-14.750929102658837,3.293741518564611,-14.962921329714995,0.2,3,-10,2,400,0.8,0.5,eff,0.5,35,0,5
3.7378786914194815,-12.85779587538116,1.7398467296524174,-22.808939277773465,2.4516625,-8.217098748613395,3.293741518564611,-13.990243493880893,0.2,3,-10,2,400,0.8,1,eq,1,6.5,0,5
5.327510845438027,-11.073186114760825,1.7398467296524174,-24.969935069793394,2.4516625,-10.410363648750781,3.293741518564611,-14.316750311609173,0.2,3,-10,2,400,0.8,1,eq,1,35,5,5
5.327510845438027,-14.048893679109554,1.7398467296524174,-27.945642634142125,2.4516625,-13.430506019283383,3.293741518564611,-14.766352671282124,0.2,3,-10,2,400,0.8,1,eq,0.5,6.5,5,5
3.7378786914194815,-14.294863446949414,1.7398467296524174,-24.24600684934172,2.4516625,-9.67562535728059,3.293741518564611,-14.207371339011733,0.2,3,-10,2,400,0.8,1,eq,1,35,0,5
5.327510845438027,-11.073186114760825,1.7398467296524174,-24.969935069793394,2.4516625,-10.410363648750781,3.293741518564611,-14.316750311609173,0.2,3,-10,2,400,0.8,1,eq,1,6.5,5,5
3.7378786914194815,-14.936640119945,1.7398467296524174,-24.887783522337305,2.4516625,-10.326985371821658,3.293741518564611,-14.304337959655689,0.2,3,-10,2,400,0.8,1,eq,0.5,6.5,0,5
3.7378786914194815,-12.85779587538116,1.7398467296524174,-21.812804903588386,2.4516625,-8.898143968507892,3.293741518564611,-14.091629289761155,0.2,3,-10,2,400,0.8,1,eff,1,6.5,0,5
5.327510845438027,-11.073186114760825,1.7398467296524174,-23.734171772146524,2.4516625,-10.844878109772784,3.293741518564611,-14.381435582374479,0.2,3,-10,2,400,0.8,1,eff,1,6.5,5,5
5.327510845438027,-16.43988535183849,1.7398467296524174,-30.336634306871055,2.4516625,-15.857201217835318,3.293741518564611,-15.127609775622997,0.2,3,-10,2,400,0.8,1,eq,0.5,35,5,5
5.327510845438027,-11.073186114760825,1.7398467296524174,-23.734171772146524,2.4516625,-10.844878109772784,3.293741518564611,-14.381435582374479,0.2,3,-10,2,400,0.8,1,eff,1,35,5,5
3.7378786914194815,-18.035901907714646,1.7398467296524174,-27.987045310106954,2.4516625,-13.472526941438893,3.293741518564611,-14.772608239212115,0.2,3,-10,2,400,0.8,1,eq,0.5,35,0,5
3.7378786914194815,-14.294863446949414,1.7398467296524174,-23.249872475156643,2.4516625,-10.35418474383573,3.293741518564611,-14.308387074014828,0.2,3,-10,2,400,0.8,1,eff,1,35,0,5
3.7378786914194815,-14.936640119945,1.7398467296524174,-23.891649148152226,2.4516625,-11.004434615797788,3.293741518564611,-14.405188430024918,0.2,3,-10,2,400,0.8,1,eff,0.5,6.5,0,5
5.327510845438027,-14.048893679109554,1.7398467296524174,-26.709879336495256,2.4516625,-13.859873114111972,3.293741518564611,-14.830271664268867,0.2,3,-10,2,400,0.8,1,eff,0.5,6.5,5,5
5.327510845438027,-16.43988535183849,1.7398467296524174,-29.1008710092242,2.4516625,-16.28243238521875,3.293741518564611,-15.190913061629562,0.2,3,-10,2,400,0.8,1,eff,0.5,35,5,5
3.7378786914194815,-18.035901907714646,1.7398467296524174,-26.990910935921875,2.4516625,-14.144615095574308,3.293741518564611,-14.872660615204648,0.2,3,-10,2,400,0.8,1,eff,0.5,35,0,5
3.7378786914194815,-14.294863446949414,1.6648435882347152,-25.04459181572411,3.6774937499999996,-10.318526364253145,3.538907768564611,-14.027039348740612,0.2,3,-10,2,500,0.7,0.5,eq,1,35,0,5
5.327510845438027,-11.073186114760825,1.6648435882347152,-25.825172705597662,3.6774937499999996,-11.110897523880329,3.538907768564611,-14.19171953696663,0.2,3,-10,2,500,0.7,0.5,eq,1,6.5,5,5
5.327510845438027,-11.073186114760825,1.6648435882347152,-25.825172705597662,3.6774937499999996,-11.110897523880329,3.538907768564611,-14.19171953696663,0.2,3,-10,2,500,0.7,0.5,eq,1,35,5,5
5.327510845438027,-14.048893679109554,1.6648435882347152,-28.800880269946397,3.6774937499999996,-14.131551608776931,3.538907768564611,-14.819508518459369,0.2,3,-10,2,500,0.7,0.5,eq,0.5,6.5,5,5
3.7378786914194815,-12.85779587538116,1.6648435882347152,-23.607524244155858,3.6774937499999996,-8.859752631903321,3.538907768564611,-13.723859292394724,0.2,3,-10,2,500,0.7,0.5,eq,1,6.5,0,5
3.7378786914194815,-14.936640119945,1.6648435882347152,-25.686368488719694,3.6774937499999996,-10.969996741251714,3.538907768564611,-14.16243582677279,0.2,3,-10,2,500,0.7,0.5,eq,0.5,6.5,0,5
5.327510845438027,-16.43988535183849,1.6648435882347152,-31.19187194267533,3.6774937499999996,-16.55865797144728,3.538907768564611,-15.323939210809767,0.2,3,-10,2,500,0.7,0.5,eq,0.5,35,5,5
3.7378786914194815,-18.035901907714646,1.6648435882347152,-28.785630276489343,3.6774937499999996,-14.116071271952736,3.538907768564611,-14.816291207037757,0.2,3,-10,2,500,0.7,0.5,eq,0.5,35,0,5
3.7378786914194815,-12.85779587538116,1.6648435882347152,-22.531082129549677,3.6774937499999996,-9.503849533911014,3.538907768564611,-13.857723325392035,0.2,3,-10,2,500,0.7,0.5,eff,1,6.5,0,5
5.327510845438027,-11.073186114760825,1.6648435882347152,-24.512949812645264,3.6774937499999996,-11.512130823567801,3.538907768564611,-14.275108709467798,0.2,3,-10,2,500,0.7,0.5,eff,1,35,5,5
5.327510845438027,-11.073186114760825,1.6648435882347152,-24.512949812645264,3.6774937499999996,-11.512130823567801,3.538907768564611,-14.275108709467798,0.2,3,-10,2,500,0.7,0.5,eff,1,6.5,5,5
3.7378786914194815,-14.294863446949414,1.6648435882347152,-23.968149701117934,3.6774937499999996,-10.960069815642706,3.538907768564611,-14.160372692649359,0.2,3,-10,2,500,0.7,0.5,eff,1,35,0,5
5.327510845438027,-14.048893679109554,1.6648435882347152,-27.488657376993988,3.6774937499999996,-14.52749752833906,3.538907768564611,-14.9017988034712,0.2,3,-10,2,500,0.7,0.5,eff,0.5,6.5,5,5
5.327510845438027,-16.43988535183849,1.6648435882347152,-29.87964904972292,3.6774937499999996,-16.95035546219661,3.538907768564611,-15.405346535799502,0.2,3,-10,2,500,0.7,0.5,eff,0.5,35,5,5
3.7378786914194815,-14.936640119945,1.6648435882347152,-24.60992637411352,3.6774937499999996,-11.610399853034671,3.538907768564611,-14.295532171468839,0.2,3,-10,2,500,0.7,0.5,eff,0.5,6.5,0,5
3.7378786914194815,-18.035901907714646,1.6648435882347152,-27.709188161883162,3.6774937499999996,-14.750967466649653,3.538907768564611,-14.948243037409714,0.2,3,-10,2,500,0.7,0.5,eff,0.5,35,0,5
5.327510845438027,-11.073186114760825,1.7398467296524174,-24.969935069793394,3.6774937499999996,-10.410404844743745,3.538907768564611,-14.046134649316922,0.2,3,-10,2,500,0.7,1,eq,1,6.5,5,5
3.7378786914194815,-12.85779587538116,1.7398467296524174,-22.808939277773465,3.6774937499999996,-8.217139944517886,3.538907768564611,-13.590303726888187,0.2,3,-10,2,500,0.7,1,eq,1,6.5,0,5
5.327510845438027,-11.073186114760825,1.7398467296524174,-24.969935069793394,3.6774937499999996,-10.410404844743745,3.538907768564611,-14.046134649316922,0.2,3,-10,2,500,0.7,1,eq,1,35,5,5
3.7378786914194815,-14.294863446949414,1.7398467296524174,-24.24600684934172,3.6774937499999996,-9.675666553271702,3.538907768564611,-13.893432423009887,0.2,3,-10,2,500,0.7,1,eq,1,35,0,5
5.327510845438027,-14.048893679109554,1.7398467296524174,-27.945642634142125,3.6774937499999996,-13.430547215294103,3.538907768564611,-14.673817280125512,0.2,3,-10,2,500,0.7,1,eq,0.5,6.5,5,5
3.7378786914194815,-14.936640119945,1.7398467296524174,-24.887783522337305,3.6774937499999996,-10.32702656783073,3.538907768564611,-14.02880596418099,0.2,3,-10,2,500,0.7,1,eq,0.5,6.5,0,5
5.327510845438027,-16.43988535183849,1.7398467296524174,-30.336634306871055,3.6774937499999996,-15.857242413834186,3.538907768564611,-15.178162519357773,0.2,3,-10,2,500,0.7,1,eq,0.5,35,5,5
3.7378786914194815,-12.85779587538116,1.7398467296524174,-21.812804903588386,3.6774937499999996,-8.898180330258722,3.538907768564611,-13.73184580290998,0.2,3,-10,2,500,0.7,1,eff,1,6.5,0,5
3.7378786914194815,-18.035901907714646,1.7398467296524174,-27.987045310106954,3.6774937499999996,-13.472568137437378,3.538907768564611,-14.682550578004827,0.2,3,-10,2,500,0.7,1,eq,0.5,35,0,5
5.327510845438027,-11.073186114760825,1.7398467296524174,-23.734171772146524,3.6774937499999996,-10.844914471497262,3.538907768564611,-14.1364397118503,0.2,3,-10,2,500,0.7,1,eff,1,6.5,5,5
5.327510845438027,-11.073186114760825,1.7398467296524174,-23.734171772146524,3.6774937499999996,-10.844914471497262,3.538907768564611,-14.1364397118503,0.2,3,-10,2,500,0.7,1,eff,1,35,5,5
3.7378786914194815,-14.294863446949414,1.7398467296524174,-23.249872475156643,3.6774937499999996,-10.354221105479679,3.538907768564611,-14.034457862946326,0.2,3,-10,2,500,0.7,1,eff,1,35,0,5
5.327510845438027,-14.048893679109554,1.7398467296524174,-26.709879336495256,3.6774937499999996,-13.859909475747202,3.538907768564611,-14.763052554541577,0.2,3,-10,2,500,0.7,1,eff,0.5,6.5,5,5
3.7378786914194815,-14.936640119945,1.7398467296524174,-23.891649148152226,3.6774937499999996,-11.004470977570874,3.538907768564611,-14.169600680840277,0.2,3,-10,2,500,0.7,1,eff,0.5,6.5,0,5
5.327510845438027,-16.43988535183849,1.7398467296524174,-29.1008710092242,3.6774937499999996,-16.28246874690364,3.538907768564611,-15.26653821516355,0.2,3,-10,2,500,0.7,1,eff,0.5,35,5,5
5.327510845438027,-11.073186114760825,1.6648435882347152,-25.825172705597662,3.6774937499999996,-11.110897523880329,3.538907768564611,-14.19171953696663,0.2,3,-10,2,500,0.8,0.5,eq,1,6.5,5,5
3.7378786914194815,-12.85779587538116,1.6648435882347152,-23.607524244155858,3.6774937499999996,-8.859752631903321,3.538907768564611,-13.723859292394724,0.2,3,-10,2,500,0.8,0.5,eq,1,6.5,0,5
5.327510845438027,-11.073186114760825,1.6648435882347152,-25.825172705597662,3.6774937499999996,-11.110897523880329,3.538907768564611,-14.19171953696663,0.2,3,-10,2,500,0.8,0.5,eq,1,35,5,5
3.7378786914194815,-18.035901907714646,1.7398467296524174,-26.990910935921875,3.6774937499999996,-14.144651457268333,3.538907768564611,-14.82223108791314,0.2,3,-10,2,500,0.7,1,eff,0.5,35,0,5
3.7378786914194815,-14.294863446949414,1.6648435882347152,-25.04459181572411,3.6774937499999996,-10.318526364253145,3.538907768564611,-14.027039348740612,0.2,3,-10,2,500,0.8,0.5,eq,1,35,0,5
5.327510845438027,-14.048893679109554,1.6648435882347152,-28.800880269946397,3.6774937499999996,-14.131551608776931,3.538907768564611,-14.819508518459369,0.2,3,-10,2,500,0.8,0.5,eq,0.5,6.5,5,5
3.7378786914194815,-14.936640119945,1.6648435882347152,-25.686368488719694,3.6774937499999996,-10.969996741251714,3.538907768564611,-14.16243582677279,0.2,3,-10,2,500,0.8,0.5,eq,0.5,6.5,0,5
5.327510845438027,-16.43988535183849,1.6648435882347152,-31.19187194267533,3.6774937499999996,-16.55865797144728,3.538907768564611,-15.323939210809767,0.2,3,-10,2,500,0.8,0.5,eq,0.5,35,5,5
5.327510845438027,-11.073186114760825,1.6648435882347152,-24.512949812645264,3.6774937499999996,-11.512130823567801,3.538907768564611,-14.275108709467798,0.2,3,-10,2,500,0.8,0.5,eff,1,6.5,5,5
3.7378786914194815,-12.85779587538116,1.6648435882347152,-22.531082129549677,3.6774937499999996,-9.503849533911014,3.538907768564611,-13.857723325392035,0.2,3,-10,2,500,0.8,0.5,eff,1,6.5,0,5
5.327510845438027,-11.073186114760825,1.6648435882347152,-24.512949812645264,3.6774937499999996,-11.512130823567801,3.538907768564611,-14.275108709467798,0.2,3,-10,2,500,0.8,0.5,eff,1,35,5,5
3.7378786914194815,-18.035901907714646,1.6648435882347152,-28.785630276489343,3.6774937499999996,-14.116071271952736,3.538907768564611,-14.816291207037757,0.2,3,-10,2,500,0.8,0.5,eq,0.5,35,0,5
3.7378786914194815,-14.294863446949414,1.6648435882347152,-23.968149701117934,3.6774937499999996,-10.960069815642706,3.538907768564611,-14.160372692649359,0.2,3,-10,2,500,0.8,0.5,eff,1,35,0,5
5.327510845438027,-14.048893679109554,1.6648435882347152,-27.488657376993988,3.6774937499999996,-14.52749752833906,3.538907768564611,-14.9017988034712,0.2,3,-10,2,500,0.8,0.5,eff,0.5,6.5,5,5
3.7378786914194815,-14.936640119945,1.6648435882347152,-24.60992637411352,3.6774937499999996,-11.610399853034671,3.538907768564611,-14.295532171468839,0.2,3,-10,2,500,0.8,0.5,eff,0.5,6.5,0,5
5.327510845438027,-16.43988535183849,1.6648435882347152,-29.87964904972292,3.6774937499999996,-16.95035546219661,3.538907768564611,-15.405346535799502,0.2,3,-10,2,500,0.8,0.5,eff,0.5,35,5,5
3.7378786914194815,-18.035901907714646,1.6648435882347152,-27.709188161883162,3.6774937499999996,-14.750967466649653,3.538907768564611,-14.948243037409714,0.2,3,-10,2,500,0.8,0.5,eff,0.5,35,0,5
5.327510845438027,-11.073186114760825,1.7398467296524174,-24.969935069793394,3.6774937499999996,-10.410404844743745,3.538907768564611,-14.046134649316922,0.2,3,-10,2,500,0.8,1,eq,1,35,5,5
5.327510845438027,-11.073186114760825,1.7398467296524174,-24.969935069793394,3.6774937499999996,-10.410404844743745,3.538907768564611,-14.046134649316922,0.2,3,-10,2,500,0.8,1,eq,1,6.5,5,5
3.7378786914194815,-12.85779587538116,1.7398467296524174,-22.808939277773465,3.6774937499999996,-8.217139944517886,3.538907768564611,-13.590303726888187,0.2,3,-10,2,500,0.8,1,eq,1,6.5,0,5
3.7378786914194815,-14.294863446949414,1.7398467296524174,-24.24600684934172,3.6774937499999996,-9.675666553271702,3.538907768564611,-13.893432423009887,0.2,3,-10,2,500,0.8,1,eq,1,35,0,5
5.327510845438027,-14.048893679109554,1.7398467296524174,-27.945642634142125,3.6774937499999996,-13.430547215294103,3.538907768564611,-14.673817280125512,0.2,3,-10,2,500,0.8,1,eq,0.5,6.5,5,5
3.7378786914194815,-14.936640119945,1.7398467296524174,-24.887783522337305,3.6774937499999996,-10.32702656783073,3.538907768564611,-14.02880596418099,0.2,3,-10,2,500,0.8,1,eq,0.5,6.5,0,5
5.327510845438027,-16.43988535183849,1.7398467296524174,-30.336634306871055,3.6774937499999996,-15.857242413834186,3.538907768564611,-15.178162519357773,0.2,3,-10,2,500,0.8,1,eq,0.5,35,5,5
3.7378786914194815,-14.294863446949414,1.7398467296524174,-23.249872475156643,3.6774937499999996,-10.354221105479679,3.538907768564611,-14.034457862946326,0.2,3,-10,2,500,0.8,1,eff,1,35,0,5
3.7378786914194815,-12.85779587538116,1.7398467296524174,-21.812804903588386,3.6774937499999996,-8.898180330258722,3.538907768564611,-13.73184580290998,0.2,3,-10,2,500,0.8,1,eff,1,6.5,0,5
3.7378786914194815,-18.035901907714646,1.7398467296524174,-27.987045310106954,3.6774937499999996,-13.472568137437378,3.538907768564611,-14.682550578004827,0.2,3,-10,2,500,0.8,1,eq,0.5,35,0,5
5.327510845438027,-11.073186114760825,1.7398467296524174,-23.734171772146524,3.6774937499999996,-10.844914471497262,3.538907768564611,-14.1364397118503,0.2,3,-10,2,500,0.8,1,eff,1,35,5,5
5.327510845438027,-11.073186114760825,1.7398467296524174,-23.734171772146524,3.6774937499999996,-10.844914471497262,3.538907768564611,-14.1364397118503,0.2,3,-10,2,500,0.8,1,eff,1,6.5,5,5
5.327510845438027,-14.048893679109554,1.7398467296524174,-26.709879336495256,3.6774937499999996,-13.859909475747202,3.538907768564611,-14.763052554541577,0.2,3,-10,2,500,0.8,1,eff,0.5,6.5,5,5
3.7378786914194815,-14.936640119945,1.7398467296524174,-23.891649148152226,3.6774937499999996,-11.004470977570874,3.538907768564611,-14.169600680840277,0.2,3,-10,2,500,0.8,1,eff,0.5,6.5,0,5
5.327510845438027,-16.43988535183849,1.7398467296524174,-29.1008710092242,3.6774937499999996,-16.28246874690364,3.538907768564611,-15.26653821516355,0.2,3,-10,2,500,0.8,1,eff,0.5,35,5,5
3.7378786914194815,-18.035901907714646,1.7398467296524174,-26.990910935921875,3.6774937499999996,-14.144651457268333,3.538907768564611,-14.82223108791314,0.2,3,-10,2,500,0.8,1,eff,0.5,35,0,5
5.327510845438027,-11.073186114760825,1.6648435882347152,-25.825172705597662,12.2583125,-11.111202409513474,5.255071518564611,-13.185748911502815,0.2,3,-10,10,400,0.7,0.5,eq,1,6.5,5,5
5.327510845438027,-11.073186114760825,1.6648435882347152,-25.825172705597662,12.2583125,-11.111202409513474,5.255071518564611,-13.185748911502815,0.2,3,-10,10,400,0.7,0.5,eq,1,35,5,5
3.7378786914194815,-12.85779587538116,1.6648435882347152,-23.607524244155858,12.2583125,-8.86005751745858,5.255071518564611,-12.13551629441656,0.2,3,-10,10,400,0.7,0.5,eq,1,6.5,0,5
3.7378786914194815,-14.294863446949414,1.6648435882347152,-25.04459181572411,12.2583125,-10.318831249888559,5.255071518564611,-12.816081885797859,0.2,3,-10,10,400,0.7,0.5,eq,1,35,0,5
5.327510845438027,-14.048893679109554,1.6648435882347152,-28.800880269946397,12.2583125,-14.131856494259877,5.255071518564611,-14.594982700021685,0.2,3,-10,10,400,0.7,0.5,eq,0.5,6.5,5,5
3.7378786914194815,-18.035901907714646,1.6648435882347152,-28.785630276489343,12.2583125,-14.116376157624838,5.255071518564611,-14.5877606173761,0.2,3,-10,10,400,0.7,0.5,eq,0.5,35,0,5
3.7378786914194815,-14.936640119945,1.6648435882347152,-25.686368488719694,12.2583125,-10.970301626881545,5.255071518564611,-13.120014094425759,0.2,3,-10,10,400,0.7,0.5,eq,0.5,6.5,0,5
5.327510845438027,-16.43988535183849,1.6648435882347152,-31.19187194267533,12.2583125,-16.55896285691559,5.255071518564611,-15.72730709024417,0.2,3,-10,10,400,0.7,0.5,eq,0.5,35,5,5
5.327510845438027,-11.073186114760825,1.6648435882347152,-24.512949812645264,12.2583125,-11.51239937234958,5.255071518564611,-13.37292039821325,0.2,3,-10,10,400,0.7,0.5,eff,1,35,5,5
3.7378786914194815,-12.85779587538116,1.6648435882347152,-22.531082129549677,12.2583125,-9.504118082712086,5.255071518564611,-12.435991583855,0.2,3,-10,10,400,0.7,0.5,eff,1,6.5,0,5
5.327510845438027,-11.073186114760825,1.6648435882347152,-24.512949812645264,12.2583125,-11.51239937234958,5.255071518564611,-13.37292039821325,0.2,3,-10,10,400,0.7,0.5,eff,1,6.5,5,5
5.327510845438027,-14.048893679109554,1.6648435882347152,-27.488657376993988,12.2583125,-14.527766077177246,5.255071518564611,-14.779687451308089,0.2,3,-10,10,400,0.7,0.5,eff,0.5,6.5,5,5
3.7378786914194815,-14.936640119945,1.6648435882347152,-24.60992637411352,12.2583125,-11.610668401888915,5.255071518564611,-13.4187661100712,0.2,3,-10,10,400,0.7,0.5,eff,0.5,6.5,0,5
5.327510845438027,-16.43988535183849,1.6648435882347152,-29.87964904972292,12.2583125,-16.950624010945205,5.255071518564611,-15.910029810696113,0.2,3,-10,10,400,0.7,0.5,eff,0.5,35,5,5
3.7378786914194815,-14.294863446949414,1.6648435882347152,-23.968149701117934,12.2583125,-10.96033836442486,5.255071518564611,-13.115365907078292,0.2,3,-10,10,400,0.7,0.5,eff,1,35,0,5
3.7378786914194815,-18.035901907714646,1.6648435882347152,-27.709188161883162,12.2583125,-14.751236015429962,5.255071518564611,-14.883943476284411,0.2,3,-10,10,400,0.7,0.5,eff,0.5,35,0,5
5.327510845438027,-11.073186114760825,1.7398467296524174,-24.969935069793394,12.2583125,-10.410693216694037,5.255071518564611,-12.858938493628624,0.2,3,-10,10,400,0.7,1,eq,1,6.5,5,5
3.7378786914194815,-12.85779587538116,1.7398467296524174,-22.808939277773465,12.2583125,-8.217428316530263,5.255071518564611,-11.835708783185627,0.2,3,-10,10,400,0.7,1,eq,1,6.5,0,5
5.327510845438027,-11.073186114760825,1.7398467296524174,-24.969935069793394,12.2583125,-10.410693216694037,5.255071518564611,-12.858938493628624,0.2,3,-10,10,400,0.7,1,eq,1,35,5,5
3.7378786914194815,-14.294863446949414,1.7398467296524174,-24.24600684934172,12.2583125,-9.675954925125563,5.255071518564611,-12.516159083227008,0.2,3,-10,10,400,0.7,1,eq,1,35,0,5
5.327510845438027,-14.048893679109554,1.7398467296524174,-27.945642634142125,12.2583125,-13.430835587282736,5.255071518564611,-14.267933550779821,0.2,3,-10,10,400,0.7,1,eq,0.5,6.5,5,5
3.7378786914194815,-14.936640119945,1.7398467296524174,-24.887783522337305,12.2583125,-10.327314939778292,5.255071518564611,-12.82003980421842,0.2,3,-10,10,400,0.7,1,eq,0.5,6.5,0,5
5.327510845438027,-11.073186114760825,1.7398467296524174,-23.734171772146524,12.2583125,-10.845169003615187,5.255071518564611,-13.061635638698776,0.2,3,-10,10,400,0.7,1,eff,1,35,5,5
5.327510845438027,-16.43988535183849,1.7398467296524174,-30.336634306871055,12.2583125,-15.857530785618055,5.255071518564611,-15.400066119417799,0.2,3,-10,10,400,0.7,1,eq,0.5,35,5,5
5.327510845438027,-11.073186114760825,1.7398467296524174,-23.734171772146524,12.2583125,-10.845169003615187,5.255071518564611,-13.061635638698776,0.2,3,-10,10,400,0.7,1,eff,1,6.5,5,5
3.7378786914194815,-18.035901907714646,1.7398467296524174,-27.987045310106954,12.2583125,-13.472856509426435,5.255071518564611,-14.287537683410623,0.2,3,-10,10,400,0.7,1,eq,0.5,35,0,5
3.7378786914194815,-12.85779587538116,1.7398467296524174,-21.812804903588386,12.2583125,-8.898434862357254,5.255071518564611,-12.15342057925939,0.2,3,-10,10,400,0.7,1,eff,1,6.5,0,5
3.7378786914194815,-14.294863446949414,1.7398467296524174,-23.249872475156643,12.2583125,-10.354475637582025,5.255071518564611,-12.832711156843146,0.2,3,-10,10,400,0.7,1,eff,1,35,0,5
5.327510845438027,-14.048893679109554,1.7398467296524174,-26.709879336495256,12.2583125,-13.860164007844322,5.255071518564611,-14.468229281324408,0.2,3,-10,10,400,0.7,1,eff,0.5,6.5,5,5
3.7378786914194815,-18.035901907714646,1.7398467296524174,-26.990910935921875,12.2583125,-14.144905989366187,5.255071518564611,-14.601070715700049,0.2,3,-10,10,400,0.7,1,eff,0.5,35,0,5
3.7378786914194815,-12.85779587538116,1.6648435882347152,-23.607524244155858,12.2583125,-8.86005751745858,5.255071518564611,-12.13551629441656,0.2,3,-10,10,400,0.8,0.5,eq,1,6.5,0,5
5.327510845438027,-16.43988535183849,1.7398467296524174,-29.1008710092242,12.2583125,-16.282723279001345,5.255071518564611,-15.598432304849696,0.2,3,-10,10,400,0.7,1,eff,0.5,35,5,5
3.7378786914194815,-14.936640119945,1.7398467296524174,-23.891649148152226,12.2583125,-11.004725509668097,5.255071518564611,-13.13607396006866,0.2,3,-10,10,400,0.7,1,eff,0.5,6.5,0,5
3.7378786914194815,-14.294863446949414,1.6648435882347152,-25.04459181572411,12.2583125,-10.318831249888559,5.255071518564611,-12.816081885797859,0.2,3,-10,10,400,0.8,0.5,eq,1,35,0,5
5.327510845438027,-14.048893679109554,1.6648435882347152,-28.800880269946397,12.2583125,-14.131856494259877,5.255071518564611,-14.594982700021685,0.2,3,-10,10,400,0.8,0.5,eq,0.5,6.5,5,5
5.327510845438027,-11.073186114760825,1.6648435882347152,-25.825172705597662,12.2583125,-11.111202409513474,5.255071518564611,-13.185748911502815,0.2,3,-10,10,400,0.8,0.5,eq,1,6.5,5,5
5.327510845438027,-11.073186114760825,1.6648435882347152,-25.825172705597662,12.2583125,-11.111202409513474,5.255071518564611,-13.185748911502815,0.2,3,-10,10,400,0.8,0.5,eq,1,35,5,5
3.7378786914194815,-14.936640119945,1.6648435882347152,-25.686368488719694,12.2583125,-10.970301626881545,5.255071518564611,-13.120014094425759,0.2,3,-10,10,400,0.8,0.5,eq,0.5,6.5,0,5
3.7378786914194815,-12.85779587538116,1.6648435882347152,-22.531082129549677,12.2583125,-9.504118082712086,5.255071518564611,-12.435991583855,0.2,3,-10,10,400,0.8,0.5,eff,1,6.5,0,5
5.327510845438027,-11.073186114760825,1.6648435882347152,-24.512949812645264,12.2583125,-11.51239937234958,5.255071518564611,-13.37292039821325,0.2,3,-10,10,400,0.8,0.5,eff,1,6.5,5,5
5.327510845438027,-16.43988535183849,1.6648435882347152,-31.19187194267533,12.2583125,-16.55896285691559,5.255071518564611,-15.72730709024417,0.2,3,-10,10,400,0.8,0.5,eq,0.5,35,5,5
3.7378786914194815,-14.294863446949414,1.6648435882347152,-23.968149701117934,12.2583125,-10.96033836442486,5.255071518564611,-13.115365907078292,0.2,3,-10,10,400,0.8,0.5,eff,1,35,0,5
5.327510845438027,-14.048893679109554,1.6648435882347152,-27.488657376993988,12.2583125,-14.527766077177246,5.255071518564611,-14.779687451308089,0.2,3,-10,10,400,0.8,0.5,eff,0.5,6.5,5,5
5.327510845438027,-11.073186114760825,1.6648435882347152,-24.512949812645264,12.2583125,-11.51239937234958,5.255071518564611,-13.37292039821325,0.2,3,-10,10,400,0.8,0.5,eff,1,35,5,5
3.7378786914194815,-14.936640119945,1.6648435882347152,-24.60992637411352,12.2583125,-11.610668401888915,5.255071518564611,-13.4187661100712,0.2,3,-10,10,400,0.8,0.5,eff,0.5,6.5,0,5
3.7378786914194815,-18.035901907714646,1.6648435882347152,-28.785630276489343,12.2583125,-14.116376157624838,5.255071518564611,-14.5877606173761,0.2,3,-10,10,400,0.8,0.5,eq,0.5,35,0,5
3.7378786914194815,-18.035901907714646,1.6648435882347152,-27.709188161883162,12.2583125,-14.751236015429962,5.255071518564611,-14.883943476284411,0.2,3,-10,10,400,0.8,0.5,eff,0.5,35,0,5
3.7378786914194815,-12.85779587538116,1.7398467296524174,-22.808939277773465,12.2583125,-8.217428316530263,5.255071518564611,-11.835708783185627,0.2,3,-10,10,400,0.8,1,eq,1,6.5,0,5
5.327510845438027,-11.073186114760825,1.7398467296524174,-24.969935069793394,12.2583125,-10.410693216694037,5.255071518564611,-12.858938493628624,0.2,3,-10,10,400,0.8,1,eq,1,6.5,5,5
5.327510845438027,-16.43988535183849,1.6648435882347152,-29.87964904972292,12.2583125,-16.950624010945205,5.255071518564611,-15.910029810696113,0.2,3,-10,10,400,0.8,0.5,eff,0.5,35,5,5
3.7378786914194815,-14.294863446949414,1.7398467296524174,-24.24600684934172,12.2583125,-9.675954925125563,5.255071518564611,-12.516159083227008,0.2,3,-10,10,400,0.8,1,eq,1,35,0,5
5.327510845438027,-11.073186114760825,1.7398467296524174,-24.969935069793394,12.2583125,-10.410693216694037,5.255071518564611,-12.858938493628624,0.2,3,-10,10,400,0.8,1,eq,1,35,5,5
5.327510845438027,-14.048893679109554,1.7398467296524174,-27.945642634142125,12.2583125,-13.430835587282736,5.255071518564611,-14.267933550779821,0.2,3,-10,10,400,0.8,1,eq,0.5,6.5,5,5
3.7378786914194815,-14.936640119945,1.7398467296524174,-23.891649148152226,12.2583125,-11.004725509668097,5.255071518564611,-13.13607396006866,0.2,3,-10,10,400,0.8,1,eff,0.5,6.5,0,5
3.7378786914194815,-14.936640119945,1.7398467296524174,-24.887783522337305,12.2583125,-10.327314939778292,5.255071518564611,-12.82003980421842,0.2,3,-10,10,400,0.8,1,eq,0.5,6.5,0,5
5.327510845438027,-16.43988535183849,1.7398467296524174,-30.336634306871055,12.2583125,-15.857530785618055,5.255071518564611,-15.400066119417799,0.2,3,-10,10,400,0.8,1,eq,0.5,35,5,5
5.327510845438027,-11.073186114760825,1.7398467296524174,-23.734171772146524,12.2583125,-10.845169003615187,5.255071518564611,-13.061635638698776,0.2,3,-10,10,400,0.8,1,eff,1,6.5,5,5
3.7378786914194815,-14.294863446949414,1.7398467296524174,-23.249872475156643,12.2583125,-10.354475637582025,5.255071518564611,-12.832711156843146,0.2,3,-10,10,400,0.8,1,eff,1,35,0,5
5.327510845438027,-11.073186114760825,1.6648435882347152,-25.825172705597662,18.38746875,-11.11142018495015,6.4809027685646114,-12.793482100119768,0.2,3,-10,10,500,0.7,0.5,eq,1,6.5,5,5
5.327510845438027,-11.073186114760825,1.7398467296524174,-23.734171772146524,12.2583125,-10.845169003615187,5.255071518564611,-13.061635638698776,0.2,3,-10,10,400,0.8,1,eff,1,35,5,5
3.7378786914194815,-18.035901907714646,1.7398467296524174,-27.987045310106954,12.2583125,-13.472856509426435,5.255071518564611,-14.287537683410623,0.2,3,-10,10,400,0.8,1,eq,0.5,35,0,5
5.327510845438027,-14.048893679109554,1.7398467296524174,-26.709879336495256,12.2583125,-13.860164007844322,5.255071518564611,-14.468229281324408,0.2,3,-10,10,400,0.8,1,eff,0.5,6.5,5,5
3.7378786914194815,-12.85779587538116,1.7398467296524174,-21.812804903588386,12.2583125,-8.898434862357254,5.255071518564611,-12.15342057925939,0.2,3,-10,10,400,0.8,1,eff,1,6.5,0,5
3.7378786914194815,-12.85779587538116,1.6648435882347152,-23.607524244155858,18.38746875,-8.860275292852934,6.4809027685646114,-11.516102764761227,0.2,3,-10,10,500,0.7,0.5,eq,1,6.5,0,5
5.327510845438027,-11.073186114760825,1.6648435882347152,-25.825172705597662,18.38746875,-11.11142018495015,6.4809027685646114,-12.793482100119768,0.2,3,-10,10,500,0.7,0.5,eq,1,35,5,5
3.7378786914194815,-18.035901907714646,1.7398467296524174,-26.990910935921875,12.2583125,-14.144905989366187,5.255071518564611,-14.601070715700049,0.2,3,-10,10,400,0.8,1,eff,0.5,35,0,5
5.327510845438027,-16.43988535183849,1.7398467296524174,-29.1008710092242,12.2583125,-16.282723279001345,5.255071518564611,-15.598432304849696,0.2,3,-10,10,400,0.8,1,eff,0.5,35,5,5
3.7378786914194815,-14.294863446949414,1.6648435882347152,-25.04459181572411,18.38746875,-10.319049025251072,6.4809027685646114,-12.343862642533065,0.2,3,-10,10,500,0.7,0.5,eq,1,35,0,5
5.327510845438027,-14.048893679109554,1.6648435882347152,-28.800880269946397,18.38746875,-14.132074269612684,6.4809027685646114,-14.507508203263741,0.2,3,-10,10,500,0.7,0.5,eq,0.5,6.5,5,5
3.7378786914194815,-14.936640119945,1.6648435882347152,-25.686368488719694,18.38746875,-10.9705194022378,6.4809027685646114,-12.713530006052132,0.2,3,-10,10,500,0.7,0.5,eq,0.5,6.5,0,5
3.7378786914194815,-18.035901907714646,1.6648435882347152,-28.785630276489343,18.38746875,-14.116593933037338,6.4809027685646114,-14.498724112059769,0.2,3,-10,10,500,0.7,0.5,eq,0.5,35,0,5
5.327510845438027,-16.43988535183849,1.6648435882347152,-31.19187194267533,18.38746875,-16.559180632284818,6.4809027685646114,-15.88473430864612,0.2,3,-10,10,500,0.7,0.5,eq,0.5,35,5,5
5.327510845438027,-11.073186114760825,1.6648435882347152,-24.512949812645264,18.38746875,-11.512591192958501,6.4809027685646114,-13.021120737407577,0.2,3,-10,10,500,0.7,0.5,eff,1,35,5,5
5.327510845438027,-11.073186114760825,1.6648435882347152,-24.512949812645264,18.38746875,-11.512591192958501,6.4809027685646114,-13.021120737407577,0.2,3,-10,10,500,0.7,0.5,eff,1,6.5,5,5
3.7378786914194815,-12.85779587538116,1.6648435882347152,-22.531082129549677,18.38746875,-9.504309903301351,6.4809027685646114,-11.881550811011167,0.2,3,-10,10,500,0.7,0.5,eff,1,6.5,0,5
3.7378786914194815,-14.936640119945,1.6648435882347152,-24.60992637411352,18.38746875,-11.610860222421756,6.4809027685646114,-13.07688206489166,0.2,3,-10,10,500,0.7,0.5,eff,0.5,6.5,0,5
5.327510845438027,-14.048893679109554,1.6648435882347152,-27.488657376993988,18.38746875,-14.527957897727216,6.4809027685646114,-14.73214659394917,0.2,3,-10,10,500,0.7,0.5,eff,0.5,6.5,5,5
5.327510845438027,-16.43988535183849,1.6648435882347152,-29.87964904972292,18.38746875,-16.950815831504894,6.4809027685646114,-16.106961990320134,0.2,3,-10,10,500,0.7,0.5,eff,0.5,35,5,5
3.7378786914194815,-14.294863446949414,1.6648435882347152,-23.968149701117934,18.38746875,-10.96053018503332,6.4809027685646114,-12.707861770445362,0.2,3,-10,10,500,0.7,0.5,eff,1,35,0,5
5.327510845438027,-11.073186114760825,1.7398467296524174,-24.969935069793394,18.38746875,-10.410899196641205,6.4809027685646114,-12.395981682624457,0.2,3,-10,10,500,0.7,1,eq,1,6.5,5,5
5.327510845438027,-11.073186114760825,1.7398467296524174,-24.969935069793394,18.38746875,-10.410899196641205,6.4809027685646114,-12.395981682624457,0.2,3,-10,10,500,0.7,1,eq,1,35,5,5
3.7378786914194815,-12.85779587538116,1.7398467296524174,-22.808939277773465,18.38746875,-8.217634296424064,6.4809027685646114,-11.151445504460344,0.2,3,-10,10,500,0.7,1,eq,1,6.5,0,5
3.7378786914194815,-18.035901907714646,1.6648435882347152,-27.709188161883162,18.38746875,-14.751427836040902,6.4809027685646114,-14.858951351065187,0.2,3,-10,10,500,0.7,0.5,eff,0.5,35,0,5
3.7378786914194815,-14.294863446949414,1.7398467296524174,-24.24600684934172,18.38746875,-9.676160905154724,6.4809027685646114,-11.979065155511615,0.2,3,-10,10,500,0.7,1,eq,1,35,0,5
5.327510845438027,-14.048893679109554,1.7398467296524174,-27.945642634142125,18.38746875,-13.431041567078147,6.4809027685646114,-14.109717420994873,0.2,3,-10,10,500,0.7,1,eq,0.5,6.5,5,5
5.327510845438027,-16.43988535183849,1.7398467296524174,-30.336634306871055,18.38746875,-15.857736765612088,6.4809027685646114,-15.486710217283983,0.2,3,-10,10,500,0.7,1,eq,0.5,35,5,5
3.7378786914194815,-14.936640119945,1.7398467296524174,-24.887783522337305,18.38746875,-10.327520919709047,6.4809027685646114,-12.348669895478004,0.2,3,-10,10,500,0.7,1,eq,0.5,6.5,0,5
5.327510845438027,-11.073186114760825,1.7398467296524174,-23.734171772146524,18.38746875,-10.845350812326627,6.4809027685646114,-12.642504915330699,0.2,3,-10,10,500,0.7,1,eff,1,6.5,5,5
3.7378786914194815,-18.035901907714646,1.7398467296524174,-27.987045310106954,18.38746875,-13.473062489405033,6.4809027685646114,-14.133561580480624,0.2,3,-10,10,500,0.7,1,eq,0.5,35,0,5
5.327510845438027,-11.073186114760825,1.7398467296524174,-23.734171772146524,18.38746875,-10.845350812326627,6.4809027685646114,-12.642504915330699,0.2,3,-10,10,500,0.7,1,eff,1,35,5,5
5.327510845438027,-14.048893679109554,1.7398467296524174,-26.709879336495256,18.38746875,-13.86034581661003,6.4809027685646114,-14.353319855853197,0.2,3,-10,10,500,0.7,1,eff,0.5,6.5,5,5
3.7378786914194815,-12.85779587538116,1.7398467296524174,-21.812804903588386,18.38746875,-8.898616670951752,6.4809027685646114,-11.537859020542275,0.2,3,-10,10,500,0.7,1,eff,1,6.5,0,5
3.7378786914194815,-14.294863446949414,1.7398467296524174,-23.249872475156643,18.38746875,-10.354657446300866,6.4809027685646114,-12.364068121697546,0.2,3,-10,10,500,0.7,1,eff,1,35,0,5
3.7378786914194815,-14.936640119945,1.7398467296524174,-23.891649148152226,18.38746875,-11.004907318269355,6.4809027685646114,-12.733042927445592,0.2,3,-10,10,500,0.7,1,eff,0.5,6.5,0,5
5.327510845438027,-16.43988535183849,1.7398467296524174,-29.1008710092242,18.38746875,-16.282905087786233,6.4809027685646114,-15.727965780486851,0.2,3,-10,10,500,0.7,1,eff,0.5,35,5,5
5.327510845438027,-11.073186114760825,1.6648435882347152,-25.825172705597662,18.38746875,-11.11142018495015,6.4809027685646114,-12.793482100119768,0.2,3,-10,10,500,0.8,0.5,eq,1,6.5,5,5
3.7378786914194815,-18.035901907714646,1.7398467296524174,-26.990910935921875,18.38746875,-14.145087798074327,6.4809027685646114,-14.514892540182899,0.2,3,-10,10,500,0.7,1,eff,0.5,35,0,5
5.327510845438027,-11.073186114760825,1.6648435882347152,-25.825172705597662,18.38746875,-11.11142018495015,6.4809027685646114,-12.793482100119768,0.2,3,-10,10,500,0.8,0.5,eq,1,35,5,5
3.7378786914194815,-12.85779587538116,1.6648435882347152,-23.607524244155858,18.38746875,-8.860275292852934,6.4809027685646114,-11.516102764761227,0.2,3,-10,10,500,0.8,0.5,eq,1,6.5,0,5
3.7378786914194815,-14.294863446949414,1.6648435882347152,-25.04459181572411,18.38746875,-10.319049025251072,6.4809027685646114,-12.343862642533065,0.2,3,-10,10,500,0.8,0.5,eq,1,35,0,5
5.327510845438027,-14.048893679109554,1.6648435882347152,-28.800880269946397,18.38746875,-14.132074269612684,6.4809027685646114,-14.507508203263741,0.2,3,-10,10,500,0.8,0.5,eq,0.5,6.5,5,5
3.7378786914194815,-14.936640119945,1.6648435882347152,-25.686368488719694,18.38746875,-10.9705194022378,6.4809027685646114,-12.713530006052132,0.2,3,-10,10,500,0.8,0.5,eq,0.5,6.5,0,5
5.327510845438027,-11.073186114760825,1.6648435882347152,-24.512949812645264,18.38746875,-11.512591192958501,6.4809027685646114,-13.021120737407577,0.2,3,-10,10,500,0.8,0.5,eff,1,6.5,5,5
3.7378786914194815,-18.035901907714646,1.6648435882347152,-28.785630276489343,18.38746875,-14.116593933037338,6.4809027685646114,-14.498724112059769,0.2,3,-10,10,500,0.8,0.5,eq,0.5,35,0,5
5.327510845438027,-16.43988535183849,1.6648435882347152,-31.19187194267533,18.38746875,-16.559180632284818,6.4809027685646114,-15.88473430864612,0.2,3,-10,10,500,0.8,0.5,eq,0.5,35,5,5
3.7378786914194815,-12.85779587538116,1.6648435882347152,-22.531082129549677,18.38746875,-9.504309903301351,6.4809027685646114,-11.881550811011167,0.2,3,-10,10,500,0.8,0.5,eff,1,6.5,0,5
3.7378786914194815,-14.294863446949414,1.6648435882347152,-23.968149701117934,18.38746875,-10.96053018503332,6.4809027685646114,-12.707861770445362,0.2,3,-10,10,500,0.8,0.5,eff,1,35,0,5
5.327510845438027,-14.048893679109554,1.6648435882347152,-27.488657376993988,18.38746875,-14.527957897727216,6.4809027685646114,-14.73214659394917,0.2,3,-10,10,500,0.8,0.5,eff,0.5,6.5,5,5
3.7378786914194815,-14.936640119945,1.6648435882347152,-24.60992637411352,18.38746875,-11.610860222421756,6.4809027685646114,-13.07688206489166,0.2,3,-10,10,500,0.8,0.5,eff,0.5,6.5,0,5
5.327510845438027,-11.073186114760825,1.6648435882347152,-24.512949812645264,18.38746875,-11.512591192958501,6.4809027685646114,-13.021120737407577,0.2,3,-10,10,500,0.8,0.5,eff,1,35,5,5
3.7378786914194815,-12.85779587538116,1.7398467296524174,-22.808939277773465,18.38746875,-8.217634296424064,6.4809027685646114,-11.151445504460344,0.2,3,-10,10,500,0.8,1,eq,1,6.5,0,5
3.7378786914194815,-18.035901907714646,1.6648435882347152,-27.709188161883162,18.38746875,-14.751427836040902,6.4809027685646114,-14.858951351065187,0.2,3,-10,10,500,0.8,0.5,eff,0.5,35,0,5
5.327510845438027,-11.073186114760825,1.7398467296524174,-24.969935069793394,18.38746875,-10.410899196641205,6.4809027685646114,-12.395981682624457,0.2,3,-10,10,500,0.8,1,eq,1,6.5,5,5
5.327510845438027,-16.43988535183849,1.6648435882347152,-29.87964904972292,18.38746875,-16.950815831504894,6.4809027685646114,-16.106961990320134,0.2,3,-10,10,500,0.8,0.5,eff,0.5,35,5,5
5.327510845438027,-11.073186114760825,1.7398467296524174,-24.969935069793394,18.38746875,-10.410899196641205,6.4809027685646114,-12.395981682624457,0.2,3,-10,10,500,0.8,1,eq,1,35,5,5
3.7378786914194815,-14.294863446949414,1.7398467296524174,-24.24600684934172,18.38746875,-9.676160905154724,6.4809027685646114,-11.979065155511615,0.2,3,-10,10,500,0.8,1,eq,1,35,0,5
5.327510845438027,-11.073186114760825,0.664380693404857,-41.02755752487721,0.3268883333333333,-23.245033575730048,2.966853185231278,-15.454219524118184,0.5,0.25,-20,2,400,0.7,0.5,eq,1,6.5,5,5
3.7378786914194815,-12.85779587538116,0.664380693404857,-38.8099090634354,0.3268883333333333,-20.98626157492071,2.966853185231278,-15.329783603527215,0.5,0.25,-20,2,400,0.7,0.5,eq,1,6.5,0,5
5.327510845438027,-11.073186114760825,0.664380693404857,-41.02755752487721,0.3268883333333333,-23.245033575730048,2.966853185231278,-15.454219524118184,0.5,0.25,-20,2,400,0.7,0.5,eq,1,35,5,5
3.7378786914194815,-14.294863446949414,0.664380693404857,-40.246976635003655,0.3268883333333333,-22.44997778167399,2.966853185231278,-15.410419840210633,0.5,0.25,-20,2,400,0.7,0.5,eq,1,35,0,5
5.327510845438027,-14.048893679109554,1.7398467296524174,-27.945642634142125,18.38746875,-13.431041567078147,6.4809027685646114,-14.109717420994873,0.2,3,-10,10,500,0.8,1,eq,0.5,6.5,5,5
3.7378786914194815,-14.936640119945,1.7398467296524174,-24.887783522337305,18.38746875,-10.327520919709047,6.4809027685646114,-12.348669895478004,0.2,3,-10,10,500,0.8,1,eq,0.5,6.5,0,5
3.7378786914194815,-18.035901907714646,1.7398467296524174,-27.987045310106954,18.38746875,-13.473062489405033,6.4809027685646114,-14.133561580480624,0.2,3,-10,10,500,0.8,1,eq,0.5,35,0,5
5.327510845438027,-16.43988535183849,1.7398467296524174,-30.336634306871055,18.38746875,-15.857736765612088,6.4809027685646114,-15.486710217283983,0.2,3,-10,10,500,0.8,1,eq,0.5,35,5,5
5.327510845438027,-14.048893679109554,0.664380693404857,-44.00326508922595,0.3268883333333333,-26.27592194500611,2.966853185231278,-15.621191393923484,0.5,0.25,-20,2,400,0.7,0.5,eq,0.5,6.5,5,5
3.7378786914194815,-14.936640119945,0.664380693404857,-40.888753307999245,0.3268883333333333,-23.10365540684196,2.966853185231278,-15.446430990086913,0.5,0.25,-20,2,400,0.7,0.5,eq,0.5,6.5,0,5
3.7378786914194815,-18.035901907714646,0.664380693404857,-43.988015095768894,0.3268883333333333,-26.260389159344538,2.966853185231278,-15.620335691585051,0.5,0.25,-20,2,400,0.7,0.5,eq,0.5,35,0,5
5.327510845438027,-16.43988535183849,0.664380693404857,-46.39425676195488,0.3268883333333333,-28.71125159189328,2.966853185231278,-15.75535388860827,0.5,0.25,-20,2,400,0.7,0.5,eq,0.5,35,5,5
5.327510845438027,-11.073186114760825,0.664380693404857,-37.66990189971462,0.3268883333333333,-22.443761987236996,2.966853185231278,-15.410077411624478,0.5,0.25,-20,2,400,0.7,0.5,eff,1,6.5,5,5
3.7378786914194815,-12.85779587538116,1.7398467296524174,-21.812804903588386,18.38746875,-8.898616670951752,6.4809027685646114,-11.537859020542275,0.2,3,-10,10,500,0.8,1,eff,1,6.5,0,5
5.327510845438027,-11.073186114760825,1.7398467296524174,-23.734171772146524,18.38746875,-10.845350812326627,6.4809027685646114,-12.642504915330699,0.2,3,-10,10,500,0.8,1,eff,1,6.5,5,5
3.7378786914194815,-14.294863446949414,1.7398467296524174,-23.249872475156643,18.38746875,-10.354657446300866,6.4809027685646114,-12.364068121697546,0.2,3,-10,10,500,0.8,1,eff,1,35,0,5
5.327510845438027,-16.43988535183849,0.664380693404857,-43.03660113679226,0.3268883333333333,-27.895376035226626,2.966853185231278,-15.710407242401804,0.5,0.25,-20,2,400,0.7,0.5,eff,0.5,35,5,5
3.7378786914194815,-14.294863446949414,0.664380693404857,-37.12510178818729,0.3268883333333333,-21.89034175440031,2.966853185231278,-15.379589449084573,0.5,0.25,-20,2,400,0.7,0.5,eff,1,35,0,5
5.327510845438027,-14.048893679109554,0.664380693404857,-40.645609464063334,0.3268883333333333,-25.466552802196144,2.966853185231278,-15.576603186549187,0.5,0.25,-20,2,400,0.7,0.5,eff,0.5,6.5,5,5
5.327510845438027,-11.073186114760825,0.6968241909147566,-39.699339980638186,0.3268883333333333,-22.057299010502128,2.966853185231278,-15.388787136967563,0.5,0.25,-20,2,400,0.7,1,eq,1,6.5,5,5
3.7378786914194815,-14.936640119945,1.7398467296524174,-23.891649148152226,18.38746875,-11.004907318269355,6.4809027685646114,-12.733042927445592,0.2,3,-10,10,500,0.8,1,eff,0.5,6.5,0,5
3.7378786914194815,-18.035901907714646,0.664380693404857,-40.866140248952505,0.3268883333333333,-25.690572944157026,2.966853185231278,-15.588944473135747,0.5,0.25,-20,2,400,0.7,0.5,eff,0.5,35,0,5
5.327510845438027,-11.073186114760825,0.664380693404857,-37.66990189971462,0.3268883333333333,-22.443761987236996,2.966853185231278,-15.410077411624478,0.5,0.25,-20,2,400,0.7,0.5,eff,1,35,5,5
3.7378786914194815,-12.85779587538116,0.664380693404857,-35.68803421661903,0.3268883333333333,-20.430536124365304,2.966853185231278,-15.2991686463686,0.5,0.25,-20,2,400,0.7,0.5,eff,1,6.5,0,5
5.327510845438027,-11.073186114760825,1.7398467296524174,-23.734171772146524,18.38746875,-10.845350812326627,6.4809027685646114,-12.642504915330699,0.2,3,-10,10,500,0.8,1,eff,1,35,5,5
3.7378786914194815,-14.936640119945,0.664380693404857,-37.76687846118287,0.3268883333333333,-22.54227296418852,2.966853185231278,-15.415504388805235,0.5,0.25,-20,2,400,0.7,0.5,eff,0.5,6.5,0,5
5.327510845438027,-16.43988535183849,1.7398467296524174,-29.1008710092242,18.38746875,-16.282905087786233,6.4809027685646114,-15.727965780486851,0.2,3,-10,10,500,0.8,1,eff,0.5,35,5,5
3.7378786914194815,-14.294863446949414,0.6968241909147566,-38.97541176018651,0.3268883333333333,-21.320070928876678,2.966853185231278,-15.348173186117474,0.5,0.25,-20,2,400,0.7,1,eq,1,35,0,5
5.327510845438027,-11.073186114760825,0.6968241909147566,-39.699339980638186,0.3268883333333333,-22.057299010502128,2.966853185231278,-15.388787136967563,0.5,0.25,-20,2,400,0.7,1,eq,1,35,5,5
5.327510845438027,-14.048893679109554,1.7398467296524174,-26.709879336495256,18.38746875,-13.86034581661003,6.4809027685646114,-14.353319855853197,0.2,3,-10,10,500,0.8,1,eff,0.5,6.5,5,5
3.7378786914194815,-12.85779587538116,0.6968241909147566,-37.538344188618254,0.3268883333333333,-19.856601845828877,2.966853185231278,-15.2675505634976,0.5,0.25,-20,2,400,0.7,1,eq,1,6.5,0,5
3.7378786914194815,-18.035901907714646,1.7398467296524174,-26.990910935921875,18.38746875,-14.145087798074327,6.4809027685646114,-14.514892540182899,0.2,3,-10,10,500,0.8,1,eff,0.5,35,0,5
5.327510845438027,-16.43988535183849,0.6968241909147566,-45.066039217715854,0.3268883333333333,-27.522594148241534,2.966853185231278,-15.68987066001537,0.5,0.25,-20,2,400,0.7,1,eq,0.5,35,5,5
3.7378786914194815,-18.035901907714646,0.6968241909147566,-42.71645022095176,0.3268883333333333,-25.129838983035533,2.966853185231278,-15.558053596750776,0.5,0.25,-20,2,400,0.7,1,eq,0.5,35,0,5
3.7378786914194815,-14.936640119945,0.6968241909147566,-39.6171884331821,0.3268883333333333,-21.97363819163601,2.966853185231278,-15.384178256120151,0.5,0.25,-20,2,400,0.7,1,eq,0.5,6.5,0,5
3.7378786914194815,-12.85779587538116,0.6968241909147566,-34.57103183991974,0.3268883333333333,-19.416127514318553,2.966853185231278,-15.243284799215772,0.5,0.25,-20,2,400,0.7,1,eff,1,6.5,0,5
5.327510845438027,-11.073186114760825,0.6968241909147566,-36.492398708477886,0.3268883333333333,-21.367655893824644,2.966853185231278,-15.350794645440203,0.5,0.25,-20,2,400,0.7,1,eff,1,6.5,5,5
5.327510845438027,-11.073186114760825,0.6968241909147566,-36.492398708477886,0.3268883333333333,-21.367655893824644,2.966853185231278,-15.350794645440203,0.5,0.25,-20,2,400,0.7,1,eff,1,35,5,5
5.327510845438027,-14.048893679109554,0.6968241909147566,-42.67504754498692,0.3268883333333333,-25.08767566557441,2.966853185231278,-15.555730816398716,0.5,0.25,-20,2,400,0.7,1,eq,0.5,6.5,5,5
3.7378786914194815,-14.294863446949414,0.6968241909147566,-36.008099411488,0.3268883333333333,-20.875754093240722,2.966853185231278,-15.323695737992304,0.5,0.25,-20,2,400,0.7,1,eff,1,35,0,5
3.7378786914194815,-14.936640119945,0.6968241909147566,-36.64987608448359,0.3268883333333333,-21.527605340978727,2.966853185231278,-15.359606272597691,0.5,0.25,-20,2,400,0.7,1,eff,0.5,6.5,0,5
3.7378786914194815,-18.035901907714646,0.6968241909147566,-39.74913787225322,0.3268883333333333,-24.6755191690824,2.966853185231278,-15.533025083792506,0.5,0.25,-20,2,400,0.7,1,eff,0.5,35,0,5
5.327510845438027,-16.43988535183849,0.6968241909147566,-41.85909794555555,0.3268883333333333,-26.818601279047346,2.966853185231278,-15.651087639535266,0.5,0.25,-20,2,400,0.7,1,eff,0.5,35,5,5
5.327510845438027,-14.048893679109554,0.6968241909147566,-39.4681062728266,0.3268883333333333,-24.390075951142926,2.966853185231278,-15.517299995298606,0.5,0.25,-20,2,400,0.7,1,eff,0.5,6.5,5,5
5.327510845438027,-16.43988535183849,0.664380693404857,-46.39425676195488,0.3268883333333333,-28.71125159189328,2.966853185231278,-15.75535388860827,0.5,0.25,-20,2,400,0.8,0.5,eq,0.5,35,5,5
5.327510845438027,-14.048893679109554,0.664380693404857,-44.00326508922595,0.3268883333333333,-26.27592194500611,2.966853185231278,-15.621191393923484,0.5,0.25,-20,2,400,0.8,0.5,eq,0.5,6.5,5,5
3.7378786914194815,-18.035901907714646,0.664380693404857,-43.988015095768894,0.3268883333333333,-26.260389159344538,2.966853185231278,-15.620335691585051,0.5,0.25,-20,2,400,0.8,0.5,eq,0.5,35,0,5
5.327510845438027,-11.073186114760825,0.664380693404857,-41.02755752487721,0.3268883333333333,-23.245033575730048,2.966853185231278,-15.454219524118184,0.5,0.25,-20,2,400,0.8,0.5,eq,1,6.5,5,5
5.327510845438027,-11.073186114760825,0.664380693404857,-37.66990189971462,0.3268883333333333,-22.443761987236996,2.966853185231278,-15.410077411624478,0.5,0.25,-20,2,400,0.8,0.5,eff,1,35,5,5
3.7378786914194815,-14.936640119945,0.664380693404857,-40.888753307999245,0.3268883333333333,-23.10365540684196,2.966853185231278,-15.446430990086913,0.5,0.25,-20,2,400,0.8,0.5,eq,0.5,6.5,0,5
3.7378786914194815,-12.85779587538116,0.664380693404857,-38.8099090634354,0.3268883333333333,-20.98626157492071,2.966853185231278,-15.329783603527215,0.5,0.25,-20,2,400,0.8,0.5,eq,1,6.5,0,5
3.7378786914194815,-12.85779587538116,0.664380693404857,-35.68803421661903,0.3268883333333333,-20.430536124365304,2.966853185231278,-15.2991686463686,0.5,0.25,-20,2,400,0.8,0.5,eff,1,6.5,0,5
5.327510845438027,-11.073186114760825,0.664380693404857,-41.02755752487721,0.3268883333333333,-23.245033575730048,2.966853185231278,-15.454219524118184,0.5,0.25,-20,2,400,0.8,0.5,eq,1,35,5,5
3.7378786914194815,-14.294863446949414,0.664380693404857,-40.246976635003655,0.3268883333333333,-22.44997778167399,2.966853185231278,-15.410419840210633,0.5,0.25,-20,2,400,0.8,0.5,eq,1,35,0,5
5.327510845438027,-11.073186114760825,0.664380693404857,-37.66990189971462,0.3268883333333333,-22.443761987236996,2.966853185231278,-15.410077411624478,0.5,0.25,-20,2,400,0.8,0.5,eff,1,6.5,5,5
3.7378786914194815,-14.294863446949414,0.664380693404857,-37.12510178818729,0.3268883333333333,-21.89034175440031,2.966853185231278,-15.379589449084573,0.5,0.25,-20,2,400,0.8,0.5,eff,1,35,0,5
5.327510845438027,-14.048893679109554,0.664380693404857,-40.645609464063334,0.3268883333333333,-25.466552802196144,2.966853185231278,-15.576603186549187,0.5,0.25,-20,2,400,0.8,0.5,eff,0.5,6.5,5,5
3.7378786914194815,-14.936640119945,0.664380693404857,-37.76687846118287,0.3268883333333333,-22.54227296418852,2.966853185231278,-15.415504388805235,0.5,0.25,-20,2,400,0.8,0.5,eff,0.5,6.5,0,5
3.7378786914194815,-18.035901907714646,0.664380693404857,-40.866140248952505,0.3268883333333333,-25.690572944157026,2.966853185231278,-15.588944473135747,0.5,0.25,-20,2,400,0.8,0.5,eff,0.5,35,0,5
5.327510845438027,-11.073186114760825,0.6968241909147566,-39.699339980638186,0.3268883333333333,-22.057299010502128,2.966853185231278,-15.388787136967563,0.5,0.25,-20,2,400,0.8,1,eq,1,35,5,5
5.327510845438027,-16.43988535183849,0.664380693404857,-43.03660113679226,0.3268883333333333,-27.895376035226626,2.966853185231278,-15.710407242401804,0.5,0.25,-20,2,400,0.8,0.5,eff,0.5,35,5,5
3.7378786914194815,-12.85779587538116,0.6968241909147566,-37.538344188618254,0.3268883333333333,-19.856601845828877,2.966853185231278,-15.2675505634976,0.5,0.25,-20,2,400,0.8,1,eq,1,6.5,0,5
5.327510845438027,-14.048893679109554,0.6968241909147566,-42.67504754498692,0.3268883333333333,-25.08767566557441,2.966853185231278,-15.555730816398716,0.5,0.25,-20,2,400,0.8,1,eq,0.5,6.5,5,5
3.7378786914194815,-14.294863446949414,0.6968241909147566,-38.97541176018651,0.3268883333333333,-21.320070928876678,2.966853185231278,-15.348173186117474,0.5,0.25,-20,2,400,0.8,1,eq,1,35,0,5
5.327510845438027,-11.073186114760825,0.6968241909147566,-39.699339980638186,0.3268883333333333,-22.057299010502128,2.966853185231278,-15.388787136967563,0.5,0.25,-20,2,400,0.8,1,eq,1,6.5,5,5
5.327510845438027,-16.43988535183849,0.6968241909147566,-45.066039217715854,0.3268883333333333,-27.522594148241534,2.966853185231278,-15.68987066001537,0.5,0.25,-20,2,400,0.8,1,eq,0.5,35,5,5
3.7378786914194815,-18.035901907714646,0.6968241909147566,-42.71645022095176,0.3268883333333333,-25.129838983035533,2.966853185231278,-15.558053596750776,0.5,0.25,-20,2,400,0.8,1,eq,0.5,35,0,5
3.7378786914194815,-14.936640119945,0.6968241909147566,-39.6171884331821,0.3268883333333333,-21.97363819163601,2.966853185231278,-15.384178256120151,0.5,0.25,-20,2,400,0.8,1,eq,0.5,6.5,0,5
5.327510845438027,-11.073186114760825,0.6968241909147566,-36.492398708477886,0.3268883333333333,-21.367655893824644,2.966853185231278,-15.350794645440203,0.5,0.25,-20,2,400,0.8,1,eff,1,6.5,5,5
3.7378786914194815,-14.294863446949414,0.6968241909147566,-36.008099411488,0.3268883333333333,-20.875754093240722,2.966853185231278,-15.323695737992304,0.5,0.25,-20,2,400,0.8,1,eff,1,35,0,5
3.7378786914194815,-14.936640119945,0.6968241909147566,-36.64987608448359,0.3268883333333333,-21.527605340978727,2.966853185231278,-15.359606272597691,0.5,0.25,-20,2,400,0.8,1,eff,0.5,6.5,0,5
5.327510845438027,-11.073186114760825,0.6968241909147566,-36.492398708477886,0.3268883333333333,-21.367655893824644,2.966853185231278,-15.350794645440203,0.5,0.25,-20,2,400,0.8,1,eff,1,35,5,5
5.327510845438027,-14.048893679109554,0.664380693404857,-44.00326508922595,0.49033249999999995,-26.27613706271272,3.048575268564611,-15.906826302324761,0.5,0.25,-20,2,500,0.7,0.5,eq,0.5,6.5,5,5
5.327510845438027,-14.048893679109554,0.6968241909147566,-39.4681062728266,0.3268883333333333,-24.390075951142926,2.966853185231278,-15.517299995298606,0.5,0.25,-20,2,400,0.8,1,eff,0.5,6.5,5,5
3.7378786914194815,-14.936640119945,0.664380693404857,-40.888753307999245,0.49033249999999995,-23.103870524550977,3.048575268564611,-15.651712807447037,0.5,0.25,-20,2,500,0.7,0.5,eq,0.5,6.5,0,5
5.327510845438027,-11.073186114760825,0.664380693404857,-41.02755752487721,0.49033249999999995,-23.245248693412986,3.048575268564611,-15.6630824317594,0.5,0.25,-20,2,500,0.7,0.5,eq,1,35,5,5
3.7378786914194815,-12.85779587538116,0.6968241909147566,-34.57103183991974,0.3268883333333333,-19.416127514318553,2.966853185231278,-15.243284799215772,0.5,0.25,-20,2,400,0.8,1,eff,1,6.5,0,5
5.327510845438027,-16.43988535183849,0.664380693404857,-46.39425676195488,0.49033249999999995,-28.711466709592806,3.048575268564611,-16.10267537424903,0.5,0.25,-20,2,500,0.7,0.5,eq,0.5,35,5,5
3.7378786914194815,-14.294863446949414,0.664380693404857,-40.246976635003655,0.49033249999999995,-22.450192899384366,3.048575268564611,-15.599144089946893,0.5,0.25,-20,2,500,0.7,0.5,eq,1,35,0,5
5.327510845438027,-11.073186114760825,0.664380693404857,-41.02755752487721,0.49033249999999995,-23.245248693412986,3.048575268564611,-15.6630824317594,0.5,0.25,-20,2,500,0.7,0.5,eq,1,6.5,5,5
3.7378786914194815,-18.035901907714646,0.6968241909147566,-39.74913787225322,0.3268883333333333,-24.6755191690824,2.966853185231278,-15.533025083792506,0.5,0.25,-20,2,400,0.8,1,eff,0.5,35,0,5
3.7378786914194815,-12.85779587538116,0.664380693404857,-38.8099090634354,0.49033249999999995,-20.986476692611127,3.048575268564611,-15.48143211570785,0.5,0.25,-20,2,500,0.7,0.5,eq,1,6.5,0,5
3.7378786914194815,-18.035901907714646,0.664380693404857,-43.988015095768894,0.49033249999999995,-26.260604277025223,3.048575268564611,-15.905577156581696,0.5,0.25,-20,2,500,0.7,0.5,eq,0.5,35,0,5
5.327510845438027,-16.43988535183849,0.6968241909147566,-41.85909794555555,0.3268883333333333,-26.818601279047346,2.966853185231278,-15.651087639535266,0.5,0.25,-20,2,400,0.8,1,eff,0.5,35,5,5
5.327510845438027,-11.073186114760825,0.664380693404857,-37.66990189971462,0.49033249999999995,-22.443945046919847,3.048575268564611,-15.598641638006395,0.5,0.25,-20,2,500,0.7,0.5,eff,1,35,5,5
3.7378786914194815,-14.294863446949414,0.664380693404857,-37.12510178818729,0.49033249999999995,-21.890524814083268,3.048575268564611,-15.554135614304855,0.5,0.25,-20,2,500,0.7,0.5,eff,1,35,0,5
5.327510845438027,-11.073186114760825,0.664380693404857,-37.66990189971462,0.49033249999999995,-22.443945046919847,3.048575268564611,-15.598641638006395,0.5,0.25,-20,2,500,0.7,0.5,eff,1,6.5,5,5
3.7378786914194815,-12.85779587538116,0.664380693404857,-35.68803421661903,0.49033249999999995,-20.430719184048243,3.048575268564611,-15.436738128425166,0.5,0.25,-20,2,500,0.7,0.5,eff,1,6.5,0,5
3.7378786914194815,-12.85779587538116,0.6968241909147566,-37.538344188618254,0.49033249999999995,-19.856805011540928,3.048575268564611,-15.390583983258988,0.5,0.25,-20,2,500,0.7,1,eq,1,6.5,0,5
5.327510845438027,-14.048893679109554,0.664380693404857,-40.645609464063334,0.49033249999999995,-25.466735861879112,3.048575268564611,-15.841734303711497,0.5,0.25,-20,2,500,0.7,0.5,eff,0.5,6.5,5,5
5.327510845438027,-16.43988535183849,0.664380693404857,-43.03660113679226,0.49033249999999995,-27.895559094909565,3.048575268564611,-16.03706013020334,0.5,0.25,-20,2,500,0.7,0.5,eff,0.5,35,5,5
3.7378786914194815,-14.936640119945,0.664380693404857,-37.76687846118287,0.49033249999999995,-22.542456023871477,3.048575268564611,-15.606563885179447,0.5,0.25,-20,2,500,0.7,0.5,eff,0.5,6.5,0,5
5.327510845438027,-11.073186114760825,0.6968241909147566,-39.699339980638186,0.49033249999999995,-22.057502176221675,3.048575268564611,-15.567563924287153,0.5,0.25,-20,2,500,0.7,1,eq,1,35,5,5
5.327510845438027,-11.073186114760825,0.6968241909147566,-39.699339980638186,0.49033249999999995,-22.057502176221675,3.048575268564611,-15.567563924287153,0.5,0.25,-20,2,500,0.7,1,eq,1,6.5,5,5
5.327510845438027,-14.048893679109554,0.6968241909147566,-42.67504754498692,0.49033249999999995,-25.08787883128954,3.048575268564611,-15.811266642823064,0.5,0.25,-20,2,500,0.7,1,eq,0.5,6.5,5,5
5.327510845438027,-16.43988535183849,0.6968241909147566,-45.066039217715854,0.49033249999999995,-27.52279731396284,3.048575268564611,-16.007082648945016,0.5,0.25,-20,2,500,0.7,1,eq,0.5,35,5,5
3.7378786914194815,-14.294863446949414,0.6968241909147566,-38.97541176018651,0.49033249999999995,-21.320274094588683,3.048575268564611,-15.508276083821993,0.5,0.25,-20,2,500,0.7,1,eq,1,35,0,5
3.7378786914194815,-18.035901907714646,0.664380693404857,-40.866140248952505,0.49033249999999995,-25.690756003839986,3.048575268564611,-15.85974999080808,0.5,0.25,-20,2,500,0.7,0.5,eff,0.5,35,0,5
3.7378786914194815,-12.85779587538116,0.6968241909147566,-34.57103183991974,0.49033249999999995,-19.416300655279812,3.048575268564611,-15.355158647940236,0.5,0.25,-20,2,500,0.7,1,eff,1,6.5,0,5
3.7378786914194815,-14.936640119945,0.6968241909147566,-39.6171884331821,0.49033249999999995,-21.97384135734804,3.048575268564611,-15.56083592598345,0.5,0.25,-20,2,500,0.7,1,eq,0.5,6.5,0,5
3.7378786914194815,-18.035901907714646,0.6968241909147566,-42.71645022095176,0.49033249999999995,-25.130042148745954,3.048575268564611,-15.814657414418786,0.5,0.25,-20,2,500,0.7,1,eq,0.5,35,0,5
5.327510845438027,-11.073186114760825,0.6968241909147566,-36.492398708477886,0.49033249999999995,-21.367829034785775,3.048575268564611,-15.512100449412536,0.5,0.25,-20,2,500,0.7,1,eff,1,6.5,5,5
3.7378786914194815,-14.294863446949414,0.6968241909147566,-36.008099411488,0.49033249999999995,-20.875927234201882,3.048575268564611,-15.472541734539602,0.5,0.25,-20,2,500,0.7,1,eff,1,35,0,5
5.327510845438027,-11.073186114760825,0.6968241909147566,-36.492398708477886,0.49033249999999995,-21.367829034785775,3.048575268564611,-15.512100449412536,0.5,0.25,-20,2,500,0.7,1,eff,1,35,5,5
5.327510845438027,-14.048893679109554,0.6968241909147566,-39.4681062728266,0.49033249999999995,-24.39024909210406,3.048575268564611,-15.755163298809105,0.5,0.25,-20,2,500,0.7,1,eff,0.5,6.5,5,5
3.7378786914194815,-12.85779587538116,0.664380693404857,-38.8099090634354,0.49033249999999995,-20.986476692611127,3.048575268564611,-15.48143211570785,0.5,0.25,-20,2,500,0.8,0.5,eq,1,6.5,0,5
5.327510845438027,-11.073186114760825,0.664380693404857,-41.02755752487721,0.49033249999999995,-23.245248693412986,3.048575268564611,-15.6630824317594,0.5,0.25,-20,2,500,0.8,0.5,eq,1,6.5,5,5
3.7378786914194815,-18.035901907714646,0.6968241909147566,-39.74913787225322,0.49033249999999995,-24.67569231004355,3.048575268564611,-15.778118626188387,0.5,0.25,-20,2,500,0.7,1,eff,0.5,35,0,5
3.7378786914194815,-14.936640119945,0.6968241909147566,-36.64987608448359,0.49033249999999995,-21.527778481939855,3.048575268564611,-15.524963574870654,0.5,0.25,-20,2,500,0.7,1,eff,0.5,6.5,0,5
5.327510845438027,-16.43988535183849,0.6968241909147566,-41.85909794555555,0.49033249999999995,-26.818774420008477,3.048575268564611,-15.95046516778753,0.5,0.25,-20,2,500,0.7,1,eff,0.5,35,5,5
5.327510845438027,-11.073186114760825,0.664380693404857,-41.02755752487721,0.49033249999999995,-23.245248693412986,3.048575268564611,-15.6630824317594,0.5,0.25,-20,2,500,0.8,0.5,eq,1,35,5,5
5.327510845438027,-14.048893679109554,0.664380693404857,-44.00326508922595,0.49033249999999995,-26.27613706271272,3.048575268564611,-15.906826302324761,0.5,0.25,-20,2,500,0.8,0.5,eq,0.5,6.5,5,5
3.7378786914194815,-14.936640119945,0.664380693404857,-40.888753307999245,0.49033249999999995,-23.103870524550977,3.048575268564611,-15.651712807447037,0.5,0.25,-20,2,500,0.8,0.5,eq,0.5,6.5,0,5
3.7378786914194815,-14.294863446949414,0.664380693404857,-40.246976635003655,0.49033249999999995,-22.450192899384366,3.048575268564611,-15.599144089946893,0.5,0.25,-20,2,500,0.8,0.5,eq,1,35,0,5
3.7378786914194815,-18.035901907714646,0.664380693404857,-43.988015095768894,0.49033249999999995,-26.260604277025223,3.048575268564611,-15.905577156581696,0.5,0.25,-20,2,500,0.8,0.5,eq,0.5,35,0,5
5.327510845438027,-16.43988535183849,0.664380693404857,-46.39425676195488,0.49033249999999995,-28.711466709592806,3.048575268564611,-16.10267537424903,0.5,0.25,-20,2,500,0.8,0.5,eq,0.5,35,5,5
5.327510845438027,-11.073186114760825,0.664380693404857,-37.66990189971462,0.49033249999999995,-22.443945046919847,3.048575268564611,-15.598641638006395,0.5,0.25,-20,2,500,0.8,0.5,eff,1,6.5,5,5
5.327510845438027,-11.073186114760825,0.664380693404857,-37.66990189971462,0.49033249999999995,-22.443945046919847,3.048575268564611,-15.598641638006395,0.5,0.25,-20,2,500,0.8,0.5,eff,1,35,5,5
3.7378786914194815,-12.85779587538116,0.664380693404857,-35.68803421661903,0.49033249999999995,-20.430719184048243,3.048575268564611,-15.436738128425166,0.5,0.25,-20,2,500,0.8,0.5,eff,1,6.5,0,5
5.327510845438027,-14.048893679109554,0.664380693404857,-40.645609464063334,0.49033249999999995,-25.466735861879112,3.048575268564611,-15.841734303711497,0.5,0.25,-20,2,500,0.8,0.5,eff,0.5,6.5,5,5
3.7378786914194815,-14.294863446949414,0.664380693404857,-37.12510178818729,0.49033249999999995,-21.890524814083268,3.048575268564611,-15.554135614304855,0.5,0.25,-20,2,500,0.8,0.5,eff,1,35,0,5
3.7378786914194815,-14.936640119945,0.664380693404857,-37.76687846118287,0.49033249999999995,-22.542456023871477,3.048575268564611,-15.606563885179447,0.5,0.25,-20,2,500,0.8,0.5,eff,0.5,6.5,0,5
3.7378786914194815,-18.035901907714646,0.664380693404857,-40.866140248952505,0.49033249999999995,-25.690756003839986,3.048575268564611,-15.85974999080808,0.5,0.25,-20,2,500,0.8,0.5,eff,0.5,35,0,5
3.7378786914194815,-12.85779587538116,0.6968241909147566,-37.538344188618254,0.49033249999999995,-19.856805011540928,3.048575268564611,-15.390583983258988,0.5,0.25,-20,2,500,0.8,1,eq,1,6.5,0,5
5.327510845438027,-11.073186114760825,0.6968241909147566,-39.699339980638186,0.49033249999999995,-22.057502176221675,3.048575268564611,-15.567563924287153,0.5,0.25,-20,2,500,0.8,1,eq,1,6.5,5,5
5.327510845438027,-16.43988535183849,0.664380693404857,-43.03660113679226,0.49033249999999995,-27.895559094909565,3.048575268564611,-16.03706013020334,0.5,0.25,-20,2,500,0.8,0.5,eff,0.5,35,5,5
3.7378786914194815,-14.294863446949414,0.6968241909147566,-38.97541176018651,0.49033249999999995,-21.320274094588683,3.048575268564611,-15.508276083821993,0.5,0.25,-20,2,500,0.8,1,eq,1,35,0,5
3.7378786914194815,-14.294863446949414,0.6968241909147566,-36.008099411488,0.49033249999999995,-20.875927234201882,3.048575268564611,-15.472541734539602,0.5,0.25,-20,2,500,0.8,1,eff,1,35,0,5
5.327510845438027,-16.43988535183849,0.6968241909147566,-45.066039217715854,0.49033249999999995,-27.52279731396284,3.048575268564611,-16.007082648945016,0.5,0.25,-20,2,500,0.8,1,eq,0.5,35,5,5
5.327510845438027,-11.073186114760825,0.6968241909147566,-39.699339980638186,0.49033249999999995,-22.057502176221675,3.048575268564611,-15.567563924287153,0.5,0.25,-20,2,500,0.8,1,eq,1,35,5,5
3.7378786914194815,-12.85779587538116,0.6968241909147566,-34.57103183991974,0.49033249999999995,-19.416300655279812,3.048575268564611,-15.355158647940236,0.5,0.25,-20,2,500,0.8,1,eff,1,6.5,0,5
5.327510845438027,-11.073186114760825,0.6968241909147566,-36.492398708477886,0.49033249999999995,-21.367829034785775,3.048575268564611,-15.512100449412536,0.5,0.25,-20,2,500,0.8,1,eff,1,35,5,5
5.327510845438027,-11.073186114760825,0.6968241909147566,-36.492398708477886,0.49033249999999995,-21.367829034785775,3.048575268564611,-15.512100449412536,0.5,0.25,-20,2,500,0.8,1,eff,1,6.5,5,5
3.7378786914194815,-18.035901907714646,0.6968241909147566,-42.71645022095176,0.49033249999999995,-25.130042148745954,3.048575268564611,-15.814657414418786,0.5,0.25,-20,2,500,0.8,1,eq,0.5,35,0,5
5.327510845438027,-14.048893679109554,0.6968241909147566,-42.67504754498692,0.49033249999999995,-25.08787883128954,3.048575268564611,-15.811266642823064,0.5,0.25,-20,2,500,0.8,1,eq,0.5,6.5,5,5
3.7378786914194815,-14.936640119945,0.6968241909147566,-36.64987608448359,0.49033249999999995,-21.527778481939855,3.048575268564611,-15.524963574870654,0.5,0.25,-20,2,500,0.8,1,eff,0.5,6.5,0,5
5.327510845438027,-14.048893679109554,0.6968241909147566,-39.4681062728266,0.49033249999999995,-24.39024909210406,3.048575268564611,-15.755163298809105,0.5,0.25,-20,2,500,0.8,1,eff,0.5,6.5,5,5
3.7378786914194815,-14.936640119945,0.6968241909147566,-39.6171884331821,0.49033249999999995,-21.97384135734804,3.048575268564611,-15.56083592598345,0.5,0.25,-20,2,500,0.8,1,eq,0.5,6.5,0,5
3.7378786914194815,-18.035901907714646,0.6968241909147566,-39.74913787225322,0.49033249999999995,-24.67569231004355,3.048575268564611,-15.778118626188387,0.5,0.25,-20,2,500,0.8,1,eff,0.5,35,0,5
5.327510845438027,-11.073186114760825,0.664380693404857,-41.02755752487721,1.6344416666666668,-23.246754517330494,3.6206298518979443,-16.861394253106397,0.5,0.25,-20,10,400,0.7,0.5,eq,1,6.5,5,5
3.7378786914194815,-12.85779587538116,0.664380693404857,-38.8099090634354,1.6344416666666668,-20.98798251650289,3.6206298518979443,-16.35156154102768,0.5,0.25,-20,10,400,0.7,0.5,eq,1,6.5,0,5
5.327510845438027,-11.073186114760825,0.664380693404857,-41.02755752487721,1.6344416666666668,-23.246754517330494,3.6206298518979443,-16.861394253106397,0.5,0.25,-20,10,400,0.7,0.5,eq,1,35,5,5
5.327510845438027,-16.43988535183849,0.6968241909147566,-41.85909794555555,0.49033249999999995,-26.818774420008477,3.048575268564611,-15.95046516778753,0.5,0.25,-20,2,500,0.8,1,eff,0.5,35,5,5
5.327510845438027,-14.048893679109554,0.664380693404857,-44.00326508922595,1.6344416666666668,-26.27764288660867,3.6206298518979443,-17.545503156860654,0.5,0.25,-20,10,400,0.7,0.5,eq,0.5,6.5,5,5
5.327510845438027,-16.43988535183849,0.664380693404857,-46.39425676195488,1.6344416666666668,-28.71297253348814,3.6206298518979443,-18.095187108237432,0.5,0.25,-20,10,400,0.7,0.5,eq,0.5,35,5,5
3.7378786914194815,-14.294863446949414,0.664380693404857,-40.246976635003655,1.6344416666666668,-22.451698723274163,3.6206298518979443,-16.68194035001691,0.5,0.25,-20,10,400,0.7,0.5,eq,1,35,0,5
3.7378786914194815,-12.85779587538116,0.664380693404857,-35.68803421661903,1.6344416666666668,-20.432000601828427,3.6206298518979443,-16.2260695625005,0.5,0.25,-20,10,400,0.7,0.5,eff,1,6.5,0,5
3.7378786914194815,-14.294863446949414,0.664380693404857,-37.12510178818729,1.6344416666666668,-21.891806231863825,3.6206298518979443,-16.5555657060672,0.5,0.25,-20,10,400,0.7,0.5,eff,1,35,0,5
3.7378786914194815,-18.035901907714646,0.664380693404857,-43.988015095768894,1.6344416666666668,-26.26211010094042,3.6206298518979443,-17.54199721547267,0.5,0.25,-20,10,400,0.7,0.5,eq,0.5,35,0,5
5.327510845438027,-11.073186114760825,0.664380693404857,-37.66990189971462,1.6344416666666668,-22.445226464700077,3.6206298518979443,-16.680479481394062,0.5,0.25,-20,10,400,0.7,0.5,eff,1,35,5,5
3.7378786914194815,-14.936640119945,0.664380693404857,-37.76687846118287,1.6344416666666668,-22.543737441651693,3.6206298518979443,-16.70271462444095,0.5,0.25,-20,10,400,0.7,0.5,eff,0.5,6.5,0,5
5.327510845438027,-14.048893679109554,0.664380693404857,-40.645609464063334,1.6344416666666668,-25.468017279659716,3.6206298518979443,-17.36276066722109,0.5,0.25,-20,10,400,0.7,0.5,eff,0.5,6.5,5,5
3.7378786914194815,-14.936640119945,0.664380693404857,-40.888753307999245,1.6344416666666668,-23.105376348442423,3.6206298518979443,-16.829483455891527,0.5,0.25,-20,10,400,0.7,0.5,eq,0.5,6.5,0,5
5.327510845438027,-11.073186114760825,0.664380693404857,-37.66990189971462,1.6344416666666668,-22.445226464700077,3.6206298518979443,-16.680479481394062,0.5,0.25,-20,10,400,0.7,0.5,eff,1,6.5,5,5
3.7378786914194815,-18.035901907714646,0.664380693404857,-40.866140248952505,1.6344416666666668,-25.69203742161405,3.6206298518979443,-17.4133247774948,0.5,0.25,-20,10,400,0.7,0.5,eff,0.5,35,0,5
5.327510845438027,-16.43988535183849,0.664380693404857,-43.03660113679226,1.6344416666666668,-27.896840512690193,3.6206298518979443,-17.910976040708128,0.5,0.25,-20,10,400,0.7,0.5,eff,0.5,35,5,5
5.327510845438027,-11.073186114760825,0.6968241909147566,-39.699339980638186,1.6344416666666668,-22.058924336234643,3.6206298518979443,-16.593286324331324,0.5,0.25,-20,10,400,0.7,1,eq,1,6.5,5,5
3.7378786914194815,-12.85779587538116,0.6968241909147566,-37.538344188618254,1.6344416666666668,-19.858227171538502,3.6206298518979443,-16.096561819365697,0.5,0.25,-20,10,400,0.7,1,eq,1,6.5,0,5
5.327510845438027,-11.073186114760825,0.6968241909147566,-39.699339980638186,1.6344416666666668,-22.058924336234643,3.6206298518979443,-16.593286324331324,0.5,0.25,-20,10,400,0.7,1,eq,1,35,5,5
5.327510845438027,-14.048893679109554,0.6968241909147566,-42.67504754498692,1.6344416666666668,-25.089300991279618,3.6206298518979443,-17.277279727868965,0.5,0.25,-20,10,400,0.7,1,eq,0.5,6.5,5,5
3.7378786914194815,-18.035901907714646,0.6968241909147566,-42.71645022095176,1.6344416666666668,-25.131464308742377,3.6206298518979443,-17.286796508882873,0.5,0.25,-20,10,400,0.7,1,eq,0.5,35,0,5
3.7378786914194815,-14.294863446949414,0.6968241909147566,-38.97541176018651,1.6344416666666668,-21.321696254577343,3.6206298518979443,-16.426884849479407,0.5,0.25,-20,10,400,0.7,1,eq,1,35,0,5
3.7378786914194815,-14.936640119945,0.6968241909147566,-39.6171884331821,1.6344416666666668,-21.975263517336522,3.6206298518979443,-16.57440304519653,0.5,0.25,-20,10,400,0.7,1,eq,0.5,6.5,0,5
5.327510845438027,-16.43988535183849,0.6968241909147566,-45.066039217715854,1.6344416666666668,-27.524219473956606,3.6206298518979443,-17.826870874411817,0.5,0.25,-20,10,400,0.7,1,eq,0.5,35,5,5
3.7378786914194815,-14.936640119945,0.6968241909147566,-36.64987608448359,1.6344416666666668,-21.528990468668315,3.6206298518979443,-16.473673711449255,0.5,0.25,-20,10,400,0.7,1,eff,0.5,6.5,0,5
3.7378786914194815,-12.85779587538116,0.664380693404857,-38.8099090634354,1.6344416666666668,-20.98798251650289,3.6206298518979443,-16.35156154102768,0.5,0.25,-20,10,400,0.8,0.5,eq,1,6.5,0,5
5.327510845438027,-14.048893679109554,0.6968241909147566,-39.4681062728266,1.6344416666666668,-24.39146107883252,3.6206298518979443,-17.11976864882714,0.5,0.25,-20,10,400,0.7,1,eff,0.5,6.5,5,5
3.7378786914194815,-14.294863446949414,0.6968241909147566,-36.008099411488,1.6344416666666668,-20.877139220930456,3.6206298518979443,-16.326542841496703,0.5,0.25,-20,10,400,0.7,1,eff,1,35,0,5
3.7378786914194815,-12.85779587538116,0.6968241909147566,-34.57103183991974,1.6344416666666668,-19.417512642007768,3.6206298518979443,-15.997087111975784,0.5,0.25,-20,10,400,0.7,1,eff,1,6.5,0,5
5.327510845438027,-11.073186114760825,0.6968241909147566,-36.492398708477886,1.6344416666666668,-21.3690410215158,3.6206298518979443,-16.437571147574936,0.5,0.25,-20,10,400,0.7,1,eff,1,35,5,5
5.327510845438027,-16.43988535183849,0.6968241909147566,-41.85909794555555,1.6344416666666668,-26.819986406738057,3.6206298518979443,-17.66791678145152,0.5,0.25,-20,10,400,0.7,1,eff,0.5,35,5,5
5.327510845438027,-11.073186114760825,0.6968241909147566,-36.492398708477886,1.6344416666666668,-21.3690410215158,3.6206298518979443,-16.437571147574936,0.5,0.25,-20,10,400,0.7,1,eff,1,6.5,5,5
3.7378786914194815,-18.035901907714646,0.6968241909147566,-39.74913787225322,1.6344416666666668,-24.6769042967733,3.6206298518979443,-17.184196705263943,0.5,0.25,-20,10,400,0.7,1,eff,0.5,35,0,5
5.327510845438027,-11.073186114760825,0.664380693404857,-41.02755752487721,1.6344416666666668,-23.246754517330494,3.6206298518979443,-16.861394253106397,0.5,0.25,-20,10,400,0.8,0.5,eq,1,6.5,5,5
5.327510845438027,-11.073186114760825,0.664380693404857,-41.02755752487721,1.6344416666666668,-23.246754517330494,3.6206298518979443,-16.861394253106397,0.5,0.25,-20,10,400,0.8,0.5,eq,1,35,5,5
5.327510845438027,-14.048893679109554,0.664380693404857,-44.00326508922595,1.6344416666666668,-26.27764288660867,3.6206298518979443,-17.545503156860654,0.5,0.25,-20,10,400,0.8,0.5,eq,0.5,6.5,5,5
3.7378786914194815,-14.294863446949414,0.664380693404857,-40.246976635003655,1.6344416666666668,-22.451698723274163,3.6206298518979443,-16.68194035001691,0.5,0.25,-20,10,400,0.8,0.5,eq,1,35,0,5
3.7378786914194815,-12.85779587538116,0.664380693404857,-35.68803421661903,1.6344416666666668,-20.432000601828427,3.6206298518979443,-16.2260695625005,0.5,0.25,-20,10,400,0.8,0.5,eff,1,6.5,0,5
3.7378786914194815,-14.294863446949414,0.664380693404857,-37.12510178818729,1.6344416666666668,-21.891806231863825,3.6206298518979443,-16.5555657060672,0.5,0.25,-20,10,400,0.8,0.5,eff,1,35,0,5
3.7378786914194815,-14.936640119945,0.664380693404857,-40.888753307999245,1.6344416666666668,-23.105376348442423,3.6206298518979443,-16.829483455891527,0.5,0.25,-20,10,400,0.8,0.5,eq,0.5,6.5,0,5
5.327510845438027,-11.073186114760825,0.664380693404857,-37.66990189971462,1.6344416666666668,-22.445226464700077,3.6206298518979443,-16.680479481394062,0.5,0.25,-20,10,400,0.8,0.5,eff,1,6.5,5,5
5.327510845438027,-16.43988535183849,0.664380693404857,-43.03660113679226,1.6344416666666668,-27.896840512690193,3.6206298518979443,-17.910976040708128,0.5,0.25,-20,10,400,0.8,0.5,eff,0.5,35,5,5
5.327510845438027,-11.073186114760825,0.664380693404857,-37.66990189971462,1.6344416666666668,-22.445226464700077,3.6206298518979443,-16.680479481394062,0.5,0.25,-20,10,400,0.8,0.5,eff,1,35,5,5
3.7378786914194815,-18.035901907714646,0.664380693404857,-43.988015095768894,1.6344416666666668,-26.26211010094042,3.6206298518979443,-17.54199721547267,0.5,0.25,-20,10,400,0.8,0.5,eq,0.5,35,0,5
3.7378786914194815,-14.936640119945,0.664380693404857,-37.76687846118287,1.6344416666666668,-22.543737441651693,3.6206298518979443,-16.70271462444095,0.5,0.25,-20,10,400,0.8,0.5,eff,0.5,6.5,0,5
5.327510845438027,-14.048893679109554,0.664380693404857,-40.645609464063334,1.6344416666666668,-25.468017279659716,3.6206298518979443,-17.36276066722109,0.5,0.25,-20,10,400,0.8,0.5,eff,0.5,6.5,5,5
3.7378786914194815,-18.035901907714646,0.664380693404857,-40.866140248952505,1.6344416666666668,-25.69203742161405,3.6206298518979443,-17.4133247774948,0.5,0.25,-20,10,400,0.8,0.5,eff,0.5,35,0,5
5.327510845438027,-11.073186114760825,0.6968241909147566,-39.699339980638186,1.6344416666666668,-22.058924336234643,3.6206298518979443,-16.593286324331324,0.5,0.25,-20,10,400,0.8,1,eq,1,6.5,5,5
5.327510845438027,-11.073186114760825,0.6968241909147566,-39.699339980638186,1.6344416666666668,-22.058924336234643,3.6206298518979443,-16.593286324331324,0.5,0.25,-20,10,400,0.8,1,eq,1,35,5,5
3.7378786914194815,-12.85779587538116,0.6968241909147566,-34.57103183991974,1.6344416666666668,-19.417512642007768,3.6206298518979443,-15.997087111975784,0.5,0.25,-20,10,400,0.8,1,eff,1,6.5,0,5
3.7378786914194815,-14.294863446949414,0.6968241909147566,-38.97541176018651,1.6344416666666668,-21.321696254577343,3.6206298518979443,-16.426884849479407,0.5,0.25,-20,10,400,0.8,1,eq,1,35,0,5
5.327510845438027,-11.073186114760825,0.6968241909147566,-36.492398708477886,1.6344416666666668,-21.3690410215158,3.6206298518979443,-16.437571147574936,0.5,0.25,-20,10,400,0.8,1,eff,1,35,5,5
3.7378786914194815,-18.035901907714646,0.6968241909147566,-42.71645022095176,1.6344416666666668,-25.131464308742377,3.6206298518979443,-17.286796508882873,0.5,0.25,-20,10,400,0.8,1,eq,0.5,35,0,5
3.7378786914194815,-12.85779587538116,0.6968241909147566,-37.538344188618254,1.6344416666666668,-19.858227171538502,3.6206298518979443,-16.096561819365697,0.5,0.25,-20,10,400,0.8,1,eq,1,6.5,0,5
5.327510845438027,-16.43988535183849,0.664380693404857,-46.39425676195488,1.6344416666666668,-28.71297253348814,3.6206298518979443,-18.095187108237432,0.5,0.25,-20,10,400,0.8,0.5,eq,0.5,35,5,5
5.327510845438027,-16.43988535183849,0.6968241909147566,-45.066039217715854,1.6344416666666668,-27.524219473956606,3.6206298518979443,-17.826870874411817,0.5,0.25,-20,10,400,0.8,1,eq,0.5,35,5,5
5.327510845438027,-14.048893679109554,0.6968241909147566,-39.4681062728266,1.6344416666666668,-24.39146107883252,3.6206298518979443,-17.11976864882714,0.5,0.25,-20,10,400,0.8,1,eff,0.5,6.5,5,5
3.7378786914194815,-14.294863446949414,0.6968241909147566,-36.008099411488,1.6344416666666668,-20.877139220930456,3.6206298518979443,-16.326542841496703,0.5,0.25,-20,10,400,0.8,1,eff,1,35,0,5
3.7378786914194815,-14.936640119945,0.6968241909147566,-39.6171884331821,1.6344416666666668,-21.975263517336522,3.6206298518979443,-16.57440304519653,0.5,0.25,-20,10,400,0.8,1,eq,0.5,6.5,0,5
5.327510845438027,-14.048893679109554,0.6968241909147566,-42.67504754498692,1.6344416666666668,-25.089300991279618,3.6206298518979443,-17.277279727868965,0.5,0.25,-20,10,400,0.8,1,eq,0.5,6.5,5,5
5.327510845438027,-11.073186114760825,0.6968241909147566,-36.492398708477886,1.6344416666666668,-21.3690410215158,3.6206298518979443,-16.437571147574936,0.5,0.25,-20,10,400,0.8,1,eff,1,6.5,5,5
5.327510845438027,-11.073186114760825,0.664380693404857,-41.02755752487721,2.4516625,-23.24783010580261,4.029240268564611,-17.509269046887987,0.5,0.25,-20,10,500,0.7,0.5,eq,1,6.5,5,5
5.327510845438027,-16.43988535183849,0.6968241909147566,-41.85909794555555,1.6344416666666668,-26.819986406738057,3.6206298518979443,-17.66791678145152,0.5,0.25,-20,10,400,0.8,1,eff,0.5,35,5,5
3.7378786914194815,-18.035901907714646,0.6968241909147566,-39.74913787225322,1.6344416666666668,-24.6769042967733,3.6206298518979443,-17.184196705263943,0.5,0.25,-20,10,400,0.8,1,eff,0.5,35,0,5
3.7378786914194815,-12.85779587538116,0.664380693404857,-38.8099090634354,2.4516625,-20.989058105002737,4.029240268564611,-16.82207416133896,0.5,0.25,-20,10,500,0.7,0.5,eq,1,6.5,0,5
3.7378786914194815,-14.936640119945,0.6968241909147566,-36.64987608448359,1.6344416666666668,-21.528990468668315,3.6206298518979443,-16.473673711449255,0.5,0.25,-20,10,400,0.8,1,eff,0.5,6.5,0,5
5.327510845438027,-11.073186114760825,0.664380693404857,-37.66990189971462,2.4516625,-22.446141763114753,4.029240268564611,-17.265368321757624,0.5,0.25,-20,10,500,0.7,0.5,eff,1,6.5,5,5
5.327510845438027,-14.048893679109554,0.664380693404857,-44.00326508922595,2.4516625,-26.278718475096678,4.029240268564611,-18.43136786222277,0.5,0.25,-20,10,500,0.7,0.5,eq,0.5,6.5,5,5
3.7378786914194815,-14.936640119945,0.664380693404857,-40.888753307999245,2.4516625,-23.106451936940577,4.029240268564611,-17.466257023303513,0.5,0.25,-20,10,500,0.7,0.5,eq,0.5,6.5,0,5
3.7378786914194815,-18.035901907714646,0.664380693404857,-43.988015095768894,2.4516625,-26.263185689445837,4.029240268564611,-18.426642263156488,0.5,0.25,-20,10,500,0.7,0.5,eq,0.5,35,0,5
3.7378786914194815,-12.85779587538116,0.664380693404857,-35.68803421661903,2.4516625,-20.43291590024308,4.029240268564611,-16.652876881306568,0.5,0.25,-20,10,500,0.7,0.5,eff,1,6.5,0,5
5.327510845438027,-16.43988535183849,0.664380693404857,-46.39425676195488,2.4516625,-28.71404812197235,4.029240268564611,-19.172277558892393,0.5,0.25,-20,10,500,0.7,0.5,eq,0.5,35,5,5
3.7378786914194815,-14.294863446949414,0.664380693404857,-40.246976635003655,2.4516625,-22.452774311774,4.029240268564611,-17.267386167522993,0.5,0.25,-20,10,500,0.7,0.5,eq,1,35,0,5
5.327510845438027,-11.073186114760825,0.664380693404857,-41.02755752487721,2.4516625,-23.24783010580261,4.029240268564611,-17.509269046887987,0.5,0.25,-20,10,500,0.7,0.5,eq,1,35,5,5
5.327510845438027,-11.073186114760825,0.664380693404857,-37.66990189971462,2.4516625,-22.446141763114753,4.029240268564611,-17.265368321757624,0.5,0.25,-20,10,500,0.7,0.5,eff,1,35,5,5
5.327510845438027,-14.048893679109554,0.664380693404857,-40.645609464063334,2.4516625,-25.468932578067896,4.029240268564611,-18.185003587018798,0.5,0.25,-20,10,500,0.7,0.5,eff,0.5,6.5,5,5
5.327510845438027,-16.43988535183849,0.664380693404857,-43.03660113679226,2.4516625,-27.89775581110461,4.029240268564611,-18.923933812404204,0.5,0.25,-20,10,500,0.7,0.5,eff,0.5,35,5,5
3.7378786914194815,-18.035901907714646,0.664380693404857,-40.866140248952505,2.4516625,-25.692952720028842,4.029240268564611,-18.253158095646093,0.5,0.25,-20,10,500,0.7,0.5,eff,0.5,35,0,5
3.7378786914194815,-14.294863446949414,0.664380693404857,-37.12510178818729,2.4516625,-21.892721530276713,4.029240268564611,-17.096999157702577,0.5,0.25,-20,10,500,0.7,0.5,eff,1,35,0,5
5.327510845438027,-11.073186114760825,0.6968241909147566,-39.699339980638186,2.4516625,-22.05994016480492,4.029240268564611,-17.14787272545337,0.5,0.25,-20,10,500,0.7,1,eq,1,6.5,5,5
3.7378786914194815,-14.936640119945,0.664380693404857,-37.76687846118287,2.4516625,-22.544652740066386,4.029240268564611,-17.29533869482214,0.5,0.25,-20,10,500,0.7,0.5,eff,0.5,6.5,0,5
3.7378786914194815,-12.85779587538116,0.6968241909147566,-37.538344188618254,2.4516625,-19.859243000099557,4.029240268564611,-16.478346170452518,0.5,0.25,-20,10,500,0.7,1,eq,1,6.5,0,5
5.327510845438027,-11.073186114760825,0.6968241909147566,-39.699339980638186,2.4516625,-22.05994016480492,4.029240268564611,-17.14787272545337,0.5,0.25,-20,10,500,0.7,1,eq,1,35,5,5
3.7378786914194815,-14.936640119945,0.6968241909147566,-39.6171884331821,2.4516625,-21.97627934590504,4.029240268564611,-17.122420273037452,0.5,0.25,-20,10,500,0.7,1,eq,0.5,6.5,0,5
5.327510845438027,-14.048893679109554,0.6968241909147566,-42.67504754498692,2.4516625,-25.090316819844652,4.029240268564611,-18.06981585999401,0.5,0.25,-20,10,500,0.7,1,eq,0.5,6.5,5,5
5.327510845438027,-16.43988535183849,0.6968241909147566,-45.066039217715854,2.4516625,-27.52523530251676,4.029240268564611,-18.810600466598103,0.5,0.25,-20,10,500,0.7,1,eq,0.5,35,5,5
3.7378786914194815,-14.294863446949414,0.6968241909147566,-38.97541176018651,2.4516625,-21.322712083146186,4.029240268564611,-16.923582993236153,0.5,0.25,-20,10,500,0.7,1,eq,1,35,0,5
5.327510845438027,-11.073186114760825,0.6968241909147566,-36.492398708477886,2.4516625,-21.36990672632197,4.029240268564611,-16.937941200883767,0.5,0.25,-20,10,500,0.7,1,eff,1,6.5,5,5
3.7378786914194815,-12.85779587538116,0.6968241909147566,-34.57103183991974,2.4516625,-19.41837834681359,4.029240268564611,-16.344220222880068,0.5,0.25,-20,10,500,0.7,1,eff,1,6.5,0,5
3.7378786914194815,-18.035901907714646,0.6968241909147566,-42.71645022095176,2.4516625,-25.13248013730742,4.029240268564611,-18.08264336808596,0.5,0.25,-20,10,500,0.7,1,eq,0.5,35,0,5
3.7378786914194815,-14.294863446949414,0.6968241909147566,-36.008099411488,2.4516625,-20.878004925736263,4.029240268564611,-16.788288025868624,0.5,0.25,-20,10,500,0.7,1,eff,1,35,0,5
5.327510845438027,-16.43988535183849,0.6968241909147566,-41.85909794555555,2.4516625,-26.82085211154412,4.029240268564611,-18.59630326168693,0.5,0.25,-20,10,500,0.7,1,eff,0.5,35,5,5
5.327510845438027,-14.048893679109554,0.6968241909147566,-39.4681062728266,2.4516625,-24.39232678363992,4.029240268564611,-17.857463669124773,0.5,0.25,-20,10,500,0.7,1,eff,0.5,6.5,5,5
5.327510845438027,-11.073186114760825,0.6968241909147566,-36.492398708477886,2.4516625,-21.36990672632197,4.029240268564611,-16.937941200883767,0.5,0.25,-20,10,500,0.7,1,eff,1,35,5,5
3.7378786914194815,-14.936640119945,0.6968241909147566,-36.64987608448359,2.4516625,-21.529856173474112,4.029240268564611,-16.986603235825903,0.5,0.25,-20,10,500,0.7,1,eff,0.5,6.5,0,5
3.7378786914194815,-12.85779587538116,0.664380693404857,-38.8099090634354,2.4516625,-20.989058105002737,4.029240268564611,-16.82207416133896,0.5,0.25,-20,10,500,0.8,0.5,eq,1,6.5,0,5
3.7378786914194815,-18.035901907714646,0.6968241909147566,-39.74913787225322,2.4516625,-24.677770001578974,4.029240268564611,-17.94430515618628,0.5,0.25,-20,10,500,0.7,1,eff,0.5,35,0,5
5.327510845438027,-11.073186114760825,0.664380693404857,-41.02755752487721,2.4516625,-23.24783010580261,4.029240268564611,-17.509269046887987,0.5,0.25,-20,10,500,0.8,0.5,eq,1,35,5,5
5.327510845438027,-11.073186114760825,0.664380693404857,-41.02755752487721,2.4516625,-23.24783010580261,4.029240268564611,-17.509269046887987,0.5,0.25,-20,10,500,0.8,0.5,eq,1,6.5,5,5
5.327510845438027,-14.048893679109554,0.664380693404857,-44.00326508922595,2.4516625,-26.278718475096678,4.029240268564611,-18.43136786222277,0.5,0.25,-20,10,500,0.8,0.5,eq,0.5,6.5,5,5
3.7378786914194815,-14.936640119945,0.664380693404857,-40.888753307999245,2.4516625,-23.106451936940577,4.029240268564611,-17.466257023303513,0.5,0.25,-20,10,500,0.8,0.5,eq,0.5,6.5,0,5
3.7378786914194815,-14.294863446949414,0.664380693404857,-40.246976635003655,2.4516625,-22.452774311774,4.029240268564611,-17.267386167522993,0.5,0.25,-20,10,500,0.8,0.5,eq,1,35,0,5
5.327510845438027,-16.43988535183849,0.664380693404857,-46.39425676195488,2.4516625,-28.71404812197235,4.029240268564611,-19.172277558892393,0.5,0.25,-20,10,500,0.8,0.5,eq,0.5,35,5,5
3.7378786914194815,-18.035901907714646,0.664380693404857,-43.988015095768894,2.4516625,-26.263185689445837,4.029240268564611,-18.426642263156488,0.5,0.25,-20,10,500,0.8,0.5,eq,0.5,35,0,5
3.7378786914194815,-14.294863446949414,0.664380693404857,-37.12510178818729,2.4516625,-21.892721530276713,4.029240268564611,-17.096999157702577,0.5,0.25,-20,10,500,0.8,0.5,eff,1,35,0,5
3.7378786914194815,-14.936640119945,0.664380693404857,-37.76687846118287,2.4516625,-22.544652740066386,4.029240268564611,-17.29533869482214,0.5,0.25,-20,10,500,0.8,0.5,eff,0.5,6.5,0,5
3.7378786914194815,-12.85779587538116,0.664380693404857,-35.68803421661903,2.4516625,-20.43291590024308,4.029240268564611,-16.652876881306568,0.5,0.25,-20,10,500,0.8,0.5,eff,1,6.5,0,5
3.7378786914194815,-18.035901907714646,0.664380693404857,-40.866140248952505,2.4516625,-25.692952720028842,4.029240268564611,-18.253158095646093,0.5,0.25,-20,10,500,0.8,0.5,eff,0.5,35,0,5
5.327510845438027,-11.073186114760825,0.664380693404857,-37.66990189971462,2.4516625,-22.446141763114753,4.029240268564611,-17.265368321757624,0.5,0.25,-20,10,500,0.8,0.5,eff,1,6.5,5,5
5.327510845438027,-14.048893679109554,0.664380693404857,-40.645609464063334,2.4516625,-25.468932578067896,4.029240268564611,-18.185003587018798,0.5,0.25,-20,10,500,0.8,0.5,eff,0.5,6.5,5,5
5.327510845438027,-11.073186114760825,0.664380693404857,-37.66990189971462,2.4516625,-22.446141763114753,4.029240268564611,-17.265368321757624,0.5,0.25,-20,10,500,0.8,0.5,eff,1,35,5,5
5.327510845438027,-11.073186114760825,0.6968241909147566,-39.699339980638186,2.4516625,-22.05994016480492,4.029240268564611,-17.14787272545337,0.5,0.25,-20,10,500,0.8,1,eq,1,6.5,5,5
5.327510845438027,-16.43988535183849,0.664380693404857,-43.03660113679226,2.4516625,-27.89775581110461,4.029240268564611,-18.923933812404204,0.5,0.25,-20,10,500,0.8,0.5,eff,0.5,35,5,5
3.7378786914194815,-12.85779587538116,0.6968241909147566,-37.538344188618254,2.4516625,-19.859243000099557,4.029240268564611,-16.478346170452518,0.5,0.25,-20,10,500,0.8,1,eq,1,6.5,0,5
5.327510845438027,-14.048893679109554,0.6968241909147566,-42.67504754498692,2.4516625,-25.090316819844652,4.029240268564611,-18.06981585999401,0.5,0.25,-20,10,500,0.8,1,eq,0.5,6.5,5,5
5.327510845438027,-11.073186114760825,0.6968241909147566,-39.699339980638186,2.4516625,-22.05994016480492,4.029240268564611,-17.14787272545337,0.5,0.25,-20,10,500,0.8,1,eq,1,35,5,5
5.327510845438027,-11.073186114760825,0.6968241909147566,-36.492398708477886,2.4516625,-21.36990672632197,4.029240268564611,-16.937941200883767,0.5,0.25,-20,10,500,0.8,1,eff,1,6.5,5,5
5.327510845438027,-14.048893679109554,0.6968241909147566,-39.4681062728266,2.4516625,-24.39232678363992,4.029240268564611,-17.857463669124773,0.5,0.25,-20,10,500,0.8,1,eff,0.5,6.5,5,5
3.7378786914194815,-14.936640119945,0.6968241909147566,-36.64987608448359,2.4516625,-21.529856173474112,4.029240268564611,-16.986603235825903,0.5,0.25,-20,10,500,0.8,1,eff,0.5,6.5,0,5
3.7378786914194815,-14.294863446949414,0.6968241909147566,-38.97541176018651,2.4516625,-21.322712083146186,4.029240268564611,-16.923582993236153,0.5,0.25,-20,10,500,0.8,1,eq,1,35,0,5
5.327510845438027,-16.43988535183849,0.6968241909147566,-45.066039217715854,2.4516625,-27.52523530251676,4.029240268564611,-18.810600466598103,0.5,0.25,-20,10,500,0.8,1,eq,0.5,35,5,5
3.7378786914194815,-18.035901907714646,0.6968241909147566,-39.74913787225322,2.4516625,-24.677770001578974,4.029240268564611,-17.94430515618628,0.5,0.25,-20,10,500,0.8,1,eff,0.5,35,0,5
3.7378786914194815,-14.294863446949414,0.6968241909147566,-36.008099411488,2.4516625,-20.878004925736263,4.029240268564611,-16.788288025868624,0.5,0.25,-20,10,500,0.8,1,eff,1,35,0,5
3.7378786914194815,-18.035901907714646,0.6968241909147566,-42.71645022095176,2.4516625,-25.13248013730742,4.029240268564611,-18.08264336808596,0.5,0.25,-20,10,500,0.8,1,eq,0.5,35,0,5
5.327510845438027,-11.073186114760825,0.6968241909147566,-36.492398708477886,2.4516625,-21.36990672632197,4.029240268564611,-16.937941200883767,0.5,0.25,-20,10,500,0.8,1,eff,1,35,5,5
3.7378786914194815,-14.936640119945,0.6968241909147566,-39.6171884331821,2.4516625,-21.97627934590504,4.029240268564611,-17.122420273037452,0.5,0.25,-20,10,500,0.8,1,eq,0.5,6.5,0,5
5.327510845438027,-11.073186114760825,1.6648435882347152,-25.825172705597662,0.3268883333333333,-11.110906234932923,2.966853185231278,-14.785749529945157,0.5,0.25,-10,2,400,0.7,0.5,eq,1,6.5,5,5
3.7378786914194815,-12.85779587538116,1.6648435882347152,-23.607524244155858,0.3268883333333333,-8.859761342902546,2.966853185231278,-14.66173378735447,0.5,0.25,-10,2,400,0.7,0.5,eq,1,6.5,0,5
3.7378786914194815,-12.85779587538116,0.6968241909147566,-34.57103183991974,2.4516625,-19.41837834681359,4.029240268564611,-16.344220222880068,0.5,0.25,-20,10,500,0.8,1,eff,1,6.5,0,5
5.327510845438027,-16.43988535183849,0.6968241909147566,-41.85909794555555,2.4516625,-26.82085211154412,4.029240268564611,-18.59630326168693,0.5,0.25,-20,10,500,0.8,1,eff,0.5,35,5,5
5.327510845438027,-14.048893679109554,1.6648435882347152,-28.800880269946397,0.3268883333333333,-14.13156031971957,2.966853185231278,-14.952157592242777,0.5,0.25,-10,2,400,0.7,0.5,eq,0.5,6.5,5,5
3.7378786914194815,-14.936640119945,1.6648435882347152,-25.686368488719694,0.3268883333333333,-10.970005452299414,2.966853185231278,-14.777987295158779,0.5,0.25,-10,2,400,0.7,0.5,eq,0.5,6.5,0,5
3.7378786914194815,-18.035901907714646,1.6648435882347152,-28.785630276489343,0.3268883333333333,-14.116079983012154,2.966853185231278,-14.951304779321163,0.5,0.25,-10,2,400,0.7,0.5,eq,0.5,35,0,5
5.327510845438027,-16.43988535183849,1.6648435882347152,-31.19187194267533,0.3268883333333333,-16.55866668240115,2.966853185231278,-15.085867065577908,0.5,0.25,-10,2,400,0.7,0.5,eq,0.5,35,5,5
3.7378786914194815,-14.294863446949414,1.6648435882347152,-25.04459181572411,0.3268883333333333,-10.318535075299323,2.966853185231278,-14.742097742751369,0.5,0.25,-10,2,400,0.7,0.5,eq,1,35,0,5
5.327510845438027,-11.073186114760825,1.6648435882347152,-24.512949812645264,0.3268883333333333,-11.512138496357261,2.966853185231278,-14.807853445613862,0.5,0.25,-10,2,400,0.7,0.5,eff,1,35,5,5
3.7378786914194815,-14.294863446949414,1.6648435882347152,-23.968149701117934,0.3268883333333333,-10.960077488505258,2.966853185231278,-14.777440362881533,0.5,0.25,-10,2,400,0.7,0.5,eff,1,35,0,5
5.327510845438027,-16.43988535183849,1.6648435882347152,-29.87964904972292,0.3268883333333333,-16.95036313503682,2.966853185231278,-15.107445652818408,0.5,0.25,-10,2,400,0.7,0.5,eff,0.5,35,5,5
3.7378786914194815,-14.936640119945,1.6648435882347152,-24.60992637411352,0.3268883333333333,-11.61040752591976,2.966853185231278,-14.813267093894854,0.5,0.25,-10,2,400,0.7,0.5,eff,0.5,6.5,0,5
3.7378786914194815,-12.85779587538116,1.6648435882347152,-22.531082129549677,0.3268883333333333,-9.50385720674029,2.966853185231278,-14.69721707727345,0.5,0.25,-10,2,400,0.7,0.5,eff,1,6.5,0,5
3.7378786914194815,-18.035901907714646,1.6648435882347152,-27.709188161883162,0.3268883333333333,-14.750975139520861,2.966853185231278,-14.986281201576634,0.5,0.25,-10,2,400,0.7,0.5,eff,0.5,35,0,5
5.327510845438027,-14.048893679109554,1.6648435882347152,-27.488657376993988,0.3268883333333333,-14.527505201107303,2.966853185231278,-14.973970225745092,0.5,0.25,-10,2,400,0.7,0.5,eff,0.5,6.5,5,5
3.7378786914194815,-12.85779587538116,1.7398467296524174,-22.808939277773465,0.3268883333333333,-8.217148183774121,2.966853185231278,-14.626332179750289,0.5,0.25,-10,2,400,0.7,1,eq,1,6.5,0,5
5.327510845438027,-11.073186114760825,1.7398467296524174,-24.969935069793394,0.3268883333333333,-10.410413083947518,2.966853185231278,-14.747159309206115,0.5,0.25,-10,2,400,0.7,1,eq,1,6.5,5,5
3.7378786914194815,-14.294863446949414,1.7398467296524174,-24.24600684934172,0.3268883333333333,-9.675674792448994,2.966853185231278,-14.706682521082538,0.5,0.25,-10,2,400,0.7,1,eq,1,35,0,5
5.327510845438027,-14.048893679109554,1.7398467296524174,-27.945642634142125,0.3268883333333333,-13.430555454509921,2.966853185231278,-14.913539181128478,0.5,0.25,-10,2,400,0.7,1,eq,0.5,6.5,5,5
5.327510845438027,-11.073186114760825,1.6648435882347152,-25.825172705597662,0.3268883333333333,-11.110906234932923,2.966853185231278,-14.785749529945157,0.5,0.25,-10,2,400,0.7,0.5,eq,1,35,5,5
3.7378786914194815,-14.936640119945,1.7398467296524174,-24.887783522337305,0.3268883333333333,-10.327034807054172,2.966853185231278,-14.74256599361734,0.5,0.25,-10,2,400,0.7,1,eq,0.5,6.5,0,5
5.327510845438027,-11.073186114760825,1.6648435882347152,-24.512949812645264,0.3268883333333333,-11.512138496357261,2.966853185231278,-14.807853445613862,0.5,0.25,-10,2,400,0.7,0.5,eff,1,6.5,5,5
5.327510845438027,-16.43988535183849,1.7398467296524174,-30.336634306871055,0.3268883333333333,-15.857250652976079,2.966853185231278,-15.047226003395696,0.5,0.25,-10,2,400,0.7,1,eq,0.5,35,5,5
5.327510845438027,-11.073186114760825,1.7398467296524174,-24.969935069793394,0.3268883333333333,-10.410413083947518,2.966853185231278,-14.747159309206115,0.5,0.25,-10,2,400,0.7,1,eq,1,35,5,5
5.327510845438027,-11.073186114760825,1.7398467296524174,-23.734171772146524,0.3268883333333333,-10.844921743875457,2.966853185231278,-14.771096424188613,0.5,0.25,-10,2,400,0.7,1,eff,1,35,5,5
3.7378786914194815,-12.85779587538116,1.7398467296524174,-21.812804903588386,0.3268883333333333,-8.898187602570697,2.966853185231278,-14.663850692909763,0.5,0.25,-10,2,400,0.7,1,eff,1,6.5,0,5
5.327510845438027,-14.048893679109554,1.7398467296524174,-26.709879336495256,0.3268883333333333,-13.85991674811863,2.966853185231278,-14.937192727310533,0.5,0.25,-10,2,400,0.7,1,eff,0.5,6.5,5,5
3.7378786914194815,-18.035901907714646,1.7398467296524174,-27.987045310106954,0.3268883333333333,-13.472576376671013,2.966853185231278,-14.915854116912652,0.5,0.25,-10,2,400,0.7,1,eq,0.5,35,0,5
5.327510845438027,-16.43988535183849,1.7398467296524174,-29.1008710092242,0.3268883333333333,-16.282476019345754,2.966853185231278,-15.070651701033167,0.5,0.25,-10,2,400,0.7,1,eff,0.5,35,5,5
5.327510845438027,-11.073186114760825,1.7398467296524174,-23.734171772146524,0.3268883333333333,-10.844921743875457,2.966853185231278,-14.771096424188613,0.5,0.25,-10,2,400,0.7,1,eff,1,6.5,5,5
3.7378786914194815,-14.294863446949414,1.7398467296524174,-23.249872475156643,0.3268883333333333,-10.354228377871786,2.966853185231278,-14.744064089493136,0.5,0.25,-10,2,400,0.7,1,eff,1,35,0,5
3.7378786914194815,-14.936640119945,1.7398467296524174,-23.891649148152226,0.3268883333333333,-11.004478249901814,2.966853185231278,-14.77988640418948,0.5,0.25,-10,2,400,0.7,1,eff,0.5,6.5,0,5
3.7378786914194815,-18.035901907714646,1.7398467296524174,-26.990910935921875,0.3268883333333333,-14.144658729644519,2.966853185231278,-14.952879184637503,0.5,0.25,-10,2,400,0.7,1,eff,0.5,35,0,5
3.7378786914194815,-12.85779587538116,1.6648435882347152,-23.607524244155858,0.3268883333333333,-8.859761342902546,2.966853185231278,-14.66173378735447,0.5,0.25,-10,2,400,0.8,0.5,eq,1,6.5,0,5
5.327510845438027,-11.073186114760825,1.6648435882347152,-25.825172705597662,0.3268883333333333,-11.110906234932923,2.966853185231278,-14.785749529945157,0.5,0.25,-10,2,400,0.8,0.5,eq,1,6.5,5,5
5.327510845438027,-14.048893679109554,1.6648435882347152,-28.800880269946397,0.3268883333333333,-14.13156031971957,2.966853185231278,-14.952157592242777,0.5,0.25,-10,2,400,0.8,0.5,eq,0.5,6.5,5,5
5.327510845438027,-11.073186114760825,1.6648435882347152,-25.825172705597662,0.3268883333333333,-11.110906234932923,2.966853185231278,-14.785749529945157,0.5,0.25,-10,2,400,0.8,0.5,eq,1,35,5,5
3.7378786914194815,-14.294863446949414,1.6648435882347152,-25.04459181572411,0.3268883333333333,-10.318535075299323,2.966853185231278,-14.742097742751369,0.5,0.25,-10,2,400,0.8,0.5,eq,1,35,0,5
3.7378786914194815,-14.936640119945,1.6648435882347152,-25.686368488719694,0.3268883333333333,-10.970005452299414,2.966853185231278,-14.777987295158779,0.5,0.25,-10,2,400,0.8,0.5,eq,0.5,6.5,0,5
5.327510845438027,-16.43988535183849,1.6648435882347152,-31.19187194267533,0.3268883333333333,-16.55866668240115,2.966853185231278,-15.085867065577908,0.5,0.25,-10,2,400,0.8,0.5,eq,0.5,35,5,5
3.7378786914194815,-12.85779587538116,1.6648435882347152,-22.531082129549677,0.3268883333333333,-9.50385720674029,2.966853185231278,-14.69721707727345,0.5,0.25,-10,2,400,0.8,0.5,eff,1,6.5,0,5
5.327510845438027,-11.073186114760825,1.7398467296524174,-24.969935069793394,0.3268883333333333,-10.410413083947518,2.966853185231278,-14.747159309206115,0.5,0.25,-10,2,400,0.8,1,eq,1,6.5,5,5
3.7378786914194815,-18.035901907714646,1.6648435882347152,-27.709188161883162,0.3268883333333333,-14.750975139520861,2.966853185231278,-14.986281201576634,0.5,0.25,-10,2,400,0.8,0.5,eff,0.5,35,0,5
3.7378786914194815,-14.936640119945,1.6648435882347152,-24.60992637411352,0.3268883333333333,-11.61040752591976,2.966853185231278,-14.813267093894854,0.5,0.25,-10,2,400,0.8,0.5,eff,0.5,6.5,0,5
5.327510845438027,-14.048893679109554,1.6648435882347152,-27.488657376993988,0.3268883333333333,-14.527505201107303,2.966853185231278,-14.973970225745092,0.5,0.25,-10,2,400,0.8,0.5,eff,0.5,6.5,5,5
5.327510845438027,-16.43988535183849,1.6648435882347152,-29.87964904972292,0.3268883333333333,-16.95036313503682,2.966853185231278,-15.107445652818408,0.5,0.25,-10,2,400,0.8,0.5,eff,0.5,35,5,5
3.7378786914194815,-18.035901907714646,1.6648435882347152,-28.785630276489343,0.3268883333333333,-14.116079983012154,2.966853185231278,-14.951304779321163,0.5,0.25,-10,2,400,0.8,0.5,eq,0.5,35,0,5
5.327510845438027,-11.073186114760825,1.6648435882347152,-24.512949812645264,0.3268883333333333,-11.512138496357261,2.966853185231278,-14.807853445613862,0.5,0.25,-10,2,400,0.8,0.5,eff,1,6.5,5,5
5.327510845438027,-11.073186114760825,1.6648435882347152,-24.512949812645264,0.3268883333333333,-11.512138496357261,2.966853185231278,-14.807853445613862,0.5,0.25,-10,2,400,0.8,0.5,eff,1,35,5,5
3.7378786914194815,-14.294863446949414,1.6648435882347152,-23.968149701117934,0.3268883333333333,-10.960077488505258,2.966853185231278,-14.777440362881533,0.5,0.25,-10,2,400,0.8,0.5,eff,1,35,0,5
5.327510845438027,-11.073186114760825,1.7398467296524174,-24.969935069793394,0.3268883333333333,-10.410413083947518,2.966853185231278,-14.747159309206115,0.5,0.25,-10,2,400,0.8,1,eq,1,35,5,5
3.7378786914194815,-12.85779587538116,1.7398467296524174,-22.808939277773465,0.3268883333333333,-8.217148183774121,2.966853185231278,-14.626332179750289,0.5,0.25,-10,2,400,0.8,1,eq,1,6.5,0,5
5.327510845438027,-14.048893679109554,1.7398467296524174,-27.945642634142125,0.3268883333333333,-13.430555454509921,2.966853185231278,-14.913539181128478,0.5,0.25,-10,2,400,0.8,1,eq,0.5,6.5,5,5
3.7378786914194815,-14.294863446949414,1.7398467296524174,-24.24600684934172,0.3268883333333333,-9.675674792448994,2.966853185231278,-14.706682521082538,0.5,0.25,-10,2,400,0.8,1,eq,1,35,0,5
5.327510845438027,-11.073186114760825,1.7398467296524174,-23.734171772146524,0.3268883333333333,-10.844921743875457,2.966853185231278,-14.771096424188613,0.5,0.25,-10,2,400,0.8,1,eff,1,6.5,5,5
3.7378786914194815,-14.936640119945,1.7398467296524174,-24.887783522337305,0.3268883333333333,-10.327034807054172,2.966853185231278,-14.74256599361734,0.5,0.25,-10,2,400,0.8,1,eq,0.5,6.5,0,5
3.7378786914194815,-18.035901907714646,1.7398467296524174,-27.987045310106954,0.3268883333333333,-13.472576376671013,2.966853185231278,-14.915854116912652,0.5,0.25,-10,2,400,0.8,1,eq,0.5,35,0,5
5.327510845438027,-16.43988535183849,1.7398467296524174,-30.336634306871055,0.3268883333333333,-15.857250652976079,2.966853185231278,-15.047226003395696,0.5,0.25,-10,2,400,0.8,1,eq,0.5,35,5,5
5.327510845438027,-11.073186114760825,1.7398467296524174,-23.734171772146524,0.3268883333333333,-10.844921743875457,2.966853185231278,-14.771096424188613,0.5,0.25,-10,2,400,0.8,1,eff,1,35,5,5
3.7378786914194815,-12.85779587538116,1.7398467296524174,-21.812804903588386,0.3268883333333333,-8.898187602570697,2.966853185231278,-14.663850692909763,0.5,0.25,-10,2,400,0.8,1,eff,1,6.5,0,5
3.7378786914194815,-14.294863446949414,1.7398467296524174,-23.249872475156643,0.3268883333333333,-10.354228377871786,2.966853185231278,-14.744064089493136,0.5,0.25,-10,2,400,0.8,1,eff,1,35,0,5
5.327510845438027,-14.048893679109554,1.7398467296524174,-26.709879336495256,0.3268883333333333,-13.85991674811863,2.966853185231278,-14.937192727310533,0.5,0.25,-10,2,400,0.8,1,eff,0.5,6.5,5,5
3.7378786914194815,-14.936640119945,1.7398467296524174,-23.891649148152226,0.3268883333333333,-11.004478249901814,2.966853185231278,-14.77988640418948,0.5,0.25,-10,2,400,0.8,1,eff,0.5,6.5,0,5
5.327510845438027,-11.073186114760825,1.6648435882347152,-25.825172705597662,0.49033249999999995,-11.11097592306057,3.048575268564611,-14.6872449045512,0.5,0.25,-10,2,500,0.7,0.5,eq,1,6.5,5,5
3.7378786914194815,-18.035901907714646,1.7398467296524174,-26.990910935921875,0.3268883333333333,-14.144658729644519,2.966853185231278,-14.952879184637503,0.5,0.25,-10,2,400,0.8,1,eff,0.5,35,0,5
5.327510845438027,-16.43988535183849,1.7398467296524174,-29.1008710092242,0.3268883333333333,-16.282476019345754,2.966853185231278,-15.070651701033167,0.5,0.25,-10,2,400,0.8,1,eff,0.5,35,5,5
3.7378786914194815,-12.85779587538116,1.6648435882347152,-23.607524244155858,0.49033249999999995,-8.859831031031241,3.048575268564611,-14.506207960154004,0.5,0.25,-10,2,500,0.7,0.5,eq,1,6.5,0,5
3.7378786914194815,-14.294863446949414,1.6648435882347152,-25.04459181572411,0.49033249999999995,-10.318604763426745,3.048575268564611,-14.623522460884164,0.5,0.25,-10,2,500,0.7,0.5,eq,1,35,0,5
5.327510845438027,-11.073186114760825,1.6648435882347152,-25.825172705597662,0.49033249999999995,-11.11097592306057,3.048575268564611,-14.6872449045512,0.5,0.25,-10,2,500,0.7,0.5,eq,1,35,5,5
3.7378786914194815,-18.035901907714646,1.6648435882347152,-28.785630276489343,0.49033249999999995,-14.116149671145019,3.048575268564611,-14.928920806738466,0.5,0.25,-10,2,500,0.7,0.5,eq,0.5,35,0,5
5.327510845438027,-14.048893679109554,1.6648435882347152,-28.800880269946397,0.49033249999999995,-14.131630007851754,3.048575268564611,-14.930165734537425,0.5,0.25,-10,2,500,0.7,0.5,eq,0.5,6.5,5,5
5.327510845438027,-11.073186114760825,1.6648435882347152,-24.512949812645264,0.49033249999999995,-11.512199878944894,3.048575268564611,-14.719511312301869,0.5,0.25,-10,2,500,0.7,0.5,eff,1,6.5,5,5
5.327510845438027,-16.43988535183849,1.6648435882347152,-31.19187194267533,0.49033249999999995,-16.558736370537225,3.048575268564611,-15.125353490413662,0.5,0.25,-10,2,500,0.7,0.5,eq,0.5,35,5,5
3.7378786914194815,-12.85779587538116,1.6648435882347152,-22.531082129549677,0.49033249999999995,-9.503918589331168,3.048575268564611,-14.558005445021283,0.5,0.25,-10,2,500,0.7,0.5,eff,1,6.5,0,5
3.7378786914194815,-14.936640119945,1.6648435882347152,-25.686368488719694,0.49033249999999995,-10.970075140427792,3.048575268564611,-14.67591367161214,0.5,0.25,-10,2,500,0.7,0.5,eq,0.5,6.5,0,5
3.7378786914194815,-14.294863446949414,1.6648435882347152,-23.968149701117934,0.49033249999999995,-10.960138871092624,3.048575268564611,-14.675114597396455,0.5,0.25,-10,2,500,0.7,0.5,eff,1,35,0,5
5.327510845438027,-11.073186114760825,1.6648435882347152,-24.512949812645264,0.49033249999999995,-11.512199878944894,3.048575268564611,-14.719511312301869,0.5,0.25,-10,2,500,0.7,0.5,eff,1,35,5,5
5.327510845438027,-14.048893679109554,1.6648435882347152,-27.488657376993988,0.49033249999999995,-14.527566583695917,3.048575268564611,-14.96200693148564,0.5,0.25,-10,2,500,0.7,0.5,eff,0.5,6.5,5,5
3.7378786914194815,-14.936640119945,1.6648435882347152,-24.60992637411352,0.49033249999999995,-11.610468908493523,3.048575268564611,-14.727414102078562,0.5,0.25,-10,2,500,0.7,0.5,eff,0.5,6.5,0,5
3.7378786914194815,-18.035901907714646,1.6648435882347152,-27.709188161883162,0.49033249999999995,-14.751036522112397,3.048575268564611,-14.979978371244318,0.5,0.25,-10,2,500,0.7,0.5,eff,0.5,35,0,5
5.327510845438027,-16.43988535183849,1.6648435882347152,-29.87964904972292,0.49033249999999995,-16.950424517616312,3.048575268564611,-15.156853028961748,0.5,0.25,-10,2,500,0.7,0.5,eff,0.5,35,5,5
5.327510845438027,-11.073186114760825,1.7398467296524174,-24.969935069793394,0.49033249999999995,-10.410478997528148,3.048575268564611,-14.630910981573987,0.5,0.25,-10,2,500,0.7,1,eq,1,35,5,5
5.327510845438027,-11.073186114760825,1.7398467296524174,-24.969935069793394,0.49033249999999995,-10.410478997528148,3.048575268564611,-14.630910981573987,0.5,0.25,-10,2,500,0.7,1,eq,1,6.5,5,5
3.7378786914194815,-14.294863446949414,1.7398467296524174,-24.24600684934172,0.49033249999999995,-9.67574070602951,3.048575268564611,-14.571823369890048,0.5,0.25,-10,2,500,0.7,1,eq,1,35,0,5
5.327510845438027,-14.048893679109554,1.7398467296524174,-27.945642634142125,0.49033249999999995,-13.430621368090902,3.048575268564611,-14.873790659531094,0.5,0.25,-10,2,500,0.7,1,eq,0.5,6.5,5,5
3.7378786914194815,-12.85779587538116,1.7398467296524174,-22.808939277773465,0.49033249999999995,-8.217214097354347,3.048575268564611,-14.454528742835592,0.5,0.25,-10,2,500,0.7,1,eq,1,6.5,0,5
3.7378786914194815,-14.936640119945,1.7398467296524174,-24.887783522337305,0.49033249999999995,-10.327100720623699,3.048575268564611,-14.62420570527967,0.5,0.25,-10,2,500,0.7,1,eq,0.5,6.5,0,5
3.7378786914194815,-18.035901907714646,1.7398467296524174,-27.987045310106954,0.49033249999999995,-13.472642290252814,3.048575268564611,-14.877169979705451,0.5,0.25,-10,2,500,0.7,1,eq,0.5,35,0,5
5.327510845438027,-11.073186114760825,1.7398467296524174,-23.734171772146524,0.49033249999999995,-10.844979922637807,3.048575268564611,-14.665853521300454,0.5,0.25,-10,2,500,0.7,1,eff,1,35,5,5
3.7378786914194815,-14.294863446949414,1.7398467296524174,-23.249872475156643,0.49033249999999995,-10.354286556634435,3.048575268564611,-14.626391988667997,0.5,0.25,-10,2,500,0.7,1,eff,1,35,0,5
3.7378786914194815,-12.85779587538116,1.7398467296524174,-21.812804903588386,0.49033249999999995,-8.898245781343915,3.048575268564611,-14.509297272192967,0.5,0.25,-10,2,500,0.7,1,eff,1,6.5,0,5
5.327510845438027,-11.073186114760825,1.7398467296524174,-23.734171772146524,0.49033249999999995,-10.844979922637807,3.048575268564611,-14.665853521300454,0.5,0.25,-10,2,500,0.7,1,eff,1,6.5,5,5
5.327510845438027,-14.048893679109554,1.7398467296524174,-26.709879336495256,0.49033249999999995,-13.85997492689587,3.048575268564611,-14.908319248351564,0.5,0.25,-10,2,500,0.7,1,eff,0.5,6.5,5,5
5.327510845438027,-16.43988535183849,1.7398467296524174,-30.336634306871055,0.49033249999999995,-15.857316566557236,3.048575268564611,-15.068945349604125,0.5,0.25,-10,2,500,0.7,1,eq,0.5,35,5,5
3.7378786914194815,-14.936640119945,1.7398467296524174,-23.891649148152226,0.49033249999999995,-11.004536428665022,3.048575268564611,-14.67868504645553,0.5,0.25,-10,2,500,0.7,1,eff,0.5,6.5,0,5
5.327510845438027,-11.073186114760825,1.6648435882347152,-25.825172705597662,0.49033249999999995,-11.11097592306057,3.048575268564611,-14.6872449045512,0.5,0.25,-10,2,500,0.8,0.5,eq,1,6.5,5,5
5.327510845438027,-16.43988535183849,1.7398467296524174,-29.1008710092242,0.49033249999999995,-16.282534198122132,3.048575268564611,-15.103141327390768,0.5,0.25,-10,2,500,0.7,1,eff,0.5,35,5,5
3.7378786914194815,-14.294863446949414,1.6648435882347152,-25.04459181572411,0.49033249999999995,-10.318604763426745,3.048575268564611,-14.623522460884164,0.5,0.25,-10,2,500,0.8,0.5,eq,1,35,0,5
3.7378786914194815,-18.035901907714646,1.7398467296524174,-26.990910935921875,0.49033249999999995,-14.144716908412692,3.048575268564611,-14.931218182337558,0.5,0.25,-10,2,500,0.7,1,eff,0.5,35,0,5
3.7378786914194815,-14.936640119945,1.6648435882347152,-25.686368488719694,0.49033249999999995,-10.970075140427792,3.048575268564611,-14.67591367161214,0.5,0.25,-10,2,500,0.8,0.5,eq,0.5,6.5,0,5
5.327510845438027,-14.048893679109554,1.6648435882347152,-28.800880269946397,0.49033249999999995,-14.131630007851754,3.048575268564611,-14.930165734537425,0.5,0.25,-10,2,500,0.8,0.5,eq,0.5,6.5,5,5
5.327510845438027,-16.43988535183849,1.6648435882347152,-31.19187194267533,0.49033249999999995,-16.558736370537225,3.048575268564611,-15.125353490413662,0.5,0.25,-10,2,500,0.8,0.5,eq,0.5,35,5,5
3.7378786914194815,-18.035901907714646,1.6648435882347152,-28.785630276489343,0.49033249999999995,-14.116149671145019,3.048575268564611,-14.928920806738466,0.5,0.25,-10,2,500,0.8,0.5,eq,0.5,35,0,5
5.327510845438027,-11.073186114760825,1.6648435882347152,-25.825172705597662,0.49033249999999995,-11.11097592306057,3.048575268564611,-14.6872449045512,0.5,0.25,-10,2,500,0.8,0.5,eq,1,35,5,5
3.7378786914194815,-12.85779587538116,1.6648435882347152,-22.531082129549677,0.49033249999999995,-9.503918589331168,3.048575268564611,-14.558005445021283,0.5,0.25,-10,2,500,0.8,0.5,eff,1,6.5,0,5
3.7378786914194815,-12.85779587538116,1.6648435882347152,-23.607524244155858,0.49033249999999995,-8.859831031031241,3.048575268564611,-14.506207960154004,0.5,0.25,-10,2,500,0.8,0.5,eq,1,6.5,0,5
3.7378786914194815,-14.294863446949414,1.6648435882347152,-23.968149701117934,0.49033249999999995,-10.960138871092624,3.048575268564611,-14.675114597396455,0.5,0.25,-10,2,500,0.8,0.5,eff,1,35,0,5
5.327510845438027,-11.073186114760825,1.6648435882347152,-24.512949812645264,0.49033249999999995,-11.512199878944894,3.048575268564611,-14.719511312301869,0.5,0.25,-10,2,500,0.8,0.5,eff,1,35,5,5
5.327510845438027,-16.43988535183849,1.6648435882347152,-29.87964904972292,0.49033249999999995,-16.950424517616312,3.048575268564611,-15.156853028961748,0.5,0.25,-10,2,500,0.8,0.5,eff,0.5,35,5,5
5.327510845438027,-11.073186114760825,1.6648435882347152,-24.512949812645264,0.49033249999999995,-11.512199878944894,3.048575268564611,-14.719511312301869,0.5,0.25,-10,2,500,0.8,0.5,eff,1,6.5,5,5
5.327510845438027,-14.048893679109554,1.6648435882347152,-27.488657376993988,0.49033249999999995,-14.527566583695917,3.048575268564611,-14.96200693148564,0.5,0.25,-10,2,500,0.8,0.5,eff,0.5,6.5,5,5
3.7378786914194815,-14.936640119945,1.6648435882347152,-24.60992637411352,0.49033249999999995,-11.610468908493523,3.048575268564611,-14.727414102078562,0.5,0.25,-10,2,500,0.8,0.5,eff,0.5,6.5,0,5
5.327510845438027,-11.073186114760825,1.7398467296524174,-24.969935069793394,0.49033249999999995,-10.410478997528148,3.048575268564611,-14.630910981573987,0.5,0.25,-10,2,500,0.8,1,eq,1,6.5,5,5
3.7378786914194815,-14.294863446949414,1.7398467296524174,-24.24600684934172,0.49033249999999995,-9.67574070602951,3.048575268564611,-14.571823369890048,0.5,0.25,-10,2,500,0.8,1,eq,1,35,0,5
3.7378786914194815,-18.035901907714646,1.6648435882347152,-27.709188161883162,0.49033249999999995,-14.751036522112397,3.048575268564611,-14.979978371244318,0.5,0.25,-10,2,500,0.8,0.5,eff,0.5,35,0,5
3.7378786914194815,-12.85779587538116,1.7398467296524174,-22.808939277773465,0.49033249999999995,-8.217214097354347,3.048575268564611,-14.454528742835592,0.5,0.25,-10,2,500,0.8,1,eq,1,6.5,0,5
5.327510845438027,-14.048893679109554,1.7398467296524174,-27.945642634142125,0.49033249999999995,-13.430621368090902,3.048575268564611,-14.873790659531094,0.5,0.25,-10,2,500,0.8,1,eq,0.5,6.5,5,5
5.327510845438027,-16.43988535183849,1.7398467296524174,-30.336634306871055,0.49033249999999995,-15.857316566557236,3.048575268564611,-15.068945349604125,0.5,0.25,-10,2,500,0.8,1,eq,0.5,35,5,5
3.7378786914194815,-14.294863446949414,1.7398467296524174,-23.249872475156643,0.49033249999999995,-10.354286556634435,3.048575268564611,-14.626391988667997,0.5,0.25,-10,2,500,0.8,1,eff,1,35,0,5
3.7378786914194815,-14.936640119945,1.7398467296524174,-24.887783522337305,0.49033249999999995,-10.327100720623699,3.048575268564611,-14.62420570527967,0.5,0.25,-10,2,500,0.8,1,eq,0.5,6.5,0,5
5.327510845438027,-14.048893679109554,1.7398467296524174,-26.709879336495256,0.49033249999999995,-13.85997492689587,3.048575268564611,-14.908319248351564,0.5,0.25,-10,2,500,0.8,1,eff,0.5,6.5,5,5
5.327510845438027,-11.073186114760825,1.7398467296524174,-24.969935069793394,0.49033249999999995,-10.410478997528148,3.048575268564611,-14.630910981573987,0.5,0.25,-10,2,500,0.8,1,eq,1,35,5,5
3.7378786914194815,-12.85779587538116,1.7398467296524174,-21.812804903588386,0.49033249999999995,-8.898245781343915,3.048575268564611,-14.509297272192967,0.5,0.25,-10,2,500,0.8,1,eff,1,6.5,0,5
5.327510845438027,-11.073186114760825,1.7398467296524174,-23.734171772146524,0.49033249999999995,-10.844979922637807,3.048575268564611,-14.665853521300454,0.5,0.25,-10,2,500,0.8,1,eff,1,6.5,5,5
3.7378786914194815,-14.936640119945,1.7398467296524174,-23.891649148152226,0.49033249999999995,-11.004536428665022,3.048575268564611,-14.67868504645553,0.5,0.25,-10,2,500,0.8,1,eff,0.5,6.5,0,5
5.327510845438027,-11.073186114760825,1.7398467296524174,-23.734171772146524,0.49033249999999995,-10.844979922637807,3.048575268564611,-14.665853521300454,0.5,0.25,-10,2,500,0.8,1,eff,1,35,5,5
3.7378786914194815,-18.035901907714646,1.7398467296524174,-27.987045310106954,0.49033249999999995,-13.472642290252814,3.048575268564611,-14.877169979705451,0.5,0.25,-10,2,500,0.8,1,eq,0.5,35,0,5
5.327510845438027,-11.073186114760825,1.6648435882347152,-25.825172705597662,1.6344416666666668,-11.111463739973619,3.6206298518979443,-14.122309384595022,0.5,0.25,-10,10,400,0.7,0.5,eq,1,6.5,5,5
5.327510845438027,-16.43988535183849,1.7398467296524174,-29.1008710092242,0.49033249999999995,-16.282534198122132,3.048575268564611,-15.103141327390768,0.5,0.25,-10,2,500,0.8,1,eff,0.5,35,5,5
3.7378786914194815,-18.035901907714646,1.7398467296524174,-26.990910935921875,0.49033249999999995,-14.144716908412692,3.048575268564611,-14.931218182337558,0.5,0.25,-10,2,500,0.8,1,eff,0.5,35,0,5
5.327510845438027,-11.073186114760825,1.6648435882347152,-25.825172705597662,1.6344416666666668,-11.111463739973619,3.6206298518979443,-14.122309384595022,0.5,0.25,-10,10,400,0.7,0.5,eq,1,35,5,5
5.327510845438027,-14.048893679109554,1.6648435882347152,-28.800880269946397,1.6344416666666668,-14.132117824754227,3.6206298518979443,-14.804108284055095,0.5,0.25,-10,10,400,0.7,0.5,eq,0.5,6.5,5,5
3.7378786914194815,-14.294863446949414,1.6648435882347152,-25.04459181572411,1.6344416666666668,-10.319092580338344,3.6206298518979443,-13.94346143662073,0.5,0.25,-10,10,400,0.7,0.5,eq,1,35,0,5
3.7378786914194815,-18.035901907714646,1.6648435882347152,-28.785630276489343,1.6344416666666668,-14.116637488052328,3.6206298518979443,-14.800614181046168,0.5,0.25,-10,10,400,0.7,0.5,eq,0.5,35,0,5
3.7378786914194815,-14.936640119945,1.6648435882347152,-25.686368488719694,1.6344416666666668,-10.970562957339789,3.6206298518979443,-14.090506339348497,0.5,0.25,-10,10,400,0.7,0.5,eq,0.5,6.5,0,5
5.327510845438027,-16.43988535183849,1.6648435882347152,-31.19187194267533,1.6344416666666668,-16.559224187444062,3.6206298518979443,-15.351936138721323,0.5,0.25,-10,10,400,0.7,0.5,eq,0.5,35,5,5
3.7378786914194815,-12.85779587538116,1.6648435882347152,-22.531082129549677,1.6344416666666668,-9.504348267424966,3.6206298518979443,-13.75956359188435,0.5,0.25,-10,10,400,0.7,0.5,eff,1,6.5,0,5
3.7378786914194815,-12.85779587538116,1.6648435882347152,-23.607524244155858,1.6344416666666668,-8.860318847941514,3.6206298518979443,-13.614198205084138,0.5,0.25,-10,10,400,0.7,0.5,eq,1,6.5,0,5
3.7378786914194815,-14.294863446949414,1.6648435882347152,-23.968149701117934,1.6344416666666668,-10.960568549186679,3.6206298518979443,-14.088250478105024,0.5,0.25,-10,10,400,0.7,0.5,eff,1,35,0,5
5.327510845438027,-11.073186114760825,1.6648435882347152,-24.512949812645264,1.6344416666666668,-11.512629557039036,3.6206298518979443,-14.21285745958123,0.5,0.25,-10,10,400,0.7,0.5,eff,1,35,5,5
5.327510845438027,-14.048893679109554,1.6648435882347152,-27.488657376993988,1.6344416666666668,-14.527996261790573,3.6206298518979443,-14.893462932126567,0.5,0.25,-10,10,400,0.7,0.5,eff,0.5,6.5,5,5
5.327510845438027,-11.073186114760825,1.6648435882347152,-24.512949812645264,1.6344416666666668,-11.512629557039036,3.6206298518979443,-14.21285745958123,0.5,0.25,-10,10,400,0.7,0.5,eff,1,6.5,5,5
3.7378786914194815,-14.936640119945,1.6648435882347152,-24.60992637411352,1.6344416666666668,-11.610898586587679,3.6206298518979443,-14.235037992113897,0.5,0.25,-10,10,400,0.7,0.5,eff,0.5,6.5,0,5
5.327510845438027,-11.073186114760825,1.7398467296524174,-24.969935069793394,1.6344416666666668,-10.410940392576371,3.6206298518979443,-13.964192621173543,0.5,0.25,-10,10,400,0.7,1,eq,1,6.5,5,5
5.327510845438027,-16.43988535183849,1.6648435882347152,-29.87964904972292,1.6344416666666668,-16.95085419571099,3.6206298518979443,-15.440331863997292,0.5,0.25,-10,10,400,0.7,0.5,eff,0.5,35,5,5
3.7378786914194815,-12.85779587538116,1.7398467296524174,-22.808939277773465,1.6344416666666668,-8.217675492402975,3.6206298518979443,-13.469145670019223,0.5,0.25,-10,10,400,0.7,1,eq,1,6.5,0,5
3.7378786914194815,-18.035901907714646,1.7398467296524174,-27.987045310106954,1.6344416666666668,-13.473103685303263,3.6206298518979443,-14.655360661058436,0.5,0.25,-10,10,400,0.7,1,eq,0.5,35,0,5
5.327510845438027,-11.073186114760825,1.7398467296524174,-24.969935069793394,1.6344416666666668,-10.410940392576371,3.6206298518979443,-13.964192621173543,0.5,0.25,-10,10,400,0.7,1,eq,1,35,5,5
3.7378786914194815,-14.294863446949414,1.7398467296524174,-24.24600684934172,1.6344416666666668,-9.67620210107785,3.6206298518979443,-13.798353122682517,0.5,0.25,-10,10,400,0.7,1,eq,1,35,0,5
5.327510845438027,-11.073186114760825,1.7398467296524174,-23.734171772146524,1.6344416666666668,-10.845387174009092,3.6206298518979443,-14.062252620478777,0.5,0.25,-10,10,400,0.7,1,eff,1,6.5,5,5
5.327510845438027,-16.43988535183849,1.7398467296524174,-30.336634306871055,1.6344416666666668,-15.857777961612078,3.6206298518979443,-15.193611070249524,0.5,0.25,-10,10,400,0.7,1,eq,0.5,35,5,5
3.7378786914194815,-14.936640119945,1.7398467296524174,-24.887783522337305,1.6344416666666668,-10.327562115683023,3.6206298518979443,-13.945373115255567,0.5,0.25,-10,10,400,0.7,1,eq,0.5,6.5,0,5
3.7378786914194815,-18.035901907714646,1.6648435882347152,-27.709188161883162,1.6344416666666668,-14.75146620020489,3.6206298518979443,-14.943902854672174,0.5,0.25,-10,10,400,0.7,0.5,eff,0.5,35,0,5
5.327510845438027,-11.073186114760825,1.7398467296524174,-23.734171772146524,1.6344416666666668,-10.845387174009092,3.6206298518979443,-14.062252620478777,0.5,0.25,-10,10,400,0.7,1,eff,1,35,5,5
3.7378786914194815,-12.85779587538116,1.7398467296524174,-21.812804903588386,1.6344416666666668,-8.898653032704352,3.6206298518979443,-13.622850703599143,0.5,0.25,-10,10,400,0.7,1,eff,1,6.5,0,5
5.327510845438027,-14.048893679109554,1.7398467296524174,-27.945642634142125,1.6344416666666668,-13.431082763135418,3.6206298518979443,-14.645876020419667,0.5,0.25,-10,10,400,0.7,1,eq,0.5,6.5,5,5
3.7378786914194815,-14.294863446949414,1.7398467296524174,-23.249872475156643,1.6344416666666668,-10.354693808009435,3.6206298518979443,-13.951497072997586,0.5,0.25,-10,10,400,0.7,1,eff,1,35,0,5
5.327510845438027,-14.048893679109554,1.7398467296524174,-26.709879336495256,1.6344416666666668,-13.860382178256378,3.6206298518979443,-14.742774195633746,0.5,0.25,-10,10,400,0.7,1,eff,0.5,6.5,5,5
3.7378786914194815,-18.035901907714646,1.7398467296524174,-26.990910935921875,1.6344416666666668,-14.145124159773529,3.6206298518979443,-14.80704397435706,0.5,0.25,-10,10,400,0.7,1,eff,0.5,35,0,5
5.327510845438027,-11.073186114760825,1.6648435882347152,-25.825172705597662,1.6344416666666668,-11.111463739973619,3.6206298518979443,-14.122309384595022,0.5,0.25,-10,10,400,0.8,0.5,eq,1,6.5,5,5
3.7378786914194815,-14.294863446949414,1.6648435882347152,-25.04459181572411,1.6344416666666668,-10.319092580338344,3.6206298518979443,-13.94346143662073,0.5,0.25,-10,10,400,0.8,0.5,eq,1,35,0,5
5.327510845438027,-11.073186114760825,1.6648435882347152,-25.825172705597662,1.6344416666666668,-11.111463739973619,3.6206298518979443,-14.122309384595022,0.5,0.25,-10,10,400,0.8,0.5,eq,1,35,5,5
3.7378786914194815,-12.85779587538116,1.6648435882347152,-23.607524244155858,1.6344416666666668,-8.860318847941514,3.6206298518979443,-13.614198205084138,0.5,0.25,-10,10,400,0.8,0.5,eq,1,6.5,0,5
5.327510845438027,-14.048893679109554,1.6648435882347152,-28.800880269946397,1.6344416666666668,-14.132117824754227,3.6206298518979443,-14.804108284055095,0.5,0.25,-10,10,400,0.8,0.5,eq,0.5,6.5,5,5
5.327510845438027,-16.43988535183849,1.6648435882347152,-31.19187194267533,1.6344416666666668,-16.559224187444062,3.6206298518979443,-15.351936138721323,0.5,0.25,-10,10,400,0.8,0.5,eq,0.5,35,5,5
3.7378786914194815,-14.936640119945,1.6648435882347152,-25.686368488719694,1.6344416666666668,-10.970562957339789,3.6206298518979443,-14.090506339348497,0.5,0.25,-10,10,400,0.8,0.5,eq,0.5,6.5,0,5
3.7378786914194815,-14.936640119945,1.6648435882347152,-24.60992637411352,1.6344416666666668,-11.610898586587679,3.6206298518979443,-14.235037992113897,0.5,0.25,-10,10,400,0.8,0.5,eff,0.5,6.5,0,5
3.7378786914194815,-12.85779587538116,1.6648435882347152,-22.531082129549677,1.6344416666666668,-9.504348267424966,3.6206298518979443,-13.75956359188435,0.5,0.25,-10,10,400,0.8,0.5,eff,1,6.5,0,5
5.327510845438027,-11.073186114760825,1.6648435882347152,-24.512949812645264,1.6344416666666668,-11.512629557039036,3.6206298518979443,-14.21285745958123,0.5,0.25,-10,10,400,0.8,0.5,eff,1,35,5,5
3.7378786914194815,-14.936640119945,1.7398467296524174,-23.891649148152226,1.6344416666666668,-11.004943680035629,3.6206298518979443,-14.09826649269219,0.5,0.25,-10,10,400,0.7,1,eff,0.5,6.5,0,5
5.327510845438027,-16.43988535183849,1.7398467296524174,-29.1008710092242,1.6344416666666668,-16.282941449487094,3.6206298518979443,-15.28957571565015,0.5,0.25,-10,10,400,0.7,1,eff,0.5,35,5,5
5.327510845438027,-11.073186114760825,1.6648435882347152,-24.512949812645264,1.6344416666666668,-11.512629557039036,3.6206298518979443,-14.21285745958123,0.5,0.25,-10,10,400,0.8,0.5,eff,1,6.5,5,5
3.7378786914194815,-18.035901907714646,1.6648435882347152,-28.785630276489343,1.6344416666666668,-14.116637488052328,3.6206298518979443,-14.800614181046168,0.5,0.25,-10,10,400,0.8,0.5,eq,0.5,35,0,5
3.7378786914194815,-14.294863446949414,1.6648435882347152,-23.968149701117934,1.6344416666666668,-10.960568549186679,3.6206298518979443,-14.088250478105024,0.5,0.25,-10,10,400,0.8,0.5,eff,1,35,0,5
3.7378786914194815,-14.936640119945,1.7398467296524174,-24.887783522337305,1.6344416666666668,-10.327562115683023,3.6206298518979443,-13.945373115255567,0.5,0.25,-10,10,400,0.8,1,eq,0.5,6.5,0,5
5.327510845438027,-11.073186114760825,1.7398467296524174,-24.969935069793394,1.6344416666666668,-10.410940392576371,3.6206298518979443,-13.964192621173543,0.5,0.25,-10,10,400,0.8,1,eq,1,35,5,5
5.327510845438027,-16.43988535183849,1.6648435882347152,-29.87964904972292,1.6344416666666668,-16.95085419571099,3.6206298518979443,-15.440331863997292,0.5,0.25,-10,10,400,0.8,0.5,eff,0.5,35,5,5
3.7378786914194815,-18.035901907714646,1.6648435882347152,-27.709188161883162,1.6344416666666668,-14.75146620020489,3.6206298518979443,-14.943902854672174,0.5,0.25,-10,10,400,0.8,0.5,eff,0.5,35,0,5
5.327510845438027,-11.073186114760825,1.7398467296524174,-24.969935069793394,1.6344416666666668,-10.410940392576371,3.6206298518979443,-13.964192621173543,0.5,0.25,-10,10,400,0.8,1,eq,1,6.5,5,5
5.327510845438027,-14.048893679109554,1.7398467296524174,-27.945642634142125,1.6344416666666668,-13.431082763135418,3.6206298518979443,-14.645876020419667,0.5,0.25,-10,10,400,0.8,1,eq,0.5,6.5,5,5
3.7378786914194815,-12.85779587538116,1.7398467296524174,-22.808939277773465,1.6344416666666668,-8.217675492402975,3.6206298518979443,-13.469145670019223,0.5,0.25,-10,10,400,0.8,1,eq,1,6.5,0,5
5.327510845438027,-14.048893679109554,1.6648435882347152,-27.488657376993988,1.6344416666666668,-14.527996261790573,3.6206298518979443,-14.893462932126567,0.5,0.25,-10,10,400,0.8,0.5,eff,0.5,6.5,5,5
3.7378786914194815,-14.294863446949414,1.7398467296524174,-24.24600684934172,1.6344416666666668,-9.67620210107785,3.6206298518979443,-13.798353122682517,0.5,0.25,-10,10,400,0.8,1,eq,1,35,0,5
3.7378786914194815,-18.035901907714646,1.7398467296524174,-27.987045310106954,1.6344416666666668,-13.473103685303263,3.6206298518979443,-14.655360661058436,0.5,0.25,-10,10,400,0.8,1,eq,0.5,35,0,5
5.327510845438027,-16.43988535183849,1.7398467296524174,-30.336634306871055,1.6344416666666668,-15.857777961612078,3.6206298518979443,-15.193611070249524,0.5,0.25,-10,10,400,0.8,1,eq,0.5,35,5,5
5.327510845438027,-11.073186114760825,1.7398467296524174,-23.734171772146524,1.6344416666666668,-10.845387174009092,3.6206298518979443,-14.062252620478777,0.5,0.25,-10,10,400,0.8,1,eff,1,6.5,5,5
3.7378786914194815,-12.85779587538116,1.7398467296524174,-21.812804903588386,1.6344416666666668,-8.898653032704352,3.6206298518979443,-13.622850703599143,0.5,0.25,-10,10,400,0.8,1,eff,1,6.5,0,5
5.327510845438027,-11.073186114760825,1.7398467296524174,-23.734171772146524,1.6344416666666668,-10.845387174009092,3.6206298518979443,-14.062252620478777,0.5,0.25,-10,10,400,0.8,1,eff,1,35,5,5
3.7378786914194815,-14.294863446949414,1.6648435882347152,-25.04459181572411,2.4516625,-10.319441020982392,4.029240268564611,-13.576015555907372,0.5,0.25,-10,10,500,0.7,0.5,eq,1,35,0,5
5.327510845438027,-16.43988535183849,1.7398467296524174,-29.1008710092242,1.6344416666666668,-16.282941449487094,3.6206298518979443,-15.28957571565015,0.5,0.25,-10,10,400,0.8,1,eff,0.5,35,5,5
5.327510845438027,-11.073186114760825,1.6648435882347152,-25.825172705597662,2.4516625,-11.111812180616218,4.029240268564611,-13.817081678634157,0.5,0.25,-10,10,500,0.7,0.5,eq,1,6.5,5,5
5.327510845438027,-14.048893679109554,1.7398467296524174,-26.709879336495256,1.6344416666666668,-13.860382178256378,3.6206298518979443,-14.742774195633746,0.5,0.25,-10,10,400,0.8,1,eff,0.5,6.5,5,5
3.7378786914194815,-12.85779587538116,1.6648435882347152,-23.607524244155858,2.4516625,-8.860667288586884,4.029240268564611,-13.132207217695147,0.5,0.25,-10,10,500,0.7,0.5,eq,1,6.5,0,5
3.7378786914194815,-14.294863446949414,1.7398467296524174,-23.249872475156643,1.6344416666666668,-10.354693808009435,3.6206298518979443,-13.951497072997586,0.5,0.25,-10,10,400,0.8,1,eff,1,35,0,5
5.327510845438027,-11.073186114760825,1.6648435882347152,-25.825172705597662,2.4516625,-11.111812180616218,4.029240268564611,-13.817081678634157,0.5,0.25,-10,10,500,0.7,0.5,eq,1,35,5,5
3.7378786914194815,-14.936640119945,1.7398467296524174,-23.891649148152226,1.6344416666666668,-11.004943680035629,3.6206298518979443,-14.09826649269219,0.5,0.25,-10,10,400,0.8,1,eff,0.5,6.5,0,5
3.7378786914194815,-14.936640119945,1.6648435882347152,-25.686368488719694,2.4516625,-10.970911397983434,4.029240268564611,-13.774214892096847,0.5,0.25,-10,10,500,0.7,0.5,eq,0.5,6.5,0,5
5.327510845438027,-16.43988535183849,1.6648435882347152,-31.19187194267533,2.4516625,-16.559572628084794,4.029240268564611,-15.474474773586099,0.5,0.25,-10,10,500,0.7,0.5,eq,0.5,35,5,5
5.327510845438027,-14.048893679109554,1.6648435882347152,-28.800880269946397,2.4516625,-14.132466265402812,4.029240268564611,-14.736066878266008,0.5,0.25,-10,10,500,0.7,0.5,eq,0.5,6.5,5,5
3.7378786914194815,-18.035901907714646,1.6648435882347152,-28.785630276489343,2.4516625,-14.116985928696103,4.029240268564611,-14.731357235943765,0.5,0.25,-10,10,500,0.7,0.5,eq,0.5,35,0,5
3.7378786914194815,-12.85779587538116,1.6648435882347152,-22.531082129549677,2.4516625,-9.5046551803386,4.029240268564611,-13.328130128644421,0.5,0.25,-10,10,500,0.7,0.5,eff,1,6.5,0,5
5.327510845438027,-11.073186114760825,1.6648435882347152,-24.512949812645264,2.4516625,-11.512936469955557,4.029240268564611,-13.939117262573575,0.5,0.25,-10,10,500,0.7,0.5,eff,1,6.5,5,5
3.7378786914194815,-18.035901907714646,1.7398467296524174,-26.990910935921875,1.6344416666666668,-14.145124159773529,3.6206298518979443,-14.80704397435706,0.5,0.25,-10,10,400,0.8,1,eff,0.5,35,0,5
3.7378786914194815,-18.035901907714646,1.6648435882347152,-27.709188161883162,2.4516625,-14.751773113119171,4.029240268564611,-14.924480980346932,0.5,0.25,-10,10,500,0.7,0.5,eff,0.5,35,0,5
3.7378786914194815,-12.85779587538116,1.7398467296524174,-22.808939277773465,2.4516625,-8.21800506029365,4.029240268564611,-12.936687618433918,0.5,0.25,-10,10,500,0.7,1,eq,1,6.5,0,5
3.7378786914194815,-14.294863446949414,1.6648435882347152,-23.968149701117934,2.4516625,-10.960875462103568,4.029240268564611,-13.771161620759088,0.5,0.25,-10,10,500,0.7,0.5,eff,1,35,0,5
3.7378786914194815,-14.936640119945,1.6648435882347152,-24.60992637411352,2.4516625,-11.61120549951807,4.029240268564611,-13.969014027054193,0.5,0.25,-10,10,500,0.7,0.5,eff,0.5,6.5,0,5
5.327510845438027,-14.048893679109554,1.6648435882347152,-27.488657376993988,2.4516625,-14.528303174705611,4.029240268564611,-14.856493862259178,0.5,0.25,-10,10,500,0.7,0.5,eff,0.5,6.5,5,5
5.327510845438027,-11.073186114760825,1.7398467296524174,-24.969935069793394,2.4516625,-10.41126996047776,4.029240268564611,-13.60395302703954,0.5,0.25,-10,10,500,0.7,1,eq,1,6.5,5,5
3.7378786914194815,-14.294863446949414,1.7398467296524174,-24.24600684934172,2.4516625,-9.67653166897828,4.029240268564611,-13.38042077325008,0.5,0.25,-10,10,500,0.7,1,eq,1,35,0,5
5.327510845438027,-11.073186114760825,1.6648435882347152,-24.512949812645264,2.4516625,-11.512936469955557,4.029240268564611,-13.939117262573575,0.5,0.25,-10,10,500,0.7,0.5,eff,1,35,5,5
5.327510845438027,-16.43988535183849,1.6648435882347152,-29.87964904972292,2.4516625,-16.951161108635127,4.029240268564611,-15.593609241774441,0.5,0.25,-10,10,500,0.7,0.5,eff,0.5,35,5,5
3.7378786914194815,-14.294863446949414,1.7398467296524174,-23.249872475156643,2.4516625,-10.354984701841904,4.029240268564611,-13.586829146518431,0.5,0.25,-10,10,500,0.7,1,eff,1,35,0,5
5.327510845438027,-11.073186114760825,1.7398467296524174,-24.969935069793394,2.4516625,-10.41126996047776,4.029240268564611,-13.60395302703954,0.5,0.25,-10,10,500,0.7,1,eq,1,35,5,5
3.7378786914194815,-18.035901907714646,1.7398467296524174,-27.987045310106954,2.4516625,-13.47343325318822,4.029240268564611,-14.53556673250478,0.5,0.25,-10,10,500,0.7,1,eq,0.5,35,0,5
5.327510845438027,-11.073186114760825,1.7398467296524174,-23.734171772146524,2.4516625,-10.845678067844911,4.029240268564611,-13.736114674836708,0.5,0.25,-10,10,500,0.7,1,eff,1,35,5,5
5.327510845438027,-14.048893679109554,1.7398467296524174,-26.709879336495256,2.4516625,-13.860673072088334,4.029240268564611,-14.653378190648825,0.5,0.25,-10,10,500,0.7,1,eff,0.5,6.5,5,5
5.327510845438027,-16.43988535183849,1.7398467296524174,-30.336634306871055,2.4516625,-15.858107529502156,4.029240268564611,-15.261065351136027,0.5,0.25,-10,10,500,0.7,1,eq,0.5,35,5,5
3.7378786914194815,-12.85779587538116,1.7398467296524174,-21.812804903588386,2.4516625,-8.898943926540808,4.029240268564611,-13.143852266344847,0.5,0.25,-10,10,500,0.7,1,eff,1,6.5,0,5
5.327510845438027,-11.073186114760825,1.6648435882347152,-25.825172705597662,2.4516625,-11.111812180616218,4.029240268564611,-13.817081678634157,0.5,0.25,-10,10,500,0.8,0.5,eq,1,6.5,5,5
5.327510845438027,-11.073186114760825,1.7398467296524174,-23.734171772146524,2.4516625,-10.845678067844911,4.029240268564611,-13.736114674836708,0.5,0.25,-10,10,500,0.7,1,eff,1,6.5,5,5
5.327510845438027,-14.048893679109554,1.7398467296524174,-27.945642634142125,2.4516625,-13.431412331038729,4.029240268564611,-14.522782545886237,0.5,0.25,-10,10,500,0.7,1,eq,0.5,6.5,5,5
5.327510845438027,-16.43988535183849,1.7398467296524174,-29.1008710092242,2.4516625,-16.283232343313486,4.029240268564611,-15.390402706861872,0.5,0.25,-10,10,500,0.7,1,eff,0.5,35,5,5
3.7378786914194815,-14.936640119945,1.7398467296524174,-24.887783522337305,2.4516625,-10.327891683573014,4.029240268564611,-13.578586533460557,0.5,0.25,-10,10,500,0.7,1,eq,0.5,6.5,0,5
5.327510845438027,-11.073186114760825,1.6648435882347152,-25.825172705597662,2.4516625,-11.111812180616218,4.029240268564611,-13.817081678634157,0.5,0.25,-10,10,500,0.8,0.5,eq,1,35,5,5
3.7378786914194815,-12.85779587538116,1.6648435882347152,-23.607524244155858,2.4516625,-8.860667288586884,4.029240268564611,-13.132207217695147,0.5,0.25,-10,10,500,0.8,0.5,eq,1,6.5,0,5
3.7378786914194815,-14.936640119945,1.7398467296524174,-23.891649148152226,2.4516625,-11.005234573872249,4.029240268564611,-13.784657163790515,0.5,0.25,-10,10,500,0.7,1,eff,0.5,6.5,0,5
3.7378786914194815,-18.035901907714646,1.7398467296524174,-26.990910935921875,2.4516625,-14.145415053614059,4.029240268564611,-14.740006337861766,0.5,0.25,-10,10,500,0.7,1,eff,0.5,35,0,5
3.7378786914194815,-14.936640119945,1.6648435882347152,-25.686368488719694,2.4516625,-10.970911397983434,4.029240268564611,-13.774214892096847,0.5,0.25,-10,10,500,0.8,0.5,eq,0.5,6.5,0,5
5.327510845438027,-14.048893679109554,1.6648435882347152,-28.800880269946397,2.4516625,-14.132466265402812,4.029240268564611,-14.736066878266008,0.5,0.25,-10,10,500,0.8,0.5,eq,0.5,6.5,5,5
3.7378786914194815,-18.035901907714646,1.6648435882347152,-28.785630276489343,2.4516625,-14.116985928696103,4.029240268564611,-14.731357235943765,0.5,0.25,-10,10,500,0.8,0.5,eq,0.5,35,0,5
3.7378786914194815,-14.294863446949414,1.6648435882347152,-25.04459181572411,2.4516625,-10.319441020982392,4.029240268564611,-13.576015555907372,0.5,0.25,-10,10,500,0.8,0.5,eq,1,35,0,5
3.7378786914194815,-12.85779587538116,1.6648435882347152,-22.531082129549677,2.4516625,-9.5046551803386,4.029240268564611,-13.328130128644421,0.5,0.25,-10,10,500,0.8,0.5,eff,1,6.5,0,5
5.327510845438027,-14.048893679109554,1.6648435882347152,-27.488657376993988,2.4516625,-14.528303174705611,4.029240268564611,-14.856493862259178,0.5,0.25,-10,10,500,0.8,0.5,eff,0.5,6.5,5,5
5.327510845438027,-16.43988535183849,1.6648435882347152,-31.19187194267533,2.4516625,-16.559572628084794,4.029240268564611,-15.474474773586099,0.5,0.25,-10,10,500,0.8,0.5,eq,0.5,35,5,5
5.327510845438027,-11.073186114760825,1.6648435882347152,-24.512949812645264,2.4516625,-11.512936469955557,4.029240268564611,-13.939117262573575,0.5,0.25,-10,10,500,0.8,0.5,eff,1,6.5,5,5
5.327510845438027,-11.073186114760825,1.7398467296524174,-24.969935069793394,2.4516625,-10.41126996047776,4.029240268564611,-13.60395302703954,0.5,0.25,-10,10,500,0.8,1,eq,1,35,5,5
5.327510845438027,-11.073186114760825,1.7398467296524174,-24.969935069793394,2.4516625,-10.41126996047776,4.029240268564611,-13.60395302703954,0.5,0.25,-10,10,500,0.8,1,eq,1,6.5,5,5
5.327510845438027,-16.43988535183849,1.6648435882347152,-29.87964904972292,2.4516625,-16.951161108635127,4.029240268564611,-15.593609241774441,0.5,0.25,-10,10,500,0.8,0.5,eff,0.5,35,5,5
3.7378786914194815,-12.85779587538116,1.7398467296524174,-22.808939277773465,2.4516625,-8.21800506029365,4.029240268564611,-12.936687618433918,0.5,0.25,-10,10,500,0.8,1,eq,1,6.5,0,5
3.7378786914194815,-14.294863446949414,1.7398467296524174,-24.24600684934172,2.4516625,-9.67653166897828,4.029240268564611,-13.38042077325008,0.5,0.25,-10,10,500,0.8,1,eq,1,35,0,5
3.7378786914194815,-14.936640119945,1.6648435882347152,-24.60992637411352,2.4516625,-11.61120549951807,4.029240268564611,-13.969014027054193,0.5,0.25,-10,10,500,0.8,0.5,eff,0.5,6.5,0,5
5.327510845438027,-14.048893679109554,1.7398467296524174,-27.945642634142125,2.4516625,-13.431412331038729,4.029240268564611,-14.522782545886237,0.5,0.25,-10,10,500,0.8,1,eq,0.5,6.5,5,5
3.7378786914194815,-18.035901907714646,1.6648435882347152,-27.709188161883162,2.4516625,-14.751773113119171,4.029240268564611,-14.924480980346932,0.5,0.25,-10,10,500,0.8,0.5,eff,0.5,35,0,5
3.7378786914194815,-14.294863446949414,1.6648435882347152,-23.968149701117934,2.4516625,-10.960875462103568,4.029240268564611,-13.771161620759088,0.5,0.25,-10,10,500,0.8,0.5,eff,1,35,0,5
5.327510845438027,-11.073186114760825,1.6648435882347152,-24.512949812645264,2.4516625,-11.512936469955557,4.029240268564611,-13.939117262573575,0.5,0.25,-10,10,500,0.8,0.5,eff,1,35,5,5
3.7378786914194815,-14.936640119945,1.7398467296524174,-24.887783522337305,2.4516625,-10.327891683573014,4.029240268564611,-13.578586533460557,0.5,0.25,-10,10,500,0.8,1,eq,0.5,6.5,0,5
3.7378786914194815,-18.035901907714646,1.7398467296524174,-27.987045310106954,2.4516625,-13.47343325318822,4.029240268564611,-14.53556673250478,0.5,0.25,-10,10,500,0.8,1,eq,0.5,35,0,5
5.327510845438027,-16.43988535183849,1.7398467296524174,-30.336634306871055,2.4516625,-15.858107529502156,4.029240268564611,-15.261065351136027,0.5,0.25,-10,10,500,0.8,1,eq,0.5,35,5,5
5.327510845438027,-14.048893679109554,1.7398467296524174,-26.709879336495256,2.4516625,-13.860673072088334,4.029240268564611,-14.653378190648825,0.5,0.25,-10,10,500,0.8,1,eff,0.5,6.5,5,5
3.7378786914194815,-12.85779587538116,1.7398467296524174,-21.812804903588386,2.4516625,-8.898943926540808,4.029240268564611,-13.143852266344847,0.5,0.25,-10,10,500,0.8,1,eff,1,6.5,0,5
5.327510845438027,-11.073186114760825,1.7398467296524174,-23.734171772146524,2.4516625,-10.845678067844911,4.029240268564611,-13.736114674836708,0.5,0.25,-10,10,500,0.8,1,eff,1,35,5,5
5.327510845438027,-11.073186114760825,1.7398467296524174,-23.734171772146524,2.4516625,-10.845678067844911,4.029240268564611,-13.736114674836708,0.5,0.25,-10,10,500,0.8,1,eff,1,6.5,5,5
3.7378786914194815,-14.936640119945,1.7398467296524174,-23.891649148152226,2.4516625,-11.005234573872249,4.029240268564611,-13.784657163790515,0.5,0.25,-10,10,500,0.8,1,eff,0.5,6.5,0,5
5.327510845438027,-16.43988535183849,1.7398467296524174,-29.1008710092242,2.4516625,-16.283232343313486,4.029240268564611,-15.390402706861872,0.5,0.25,-10,10,500,0.8,1,eff,0.5,35,5,5
3.7378786914194815,-12.85779587538116,0.664380693404857,-38.8099090634354,1.3075533333333331,-20.986261574938613,3.4571856852312774,-16.132041635766647,0.5,1,-20,2,400,0.7,0.5,eq,1,6.5,0,5
3.7378786914194815,-14.294863446949414,1.7398467296524174,-23.249872475156643,2.4516625,-10.354984701841904,4.029240268564611,-13.586829146518431,0.5,0.25,-10,10,500,0.8,1,eff,1,35,0,5
3.7378786914194815,-18.035901907714646,1.7398467296524174,-26.990910935921875,2.4516625,-14.145415053614059,4.029240268564611,-14.740006337861766,0.5,0.25,-10,10,500,0.8,1,eff,0.5,35,0,5
5.327510845438027,-14.048893679109554,0.664380693404857,-44.00326508922595,1.3075533333333331,-26.27592194498205,3.4571856852312774,-17.132351378832734,0.5,1,-20,2,400,0.7,0.5,eq,0.5,6.5,5,5
3.7378786914194815,-14.294863446949414,0.664380693404857,-40.246976635003655,1.3075533333333331,-22.449977781664845,3.4571856852312774,-16.408840046296614,0.5,1,-20,2,400,0.7,0.5,eq,1,35,0,5
5.327510845438027,-11.073186114760825,0.664380693404857,-41.02755752487721,1.3075533333333331,-23.245033575690275,3.4571856852312774,-16.55919035263176,0.5,1,-20,2,400,0.7,0.5,eq,1,6.5,5,5
5.327510845438027,-11.073186114760825,0.664380693404857,-41.02755752487721,1.3075533333333331,-23.245033575690275,3.4571856852312774,-16.55919035263176,0.5,1,-20,2,400,0.7,0.5,eq,1,35,5,5
3.7378786914194815,-14.936640119945,0.664380693404857,-40.888753307999245,1.3075533333333331,-23.10365540687393,3.4571856852312774,-16.532454806333917,0.5,1,-20,2,400,0.7,0.5,eq,0.5,6.5,0,5
5.327510845438027,-16.43988535183849,0.664380693404857,-46.39425676195488,1.3075533333333331,-28.711251591906432,3.4571856852312774,-17.592888313716635,0.5,1,-20,2,400,0.7,0.5,eq,0.5,35,5,5
3.7378786914194815,-18.035901907714646,0.664380693404857,-43.988015095768894,1.3075533333333331,-26.260389159284113,3.4571856852312774,-17.129414026378463,0.5,1,-20,2,400,0.7,0.5,eq,0.5,35,0,5
3.7378786914194815,-12.85779587538116,0.664380693404857,-35.68803421661903,1.3075533333333331,-20.430536124372843,3.4571856852312774,-16.02695027946355,0.5,1,-20,2,400,0.7,0.5,eff,1,6.5,0,5
3.7378786914194815,-14.936640119945,0.664380693404857,-37.76687846118287,1.3075533333333331,-22.542272964241864,3.4571856852312774,-16.426293675435577,0.5,1,-20,2,400,0.7,0.5,eff,0.5,6.5,0,5
5.327510845438027,-11.073186114760825,0.664380693404857,-37.66990189971462,1.3075533333333331,-22.443761987234225,3.4571856852312774,-16.40766459848053,0.5,1,-20,2,400,0.7,0.5,eff,1,6.5,5,5
5.327510845438027,-14.048893679109554,0.664380693404857,-40.645609464063334,1.3075533333333331,-25.46655280224932,3.4571856852312774,-16.979294323639206,0.5,1,-20,2,400,0.7,0.5,eff,0.5,6.5,5,5
5.327510845438027,-11.073186114760825,0.664380693404857,-37.66990189971462,1.3075533333333331,-22.443761987234225,3.4571856852312774,-16.40766459848053,0.5,1,-20,2,400,0.7,0.5,eff,1,35,5,5
5.327510845438027,-16.43988535183849,0.664380693404857,-43.03660113679226,1.3075533333333331,-27.895376035264285,3.4571856852312774,-17.438600852642374,0.5,1,-20,2,400,0.7,0.5,eff,0.5,35,5,5
3.7378786914194815,-18.035901907714646,0.664380693404857,-40.866140248952505,1.3075533333333331,-25.690572944145323,3.4571856852312774,-17.021658013347984,0.5,1,-20,2,400,0.7,0.5,eff,0.5,35,0,5
3.7378786914194815,-14.294863446949414,0.664380693404857,-37.12510178818729,1.3075533333333331,-21.890341754430768,3.4571856852312774,-16.303009174094885,0.5,1,-20,2,400,0.7,0.5,eff,1,35,0,5
5.327510845438027,-11.073186114760825,0.6968241909147566,-39.699339980638186,1.3075533333333331,-22.057299010551898,3.4571856852312774,-16.334581894891677,0.5,1,-20,2,400,0.7,1,eq,1,6.5,5,5
5.327510845438027,-11.073186114760825,0.6968241909147566,-39.699339980638186,1.3075533333333331,-22.057299010551898,3.4571856852312774,-16.334581894891677,0.5,1,-20,2,400,0.7,1,eq,1,35,5,5
3.7378786914194815,-12.85779587538116,0.6968241909147566,-37.538344188618254,1.3075533333333331,-19.856601845795165,3.4571856852312774,-15.918415513414551,0.5,1,-20,2,400,0.7,1,eq,1,6.5,0,5
3.7378786914194815,-14.294863446949414,0.6968241909147566,-38.97541176018651,1.3075533333333331,-21.320070928838042,3.4571856852312774,-16.19516719122249,0.5,1,-20,2,400,0.7,1,eq,1,35,0,5
5.327510845438027,-14.048893679109554,0.6968241909147566,-42.67504754498692,1.3075533333333331,-25.087675665589742,3.4571856852312774,-16.907646152544476,0.5,1,-20,2,400,0.7,1,eq,0.5,6.5,5,5
5.327510845438027,-16.43988535183849,0.6968241909147566,-45.066039217715854,1.3075533333333331,-27.52259414820657,3.4571856852312774,-17.36810533353983,0.5,1,-20,2,400,0.7,1,eq,0.5,35,5,5
5.327510845438027,-14.048893679109554,0.6968241909147566,-39.4681062728266,1.3075533333333331,-24.390075951086917,3.4571856852312774,-16.77572543507666,0.5,1,-20,2,400,0.7,1,eff,0.5,6.5,5,5
5.327510845438027,-11.073186114760825,0.6968241909147566,-36.492398708477886,1.3075533333333331,-21.367655893805495,3.4571856852312774,-16.20416582265638,0.5,1,-20,2,400,0.7,1,eff,1,6.5,5,5
5.327510845438027,-11.073186114760825,0.6968241909147566,-36.492398708477886,1.3075533333333331,-21.367655893805495,3.4571856852312774,-16.20416582265638,0.5,1,-20,2,400,0.7,1,eff,1,35,5,5
3.7378786914194815,-12.85779587538116,0.6968241909147566,-34.57103183991974,1.3075533333333331,-19.416127514274418,3.4571856852312774,-15.835118905585755,0.5,1,-20,2,400,0.7,1,eff,1,6.5,0,5
3.7378786914194815,-14.294863446949414,0.6968241909147566,-36.008099411488,1.3075533333333331,-20.8757540932014,3.4571856852312774,-16.111143940464643,0.5,1,-20,2,400,0.7,1,eff,1,35,0,5
5.327510845438027,-16.43988535183849,0.6968241909147566,-41.85909794555555,1.3075533333333331,-26.818601279046764,3.4571856852312774,-17.234975628264703,0.5,1,-20,2,400,0.7,1,eff,0.5,35,5,5
3.7378786914194815,-18.035901907714646,0.6968241909147566,-42.71645022095176,1.3075533333333331,-25.12983898304496,3.4571856852312774,-16.915619514594304,0.5,1,-20,2,400,0.7,1,eq,0.5,35,0,5
3.7378786914194815,-14.936640119945,0.6968241909147566,-36.64987608448359,1.3075533333333331,-21.527605340957685,3.4571856852312774,-16.23441332045228,0.5,1,-20,2,400,0.7,1,eff,0.5,6.5,0,5
3.7378786914194815,-14.936640119945,0.6968241909147566,-39.6171884331821,1.3075533333333331,-21.973638191638333,3.4571856852312774,-16.318761080998613,0.5,1,-20,2,400,0.7,1,eq,0.5,6.5,0,5
3.7378786914194815,-18.035901907714646,0.6968241909147566,-39.74913787225322,1.3075533333333331,-24.675519169072736,3.4571856852312774,-16.829704634508946,0.5,1,-20,2,400,0.7,1,eff,0.5,35,0,5
5.327510845438027,-14.048893679109554,0.664380693404857,-44.00326508922595,1.3075533333333331,-26.27592194498205,3.4571856852312774,-17.132351378832734,0.5,1,-20,2,400,0.8,0.5,eq,0.5,6.5,5,5
3.7378786914194815,-12.85779587538116,0.664380693404857,-38.8099090634354,1.3075533333333331,-20.986261574938613,3.4571856852312774,-16.132041635766647,0.5,1,-20,2,400,0.8,0.5,eq,1,6.5,0,5
5.327510845438027,-11.073186114760825,0.664380693404857,-41.02755752487721,1.3075533333333331,-23.245033575690275,3.4571856852312774,-16.55919035263176,0.5,1,-20,2,400,0.8,0.5,eq,1,6.5,5,5
5.327510845438027,-11.073186114760825,0.664380693404857,-41.02755752487721,1.3075533333333331,-23.245033575690275,3.4571856852312774,-16.55919035263176,0.5,1,-20,2,400,0.8,0.5,eq,1,35,5,5
3.7378786914194815,-14.936640119945,0.664380693404857,-40.888753307999245,1.3075533333333331,-23.10365540687393,3.4571856852312774,-16.532454806333917,0.5,1,-20,2,400,0.8,0.5,eq,0.5,6.5,0,5
5.327510845438027,-16.43988535183849,0.664380693404857,-46.39425676195488,1.3075533333333331,-28.711251591906432,3.4571856852312774,-17.592888313716635,0.5,1,-20,2,400,0.8,0.5,eq,0.5,35,5,5
3.7378786914194815,-14.294863446949414,0.664380693404857,-40.246976635003655,1.3075533333333331,-22.449977781664845,3.4571856852312774,-16.408840046296614,0.5,1,-20,2,400,0.8,0.5,eq,1,35,0,5
3.7378786914194815,-12.85779587538116,0.664380693404857,-35.68803421661903,1.3075533333333331,-20.430536124372843,3.4571856852312774,-16.02695027946355,0.5,1,-20,2,400,0.8,0.5,eff,1,6.5,0,5
3.7378786914194815,-18.035901907714646,0.664380693404857,-43.988015095768894,1.3075533333333331,-26.260389159284113,3.4571856852312774,-17.129414026378463,0.5,1,-20,2,400,0.8,0.5,eq,0.5,35,0,5
5.327510845438027,-11.073186114760825,0.664380693404857,-37.66990189971462,1.3075533333333331,-22.443761987234225,3.4571856852312774,-16.40766459848053,0.5,1,-20,2,400,0.8,0.5,eff,1,6.5,5,5
3.7378786914194815,-14.294863446949414,0.664380693404857,-37.12510178818729,1.3075533333333331,-21.890341754430768,3.4571856852312774,-16.303009174094885,0.5,1,-20,2,400,0.8,0.5,eff,1,35,0,5
5.327510845438027,-11.073186114760825,0.664380693404857,-37.66990189971462,1.3075533333333331,-22.443761987234225,3.4571856852312774,-16.40766459848053,0.5,1,-20,2,400,0.8,0.5,eff,1,35,5,5
5.327510845438027,-14.048893679109554,0.664380693404857,-40.645609464063334,1.3075533333333331,-25.46655280224932,3.4571856852312774,-16.979294323639206,0.5,1,-20,2,400,0.8,0.5,eff,0.5,6.5,5,5
3.7378786914194815,-14.936640119945,0.664380693404857,-37.76687846118287,1.3075533333333331,-22.542272964241864,3.4571856852312774,-16.426293675435577,0.5,1,-20,2,400,0.8,0.5,eff,0.5,6.5,0,5
5.327510845438027,-11.073186114760825,0.6968241909147566,-39.699339980638186,1.3075533333333331,-22.057299010551898,3.4571856852312774,-16.334581894891677,0.5,1,-20,2,400,0.8,1,eq,1,6.5,5,5
5.327510845438027,-16.43988535183849,0.664380693404857,-43.03660113679226,1.3075533333333331,-27.895376035264285,3.4571856852312774,-17.438600852642374,0.5,1,-20,2,400,0.8,0.5,eff,0.5,35,5,5
3.7378786914194815,-18.035901907714646,0.664380693404857,-40.866140248952505,1.3075533333333331,-25.690572944145323,3.4571856852312774,-17.021658013347984,0.5,1,-20,2,400,0.8,0.5,eff,0.5,35,0,5
5.327510845438027,-11.073186114760825,0.6968241909147566,-39.699339980638186,1.3075533333333331,-22.057299010551898,3.4571856852312774,-16.334581894891677,0.5,1,-20,2,400,0.8,1,eq,1,35,5,5
5.327510845438027,-11.073186114760825,0.6968241909147566,-36.492398708477886,1.3075533333333331,-21.367655893805495,3.4571856852312774,-16.20416582265638,0.5,1,-20,2,400,0.8,1,eff,1,35,5,5
3.7378786914194815,-12.85779587538116,0.6968241909147566,-37.538344188618254,1.3075533333333331,-19.856601845795165,3.4571856852312774,-15.918415513414551,0.5,1,-20,2,400,0.8,1,eq,1,6.5,0,5
3.7378786914194815,-14.294863446949414,0.6968241909147566,-36.008099411488,1.3075533333333331,-20.8757540932014,3.4571856852312774,-16.111143940464643,0.5,1,-20,2,400,0.8,1,eff,1,35,0,5
3.7378786914194815,-14.294863446949414,0.6968241909147566,-38.97541176018651,1.3075533333333331,-21.320070928838042,3.4571856852312774,-16.19516719122249,0.5,1,-20,2,400,0.8,1,eq,1,35,0,5
3.7378786914194815,-18.035901907714646,0.6968241909147566,-42.71645022095176,1.3075533333333331,-25.12983898304496,3.4571856852312774,-16.915619514594304,0.5,1,-20,2,400,0.8,1,eq,0.5,35,0,5
5.327510845438027,-14.048893679109554,0.6968241909147566,-39.4681062728266,1.3075533333333331,-24.390075951086917,3.4571856852312774,-16.77572543507666,0.5,1,-20,2,400,0.8,1,eff,0.5,6.5,5,5
5.327510845438027,-11.073186114760825,0.6968241909147566,-36.492398708477886,1.3075533333333331,-21.367655893805495,3.4571856852312774,-16.20416582265638,0.5,1,-20,2,400,0.8,1,eff,1,6.5,5,5
3.7378786914194815,-14.936640119945,0.6968241909147566,-39.6171884331821,1.3075533333333331,-21.973638191638333,3.4571856852312774,-16.318761080998613,0.5,1,-20,2,400,0.8,1,eq,0.5,6.5,0,5
5.327510845438027,-16.43988535183849,0.6968241909147566,-45.066039217715854,1.3075533333333331,-27.52259414820657,3.4571856852312774,-17.36810533353983,0.5,1,-20,2,400,0.8,1,eq,0.5,35,5,5
3.7378786914194815,-14.936640119945,0.6968241909147566,-36.64987608448359,1.3075533333333331,-21.527605340957685,3.4571856852312774,-16.23441332045228,0.5,1,-20,2,400,0.8,1,eff,0.5,6.5,0,5
5.327510845438027,-14.048893679109554,0.6968241909147566,-42.67504754498692,1.3075533333333331,-25.087675665589742,3.4571856852312774,-16.907646152544476,0.5,1,-20,2,400,0.8,1,eq,0.5,6.5,5,5
3.7378786914194815,-12.85779587538116,0.664380693404857,-38.8099090634354,1.9613299999999998,-20.986476692593264,3.7840740185646107,-16.551430584322514,0.5,1,-20,2,500,0.7,0.5,eq,1,6.5,0,5
5.327510845438027,-16.43988535183849,0.664380693404857,-46.39425676195488,1.9613299999999998,-28.711466709586695,3.7840740185646107,-18.553407104297868,0.5,1,-20,2,500,0.7,0.5,eq,0.5,35,5,5
3.7378786914194815,-18.035901907714646,0.664380693404857,-43.988015095768894,1.9613299999999998,-26.26060427701609,3.7840740185646107,-17.918251714724164,0.5,1,-20,2,500,0.7,0.5,eq,0.5,35,0,5
5.327510845438027,-16.43988535183849,0.6968241909147566,-41.85909794555555,1.3075533333333331,-26.818601279046764,3.4571856852312774,-17.234975628264703,0.5,1,-20,2,400,0.8,1,eff,0.5,35,5,5
3.7378786914194815,-18.035901907714646,0.6968241909147566,-39.74913787225322,1.3075533333333331,-24.675519169072736,3.4571856852312774,-16.829704634508946,0.5,1,-20,2,400,0.8,1,eff,0.5,35,0,5
3.7378786914194815,-14.936640119945,0.664380693404857,-40.888753307999245,1.9613299999999998,-23.103870524495616,3.7840740185646107,-17.100165628081143,0.5,1,-20,2,500,0.7,0.5,eq,0.5,6.5,0,5
5.327510845438027,-11.073186114760825,0.664380693404857,-41.02755752487721,1.9613299999999998,-23.24524869344514,3.7840740185646107,-17.13680461066247,0.5,1,-20,2,500,0.7,0.5,eq,1,6.5,5,5
3.7378786914194815,-14.294863446949414,0.664380693404857,-40.246976635003655,1.9613299999999998,-22.45019289939633,3.7840740185646107,-16.930761233486024,0.5,1,-20,2,500,0.7,0.5,eq,1,35,0,5
3.7378786914194815,-12.85779587538116,0.6968241909147566,-34.57103183991974,1.3075533333333331,-19.416127514274418,3.4571856852312774,-15.835118905585755,0.5,1,-20,2,400,0.8,1,eff,1,6.5,0,5
5.327510845438027,-14.048893679109554,0.664380693404857,-44.00326508922595,1.9613299999999998,-26.276137062720533,3.7840740185646107,-17.922277127339846,0.5,1,-20,2,500,0.7,0.5,eq,0.5,6.5,5,5
3.7378786914194815,-12.85779587538116,0.664380693404857,-35.68803421661903,1.9613299999999998,-20.430719184055807,3.7840740185646107,-16.407402762869783,0.5,1,-20,2,500,0.7,0.5,eff,1,6.5,0,5
5.327510845438027,-14.048893679109554,0.664380693404857,-40.645609464063334,1.9613299999999998,-25.466735861916554,3.7840740185646107,-17.71251605377422,0.5,1,-20,2,500,0.7,0.5,eff,0.5,6.5,5,5
5.327510845438027,-11.073186114760825,0.664380693404857,-37.66990189971462,1.9613299999999998,-22.443945046917165,3.7840740185646107,-16.92914206583196,0.5,1,-20,2,500,0.7,0.5,eff,1,6.5,5,5
3.7378786914194815,-14.936640119945,0.6968241909147566,-39.6171884331821,1.9613299999999998,-21.973841357308686,3.7840740185646107,-16.807311934468714,0.5,1,-20,2,500,0.7,1,eq,0.5,6.5,0,5
5.327510845438027,-11.073186114760825,0.664380693404857,-41.02755752487721,1.9613299999999998,-23.24524869344514,3.7840740185646107,-17.13680461066247,0.5,1,-20,2,500,0.7,0.5,eq,1,35,5,5
3.7378786914194815,-12.85779587538116,0.6968241909147566,-37.538344188618254,1.9613299999999998,-19.856805011558816,3.7840740185646107,-16.258669535345604,0.5,1,-20,2,500,0.7,1,eq,1,6.5,0,5
3.7378786914194815,-14.294863446949414,0.664380693404857,-37.12510178818729,1.9613299999999998,-21.890524814113732,3.7840740185646107,-16.785719963108846,0.5,1,-20,2,500,0.7,0.5,eff,1,35,0,5
3.7378786914194815,-14.936640119945,0.664380693404857,-37.76687846118287,1.9613299999999998,-22.54245602392483,3.7840740185646107,-16.954671763928065,0.5,1,-20,2,500,0.7,0.5,eff,0.5,6.5,0,5
3.7378786914194815,-18.035901907714646,0.6968241909147566,-42.71645022095176,1.9613299999999998,-25.13004214871379,3.7840740185646107,-17.625259901109523,0.5,1,-20,2,500,0.7,1,eq,0.5,35,0,5
3.7378786914194815,-14.294863446949414,0.6968241909147566,-38.97541176018651,1.9613299999999998,-21.320274094540455,3.7840740185646107,-16.637936140919685,0.5,1,-20,2,500,0.7,1,eq,1,35,0,5
5.327510845438027,-11.073186114760825,0.664380693404857,-37.66990189971462,1.9613299999999998,-22.443945046917165,3.7840740185646107,-16.92914206583196,0.5,1,-20,2,500,0.7,0.5,eff,1,35,5,5
5.327510845438027,-16.43988535183849,0.664380693404857,-43.03660113679226,1.9613299999999998,-27.89555909491308,3.7840740185646107,-18.341959855375567,0.5,1,-20,2,500,0.7,0.5,eff,0.5,35,5,5
5.327510845438027,-16.43988535183849,0.6968241909147566,-45.066039217715854,1.9613299999999998,-27.522797313898653,3.7840740185646107,-18.245356451164874,0.5,1,-20,2,500,0.7,1,eq,0.5,35,5,5
3.7378786914194815,-18.035901907714646,0.664380693404857,-40.866140248952505,1.9613299999999998,-25.69075600381071,3.7840740185646107,-17.770572188874233,0.5,1,-20,2,500,0.7,0.5,eff,0.5,35,0,5
5.327510845438027,-11.073186114760825,0.6968241909147566,-39.699339980638186,1.9613299999999998,-22.057502176254612,3.7840740185646107,-16.828993126910884,0.5,1,-20,2,500,0.7,1,eq,1,6.5,5,5
5.327510845438027,-14.048893679109554,0.6968241909147566,-42.67504754498692,1.9613299999999998,-25.08787883128504,3.7840740185646107,-17.61433302983706,0.5,1,-20,2,500,0.7,1,eq,0.5,6.5,5,5
5.327510845438027,-11.073186114760825,0.6968241909147566,-39.699339980638186,1.9613299999999998,-22.057502176254612,3.7840740185646107,-16.828993126910884,0.5,1,-20,2,500,0.7,1,eq,1,35,5,5
3.7378786914194815,-14.294863446949414,0.6968241909147566,-36.008099411488,1.9613299999999998,-20.875927234162532,3.7840740185646107,-16.522781043082134,0.5,1,-20,2,500,0.7,1,eff,1,35,0,5
3.7378786914194815,-12.85779587538116,0.6968241909147566,-34.57103183991974,1.9613299999999998,-19.416300655235574,3.7840740185646107,-16.14451024499497,0.5,1,-20,2,500,0.7,1,eff,1,6.5,0,5
5.327510845438027,-11.073186114760825,0.6968241909147566,-36.492398708477886,1.9613299999999998,-21.36782903476662,3.7840740185646107,-16.650260282896955,0.5,1,-20,2,500,0.7,1,eff,1,6.5,5,5
5.327510845438027,-14.048893679109554,0.6968241909147566,-39.4681062728266,1.9613299999999998,-24.39024909204804,3.7840740185646107,-17.433538186799602,0.5,1,-20,2,500,0.7,1,eff,0.5,6.5,5,5
5.327510845438027,-11.073186114760825,0.6968241909147566,-36.492398708477886,1.9613299999999998,-21.36782903476662,3.7840740185646107,-16.650260282896955,0.5,1,-20,2,500,0.7,1,eff,1,35,5,5
5.327510845438027,-16.43988535183849,0.6968241909147566,-41.85909794555555,1.9613299999999998,-26.818774420007887,3.7840740185646107,-18.062904784561628,0.5,1,-20,2,500,0.7,1,eff,0.5,35,5,5
5.327510845438027,-14.048893679109554,0.664380693404857,-44.00326508922595,1.9613299999999998,-26.276137062720533,3.7840740185646107,-17.922277127339846,0.5,1,-20,2,500,0.8,0.5,eq,0.5,6.5,5,5
3.7378786914194815,-12.85779587538116,0.664380693404857,-38.8099090634354,1.9613299999999998,-20.986476692593264,3.7840740185646107,-16.551430584322514,0.5,1,-20,2,500,0.8,0.5,eq,1,6.5,0,5
5.327510845438027,-11.073186114760825,0.664380693404857,-41.02755752487721,1.9613299999999998,-23.24524869344514,3.7840740185646107,-17.13680461066247,0.5,1,-20,2,500,0.8,0.5,eq,1,35,5,5
3.7378786914194815,-14.936640119945,0.6968241909147566,-36.64987608448359,1.9613299999999998,-21.527778481918812,3.7840740185646107,-16.6917121212653,0.5,1,-20,2,500,0.7,1,eff,0.5,6.5,0,5
5.327510845438027,-11.073186114760825,0.664380693404857,-41.02755752487721,1.9613299999999998,-23.24524869344514,3.7840740185646107,-17.13680461066247,0.5,1,-20,2,500,0.8,0.5,eq,1,6.5,5,5
3.7378786914194815,-14.294863446949414,0.664380693404857,-40.246976635003655,1.9613299999999998,-22.45019289939633,3.7840740185646107,-16.930761233486024,0.5,1,-20,2,500,0.8,0.5,eq,1,35,0,5
3.7378786914194815,-18.035901907714646,0.6968241909147566,-39.74913787225322,1.9613299999999998,-24.67569231003387,3.7840740185646107,-17.50751247271276,0.5,1,-20,2,500,0.7,1,eff,0.5,35,0,5
3.7378786914194815,-18.035901907714646,0.664380693404857,-43.988015095768894,1.9613299999999998,-26.26060427701609,3.7840740185646107,-17.918251714724164,0.5,1,-20,2,500,0.8,0.5,eq,0.5,35,0,5
5.327510845438027,-16.43988535183849,0.664380693404857,-46.39425676195488,1.9613299999999998,-28.711466709586695,3.7840740185646107,-18.553407104297868,0.5,1,-20,2,500,0.8,0.5,eq,0.5,35,5,5
3.7378786914194815,-14.936640119945,0.664380693404857,-40.888753307999245,1.9613299999999998,-23.103870524495616,3.7840740185646107,-17.100165628081143,0.5,1,-20,2,500,0.8,0.5,eq,0.5,6.5,0,5
3.7378786914194815,-12.85779587538116,0.664380693404857,-35.68803421661903,1.9613299999999998,-20.430719184055807,3.7840740185646107,-16.407402762869783,0.5,1,-20,2,500,0.8,0.5,eff,1,6.5,0,5
5.327510845438027,-11.073186114760825,0.664380693404857,-37.66990189971462,1.9613299999999998,-22.443945046917165,3.7840740185646107,-16.92914206583196,0.5,1,-20,2,500,0.8,0.5,eff,1,6.5,5,5
3.7378786914194815,-18.035901907714646,0.6968241909147566,-42.71645022095176,1.9613299999999998,-25.13004214871379,3.7840740185646107,-17.625259901109523,0.5,1,-20,2,500,0.8,1,eq,0.5,35,0,5
5.327510845438027,-11.073186114760825,0.664380693404857,-37.66990189971462,1.9613299999999998,-22.443945046917165,3.7840740185646107,-16.92914206583196,0.5,1,-20,2,500,0.8,0.5,eff,1,35,5,5
3.7378786914194815,-14.936640119945,0.664380693404857,-37.76687846118287,1.9613299999999998,-22.54245602392483,3.7840740185646107,-16.954671763928065,0.5,1,-20,2,500,0.8,0.5,eff,0.5,6.5,0,5
3.7378786914194815,-14.294863446949414,0.664380693404857,-37.12510178818729,1.9613299999999998,-21.890524814113732,3.7840740185646107,-16.785719963108846,0.5,1,-20,2,500,0.8,0.5,eff,1,35,0,5
5.327510845438027,-11.073186114760825,0.6968241909147566,-39.699339980638186,1.9613299999999998,-22.057502176254612,3.7840740185646107,-16.828993126910884,0.5,1,-20,2,500,0.8,1,eq,1,6.5,5,5
3.7378786914194815,-18.035901907714646,0.664380693404857,-40.866140248952505,1.9613299999999998,-25.69075600381071,3.7840740185646107,-17.770572188874233,0.5,1,-20,2,500,0.8,0.5,eff,0.5,35,0,5
3.7378786914194815,-12.85779587538116,0.6968241909147566,-37.538344188618254,1.9613299999999998,-19.856805011558816,3.7840740185646107,-16.258669535345604,0.5,1,-20,2,500,0.8,1,eq,1,6.5,0,5
5.327510845438027,-16.43988535183849,0.664380693404857,-43.03660113679226,1.9613299999999998,-27.89555909491308,3.7840740185646107,-18.341959855375567,0.5,1,-20,2,500,0.8,0.5,eff,0.5,35,5,5
5.327510845438027,-14.048893679109554,0.664380693404857,-40.645609464063334,1.9613299999999998,-25.466735861916554,3.7840740185646107,-17.71251605377422,0.5,1,-20,2,500,0.8,0.5,eff,0.5,6.5,5,5
5.327510845438027,-16.43988535183849,0.6968241909147566,-45.066039217715854,1.9613299999999998,-27.522797313898653,3.7840740185646107,-18.245356451164874,0.5,1,-20,2,500,0.8,1,eq,0.5,35,5,5
5.327510845438027,-11.073186114760825,0.6968241909147566,-36.492398708477886,1.9613299999999998,-21.36782903476662,3.7840740185646107,-16.650260282896955,0.5,1,-20,2,500,0.8,1,eff,1,6.5,5,5
5.327510845438027,-14.048893679109554,0.6968241909147566,-42.67504754498692,1.9613299999999998,-25.08787883128504,3.7840740185646107,-17.61433302983706,0.5,1,-20,2,500,0.8,1,eq,0.5,6.5,5,5
3.7378786914194815,-14.936640119945,0.6968241909147566,-39.6171884331821,1.9613299999999998,-21.973841357308686,3.7840740185646107,-16.807311934468714,0.5,1,-20,2,500,0.8,1,eq,0.5,6.5,0,5
3.7378786914194815,-14.294863446949414,0.6968241909147566,-38.97541176018651,1.9613299999999998,-21.320274094540455,3.7840740185646107,-16.637936140919685,0.5,1,-20,2,500,0.8,1,eq,1,35,0,5
5.327510845438027,-11.073186114760825,0.6968241909147566,-39.699339980638186,1.9613299999999998,-22.057502176254612,3.7840740185646107,-16.828993126910884,0.5,1,-20,2,500,0.8,1,eq,1,35,5,5
5.327510845438027,-11.073186114760825,0.6968241909147566,-36.492398708477886,1.9613299999999998,-21.36782903476662,3.7840740185646107,-16.650260282896955,0.5,1,-20,2,500,0.8,1,eff,1,35,5,5
3.7378786914194815,-14.294863446949414,0.6968241909147566,-36.008099411488,1.9613299999999998,-20.875927234162532,3.7840740185646107,-16.522781043082134,0.5,1,-20,2,500,0.8,1,eff,1,35,0,5
3.7378786914194815,-12.85779587538116,0.6968241909147566,-34.57103183991974,1.9613299999999998,-19.416300655235574,3.7840740185646107,-16.14451024499497,0.5,1,-20,2,500,0.8,1,eff,1,6.5,0,5
5.327510845438027,-11.073186114760825,0.664380693404857,-41.02755752487721,6.537766666666667,-23.24675451728559,6.072292351897945,-19.439456606074046,0.5,1,-20,10,400,0.7,0.5,eq,1,35,5,5
5.327510845438027,-14.048893679109554,0.6968241909147566,-39.4681062728266,1.9613299999999998,-24.39024909204804,3.7840740185646107,-17.433538186799602,0.5,1,-20,2,500,0.8,1,eff,0.5,6.5,5,5
3.7378786914194815,-18.035901907714646,0.6968241909147566,-39.74913787225322,1.9613299999999998,-24.67569231003387,3.7840740185646107,-17.50751247271276,0.5,1,-20,2,500,0.8,1,eff,0.5,35,0,5
5.327510845438027,-16.43988535183849,0.6968241909147566,-41.85909794555555,1.9613299999999998,-26.818774420007887,3.7840740185646107,-18.062904784561628,0.5,1,-20,2,500,0.8,1,eff,0.5,35,5,5
3.7378786914194815,-14.936640119945,0.6968241909147566,-36.64987608448359,1.9613299999999998,-21.527778481918812,3.7840740185646107,-16.6917121212653,0.5,1,-20,2,500,0.8,1,eff,0.5,6.5,0,5
5.327510845438027,-16.43988535183849,0.664380693404857,-46.39425676195488,6.537766666666667,-28.712972533449946,6.072292351897945,-22.38207332047204,0.5,1,-20,10,400,0.7,0.5,eq,0.5,35,5,5
5.327510845438027,-11.073186114760825,0.664380693404857,-37.66990189971462,6.537766666666667,-22.445226464697804,6.072292351897945,-19.007971832208593,0.5,1,-20,10,400,0.7,0.5,eff,1,6.5,5,5
3.7378786914194815,-14.936640119945,0.664380693404857,-40.888753307999245,6.537766666666667,-23.105376348440362,6.072292351897945,-19.363348817935222,0.5,1,-20,10,400,0.7,0.5,eq,0.5,6.5,0,5
5.327510845438027,-11.073186114760825,0.664380693404857,-41.02755752487721,6.537766666666667,-23.24675451728559,6.072292351897945,-19.439456606074046,0.5,1,-20,10,400,0.7,0.5,eq,1,6.5,5,5
3.7378786914194815,-12.85779587538116,0.664380693404857,-38.8099090634354,6.537766666666667,-20.98798251653221,6.072292351897945,-18.22349701138237,0.5,1,-20,10,400,0.7,0.5,eq,1,6.5,0,5
5.327510845438027,-14.048893679109554,0.664380693404857,-44.00326508922595,6.537766666666667,-26.277642886570902,6.072292351897945,-21.07106784963575,0.5,1,-20,10,400,0.7,0.5,eq,0.5,6.5,5,5
3.7378786914194815,-18.035901907714646,0.664380693404857,-43.988015095768894,6.537766666666667,-26.262110100973786,6.072292351897945,-21.062706120486997,0.5,1,-20,10,400,0.7,0.5,eq,0.5,35,0,5
3.7378786914194815,-14.294863446949414,0.664380693404857,-40.246976635003655,6.537766666666667,-22.451698723261636,6.072292351897945,-19.01145602844345,0.5,1,-20,10,400,0.7,0.5,eq,1,35,0,5
3.7378786914194815,-12.85779587538116,0.664380693404857,-35.68803421661903,6.537766666666667,-20.432000601836435,6.072292351897945,-17.924196531553637,0.5,1,-20,10,400,0.7,0.5,eff,1,6.5,0,5
3.7378786914194815,-14.294863446949414,0.664380693404857,-37.12510178818729,6.537766666666667,-21.891806231894456,6.072292351897945,-18.71005037676776,0.5,1,-20,10,400,0.7,0.5,eff,1,35,0,5
3.7378786914194815,-14.936640119945,0.664380693404857,-37.76687846118287,6.537766666666667,-22.543737441705467,6.072292351897945,-19.061003022445956,0.5,1,-20,10,400,0.7,0.5,eff,0.5,6.5,0,5
5.327510845438027,-14.048893679109554,0.664380693404857,-40.645609464063334,6.537766666666667,-25.468017279713028,6.072292351897945,-20.635223937794155,0.5,1,-20,10,400,0.7,0.5,eff,0.5,6.5,5,5
5.327510845438027,-11.073186114760825,0.664380693404857,-37.66990189971462,6.537766666666667,-22.445226464697804,6.072292351897945,-19.007971832208593,0.5,1,-20,10,400,0.7,0.5,eff,1,35,5,5
3.7378786914194815,-18.035901907714646,0.664380693404857,-40.866140248952505,6.537766666666667,-25.692037421607395,6.072292351897945,-20.75582019135569,0.5,1,-20,10,400,0.7,0.5,eff,0.5,35,0,5
5.327510845438027,-16.43988535183849,0.664380693404857,-43.03660113679226,6.537766666666667,-27.896840512727984,6.072292351897945,-21.94272682565057,0.5,1,-20,10,400,0.7,0.5,eff,0.5,35,5,5
5.327510845438027,-11.073186114760825,0.6968241909147566,-39.699339980638186,6.537766666666667,-22.05892433625695,6.072292351897945,-18.800014685860678,0.5,1,-20,10,400,0.7,1,eq,1,6.5,5,5
5.327510845438027,-16.43988535183849,0.6968241909147566,-45.066039217715854,6.537766666666667,-27.524219473926728,6.072292351897945,-21.742134589177287,0.5,1,-20,10,400,0.7,1,eq,0.5,35,5,5
3.7378786914194815,-14.294863446949414,0.6968241909147566,-38.97541176018651,6.537766666666667,-21.321696254565662,6.072292351897945,-18.40314436910917,0.5,1,-20,10,400,0.7,1,eq,1,35,0,5
5.327510845438027,-11.073186114760825,0.6968241909147566,-39.699339980638186,6.537766666666667,-22.05892433625695,6.072292351897945,-18.800014685860678,0.5,1,-20,10,400,0.7,1,eq,1,35,5,5
3.7378786914194815,-14.936640119945,0.6968241909147566,-39.6171884331821,6.537766666666667,-21.975263517334323,6.072292351897945,-18.754977747455605,0.5,1,-20,10,400,0.7,1,eq,0.5,6.5,0,5
3.7378786914194815,-12.85779587538116,0.6968241909147566,-37.538344188618254,6.537766666666667,-19.85822717149342,6.072292351897945,-17.615318385564514,0.5,1,-20,10,400,0.7,1,eq,1,6.5,0,5
5.327510845438027,-14.048893679109554,0.6968241909147566,-42.67504754498692,6.537766666666667,-25.089300991286894,6.072292351897945,-20.431350459450883,0.5,1,-20,10,400,0.7,1,eq,0.5,6.5,5,5
3.7378786914194815,-12.85779587538116,0.6968241909147566,-34.57103183991974,6.537766666666667,-19.417512642052053,6.072292351897945,-17.378069535120332,0.5,1,-20,10,400,0.7,1,eff,1,6.5,0,5
5.327510845438027,-16.43988535183849,0.6968241909147566,-41.85909794555555,6.537766666666667,-26.81998640673618,6.072292351897945,-21.363026403550922,0.5,1,-20,10,400,0.7,1,eff,0.5,35,5,5
3.7378786914194815,-18.035901907714646,0.6968241909147566,-42.71645022095176,6.537766666666667,-25.131464308742526,6.072292351897945,-20.45404814225693,0.5,1,-20,10,400,0.7,1,eq,0.5,35,0,5
5.327510845438027,-11.073186114760825,0.6968241909147566,-36.492398708477886,6.537766666666667,-21.369041021495022,6.072292351897945,-18.42863136982764,0.5,1,-20,10,400,0.7,1,eff,1,6.5,5,5
5.327510845438027,-11.073186114760825,0.6968241909147566,-36.492398708477886,6.537766666666667,-21.369041021495022,6.072292351897945,-18.42863136982764,0.5,1,-20,10,400,0.7,1,eff,1,35,5,5
3.7378786914194815,-14.294863446949414,0.6968241909147566,-36.008099411488,6.537766666666667,-20.877139220890573,6.072292351897945,-18.16382699209873,0.5,1,-20,10,400,0.7,1,eff,1,35,0,5
5.327510845438027,-14.048893679109554,0.6968241909147566,-39.4681062728266,6.537766666666667,-24.391461078776057,6.072292351897945,-20.055683886245014,0.5,1,-20,10,400,0.7,1,eff,0.5,6.5,5,5
3.7378786914194815,-14.936640119945,0.6968241909147566,-36.64987608448359,6.537766666666667,-21.52899046864682,6.072292351897945,-18.51473659198588,0.5,1,-20,10,400,0.7,1,eff,0.5,6.5,0,5
3.7378786914194815,-12.85779587538116,0.664380693404857,-38.8099090634354,6.537766666666667,-20.98798251653221,6.072292351897945,-18.22349701138237,0.5,1,-20,10,400,0.8,0.5,eq,1,6.5,0,5
3.7378786914194815,-18.035901907714646,0.6968241909147566,-39.74913787225322,6.537766666666667,-24.676904296762213,6.072292351897945,-20.20934588468237,0.5,1,-20,10,400,0.7,1,eff,0.5,35,0,5
5.327510845438027,-11.073186114760825,0.664380693404857,-41.02755752487721,6.537766666666667,-23.24675451728559,6.072292351897945,-19.439456606074046,0.5,1,-20,10,400,0.8,0.5,eq,1,6.5,5,5
3.7378786914194815,-14.294863446949414,0.664380693404857,-40.246976635003655,6.537766666666667,-22.451698723261636,6.072292351897945,-19.01145602844345,0.5,1,-20,10,400,0.8,0.5,eq,1,35,0,5
5.327510845438027,-11.073186114760825,0.664380693404857,-41.02755752487721,6.537766666666667,-23.24675451728559,6.072292351897945,-19.439456606074046,0.5,1,-20,10,400,0.8,0.5,eq,1,35,5,5
5.327510845438027,-14.048893679109554,0.664380693404857,-44.00326508922595,6.537766666666667,-26.277642886570902,6.072292351897945,-21.07106784963575,0.5,1,-20,10,400,0.8,0.5,eq,0.5,6.5,5,5
3.7378786914194815,-14.936640119945,0.664380693404857,-40.888753307999245,6.537766666666667,-23.105376348440362,6.072292351897945,-19.363348817935222,0.5,1,-20,10,400,0.8,0.5,eq,0.5,6.5,0,5
3.7378786914194815,-18.035901907714646,0.664380693404857,-43.988015095768894,6.537766666666667,-26.262110100973786,6.072292351897945,-21.062706120486997,0.5,1,-20,10,400,0.8,0.5,eq,0.5,35,0,5
3.7378786914194815,-14.294863446949414,0.664380693404857,-37.12510178818729,6.537766666666667,-21.891806231894456,6.072292351897945,-18.71005037676776,0.5,1,-20,10,400,0.8,0.5,eff,1,35,0,5
5.327510845438027,-16.43988535183849,0.664380693404857,-46.39425676195488,6.537766666666667,-28.712972533449946,6.072292351897945,-22.38207332047204,0.5,1,-20,10,400,0.8,0.5,eq,0.5,35,5,5
3.7378786914194815,-12.85779587538116,0.664380693404857,-35.68803421661903,6.537766666666667,-20.432000601836435,6.072292351897945,-17.924196531553637,0.5,1,-20,10,400,0.8,0.5,eff,1,6.5,0,5
5.327510845438027,-11.073186114760825,0.6968241909147566,-39.699339980638186,6.537766666666667,-22.05892433625695,6.072292351897945,-18.800014685860678,0.5,1,-20,10,400,0.8,1,eq,1,6.5,5,5
3.7378786914194815,-14.936640119945,0.664380693404857,-37.76687846118287,6.537766666666667,-22.543737441705467,6.072292351897945,-19.061003022445956,0.5,1,-20,10,400,0.8,0.5,eff,0.5,6.5,0,5
3.7378786914194815,-12.85779587538116,0.6968241909147566,-37.538344188618254,6.537766666666667,-19.85822717149342,6.072292351897945,-17.615318385564514,0.5,1,-20,10,400,0.8,1,eq,1,6.5,0,5
3.7378786914194815,-18.035901907714646,0.664380693404857,-40.866140248952505,6.537766666666667,-25.692037421607395,6.072292351897945,-20.75582019135569,0.5,1,-20,10,400,0.8,0.5,eff,0.5,35,0,5
5.327510845438027,-16.43988535183849,0.664380693404857,-43.03660113679226,6.537766666666667,-27.896840512727984,6.072292351897945,-21.94272682565057,0.5,1,-20,10,400,0.8,0.5,eff,0.5,35,5,5
5.327510845438027,-14.048893679109554,0.664380693404857,-40.645609464063334,6.537766666666667,-25.468017279713028,6.072292351897945,-20.635223937794155,0.5,1,-20,10,400,0.8,0.5,eff,0.5,6.5,5,5
5.327510845438027,-11.073186114760825,0.664380693404857,-37.66990189971462,6.537766666666667,-22.445226464697804,6.072292351897945,-19.007971832208593,0.5,1,-20,10,400,0.8,0.5,eff,1,35,5,5
5.327510845438027,-11.073186114760825,0.664380693404857,-37.66990189971462,6.537766666666667,-22.445226464697804,6.072292351897945,-19.007971832208593,0.5,1,-20,10,400,0.8,0.5,eff,1,6.5,5,5
5.327510845438027,-11.073186114760825,0.6968241909147566,-39.699339980638186,6.537766666666667,-22.05892433625695,6.072292351897945,-18.800014685860678,0.5,1,-20,10,400,0.8,1,eq,1,35,5,5
3.7378786914194815,-14.294863446949414,0.6968241909147566,-38.97541176018651,6.537766666666667,-21.321696254565662,6.072292351897945,-18.40314436910917,0.5,1,-20,10,400,0.8,1,eq,1,35,0,5
3.7378786914194815,-14.936640119945,0.6968241909147566,-39.6171884331821,6.537766666666667,-21.975263517334323,6.072292351897945,-18.754977747455605,0.5,1,-20,10,400,0.8,1,eq,0.5,6.5,0,5
5.327510845438027,-11.073186114760825,0.6968241909147566,-36.492398708477886,6.537766666666667,-21.369041021495022,6.072292351897945,-18.42863136982764,0.5,1,-20,10,400,0.8,1,eff,1,6.5,5,5
5.327510845438027,-11.073186114760825,0.6968241909147566,-36.492398708477886,6.537766666666667,-21.369041021495022,6.072292351897945,-18.42863136982764,0.5,1,-20,10,400,0.8,1,eff,1,35,5,5
3.7378786914194815,-18.035901907714646,0.6968241909147566,-42.71645022095176,6.537766666666667,-25.131464308742526,6.072292351897945,-20.45404814225693,0.5,1,-20,10,400,0.8,1,eq,0.5,35,0,5
5.327510845438027,-14.048893679109554,0.6968241909147566,-42.67504754498692,6.537766666666667,-25.089300991286894,6.072292351897945,-20.431350459450883,0.5,1,-20,10,400,0.8,1,eq,0.5,6.5,5,5
5.327510845438027,-14.048893679109554,0.6968241909147566,-39.4681062728266,6.537766666666667,-24.391461078776057,6.072292351897945,-20.055683886245014,0.5,1,-20,10,400,0.8,1,eff,0.5,6.5,5,5
3.7378786914194815,-12.85779587538116,0.6968241909147566,-34.57103183991974,6.537766666666667,-19.417512642052053,6.072292351897945,-17.378069535120332,0.5,1,-20,10,400,0.8,1,eff,1,6.5,0,5
5.327510845438027,-16.43988535183849,0.6968241909147566,-41.85909794555555,6.537766666666667,-26.81998640673618,6.072292351897945,-21.363026403550922,0.5,1,-20,10,400,0.8,1,eff,0.5,35,5,5
5.327510845438027,-16.43988535183849,0.6968241909147566,-45.066039217715854,6.537766666666667,-27.524219473926728,6.072292351897945,-21.742134589177287,0.5,1,-20,10,400,0.8,1,eq,0.5,35,5,5
3.7378786914194815,-14.936640119945,0.6968241909147566,-36.64987608448359,6.537766666666667,-21.52899046864682,6.072292351897945,-18.51473659198588,0.5,1,-20,10,400,0.8,1,eff,0.5,6.5,0,5
3.7378786914194815,-18.035901907714646,0.6968241909147566,-39.74913787225322,6.537766666666667,-24.676904296762213,6.072292351897945,-20.20934588468237,0.5,1,-20,10,400,0.8,1,eff,0.5,35,0,5
5.327510845438027,-11.073186114760825,0.664380693404857,-41.02755752487721,9.80665,-23.247830105847473,7.70673401856461,-20.24759145136379,0.5,1,-20,10,500,0.7,0.5,eq,1,6.5,5,5
3.7378786914194815,-14.294863446949414,0.6968241909147566,-36.008099411488,6.537766666666667,-20.877139220890573,6.072292351897945,-18.16382699209873,0.5,1,-20,10,400,0.8,1,eff,1,35,0,5
3.7378786914194815,-12.85779587538116,0.664380693404857,-38.8099090634354,9.80665,-20.989058104991408,7.70673401856461,-18.810472537642564,0.5,1,-20,10,500,0.7,0.5,eq,1,6.5,0,5
5.327510845438027,-11.073186114760825,0.664380693404857,-41.02755752487721,9.80665,-23.247830105847473,7.70673401856461,-20.24759145136379,0.5,1,-20,10,500,0.7,0.5,eq,1,35,5,5
3.7378786914194815,-14.294863446949414,0.664380693404857,-40.246976635003655,9.80665,-22.452774311827138,7.70673401856461,-19.74174592174982,0.5,1,-20,10,500,0.7,0.5,eq,1,35,0,5
3.7378786914194815,-14.936640119945,0.664380693404857,-40.888753307999245,9.80665,-23.106451936926824,7.70673401856461,-20.15764114187435,0.5,1,-20,10,500,0.7,0.5,eq,0.5,6.5,0,5
5.327510845438027,-16.43988535183849,0.664380693404857,-46.39425676195488,9.80665,-28.714048121997244,7.70673401856461,-23.725412716438466,0.5,1,-20,10,500,0.7,0.5,eq,0.5,35,5,5
5.327510845438027,-14.048893679109554,0.664380693404857,-44.00326508922595,9.80665,-26.278718475127853,7.70673401856461,-22.175960936738683,0.5,1,-20,10,500,0.7,0.5,eq,0.5,6.5,5,5
5.327510845438027,-16.43988535183849,0.664380693404857,-43.03660113679226,9.80665,-27.89775581110854,7.70673401856461,-23.206055685866424,0.5,1,-20,10,500,0.7,0.5,eff,0.5,35,5,5
5.327510845438027,-11.073186114760825,0.664380693404857,-37.66990189971462,9.80665,-22.4461417631126,7.70673401856461,-19.737526035368823,0.5,1,-20,10,500,0.7,0.5,eff,1,6.5,5,5
3.7378786914194815,-14.294863446949414,0.664380693404857,-37.12510178818729,9.80665,-21.892721530308805,7.70673401856461,-19.385418481575712,0.5,1,-20,10,500,0.7,0.5,eff,1,35,0,5
3.7378786914194815,-18.035901907714646,0.664380693404857,-43.988015095768894,9.80665,-26.263185689455426,7.70673401856461,-22.16607837220197,0.5,1,-20,10,500,0.7,0.5,eq,0.5,35,0,5
3.7378786914194815,-18.035901907714646,0.664380693404857,-40.866140248952505,9.80665,-25.692952720004623,7.70673401856461,-21.803273899101193,0.5,1,-20,10,500,0.7,0.5,eff,0.5,35,0,5
3.7378786914194815,-12.85779587538116,0.664380693404857,-35.68803421661903,9.80665,-20.43291590025123,7.70673401856461,-18.456633159056434,0.5,1,-20,10,500,0.7,0.5,eff,1,6.5,0,5
3.7378786914194815,-12.85779587538116,0.6968241909147566,-37.538344188618254,9.80665,-19.85924300013869,7.70673401856461,-18.09164006779762,0.5,1,-20,10,500,0.7,1,eq,1,6.5,0,5
5.327510845438027,-11.073186114760825,0.6968241909147566,-39.699339980638186,9.80665,-22.059940164807767,7.70673401856461,-19.49180950389828,0.5,1,-20,10,500,0.7,1,eq,1,35,5,5
5.327510845438027,-14.048893679109554,0.664380693404857,-40.645609464063334,9.80665,-25.468932578110444,7.70673401856461,-21.660743540637185,0.5,1,-20,10,500,0.7,0.5,eff,0.5,6.5,5,5
5.327510845438027,-11.073186114760825,0.664380693404857,-37.66990189971462,9.80665,-22.4461417631126,7.70673401856461,-19.737526035368823,0.5,1,-20,10,500,0.7,0.5,eff,1,35,5,5
3.7378786914194815,-14.936640119945,0.664380693404857,-37.76687846118287,9.80665,-22.544652740120274,7.70673401856461,-19.800202564125847,0.5,1,-20,10,500,0.7,0.5,eff,0.5,6.5,0,5
5.327510845438027,-11.073186114760825,0.6968241909147566,-39.699339980638186,9.80665,-22.059940164807767,7.70673401856461,-19.49180950389828,0.5,1,-20,10,500,0.7,1,eq,1,6.5,5,5
3.7378786914194815,-14.294863446949414,0.6968241909147566,-38.97541176018651,9.80665,-21.3227120831871,7.70673401856461,-19.022756222105585,0.5,1,-20,10,500,0.7,1,eq,1,35,0,5
3.7378786914194815,-14.936640119945,0.6968241909147566,-39.6171884331821,9.80665,-21.976279345884876,7.70673401856461,-19.438581225362128,0.5,1,-20,10,500,0.7,1,eq,0.5,6.5,0,5
3.7378786914194815,-18.035901907714646,0.6968241909147566,-42.71645022095176,9.80665,-25.13248013729856,7.70673401856461,-21.44667936502531,0.5,1,-20,10,500,0.7,1,eq,0.5,35,0,5
5.327510845438027,-14.048893679109554,0.6968241909147566,-39.4681062728266,9.80665,-24.392326783582117,7.70673401856461,-20.97576491094266,0.5,1,-20,10,500,0.7,1,eff,0.5,6.5,5,5
5.327510845438027,-11.073186114760825,0.6968241909147566,-36.492398708477886,9.80665,-21.369906726300776,7.70673401856461,-19.052783296205746,0.5,1,-20,10,500,0.7,1,eff,1,6.5,5,5
5.327510845438027,-16.43988535183849,0.6968241909147566,-41.85909794555555,9.80665,-26.820852111541907,7.70673401856461,-22.520887517358588,0.5,1,-20,10,500,0.7,1,eff,0.5,35,5,5
5.327510845438027,-16.43988535183849,0.6968241909147566,-45.066039217715854,9.80665,-27.52523530257288,7.70673401856461,-22.969043597721782,0.5,1,-20,10,500,0.7,1,eq,0.5,35,5,5
3.7378786914194815,-18.035901907714646,0.6968241909147566,-39.74913787225322,9.80665,-24.677770001567854,7.70673401856461,-21.15737502794679,0.5,1,-20,10,500,0.7,1,eff,0.5,35,0,5
3.7378786914194815,-14.294863446949414,0.6968241909147566,-36.008099411488,9.80665,-20.87800492569624,7.70673401856461,-18.739816170229908,0.5,1,-20,10,500,0.7,1,eff,1,35,0,5
5.327510845438027,-11.073186114760825,0.6968241909147566,-36.492398708477886,9.80665,-21.369906726300776,7.70673401856461,-19.052783296205746,0.5,1,-20,10,500,0.7,1,eff,1,35,5,5
3.7378786914194815,-12.85779587538116,0.6968241909147566,-34.57103183991974,9.80665,-19.418378346857722,7.70673401856461,-17.81114476708523,0.5,1,-20,10,500,0.7,1,eff,1,6.5,0,5
3.7378786914194815,-12.85779587538116,0.664380693404857,-38.8099090634354,9.80665,-20.989058104991408,7.70673401856461,-18.810472537642564,0.5,1,-20,10,500,0.8,0.5,eq,1,6.5,0,5
5.327510845438027,-14.048893679109554,0.6968241909147566,-42.67504754498692,9.80665,-25.090316819842645,7.70673401856461,-21.41985341669661,0.5,1,-20,10,500,0.7,1,eq,0.5,6.5,5,5
5.327510845438027,-11.073186114760825,0.664380693404857,-41.02755752487721,9.80665,-23.247830105847473,7.70673401856461,-20.24759145136379,0.5,1,-20,10,500,0.8,0.5,eq,1,6.5,5,5
3.7378786914194815,-14.936640119945,0.6968241909147566,-36.64987608448359,9.80665,-21.529856173452487,7.70673401856461,-19.15454937779937,0.5,1,-20,10,500,0.7,1,eff,0.5,6.5,0,5
3.7378786914194815,-14.294863446949414,0.664380693404857,-40.246976635003655,9.80665,-22.452774311827138,7.70673401856461,-19.74174592174982,0.5,1,-20,10,500,0.8,0.5,eq,1,35,0,5
5.327510845438027,-14.048893679109554,0.664380693404857,-44.00326508922595,9.80665,-26.278718475127853,7.70673401856461,-22.175960936738683,0.5,1,-20,10,500,0.8,0.5,eq,0.5,6.5,5,5
5.327510845438027,-11.073186114760825,0.664380693404857,-41.02755752487721,9.80665,-23.247830105847473,7.70673401856461,-20.24759145136379,0.5,1,-20,10,500,0.8,0.5,eq,1,35,5,5
3.7378786914194815,-14.936640119945,0.664380693404857,-40.888753307999245,9.80665,-23.106451936926824,7.70673401856461,-20.15764114187435,0.5,1,-20,10,500,0.8,0.5,eq,0.5,6.5,0,5
5.327510845438027,-16.43988535183849,0.664380693404857,-46.39425676195488,9.80665,-28.714048121997244,7.70673401856461,-23.725412716438466,0.5,1,-20,10,500,0.8,0.5,eq,0.5,35,5,5
3.7378786914194815,-18.035901907714646,0.664380693404857,-43.988015095768894,9.80665,-26.263185689455426,7.70673401856461,-22.16607837220197,0.5,1,-20,10,500,0.8,0.5,eq,0.5,35,0,5
5.327510845438027,-11.073186114760825,0.664380693404857,-37.66990189971462,9.80665,-22.4461417631126,7.70673401856461,-19.737526035368823,0.5,1,-20,10,500,0.8,0.5,eff,1,6.5,5,5
3.7378786914194815,-12.85779587538116,0.664380693404857,-35.68803421661903,9.80665,-20.43291590025123,7.70673401856461,-18.456633159056434,0.5,1,-20,10,500,0.8,0.5,eff,1,6.5,0,5
5.327510845438027,-11.073186114760825,0.664380693404857,-37.66990189971462,9.80665,-22.4461417631126,7.70673401856461,-19.737526035368823,0.5,1,-20,10,500,0.8,0.5,eff,1,35,5,5
3.7378786914194815,-14.294863446949414,0.664380693404857,-37.12510178818729,9.80665,-21.892721530308805,7.70673401856461,-19.385418481575712,0.5,1,-20,10,500,0.8,0.5,eff,1,35,0,5
5.327510845438027,-14.048893679109554,0.664380693404857,-40.645609464063334,9.80665,-25.468932578110444,7.70673401856461,-21.660743540637185,0.5,1,-20,10,500,0.8,0.5,eff,0.5,6.5,5,5
3.7378786914194815,-18.035901907714646,0.664380693404857,-40.866140248952505,9.80665,-25.692952720004623,7.70673401856461,-21.803273899101193,0.5,1,-20,10,500,0.8,0.5,eff,0.5,35,0,5
3.7378786914194815,-14.936640119945,0.664380693404857,-37.76687846118287,9.80665,-22.544652740120274,7.70673401856461,-19.800202564125847,0.5,1,-20,10,500,0.8,0.5,eff,0.5,6.5,0,5
5.327510845438027,-16.43988535183849,0.664380693404857,-43.03660113679226,9.80665,-27.89775581110854,7.70673401856461,-23.206055685866424,0.5,1,-20,10,500,0.8,0.5,eff,0.5,35,5,5
5.327510845438027,-11.073186114760825,0.6968241909147566,-39.699339980638186,9.80665,-22.059940164807767,7.70673401856461,-19.49180950389828,0.5,1,-20,10,500,0.8,1,eq,1,6.5,5,5
3.7378786914194815,-12.85779587538116,0.6968241909147566,-37.538344188618254,9.80665,-19.85924300013869,7.70673401856461,-18.09164006779762,0.5,1,-20,10,500,0.8,1,eq,1,6.5,0,5
3.7378786914194815,-14.294863446949414,0.6968241909147566,-38.97541176018651,9.80665,-21.3227120831871,7.70673401856461,-19.022756222105585,0.5,1,-20,10,500,0.8,1,eq,1,35,0,5
5.327510845438027,-11.073186114760825,0.6968241909147566,-39.699339980638186,9.80665,-22.059940164807767,7.70673401856461,-19.49180950389828,0.5,1,-20,10,500,0.8,1,eq,1,35,5,5
3.7378786914194815,-14.936640119945,0.6968241909147566,-39.6171884331821,9.80665,-21.976279345884876,7.70673401856461,-19.438581225362128,0.5,1,-20,10,500,0.8,1,eq,0.5,6.5,0,5
5.327510845438027,-16.43988535183849,0.6968241909147566,-45.066039217715854,9.80665,-27.52523530257288,7.70673401856461,-22.969043597721782,0.5,1,-20,10,500,0.8,1,eq,0.5,35,5,5
5.327510845438027,-11.073186114760825,0.6968241909147566,-36.492398708477886,9.80665,-21.369906726300776,7.70673401856461,-19.052783296205746,0.5,1,-20,10,500,0.8,1,eff,1,6.5,5,5
3.7378786914194815,-18.035901907714646,0.6968241909147566,-42.71645022095176,9.80665,-25.13248013729856,7.70673401856461,-21.44667936502531,0.5,1,-20,10,500,0.8,1,eq,0.5,35,0,5
5.327510845438027,-14.048893679109554,0.6968241909147566,-42.67504754498692,9.80665,-25.090316819842645,7.70673401856461,-21.41985341669661,0.5,1,-20,10,500,0.8,1,eq,0.5,6.5,5,5
5.327510845438027,-16.43988535183849,0.6968241909147566,-41.85909794555555,9.80665,-26.820852111541907,7.70673401856461,-22.520887517358588,0.5,1,-20,10,500,0.8,1,eff,0.5,35,5,5
5.327510845438027,-11.073186114760825,0.6968241909147566,-36.492398708477886,9.80665,-21.369906726300776,7.70673401856461,-19.052783296205746,0.5,1,-20,10,500,0.8,1,eff,1,35,5,5
3.7378786914194815,-14.294863446949414,0.6968241909147566,-36.008099411488,9.80665,-20.87800492569624,7.70673401856461,-18.739816170229908,0.5,1,-20,10,500,0.8,1,eff,1,35,0,5
5.327510845438027,-14.048893679109554,0.6968241909147566,-39.4681062728266,9.80665,-24.392326783582117,7.70673401856461,-20.97576491094266,0.5,1,-20,10,500,0.8,1,eff,0.5,6.5,5,5
3.7378786914194815,-12.85779587538116,0.6968241909147566,-34.57103183991974,9.80665,-19.418378346857722,7.70673401856461,-17.81114476708523,0.5,1,-20,10,500,0.8,1,eff,1,6.5,0,5
5.327510845438027,-11.073186114760825,1.6648435882347152,-25.825172705597662,1.3075533333333331,-11.110906234959376,3.4571856852312774,-14.264546660330058,0.5,1,-10,2,400,0.7,0.5,eq,1,6.5,5,5
3.7378786914194815,-14.936640119945,0.6968241909147566,-36.64987608448359,9.80665,-21.529856173452487,7.70673401856461,-19.15454937779937,0.5,1,-20,10,500,0.8,1,eff,0.5,6.5,0,5
3.7378786914194815,-12.85779587538116,1.6648435882347152,-23.607524244155858,1.3075533333333331,-8.85976134290388,3.4571856852312774,-13.838840280137932,0.5,1,-10,2,400,0.7,0.5,eq,1,6.5,0,5
5.327510845438027,-14.048893679109554,1.6648435882347152,-28.800880269946397,1.3075533333333331,-14.131560319721133,3.4571856852312774,-14.835772315673012,0.5,1,-10,2,400,0.7,0.5,eq,0.5,6.5,5,5
3.7378786914194815,-18.035901907714646,0.6968241909147566,-39.74913787225322,9.80665,-24.677770001567854,7.70673401856461,-21.15737502794679,0.5,1,-20,10,500,0.8,1,eff,0.5,35,0,5
5.327510845438027,-11.073186114760825,1.6648435882347152,-25.825172705597662,1.3075533333333331,-11.110906234959376,3.4571856852312774,-14.264546660330058,0.5,1,-10,2,400,0.7,0.5,eq,1,35,5,5
3.7378786914194815,-14.294863446949414,1.6648435882347152,-25.04459181572411,1.3075533333333331,-10.318535075279158,3.4571856852312774,-14.11470403609627,0.5,1,-10,2,400,0.7,0.5,eq,1,35,0,5
5.327510845438027,-16.43988535183849,1.6648435882347152,-31.19187194267533,1.3075533333333331,-16.558666682389482,3.4571856852312774,-15.294754173144408,0.5,1,-10,2,400,0.7,0.5,eq,0.5,35,5,5
3.7378786914194815,-14.936640119945,1.6648435882347152,-25.686368488719694,1.3075533333333331,-10.970005452320898,3.4571856852312774,-14.237901390913965,0.5,1,-10,2,400,0.7,0.5,eq,0.5,6.5,0,5
3.7378786914194815,-12.85779587538116,1.6648435882347152,-22.531082129549677,1.3075533333333331,-9.50385720673679,3.4571856852312774,-13.960643065758948,0.5,1,-10,2,400,0.7,0.5,eff,1,6.5,0,5
3.7378786914194815,-18.035901907714646,1.6648435882347152,-28.785630276489343,1.3075533333333331,-14.116079983044859,3.4571856852312774,-14.832844881675356,0.5,1,-10,2,400,0.7,0.5,eq,0.5,35,0,5
5.327510845438027,-11.073186114760825,1.6648435882347152,-24.512949812645264,1.3075533333333331,-11.512138496384827,3.4571856852312774,-14.340422333295688,0.5,1,-10,2,400,0.7,0.5,eff,1,6.5,5,5
3.7378786914194815,-14.294863446949414,1.6648435882347152,-23.968149701117934,1.3075533333333331,-10.96007748853136,3.4571856852312774,-14.236023947333031,0.5,1,-10,2,400,0.7,0.5,eff,1,35,0,5
3.7378786914194815,-18.035901907714646,1.6648435882347152,-27.709188161883162,1.3075533333333331,-14.750975139554601,3.4571856852312774,-14.952907752720733,0.5,1,-10,2,400,0.7,0.5,eff,0.5,35,0,5
5.327510845438027,-11.073186114760825,1.7398467296524174,-24.969935069793394,1.3075533333333331,-10.410413083946358,3.4571856852312774,-14.132078774891198,0.5,1,-10,2,400,0.7,1,eq,1,6.5,5,5
5.327510845438027,-16.43988535183849,1.6648435882347152,-29.87964904972292,1.3075533333333331,-16.950363135037747,3.4571856852312774,-15.368826561634075,0.5,1,-10,2,400,0.7,0.5,eff,0.5,35,5,5
5.327510845438027,-11.073186114760825,1.6648435882347152,-24.512949812645264,1.3075533333333331,-11.512138496384827,3.4571856852312774,-14.340422333295688,0.5,1,-10,2,400,0.7,0.5,eff,1,35,5,5
5.327510845438027,-14.048893679109554,1.6648435882347152,-27.488657376993988,1.3075533333333331,-14.527505201136664,3.4571856852312774,-14.910648110126768,0.5,1,-10,2,400,0.7,0.5,eff,0.5,6.5,5,5
5.327510845438027,-11.073186114760825,1.7398467296524174,-24.969935069793394,1.3075533333333331,-10.410413083946358,3.4571856852312774,-14.132078774891198,0.5,1,-10,2,400,0.7,1,eq,1,35,5,5
3.7378786914194815,-14.936640119945,1.6648435882347152,-24.60992637411352,1.3075533333333331,-11.610407525927782,3.4571856852312774,-14.359005656385705,0.5,1,-10,2,400,0.7,0.5,eff,0.5,6.5,0,5
5.327510845438027,-14.048893679109554,1.7398467296524174,-27.945642634142125,1.3075533333333331,-13.43055545452763,3.4571856852312774,-14.703207661699969,0.5,1,-10,2,400,0.7,1,eq,0.5,6.5,5,5
3.7378786914194815,-14.936640119945,1.7398467296524174,-23.891649148152226,1.3075533333333331,-11.004478249901725,3.4571856852312774,-14.244420424817662,0.5,1,-10,2,400,0.7,1,eff,0.5,6.5,0,5
3.7378786914194815,-12.85779587538116,1.7398467296524174,-21.812804903588386,1.3075533333333331,-8.898187602568976,3.4571856852312774,-13.846106939855884,0.5,1,-10,2,400,0.7,1,eff,1,6.5,0,5
5.327510845438027,-11.073186114760825,1.7398467296524174,-23.734171772146524,1.3075533333333331,-10.844921743885296,3.4571856852312774,-14.214247234787925,0.5,1,-10,2,400,0.7,1,eff,1,6.5,5,5
3.7378786914194815,-14.294863446949414,1.7398467296524174,-24.24600684934172,1.3075533333333331,-9.675674792447763,3.4571856852312774,-13.993134907010374,0.5,1,-10,2,400,0.7,1,eq,1,35,0,5
3.7378786914194815,-12.85779587538116,1.7398467296524174,-22.808939277773465,1.3075533333333331,-8.21714818377225,3.4571856852312774,-13.71731788377717,0.5,1,-10,2,400,0.7,1,eq,1,6.5,0,5
5.327510845438027,-11.073186114760825,1.7398467296524174,-23.734171772146524,1.3075533333333331,-10.844921743885296,3.4571856852312774,-14.214247234787925,0.5,1,-10,2,400,0.7,1,eff,1,35,5,5
3.7378786914194815,-18.035901907714646,1.7398467296524174,-27.987045310106954,1.3075533333333331,-13.472576376670995,3.4571856852312774,-14.711154095854884,0.5,1,-10,2,400,0.7,1,eq,0.5,35,0,5
3.7378786914194815,-14.936640119945,1.7398467296524174,-24.887783522337305,1.3075533333333331,-10.327034807036057,3.4571856852312774,-14.116311391558668,0.5,1,-10,2,400,0.7,1,eq,0.5,6.5,0,5
5.327510845438027,-16.43988535183849,1.7398467296524174,-30.336634306871055,1.3075533333333331,-15.857250652972148,3.4571856852312774,-15.16211176529858,0.5,1,-10,2,400,0.7,1,eq,0.5,35,5,5
5.327510845438027,-14.048893679109554,1.7398467296524174,-26.709879336495256,1.3075533333333331,-13.85991674813384,3.4571856852312774,-14.784402720596779,0.5,1,-10,2,400,0.7,1,eff,0.5,6.5,5,5
3.7378786914194815,-14.294863446949414,1.7398467296524174,-23.249872475156643,1.3075533333333331,-10.354228377876384,3.4571856852312774,-14.121453875566514,0.5,1,-10,2,400,0.7,1,eff,1,35,0,5
5.327510845438027,-16.43988535183849,1.7398467296524174,-29.1008710092242,1.3075533333333331,-16.28247601934266,3.4571856852312774,-15.24252469301468,0.5,1,-10,2,400,0.7,1,eff,0.5,35,5,5
3.7378786914194815,-18.035901907714646,1.7398467296524174,-26.990910935921875,1.3075533333333331,-14.144658729643593,3.4571856852312774,-14.838249311575847,0.5,1,-10,2,400,0.7,1,eff,0.5,35,0,5
3.7378786914194815,-14.936640119945,1.6648435882347152,-25.686368488719694,1.3075533333333331,-10.970005452320898,3.4571856852312774,-14.237901390913965,0.5,1,-10,2,400,0.8,0.5,eq,0.5,6.5,0,5
3.7378786914194815,-14.294863446949414,1.6648435882347152,-25.04459181572411,1.3075533333333331,-10.318535075279158,3.4571856852312774,-14.11470403609627,0.5,1,-10,2,400,0.8,0.5,eq,1,35,0,5
5.327510845438027,-11.073186114760825,1.6648435882347152,-25.825172705597662,1.3075533333333331,-11.110906234959376,3.4571856852312774,-14.264546660330058,0.5,1,-10,2,400,0.8,0.5,eq,1,6.5,5,5
3.7378786914194815,-12.85779587538116,1.6648435882347152,-23.607524244155858,1.3075533333333331,-8.85976134290388,3.4571856852312774,-13.838840280137932,0.5,1,-10,2,400,0.8,0.5,eq,1,6.5,0,5
5.327510845438027,-11.073186114760825,1.6648435882347152,-25.825172705597662,1.3075533333333331,-11.110906234959376,3.4571856852312774,-14.264546660330058,0.5,1,-10,2,400,0.8,0.5,eq,1,35,5,5
5.327510845438027,-14.048893679109554,1.6648435882347152,-28.800880269946397,1.3075533333333331,-14.131560319721133,3.4571856852312774,-14.835772315673012,0.5,1,-10,2,400,0.8,0.5,eq,0.5,6.5,5,5
3.7378786914194815,-12.85779587538116,1.6648435882347152,-22.531082129549677,1.3075533333333331,-9.50385720673679,3.4571856852312774,-13.960643065758948,0.5,1,-10,2,400,0.8,0.5,eff,1,6.5,0,5
5.327510845438027,-16.43988535183849,1.6648435882347152,-31.19187194267533,1.3075533333333331,-16.558666682389482,3.4571856852312774,-15.294754173144408,0.5,1,-10,2,400,0.8,0.5,eq,0.5,35,5,5
5.327510845438027,-11.073186114760825,1.6648435882347152,-24.512949812645264,1.3075533333333331,-11.512138496384827,3.4571856852312774,-14.340422333295688,0.5,1,-10,2,400,0.8,0.5,eff,1,6.5,5,5
3.7378786914194815,-18.035901907714646,1.6648435882347152,-28.785630276489343,1.3075533333333331,-14.116079983044859,3.4571856852312774,-14.832844881675356,0.5,1,-10,2,400,0.8,0.5,eq,0.5,35,0,5
3.7378786914194815,-18.035901907714646,1.6648435882347152,-27.709188161883162,1.3075533333333331,-14.750975139554601,3.4571856852312774,-14.952907752720733,0.5,1,-10,2,400,0.8,0.5,eff,0.5,35,0,5
5.327510845438027,-16.43988535183849,1.6648435882347152,-29.87964904972292,1.3075533333333331,-16.950363135037747,3.4571856852312774,-15.368826561634075,0.5,1,-10,2,400,0.8,0.5,eff,0.5,35,5,5
5.327510845438027,-14.048893679109554,1.6648435882347152,-27.488657376993988,1.3075533333333331,-14.527505201136664,3.4571856852312774,-14.910648110126768,0.5,1,-10,2,400,0.8,0.5,eff,0.5,6.5,5,5
5.327510845438027,-11.073186114760825,1.6648435882347152,-24.512949812645264,1.3075533333333331,-11.512138496384827,3.4571856852312774,-14.340422333295688,0.5,1,-10,2,400,0.8,0.5,eff,1,35,5,5
3.7378786914194815,-14.294863446949414,1.6648435882347152,-23.968149701117934,1.3075533333333331,-10.96007748853136,3.4571856852312774,-14.236023947333031,0.5,1,-10,2,400,0.8,0.5,eff,1,35,0,5
3.7378786914194815,-14.936640119945,1.6648435882347152,-24.60992637411352,1.3075533333333331,-11.610407525927782,3.4571856852312774,-14.359005656385705,0.5,1,-10,2,400,0.8,0.5,eff,0.5,6.5,0,5
5.327510845438027,-11.073186114760825,1.7398467296524174,-24.969935069793394,1.3075533333333331,-10.410413083946358,3.4571856852312774,-14.132078774891198,0.5,1,-10,2,400,0.8,1,eq,1,35,5,5
3.7378786914194815,-12.85779587538116,1.7398467296524174,-22.808939277773465,1.3075533333333331,-8.21714818377225,3.4571856852312774,-13.71731788377717,0.5,1,-10,2,400,0.8,1,eq,1,6.5,0,5
5.327510845438027,-14.048893679109554,1.7398467296524174,-27.945642634142125,1.3075533333333331,-13.43055545452763,3.4571856852312774,-14.703207661699969,0.5,1,-10,2,400,0.8,1,eq,0.5,6.5,5,5
5.327510845438027,-11.073186114760825,1.7398467296524174,-24.969935069793394,1.3075533333333331,-10.410413083946358,3.4571856852312774,-14.132078774891198,0.5,1,-10,2,400,0.8,1,eq,1,6.5,5,5
3.7378786914194815,-14.294863446949414,1.7398467296524174,-24.24600684934172,1.3075533333333331,-9.675674792447763,3.4571856852312774,-13.993134907010374,0.5,1,-10,2,400,0.8,1,eq,1,35,0,5
5.327510845438027,-11.073186114760825,1.7398467296524174,-23.734171772146524,1.3075533333333331,-10.844921743885296,3.4571856852312774,-14.214247234787925,0.5,1,-10,2,400,0.8,1,eff,1,6.5,5,5
5.327510845438027,-11.073186114760825,1.7398467296524174,-23.734171772146524,1.3075533333333331,-10.844921743885296,3.4571856852312774,-14.214247234787925,0.5,1,-10,2,400,0.8,1,eff,1,35,5,5
3.7378786914194815,-14.936640119945,1.7398467296524174,-24.887783522337305,1.3075533333333331,-10.327034807036057,3.4571856852312774,-14.116311391558668,0.5,1,-10,2,400,0.8,1,eq,0.5,6.5,0,5
3.7378786914194815,-18.035901907714646,1.7398467296524174,-27.987045310106954,1.3075533333333331,-13.472576376670995,3.4571856852312774,-14.711154095854884,0.5,1,-10,2,400,0.8,1,eq,0.5,35,0,5
3.7378786914194815,-14.294863446949414,1.7398467296524174,-23.249872475156643,1.3075533333333331,-10.354228377876384,3.4571856852312774,-14.121453875566514,0.5,1,-10,2,400,0.8,1,eff,1,35,0,5
3.7378786914194815,-12.85779587538116,1.7398467296524174,-21.812804903588386,1.3075533333333331,-8.898187602568976,3.4571856852312774,-13.846106939855884,0.5,1,-10,2,400,0.8,1,eff,1,6.5,0,5
5.327510845438027,-16.43988535183849,1.7398467296524174,-30.336634306871055,1.3075533333333331,-15.857250652972148,3.4571856852312774,-15.16211176529858,0.5,1,-10,2,400,0.8,1,eq,0.5,35,5,5
5.327510845438027,-14.048893679109554,1.7398467296524174,-26.709879336495256,1.3075533333333331,-13.85991674813384,3.4571856852312774,-14.784402720596779,0.5,1,-10,2,400,0.8,1,eff,0.5,6.5,5,5
3.7378786914194815,-14.936640119945,1.7398467296524174,-23.891649148152226,1.3075533333333331,-11.004478249901725,3.4571856852312774,-14.244420424817662,0.5,1,-10,2,400,0.8,1,eff,0.5,6.5,0,5
5.327510845438027,-16.43988535183849,1.7398467296524174,-29.1008710092242,1.3075533333333331,-16.28247601934266,3.4571856852312774,-15.24252469301468,0.5,1,-10,2,400,0.8,1,eff,0.5,35,5,5
3.7378786914194815,-18.035901907714646,1.7398467296524174,-26.990910935921875,1.3075533333333331,-14.144658729643593,3.4571856852312774,-14.838249311575847,0.5,1,-10,2,400,0.8,1,eff,0.5,35,0,5
3.7378786914194815,-12.85779587538116,1.6648435882347152,-23.607524244155858,1.9613299999999998,-8.859831031031598,3.7840740185646107,-13.408739159854521,0.5,1,-10,2,500,0.7,0.5,eq,1,6.5,0,5
5.327510845438027,-11.073186114760825,1.6648435882347152,-25.825172705597662,1.9613299999999998,-11.110975923081057,3.7840740185646107,-13.992136576165937,0.5,1,-10,2,500,0.7,0.5,eq,1,35,5,5
5.327510845438027,-11.073186114760825,1.6648435882347152,-25.825172705597662,1.9613299999999998,-11.110975923081057,3.7840740185646107,-13.992136576165937,0.5,1,-10,2,500,0.7,0.5,eq,1,6.5,5,5
5.327510845438027,-14.048893679109554,1.6648435882347152,-28.800880269946397,1.9613299999999998,-14.1316300078196,3.7840740185646107,-14.774956817915296,0.5,1,-10,2,500,0.7,0.5,eq,0.5,6.5,5,5
3.7378786914194815,-14.936640119945,1.6648435882347152,-25.686368488719694,1.9613299999999998,-10.970075140443049,3.7840740185646107,-13.955621311050216,0.5,1,-10,2,500,0.7,0.5,eq,0.5,6.5,0,5
5.327510845438027,-16.43988535183849,1.6648435882347152,-31.19187194267533,1.9613299999999998,-16.558736370536085,3.7840740185646107,-15.403955682503078,0.5,1,-10,2,500,0.7,0.5,eq,0.5,35,5,5
3.7378786914194815,-14.294863446949414,1.6648435882347152,-25.04459181572411,1.9613299999999998,-10.318604763450924,3.7840740185646107,-13.786788937761862,0.5,1,-10,2,500,0.7,0.5,eq,1,35,0,5
5.327510845438027,-11.073186114760825,1.6648435882347152,-24.512949812645264,1.9613299999999998,-11.512199878921493,3.7840740185646107,-14.096116120097758,0.5,1,-10,2,500,0.7,0.5,eff,1,6.5,5,5
3.7378786914194815,-18.035901907714646,1.6648435882347152,-28.785630276489343,1.9613299999999998,-14.116149671143626,3.7840740185646107,-14.770944997773316,0.5,1,-10,2,500,0.7,0.5,eq,0.5,35,0,5
5.327510845438027,-14.048893679109554,1.6648435882347152,-27.488657376993988,1.9613299999999998,-14.5275665837078,3.7840740185646107,-14.877566106287654,0.5,1,-10,2,500,0.7,0.5,eff,0.5,6.5,5,5
5.327510845438027,-16.43988535183849,1.6648435882347152,-29.87964904972292,1.9613299999999998,-16.950424517593348,3.7840740185646107,-15.505463965599375,0.5,1,-10,2,500,0.7,0.5,eff,0.5,35,5,5
3.7378786914194815,-14.936640119945,1.6648435882347152,-24.60992637411352,1.9613299999999998,-11.610468908516,3.7840740185646107,-14.121583116101121,0.5,1,-10,2,500,0.7,0.5,eff,0.5,6.5,0,5
3.7378786914194815,-12.85779587538116,1.6648435882347152,-22.531082129549677,1.9613299999999998,-9.503918589311711,3.7840740185646107,-13.57565823232565,0.5,1,-10,2,500,0.7,0.5,eff,1,6.5,0,5
3.7378786914194815,-14.294863446949414,1.6648435882347152,-23.968149701117934,1.9613299999999998,-10.960138871070907,3.7840740185646107,-13.953046268501911,0.5,1,-10,2,500,0.7,0.5,eff,1,35,0,5
5.327510845438027,-11.073186114760825,1.6648435882347152,-24.512949812645264,1.9613299999999998,-11.512199878921493,3.7840740185646107,-14.096116120097758,0.5,1,-10,2,500,0.7,0.5,eff,1,35,5,5
3.7378786914194815,-12.85779587538116,1.7398467296524174,-22.808939277773465,1.9613299999999998,-8.217214097353919,3.7840740185646107,-13.242201208383818,0.5,1,-10,2,500,0.7,1,eq,1,6.5,0,5
3.7378786914194815,-18.035901907714646,1.6648435882347152,-27.709188161883162,1.9613299999999998,-14.751036522079394,3.7840740185646107,-14.935479652914418,0.5,1,-10,2,500,0.7,0.5,eff,0.5,35,0,5
5.327510845438027,-14.048893679109554,1.7398467296524174,-27.945642634142125,1.9613299999999998,-13.430621368109486,3.7840740185646107,-14.593286312981068,0.5,1,-10,2,500,0.7,1,eq,0.5,6.5,5,5
5.327510845438027,-11.073186114760825,1.7398467296524174,-24.969935069793394,1.9613299999999998,-10.410478997528125,3.7840740185646107,-13.810598684960041,0.5,1,-10,2,500,0.7,1,eq,1,35,5,5
3.7378786914194815,-14.936640119945,1.7398467296524174,-24.887783522337305,1.9613299999999998,-10.327100720614,3.7840740185646107,-13.788990714944326,0.5,1,-10,2,500,0.7,1,eq,0.5,6.5,0,5
3.7378786914194815,-14.294863446949414,1.7398467296524174,-24.24600684934172,1.9613299999999998,-9.675740706029504,3.7840740185646107,-13.620186942722047,0.5,1,-10,2,500,0.7,1,eq,1,35,0,5
5.327510845438027,-11.073186114760825,1.7398467296524174,-24.969935069793394,1.9613299999999998,-10.410478997528125,3.7840740185646107,-13.810598684960041,0.5,1,-10,2,500,0.7,1,eq,1,6.5,5,5
5.327510845438027,-16.43988535183849,1.7398467296524174,-30.336634306871055,1.9613299999999998,-15.857316566554044,3.7840740185646107,-15.222178621933647,0.5,1,-10,2,500,0.7,1,eq,0.5,35,5,5
5.327510845438027,-11.073186114760825,1.7398467296524174,-23.734171772146524,1.9613299999999998,-10.844979922663567,3.7840740185646107,-13.923202150869285,0.5,1,-10,2,500,0.7,1,eff,1,6.5,5,5
5.327510845438027,-14.048893679109554,1.7398467296524174,-26.709879336495256,1.9613299999999998,-13.859974926867885,3.7840740185646107,-14.704555808671138,0.5,1,-10,2,500,0.7,1,eff,0.5,6.5,5,5
3.7378786914194815,-14.294863446949414,1.7398467296524174,-23.249872475156643,1.9613299999999998,-10.35428655665436,3.7840740185646107,-13.796036083975283,0.5,1,-10,2,500,0.7,1,eff,1,35,0,5
3.7378786914194815,-18.035901907714646,1.7398467296524174,-27.987045310106954,1.9613299999999998,-13.472642290253052,3.7840740185646107,-14.604176281679205,0.5,1,-10,2,500,0.7,1,eq,0.5,35,0,5
3.7378786914194815,-12.85779587538116,1.7398467296524174,-21.812804903588386,1.9613299999999998,-8.898245781331694,3.7840740185646107,-13.418694567945977,0.5,1,-10,2,500,0.7,1,eff,1,6.5,0,5
5.327510845438027,-11.073186114760825,1.7398467296524174,-23.734171772146524,1.9613299999999998,-10.844979922663567,3.7840740185646107,-13.923202150869285,0.5,1,-10,2,500,0.7,1,eff,1,35,5,5
5.327510845438027,-16.43988535183849,1.7398467296524174,-29.1008710092242,1.9613299999999998,-16.2825341981251,3.7840740185646107,-15.332376267809146,0.5,1,-10,2,500,0.7,1,eff,0.5,35,5,5
5.327510845438027,-11.073186114760825,1.6648435882347152,-25.825172705597662,1.9613299999999998,-11.110975923081057,3.7840740185646107,-13.992136576165937,0.5,1,-10,2,500,0.8,0.5,eq,1,35,5,5
3.7378786914194815,-14.936640119945,1.7398467296524174,-23.891649148152226,1.9613299999999998,-11.004536428680323,3.7840740185646107,-13.964552156235488,0.5,1,-10,2,500,0.7,1,eff,0.5,6.5,0,5
3.7378786914194815,-18.035901907714646,1.7398467296524174,-26.990910935921875,1.9613299999999998,-14.144716908414376,3.7840740185646107,-14.778348365043769,0.5,1,-10,2,500,0.7,1,eff,0.5,35,0,5
5.327510845438027,-11.073186114760825,1.6648435882347152,-25.825172705597662,1.9613299999999998,-11.110975923081057,3.7840740185646107,-13.992136576165937,0.5,1,-10,2,500,0.8,0.5,eq,1,6.5,5,5
3.7378786914194815,-14.294863446949414,1.6648435882347152,-25.04459181572411,1.9613299999999998,-10.318604763450924,3.7840740185646107,-13.786788937761862,0.5,1,-10,2,500,0.8,0.5,eq,1,35,0,5
5.327510845438027,-14.048893679109554,1.6648435882347152,-28.800880269946397,1.9613299999999998,-14.1316300078196,3.7840740185646107,-14.774956817915296,0.5,1,-10,2,500,0.8,0.5,eq,0.5,6.5,5,5
3.7378786914194815,-18.035901907714646,1.6648435882347152,-28.785630276489343,1.9613299999999998,-14.116149671143626,3.7840740185646107,-14.770944997773316,0.5,1,-10,2,500,0.8,0.5,eq,0.5,35,0,5
3.7378786914194815,-14.936640119945,1.6648435882347152,-25.686368488719694,1.9613299999999998,-10.970075140443049,3.7840740185646107,-13.955621311050216,0.5,1,-10,2,500,0.8,0.5,eq,0.5,6.5,0,5
3.7378786914194815,-12.85779587538116,1.6648435882347152,-23.607524244155858,1.9613299999999998,-8.859831031031598,3.7840740185646107,-13.408739159854521,0.5,1,-10,2,500,0.8,0.5,eq,1,6.5,0,5
5.327510845438027,-11.073186114760825,1.6648435882347152,-24.512949812645264,1.9613299999999998,-11.512199878921493,3.7840740185646107,-14.096116120097758,0.5,1,-10,2,500,0.8,0.5,eff,1,35,5,5
3.7378786914194815,-14.294863446949414,1.6648435882347152,-23.968149701117934,1.9613299999999998,-10.960138871070907,3.7840740185646107,-13.953046268501911,0.5,1,-10,2,500,0.8,0.5,eff,1,35,0,5
3.7378786914194815,-12.85779587538116,1.6648435882347152,-22.531082129549677,1.9613299999999998,-9.503918589311711,3.7840740185646107,-13.57565823232565,0.5,1,-10,2,500,0.8,0.5,eff,1,6.5,0,5
5.327510845438027,-11.073186114760825,1.6648435882347152,-24.512949812645264,1.9613299999999998,-11.512199878921493,3.7840740185646107,-14.096116120097758,0.5,1,-10,2,500,0.8,0.5,eff,1,6.5,5,5
5.327510845438027,-16.43988535183849,1.6648435882347152,-31.19187194267533,1.9613299999999998,-16.558736370536085,3.7840740185646107,-15.403955682503078,0.5,1,-10,2,500,0.8,0.5,eq,0.5,35,5,5
5.327510845438027,-16.43988535183849,1.6648435882347152,-29.87964904972292,1.9613299999999998,-16.950424517593348,3.7840740185646107,-15.505463965599375,0.5,1,-10,2,500,0.8,0.5,eff,0.5,35,5,5
3.7378786914194815,-14.936640119945,1.6648435882347152,-24.60992637411352,1.9613299999999998,-11.610468908516,3.7840740185646107,-14.121583116101121,0.5,1,-10,2,500,0.8,0.5,eff,0.5,6.5,0,5
3.7378786914194815,-12.85779587538116,1.7398467296524174,-22.808939277773465,1.9613299999999998,-8.217214097353919,3.7840740185646107,-13.242201208383818,0.5,1,-10,2,500,0.8,1,eq,1,6.5,0,5
3.7378786914194815,-14.294863446949414,1.7398467296524174,-24.24600684934172,1.9613299999999998,-9.675740706029504,3.7840740185646107,-13.620186942722047,0.5,1,-10,2,500,0.8,1,eq,1,35,0,5
5.327510845438027,-14.048893679109554,1.6648435882347152,-27.488657376993988,1.9613299999999998,-14.5275665837078,3.7840740185646107,-14.877566106287654,0.5,1,-10,2,500,0.8,0.5,eff,0.5,6.5,5,5
5.327510845438027,-16.43988535183849,1.7398467296524174,-30.336634306871055,1.9613299999999998,-15.857316566554044,3.7840740185646107,-15.222178621933647,0.5,1,-10,2,500,0.8,1,eq,0.5,35,5,5
3.7378786914194815,-18.035901907714646,1.6648435882347152,-27.709188161883162,1.9613299999999998,-14.751036522079394,3.7840740185646107,-14.935479652914418,0.5,1,-10,2,500,0.8,0.5,eff,0.5,35,0,5
5.327510845438027,-14.048893679109554,1.7398467296524174,-27.945642634142125,1.9613299999999998,-13.430621368109486,3.7840740185646107,-14.593286312981068,0.5,1,-10,2,500,0.8,1,eq,0.5,6.5,5,5
5.327510845438027,-11.073186114760825,1.7398467296524174,-24.969935069793394,1.9613299999999998,-10.410478997528125,3.7840740185646107,-13.810598684960041,0.5,1,-10,2,500,0.8,1,eq,1,6.5,5,5
3.7378786914194815,-14.936640119945,1.7398467296524174,-24.887783522337305,1.9613299999999998,-10.327100720614,3.7840740185646107,-13.788990714944326,0.5,1,-10,2,500,0.8,1,eq,0.5,6.5,0,5
5.327510845438027,-11.073186114760825,1.7398467296524174,-24.969935069793394,1.9613299999999998,-10.410478997528125,3.7840740185646107,-13.810598684960041,0.5,1,-10,2,500,0.8,1,eq,1,35,5,5
3.7378786914194815,-18.035901907714646,1.7398467296524174,-27.987045310106954,1.9613299999999998,-13.472642290253052,3.7840740185646107,-14.604176281679205,0.5,1,-10,2,500,0.8,1,eq,0.5,35,0,5
3.7378786914194815,-12.85779587538116,1.7398467296524174,-21.812804903588386,1.9613299999999998,-8.898245781331694,3.7840740185646107,-13.418694567945977,0.5,1,-10,2,500,0.8,1,eff,1,6.5,0,5
5.327510845438027,-11.073186114760825,1.7398467296524174,-23.734171772146524,1.9613299999999998,-10.844979922663567,3.7840740185646107,-13.923202150869285,0.5,1,-10,2,500,0.8,1,eff,1,6.5,5,5
3.7378786914194815,-14.294863446949414,1.7398467296524174,-23.249872475156643,1.9613299999999998,-10.35428655665436,3.7840740185646107,-13.796036083975283,0.5,1,-10,2,500,0.8,1,eff,1,35,0,5
5.327510845438027,-11.073186114760825,1.7398467296524174,-23.734171772146524,1.9613299999999998,-10.844979922663567,3.7840740185646107,-13.923202150869285,0.5,1,-10,2,500,0.8,1,eff,1,35,5,5
3.7378786914194815,-14.936640119945,1.7398467296524174,-23.891649148152226,1.9613299999999998,-11.004536428680323,3.7840740185646107,-13.964552156235488,0.5,1,-10,2,500,0.8,1,eff,0.5,6.5,0,5
3.7378786914194815,-18.035901907714646,1.7398467296524174,-26.990910935921875,1.9613299999999998,-14.144716908414376,3.7840740185646107,-14.778348365043769,0.5,1,-10,2,500,0.8,1,eff,0.5,35,0,5
5.327510845438027,-16.43988535183849,1.7398467296524174,-29.1008710092242,1.9613299999999998,-16.2825341981251,3.7840740185646107,-15.332376267809146,0.5,1,-10,2,500,0.8,1,eff,0.5,35,5,5
5.327510845438027,-11.073186114760825,1.6648435882347152,-25.825172705597662,6.537766666666667,-11.11146373998364,6.072292351897945,-12.906693117722302,0.5,1,-10,10,400,0.7,0.5,eq,1,6.5,5,5
3.7378786914194815,-12.85779587538116,1.6648435882347152,-23.607524244155858,6.537766666666667,-8.860318847948644,6.072292351897945,-11.694839407123014,0.5,1,-10,10,400,0.7,0.5,eq,1,6.5,0,5
5.327510845438027,-14.048893679109554,1.7398467296524174,-26.709879336495256,1.9613299999999998,-13.859974926867885,3.7840740185646107,-14.704555808671138,0.5,1,-10,2,500,0.8,1,eff,0.5,6.5,5,5
5.327510845438027,-11.073186114760825,1.6648435882347152,-25.825172705597662,6.537766666666667,-11.11146373998364,6.072292351897945,-12.906693117722302,0.5,1,-10,10,400,0.7,0.5,eq,1,35,5,5
3.7378786914194815,-14.294863446949414,1.6648435882347152,-25.04459181572411,6.537766666666667,-10.319092580319904,6.072292351897945,-12.480137753201781,0.5,1,-10,10,400,0.7,0.5,eq,1,35,0,5
3.7378786914194815,-14.936640119945,1.6648435882347152,-25.686368488719694,6.537766666666667,-10.970562957360528,6.072292351897945,-12.83084231982301,0.5,1,-10,10,400,0.7,0.5,eq,0.5,6.5,0,5
5.327510845438027,-14.048893679109554,1.6648435882347152,-27.488657376993988,6.537766666666667,-14.527996261769633,6.072292351897945,-14.745907300940386,0.5,1,-10,10,400,0.7,0.5,eff,0.5,6.5,5,5
5.327510845438027,-14.048893679109554,1.6648435882347152,-28.800880269946397,6.537766666666667,-14.132117824753038,6.072292351897945,-14.532794962173412,0.5,1,-10,10,400,0.7,0.5,eq,0.5,6.5,5,5
3.7378786914194815,-14.294863446949414,1.6648435882347152,-23.968149701117934,6.537766666666667,-10.960568549192356,6.072292351897945,-12.825462052800995,0.5,1,-10,10,400,0.7,0.5,eff,1,35,0,5
5.327510845438027,-16.43988535183849,1.6648435882347152,-31.19187194267533,6.537766666666667,-16.55922418741995,6.072292351897945,-15.839373611119644,0.5,1,-10,10,400,0.7,0.5,eq,0.5,35,5,5
3.7378786914194815,-14.936640119945,1.6648435882347152,-24.60992637411352,6.537766666666667,-11.610898586583533,6.072292351897945,-13.175552742971774,0.5,1,-10,10,400,0.7,0.5,eff,0.5,6.5,0,5
3.7378786914194815,-18.035901907714646,1.6648435882347152,-28.785630276489343,6.537766666666667,-14.116637488068518,6.072292351897945,-14.524461467728678,0.5,1,-10,10,400,0.7,0.5,eq,0.5,35,0,5
3.7378786914194815,-12.85779587538116,1.6648435882347152,-22.531082129549677,6.537766666666667,-9.504348267428389,6.072292351897945,-12.041538299981113,0.5,1,-10,10,400,0.7,0.5,eff,1,6.5,0,5
5.327510845438027,-11.073186114760825,1.6648435882347152,-24.512949812645264,6.537766666666667,-11.512629557044438,6.072292351897945,-13.122651799764906,0.5,1,-10,10,400,0.7,0.5,eff,1,6.5,5,5
5.327510845438027,-11.073186114760825,1.6648435882347152,-24.512949812645264,6.537766666666667,-11.512629557044438,6.072292351897945,-13.122651799764906,0.5,1,-10,10,400,0.7,0.5,eff,1,35,5,5
5.327510845438027,-16.43988535183849,1.6648435882347152,-29.87964904972292,6.537766666666667,-16.950854195720268,6.072292351897945,-16.05019890291681,0.5,1,-10,10,400,0.7,0.5,eff,0.5,35,5,5
5.327510845438027,-11.073186114760825,1.7398467296524174,-24.969935069793394,6.537766666666667,-10.410940392595473,6.072292351897945,-12.529581977121174,0.5,1,-10,10,400,0.7,1,eq,1,35,5,5
3.7378786914194815,-12.85779587538116,1.7398467296524174,-22.808939277773465,6.537766666666667,-8.217675492387507,6.072292351897945,-11.348886670902282,0.5,1,-10,10,400,0.7,1,eq,1,6.5,0,5
3.7378786914194815,-18.035901907714646,1.6648435882347152,-27.709188161883162,6.537766666666667,-14.751466200186007,6.072292351897945,-14.866207364715,0.5,1,-10,10,400,0.7,0.5,eff,0.5,35,0,5
3.7378786914194815,-14.294863446949414,1.7398467296524174,-24.24600684934172,6.537766666666667,-9.676202101096267,6.072292351897945,-12.134051983461847,0.5,1,-10,10,400,0.7,1,eq,1,35,0,5
5.327510845438027,-11.073186114760825,1.7398467296524174,-24.969935069793394,6.537766666666667,-10.410940392595473,6.072292351897945,-12.529581977121174,0.5,1,-10,10,400,0.7,1,eq,1,6.5,5,5
3.7378786914194815,-14.936640119945,1.7398467296524174,-24.887783522337305,6.537766666666667,-10.327562115668798,6.072292351897945,-12.48469713890643,0.5,1,-10,10,400,0.7,1,eq,0.5,6.5,0,5
5.327510845438027,-14.048893679109554,1.7398467296524174,-27.945642634142125,6.537766666666667,-13.431082763166021,6.072292351897945,-14.155408351631426,0.5,1,-10,10,400,0.7,1,eq,0.5,6.5,5,5
3.7378786914194815,-18.035901907714646,1.7398467296524174,-27.987045310106954,6.537766666666667,-13.473103685321943,6.072292351897945,-14.17802937909951,0.5,1,-10,10,400,0.7,1,eq,0.5,35,0,5
5.327510845438027,-16.43988535183849,1.7398467296524174,-30.336634306871055,6.537766666666667,-15.857777961624034,6.072292351897945,-15.461765659483984,0.5,1,-10,10,400,0.7,1,eq,0.5,35,5,5
5.327510845438027,-11.073186114760825,1.7398467296524174,-23.734171772146524,6.537766666666667,-10.845387173987953,6.072292351897945,-12.763456725011114,0.5,1,-10,10,400,0.7,1,eff,1,6.5,5,5
3.7378786914194815,-12.85779587538116,1.7398467296524174,-21.812804903588386,6.537766666666667,-8.898653032702578,6.072292351897945,-11.715475761629236,0.5,1,-10,10,400,0.7,1,eff,1,6.5,0,5
5.327510845438027,-11.073186114760825,1.7398467296524174,-23.734171772146524,6.537766666666667,-10.845387173987953,6.072292351897945,-12.763456725011114,0.5,1,-10,10,400,0.7,1,eff,1,35,5,5
3.7378786914194815,-14.294863446949414,1.7398467296524174,-23.249872475156643,6.537766666666667,-10.354693808014979,6.072292351897945,-12.49930288114931,0.5,1,-10,10,400,0.7,1,eff,1,35,0,5
3.7378786914194815,-14.936640119945,1.7398467296524174,-23.891649148152226,6.537766666666667,-11.004943680056106,6.072292351897945,-12.849350416089479,0.5,1,-10,10,400,0.7,1,eff,0.5,6.5,0,5
5.327510845438027,-14.048893679109554,1.7398467296524174,-26.709879336495256,6.537766666666667,-13.860382178257616,6.072292351897945,-14.386512129525798,0.5,1,-10,10,400,0.7,1,eff,0.5,6.5,5,5
5.327510845438027,-16.43988535183849,1.7398467296524174,-29.1008710092242,6.537766666666667,-16.28294144946853,6.072292351897945,-15.690642953068545,0.5,1,-10,10,400,0.7,1,eff,0.5,35,5,5
3.7378786914194815,-12.85779587538116,1.6648435882347152,-23.607524244155858,6.537766666666667,-8.860318847948644,6.072292351897945,-11.694839407123014,0.5,1,-10,10,400,0.8,0.5,eq,1,6.5,0,5
3.7378786914194815,-18.035901907714646,1.7398467296524174,-26.990910935921875,6.537766666666667,-14.145124159769288,6.072292351897945,-14.539796632926372,0.5,1,-10,10,400,0.7,1,eff,0.5,35,0,5
5.327510845438027,-11.073186114760825,1.6648435882347152,-25.825172705597662,6.537766666666667,-11.11146373998364,6.072292351897945,-12.906693117722302,0.5,1,-10,10,400,0.8,0.5,eq,1,35,5,5
5.327510845438027,-11.073186114760825,1.6648435882347152,-25.825172705597662,6.537766666666667,-11.11146373998364,6.072292351897945,-12.906693117722302,0.5,1,-10,10,400,0.8,0.5,eq,1,6.5,5,5
3.7378786914194815,-14.294863446949414,1.6648435882347152,-25.04459181572411,6.537766666666667,-10.319092580319904,6.072292351897945,-12.480137753201781,0.5,1,-10,10,400,0.8,0.5,eq,1,35,0,5
3.7378786914194815,-14.936640119945,1.6648435882347152,-25.686368488719694,6.537766666666667,-10.970562957360528,6.072292351897945,-12.83084231982301,0.5,1,-10,10,400,0.8,0.5,eq,0.5,6.5,0,5
3.7378786914194815,-14.294863446949414,1.6648435882347152,-23.968149701117934,6.537766666666667,-10.960568549192356,6.072292351897945,-12.825462052800995,0.5,1,-10,10,400,0.8,0.5,eff,1,35,0,5
5.327510845438027,-11.073186114760825,1.6648435882347152,-24.512949812645264,6.537766666666667,-11.512629557044438,6.072292351897945,-13.122651799764906,0.5,1,-10,10,400,0.8,0.5,eff,1,6.5,5,5
5.327510845438027,-14.048893679109554,1.6648435882347152,-28.800880269946397,6.537766666666667,-14.132117824753038,6.072292351897945,-14.532794962173412,0.5,1,-10,10,400,0.8,0.5,eq,0.5,6.5,5,5
3.7378786914194815,-12.85779587538116,1.6648435882347152,-22.531082129549677,6.537766666666667,-9.504348267428389,6.072292351897945,-12.041538299981113,0.5,1,-10,10,400,0.8,0.5,eff,1,6.5,0,5
3.7378786914194815,-14.936640119945,1.6648435882347152,-24.60992637411352,6.537766666666667,-11.610898586583533,6.072292351897945,-13.175552742971774,0.5,1,-10,10,400,0.8,0.5,eff,0.5,6.5,0,5
3.7378786914194815,-18.035901907714646,1.6648435882347152,-28.785630276489343,6.537766666666667,-14.116637488068518,6.072292351897945,-14.524461467728678,0.5,1,-10,10,400,0.8,0.5,eq,0.5,35,0,5
5.327510845438027,-14.048893679109554,1.6648435882347152,-27.488657376993988,6.537766666666667,-14.527996261769633,6.072292351897945,-14.745907300940386,0.5,1,-10,10,400,0.8,0.5,eff,0.5,6.5,5,5
5.327510845438027,-11.073186114760825,1.6648435882347152,-24.512949812645264,6.537766666666667,-11.512629557044438,6.072292351897945,-13.122651799764906,0.5,1,-10,10,400,0.8,0.5,eff,1,35,5,5
5.327510845438027,-16.43988535183849,1.6648435882347152,-31.19187194267533,6.537766666666667,-16.55922418741995,6.072292351897945,-15.839373611119644,0.5,1,-10,10,400,0.8,0.5,eq,0.5,35,5,5
5.327510845438027,-16.43988535183849,1.6648435882347152,-29.87964904972292,6.537766666666667,-16.950854195720268,6.072292351897945,-16.05019890291681,0.5,1,-10,10,400,0.8,0.5,eff,0.5,35,5,5
5.327510845438027,-16.43988535183849,1.7398467296524174,-30.336634306871055,6.537766666666667,-15.857777961624034,6.072292351897945,-15.461765659483984,0.5,1,-10,10,400,0.8,1,eq,0.5,35,5,5
3.7378786914194815,-18.035901907714646,1.6648435882347152,-27.709188161883162,6.537766666666667,-14.751466200186007,6.072292351897945,-14.866207364715,0.5,1,-10,10,400,0.8,0.5,eff,0.5,35,0,5
5.327510845438027,-11.073186114760825,1.7398467296524174,-24.969935069793394,6.537766666666667,-10.410940392595473,6.072292351897945,-12.529581977121174,0.5,1,-10,10,400,0.8,1,eq,1,6.5,5,5
3.7378786914194815,-12.85779587538116,1.7398467296524174,-22.808939277773465,6.537766666666667,-8.217675492387507,6.072292351897945,-11.348886670902282,0.5,1,-10,10,400,0.8,1,eq,1,6.5,0,5
3.7378786914194815,-18.035901907714646,1.7398467296524174,-27.987045310106954,6.537766666666667,-13.473103685321943,6.072292351897945,-14.17802937909951,0.5,1,-10,10,400,0.8,1,eq,0.5,35,0,5
5.327510845438027,-11.073186114760825,1.7398467296524174,-23.734171772146524,6.537766666666667,-10.845387173987953,6.072292351897945,-12.763456725011114,0.5,1,-10,10,400,0.8,1,eff,1,6.5,5,5
5.327510845438027,-11.073186114760825,1.7398467296524174,-24.969935069793394,6.537766666666667,-10.410940392595473,6.072292351897945,-12.529581977121174,0.5,1,-10,10,400,0.8,1,eq,1,35,5,5
3.7378786914194815,-12.85779587538116,1.7398467296524174,-21.812804903588386,6.537766666666667,-8.898653032702578,6.072292351897945,-11.715475761629236,0.5,1,-10,10,400,0.8,1,eff,1,6.5,0,5
3.7378786914194815,-14.294863446949414,1.7398467296524174,-24.24600684934172,6.537766666666667,-9.676202101096267,6.072292351897945,-12.134051983461847,0.5,1,-10,10,400,0.8,1,eq,1,35,0,5
3.7378786914194815,-14.294863446949414,1.7398467296524174,-23.249872475156643,6.537766666666667,-10.354693808014979,6.072292351897945,-12.49930288114931,0.5,1,-10,10,400,0.8,1,eff,1,35,0,5
3.7378786914194815,-14.936640119945,1.7398467296524174,-24.887783522337305,6.537766666666667,-10.327562115668798,6.072292351897945,-12.48469713890643,0.5,1,-10,10,400,0.8,1,eq,0.5,6.5,0,5
5.327510845438027,-16.43988535183849,1.7398467296524174,-29.1008710092242,6.537766666666667,-16.28294144946853,6.072292351897945,-15.690642953068545,0.5,1,-10,10,400,0.8,1,eff,0.5,35,5,5
3.7378786914194815,-14.936640119945,1.7398467296524174,-23.891649148152226,6.537766666666667,-11.004943680056106,6.072292351897945,-12.849350416089479,0.5,1,-10,10,400,0.8,1,eff,0.5,6.5,0,5
5.327510845438027,-14.048893679109554,1.7398467296524174,-26.709879336495256,6.537766666666667,-13.860382178257616,6.072292351897945,-14.386512129525798,0.5,1,-10,10,400,0.8,1,eff,0.5,6.5,5,5
5.327510845438027,-14.048893679109554,1.7398467296524174,-27.945642634142125,6.537766666666667,-13.431082763166021,6.072292351897945,-14.155408351631426,0.5,1,-10,10,400,0.8,1,eq,0.5,6.5,5,5
5.327510845438027,-11.073186114760825,1.7398467296524174,-23.734171772146524,6.537766666666667,-10.845387173987953,6.072292351897945,-12.763456725011114,0.5,1,-10,10,400,0.8,1,eff,1,35,5,5
3.7378786914194815,-18.035901907714646,1.7398467296524174,-26.990910935921875,6.537766666666667,-14.145124159769288,6.072292351897945,-14.539796632926372,0.5,1,-10,10,400,0.8,1,eff,0.5,35,0,5
5.327510845438027,-11.073186114760825,1.6648435882347152,-25.825172705597662,9.80665,-11.11181218061586,7.70673401856461,-12.526183141450375,0.5,1,-10,10,500,0.7,0.5,eq,1,6.5,5,5
3.7378786914194815,-12.85779587538116,1.6648435882347152,-23.607524244155858,9.80665,-8.860667288568328,7.70673401856461,-11.093916892062738,0.5,1,-10,10,500,0.7,0.5,eq,1,6.5,0,5
3.7378786914194815,-14.294863446949414,1.6648435882347152,-25.04459181572411,9.80665,-10.319441021002634,7.70673401856461,-12.02204568103593,0.5,1,-10,10,500,0.7,0.5,eq,1,35,0,5
3.7378786914194815,-12.85779587538116,1.6648435882347152,-22.531082129549677,9.80665,-9.504655180335096,7.70673401856461,-11.503647125620798,0.5,1,-10,10,500,0.7,0.5,eff,1,6.5,0,5
5.327510845438027,-11.073186114760825,1.6648435882347152,-25.825172705597662,9.80665,-11.11181218061586,7.70673401856461,-12.526183141450375,0.5,1,-10,10,500,0.7,0.5,eq,1,35,5,5
5.327510845438027,-14.048893679109554,1.6648435882347152,-28.800880269946397,9.80665,-14.132466265418799,7.70673401856461,-14.448041175565418,0.5,1,-10,10,500,0.7,0.5,eq,0.5,6.5,5,5
5.327510845438027,-11.073186114760825,1.6648435882347152,-24.512949812645264,9.80665,-11.512936469983135,7.70673401856461,-12.781394071453068,0.5,1,-10,10,500,0.7,0.5,eff,1,6.5,5,5
5.327510845438027,-11.073186114760825,1.6648435882347152,-24.512949812645264,9.80665,-11.512936469983135,7.70673401856461,-12.781394071453068,0.5,1,-10,10,500,0.7,0.5,eff,1,35,5,5
3.7378786914194815,-18.035901907714646,1.6648435882347152,-27.709188161883162,9.80665,-14.751773113152913,7.70673401856461,-14.8420683655337,0.5,1,-10,10,500,0.7,0.5,eff,0.5,35,0,5
3.7378786914194815,-14.936640119945,1.6648435882347152,-24.60992637411352,9.80665,-11.611205499526093,7.70673401856461,-12.843916663789035,0.5,1,-10,10,500,0.7,0.5,eff,0.5,6.5,0,5
3.7378786914194815,-14.936640119945,1.6648435882347152,-25.686368488719694,9.80665,-10.970911397977952,7.70673401856461,-12.436536563747879,0.5,1,-10,10,500,0.7,0.5,eq,0.5,6.5,0,5
5.327510845438027,-16.43988535183849,1.6648435882347152,-31.19187194267533,9.80665,-16.55957262807676,7.70673401856461,-15.99226098086981,0.5,1,-10,10,500,0.7,0.5,eq,0.5,35,5,5
3.7378786914194815,-18.035901907714646,1.6648435882347152,-28.785630276489343,9.80665,-14.116985928695053,7.70673401856461,-14.43819198109708,0.5,1,-10,10,500,0.7,0.5,eq,0.5,35,0,5
3.7378786914194815,-14.294863446949414,1.6648435882347152,-23.968149701117934,9.80665,-10.960875462129673,7.70673401856461,-12.430151309628101,0.5,1,-10,10,500,0.7,0.5,eff,1,35,0,5
5.327510845438027,-16.43988535183849,1.6648435882347152,-29.87964904972292,9.80665,-16.951161108636057,7.70673401856461,-16.24140485709713,0.5,1,-10,10,500,0.7,0.5,eff,0.5,35,5,5
3.7378786914194815,-12.85779587538116,1.7398467296524174,-22.808939277773465,9.80665,-8.218005060290086,7.70673401856461,-10.68503009736055,0.5,1,-10,10,500,0.7,1,eq,1,6.5,0,5
5.327510845438027,-14.048893679109554,1.6648435882347152,-27.488657376993988,9.80665,-14.528303174734974,7.70673401856461,-14.699888067997158,0.5,1,-10,10,500,0.7,0.5,eff,0.5,6.5,5,5
5.327510845438027,-11.073186114760825,1.7398467296524174,-24.969935069793394,9.80665,-10.411269960487699,7.70673401856461,-12.080470836700385,0.5,1,-10,10,500,0.7,1,eq,1,6.5,5,5
3.7378786914194815,-14.936640119945,1.7398467296524174,-24.887783522337305,9.80665,-10.327891683573302,7.70673401856461,-12.027422322418492,0.5,1,-10,10,500,0.7,1,eq,0.5,6.5,0,5
5.327510845438027,-14.048893679109554,1.7398467296524174,-27.945642634142125,9.80665,-13.431412331024745,7.70673401856461,-14.002003298225763,0.5,1,-10,10,500,0.7,1,eq,0.5,6.5,5,5
5.327510845438027,-11.073186114760825,1.7398467296524174,-24.969935069793394,9.80665,-10.411269960487699,7.70673401856461,-12.080470836700385,0.5,1,-10,10,500,0.7,1,eq,1,35,5,5
3.7378786914194815,-14.294863446949414,1.7398467296524174,-24.24600684934172,9.80665,-9.676531668987025,7.70673401856461,-11.61300165656598,0.5,1,-10,10,500,0.7,1,eq,1,35,0,5
3.7378786914194815,-12.85779587538116,1.7398467296524174,-21.812804903588386,9.80665,-8.898943926539422,7.70673401856461,-11.118269983193985,0.5,1,-10,10,500,0.7,1,eff,1,6.5,0,5
3.7378786914194815,-18.035901907714646,1.7398467296524174,-27.987045310106954,9.80665,-13.473433253215445,7.70673401856461,-14.02873864912857,0.5,1,-10,10,500,0.7,1,eq,0.5,35,0,5
5.327510845438027,-11.073186114760825,1.7398467296524174,-23.734171772146524,9.80665,-10.845678067855584,7.70673401856461,-12.356858230884393,0.5,1,-10,10,500,0.7,1,eff,1,6.5,5,5
5.327510845438027,-16.43988535183849,1.7398467296524174,-30.336634306871055,9.80665,-15.858107529522576,7.70673401856461,-15.545961504842332,0.5,1,-10,10,500,0.7,1,eq,0.5,35,5,5
3.7378786914194815,-14.294863446949414,1.7398467296524174,-23.249872475156643,9.80665,-10.354984701846835,7.70673401856461,-12.044659958167504,0.5,1,-10,10,500,0.7,1,eff,1,35,0,5
5.327510845438027,-14.048893679109554,1.7398467296524174,-26.709879336495256,9.80665,-13.860673072104184,7.70673401856461,-14.27511573705953,0.5,1,-10,10,500,0.7,1,eff,0.5,6.5,5,5
5.327510845438027,-11.073186114760825,1.7398467296524174,-23.734171772146524,9.80665,-10.845678067855584,7.70673401856461,-12.356858230884393,0.5,1,-10,10,500,0.7,1,eff,1,35,5,5
5.327510845438027,-16.43988535183849,1.7398467296524174,-29.1008710092242,9.80665,-16.283232343312516,7.70673401856461,-15.81644250529668,0.5,1,-10,10,500,0.7,1,eff,0.5,35,5,5
3.7378786914194815,-12.85779587538116,1.6648435882347152,-23.607524244155858,9.80665,-8.860667288568328,7.70673401856461,-11.093916892062738,0.5,1,-10,10,500,0.8,0.5,eq,1,6.5,0,5
5.327510845438027,-11.073186114760825,1.6648435882347152,-25.825172705597662,9.80665,-11.11181218061586,7.70673401856461,-12.526183141450375,0.5,1,-10,10,500,0.8,0.5,eq,1,6.5,5,5
3.7378786914194815,-18.035901907714646,1.7398467296524174,-26.990910935921875,9.80665,-14.145415053613903,7.70673401856461,-14.45627970004615,0.5,1,-10,10,500,0.7,1,eff,0.5,35,0,5
3.7378786914194815,-14.936640119945,1.7398467296524174,-23.891649148152226,9.80665,-11.005234573872254,7.70673401856461,-12.45837430799046,0.5,1,-10,10,500,0.7,1,eff,0.5,6.5,0,5
5.327510845438027,-11.073186114760825,1.6648435882347152,-25.825172705597662,9.80665,-11.11181218061586,7.70673401856461,-12.526183141450375,0.5,1,-10,10,500,0.8,0.5,eq,1,35,5,5
3.7378786914194815,-14.936640119945,1.6648435882347152,-25.686368488719694,9.80665,-10.970911397977952,7.70673401856461,-12.436536563747879,0.5,1,-10,10,500,0.8,0.5,eq,0.5,6.5,0,5
3.7378786914194815,-14.294863446949414,1.6648435882347152,-25.04459181572411,9.80665,-10.319441021002634,7.70673401856461,-12.02204568103593,0.5,1,-10,10,500,0.8,0.5,eq,1,35,0,5
5.327510845438027,-16.43988535183849,1.6648435882347152,-31.19187194267533,9.80665,-16.55957262807676,7.70673401856461,-15.99226098086981,0.5,1,-10,10,500,0.8,0.5,eq,0.5,35,5,5
5.327510845438027,-11.073186114760825,1.6648435882347152,-24.512949812645264,9.80665,-11.512936469983135,7.70673401856461,-12.781394071453068,0.5,1,-10,10,500,0.8,0.5,eff,1,6.5,5,5
3.7378786914194815,-18.035901907714646,1.6648435882347152,-28.785630276489343,9.80665,-14.116985928695053,7.70673401856461,-14.43819198109708,0.5,1,-10,10,500,0.8,0.5,eq,0.5,35,0,5
5.327510845438027,-14.048893679109554,1.6648435882347152,-28.800880269946397,9.80665,-14.132466265418799,7.70673401856461,-14.448041175565418,0.5,1,-10,10,500,0.8,0.5,eq,0.5,6.5,5,5
3.7378786914194815,-14.294863446949414,1.6648435882347152,-23.968149701117934,9.80665,-10.960875462129673,7.70673401856461,-12.430151309628101,0.5,1,-10,10,500,0.8,0.5,eff,1,35,0,5
5.327510845438027,-11.073186114760825,1.6648435882347152,-24.512949812645264,9.80665,-11.512936469983135,7.70673401856461,-12.781394071453068,0.5,1,-10,10,500,0.8,0.5,eff,1,35,5,5
5.327510845438027,-14.048893679109554,1.6648435882347152,-27.488657376993988,9.80665,-14.528303174734974,7.70673401856461,-14.699888067997158,0.5,1,-10,10,500,0.8,0.5,eff,0.5,6.5,5,5
3.7378786914194815,-12.85779587538116,1.6648435882347152,-22.531082129549677,9.80665,-9.504655180335096,7.70673401856461,-11.503647125620798,0.5,1,-10,10,500,0.8,0.5,eff,1,6.5,0,5
5.327510845438027,-16.43988535183849,1.6648435882347152,-29.87964904972292,9.80665,-16.951161108636057,7.70673401856461,-16.24140485709713,0.5,1,-10,10,500,0.8,0.5,eff,0.5,35,5,5
3.7378786914194815,-14.936640119945,1.6648435882347152,-24.60992637411352,9.80665,-11.611205499526093,7.70673401856461,-12.843916663789035,0.5,1,-10,10,500,0.8,0.5,eff,0.5,6.5,0,5
5.327510845438027,-11.073186114760825,1.7398467296524174,-24.969935069793394,9.80665,-10.411269960487699,7.70673401856461,-12.080470836700385,0.5,1,-10,10,500,0.8,1,eq,1,35,5,5
3.7378786914194815,-12.85779587538116,1.7398467296524174,-22.808939277773465,9.80665,-8.218005060290086,7.70673401856461,-10.68503009736055,0.5,1,-10,10,500,0.8,1,eq,1,6.5,0,5
3.7378786914194815,-18.035901907714646,1.6648435882347152,-27.709188161883162,9.80665,-14.751773113152913,7.70673401856461,-14.8420683655337,0.5,1,-10,10,500,0.8,0.5,eff,0.5,35,0,5
5.327510845438027,-14.048893679109554,1.7398467296524174,-27.945642634142125,9.80665,-13.431412331024745,7.70673401856461,-14.002003298225763,0.5,1,-10,10,500,0.8,1,eq,0.5,6.5,5,5
5.327510845438027,-11.073186114760825,1.7398467296524174,-24.969935069793394,9.80665,-10.411269960487699,7.70673401856461,-12.080470836700385,0.5,1,-10,10,500,0.8,1,eq,1,6.5,5,5
3.7378786914194815,-14.936640119945,1.7398467296524174,-24.887783522337305,9.80665,-10.327891683573302,7.70673401856461,-12.027422322418492,0.5,1,-10,10,500,0.8,1,eq,0.5,6.5,0,5
5.327510845438027,-16.43988535183849,1.7398467296524174,-30.336634306871055,9.80665,-15.858107529522576,7.70673401856461,-15.545961504842332,0.5,1,-10,10,500,0.8,1,eq,0.5,35,5,5
3.7378786914194815,-14.294863446949414,1.7398467296524174,-24.24600684934172,9.80665,-9.676531668987025,7.70673401856461,-11.61300165656598,0.5,1,-10,10,500,0.8,1,eq,1,35,0,5
5.327510845438027,-11.073186114760825,1.7398467296524174,-23.734171772146524,9.80665,-10.845678067855584,7.70673401856461,-12.356858230884393,0.5,1,-10,10,500,0.8,1,eff,1,6.5,5,5
3.7378786914194815,-18.035901907714646,1.7398467296524174,-27.987045310106954,9.80665,-13.473433253215445,7.70673401856461,-14.02873864912857,0.5,1,-10,10,500,0.8,1,eq,0.5,35,0,5
3.7378786914194815,-12.85779587538116,1.7398467296524174,-21.812804903588386,9.80665,-8.898943926539422,7.70673401856461,-11.118269983193985,0.5,1,-10,10,500,0.8,1,eff,1,6.5,0,5
3.7378786914194815,-14.294863446949414,1.7398467296524174,-23.249872475156643,9.80665,-10.354984701846835,7.70673401856461,-12.044659958167504,0.5,1,-10,10,500,0.8,1,eff,1,35,0,5
5.327510845438027,-14.048893679109554,1.7398467296524174,-26.709879336495256,9.80665,-13.860673072104184,7.70673401856461,-14.27511573705953,0.5,1,-10,10,500,0.8,1,eff,0.5,6.5,5,5
5.327510845438027,-11.073186114760825,1.7398467296524174,-23.734171772146524,9.80665,-10.845678067855584,7.70673401856461,-12.356858230884393,0.5,1,-10,10,500,0.8,1,eff,1,35,5,5
5.327510845438027,-16.43988535183849,1.7398467296524174,-29.1008710092242,9.80665,-16.283232343312516,7.70673401856461,-15.81644250529668,0.5,1,-10,10,500,0.8,1,eff,0.5,35,5,5
3.7378786914194815,-14.936640119945,1.7398467296524174,-23.891649148152226,9.80665,-11.005234573872254,7.70673401856461,-12.45837430799046,0.5,1,-10,10,500,0.8,1,eff,0.5,6.5,0,5
3.7378786914194815,-18.035901907714646,1.7398467296524174,-26.990910935921875,9.80665,-14.145415053613903,7.70673401856461,-14.45627970004615,0.5,1,-10,10,500,0.8,1,eff,0.5,35,0,5
3.7378786914194815,-12.85779587538116,0.664380693404857,-38.8099090634354,3.9226599999999996,-20.986261574830998,4.764739018564611,-17.464150579668214,0.5,3,-20,2,400,0.7,0.5,eq,1,6.5,0,5
3.7378786914194815,-18.035901907714646,0.664380693404857,-43.988015095768894,3.9226599999999996,-26.26038915943144,4.764739018564611,-19.635162384344262,0.5,3,-20,2,400,0.7,0.5,eq,0.5,35,0,5
5.327510845438027,-11.073186114760825,0.664380693404857,-41.02755752487721,3.9226599999999996,-23.24503357582679,4.764739018564611,-18.39393860613758,0.5,3,-20,2,400,0.7,0.5,eq,1,6.5,5,5
3.7378786914194815,-14.294863446949414,0.664380693404857,-40.246976635003655,3.9226599999999996,-22.44997778167551,4.764739018564611,-18.066666372618112,0.5,3,-20,2,400,0.7,0.5,eq,1,35,0,5
5.327510845438027,-11.073186114760825,0.664380693404857,-41.02755752487721,3.9226599999999996,-23.24503357582679,4.764739018564611,-18.39393860613758,0.5,3,-20,2,400,0.7,0.5,eq,1,35,5,5
5.327510845438027,-14.048893679109554,0.664380693404857,-44.00326508922595,3.9226599999999996,-26.275921944956384,4.764739018564611,-19.64155621160635,0.5,3,-20,2,400,0.7,0.5,eq,0.5,6.5,5,5
3.7378786914194815,-14.936640119945,0.664380693404857,-40.888753307999245,3.9226599999999996,-23.103655406881362,4.764739018564611,-18.335742502842646,0.5,3,-20,2,400,0.7,0.5,eq,0.5,6.5,0,5
5.327510845438027,-16.43988535183849,0.664380693404857,-46.39425676195488,3.9226599999999996,-28.71125159182123,4.764739018564611,-20.644021420650247,0.5,3,-20,2,400,0.7,0.5,eq,0.5,35,5,5
5.327510845438027,-11.073186114760825,0.664380693404857,-37.66990189971462,3.9226599999999996,-22.44376198723361,4.764739018564611,-18.06410773843803,0.5,3,-20,2,400,0.7,0.5,eff,1,6.5,5,5
3.7378786914194815,-12.85779587538116,0.664380693404857,-35.68803421661903,3.9226599999999996,-20.43053612430284,4.764739018564611,-17.23539492408277,0.5,3,-20,2,400,0.7,0.5,eff,1,6.5,0,5
5.327510845438027,-11.073186114760825,0.664380693404857,-37.66990189971462,3.9226599999999996,-22.44376198723361,4.764739018564611,-18.06410773843803,0.5,3,-20,2,400,0.7,0.5,eff,1,35,5,5
3.7378786914194815,-14.294863446949414,0.664380693404857,-37.12510178818729,3.9226599999999996,-21.890341754438577,4.764739018564611,-17.83630098953548,0.5,3,-20,2,400,0.7,0.5,eff,1,35,0,5
5.327510845438027,-16.43988535183849,0.664380693404857,-43.03660113679226,3.9226599999999996,-27.895376035290322,4.764739018564611,-20.30817905886395,0.5,3,-20,2,400,0.7,0.5,eff,0.5,35,5,5
3.7378786914194815,-18.035901907714646,0.664380693404857,-40.866140248952505,3.9226599999999996,-25.69057294408229,4.764739018564611,-19.40060648667663,0.5,3,-20,2,400,0.7,0.5,eff,0.5,35,0,5
5.327510845438027,-14.048893679109554,0.664380693404857,-40.645609464063334,3.9226599999999996,-25.46655280211034,4.764739018564611,-19.30839211284796,0.5,3,-20,2,400,0.7,0.5,eff,0.5,6.5,5,5
3.7378786914194815,-14.936640119945,0.664380693404857,-37.76687846118287,3.9226599999999996,-22.54227296426987,4.764739018564611,-18.104658235293613,0.5,3,-20,2,400,0.7,0.5,eff,0.5,6.5,0,5
3.7378786914194815,-12.85779587538116,0.6968241909147566,-37.538344188618254,3.9226599999999996,-19.856601845845464,4.764739018564611,-16.99914389039958,0.5,3,-20,2,400,0.7,1,eq,1,6.5,0,5
5.327510845438027,-11.073186114760825,0.6968241909147566,-39.699339980638186,3.9226599999999996,-22.057299010463044,4.764739018564611,-17.905026322378003,0.5,3,-20,2,400,0.7,1,eq,1,6.5,5,5
5.327510845438027,-11.073186114760825,0.6968241909147566,-39.699339980638186,3.9226599999999996,-22.057299010463044,4.764739018564611,-17.905026322378003,0.5,3,-20,2,400,0.7,1,eq,1,35,5,5
5.327510845438027,-14.048893679109554,0.6968241909147566,-42.67504754498692,3.9226599999999996,-25.087675665475192,4.764739018564611,-19.15243328876537,0.5,3,-20,2,400,0.7,1,eq,0.5,6.5,5,5
5.327510845438027,-16.43988535183849,0.6968241909147566,-45.066039217715854,3.9226599999999996,-27.522594148392447,4.764739018564611,-20.15472924862649,0.5,3,-20,2,400,0.7,1,eq,0.5,35,5,5
3.7378786914194815,-14.936640119945,0.6968241909147566,-39.6171884331821,3.9226599999999996,-21.973638191493237,4.764739018564611,-17.870588659909757,0.5,3,-20,2,400,0.7,1,eq,0.5,6.5,0,5
3.7378786914194815,-14.294863446949414,0.6968241909147566,-38.97541176018651,3.9226599999999996,-21.32007092885346,4.764739018564611,-17.601557958702664,0.5,3,-20,2,400,0.7,1,eq,1,35,0,5
3.7378786914194815,-18.035901907714646,0.6968241909147566,-42.71645022095176,3.9226599999999996,-25.129838983047055,4.764739018564611,-19.169789156385896,0.5,3,-20,2,400,0.7,1,eq,0.5,35,0,5
5.327510845438027,-11.073186114760825,0.6968241909147566,-36.492398708477886,3.9226599999999996,-21.36765589389027,4.764739018564611,-17.621145562370376,0.5,3,-20,2,400,0.7,1,eff,1,6.5,5,5
3.7378786914194815,-14.294863446949414,0.6968241909147566,-36.008099411488,3.9226599999999996,-20.875754093160555,4.764739018564611,-17.41866191005159,0.5,3,-20,2,400,0.7,1,eff,1,35,0,5
3.7378786914194815,-12.85779587538116,0.6968241909147566,-34.57103183991974,3.9226599999999996,-19.416127514278397,4.764739018564611,-16.817829548235853,0.5,3,-20,2,400,0.7,1,eff,1,6.5,0,5
3.7378786914194815,-18.035901907714646,0.6968241909147566,-39.74913787225322,3.9226599999999996,-24.675519169190935,4.764739018564611,-18.98277553884298,0.5,3,-20,2,400,0.7,1,eff,0.5,35,0,5
5.327510845438027,-16.43988535183849,0.6968241909147566,-41.85909794555555,3.9226599999999996,-26.81860127904663,4.764739018564611,-19.86494163821295,0.5,3,-20,2,400,0.7,1,eff,0.5,35,5,5
5.327510845438027,-11.073186114760825,0.6968241909147566,-36.492398708477886,3.9226599999999996,-21.36765589389027,4.764739018564611,-17.621145562370376,0.5,3,-20,2,400,0.7,1,eff,1,35,5,5
3.7378786914194815,-14.936640119945,0.6968241909147566,-36.64987608448359,3.9226599999999996,-21.52760534104485,4.764739018564611,-17.68698624072973,0.5,3,-20,2,400,0.7,1,eff,0.5,6.5,0,5
5.327510845438027,-14.048893679109554,0.6968241909147566,-39.4681062728266,3.9226599999999996,-24.390075951210743,4.764739018564611,-18.865277320254116,0.5,3,-20,2,400,0.7,1,eff,0.5,6.5,5,5
5.327510845438027,-11.073186114760825,0.664380693404857,-41.02755752487721,3.9226599999999996,-23.24503357582679,4.764739018564611,-18.39393860613758,0.5,3,-20,2,400,0.8,0.5,eq,1,6.5,5,5
3.7378786914194815,-12.85779587538116,0.664380693404857,-38.8099090634354,3.9226599999999996,-20.986261574830998,4.764739018564611,-17.464150579668214,0.5,3,-20,2,400,0.8,0.5,eq,1,6.5,0,5
5.327510845438027,-11.073186114760825,0.664380693404857,-41.02755752487721,3.9226599999999996,-23.24503357582679,4.764739018564611,-18.39393860613758,0.5,3,-20,2,400,0.8,0.5,eq,1,35,5,5
3.7378786914194815,-14.294863446949414,0.664380693404857,-40.246976635003655,3.9226599999999996,-22.44997778167551,4.764739018564611,-18.066666372618112,0.5,3,-20,2,400,0.8,0.5,eq,1,35,0,5
5.327510845438027,-14.048893679109554,0.664380693404857,-44.00326508922595,3.9226599999999996,-26.275921944956384,4.764739018564611,-19.64155621160635,0.5,3,-20,2,400,0.8,0.5,eq,0.5,6.5,5,5
5.327510845438027,-11.073186114760825,0.664380693404857,-37.66990189971462,3.9226599999999996,-22.44376198723361,4.764739018564611,-18.06410773843803,0.5,3,-20,2,400,0.8,0.5,eff,1,6.5,5,5
3.7378786914194815,-14.936640119945,0.664380693404857,-40.888753307999245,3.9226599999999996,-23.103655406881362,4.764739018564611,-18.335742502842646,0.5,3,-20,2,400,0.8,0.5,eq,0.5,6.5,0,5
3.7378786914194815,-18.035901907714646,0.664380693404857,-43.988015095768894,3.9226599999999996,-26.26038915943144,4.764739018564611,-19.635162384344262,0.5,3,-20,2,400,0.8,0.5,eq,0.5,35,0,5
5.327510845438027,-16.43988535183849,0.664380693404857,-46.39425676195488,3.9226599999999996,-28.71125159182123,4.764739018564611,-20.644021420650247,0.5,3,-20,2,400,0.8,0.5,eq,0.5,35,5,5
3.7378786914194815,-12.85779587538116,0.664380693404857,-35.68803421661903,3.9226599999999996,-20.43053612430284,4.764739018564611,-17.23539492408277,0.5,3,-20,2,400,0.8,0.5,eff,1,6.5,0,5
5.327510845438027,-11.073186114760825,0.664380693404857,-37.66990189971462,3.9226599999999996,-22.44376198723361,4.764739018564611,-18.06410773843803,0.5,3,-20,2,400,0.8,0.5,eff,1,35,5,5
3.7378786914194815,-14.294863446949414,0.664380693404857,-37.12510178818729,3.9226599999999996,-21.890341754438577,4.764739018564611,-17.83630098953548,0.5,3,-20,2,400,0.8,0.5,eff,1,35,0,5
5.327510845438027,-14.048893679109554,0.664380693404857,-40.645609464063334,3.9226599999999996,-25.46655280211034,4.764739018564611,-19.30839211284796,0.5,3,-20,2,400,0.8,0.5,eff,0.5,6.5,5,5
3.7378786914194815,-14.936640119945,0.664380693404857,-37.76687846118287,3.9226599999999996,-22.54227296426987,4.764739018564611,-18.104658235293613,0.5,3,-20,2,400,0.8,0.5,eff,0.5,6.5,0,5
5.327510845438027,-16.43988535183849,0.664380693404857,-43.03660113679226,3.9226599999999996,-27.895376035290322,4.764739018564611,-20.30817905886395,0.5,3,-20,2,400,0.8,0.5,eff,0.5,35,5,5
3.7378786914194815,-18.035901907714646,0.664380693404857,-40.866140248952505,3.9226599999999996,-25.69057294408229,4.764739018564611,-19.40060648667663,0.5,3,-20,2,400,0.8,0.5,eff,0.5,35,0,5
5.327510845438027,-11.073186114760825,0.6968241909147566,-39.699339980638186,3.9226599999999996,-22.057299010463044,4.764739018564611,-17.905026322378003,0.5,3,-20,2,400,0.8,1,eq,1,6.5,5,5
3.7378786914194815,-12.85779587538116,0.6968241909147566,-37.538344188618254,3.9226599999999996,-19.856601845845464,4.764739018564611,-16.99914389039958,0.5,3,-20,2,400,0.8,1,eq,1,6.5,0,5
5.327510845438027,-11.073186114760825,0.6968241909147566,-39.699339980638186,3.9226599999999996,-22.057299010463044,4.764739018564611,-17.905026322378003,0.5,3,-20,2,400,0.8,1,eq,1,35,5,5
5.327510845438027,-14.048893679109554,0.6968241909147566,-42.67504754498692,3.9226599999999996,-25.087675665475192,4.764739018564611,-19.15243328876537,0.5,3,-20,2,400,0.8,1,eq,0.5,6.5,5,5
3.7378786914194815,-14.294863446949414,0.6968241909147566,-38.97541176018651,3.9226599999999996,-21.32007092885346,4.764739018564611,-17.601557958702664,0.5,3,-20,2,400,0.8,1,eq,1,35,0,5
3.7378786914194815,-14.936640119945,0.6968241909147566,-39.6171884331821,3.9226599999999996,-21.973638191493237,4.764739018564611,-17.870588659909757,0.5,3,-20,2,400,0.8,1,eq,0.5,6.5,0,5
3.7378786914194815,-18.035901907714646,0.6968241909147566,-42.71645022095176,3.9226599999999996,-25.129838983047055,4.764739018564611,-19.169789156385896,0.5,3,-20,2,400,0.8,1,eq,0.5,35,0,5
5.327510845438027,-16.43988535183849,0.6968241909147566,-45.066039217715854,3.9226599999999996,-27.522594148392447,4.764739018564611,-20.15472924862649,0.5,3,-20,2,400,0.8,1,eq,0.5,35,5,5
5.327510845438027,-11.073186114760825,0.6968241909147566,-36.492398708477886,3.9226599999999996,-21.36765589389027,4.764739018564611,-17.621145562370376,0.5,3,-20,2,400,0.8,1,eff,1,6.5,5,5
3.7378786914194815,-12.85779587538116,0.6968241909147566,-34.57103183991974,3.9226599999999996,-19.416127514278397,4.764739018564611,-16.817829548235853,0.5,3,-20,2,400,0.8,1,eff,1,6.5,0,5
5.327510845438027,-14.048893679109554,0.6968241909147566,-39.4681062728266,3.9226599999999996,-24.390075951210743,4.764739018564611,-18.865277320254116,0.5,3,-20,2,400,0.8,1,eff,0.5,6.5,5,5
3.7378786914194815,-14.294863446949414,0.6968241909147566,-36.008099411488,3.9226599999999996,-20.875754093160555,4.764739018564611,-17.41866191005159,0.5,3,-20,2,400,0.8,1,eff,1,35,0,5
3.7378786914194815,-14.936640119945,0.6968241909147566,-36.64987608448359,3.9226599999999996,-21.52760534104485,4.764739018564611,-17.68698624072973,0.5,3,-20,2,400,0.8,1,eff,0.5,6.5,0,5
5.327510845438027,-11.073186114760825,0.6968241909147566,-36.492398708477886,3.9226599999999996,-21.36765589389027,4.764739018564611,-17.621145562370376,0.5,3,-20,2,400,0.8,1,eff,1,35,5,5
5.327510845438027,-16.43988535183849,0.6968241909147566,-41.85909794555555,3.9226599999999996,-26.81860127904663,4.764739018564611,-19.86494163821295,0.5,3,-20,2,400,0.8,1,eff,0.5,35,5,5
3.7378786914194815,-18.035901907714646,0.6968241909147566,-39.74913787225322,3.9226599999999996,-24.675519169190935,4.764739018564611,-18.98277553884298,0.5,3,-20,2,400,0.8,1,eff,0.5,35,0,5
5.327510845438027,-11.073186114760825,0.664380693404857,-41.02755752487721,5.883989999999999,-23.245248693452535,5.74540401856461,-19.222066951516847,0.5,3,-20,2,500,0.7,0.5,eq,1,6.5,5,5
3.7378786914194815,-12.85779587538116,0.664380693404857,-38.8099090634354,5.883989999999999,-20.986476692671456,5.74540401856461,-18.065438816930456,0.5,3,-20,2,500,0.7,0.5,eq,1,6.5,0,5
5.327510845438027,-11.073186114760825,0.664380693404857,-41.02755752487721,5.883989999999999,-23.245248693452535,5.74540401856461,-19.222066951516847,0.5,3,-20,2,500,0.7,0.5,eq,1,35,5,5
3.7378786914194815,-14.936640119945,0.664380693404857,-40.888753307999245,5.883989999999999,-23.10387052446264,5.74540401856461,-19.149672762190264,0.5,3,-20,2,500,0.7,0.5,eq,0.5,6.5,0,5
3.7378786914194815,-14.294863446949414,0.664380693404857,-40.246976635003655,5.883989999999999,-22.450192899413672,5.74540401856461,-18.814950208599356,0.5,3,-20,2,500,0.7,0.5,eq,1,35,0,5
5.327510845438027,-14.048893679109554,0.664380693404857,-44.00326508922595,5.883989999999999,-26.276137062541004,5.74540401856461,-20.77406545303284,0.5,3,-20,2,500,0.7,0.5,eq,0.5,6.5,5,5
5.327510845438027,-11.073186114760825,0.664380693404857,-37.66990189971462,5.883989999999999,-22.44394504692933,5.74540401856461,-18.811750929538906,0.5,3,-20,2,500,0.7,0.5,eff,1,6.5,5,5
3.7378786914194815,-12.85779587538116,0.664380693404857,-35.68803421661903,5.883989999999999,-20.4307191840524,5.74540401856461,-17.78085729641632,0.5,3,-20,2,500,0.7,0.5,eff,1,6.5,0,5
3.7378786914194815,-14.936640119945,0.664380693404857,-37.76687846118287,5.883989999999999,-22.54245602396455,5.74540401856461,-18.862194519049247,0.5,3,-20,2,500,0.7,0.5,eff,0.5,6.5,0,5
3.7378786914194815,-14.294863446949414,0.664380693404857,-37.12510178818729,5.883989999999999,-21.890524813976246,5.74540401856461,-18.528366235793236,0.5,3,-20,2,500,0.7,0.5,eff,1,35,0,5
3.7378786914194815,-18.035901907714646,0.664380693404857,-43.988015095768894,5.883989999999999,-26.26060427701406,5.74540401856461,-20.766111725634694,0.5,3,-20,2,500,0.7,0.5,eq,0.5,35,0,5
5.327510845438027,-14.048893679109554,0.664380693404857,-40.645609464063334,5.883989999999999,-25.46673586198162,5.74540401856461,-20.35960299271755,0.5,3,-20,2,500,0.7,0.5,eff,0.5,6.5,5,5
5.327510845438027,-16.43988535183849,0.664380693404857,-46.39425676195488,5.883989999999999,-28.711466709673463,5.74540401856461,-22.021101801053767,0.5,3,-20,2,500,0.7,0.5,eq,0.5,35,5,5
5.327510845438027,-11.073186114760825,0.664380693404857,-37.66990189971462,5.883989999999999,-22.44394504692933,5.74540401856461,-18.811750929538906,0.5,3,-20,2,500,0.7,0.5,eff,1,35,5,5
3.7378786914194815,-18.035901907714646,0.664380693404857,-40.866140248952505,5.883989999999999,-25.690756003957873,5.74540401856461,-20.47431487989959,0.5,3,-20,2,500,0.7,0.5,eff,0.5,35,0,5
5.327510845438027,-16.43988535183849,0.664380693404857,-43.03660113679226,5.883989999999999,-27.895559094810316,5.74540401856461,-21.603307662359185,0.5,3,-20,2,500,0.7,0.5,eff,0.5,35,5,5
5.327510845438027,-11.073186114760825,0.6968241909147566,-39.699339980638186,5.883989999999999,-22.05750217613392,5.74540401856461,-18.61386876320359,0.5,3,-20,2,500,0.7,1,eq,1,6.5,5,5
3.7378786914194815,-12.85779587538116,0.6968241909147566,-37.538344188618254,5.883989999999999,-19.856805011551348,5.74540401856461,-17.486978463792656,0.5,3,-20,2,500,0.7,1,eq,1,6.5,0,5
5.327510845438027,-11.073186114760825,0.6968241909147566,-39.699339980638186,5.883989999999999,-22.05750217613392,5.74540401856461,-18.61386876320359,0.5,3,-20,2,500,0.7,1,eq,1,35,5,5
3.7378786914194815,-14.294863446949414,0.6968241909147566,-38.97541176018651,5.883989999999999,-21.320274094524244,5.74540401856461,-18.236363313117288,0.5,3,-20,2,500,0.7,1,eq,1,35,0,5
5.327510845438027,-14.048893679109554,0.6968241909147566,-42.67504754498692,5.883989999999999,-25.087878831143602,5.74540401856461,-20.16560523610389,0.5,3,-20,2,500,0.7,1,eq,0.5,6.5,5,5
3.7378786914194815,-14.936640119945,0.6968241909147566,-39.6171884331821,5.883989999999999,-21.973841357316847,5.74540401856461,-18.5710293545458,0.5,3,-20,2,500,0.7,1,eq,0.5,6.5,0,5
5.327510845438027,-11.073186114760825,0.6968241909147566,-36.492398708477886,5.883989999999999,-21.367829034732953,5.74540401856461,-18.2607143240936,0.5,3,-20,2,500,0.7,1,eff,1,6.5,5,5
5.327510845438027,-16.43988535183849,0.6968241909147566,-45.066039217715854,5.883989999999999,-27.522797314059783,5.74540401856461,-21.41243104313162,0.5,3,-20,2,500,0.7,1,eq,0.5,35,5,5
3.7378786914194815,-18.035901907714646,0.6968241909147566,-42.71645022095176,5.883989999999999,-25.130042148706647,5.74540401856461,-20.187195409580582,0.5,3,-20,2,500,0.7,1,eq,0.5,35,0,5
3.7378786914194815,-12.85779587538116,0.6968241909147566,-34.57103183991974,5.883989999999999,-19.416300655324168,5.74540401856461,-17.261413541063142,0.5,3,-20,2,500,0.7,1,eff,1,6.5,0,5
3.7378786914194815,-14.294863446949414,0.6968241909147566,-36.008099411488,5.883989999999999,-20.875927234232197,5.74540401856461,-18.008830795469997,0.5,3,-20,2,500,0.7,1,eff,1,35,0,5
3.7378786914194815,-14.936640119945,0.6968241909147566,-36.64987608448359,5.883989999999999,-21.527778481885044,5.74540401856461,-18.342618133164954,0.5,3,-20,2,500,0.7,1,eff,0.5,6.5,0,5
5.327510845438027,-14.048893679109554,0.6968241909147566,-39.4681062728266,5.883989999999999,-24.390249092011754,5.74540401856461,-19.8083765368261,0.5,3,-20,2,500,0.7,1,eff,0.5,6.5,5,5
5.327510845438027,-11.073186114760825,0.6968241909147566,-36.492398708477886,5.883989999999999,-21.367829034732953,5.74540401856461,-18.2607143240936,0.5,3,-20,2,500,0.7,1,eff,1,35,5,5
5.327510845438027,-16.43988535183849,0.6968241909147566,-41.85909794555555,5.883989999999999,-26.81877442019455,5.74540401856461,-21.051928661237397,0.5,3,-20,2,500,0.7,1,eff,0.5,35,5,5
3.7378786914194815,-18.035901907714646,0.6968241909147566,-39.74913787225322,5.883989999999999,-24.675692309988538,5.74540401856461,-19.954540760849127,0.5,3,-20,2,500,0.7,1,eff,0.5,35,0,5
5.327510845438027,-11.073186114760825,0.664380693404857,-41.02755752487721,5.883989999999999,-23.245248693452535,5.74540401856461,-19.222066951516847,0.5,3,-20,2,500,0.8,0.5,eq,1,6.5,5,5
3.7378786914194815,-12.85779587538116,0.664380693404857,-38.8099090634354,5.883989999999999,-20.986476692671456,5.74540401856461,-18.065438816930456,0.5,3,-20,2,500,0.8,0.5,eq,1,6.5,0,5
3.7378786914194815,-14.294863446949414,0.664380693404857,-40.246976635003655,5.883989999999999,-22.450192899413672,5.74540401856461,-18.814950208599356,0.5,3,-20,2,500,0.8,0.5,eq,1,35,0,5
5.327510845438027,-11.073186114760825,0.664380693404857,-41.02755752487721,5.883989999999999,-23.245248693452535,5.74540401856461,-19.222066951516847,0.5,3,-20,2,500,0.8,0.5,eq,1,35,5,5
5.327510845438027,-14.048893679109554,0.664380693404857,-44.00326508922595,5.883989999999999,-26.276137062541004,5.74540401856461,-20.77406545303284,0.5,3,-20,2,500,0.8,0.5,eq,0.5,6.5,5,5
3.7378786914194815,-14.936640119945,0.664380693404857,-40.888753307999245,5.883989999999999,-23.10387052446264,5.74540401856461,-19.149672762190264,0.5,3,-20,2,500,0.8,0.5,eq,0.5,6.5,0,5
5.327510845438027,-16.43988535183849,0.664380693404857,-46.39425676195488,5.883989999999999,-28.711466709673463,5.74540401856461,-22.021101801053767,0.5,3,-20,2,500,0.8,0.5,eq,0.5,35,5,5
3.7378786914194815,-12.85779587538116,0.664380693404857,-35.68803421661903,5.883989999999999,-20.4307191840524,5.74540401856461,-17.78085729641632,0.5,3,-20,2,500,0.8,0.5,eff,1,6.5,0,5
3.7378786914194815,-14.936640119945,0.664380693404857,-37.76687846118287,5.883989999999999,-22.54245602396455,5.74540401856461,-18.862194519049247,0.5,3,-20,2,500,0.8,0.5,eff,0.5,6.5,0,5
5.327510845438027,-11.073186114760825,0.664380693404857,-37.66990189971462,5.883989999999999,-22.44394504692933,5.74540401856461,-18.811750929538906,0.5,3,-20,2,500,0.8,0.5,eff,1,35,5,5
5.327510845438027,-16.43988535183849,0.664380693404857,-43.03660113679226,5.883989999999999,-27.895559094810316,5.74540401856461,-21.603307662359185,0.5,3,-20,2,500,0.8,0.5,eff,0.5,35,5,5
5.327510845438027,-14.048893679109554,0.664380693404857,-40.645609464063334,5.883989999999999,-25.46673586198162,5.74540401856461,-20.35960299271755,0.5,3,-20,2,500,0.8,0.5,eff,0.5,6.5,5,5
3.7378786914194815,-14.294863446949414,0.664380693404857,-37.12510178818729,5.883989999999999,-21.890524813976246,5.74540401856461,-18.528366235793236,0.5,3,-20,2,500,0.8,0.5,eff,1,35,0,5
3.7378786914194815,-18.035901907714646,0.664380693404857,-43.988015095768894,5.883989999999999,-26.26060427701406,5.74540401856461,-20.766111725634694,0.5,3,-20,2,500,0.8,0.5,eq,0.5,35,0,5
5.327510845438027,-11.073186114760825,0.664380693404857,-37.66990189971462,5.883989999999999,-22.44394504692933,5.74540401856461,-18.811750929538906,0.5,3,-20,2,500,0.8,0.5,eff,1,6.5,5,5
3.7378786914194815,-18.035901907714646,0.664380693404857,-40.866140248952505,5.883989999999999,-25.690756003957873,5.74540401856461,-20.47431487989959,0.5,3,-20,2,500,0.8,0.5,eff,0.5,35,0,5
3.7378786914194815,-12.85779587538116,0.6968241909147566,-37.538344188618254,5.883989999999999,-19.856805011551348,5.74540401856461,-17.486978463792656,0.5,3,-20,2,500,0.8,1,eq,1,6.5,0,5
5.327510845438027,-11.073186114760825,0.6968241909147566,-39.699339980638186,5.883989999999999,-22.05750217613392,5.74540401856461,-18.61386876320359,0.5,3,-20,2,500,0.8,1,eq,1,6.5,5,5
5.327510845438027,-16.43988535183849,0.6968241909147566,-45.066039217715854,5.883989999999999,-27.522797314059783,5.74540401856461,-21.41243104313162,0.5,3,-20,2,500,0.8,1,eq,0.5,35,5,5
5.327510845438027,-11.073186114760825,0.6968241909147566,-39.699339980638186,5.883989999999999,-22.05750217613392,5.74540401856461,-18.61386876320359,0.5,3,-20,2,500,0.8,1,eq,1,35,5,5
3.7378786914194815,-14.294863446949414,0.6968241909147566,-38.97541176018651,5.883989999999999,-21.320274094524244,5.74540401856461,-18.236363313117288,0.5,3,-20,2,500,0.8,1,eq,1,35,0,5
3.7378786914194815,-18.035901907714646,0.6968241909147566,-42.71645022095176,5.883989999999999,-25.130042148706647,5.74540401856461,-20.187195409580582,0.5,3,-20,2,500,0.8,1,eq,0.5,35,0,5
3.7378786914194815,-14.936640119945,0.6968241909147566,-39.6171884331821,5.883989999999999,-21.973841357316847,5.74540401856461,-18.5710293545458,0.5,3,-20,2,500,0.8,1,eq,0.5,6.5,0,5
5.327510845438027,-11.073186114760825,0.6968241909147566,-36.492398708477886,5.883989999999999,-21.367829034732953,5.74540401856461,-18.2607143240936,0.5,3,-20,2,500,0.8,1,eff,1,6.5,5,5
5.327510845438027,-14.048893679109554,0.6968241909147566,-42.67504754498692,5.883989999999999,-25.087878831143602,5.74540401856461,-20.16560523610389,0.5,3,-20,2,500,0.8,1,eq,0.5,6.5,5,5
3.7378786914194815,-12.85779587538116,0.6968241909147566,-34.57103183991974,5.883989999999999,-19.416300655324168,5.74540401856461,-17.261413541063142,0.5,3,-20,2,500,0.8,1,eff,1,6.5,0,5
5.327510845438027,-11.073186114760825,0.6968241909147566,-36.492398708477886,5.883989999999999,-21.367829034732953,5.74540401856461,-18.2607143240936,0.5,3,-20,2,500,0.8,1,eff,1,35,5,5
3.7378786914194815,-14.936640119945,0.6968241909147566,-36.64987608448359,5.883989999999999,-21.527778481885044,5.74540401856461,-18.342618133164954,0.5,3,-20,2,500,0.8,1,eff,0.5,6.5,0,5
5.327510845438027,-14.048893679109554,0.6968241909147566,-39.4681062728266,5.883989999999999,-24.390249092011754,5.74540401856461,-19.8083765368261,0.5,3,-20,2,500,0.8,1,eff,0.5,6.5,5,5
5.327510845438027,-16.43988535183849,0.6968241909147566,-41.85909794555555,5.883989999999999,-26.81877442019455,5.74540401856461,-21.051928661237397,0.5,3,-20,2,500,0.8,1,eff,0.5,35,5,5
3.7378786914194815,-14.294863446949414,0.6968241909147566,-36.008099411488,5.883989999999999,-20.875927234232197,5.74540401856461,-18.008830795469997,0.5,3,-20,2,500,0.8,1,eff,1,35,0,5
5.327510845438027,-11.073186114760825,0.664380693404857,-41.02755752487721,19.613300000000002,-23.246754517399445,12.610059018564613,-21.413374835834944,0.5,3,-20,10,400,0.7,0.5,eq,1,6.5,5,5
5.327510845438027,-11.073186114760825,0.664380693404857,-41.02755752487721,19.613300000000002,-23.246754517399445,12.610059018564613,-21.413374835834944,0.5,3,-20,10,400,0.7,0.5,eq,1,35,5,5
3.7378786914194815,-18.035901907714646,0.6968241909147566,-39.74913787225322,5.883989999999999,-24.675692309988538,5.74540401856461,-19.954540760849127,0.5,3,-20,2,500,0.8,1,eff,0.5,35,0,5
3.7378786914194815,-12.85779587538116,0.664380693404857,-38.8099090634354,19.613300000000002,-20.987982516428005,12.610059018564613,-19.656762403592154,0.5,3,-20,10,400,0.7,0.5,eq,1,6.5,0,5
3.7378786914194815,-14.294863446949414,0.664380693404857,-40.246976635003655,19.613300000000002,-22.451698723366153,12.610059018564613,-20.795072106951864,0.5,3,-20,10,400,0.7,0.5,eq,1,35,0,5
5.327510845438027,-14.048893679109554,0.664380693404857,-44.00326508922595,19.613300000000002,-26.2776428864927,12.610059018564613,-23.770450356338955,0.5,3,-20,10,400,0.7,0.5,eq,0.5,6.5,5,5
5.327510845438027,-16.43988535183849,0.664380693404857,-46.39425676195488,19.613300000000002,-28.71297253362948,12.610059018564613,-25.664368969164908,0.5,3,-20,10,400,0.7,0.5,eq,0.5,35,5,5
3.7378786914194815,-18.035901907714646,0.664380693404857,-43.988015095768894,19.613300000000002,-26.262110101001543,12.610059018564613,-23.758370746670643,0.5,3,-20,10,400,0.7,0.5,eq,0.5,35,0,5
5.327510845438027,-11.073186114760825,0.664380693404857,-37.66990189971462,19.613300000000002,-22.4452264646973,12.610059018564613,-20.790038730392425,0.5,3,-20,10,400,0.7,0.5,eff,1,6.5,5,5
3.7378786914194815,-14.936640119945,0.664380693404857,-40.888753307999245,19.613300000000002,-23.105376348445795,12.610059018564613,-21.303427196531445,0.5,3,-20,10,400,0.7,0.5,eq,0.5,6.5,0,5
3.7378786914194815,-12.85779587538116,0.664380693404857,-35.68803421661903,19.613300000000002,-20.432000601766507,12.610059018564613,-19.22438377353275,0.5,3,-20,10,400,0.7,0.5,eff,1,6.5,0,5
3.7378786914194815,-14.936640119945,0.664380693404857,-37.76687846118287,19.613300000000002,-22.543737441733583,12.610059018564613,-20.866649210290355,0.5,3,-20,10,400,0.7,0.5,eff,0.5,6.5,0,5
5.327510845438027,-11.073186114760825,0.664380693404857,-37.66990189971462,19.613300000000002,-22.4452264646973,12.610059018564613,-20.790038730392425,0.5,3,-20,10,400,0.7,0.5,eff,1,35,5,5
5.327510845438027,-14.048893679109554,0.664380693404857,-40.645609464063334,19.613300000000002,-25.468017279574052,12.610059018564613,-23.140816906852212,0.5,3,-20,10,400,0.7,0.5,eff,0.5,6.5,5,5
3.7378786914194815,-14.294863446949414,0.664380693404857,-37.12510178818729,19.613300000000002,-21.891806231902304,12.610059018564613,-20.35965228113412,0.5,3,-20,10,400,0.7,0.5,eff,1,35,0,5
5.327510845438027,-16.43988535183849,0.664380693404857,-43.03660113679226,19.613300000000002,-27.89684051275405,12.610059018564613,-25.029675581074162,0.5,3,-20,10,400,0.7,0.5,eff,0.5,35,5,5
3.7378786914194815,-18.035901907714646,0.664380693404857,-40.866140248952505,19.613300000000002,-25.69203742154546,12.610059018564613,-23.31503394438006,0.5,3,-20,10,400,0.7,0.5,eff,0.5,35,0,5
5.327510845438027,-11.073186114760825,0.6968241909147566,-39.699339980638186,19.613300000000002,-22.058924336289998,12.610059018564613,-20.48961747447542,0.5,3,-20,10,400,0.7,1,eq,1,6.5,5,5
3.7378786914194815,-12.85779587538116,0.6968241909147566,-37.538344188618254,19.613300000000002,-19.85822717144836,12.610059018564613,-18.778168953907826,0.5,3,-20,10,400,0.7,1,eq,1,6.5,0,5
5.327510845438027,-11.073186114760825,0.6968241909147566,-39.699339980638186,19.613300000000002,-22.058924336289998,12.610059018564613,-20.48961747447542,0.5,3,-20,10,400,0.7,1,eq,1,35,5,5
3.7378786914194815,-14.294863446949414,0.6968241909147566,-38.97541176018651,19.613300000000002,-21.32169625467668,12.610059018564613,-19.916286472938637,0.5,3,-20,10,400,0.7,1,eq,1,35,0,5
3.7378786914194815,-18.035901907714646,0.6968241909147566,-42.71645022095176,19.613300000000002,-25.131464308573754,12.610059018564613,-22.879084809627194,0.5,3,-20,10,400,0.7,1,eq,0.5,35,0,5
5.327510845438027,-14.048893679109554,0.6968241909147566,-42.67504754498692,19.613300000000002,-25.089300991338888,12.610059018564613,-22.846295042794896,0.5,3,-20,10,400,0.7,1,eq,0.5,6.5,5,5
5.327510845438027,-11.073186114760825,0.6968241909147566,-36.492398708477886,19.613300000000002,-21.369041021579463,12.610059018564613,-19.953105773915958,0.5,3,-20,10,400,0.7,1,eff,1,6.5,5,5
5.327510845438027,-16.43988535183849,0.6968241909147566,-45.066039217715854,19.613300000000002,-27.524219473901834,12.610059018564613,-24.73989389922149,0.5,3,-20,10,400,0.7,1,eq,0.5,35,5,5
3.7378786914194815,-12.85779587538116,0.6968241909147566,-34.57103183991974,19.613300000000002,-19.417512642013644,12.610059018564613,-18.435432006069675,0.5,3,-20,10,400,0.7,1,eff,1,6.5,0,5
3.7378786914194815,-14.936640119945,0.6968241909147566,-39.6171884331821,19.613300000000002,-21.975263517479455,12.610059018564613,-20.424555735463645,0.5,3,-20,10,400,0.7,1,eq,0.5,6.5,0,5
5.327510845438027,-11.073186114760825,0.6968241909147566,-36.492398708477886,19.613300000000002,-21.369041021579463,12.610059018564613,-19.953105773915958,0.5,3,-20,10,400,0.7,1,eff,1,35,5,5
3.7378786914194815,-14.936640119945,0.6968241909147566,-36.64987608448359,19.613300000000002,-21.52899046873391,12.610059018564613,-20.077496012187446,0.5,3,-20,10,400,0.7,1,eff,0.5,6.5,0,5
5.327510845438027,-14.048893679109554,0.6968241909147566,-39.4681062728266,19.613300000000002,-24.3914610788998,12.610059018564613,-22.30359561789552,0.5,3,-20,10,400,0.7,1,eff,0.5,6.5,5,5
3.7378786914194815,-14.294863446949414,0.6968241909147566,-36.008099411488,19.613300000000002,-20.877139220849607,12.610059018564613,-19.570561268214103,0.5,3,-20,10,400,0.7,1,eff,1,35,0,5
3.7378786914194815,-12.85779587538116,0.664380693404857,-38.8099090634354,19.613300000000002,-20.987982516428005,12.610059018564613,-19.656762403592154,0.5,3,-20,10,400,0.8,0.5,eq,1,6.5,0,5
5.327510845438027,-11.073186114760825,0.664380693404857,-41.02755752487721,19.613300000000002,-23.246754517399445,12.610059018564613,-21.413374835834944,0.5,3,-20,10,400,0.8,0.5,eq,1,6.5,5,5
5.327510845438027,-16.43988535183849,0.6968241909147566,-41.85909794555555,19.613300000000002,-26.819986406735765,12.610059018564613,-24.19222261568843,0.5,3,-20,10,400,0.7,1,eff,0.5,35,5,5
5.327510845438027,-11.073186114760825,0.664380693404857,-41.02755752487721,19.613300000000002,-23.246754517399445,12.610059018564613,-21.413374835834944,0.5,3,-20,10,400,0.8,0.5,eq,1,35,5,5
3.7378786914194815,-18.035901907714646,0.6968241909147566,-39.74913787225322,19.613300000000002,-24.67690429688009,12.610059018564613,-22.52558044203368,0.5,3,-20,10,400,0.7,1,eff,0.5,35,0,5
5.327510845438027,-14.048893679109554,0.664380693404857,-44.00326508922595,19.613300000000002,-26.2776428864927,12.610059018564613,-23.770450356338955,0.5,3,-20,10,400,0.8,0.5,eq,0.5,6.5,5,5
3.7378786914194815,-14.294863446949414,0.664380693404857,-40.246976635003655,19.613300000000002,-22.451698723366153,12.610059018564613,-20.795072106951864,0.5,3,-20,10,400,0.8,0.5,eq,1,35,0,5
3.7378786914194815,-14.936640119945,0.664380693404857,-40.888753307999245,19.613300000000002,-23.105376348445795,12.610059018564613,-21.303427196531445,0.5,3,-20,10,400,0.8,0.5,eq,0.5,6.5,0,5
3.7378786914194815,-18.035901907714646,0.664380693404857,-43.988015095768894,19.613300000000002,-26.262110101001543,12.610059018564613,-23.758370746670643,0.5,3,-20,10,400,0.8,0.5,eq,0.5,35,0,5
5.327510845438027,-16.43988535183849,0.664380693404857,-46.39425676195488,19.613300000000002,-28.71297253362948,12.610059018564613,-25.664368969164908,0.5,3,-20,10,400,0.8,0.5,eq,0.5,35,5,5
5.327510845438027,-11.073186114760825,0.664380693404857,-37.66990189971462,19.613300000000002,-22.4452264646973,12.610059018564613,-20.790038730392425,0.5,3,-20,10,400,0.8,0.5,eff,1,6.5,5,5
5.327510845438027,-11.073186114760825,0.664380693404857,-37.66990189971462,19.613300000000002,-22.4452264646973,12.610059018564613,-20.790038730392425,0.5,3,-20,10,400,0.8,0.5,eff,1,35,5,5
3.7378786914194815,-12.85779587538116,0.664380693404857,-35.68803421661903,19.613300000000002,-20.432000601766507,12.610059018564613,-19.22438377353275,0.5,3,-20,10,400,0.8,0.5,eff,1,6.5,0,5
3.7378786914194815,-14.294863446949414,0.664380693404857,-37.12510178818729,19.613300000000002,-21.891806231902304,12.610059018564613,-20.35965228113412,0.5,3,-20,10,400,0.8,0.5,eff,1,35,0,5
3.7378786914194815,-14.936640119945,0.664380693404857,-37.76687846118287,19.613300000000002,-22.543737441733583,12.610059018564613,-20.866649210290355,0.5,3,-20,10,400,0.8,0.5,eff,0.5,6.5,0,5
5.327510845438027,-14.048893679109554,0.664380693404857,-40.645609464063334,19.613300000000002,-25.468017279574052,12.610059018564613,-23.140816906852212,0.5,3,-20,10,400,0.8,0.5,eff,0.5,6.5,5,5
3.7378786914194815,-18.035901907714646,0.664380693404857,-40.866140248952505,19.613300000000002,-25.69203742154546,12.610059018564613,-23.31503394438006,0.5,3,-20,10,400,0.8,0.5,eff,0.5,35,0,5
5.327510845438027,-11.073186114760825,0.6968241909147566,-39.699339980638186,19.613300000000002,-22.058924336289998,12.610059018564613,-20.48961747447542,0.5,3,-20,10,400,0.8,1,eq,1,6.5,5,5
3.7378786914194815,-14.294863446949414,0.6968241909147566,-38.97541176018651,19.613300000000002,-21.32169625467668,12.610059018564613,-19.916286472938637,0.5,3,-20,10,400,0.8,1,eq,1,35,0,5
3.7378786914194815,-12.85779587538116,0.6968241909147566,-37.538344188618254,19.613300000000002,-19.85822717144836,12.610059018564613,-18.778168953907826,0.5,3,-20,10,400,0.8,1,eq,1,6.5,0,5
5.327510845438027,-16.43988535183849,0.664380693404857,-43.03660113679226,19.613300000000002,-27.89684051275405,12.610059018564613,-25.029675581074162,0.5,3,-20,10,400,0.8,0.5,eff,0.5,35,5,5
5.327510845438027,-14.048893679109554,0.6968241909147566,-42.67504754498692,19.613300000000002,-25.089300991338888,12.610059018564613,-22.846295042794896,0.5,3,-20,10,400,0.8,1,eq,0.5,6.5,5,5
5.327510845438027,-11.073186114760825,0.6968241909147566,-39.699339980638186,19.613300000000002,-22.058924336289998,12.610059018564613,-20.48961747447542,0.5,3,-20,10,400,0.8,1,eq,1,35,5,5
3.7378786914194815,-14.936640119945,0.6968241909147566,-39.6171884331821,19.613300000000002,-21.975263517479455,12.610059018564613,-20.424555735463645,0.5,3,-20,10,400,0.8,1,eq,0.5,6.5,0,5
5.327510845438027,-16.43988535183849,0.6968241909147566,-45.066039217715854,19.613300000000002,-27.524219473901834,12.610059018564613,-24.73989389922149,0.5,3,-20,10,400,0.8,1,eq,0.5,35,5,5
3.7378786914194815,-12.85779587538116,0.6968241909147566,-34.57103183991974,19.613300000000002,-19.417512642013644,12.610059018564613,-18.435432006069675,0.5,3,-20,10,400,0.8,1,eff,1,6.5,0,5
3.7378786914194815,-18.035901907714646,0.6968241909147566,-42.71645022095176,19.613300000000002,-25.131464308573754,12.610059018564613,-22.879084809627194,0.5,3,-20,10,400,0.8,1,eq,0.5,35,0,5
5.327510845438027,-11.073186114760825,0.6968241909147566,-36.492398708477886,19.613300000000002,-21.369041021579463,12.610059018564613,-19.953105773915958,0.5,3,-20,10,400,0.8,1,eff,1,6.5,5,5
3.7378786914194815,-14.294863446949414,0.6968241909147566,-36.008099411488,19.613300000000002,-20.877139220849607,12.610059018564613,-19.570561268214103,0.5,3,-20,10,400,0.8,1,eff,1,35,0,5
5.327510845438027,-14.048893679109554,0.6968241909147566,-39.4681062728266,19.613300000000002,-24.3914610788998,12.610059018564613,-22.30359561789552,0.5,3,-20,10,400,0.8,1,eff,0.5,6.5,5,5
5.327510845438027,-11.073186114760825,0.6968241909147566,-36.492398708477886,19.613300000000002,-21.369041021579463,12.610059018564613,-19.953105773915958,0.5,3,-20,10,400,0.8,1,eff,1,35,5,5
3.7378786914194815,-14.936640119945,0.6968241909147566,-36.64987608448359,19.613300000000002,-21.52899046873391,12.610059018564613,-20.077496012187446,0.5,3,-20,10,400,0.8,1,eff,0.5,6.5,0,5
5.327510845438027,-16.43988535183849,0.6968241909147566,-41.85909794555555,19.613300000000002,-26.819986406735765,12.610059018564613,-24.19222261568843,0.5,3,-20,10,400,0.8,1,eff,0.5,35,5,5
3.7378786914194815,-14.294863446949414,0.664380693404857,-40.246976635003655,29.41995,-22.452774311854355,17.51338401856461,-21.259791008511385,0.5,3,-20,10,500,0.7,0.5,eq,1,35,0,5
5.327510845438027,-11.073186114760825,0.664380693404857,-41.02755752487721,29.41995,-23.247830105883697,17.51338401856461,-21.927580331316364,0.5,3,-20,10,500,0.7,0.5,eq,1,6.5,5,5
3.7378786914194815,-18.035901907714646,0.6968241909147566,-39.74913787225322,19.613300000000002,-24.67690429688009,12.610059018564613,-22.52558044203368,0.5,3,-20,10,400,0.8,1,eff,0.5,35,0,5
3.7378786914194815,-12.85779587538116,0.664380693404857,-38.8099090634354,29.41995,-20.989058105101265,17.51338401856461,-20.030375335012394,0.5,3,-20,10,500,0.7,0.5,eq,1,6.5,0,5
3.7378786914194815,-18.035901907714646,0.664380693404857,-43.988015095768894,29.41995,-26.263185689457558,17.51338401856461,-24.460260777508847,0.5,3,-20,10,500,0.7,0.5,eq,0.5,35,0,5
5.327510845438027,-16.43988535183849,0.664380693404857,-46.39425676195488,29.41995,-28.714048122107393,17.51338401856461,-26.518807833549097,0.5,3,-20,10,500,0.7,0.5,eq,0.5,35,5,5
5.327510845438027,-14.048893679109554,0.664380693404857,-44.00326508922595,29.41995,-26.278718474973807,17.51338401856461,-24.473307193117687,0.5,3,-20,10,500,0.7,0.5,eq,0.5,6.5,5,5
5.327510845438027,-11.073186114760825,0.664380693404857,-37.66990189971462,29.41995,-22.44614176312486,17.51338401856461,-21.254220147626235,0.5,3,-20,10,500,0.7,0.5,eff,1,6.5,5,5
5.327510845438027,-11.073186114760825,0.664380693404857,-41.02755752487721,29.41995,-23.247830105883697,17.51338401856461,-21.927580331316364,0.5,3,-20,10,500,0.7,0.5,eq,1,35,5,5
3.7378786914194815,-14.936640119945,0.664380693404857,-40.888753307999245,29.41995,-23.1064519369034,17.51338401856461,-21.808832901976327,0.5,3,-20,10,500,0.7,0.5,eq,0.5,6.5,0,5
3.7378786914194815,-12.85779587538116,0.664380693404857,-35.68803421661903,29.41995,-20.432915900247977,17.51338401856461,-19.56325613513854,0.5,3,-20,10,500,0.7,0.5,eff,1,6.5,0,5
5.327510845438027,-11.073186114760825,0.664380693404857,-37.66990189971462,29.41995,-22.44614176312486,17.51338401856461,-21.254220147626235,0.5,3,-20,10,500,0.7,0.5,eff,1,35,5,5
3.7378786914194815,-14.294863446949414,0.664380693404857,-37.12510178818729,29.41995,-21.892721530171666,17.51338401856461,-20.789387207138855,0.5,3,-20,10,500,0.7,0.5,eff,1,35,0,5
5.327510845438027,-14.048893679109554,0.664380693404857,-40.645609464063334,29.41995,-25.468932578176684,17.51338401856461,-23.79314565011681,0.5,3,-20,10,500,0.7,0.5,eff,0.5,6.5,5,5
3.7378786914194815,-14.936640119945,0.664380693404857,-37.76687846118287,29.41995,-22.54465274016011,17.51338401856461,-21.33696223835413,0.5,3,-20,10,500,0.7,0.5,eff,0.5,6.5,0,5
5.327510845438027,-16.43988535183849,0.664380693404857,-43.03660113679226,29.41995,-27.89775581100588,17.51338401856461,-25.833181373450476,0.5,3,-20,10,500,0.7,0.5,eff,0.5,35,5,5
5.327510845438027,-11.073186114760825,0.6968241909147566,-39.699339980638186,29.41995,-22.05994016466247,17.51338401856461,-20.929838757238308,0.5,3,-20,10,500,0.7,1,eq,1,35,5,5
3.7378786914194815,-12.85779587538116,0.6968241909147566,-37.538344188618254,29.41995,-19.859243000056935,17.51338401856461,-19.08141242000938,0.5,3,-20,10,500,0.7,1,eq,1,6.5,0,5
3.7378786914194815,-18.035901907714646,0.664380693404857,-40.866140248952505,29.41995,-25.692952720152945,17.51338401856461,-23.981306355350675,0.5,3,-20,10,500,0.7,0.5,eff,0.5,35,0,5
5.327510845438027,-11.073186114760825,0.6968241909147566,-39.699339980638186,29.41995,-22.05994016466247,17.51338401856461,-20.929838757238308,0.5,3,-20,10,500,0.7,1,eq,1,6.5,5,5
5.327510845438027,-14.048893679109554,0.6968241909147566,-42.67504754498692,29.41995,-25.090316819842197,17.51338401856461,-23.475135816391713,0.5,3,-20,10,500,0.7,1,eq,0.5,6.5,5,5
3.7378786914194815,-14.936640119945,0.6968241909147566,-39.6171884331821,29.41995,-21.976279345852152,17.51338401856461,-20.859569724601457,0.5,3,-20,10,500,0.7,1,eq,0.5,6.5,0,5
3.7378786914194815,-14.294863446949414,0.6968241909147566,-38.97541176018651,29.41995,-21.32271208308398,17.51338401856461,-20.310620527464906,0.5,3,-20,10,500,0.7,1,eq,1,35,0,5
5.327510845438027,-16.43988535183849,0.6968241909147566,-45.066039217715854,29.41995,-27.52523530240993,17.51338401856461,-25.52029110834686,0.5,3,-20,10,500,0.7,1,eq,0.5,35,5,5
5.327510845438027,-11.073186114760825,0.6968241909147566,-36.492398708477886,29.41995,-21.369906726266667,17.51338401856461,-20.350260611906144,0.5,3,-20,10,500,0.7,1,eff,1,6.5,5,5
3.7378786914194815,-12.85779587538116,0.6968241909147566,-34.57103183991974,29.41995,-19.418378346903943,17.51338401856461,-18.711118020058425,0.5,3,-20,10,500,0.7,1,eff,1,6.5,0,5
3.7378786914194815,-18.035901907714646,0.6968241909147566,-42.71645022095176,29.41995,-25.13248013741429,17.51338401856461,-23.51054995147528,0.5,3,-20,10,500,0.7,1,eq,0.5,35,0,5
5.327510845438027,-11.073186114760825,0.6968241909147566,-36.492398708477886,29.41995,-21.369906726266667,17.51338401856461,-20.350260611906144,0.5,3,-20,10,500,0.7,1,eff,1,35,5,5
3.7378786914194815,-14.294863446949414,0.6968241909147566,-36.008099411488,29.41995,-20.87800492576579,17.51338401856461,-19.93709870212601,0.5,3,-20,10,500,0.7,1,eff,1,35,0,5
5.327510845438027,-14.048893679109554,0.6968241909147566,-39.4681062728266,29.41995,-24.392326783545435,17.51338401856461,-22.888874704701912,0.5,3,-20,10,500,0.7,1,eff,0.5,6.5,5,5
3.7378786914194815,-14.936640119945,0.6968241909147566,-36.64987608448359,29.41995,-21.52985617341859,17.51338401856461,-20.484606570766893,0.5,3,-20,10,500,0.7,1,eff,0.5,6.5,0,5
5.327510845438027,-16.43988535183849,0.6968241909147566,-41.85909794555555,29.41995,-26.820852111728236,17.51338401856461,-24.92866020969442,0.5,3,-20,10,500,0.7,1,eff,0.5,35,5,5
5.327510845438027,-11.073186114760825,0.664380693404857,-41.02755752487721,29.41995,-23.247830105883697,17.51338401856461,-21.927580331316364,0.5,3,-20,10,500,0.8,0.5,eq,1,6.5,5,5
3.7378786914194815,-12.85779587538116,0.664380693404857,-38.8099090634354,29.41995,-20.989058105101265,17.51338401856461,-20.030375335012394,0.5,3,-20,10,500,0.8,0.5,eq,1,6.5,0,5
3.7378786914194815,-18.035901907714646,0.6968241909147566,-39.74913787225322,29.41995,-24.67777000152217,17.51338401856461,-23.1286263481254,0.5,3,-20,10,500,0.7,1,eff,0.5,35,0,5
5.327510845438027,-11.073186114760825,0.664380693404857,-41.02755752487721,29.41995,-23.247830105883697,17.51338401856461,-21.927580331316364,0.5,3,-20,10,500,0.8,0.5,eq,1,35,5,5
3.7378786914194815,-14.294863446949414,0.664380693404857,-40.246976635003655,29.41995,-22.452774311854355,17.51338401856461,-21.259791008511385,0.5,3,-20,10,500,0.8,0.5,eq,1,35,0,5
3.7378786914194815,-14.936640119945,0.664380693404857,-40.888753307999245,29.41995,-23.1064519369034,17.51338401856461,-21.808832901976327,0.5,3,-20,10,500,0.8,0.5,eq,0.5,6.5,0,5
5.327510845438027,-16.43988535183849,0.664380693404857,-46.39425676195488,29.41995,-28.714048122107393,17.51338401856461,-26.518807833549097,0.5,3,-20,10,500,0.8,0.5,eq,0.5,35,5,5
5.327510845438027,-14.048893679109554,0.664380693404857,-44.00326508922595,29.41995,-26.278718474973807,17.51338401856461,-24.473307193117687,0.5,3,-20,10,500,0.8,0.5,eq,0.5,6.5,5,5
3.7378786914194815,-12.85779587538116,0.664380693404857,-35.68803421661903,29.41995,-20.432915900247977,17.51338401856461,-19.56325613513854,0.5,3,-20,10,500,0.8,0.5,eff,1,6.5,0,5
3.7378786914194815,-18.035901907714646,0.664380693404857,-43.988015095768894,29.41995,-26.263185689457558,17.51338401856461,-24.460260777508847,0.5,3,-20,10,500,0.8,0.5,eq,0.5,35,0,5
5.327510845438027,-11.073186114760825,0.664380693404857,-37.66990189971462,29.41995,-22.44614176312486,17.51338401856461,-21.254220147626235,0.5,3,-20,10,500,0.8,0.5,eff,1,35,5,5
5.327510845438027,-11.073186114760825,0.664380693404857,-37.66990189971462,29.41995,-22.44614176312486,17.51338401856461,-21.254220147626235,0.5,3,-20,10,500,0.8,0.5,eff,1,6.5,5,5
3.7378786914194815,-14.294863446949414,0.664380693404857,-37.12510178818729,29.41995,-21.892721530171666,17.51338401856461,-20.789387207138855,0.5,3,-20,10,500,0.8,0.5,eff,1,35,0,5
5.327510845438027,-14.048893679109554,0.664380693404857,-40.645609464063334,29.41995,-25.468932578176684,17.51338401856461,-23.79314565011681,0.5,3,-20,10,500,0.8,0.5,eff,0.5,6.5,5,5
5.327510845438027,-16.43988535183849,0.664380693404857,-43.03660113679226,29.41995,-27.89775581100588,17.51338401856461,-25.833181373450476,0.5,3,-20,10,500,0.8,0.5,eff,0.5,35,5,5
3.7378786914194815,-14.936640119945,0.664380693404857,-37.76687846118287,29.41995,-22.54465274016011,17.51338401856461,-21.33696223835413,0.5,3,-20,10,500,0.8,0.5,eff,0.5,6.5,0,5
3.7378786914194815,-18.035901907714646,0.664380693404857,-40.866140248952505,29.41995,-25.692952720152945,17.51338401856461,-23.981306355350675,0.5,3,-20,10,500,0.8,0.5,eff,0.5,35,0,5
3.7378786914194815,-12.85779587538116,0.6968241909147566,-37.538344188618254,29.41995,-19.859243000056935,17.51338401856461,-19.08141242000938,0.5,3,-20,10,500,0.8,1,eq,1,6.5,0,5
5.327510845438027,-11.073186114760825,0.6968241909147566,-39.699339980638186,29.41995,-22.05994016466247,17.51338401856461,-20.929838757238308,0.5,3,-20,10,500,0.8,1,eq,1,6.5,5,5
3.7378786914194815,-14.936640119945,0.6968241909147566,-39.6171884331821,29.41995,-21.976279345852152,17.51338401856461,-20.859569724601457,0.5,3,-20,10,500,0.8,1,eq,0.5,6.5,0,5
5.327510845438027,-11.073186114760825,0.6968241909147566,-36.492398708477886,29.41995,-21.369906726266667,17.51338401856461,-20.350260611906144,0.5,3,-20,10,500,0.8,1,eff,1,6.5,5,5
3.7378786914194815,-14.294863446949414,0.6968241909147566,-36.008099411488,29.41995,-20.87800492576579,17.51338401856461,-19.93709870212601,0.5,3,-20,10,500,0.8,1,eff,1,35,0,5
3.7378786914194815,-14.294863446949414,0.6968241909147566,-38.97541176018651,29.41995,-21.32271208308398,17.51338401856461,-20.310620527464906,0.5,3,-20,10,500,0.8,1,eq,1,35,0,5
5.327510845438027,-14.048893679109554,0.6968241909147566,-42.67504754498692,29.41995,-25.090316819842197,17.51338401856461,-23.475135816391713,0.5,3,-20,10,500,0.8,1,eq,0.5,6.5,5,5
5.327510845438027,-11.073186114760825,0.6968241909147566,-39.699339980638186,29.41995,-22.05994016466247,17.51338401856461,-20.929838757238308,0.5,3,-20,10,500,0.8,1,eq,1,35,5,5
3.7378786914194815,-18.035901907714646,0.6968241909147566,-42.71645022095176,29.41995,-25.13248013741429,17.51338401856461,-23.51054995147528,0.5,3,-20,10,500,0.8,1,eq,0.5,35,0,5
5.327510845438027,-16.43988535183849,0.6968241909147566,-45.066039217715854,29.41995,-27.52523530240993,17.51338401856461,-25.52029110834686,0.5,3,-20,10,500,0.8,1,eq,0.5,35,5,5
3.7378786914194815,-12.85779587538116,0.6968241909147566,-34.57103183991974,29.41995,-19.418378346903943,17.51338401856461,-18.711118020058425,0.5,3,-20,10,500,0.8,1,eff,1,6.5,0,5
5.327510845438027,-11.073186114760825,0.6968241909147566,-36.492398708477886,29.41995,-21.369906726266667,17.51338401856461,-20.350260611906144,0.5,3,-20,10,500,0.8,1,eff,1,35,5,5
5.327510845438027,-14.048893679109554,0.6968241909147566,-39.4681062728266,29.41995,-24.392326783545435,17.51338401856461,-22.888874704701912,0.5,3,-20,10,500,0.8,1,eff,0.5,6.5,5,5
3.7378786914194815,-14.936640119945,0.6968241909147566,-36.64987608448359,29.41995,-21.52985617341859,17.51338401856461,-20.484606570766893,0.5,3,-20,10,500,0.8,1,eff,0.5,6.5,0,5
5.327510845438027,-16.43988535183849,0.6968241909147566,-41.85909794555555,29.41995,-26.820852111728236,17.51338401856461,-24.92866020969442,0.5,3,-20,10,500,0.8,1,eff,0.5,35,5,5
3.7378786914194815,-18.035901907714646,0.6968241909147566,-39.74913787225322,29.41995,-24.67777000152217,17.51338401856461,-23.1286263481254,0.5,3,-20,10,500,0.8,1,eff,0.5,35,0,5
5.327510845438027,-11.073186114760825,1.6648435882347152,-25.825172705597662,3.9226599999999996,-11.110906234979572,4.764739018564611,-13.399115619044943,0.5,3,-10,2,400,0.7,0.5,eq,1,6.5,5,5
5.327510845438027,-11.073186114760825,1.6648435882347152,-25.825172705597662,3.9226599999999996,-11.110906234979572,4.764739018564611,-13.399115619044943,0.5,3,-10,2,400,0.7,0.5,eq,1,35,5,5
3.7378786914194815,-12.85779587538116,1.6648435882347152,-23.607524244155858,3.9226599999999996,-8.859761342884813,4.764739018564611,-12.472467172192081,0.5,3,-10,2,400,0.7,0.5,eq,1,6.5,0,5
5.327510845438027,-14.048893679109554,1.6648435882347152,-28.800880269946397,3.9226599999999996,-14.131560319680725,4.764739018564611,-14.642520442029628,0.5,3,-10,2,400,0.7,0.5,eq,0.5,6.5,5,5
3.7378786914194815,-14.294863446949414,1.6648435882347152,-25.04459181572411,3.9226599999999996,-10.318535075343899,4.764739018564611,-13.072948473168978,0.5,3,-10,2,400,0.7,0.5,eq,1,35,0,5
5.327510845438027,-11.073186114760825,1.6648435882347152,-24.512949812645264,3.9226599999999996,-11.512138496400974,4.764739018564611,-13.564276579220769,0.5,3,-10,2,400,0.7,0.5,eff,1,6.5,5,5
3.7378786914194815,-14.936640119945,1.6648435882347152,-25.686368488719694,3.9226599999999996,-10.970005452267587,4.764739018564611,-13.341116024296994,0.5,3,-10,2,400,0.7,0.5,eq,0.5,6.5,0,5
5.327510845438027,-16.43988535183849,1.6648435882347152,-31.19187194267533,3.9226599999999996,-16.558666682505766,4.764739018564611,-15.641600665322496,0.5,3,-10,2,400,0.7,0.5,eq,0.5,35,5,5
3.7378786914194815,-12.85779587538116,1.6648435882347152,-22.531082129549677,3.9226599999999996,-9.5038572067187,4.764739018564611,-12.737599120802745,0.5,3,-10,2,400,0.7,0.5,eff,1,6.5,0,5
3.7378786914194815,-18.035901907714646,1.6648435882347152,-28.785630276489343,3.9226599999999996,-14.116079983060706,4.764739018564611,-14.636148204535626,0.5,3,-10,2,400,0.7,0.5,eq,0.5,35,0,5
3.7378786914194815,-14.294863446949414,1.6648435882347152,-23.968149701117934,3.9226599999999996,-10.960077488551848,4.764739018564611,-13.337029333924445,0.5,3,-10,2,400,0.7,0.5,eff,1,35,0,5
5.327510845438027,-11.073186114760825,1.6648435882347152,-24.512949812645264,3.9226599999999996,-11.512138496400974,4.764739018564611,-13.564276579220769,0.5,3,-10,2,400,0.7,0.5,eff,1,35,5,5
5.327510845438027,-14.048893679109554,1.6648435882347152,-27.488657376993988,3.9226599999999996,-14.527505201047457,4.764739018564611,-14.805504935229585,0.5,3,-10,2,400,0.7,0.5,eff,0.5,6.5,5,5
3.7378786914194815,-14.936640119945,1.6648435882347152,-24.60992637411352,3.9226599999999996,-11.61040752594259,4.764739018564611,-13.604727482189439,0.5,3,-10,2,400,0.7,0.5,eff,0.5,6.5,0,5
5.327510845438027,-16.43988535183849,1.6648435882347152,-29.87964904972292,3.9226599999999996,-16.950363135037957,4.764739018564611,-15.802836359502637,0.5,3,-10,2,400,0.7,0.5,eff,0.5,35,5,5
3.7378786914194815,-18.035901907714646,1.6648435882347152,-27.709188161883162,3.9226599999999996,-14.750975139569766,4.764739018564611,-14.8974928264477,0.5,3,-10,2,400,0.7,0.5,eff,0.5,35,0,5
3.7378786914194815,-12.85779587538116,1.7398467296524174,-22.808939277773465,3.9226599999999996,-8.217148183784106,4.764739018564611,-12.207945555703038,0.5,3,-10,2,400,0.7,1,eq,1,6.5,0,5
5.327510845438027,-11.073186114760825,1.7398467296524174,-24.969935069793394,3.9226599999999996,-10.410413084000902,4.764739018564611,-13.11076861274374,0.5,3,-10,2,400,0.7,1,eq,1,6.5,5,5
5.327510845438027,-14.048893679109554,1.7398467296524174,-27.945642634142125,3.9226599999999996,-13.430555454437956,4.764739018564611,-14.353962796586739,0.5,3,-10,2,400,0.7,1,eq,0.5,6.5,5,5
5.327510845438027,-11.073186114760825,1.7398467296524174,-24.969935069793394,3.9226599999999996,-10.410413084000902,4.764739018564611,-13.11076861274374,0.5,3,-10,2,400,0.7,1,eq,1,35,5,5
3.7378786914194815,-14.294863446949414,1.7398467296524174,-24.24600684934172,3.9226599999999996,-9.675674792514757,4.764739018564611,-12.808325132077748,0.5,3,-10,2,400,0.7,1,eq,1,35,0,5
5.327510845438027,-16.43988535183849,1.7398467296524174,-30.336634306871055,3.9226599999999996,-15.857250652972846,4.764739018564611,-15.352873770555831,0.5,3,-10,2,400,0.7,1,eq,0.5,35,5,5
3.7378786914194815,-18.035901907714646,1.7398467296524174,-27.987045310106954,3.9226599999999996,-13.472576376765016,4.764739018564611,-14.371260049440892,0.5,3,-10,2,400,0.7,1,eq,0.5,35,0,5
5.327510845438027,-11.073186114760825,1.7398467296524174,-23.734171772146524,3.9226599999999996,-10.844921743840157,4.764739018564611,-13.289627279814976,0.5,3,-10,2,400,0.7,1,eff,1,6.5,5,5
3.7378786914194815,-12.85779587538116,1.7398467296524174,-21.812804903588386,3.9226599999999996,-8.89818760258741,4.764739018564611,-12.488284738620848,0.5,3,-10,2,400,0.7,1,eff,1,6.5,0,5
3.7378786914194815,-14.936640119945,1.7398467296524174,-24.887783522337305,3.9226599999999996,-10.32703480706908,4.764739018564611,-13.076447254269151,0.5,3,-10,2,400,0.7,1,eq,0.5,6.5,0,5
3.7378786914194815,-14.294863446949414,1.7398467296524174,-23.249872475156643,3.9226599999999996,-10.354228377807097,4.764739018564611,-13.087641060663845,0.5,3,-10,2,400,0.7,1,eff,1,35,0,5
5.327510845438027,-11.073186114760825,1.7398467296524174,-23.734171772146524,3.9226599999999996,-10.844921743840157,4.764739018564611,-13.289627279814976,0.5,3,-10,2,400,0.7,1,eff,1,35,5,5
5.327510845438027,-14.048893679109554,1.7398467296524174,-26.709879336495256,3.9226599999999996,-13.859916748085041,4.764739018564611,-14.530702631190163,0.5,3,-10,2,400,0.7,1,eff,0.5,6.5,5,5
5.327510845438027,-16.43988535183849,1.7398467296524174,-29.1008710092242,3.9226599999999996,-16.282476019445607,4.764739018564611,-15.52791111568097,0.5,3,-10,2,400,0.7,1,eff,0.5,35,5,5
3.7378786914194815,-14.936640119945,1.7398467296524174,-23.891649148152226,3.9226599999999996,-11.004478249974577,4.764739018564611,-13.355306210173335,0.5,3,-10,2,400,0.7,1,eff,0.5,6.5,0,5
3.7378786914194815,-18.035901907714646,1.7398467296524174,-26.990910935921875,3.9226599999999996,-14.144658729593898,4.764739018564611,-14.647912196796176,0.5,3,-10,2,400,0.7,1,eff,0.5,35,0,5
5.327510845438027,-11.073186114760825,1.6648435882347152,-25.825172705597662,3.9226599999999996,-11.110906234979572,4.764739018564611,-13.399115619044943,0.5,3,-10,2,400,0.8,0.5,eq,1,6.5,5,5
3.7378786914194815,-14.294863446949414,1.6648435882347152,-25.04459181572411,3.9226599999999996,-10.318535075343899,4.764739018564611,-13.072948473168978,0.5,3,-10,2,400,0.8,0.5,eq,1,35,0,5
5.327510845438027,-11.073186114760825,1.6648435882347152,-25.825172705597662,3.9226599999999996,-11.110906234979572,4.764739018564611,-13.399115619044943,0.5,3,-10,2,400,0.8,0.5,eq,1,35,5,5
3.7378786914194815,-12.85779587538116,1.6648435882347152,-23.607524244155858,3.9226599999999996,-8.859761342884813,4.764739018564611,-12.472467172192081,0.5,3,-10,2,400,0.8,0.5,eq,1,6.5,0,5
3.7378786914194815,-14.936640119945,1.6648435882347152,-25.686368488719694,3.9226599999999996,-10.970005452267587,4.764739018564611,-13.341116024296994,0.5,3,-10,2,400,0.8,0.5,eq,0.5,6.5,0,5
5.327510845438027,-11.073186114760825,1.6648435882347152,-24.512949812645264,3.9226599999999996,-11.512138496400974,4.764739018564611,-13.564276579220769,0.5,3,-10,2,400,0.8,0.5,eff,1,35,5,5
5.327510845438027,-14.048893679109554,1.6648435882347152,-28.800880269946397,3.9226599999999996,-14.131560319680725,4.764739018564611,-14.642520442029628,0.5,3,-10,2,400,0.8,0.5,eq,0.5,6.5,5,5
5.327510845438027,-16.43988535183849,1.6648435882347152,-31.19187194267533,3.9226599999999996,-16.558666682505766,4.764739018564611,-15.641600665322496,0.5,3,-10,2,400,0.8,0.5,eq,0.5,35,5,5
5.327510845438027,-11.073186114760825,1.6648435882347152,-24.512949812645264,3.9226599999999996,-11.512138496400974,4.764739018564611,-13.564276579220769,0.5,3,-10,2,400,0.8,0.5,eff,1,6.5,5,5
3.7378786914194815,-12.85779587538116,1.6648435882347152,-22.531082129549677,3.9226599999999996,-9.5038572067187,4.764739018564611,-12.737599120802745,0.5,3,-10,2,400,0.8,0.5,eff,1,6.5,0,5
5.327510845438027,-14.048893679109554,1.6648435882347152,-27.488657376993988,3.9226599999999996,-14.527505201047457,4.764739018564611,-14.805504935229585,0.5,3,-10,2,400,0.8,0.5,eff,0.5,6.5,5,5
3.7378786914194815,-14.294863446949414,1.6648435882347152,-23.968149701117934,3.9226599999999996,-10.960077488551848,4.764739018564611,-13.337029333924445,0.5,3,-10,2,400,0.8,0.5,eff,1,35,0,5
5.327510845438027,-16.43988535183849,1.6648435882347152,-29.87964904972292,3.9226599999999996,-16.950363135037957,4.764739018564611,-15.802836359502637,0.5,3,-10,2,400,0.8,0.5,eff,0.5,35,5,5
3.7378786914194815,-14.936640119945,1.6648435882347152,-24.60992637411352,3.9226599999999996,-11.61040752594259,4.764739018564611,-13.604727482189439,0.5,3,-10,2,400,0.8,0.5,eff,0.5,6.5,0,5
3.7378786914194815,-18.035901907714646,1.6648435882347152,-28.785630276489343,3.9226599999999996,-14.116079983060706,4.764739018564611,-14.636148204535626,0.5,3,-10,2,400,0.8,0.5,eq,0.5,35,0,5
3.7378786914194815,-18.035901907714646,1.6648435882347152,-27.709188161883162,3.9226599999999996,-14.750975139569766,4.764739018564611,-14.8974928264477,0.5,3,-10,2,400,0.8,0.5,eff,0.5,35,0,5
5.327510845438027,-11.073186114760825,1.7398467296524174,-24.969935069793394,3.9226599999999996,-10.410413084000902,4.764739018564611,-13.11076861274374,0.5,3,-10,2,400,0.8,1,eq,1,6.5,5,5
3.7378786914194815,-12.85779587538116,1.7398467296524174,-22.808939277773465,3.9226599999999996,-8.217148183784106,4.764739018564611,-12.207945555703038,0.5,3,-10,2,400,0.8,1,eq,1,6.5,0,5
5.327510845438027,-11.073186114760825,1.7398467296524174,-24.969935069793394,3.9226599999999996,-10.410413084000902,4.764739018564611,-13.11076861274374,0.5,3,-10,2,400,0.8,1,eq,1,35,5,5
3.7378786914194815,-14.294863446949414,1.7398467296524174,-24.24600684934172,3.9226599999999996,-9.675674792514757,4.764739018564611,-12.808325132077748,0.5,3,-10,2,400,0.8,1,eq,1,35,0,5
5.327510845438027,-14.048893679109554,1.7398467296524174,-27.945642634142125,3.9226599999999996,-13.430555454437956,4.764739018564611,-14.353962796586739,0.5,3,-10,2,400,0.8,1,eq,0.5,6.5,5,5
5.327510845438027,-16.43988535183849,1.7398467296524174,-30.336634306871055,3.9226599999999996,-15.857250652972846,4.764739018564611,-15.352873770555831,0.5,3,-10,2,400,0.8,1,eq,0.5,35,5,5
5.327510845438027,-11.073186114760825,1.7398467296524174,-23.734171772146524,3.9226599999999996,-10.844921743840157,4.764739018564611,-13.289627279814976,0.5,3,-10,2,400,0.8,1,eff,1,35,5,5
3.7378786914194815,-14.936640119945,1.7398467296524174,-24.887783522337305,3.9226599999999996,-10.32703480706908,4.764739018564611,-13.076447254269151,0.5,3,-10,2,400,0.8,1,eq,0.5,6.5,0,5
3.7378786914194815,-12.85779587538116,1.7398467296524174,-21.812804903588386,3.9226599999999996,-8.89818760258741,4.764739018564611,-12.488284738620848,0.5,3,-10,2,400,0.8,1,eff,1,6.5,0,5
3.7378786914194815,-14.936640119945,1.7398467296524174,-23.891649148152226,3.9226599999999996,-11.004478249974577,4.764739018564611,-13.355306210173335,0.5,3,-10,2,400,0.8,1,eff,0.5,6.5,0,5
5.327510845438027,-16.43988535183849,1.7398467296524174,-29.1008710092242,3.9226599999999996,-16.282476019445607,4.764739018564611,-15.52791111568097,0.5,3,-10,2,400,0.8,1,eff,0.5,35,5,5
5.327510845438027,-11.073186114760825,1.7398467296524174,-23.734171772146524,3.9226599999999996,-10.844921743840157,4.764739018564611,-13.289627279814976,0.5,3,-10,2,400,0.8,1,eff,1,6.5,5,5
3.7378786914194815,-18.035901907714646,1.7398467296524174,-27.987045310106954,3.9226599999999996,-13.472576376765016,4.764739018564611,-14.371260049440892,0.5,3,-10,2,400,0.8,1,eq,0.5,35,0,5
5.327510845438027,-14.048893679109554,1.7398467296524174,-26.709879336495256,3.9226599999999996,-13.859916748085041,4.764739018564611,-14.530702631190163,0.5,3,-10,2,400,0.8,1,eff,0.5,6.5,5,5
3.7378786914194815,-14.294863446949414,1.7398467296524174,-23.249872475156643,3.9226599999999996,-10.354228377807097,4.764739018564611,-13.087641060663845,0.5,3,-10,2,400,0.8,1,eff,1,35,0,5
3.7378786914194815,-18.035901907714646,1.7398467296524174,-26.990910935921875,3.9226599999999996,-14.144658729593898,4.764739018564611,-14.647912196796176,0.5,3,-10,2,400,0.8,1,eff,0.5,35,0,5
3.7378786914194815,-12.85779587538116,1.6648435882347152,-23.607524244155858,5.883989999999999,-8.859831031007076,5.74540401856461,-11.855861424616364,0.5,3,-10,2,500,0.7,0.5,eq,1,6.5,0,5
5.327510845438027,-11.073186114760825,1.6648435882347152,-25.825172705597662,5.883989999999999,-11.11097592307845,5.74540401856461,-13.008584017379142,0.5,3,-10,2,500,0.7,0.5,eq,1,6.5,5,5
5.327510845438027,-14.048893679109554,1.6648435882347152,-28.800880269946397,5.883989999999999,-14.1316300078039,5.74540401856461,-14.555341945155398,0.5,3,-10,2,500,0.7,0.5,eq,0.5,6.5,5,5
5.327510845438027,-11.073186114760825,1.6648435882347152,-25.825172705597662,5.883989999999999,-11.11097592307845,5.74540401856461,-13.008584017379142,0.5,3,-10,2,500,0.7,0.5,eq,1,35,5,5
3.7378786914194815,-14.294863446949414,1.6648435882347152,-25.04459181572411,5.883989999999999,-10.31860476345579,5.74540401856461,-12.602841969957979,0.5,3,-10,2,500,0.7,0.5,eq,1,35,0,5
3.7378786914194815,-14.936640119945,1.6648435882347152,-25.686368488719694,5.883989999999999,-10.970075140446946,5.74540401856461,-12.936434278795318,0.5,3,-10,2,500,0.7,0.5,eq,0.5,6.5,0,5
3.7378786914194815,-18.035901907714646,1.6648435882347152,-28.785630276489343,5.883989999999999,-14.116149671183841,5.74540401856461,-14.547415074775639,0.5,3,-10,2,500,0.7,0.5,eq,0.5,35,0,5
5.327510845438027,-16.43988535183849,1.6648435882347152,-31.19187194267533,5.883989999999999,-16.558736370479334,5.74540401856461,-15.798167473244696,0.5,3,-10,2,500,0.7,0.5,eq,0.5,35,5,5
5.327510845438027,-11.073186114760825,1.6648435882347152,-24.512949812645264,5.883989999999999,-11.512199878906268,5.74540401856461,-13.214034994910362,0.5,3,-10,2,500,0.7,0.5,eff,1,6.5,5,5
3.7378786914194815,-12.85779587538116,1.6648435882347152,-22.531082129549677,5.883989999999999,-9.503918589372255,5.74540401856461,-12.185673282955722,0.5,3,-10,2,500,0.7,0.5,eff,1,6.5,0,5
5.327510845438027,-11.073186114760825,1.6648435882347152,-24.512949812645264,5.883989999999999,-11.512199878906268,5.74540401856461,-13.214034994910362,0.5,3,-10,2,500,0.7,0.5,eff,1,35,5,5
3.7378786914194815,-14.294863446949414,1.6648435882347152,-23.968149701117934,5.883989999999999,-10.960138871114852,5.74540401856461,-12.931346306809477,0.5,3,-10,2,500,0.7,0.5,eff,1,35,0,5
5.327510845438027,-14.048893679109554,1.6648435882347152,-27.488657376993988,5.883989999999999,-14.527566583661242,5.74540401856461,-14.758085463753012,0.5,3,-10,2,500,0.7,0.5,eff,0.5,6.5,5,5
5.327510845438027,-16.43988535183849,1.6648435882347152,-29.87964904972292,5.883989999999999,-16.95042451766424,5.74540401856461,-15.998735538928944,0.5,3,-10,2,500,0.7,0.5,eff,0.5,35,5,5
3.7378786914194815,-14.936640119945,1.6648435882347152,-24.60992637411352,5.883989999999999,-11.610468908531788,5.74540401856461,-13.264354692685941,0.5,3,-10,2,500,0.7,0.5,eff,0.5,6.5,0,5
5.327510845438027,-11.073186114760825,1.7398467296524174,-24.969935069793394,5.883989999999999,-10.41047899752812,5.74540401856461,-12.649887144917994,0.5,3,-10,2,500,0.7,1,eq,1,35,5,5
3.7378786914194815,-12.85779587538116,1.7398467296524174,-22.808939277773465,5.883989999999999,-8.217214097374834,5.74540401856461,-11.526802615252961,0.5,3,-10,2,500,0.7,1,eq,1,6.5,0,5
3.7378786914194815,-14.294863446949414,1.7398467296524174,-24.24600684934172,5.883989999999999,-9.675740706055072,5.74540401856461,-12.273656618250751,0.5,3,-10,2,500,0.7,1,eq,1,35,0,5
5.327510845438027,-14.048893679109554,1.7398467296524174,-27.945642634142125,5.883989999999999,-13.430621368113616,5.74540401856461,-14.196383044047245,0.5,3,-10,2,500,0.7,1,eq,0.5,6.5,5,5
3.7378786914194815,-14.936640119945,1.7398467296524174,-24.887783522337305,5.883989999999999,-10.327100720596416,5.74540401856461,-12.607192414826219,0.5,3,-10,2,500,0.7,1,eq,0.5,6.5,0,5
3.7378786914194815,-18.035901907714646,1.6648435882347152,-27.709188161883162,5.883989999999999,-14.751036522169976,5.74540401856461,-14.8725156134204,0.5,3,-10,2,500,0.7,0.5,eff,0.5,35,0,5
5.327510845438027,-11.073186114760825,1.7398467296524174,-24.969935069793394,5.883989999999999,-10.41047899752812,5.74540401856461,-12.649887144917994,0.5,3,-10,2,500,0.7,1,eq,1,6.5,5,5
5.327510845438027,-11.073186114760825,1.7398467296524174,-23.734171772146524,5.883989999999999,-10.844979922684269,5.74540401856461,-12.872377947161894,0.5,3,-10,2,500,0.7,1,eff,1,35,5,5
3.7378786914194815,-12.85779587538116,1.7398467296524174,-21.812804903588386,5.883989999999999,-8.898245781390095,5.74540401856461,-11.8755321045525,0.5,3,-10,2,500,0.7,1,eff,1,6.5,0,5
5.327510845438027,-16.43988535183849,1.7398467296524174,-30.336634306871055,5.883989999999999,-15.857316566665842,5.74540401856461,-15.438998031191197,0.5,3,-10,2,500,0.7,1,eq,0.5,35,5,5
3.7378786914194815,-18.035901907714646,1.7398467296524174,-27.987045310106954,5.883989999999999,-13.472642290253106,5.74540401856461,-14.217900302438636,0.5,3,-10,2,500,0.7,1,eq,0.5,35,0,5
5.327510845438027,-11.073186114760825,1.7398467296524174,-23.734171772146524,5.883989999999999,-10.844979922684269,5.74540401856461,-12.872377947161894,0.5,3,-10,2,500,0.7,1,eff,1,6.5,5,5
3.7378786914194815,-14.294863446949414,1.7398467296524174,-23.249872475156643,5.883989999999999,-10.35428655664326,5.74540401856461,-12.621113210206758,0.5,3,-10,2,500,0.7,1,eff,1,35,0,5
5.327510845438027,-14.048893679109554,1.7398467296524174,-26.709879336495256,5.883989999999999,-13.859974926950448,5.74540401856461,-14.4162380828311,0.5,3,-10,2,500,0.7,1,eff,0.5,6.5,5,5
3.7378786914194815,-12.85779587538116,1.6648435882347152,-23.607524244155858,5.883989999999999,-8.859831031007076,5.74540401856461,-11.855861424616364,0.5,3,-10,2,500,0.8,0.5,eq,1,6.5,0,5
3.7378786914194815,-18.035901907714646,1.7398467296524174,-26.990910935921875,5.883989999999999,-14.144716908474159,5.74540401856461,-14.562043231298837,0.5,3,-10,2,500,0.7,1,eff,0.5,35,0,5
3.7378786914194815,-14.936640119945,1.7398467296524174,-23.891649148152226,5.883989999999999,-11.004536428611337,5.74540401856461,-12.954080546515812,0.5,3,-10,2,500,0.7,1,eff,0.5,6.5,0,5
5.327510845438027,-16.43988535183849,1.7398467296524174,-29.1008710092242,5.883989999999999,-16.28253419811235,5.74540401856461,-15.656735224534813,0.5,3,-10,2,500,0.7,1,eff,0.5,35,5,5
3.7378786914194815,-14.294863446949414,1.6648435882347152,-25.04459181572411,5.883989999999999,-10.31860476345579,5.74540401856461,-12.602841969957979,0.5,3,-10,2,500,0.8,0.5,eq,1,35,0,5
5.327510845438027,-14.048893679109554,1.6648435882347152,-28.800880269946397,5.883989999999999,-14.1316300078039,5.74540401856461,-14.555341945155398,0.5,3,-10,2,500,0.8,0.5,eq,0.5,6.5,5,5
5.327510845438027,-11.073186114760825,1.6648435882347152,-25.825172705597662,5.883989999999999,-11.11097592307845,5.74540401856461,-13.008584017379142,0.5,3,-10,2,500,0.8,0.5,eq,1,35,5,5
5.327510845438027,-11.073186114760825,1.6648435882347152,-25.825172705597662,5.883989999999999,-11.11097592307845,5.74540401856461,-13.008584017379142,0.5,3,-10,2,500,0.8,0.5,eq,1,6.5,5,5
3.7378786914194815,-14.936640119945,1.6648435882347152,-25.686368488719694,5.883989999999999,-10.970075140446946,5.74540401856461,-12.936434278795318,0.5,3,-10,2,500,0.8,0.5,eq,0.5,6.5,0,5
3.7378786914194815,-18.035901907714646,1.6648435882347152,-28.785630276489343,5.883989999999999,-14.116149671183841,5.74540401856461,-14.547415074775639,0.5,3,-10,2,500,0.8,0.5,eq,0.5,35,0,5
5.327510845438027,-16.43988535183849,1.6648435882347152,-31.19187194267533,5.883989999999999,-16.558736370479334,5.74540401856461,-15.798167473244696,0.5,3,-10,2,500,0.8,0.5,eq,0.5,35,5,5
5.327510845438027,-11.073186114760825,1.6648435882347152,-24.512949812645264,5.883989999999999,-11.512199878906268,5.74540401856461,-13.214034994910362,0.5,3,-10,2,500,0.8,0.5,eff,1,6.5,5,5
3.7378786914194815,-12.85779587538116,1.6648435882347152,-22.531082129549677,5.883989999999999,-9.503918589372255,5.74540401856461,-12.185673282955722,0.5,3,-10,2,500,0.8,0.5,eff,1,6.5,0,5
5.327510845438027,-11.073186114760825,1.6648435882347152,-24.512949812645264,5.883989999999999,-11.512199878906268,5.74540401856461,-13.214034994910362,0.5,3,-10,2,500,0.8,0.5,eff,1,35,5,5
3.7378786914194815,-14.294863446949414,1.6648435882347152,-23.968149701117934,5.883989999999999,-10.960138871114852,5.74540401856461,-12.931346306809477,0.5,3,-10,2,500,0.8,0.5,eff,1,35,0,5
3.7378786914194815,-18.035901907714646,1.6648435882347152,-27.709188161883162,5.883989999999999,-14.751036522169976,5.74540401856461,-14.8725156134204,0.5,3,-10,2,500,0.8,0.5,eff,0.5,35,0,5
3.7378786914194815,-14.936640119945,1.6648435882347152,-24.60992637411352,5.883989999999999,-11.610468908531788,5.74540401856461,-13.264354692685941,0.5,3,-10,2,500,0.8,0.5,eff,0.5,6.5,0,5
5.327510845438027,-11.073186114760825,1.7398467296524174,-24.969935069793394,5.883989999999999,-10.41047899752812,5.74540401856461,-12.649887144917994,0.5,3,-10,2,500,0.8,1,eq,1,6.5,5,5
5.327510845438027,-14.048893679109554,1.6648435882347152,-27.488657376993988,5.883989999999999,-14.527566583661242,5.74540401856461,-14.758085463753012,0.5,3,-10,2,500,0.8,0.5,eff,0.5,6.5,5,5
5.327510845438027,-16.43988535183849,1.6648435882347152,-29.87964904972292,5.883989999999999,-16.95042451766424,5.74540401856461,-15.998735538928944,0.5,3,-10,2,500,0.8,0.5,eff,0.5,35,5,5
3.7378786914194815,-12.85779587538116,1.7398467296524174,-22.808939277773465,5.883989999999999,-8.217214097374834,5.74540401856461,-11.526802615252961,0.5,3,-10,2,500,0.8,1,eq,1,6.5,0,5
5.327510845438027,-16.43988535183849,1.7398467296524174,-30.336634306871055,5.883989999999999,-15.857316566665842,5.74540401856461,-15.438998031191197,0.5,3,-10,2,500,0.8,1,eq,0.5,35,5,5
5.327510845438027,-11.073186114760825,1.7398467296524174,-24.969935069793394,5.883989999999999,-10.41047899752812,5.74540401856461,-12.649887144917994,0.5,3,-10,2,500,0.8,1,eq,1,35,5,5
3.7378786914194815,-18.035901907714646,1.7398467296524174,-27.987045310106954,5.883989999999999,-13.472642290253106,5.74540401856461,-14.217900302438636,0.5,3,-10,2,500,0.8,1,eq,0.5,35,0,5
5.327510845438027,-14.048893679109554,1.7398467296524174,-27.945642634142125,5.883989999999999,-13.430621368113616,5.74540401856461,-14.196383044047245,0.5,3,-10,2,500,0.8,1,eq,0.5,6.5,5,5
3.7378786914194815,-14.294863446949414,1.7398467296524174,-24.24600684934172,5.883989999999999,-9.675740706055072,5.74540401856461,-12.273656618250751,0.5,3,-10,2,500,0.8,1,eq,1,35,0,5
3.7378786914194815,-14.936640119945,1.7398467296524174,-24.887783522337305,5.883989999999999,-10.327100720596416,5.74540401856461,-12.607192414826219,0.5,3,-10,2,500,0.8,1,eq,0.5,6.5,0,5
3.7378786914194815,-12.85779587538116,1.7398467296524174,-21.812804903588386,5.883989999999999,-8.898245781390095,5.74540401856461,-11.8755321045525,0.5,3,-10,2,500,0.8,1,eff,1,6.5,0,5
5.327510845438027,-11.073186114760825,1.7398467296524174,-23.734171772146524,5.883989999999999,-10.844979922684269,5.74540401856461,-12.872377947161894,0.5,3,-10,2,500,0.8,1,eff,1,6.5,5,5
3.7378786914194815,-14.936640119945,1.7398467296524174,-23.891649148152226,5.883989999999999,-11.004536428611337,5.74540401856461,-12.954080546515812,0.5,3,-10,2,500,0.8,1,eff,0.5,6.5,0,5
5.327510845438027,-11.073186114760825,1.7398467296524174,-23.734171772146524,5.883989999999999,-10.844979922684269,5.74540401856461,-12.872377947161894,0.5,3,-10,2,500,0.8,1,eff,1,35,5,5
5.327510845438027,-14.048893679109554,1.7398467296524174,-26.709879336495256,5.883989999999999,-13.859974926950448,5.74540401856461,-14.4162380828311,0.5,3,-10,2,500,0.8,1,eff,0.5,6.5,5,5
3.7378786914194815,-14.294863446949414,1.7398467296524174,-23.249872475156643,5.883989999999999,-10.35428655664326,5.74540401856461,-12.621113210206758,0.5,3,-10,2,500,0.8,1,eff,1,35,0,5
3.7378786914194815,-18.035901907714646,1.7398467296524174,-26.990910935921875,5.883989999999999,-14.144716908474159,5.74540401856461,-14.562043231298837,0.5,3,-10,2,500,0.8,1,eff,0.5,35,0,5
3.7378786914194815,-12.85779587538116,1.6648435882347152,-23.607524244155858,19.613300000000002,-8.860318847887234,12.610059018564613,-10.225263888001933,0.5,3,-10,10,400,0.7,0.5,eq,1,6.5,0,5
5.327510845438027,-11.073186114760825,1.6648435882347152,-25.825172705597662,19.613300000000002,-11.11146373993407,12.610059018564613,-11.97594483430775,0.5,3,-10,10,400,0.7,0.5,eq,1,6.5,5,5
5.327510845438027,-11.073186114760825,1.6648435882347152,-25.825172705597662,19.613300000000002,-11.11146373993407,12.610059018564613,-11.97594483430775,0.5,3,-10,10,400,0.7,0.5,eq,1,35,5,5
5.327510845438027,-16.43988535183849,1.7398467296524174,-29.1008710092242,5.883989999999999,-16.28253419811235,5.74540401856461,-15.656735224534813,0.5,3,-10,2,500,0.8,1,eff,0.5,35,5,5
5.327510845438027,-16.43988535183849,1.6648435882347152,-31.19187194267533,19.613300000000002,-16.559224187409146,12.610059018564613,-16.212584798766304,0.5,3,-10,10,400,0.7,0.5,eq,0.5,35,5,5
3.7378786914194815,-18.035901907714646,1.6648435882347152,-28.785630276489343,19.613300000000002,-14.116637487980583,12.610059018564613,-14.313022487385641,0.5,3,-10,10,400,0.7,0.5,eq,0.5,35,0,5
3.7378786914194815,-14.294863446949414,1.6648435882347152,-25.04459181572411,19.613300000000002,-10.319092580316308,12.610059018564613,-11.359729904542037,0.5,3,-10,10,400,0.7,0.5,eq,1,35,0,5
5.327510845438027,-14.048893679109554,1.6648435882347152,-28.800880269946397,19.613300000000002,-14.132117824803704,12.610059018564613,-14.325061308527065,0.5,3,-10,10,400,0.7,0.5,eq,0.5,6.5,5,5
3.7378786914194815,-14.936640119945,1.6648435882347152,-25.686368488719694,19.613300000000002,-10.97056295735651,12.610059018564613,-11.866368451086128,0.5,3,-10,10,400,0.7,0.5,eq,0.5,6.5,0,5
5.327510845438027,-11.073186114760825,1.6648435882347152,-24.512949812645264,19.613300000000002,-11.512629556974312,12.610059018564613,-12.287925353501539,0.5,3,-10,10,400,0.7,0.5,eff,1,6.5,5,5
3.7378786914194815,-12.85779587538116,1.6648435882347152,-22.531082129549677,19.613300000000002,-9.50434826744646,12.610059018564613,-10.726115715739226,0.5,3,-10,10,400,0.7,0.5,eff,1,6.5,0,5
5.327510845438027,-14.048893679109554,1.6648435882347152,-27.488657376993988,19.613300000000002,-14.527996261707804,12.610059018564613,-14.63292991307108,0.5,3,-10,10,400,0.7,0.5,eff,0.5,6.5,5,5
3.7378786914194815,-14.936640119945,1.6648435882347152,-24.60992637411352,19.613300000000002,-11.610898586657617,12.610059018564613,-12.364347674644339,0.5,3,-10,10,400,0.7,0.5,eff,0.5,6.5,0,5
3.7378786914194815,-12.85779587538116,1.7398467296524174,-22.808939277773465,19.613300000000002,-8.217675492410542,12.610059018564613,-9.725489981099123,0.5,3,-10,10,400,0.7,1,eq,1,6.5,0,5
5.327510845438027,-11.073186114760825,1.6648435882347152,-24.512949812645264,19.613300000000002,-11.512629556974312,12.610059018564613,-12.287925353501539,0.5,3,-10,10,400,0.7,0.5,eff,1,35,5,5
3.7378786914194815,-14.294863446949414,1.6648435882347152,-23.968149701117934,19.613300000000002,-10.960568549184373,12.610059018564613,-11.858595952737305,0.5,3,-10,10,400,0.7,0.5,eff,1,35,0,5
5.327510845438027,-16.43988535183849,1.6648435882347152,-29.87964904972292,19.613300000000002,-16.950854195762687,12.610059018564613,-16.517149465415827,0.5,3,-10,10,400,0.7,0.5,eff,0.5,35,5,5
3.7378786914194815,-18.035901907714646,1.6648435882347152,-27.709188161883162,19.613300000000002,-14.751466200231468,12.610059018564613,-14.806719065794116,0.5,3,-10,10,400,0.7,0.5,eff,0.5,35,0,5
5.327510845438027,-11.073186114760825,1.7398467296524174,-24.969935069793394,19.613300000000002,-10.41094039254578,12.610059018564613,-11.431158543097508,0.5,3,-10,10,400,0.7,1,eq,1,6.5,5,5
3.7378786914194815,-14.936640119945,1.7398467296524174,-24.887783522337305,19.613300000000002,-10.327562115718123,12.610059018564613,-11.366316532663735,0.5,3,-10,10,400,0.7,1,eq,0.5,6.5,0,5
5.327510845438027,-11.073186114760825,1.7398467296524174,-24.969935069793394,19.613300000000002,-10.41094039254578,12.610059018564613,-11.431158543097508,0.5,3,-10,10,400,0.7,1,eq,1,35,5,5
3.7378786914194815,-14.294863446949414,1.7398467296524174,-24.24600684934172,19.613300000000002,-9.67620210107622,12.610059018564613,-10.859763813268586,0.5,3,-10,10,400,0.7,1,eq,1,35,0,5
5.327510845438027,-14.048893679109554,1.7398467296524174,-27.945642634142125,19.613300000000002,-13.43108276308887,12.610059018564613,-13.779877064912904,0.5,3,-10,10,400,0.7,1,eq,0.5,6.5,5,5
3.7378786914194815,-18.035901907714646,1.7398467296524174,-27.987045310106954,19.613300000000002,-13.473103685232061,12.610059018564613,-13.812556093260596,0.5,3,-10,10,400,0.7,1,eq,0.5,35,0,5
5.327510845438027,-11.073186114760825,1.7398467296524174,-23.734171772146524,19.613300000000002,-10.84538717396828,12.610059018564613,-11.769021159185655,0.5,3,-10,10,400,0.7,1,eff,1,6.5,5,5
5.327510845438027,-16.43988535183849,1.7398467296524174,-30.336634306871055,19.613300000000002,-15.857777961625102,12.610059018564613,-15.66708079914525,0.5,3,-10,10,400,0.7,1,eq,0.5,35,5,5
3.7378786914194815,-14.936640119945,1.7398467296524174,-23.891649148152226,19.613300000000002,-11.004943679997018,12.610059018564613,-11.893105813154502,0.5,3,-10,10,400,0.7,1,eff,0.5,6.5,0,5
5.327510845438027,-14.048893679109554,1.7398467296524174,-26.709879336495256,19.613300000000002,-13.860382178310067,12.610059018564613,-14.113736653046383,0.5,3,-10,10,400,0.7,1,eff,0.5,6.5,5,5
3.7378786914194815,-12.85779587538116,1.7398467296524174,-21.812804903588386,19.613300000000002,-8.898653032702184,12.610059018564613,-10.255075797126478,0.5,3,-10,10,400,0.7,1,eff,1,6.5,0,5
3.7378786914194815,-14.294863446949414,1.7398467296524174,-23.249872475156643,19.613300000000002,-10.35469380803158,12.610059018564613,-11.38741643473673,0.5,3,-10,10,400,0.7,1,eff,1,35,0,5
5.327510845438027,-11.073186114760825,1.7398467296524174,-23.734171772146524,19.613300000000002,-10.84538717396828,12.610059018564613,-11.769021159185655,0.5,3,-10,10,400,0.7,1,eff,1,35,5,5
3.7378786914194815,-18.035901907714646,1.7398467296524174,-26.990910935921875,19.613300000000002,-14.145124159768347,12.610059018564613,-14.335176136268224,0.5,3,-10,10,400,0.7,1,eff,0.5,35,0,5
5.327510845438027,-16.43988535183849,1.7398467296524174,-29.1008710092242,19.613300000000002,-16.282941449416118,12.610059018564613,-15.997723939784493,0.5,3,-10,10,400,0.7,1,eff,0.5,35,5,5
3.7378786914194815,-12.85779587538116,1.6648435882347152,-23.607524244155858,19.613300000000002,-8.860318847887234,12.610059018564613,-10.225263888001933,0.5,3,-10,10,400,0.8,0.5,eq,1,6.5,0,5
5.327510845438027,-11.073186114760825,1.6648435882347152,-24.512949812645264,19.613300000000002,-11.512629556974312,12.610059018564613,-12.287925353501539,0.5,3,-10,10,400,0.8,0.5,eff,1,6.5,5,5
5.327510845438027,-11.073186114760825,1.6648435882347152,-25.825172705597662,19.613300000000002,-11.11146373993407,12.610059018564613,-11.97594483430775,0.5,3,-10,10,400,0.8,0.5,eq,1,6.5,5,5
5.327510845438027,-11.073186114760825,1.6648435882347152,-25.825172705597662,19.613300000000002,-11.11146373993407,12.610059018564613,-11.97594483430775,0.5,3,-10,10,400,0.8,0.5,eq,1,35,5,5
3.7378786914194815,-14.294863446949414,1.6648435882347152,-25.04459181572411,19.613300000000002,-10.319092580316308,12.610059018564613,-11.359729904542037,0.5,3,-10,10,400,0.8,0.5,eq,1,35,0,5
3.7378786914194815,-14.936640119945,1.6648435882347152,-25.686368488719694,19.613300000000002,-10.97056295735651,12.610059018564613,-11.866368451086128,0.5,3,-10,10,400,0.8,0.5,eq,0.5,6.5,0,5
5.327510845438027,-14.048893679109554,1.6648435882347152,-28.800880269946397,19.613300000000002,-14.132117824803704,12.610059018564613,-14.325061308527065,0.5,3,-10,10,400,0.8,0.5,eq,0.5,6.5,5,5
5.327510845438027,-16.43988535183849,1.6648435882347152,-31.19187194267533,19.613300000000002,-16.559224187409146,12.610059018564613,-16.212584798766304,0.5,3,-10,10,400,0.8,0.5,eq,0.5,35,5,5
3.7378786914194815,-18.035901907714646,1.6648435882347152,-28.785630276489343,19.613300000000002,-14.116637487980583,12.610059018564613,-14.313022487385641,0.5,3,-10,10,400,0.8,0.5,eq,0.5,35,0,5
3.7378786914194815,-14.294863446949414,1.6648435882347152,-23.968149701117934,19.613300000000002,-10.960568549184373,12.610059018564613,-11.858595952737305,0.5,3,-10,10,400,0.8,0.5,eff,1,35,0,5
3.7378786914194815,-12.85779587538116,1.6648435882347152,-22.531082129549677,19.613300000000002,-9.50434826744646,12.610059018564613,-10.726115715739226,0.5,3,-10,10,400,0.8,0.5,eff,1,6.5,0,5
5.327510845438027,-11.073186114760825,1.6648435882347152,-24.512949812645264,19.613300000000002,-11.512629556974312,12.610059018564613,-12.287925353501539,0.5,3,-10,10,400,0.8,0.5,eff,1,35,5,5
5.327510845438027,-14.048893679109554,1.6648435882347152,-27.488657376993988,19.613300000000002,-14.527996261707804,12.610059018564613,-14.63292991307108,0.5,3,-10,10,400,0.8,0.5,eff,0.5,6.5,5,5
3.7378786914194815,-14.936640119945,1.6648435882347152,-24.60992637411352,19.613300000000002,-11.610898586657617,12.610059018564613,-12.364347674644339,0.5,3,-10,10,400,0.8,0.5,eff,0.5,6.5,0,5
5.327510845438027,-16.43988535183849,1.6648435882347152,-29.87964904972292,19.613300000000002,-16.950854195762687,12.610059018564613,-16.517149465415827,0.5,3,-10,10,400,0.8,0.5,eff,0.5,35,5,5
3.7378786914194815,-18.035901907714646,1.6648435882347152,-27.709188161883162,19.613300000000002,-14.751466200231468,12.610059018564613,-14.806719065794116,0.5,3,-10,10,400,0.8,0.5,eff,0.5,35,0,5
3.7378786914194815,-12.85779587538116,1.7398467296524174,-22.808939277773465,19.613300000000002,-8.217675492410542,12.610059018564613,-9.725489981099123,0.5,3,-10,10,400,0.8,1,eq,1,6.5,0,5
5.327510845438027,-14.048893679109554,1.7398467296524174,-27.945642634142125,19.613300000000002,-13.43108276308887,12.610059018564613,-13.779877064912904,0.5,3,-10,10,400,0.8,1,eq,0.5,6.5,5,5
5.327510845438027,-11.073186114760825,1.7398467296524174,-24.969935069793394,19.613300000000002,-10.41094039254578,12.610059018564613,-11.431158543097508,0.5,3,-10,10,400,0.8,1,eq,1,35,5,5
5.327510845438027,-11.073186114760825,1.7398467296524174,-24.969935069793394,19.613300000000002,-10.41094039254578,12.610059018564613,-11.431158543097508,0.5,3,-10,10,400,0.8,1,eq,1,6.5,5,5
3.7378786914194815,-14.294863446949414,1.7398467296524174,-24.24600684934172,19.613300000000002,-9.67620210107622,12.610059018564613,-10.859763813268586,0.5,3,-10,10,400,0.8,1,eq,1,35,0,5
3.7378786914194815,-14.936640119945,1.7398467296524174,-24.887783522337305,19.613300000000002,-10.327562115718123,12.610059018564613,-11.366316532663735,0.5,3,-10,10,400,0.8,1,eq,0.5,6.5,0,5
5.327510845438027,-16.43988535183849,1.7398467296524174,-30.336634306871055,19.613300000000002,-15.857777961625102,12.610059018564613,-15.66708079914525,0.5,3,-10,10,400,0.8,1,eq,0.5,35,5,5
5.327510845438027,-11.073186114760825,1.7398467296524174,-23.734171772146524,19.613300000000002,-10.84538717396828,12.610059018564613,-11.769021159185655,0.5,3,-10,10,400,0.8,1,eff,1,6.5,5,5
3.7378786914194815,-18.035901907714646,1.7398467296524174,-27.987045310106954,19.613300000000002,-13.473103685232061,12.610059018564613,-13.812556093260596,0.5,3,-10,10,400,0.8,1,eq,0.5,35,0,5
3.7378786914194815,-12.85779587538116,1.7398467296524174,-21.812804903588386,19.613300000000002,-8.898653032702184,12.610059018564613,-10.255075797126478,0.5,3,-10,10,400,0.8,1,eff,1,6.5,0,5
5.327510845438027,-11.073186114760825,1.7398467296524174,-23.734171772146524,19.613300000000002,-10.84538717396828,12.610059018564613,-11.769021159185655,0.5,3,-10,10,400,0.8,1,eff,1,35,5,5
3.7378786914194815,-14.294863446949414,1.7398467296524174,-23.249872475156643,19.613300000000002,-10.35469380803158,12.610059018564613,-11.38741643473673,0.5,3,-10,10,400,0.8,1,eff,1,35,0,5
5.327510845438027,-14.048893679109554,1.7398467296524174,-26.709879336495256,19.613300000000002,-13.860382178310067,12.610059018564613,-14.113736653046383,0.5,3,-10,10,400,0.8,1,eff,0.5,6.5,5,5
3.7378786914194815,-14.936640119945,1.7398467296524174,-23.891649148152226,19.613300000000002,-11.004943679997018,12.610059018564613,-11.893105813154502,0.5,3,-10,10,400,0.8,1,eff,0.5,6.5,0,5
5.327510845438027,-16.43988535183849,1.7398467296524174,-29.1008710092242,19.613300000000002,-16.282941449416118,12.610059018564613,-15.997723939784493,0.5,3,-10,10,400,0.8,1,eff,0.5,35,5,5
3.7378786914194815,-18.035901907714646,1.7398467296524174,-26.990910935921875,19.613300000000002,-14.145124159768347,12.610059018564613,-14.335176136268224,0.5,3,-10,10,400,0.8,1,eff,0.5,35,0,5
5.327510845438027,-11.073186114760825,1.6648435882347152,-25.825172705597662,29.41995,-11.11181218068148,17.51338401856461,-11.734203649228947,0.5,3,-10,10,500,0.7,0.5,eq,1,6.5,5,5
3.7378786914194815,-12.85779587538116,1.6648435882347152,-23.607524244155858,29.41995,-8.86066728860045,17.51338401856461,-9.843404872202921,0.5,3,-10,10,500,0.7,0.5,eq,1,6.5,0,5
3.7378786914194815,-14.294863446949414,1.6648435882347152,-25.04459181572411,29.41995,-10.31944102095479,17.51338401856461,-11.068669224931217,0.5,3,-10,10,500,0.7,0.5,eq,1,35,0,5
5.327510845438027,-11.073186114760825,1.6648435882347152,-25.825172705597662,29.41995,-11.11181218068148,17.51338401856461,-11.734203649228947,0.5,3,-10,10,500,0.7,0.5,eq,1,35,5,5
3.7378786914194815,-14.936640119945,1.6648435882347152,-25.686368488719694,29.41995,-10.970911398049482,17.51338401856461,-11.615857189869683,0.5,3,-10,10,500,0.7,0.5,eq,0.5,6.5,0,5
5.327510845438027,-16.43988535183849,1.6648435882347152,-31.19187194267533,29.41995,-16.559572628054156,17.51338401856461,-16.309928129540353,0.5,3,-10,10,500,0.7,0.5,eq,0.5,35,5,5
5.327510845438027,-14.048893679109554,1.6648435882347152,-28.800880269946397,29.41995,-14.132466265430907,17.51338401856461,-14.271334452916618,0.5,3,-10,10,500,0.7,0.5,eq,0.5,6.5,5,5
5.327510845438027,-11.073186114760825,1.6648435882347152,-24.512949812645264,29.41995,-11.512936469927965,17.51338401856461,-12.071119019808174,0.5,3,-10,10,500,0.7,0.5,eff,1,6.5,5,5
3.7378786914194815,-18.035901907714646,1.6648435882347152,-28.785630276489343,29.41995,-14.116985928794934,17.51338401856461,-14.258332090571146,0.5,3,-10,10,500,0.7,0.5,eq,0.5,35,0,5
5.327510845438027,-11.073186114760825,1.6648435882347152,-24.512949812645264,29.41995,-11.512936469927965,17.51338401856461,-12.071119019808174,0.5,3,-10,10,500,0.7,0.5,eff,1,35,5,5
3.7378786914194815,-14.294863446949414,1.6648435882347152,-23.968149701117934,29.41995,-10.96087546208669,17.51338401856461,-11.607427730037312,0.5,3,-10,10,500,0.7,0.5,eff,1,35,0,5
3.7378786914194815,-12.85779587538116,1.6648435882347152,-22.531082129549677,29.41995,-9.504655180355368,17.51338401856461,-10.384308091019756,0.5,3,-10,10,500,0.7,0.5,eff,1,6.5,0,5
5.327510845438027,-14.048893679109554,1.6648435882347152,-27.488657376993988,29.41995,-14.528303174749476,17.51338401856461,-14.603808807043928,0.5,3,-10,10,500,0.7,0.5,eff,0.5,6.5,5,5
5.327510845438027,-16.43988535183849,1.6648435882347152,-29.87964904972292,29.41995,-16.951161108514878,17.51338401856461,-16.63883411091782,0.5,3,-10,10,500,0.7,0.5,eff,0.5,35,5,5
3.7378786914194815,-14.936640119945,1.6648435882347152,-24.60992637411352,29.41995,-11.611205499468253,17.51338401856461,-12.153657892151726,0.5,3,-10,10,500,0.7,0.5,eff,0.5,6.5,0,5
5.327510845438027,-11.073186114760825,1.7398467296524174,-24.969935069793394,29.41995,-10.411269960505159,17.51338401856461,-11.145798887801096,0.5,3,-10,10,500,0.7,1,eq,1,6.5,5,5
3.7378786914194815,-18.035901907714646,1.6648435882347152,-27.709188161883162,29.41995,-14.751773113062487,17.51338401856461,-14.791507381023195,0.5,3,-10,10,500,0.7,0.5,eff,0.5,35,0,5
3.7378786914194815,-12.85779587538116,1.7398467296524174,-22.808939277773465,29.41995,-8.218005060327318,17.51338401856461,-9.30361511476252,0.5,3,-10,10,500,0.7,1,eq,1,6.5,0,5
5.327510845438027,-11.073186114760825,1.7398467296524174,-24.969935069793394,29.41995,-10.411269960505159,17.51338401856461,-11.145798887801096,0.5,3,-10,10,500,0.7,1,eq,1,35,5,5
3.7378786914194815,-14.936640119945,1.7398467296524174,-24.887783522337305,29.41995,-10.327891683573364,17.51338401856461,-11.075767169892782,0.5,3,-10,10,500,0.7,1,eq,0.5,6.5,0,5
5.327510845438027,-14.048893679109554,1.7398467296524174,-27.945642634142125,29.41995,-13.431412331075883,17.51338401856461,-13.682499888615363,0.5,3,-10,10,500,0.7,1,eq,0.5,6.5,5,5
3.7378786914194815,-14.294863446949414,1.7398467296524174,-24.24600684934172,29.41995,-9.676531668938587,17.51338401856461,-10.528671901432807,0.5,3,-10,10,500,0.7,1,eq,1,35,0,5
5.327510845438027,-16.43988535183849,1.7398467296524174,-30.336634306871055,29.41995,-15.858107529419275,17.51338401856461,-15.720748217003088,0.5,3,-10,10,500,0.7,1,eq,0.5,35,5,5
3.7378786914194815,-18.035901907714646,1.7398467296524174,-27.987045310106954,29.41995,-13.473433253231088,17.51338401856461,-13.717794421854833,0.5,3,-10,10,500,0.7,1,eq,0.5,35,0,5
5.327510845438027,-11.073186114760825,1.7398467296524174,-23.734171772146524,29.41995,-10.845678067810615,17.51338401856461,-11.510670256548948,0.5,3,-10,10,500,0.7,1,eff,1,6.5,5,5
5.327510845438027,-11.073186114760825,1.7398467296524174,-23.734171772146524,29.41995,-10.845678067810615,17.51338401856461,-11.510670256548948,0.5,3,-10,10,500,0.7,1,eff,1,35,5,5
3.7378786914194815,-12.85779587538116,1.7398467296524174,-21.812804903588386,29.41995,-8.89894392655792,17.51338401856461,-9.875554477718374,0.5,3,-10,10,500,0.7,1,eff,1,6.5,0,5
3.7378786914194815,-14.294863446949414,1.7398467296524174,-23.249872475156643,29.41995,-10.354984701777617,17.51338401856461,-11.098523344258426,0.5,3,-10,10,500,0.7,1,eff,1,35,0,5
3.7378786914194815,-18.035901907714646,1.7398467296524174,-26.990910935921875,29.41995,-14.14541505356437,17.51338401856461,-14.28221049774747,0.5,3,-10,10,500,0.7,1,eff,0.5,35,0,5
5.327510845438027,-16.43988535183849,1.7398467296524174,-29.1008710092242,29.41995,-16.283232343415918,17.51338401856461,-16.077822291273414,0.5,3,-10,10,500,0.7,1,eff,0.5,35,5,5
5.327510845438027,-14.048893679109554,1.7398467296524174,-26.709879336495256,29.41995,-13.86067307205553,17.51338401856461,-14.043047842203226,0.5,3,-10,10,500,0.7,1,eff,0.5,6.5,5,5
3.7378786914194815,-14.936640119945,1.7398467296524174,-23.891649148152226,29.41995,-11.00523457386351,17.51338401856461,-11.64468617332659,0.5,3,-10,10,500,0.7,1,eff,0.5,6.5,0,5
5.327510845438027,-11.073186114760825,1.6648435882347152,-25.825172705597662,29.41995,-11.11181218068148,17.51338401856461,-11.734203649228947,0.5,3,-10,10,500,0.8,0.5,eq,1,6.5,5,5
3.7378786914194815,-12.85779587538116,1.6648435882347152,-23.607524244155858,29.41995,-8.86066728860045,17.51338401856461,-9.843404872202921,0.5,3,-10,10,500,0.8,0.5,eq,1,6.5,0,5
3.7378786914194815,-14.936640119945,1.6648435882347152,-25.686368488719694,29.41995,-10.970911398049482,17.51338401856461,-11.615857189869683,0.5,3,-10,10,500,0.8,0.5,eq,0.5,6.5,0,5
5.327510845438027,-11.073186114760825,1.6648435882347152,-25.825172705597662,29.41995,-11.11181218068148,17.51338401856461,-11.734203649228947,0.5,3,-10,10,500,0.8,0.5,eq,1,35,5,5
5.327510845438027,-14.048893679109554,1.6648435882347152,-28.800880269946397,29.41995,-14.132466265430907,17.51338401856461,-14.271334452916618,0.5,3,-10,10,500,0.8,0.5,eq,0.5,6.5,5,5
3.7378786914194815,-14.294863446949414,1.6648435882347152,-25.04459181572411,29.41995,-10.31944102095479,17.51338401856461,-11.068669224931217,0.5,3,-10,10,500,0.8,0.5,eq,1,35,0,5
3.7378786914194815,-18.035901907714646,1.6648435882347152,-28.785630276489343,29.41995,-14.116985928794934,17.51338401856461,-14.258332090571146,0.5,3,-10,10,500,0.8,0.5,eq,0.5,35,0,5
5.327510845438027,-16.43988535183849,1.6648435882347152,-31.19187194267533,29.41995,-16.559572628054156,17.51338401856461,-16.309928129540353,0.5,3,-10,10,500,0.8,0.5,eq,0.5,35,5,5
5.327510845438027,-11.073186114760825,1.6648435882347152,-24.512949812645264,29.41995,-11.512936469927965,17.51338401856461,-12.071119019808174,0.5,3,-10,10,500,0.8,0.5,eff,1,35,5,5
5.327510845438027,-14.048893679109554,1.6648435882347152,-27.488657376993988,29.41995,-14.528303174749476,17.51338401856461,-14.603808807043928,0.5,3,-10,10,500,0.8,0.5,eff,0.5,6.5,5,5
3.7378786914194815,-12.85779587538116,1.6648435882347152,-22.531082129549677,29.41995,-9.504655180355368,17.51338401856461,-10.384308091019756,0.5,3,-10,10,500,0.8,0.5,eff,1,6.5,0,5
3.7378786914194815,-14.936640119945,1.6648435882347152,-24.60992637411352,29.41995,-11.611205499468253,17.51338401856461,-12.153657892151726,0.5,3,-10,10,500,0.8,0.5,eff,0.5,6.5,0,5
5.327510845438027,-16.43988535183849,1.6648435882347152,-29.87964904972292,29.41995,-16.951161108514878,17.51338401856461,-16.63883411091782,0.5,3,-10,10,500,0.8,0.5,eff,0.5,35,5,5
3.7378786914194815,-14.294863446949414,1.6648435882347152,-23.968149701117934,29.41995,-10.96087546208669,17.51338401856461,-11.607427730037312,0.5,3,-10,10,500,0.8,0.5,eff,1,35,0,5
5.327510845438027,-11.073186114760825,1.6648435882347152,-24.512949812645264,29.41995,-11.512936469927965,17.51338401856461,-12.071119019808174,0.5,3,-10,10,500,0.8,0.5,eff,1,6.5,5,5
3.7378786914194815,-18.035901907714646,1.6648435882347152,-27.709188161883162,29.41995,-14.751773113062487,17.51338401856461,-14.791507381023195,0.5,3,-10,10,500,0.8,0.5,eff,0.5,35,0,5
5.327510845438027,-11.073186114760825,1.7398467296524174,-24.969935069793394,29.41995,-10.411269960505159,17.51338401856461,-11.145798887801096,0.5,3,-10,10,500,0.8,1,eq,1,6.5,5,5
3.7378786914194815,-12.85779587538116,1.7398467296524174,-22.808939277773465,29.41995,-8.218005060327318,17.51338401856461,-9.30361511476252,0.5,3,-10,10,500,0.8,1,eq,1,6.5,0,5
3.7378786914194815,-18.035901907714646,1.7398467296524174,-27.987045310106954,29.41995,-13.473433253231088,17.51338401856461,-13.717794421854833,0.5,3,-10,10,500,0.8,1,eq,0.5,35,0,5
3.7378786914194815,-14.936640119945,1.7398467296524174,-24.887783522337305,29.41995,-10.327891683573364,17.51338401856461,-11.075767169892782,0.5,3,-10,10,500,0.8,1,eq,0.5,6.5,0,5
5.327510845438027,-14.048893679109554,1.7398467296524174,-27.945642634142125,29.41995,-13.431412331075883,17.51338401856461,-13.682499888615363,0.5,3,-10,10,500,0.8,1,eq,0.5,6.5,5,5
5.327510845438027,-16.43988535183849,1.7398467296524174,-30.336634306871055,29.41995,-15.858107529419275,17.51338401856461,-15.720748217003088,0.5,3,-10,10,500,0.8,1,eq,0.5,35,5,5
3.7378786914194815,-14.294863446949414,1.7398467296524174,-24.24600684934172,29.41995,-9.676531668938587,17.51338401856461,-10.528671901432807,0.5,3,-10,10,500,0.8,1,eq,1,35,0,5
3.7378786914194815,-12.85779587538116,1.7398467296524174,-21.812804903588386,29.41995,-8.89894392655792,17.51338401856461,-9.875554477718374,0.5,3,-10,10,500,0.8,1,eff,1,6.5,0,5
5.327510845438027,-11.073186114760825,1.7398467296524174,-24.969935069793394,29.41995,-10.411269960505159,17.51338401856461,-11.145798887801096,0.5,3,-10,10,500,0.8,1,eq,1,35,5,5
5.327510845438027,-11.073186114760825,1.7398467296524174,-23.734171772146524,29.41995,-10.845678067810615,17.51338401856461,-11.510670256548948,0.5,3,-10,10,500,0.8,1,eff,1,6.5,5,5
3.7378786914194815,-14.294863446949414,1.7398467296524174,-23.249872475156643,29.41995,-10.354984701777617,17.51338401856461,-11.098523344258426,0.5,3,-10,10,500,0.8,1,eff,1,35,0,5
5.327510845438027,-14.048893679109554,1.7398467296524174,-26.709879336495256,29.41995,-13.86067307205553,17.51338401856461,-14.043047842203226,0.5,3,-10,10,500,0.8,1,eff,0.5,6.5,5,5
5.327510845438027,-11.073186114760825,1.7398467296524174,-23.734171772146524,29.41995,-10.845678067810615,17.51338401856461,-11.510670256548948,0.5,3,-10,10,500,0.8,1,eff,1,35,5,5
3.7378786914194815,-14.936640119945,1.7398467296524174,-23.891649148152226,29.41995,-11.00523457386351,17.51338401856461,-11.64468617332659,0.5,3,-10,10,500,0.8,1,eff,0.5,6.5,0,5
5.327510845438027,-16.43988535183849,1.7398467296524174,-29.1008710092242,29.41995,-16.283232343415918,17.51338401856461,-16.077822291273414,0.5,3,-10,10,500,0.8,1,eff,0.5,35,5,5
3.7378786914194815,-18.035901907714646,1.7398467296524174,-26.990910935921875,29.41995,-14.14541505356437,17.51338401856461,-14.28221049774747,0.5,3,-10,10,500,0.8,1,eff,0.5,35,0,5
