ry_ini_q,ry_ini_delta,ry_fin_q,ry_fin_delta,snow_q,snow_delta,obs_fin_q,obs_fin_delta,resub_factor,prcp_duration,temp_air_fin,prcp_perday,p_top,rh_surf,dt,ALPHA_RY_MODE,h_air,surface_wind,temp_air_init,temp_sea_init
7.482433334471366,-84.88041588240203,0.664380693404857,-399.7192866031986,0.20430520833333332,-296.69529736020627,2.8442700602312776,-122.5384206685185,0.2,0.25,-20,2,400,0.7,0.5,eq,1,6.5,10,15
7.482433334471366,-85.97479807941954,0.664380693404857,-400.81366880021613,0.20430520833333332,-297.9775096010269,2.8442700602312776,-122.5568410458695,0.2,0.25,-20,2,400,0.7,0.5,eq,1,35,10,15
10.361951210723882,-85.94628876042776,0.664380693404857,-432.29586968314135,0.20430520833333332,-334.8630359296928,2.8442700602312776,-123.08674186270329,0.2,0.25,-20,2,400,0.7,0.5,eq,0.5,6.5,15,15
10.361951210723882,-83.52037815475732,0.664380693404857,-413.54845266914066,0.20430520833333332,-320.64932608870566,2.8442700602312776,-122.88254641791386,0.2,0.25,-20,2,400,0.7,0.5,eff,1,6.5,15,15
7.482433334471366,-85.97479807941954,0.664380693404857,-384.49216239188587,0.20430520833333332,-286.9901322783288,2.8442700602312776,-122.39899538667298,0.2,0.25,-20,2,400,0.7,0.5,eff,1,35,10,15
7.482433334471366,-86.6232159880782,0.664380693404857,-385.14058030054457,0.20430520833333332,-287.74126822344186,2.8442700602312776,-122.40978627379006,0.2,0.25,-20,2,400,0.7,0.5,eff,0.5,6.5,10,15
10.361951210723882,-83.52037815475732,0.664380693404857,-429.86995907747075,0.20430520833333332,-332.02076356611934,2.8442700602312776,-123.04590952012795,0.2,0.25,-20,2,400,0.7,0.5,eq,1,6.5,15,15
7.482433334471366,-84.88041588240203,0.664380693404857,-383.39778019486835,0.20430520833333332,-285.7223853595178,2.8442700602312776,-122.38078281944998,0.2,0.25,-20,2,400,0.7,0.5,eff,1,6.5,10,15
10.361951210723882,-83.52037815475732,0.664380693404857,-429.86995907747075,0.20430520833333332,-332.02076356611934,2.8442700602312776,-123.04590952012795,0.2,0.25,-20,2,400,0.7,0.5,eq,1,35,15,15
7.482433334471366,-86.6232159880782,0.664380693404857,-401.4620867088748,0.20430520833333332,-298.73721620264257,2.8442700602312776,-122.56775505981533,0.2,0.25,-20,2,400,0.7,0.5,eq,0.5,6.5,10,15
10.361951210723882,-85.94628876042776,0.664380693404857,-415.9743632748111,0.20430520833333332,-323.4595332578499,2.8442700602312776,-122.92291810899758,0.2,0.25,-20,2,400,0.7,0.5,eff,0.5,6.5,15,15
10.361951210723882,-83.52037815475732,0.6968241909147566,-416.50939961443805,0.20430520833333332,-317.243564460968,2.8442700602312776,-122.8336189374598,0.2,0.25,-20,2,400,0.7,1,eq,1,6.5,15,15
7.482433334471366,-89.11140995875189,0.664380693404857,-403.9502806795485,0.20430520833333332,-301.6524616950858,2.8442700602312776,-122.60963574097872,0.2,0.25,-20,2,400,0.7,0.5,eq,0.5,35,10,15
10.361951210723882,-87.89424806992096,0.664380693404857,-434.2438289926345,0.20430520833333332,-337.1453256804154,2.8442700602312776,-123.11952944427074,0.2,0.25,-20,2,400,0.7,0.5,eq,0.5,35,15,15
10.361951210723882,-83.52037815475732,0.664380693404857,-413.54845266914066,0.20430520833333332,-320.64932608870566,2.8442700602312776,-122.88254641791386,0.2,0.25,-20,2,400,0.7,0.5,eff,1,35,15,15
10.361951210723882,-83.52037815475732,0.6968241909147566,-416.50939961443805,0.20430520833333332,-317.243564460968,2.8442700602312776,-122.8336189374598,0.2,0.25,-20,2,400,0.7,1,eq,1,35,15,15
7.482433334471366,-86.6232159880782,0.6968241909147566,-388.6063002891079,0.20430520833333332,-284.59334520722825,2.8442700602312776,-122.3645629262159,0.2,0.25,-20,2,400,0.7,1,eq,0.5,6.5,10,15
10.361951210723882,-85.94628876042776,0.6968241909147566,-403.30701092914245,0.20430520833333332,-309.5358818009773,2.8442700602312776,-122.72288966926304,0.2,0.25,-20,2,400,0.7,1,eff,0.5,6.5,15,15
7.482433334471366,-85.97479807941954,0.6968241909147566,-372.3295830894832,0.20430520833333332,-273.6901801499744,2.8442700602312776,-122.20792706806294,0.2,0.25,-20,2,400,0.7,1,eff,1,35,10,15
7.482433334471366,-85.97479807941954,0.6968241909147566,-387.9578823804492,0.20430520833333332,-283.834612758259,2.8442700602312776,-122.35366290703531,0.2,0.25,-20,2,400,0.7,1,eq,1,35,10,15
10.361951210723882,-87.89424806992096,0.6968241909147566,-420.8832695296017,0.20430520833333332,-322.3615554788261,2.8442700602312776,-122.90714446063511,0.2,0.25,-20,2,400,0.7,1,eq,0.5,35,15,15
10.361951210723882,-83.52037815475732,0.6968241909147566,-400.881100323472,0.20430520833333332,-306.7287259502628,2.8442700602312776,-122.68256181369664,0.2,0.25,-20,2,400,0.7,1,eff,1,6.5,15,15
10.361951210723882,-83.52037815475732,0.664380693404857,-429.86995907747075,0.20430520833333332,-332.02076356611934,2.8442700602312776,-123.04590952012795,0.2,0.25,-20,2,400,0.8,0.5,eq,1,6.5,15,15
7.482433334471366,-86.6232159880782,0.6968241909147566,-372.97800099814185,0.20430520833333332,-274.44050051300985,2.8442700602312776,-122.21870623845399,0.2,0.25,-20,2,400,0.7,1,eff,0.5,6.5,10,15
7.482433334471366,-84.88041588240203,0.6968241909147566,-386.8635001834317,0.20430520833333332,-282.5540446656484,2.8442700602312776,-122.3352661496665,0.2,0.25,-20,2,400,0.7,1,eq,1,6.5,10,15
7.482433334471366,-89.11140995875189,0.6968241909147566,-391.0944942597815,0.20430520833333332,-287.5048525541474,2.8442700602312776,-122.40638990484155,0.2,0.25,-20,2,400,0.7,1,eq,0.5,35,10,15
10.361951210723882,-85.94628876042776,0.6968241909147566,-418.9353102201085,0.20430520833333332,-320.0821922507279,2.8442700602312776,-122.8743989217571,0.2,0.25,-20,2,400,0.7,1,eq,0.5,6.5,15,15
10.361951210723882,-83.52037815475732,0.6968241909147566,-400.881100323472,0.20430520833333332,-306.7287259502628,2.8442700602312776,-122.68256181369664,0.2,0.25,-20,2,400,0.7,1,eff,1,35,15,15
10.361951210723882,-87.89424806992096,0.6968241909147566,-405.2549702386357,0.20430520833333332,-311.789973670783,2.8442700602312776,-122.75527215751569,0.2,0.25,-20,2,400,0.7,1,eff,0.5,35,15,15
10.361951210723882,-85.94628876042776,0.664380693404857,-432.29586968314135,0.20430520833333332,-334.8630359296928,2.8442700602312776,-123.08674186270329,0.2,0.25,-20,2,400,0.8,0.5,eq,0.5,6.5,15,15
7.482433334471366,-84.88041588240203,0.6968241909147566,-371.2352008924657,0.20430520833333332,-272.42380974869076,2.8442700602312776,-122.18973427601543,0.2,0.25,-20,2,400,0.7,1,eff,1,6.5,10,15
10.361951210723882,-87.89424806992096,0.664380693404857,-417.9223225843043,0.20430520833333332,-325.7160752771428,2.8442700602312776,-122.95533579631979,0.2,0.25,-20,2,400,0.7,0.5,eff,0.5,35,15,15
7.482433334471366,-85.97479807941954,0.664380693404857,-400.81366880021613,0.20430520833333332,-297.9775096010269,2.8442700602312776,-122.5568410458695,0.2,0.25,-20,2,400,0.8,0.5,eq,1,35,10,15
7.482433334471366,-89.11140995875189,0.6968241909147566,-375.46619496881556,0.20430520833333332,-277.31972790328797,2.8442700602312776,-122.26006948029477,0.2,0.25,-20,2,400,0.7,1,eff,0.5,35,10,15
10.361951210723882,-83.52037815475732,0.664380693404857,-429.86995907747075,0.20430520833333332,-332.02076356611934,2.8442700602312776,-123.04590952012795,0.2,0.25,-20,2,400,0.8,0.5,eq,1,35,15,15
7.482433334471366,-84.88041588240203,0.664380693404857,-399.7192866031986,0.20430520833333332,-296.69529736020627,2.8442700602312776,-122.5384206685185,0.2,0.25,-20,2,400,0.8,0.5,eq,1,6.5,10,15
10.361951210723882,-87.89424806992096,0.664380693404857,-434.2438289926345,0.20430520833333332,-337.1453256804154,2.8442700602312776,-123.11952944427074,0.2,0.25,-20,2,400,0.8,0.5,eq,0.5,35,15,15
7.482433334471366,-86.6232159880782,0.664380693404857,-401.4620867088748,0.20430520833333332,-298.73721620264257,2.8442700602312776,-122.56775505981533,0.2,0.25,-20,2,400,0.8,0.5,eq,0.5,6.5,10,15
10.361951210723882,-83.52037815475732,0.664380693404857,-413.54845266914066,0.20430520833333332,-320.64932608870566,2.8442700602312776,-122.88254641791386,0.2,0.25,-20,2,400,0.8,0.5,eff,1,35,15,15
10.361951210723882,-83.52037815475732,0.664380693404857,-413.54845266914066,0.20430520833333332,-320.64932608870566,2.8442700602312776,-122.88254641791386,0.2,0.25,-20,2,400,0.8,0.5,eff,1,6.5,15,15
7.482433334471366,-86.6232159880782,0.664380693404857,-385.14058030054457,0.20430520833333332,-287.74126822344186,2.8442700602312776,-122.40978627379006,0.2,0.25,-20,2,400,0.8,0.5,eff,0.5,6.5,10,15
10.361951210723882,-85.94628876042776,0.664380693404857,-415.9743632748111,0.20430520833333332,-323.4595332578499,2.8442700602312776,-122.92291810899758,0.2,0.25,-20,2,400,0.8,0.5,eff,0.5,6.5,15,15
7.482433334471366,-84.88041588240203,0.664380693404857,-383.39778019486835,0.20430520833333332,-285.7223853595178,2.8442700602312776,-122.38078281944998,0.2,0.25,-20,2,400,0.8,0.5,eff,1,6.5,10,15
7.482433334471366,-89.11140995875189,0.664380693404857,-403.9502806795485,0.20430520833333332,-301.6524616950858,2.8442700602312776,-122.60963574097872,0.2,0.25,-20,2,400,0.8,0.5,eq,0.5,35,10,15
10.361951210723882,-87.89424806992096,0.664380693404857,-417.9223225843043,0.20430520833333332,-325.7160752771428,2.8442700602312776,-122.95533579631979,0.2,0.25,-20,2,400,0.8,0.5,eff,0.5,35,15,15
7.482433334471366,-85.97479807941954,0.664380693404857,-384.49216239188587,0.20430520833333332,-286.9901322783288,2.8442700602312776,-122.39899538667298,0.2,0.25,-20,2,400,0.8,0.5,eff,1,35,10,15
7.482433334471366,-84.88041588240203,0.6968241909147566,-386.8635001834317,0.20430520833333332,-282.5540446656484,2.8442700602312776,-122.3352661496665,0.2,0.25,-20,2,400,0.8,1,eq,1,6.5,10,15
10.361951210723882,-83.52037815475732,0.6968241909147566,-416.50939961443805,0.20430520833333332,-317.243564460968,2.8442700602312776,-122.8336189374598,0.2,0.25,-20,2,400,0.8,1,eq,1,6.5,15,15
10.361951210723882,-83.52037815475732,0.6968241909147566,-400.881100323472,0.20430520833333332,-306.7287259502628,2.8442700602312776,-122.68256181369664,0.2,0.25,-20,2,400,0.8,1,eff,1,35,15,15
10.361951210723882,-83.52037815475732,0.6968241909147566,-416.50939961443805,0.20430520833333332,-317.243564460968,2.8442700602312776,-122.8336189374598,0.2,0.25,-20,2,400,0.8,1,eq,1,35,15,15
7.482433334471366,-89.11140995875189,0.664380693404857,-387.6287742712182,0.20430520833333332,-290.6236252722558,2.8442700602312776,-122.45119447658925,0.2,0.25,-20,2,400,0.8,0.5,eff,0.5,35,10,15
7.482433334471366,-86.6232159880782,0.6968241909147566,-388.6063002891079,0.20430520833333332,-284.59334520722825,2.8442700602312776,-122.3645629262159,0.2,0.25,-20,2,400,0.8,1,eq,0.5,6.5,10,15
10.361951210723882,-85.94628876042776,0.6968241909147566,-418.9353102201085,0.20430520833333332,-320.0821922507279,2.8442700602312776,-122.8743989217571,0.2,0.25,-20,2,400,0.8,1,eq,0.5,6.5,15,15
7.482433334471366,-89.11140995875189,0.664380693404857,-387.6287742712182,0.20430520833333332,-290.6236252722558,2.8442700602312776,-122.45119447658925,0.2,0.25,-20,2,400,0.7,0.5,eff,0.5,35,10,15
7.482433334471366,-84.88041588240203,0.6968241909147566,-371.2352008924657,0.20430520833333332,-272.42380974869076,2.8442700602312776,-122.18973427601543,0.2,0.25,-20,2,400,0.8,1,eff,1,6.5,10,15
7.482433334471366,-89.11140995875189,0.6968241909147566,-391.0944942597815,0.20430520833333332,-287.5048525541474,2.8442700602312776,-122.40638990484155,0.2,0.25,-20,2,400,0.8,1,eq,0.5,35,10,15
10.361951210723882,-83.52037815475732,0.6968241909147566,-400.881100323472,0.20430520833333332,-306.7287259502628,2.8442700602312776,-122.68256181369664,0.2,0.25,-20,2,400,0.8,1,eff,1,6.5,15,15
7.482433334471366,-89.11140995875189,0.6968241909147566,-375.46619496881556,0.20430520833333332,-277.31972790328797,2.8442700602312776,-122.26006948029477,0.2,0.25,-20,2,400,0.8,1,eff,0.5,35,10,15
7.482433334471366,-85.97479807941954,0.6968241909147566,-372.3295830894832,0.20430520833333332,-273.6901801499744,2.8442700602312776,-122.20792706806294,0.2,0.25,-20,2,400,0.8,1,eff,1,35,10,15
10.361951210723882,-83.52037815475732,0.664380693404857,-429.86995907747075,0.3064578125,-332.0221949814238,2.864700581064611,-124.53631060118053,0.2,0.25,-20,2,500,0.7,0.5,eq,1,35,15,15
7.482433334471366,-84.88041588240203,0.664380693404857,-399.7192866031986,0.3064578125,-296.6967287754952,2.864700581064611,-123.78050630033532,0.2,0.25,-20,2,500,0.7,0.5,eq,1,6.5,10,15
10.361951210723882,-87.89424806992096,0.6968241909147566,-405.2549702386357,0.20430520833333332,-311.789973670783,2.8442700602312776,-122.75527215751569,0.2,0.25,-20,2,400,0.8,1,eff,0.5,35,15,15
10.361951210723882,-85.94628876042776,0.664380693404857,-432.29586968314135,0.3064578125,-334.8644673451259,2.864700581064611,-124.59712230184239,0.2,0.25,-20,2,500,0.7,0.5,eq,0.5,6.5,15,15
10.361951210723882,-83.52037815475732,0.664380693404857,-429.86995907747075,0.3064578125,-332.0221949814238,2.864700581064611,-124.53631060118053,0.2,0.25,-20,2,500,0.7,0.5,eq,1,6.5,15,15
10.361951210723882,-87.89424806992096,0.6968241909147566,-420.8832695296017,0.20430520833333332,-322.3615554788261,2.8442700602312776,-122.90714446063511,0.2,0.25,-20,2,400,0.8,1,eq,0.5,35,15,15
10.361951210723882,-85.94628876042776,0.6968241909147566,-403.30701092914245,0.20430520833333332,-309.5358818009773,2.8442700602312776,-122.72288966926304,0.2,0.25,-20,2,400,0.8,1,eff,0.5,6.5,15,15
7.482433334471366,-85.97479807941954,0.6968241909147566,-387.9578823804492,0.20430520833333332,-283.834612758259,2.8442700602312776,-122.35366290703531,0.2,0.25,-20,2,400,0.8,1,eq,1,35,10,15
7.482433334471366,-89.11140995875189,0.664380693404857,-403.9502806795485,0.3064578125,-301.6538931103783,2.864700581064611,-123.88656706970936,0.2,0.25,-20,2,500,0.7,0.5,eq,0.5,35,10,15
7.482433334471366,-86.6232159880782,0.6968241909147566,-372.97800099814185,0.20430520833333332,-274.44050051300985,2.8442700602312776,-122.21870623845399,0.2,0.25,-20,2,400,0.8,1,eff,0.5,6.5,10,15
10.361951210723882,-87.89424806992096,0.664380693404857,-434.2438289926345,0.3064578125,-337.1467570953256,2.864700581064611,-124.64595292162583,0.2,0.25,-20,2,500,0.7,0.5,eq,0.5,35,15,15
7.482433334471366,-86.6232159880782,0.664380693404857,-385.14058030054457,0.3064578125,-287.7425744963905,2.864700581064611,-123.58892812624612,0.2,0.25,-20,2,500,0.7,0.5,eff,0.5,6.5,10,15
10.361951210723882,-87.89424806992096,0.664380693404857,-417.9223225843043,0.3064578125,-325.71738155002504,2.864700581064611,-124.40141627084955,0.2,0.25,-20,2,500,0.7,0.5,eff,0.5,35,15,15
7.482433334471366,-84.88041588240203,0.6968241909147566,-386.8635001834317,0.3064578125,-282.5553957545562,2.864700581064611,-123.47794609477126,0.2,0.25,-20,2,500,0.7,1,eq,1,6.5,10,15
10.361951210723882,-83.52037815475732,0.6968241909147566,-416.50939961443805,0.3064578125,-317.24491554974287,2.864700581064611,-124.22014403499415,0.2,0.25,-20,2,500,0.7,1,eq,1,35,15,15
7.482433334471366,-89.11140995875189,0.664380693404857,-387.6287742712182,0.3064578125,-290.6249315453672,2.864700581064611,-123.65059745685004,0.2,0.25,-20,2,500,0.7,0.5,eff,0.5,35,10,15
10.361951210723882,-83.52037815475732,0.664380693404857,-413.54845266914066,0.3064578125,-320.6506323619626,2.864700581064611,-124.29301088405809,0.2,0.25,-20,2,500,0.7,0.5,eff,1,35,15,15
10.361951210723882,-83.52037815475732,0.664380693404857,-413.54845266914066,0.3064578125,-320.6506323619626,2.864700581064611,-124.29301088405809,0.2,0.25,-20,2,500,0.7,0.5,eff,1,6.5,15,15
10.361951210723882,-85.94628876042776,0.664380693404857,-415.9743632748111,0.3064578125,-323.4608395307417,2.864700581064611,-124.35313653539536,0.2,0.25,-20,2,500,0.7,0.5,eff,0.5,6.5,15,15
7.482433334471366,-84.88041588240203,0.664380693404857,-383.39778019486835,0.3064578125,-285.72369163246594,2.864700581064611,-123.54573321573703,0.2,0.25,-20,2,500,0.7,0.5,eff,1,6.5,10,15
7.482433334471366,-85.97479807941954,0.664380693404857,-400.81366880021613,0.3064578125,-297.9789410164235,2.864700581064611,-123.80793981021854,0.2,0.25,-20,2,500,0.7,0.5,eq,1,35,10,15
7.482433334471366,-85.97479807941954,0.6968241909147566,-387.9578823804492,0.3064578125,-283.8359638471384,2.864700581064611,-123.50534442735828,0.2,0.25,-20,2,500,0.7,1,eq,1,35,10,15
10.361951210723882,-85.94628876042776,0.6968241909147566,-418.9353102201085,0.3064578125,-320.0835433392766,2.864700581064611,-124.28087775834618,0.2,0.25,-20,2,500,0.7,1,eq,0.5,6.5,15,15
7.482433334471366,-89.11140995875189,0.6968241909147566,-391.0944942597815,0.3064578125,-287.5062036428776,2.864700581064611,-123.58387086510092,0.2,0.25,-20,2,500,0.7,1,eq,0.5,35,10,15
10.361951210723882,-83.52037815475732,0.6968241909147566,-416.50939961443805,0.3064578125,-317.24491554974287,2.864700581064611,-124.22014403499415,0.2,0.25,-20,2,500,0.7,1,eq,1,6.5,15,15
10.361951210723882,-85.94628876042776,0.6968241909147566,-403.30701092914245,0.3064578125,-309.5371160245925,2.864700581064611,-124.05523218366288,0.2,0.25,-20,2,500,0.7,1,eff,0.5,6.5,15,15
7.482433334471366,-85.97479807941954,0.664380693404857,-384.49216239188587,0.3064578125,-286.99143855123845,2.864700581064611,-123.57285723352096,0.2,0.25,-20,2,500,0.7,0.5,eff,1,35,10,15
7.482433334471366,-86.6232159880782,0.6968241909147566,-388.6063002891079,0.3064578125,-284.5946962961357,2.864700581064611,-123.5215778507135,0.2,0.25,-20,2,500,0.7,1,eq,0.5,6.5,10,15
10.361951210723882,-87.89424806992096,0.6968241909147566,-420.8832695296017,0.3064578125,-322.3629065675806,2.864700581064611,-124.32964576387218,0.2,0.25,-20,2,500,0.7,1,eq,0.5,35,15,15
7.482433334471366,-85.97479807941954,0.6968241909147566,-372.3295830894832,0.3064578125,-273.6914143734671,2.864700581064611,-123.28829721055313,0.2,0.25,-20,2,500,0.7,1,eff,1,35,10,15
7.482433334471366,-86.6232159880782,0.6968241909147566,-372.97800099814185,0.3064578125,-274.4417347366206,2.864700581064611,-123.30435065353329,0.2,0.25,-20,2,500,0.7,1,eff,0.5,6.5,10,15
10.361951210723882,-83.52037815475732,0.6968241909147566,-400.881100323472,0.3064578125,-306.72996017374794,2.864700581064611,-123.99517181665043,0.2,0.25,-20,2,500,0.7,1,eff,1,35,15,15
10.361951210723882,-87.89424806992096,0.6968241909147566,-405.2549702386357,0.3064578125,-311.79120789425855,2.864700581064611,-124.10345949705948,0.2,0.25,-20,2,500,0.7,1,eff,0.5,35,15,15
7.482433334471366,-89.11140995875189,0.6968241909147566,-375.46619496881556,0.3064578125,-277.3209621270576,2.864700581064611,-123.36595302367937,0.2,0.25,-20,2,500,0.7,1,eff,0.5,35,10,15
7.482433334471366,-84.88041588240203,0.6968241909147566,-371.2352008924657,0.3064578125,-272.42504397234205,2.864700581064611,-123.261202643986,0.2,0.25,-20,2,500,0.7,1,eff,1,6.5,10,15
10.361951210723882,-83.52037815475732,0.6968241909147566,-400.881100323472,0.3064578125,-306.72996017374794,2.864700581064611,-123.99517181665043,0.2,0.25,-20,2,500,0.7,1,eff,1,6.5,15,15
7.482433334471366,-84.88041588240203,0.664380693404857,-399.7192866031986,0.3064578125,-296.6967287754952,2.864700581064611,-123.78050630033532,0.2,0.25,-20,2,500,0.8,0.5,eq,1,6.5,10,15
7.482433334471366,-86.6232159880782,0.664380693404857,-401.4620867088748,0.3064578125,-298.7386476179245,2.864700581064611,-123.82419407600642,0.2,0.25,-20,2,500,0.7,0.5,eq,0.5,6.5,10,15
10.361951210723882,-83.52037815475732,0.664380693404857,-429.86995907747075,0.3064578125,-332.0221949814238,2.864700581064611,-124.53631060118053,0.2,0.25,-20,2,500,0.8,0.5,eq,1,6.5,15,15
7.482433334471366,-85.97479807941954,0.664380693404857,-400.81366880021613,0.3064578125,-297.9789410164235,2.864700581064611,-123.80793981021854,0.2,0.25,-20,2,500,0.8,0.5,eq,1,35,10,15
10.361951210723882,-85.94628876042776,0.664380693404857,-432.29586968314135,0.3064578125,-334.8644673451259,2.864700581064611,-124.59712230184239,0.2,0.25,-20,2,500,0.8,0.5,eq,0.5,6.5,15,15
7.482433334471366,-86.6232159880782,0.664380693404857,-401.4620867088748,0.3064578125,-298.7386476179245,2.864700581064611,-123.82419407600642,0.2,0.25,-20,2,500,0.8,0.5,eq,0.5,6.5,10,15
10.361951210723882,-83.52037815475732,0.664380693404857,-413.54845266914066,0.3064578125,-320.6506323619626,2.864700581064611,-124.29301088405809,0.2,0.25,-20,2,500,0.8,0.5,eff,1,6.5,15,15
7.482433334471366,-85.97479807941954,0.664380693404857,-384.49216239188587,0.3064578125,-286.99143855123845,2.864700581064611,-123.57285723352096,0.2,0.25,-20,2,500,0.8,0.5,eff,1,35,10,15
7.482433334471366,-84.88041588240203,0.664380693404857,-383.39778019486835,0.3064578125,-285.72369163246594,2.864700581064611,-123.54573321573703,0.2,0.25,-20,2,500,0.8,0.5,eff,1,6.5,10,15
10.361951210723882,-85.94628876042776,0.664380693404857,-415.9743632748111,0.3064578125,-323.4608395307417,2.864700581064611,-124.35313653539536,0.2,0.25,-20,2,500,0.8,0.5,eff,0.5,6.5,15,15
7.482433334471366,-86.6232159880782,0.664380693404857,-385.14058030054457,0.3064578125,-287.7425744963905,2.864700581064611,-123.58892812624612,0.2,0.25,-20,2,500,0.8,0.5,eff,0.5,6.5,10,15
10.361951210723882,-87.89424806992096,0.664380693404857,-417.9223225843043,0.3064578125,-325.71738155002504,2.864700581064611,-124.40141627084955,0.2,0.25,-20,2,500,0.8,0.5,eff,0.5,35,15,15
10.361951210723882,-87.89424806992096,0.664380693404857,-434.2438289926345,0.3064578125,-337.1467570953256,2.864700581064611,-124.64595292162583,0.2,0.25,-20,2,500,0.8,0.5,eq,0.5,35,15,15
10.361951210723882,-83.52037815475732,0.6968241909147566,-416.50939961443805,0.3064578125,-317.24491554974287,2.864700581064611,-124.22014403499415,0.2,0.25,-20,2,500,0.8,1,eq,1,35,15,15
7.482433334471366,-84.88041588240203,0.6968241909147566,-386.8635001834317,0.3064578125,-282.5553957545562,2.864700581064611,-123.47794609477126,0.2,0.25,-20,2,500,0.8,1,eq,1,6.5,10,15
7.482433334471366,-89.11140995875189,0.664380693404857,-403.9502806795485,0.3064578125,-301.6538931103783,2.864700581064611,-123.88656706970936,0.2,0.25,-20,2,500,0.8,0.5,eq,0.5,35,10,15
10.361951210723882,-85.94628876042776,0.6968241909147566,-418.9353102201085,0.3064578125,-320.0835433392766,2.864700581064611,-124.28087775834618,0.2,0.25,-20,2,500,0.8,1,eq,0.5,6.5,15,15
10.361951210723882,-83.52037815475732,0.6968241909147566,-416.50939961443805,0.3064578125,-317.24491554974287,2.864700581064611,-124.22014403499415,0.2,0.25,-20,2,500,0.8,1,eq,1,6.5,15,15
10.361951210723882,-83.52037815475732,0.664380693404857,-429.86995907747075,0.3064578125,-332.0221949814238,2.864700581064611,-124.53631060118053,0.2,0.25,-20,2,500,0.8,0.5,eq,1,35,15,15
10.361951210723882,-83.52037815475732,0.664380693404857,-413.54845266914066,0.3064578125,-320.6506323619626,2.864700581064611,-124.29301088405809,0.2,0.25,-20,2,500,0.8,0.5,eff,1,35,15,15
10.361951210723882,-87.89424806992096,0.6968241909147566,-420.8832695296017,0.3064578125,-322.3629065675806,2.864700581064611,-124.32964576387218,0.2,0.25,-20,2,500,0.8,1,eq,0.5,35,15,15
7.482433334471366,-85.97479807941954,0.6968241909147566,-387.9578823804492,0.3064578125,-283.8359638471384,2.864700581064611,-123.50534442735828,0.2,0.25,-20,2,500,0.8,1,eq,1,35,10,15
7.482433334471366,-86.6232159880782,0.6968241909147566,-388.6063002891079,0.3064578125,-284.5946962961357,2.864700581064611,-123.5215778507135,0.2,0.25,-20,2,500,0.8,1,eq,0.5,6.5,10,15
7.482433334471366,-89.11140995875189,0.6968241909147566,-391.0944942597815,0.3064578125,-287.5062036428776,2.864700581064611,-123.58387086510092,0.2,0.25,-20,2,500,0.8,1,eq,0.5,35,10,15
10.361951210723882,-83.52037815475732,0.6968241909147566,-400.881100323472,0.3064578125,-306.72996017374794,2.864700581064611,-123.99517181665043,0.2,0.25,-20,2,500,0.8,1,eff,1,6.5,15,15
7.482433334471366,-85.97479807941954,0.6968241909147566,-372.3295830894832,0.3064578125,-273.6914143734671,2.864700581064611,-123.28829721055313,0.2,0.25,-20,2,500,0.8,1,eff,1,35,10,15
10.361951210723882,-87.89424806992096,0.6968241909147566,-405.2549702386357,0.3064578125,-311.79120789425855,2.864700581064611,-124.10345949705948,0.2,0.25,-20,2,500,0.8,1,eff,0.5,35,15,15
10.361951210723882,-83.52037815475732,0.664380693404857,-429.86995907747075,1.0215260416666667,-332.03221488772317,3.0077142268979444,-134.40272664490894,0.2,0.25,-20,10,400,0.7,0.5,eq,1,6.5,15,15
7.482433334471366,-89.11140995875189,0.664380693404857,-387.6287742712182,0.3064578125,-290.6249315453672,2.864700581064611,-123.65059745685004,0.2,0.25,-20,2,500,0.8,0.5,eff,0.5,35,10,15
10.361951210723882,-85.94628876042776,0.6968241909147566,-403.30701092914245,0.3064578125,-309.5371160245925,2.864700581064611,-124.05523218366288,0.2,0.25,-20,2,500,0.8,1,eff,0.5,6.5,15,15
7.482433334471366,-84.88041588240203,0.6968241909147566,-371.2352008924657,0.3064578125,-272.42504397234205,2.864700581064611,-123.261202643986,0.2,0.25,-20,2,500,0.8,1,eff,1,6.5,10,15
7.482433334471366,-86.6232159880782,0.6968241909147566,-372.97800099814185,0.3064578125,-274.4417347366206,2.864700581064611,-123.30435065353329,0.2,0.25,-20,2,500,0.8,1,eff,0.5,6.5,10,15
7.482433334471366,-84.88041588240203,0.664380693404857,-399.7192866031986,1.0215260416666667,-296.7067486818449,3.0077142268979444,-132.00317130546836,0.2,0.25,-20,10,400,0.7,0.5,eq,1,6.5,10,15
10.361951210723882,-83.52037815475732,0.664380693404857,-429.86995907747075,1.0215260416666667,-332.03221488772317,3.0077142268979444,-134.40272664490894,0.2,0.25,-20,10,400,0.7,0.5,eq,1,35,15,15
10.361951210723882,-85.94628876042776,0.664380693404857,-432.29586968314135,1.0215260416666667,-334.8744872516556,3.0077142268979444,-134.59579387259302,0.2,0.25,-20,10,400,0.7,0.5,eq,0.5,6.5,15,15
10.361951210723882,-83.52037815475732,0.6968241909147566,-400.881100323472,0.3064578125,-306.72996017374794,2.864700581064611,-123.99517181665043,0.2,0.25,-20,2,500,0.8,1,eff,1,35,15,15
7.482433334471366,-86.6232159880782,0.664380693404857,-401.4620867088748,1.0215260416666667,-298.7486675244338,3.0077142268979444,-132.1418728652123,0.2,0.25,-20,10,400,0.7,0.5,eq,0.5,6.5,10,15
7.482433334471366,-89.11140995875189,0.664380693404857,-403.9502806795485,1.0215260416666667,-301.6639130166869,3.0077142268979444,-132.3398969435343,0.2,0.25,-20,10,400,0.7,0.5,eq,0.5,35,10,15
10.361951210723882,-87.89424806992096,0.664380693404857,-434.2438289926345,1.0215260416666667,-337.1567770018883,3.0077142268979444,-134.75082312328712,0.2,0.25,-20,10,400,0.7,0.5,eq,0.5,35,15,15
7.482433334471366,-85.97479807941954,0.664380693404857,-400.81366880021613,1.0215260416666667,-297.9889609229593,3.0077142268979444,-132.09026822335557,0.2,0.25,-20,10,400,0.7,0.5,eq,1,35,10,15
10.361951210723882,-83.52037815475732,0.664380693404857,-413.54845266914066,1.0215260416666667,-320.6597762726034,3.0077142268979444,-133.63023023559518,0.2,0.25,-20,10,400,0.7,0.5,eff,1,6.5,15,15
7.482433334471366,-84.88041588240203,0.664380693404857,-383.39778019486835,1.0215260416666667,-285.73283554311473,3.0077142268979444,-131.25774556322534,0.2,0.25,-20,10,400,0.7,0.5,eff,1,6.5,10,15
7.482433334471366,-89.11140995875189,0.6968241909147566,-375.46619496881556,0.3064578125,-277.3209621270576,2.864700581064611,-123.36595302367937,0.2,0.25,-20,2,500,0.8,1,eff,0.5,35,10,15
7.482433334471366,-89.11140995875189,0.664380693404857,-387.6287742712182,1.0215260416666667,-290.63407545612597,3.0077142268979444,-131.59067241929577,0.2,0.25,-20,10,400,0.7,0.5,eff,0.5,35,10,15
10.361951210723882,-85.94628876042776,0.664380693404857,-415.9743632748111,1.0215260416666667,-323.46998344175654,3.0077142268979444,-133.8211193686183,0.2,0.25,-20,10,400,0.7,0.5,eff,0.5,6.5,15,15
10.361951210723882,-83.52037815475732,0.6968241909147566,-416.50939961443805,1.0215260416666667,-317.25437317098454,3.0077142268979444,-133.39891118808967,0.2,0.25,-20,10,400,0.7,1,eq,1,6.5,15,15
10.361951210723882,-83.52037815475732,0.664380693404857,-413.54845266914066,1.0215260416666667,-320.6597762726034,3.0077142268979444,-133.63023023559518,0.2,0.25,-20,10,400,0.7,0.5,eff,1,35,15,15
7.482433334471366,-85.97479807941954,0.6968241909147566,-387.9578823804492,1.0215260416666667,-283.8454214686215,3.0077142268979444,-131.12953905934532,0.2,0.25,-20,10,400,0.7,1,eq,1,35,10,15
7.482433334471366,-86.6232159880782,0.664380693404857,-385.14058030054457,1.0215260416666667,-287.75171840703644,3.0077142268979444,-131.39488235648366,0.2,0.25,-20,10,400,0.7,0.5,eff,0.5,6.5,10,15
10.361951210723882,-87.89424806992096,0.6968241909147566,-420.8832695296017,1.0215260416666667,-322.3723641888127,3.0077142268979444,-133.74656131116126,0.2,0.25,-20,10,400,0.7,1,eq,0.5,35,15,15
7.482433334471366,-85.97479807941954,0.664380693404857,-384.49216239188587,1.0215260416666667,-287.00058246188684,3.0077142268979444,-131.34385989418053,0.2,0.25,-20,10,400,0.7,0.5,eff,1,35,10,15
10.361951210723882,-85.94628876042776,0.6968241909147566,-418.9353102201085,1.0215260416666667,-320.09300096075003,3.0077142268979444,-133.591730850537,0.2,0.25,-20,10,400,0.7,1,eq,0.5,6.5,15,15
10.361951210723882,-83.52037815475732,0.6968241909147566,-416.50939961443805,1.0215260416666667,-317.25437317098454,3.0077142268979444,-133.39891118808967,0.2,0.25,-20,10,400,0.7,1,eq,1,35,15,15
7.482433334471366,-84.88041588240203,0.6968241909147566,-386.8635001834317,1.0215260416666667,-282.56485337600986,3.0077142268979444,-131.04255382364505,0.2,0.25,-20,10,400,0.7,1,eq,1,6.5,10,15
7.482433334471366,-84.88041588240203,0.6968241909147566,-371.2352008924657,1.0215260416666667,-272.43368353744006,3.0077142268979444,-130.3543731627236,0.2,0.25,-20,10,400,0.7,1,eff,1,6.5,10,15
10.361951210723882,-83.52037815475732,0.6968241909147566,-400.881100323472,1.0215260416666667,-306.7385997391663,3.0077142268979444,-132.68460553279814,0.2,0.25,-20,10,400,0.7,1,eff,1,6.5,15,15
7.482433334471366,-86.6232159880782,0.6968241909147566,-388.6063002891079,1.0215260416666667,-284.6041539175842,3.0077142268979444,-131.1810775298784,0.2,0.25,-20,10,400,0.7,1,eq,0.5,6.5,10,15
10.361951210723882,-87.89424806992096,0.664380693404857,-417.9223225843043,1.0215260416666667,-325.726525460795,3.0077142268979444,-133.97439965142888,0.2,0.25,-20,10,400,0.7,0.5,eff,0.5,35,15,15
10.361951210723882,-83.52037815475732,0.6968241909147566,-400.881100323472,1.0215260416666667,-306.7385997391663,3.0077142268979444,-132.68460553279814,0.2,0.25,-20,10,400,0.7,1,eff,1,35,15,15
7.482433334471366,-89.11140995875189,0.6968241909147566,-391.0944942597815,1.0215260416666667,-287.5156612644784,3.0077142268979444,-131.37884768694707,0.2,0.25,-20,10,400,0.7,1,eq,0.5,35,10,15
10.361951210723882,-87.89424806992096,0.6968241909147566,-405.2549702386357,1.0215260416666667,-311.79984745968835,3.0077142268979444,-133.0284012500642,0.2,0.25,-20,10,400,0.7,1,eff,0.5,35,15,15
10.361951210723882,-85.94628876042776,0.6968241909147566,-403.30701092914245,1.0215260416666667,-309.54575559001387,3.0077142268979444,-132.87528739871556,0.2,0.25,-20,10,400,0.7,1,eff,0.5,6.5,15,15
7.482433334471366,-86.6232159880782,0.6968241909147566,-372.97800099814185,1.0215260416666667,-274.45037430160124,3.0077142268979444,-130.4913610530728,0.2,0.25,-20,10,400,0.7,1,eff,0.5,6.5,10,15
7.482433334471366,-89.11140995875189,0.6968241909147566,-375.46619496881556,1.0215260416666667,-277.3296016921607,3.0077142268979444,-130.68693852735757,0.2,0.25,-20,10,400,0.7,1,eff,0.5,35,10,15
7.482433334471366,-85.97479807941954,0.6968241909147566,-372.3295830894832,1.0215260416666667,-273.7000539388826,3.0077142268979444,-130.4403939908928,0.2,0.25,-20,10,400,0.7,1,eff,1,35,10,15
10.361951210723882,-83.52037815475732,0.664380693404857,-429.86995907747075,1.0215260416666667,-332.03221488772317,3.0077142268979444,-134.40272664490894,0.2,0.25,-20,10,400,0.8,0.5,eq,1,6.5,15,15
10.361951210723882,-83.52037815475732,0.664380693404857,-429.86995907747075,1.0215260416666667,-332.03221488772317,3.0077142268979444,-134.40272664490894,0.2,0.25,-20,10,400,0.8,0.5,eq,1,35,15,15
7.482433334471366,-89.11140995875189,0.664380693404857,-403.9502806795485,1.0215260416666667,-301.6639130166869,3.0077142268979444,-132.3398969435343,0.2,0.25,-20,10,400,0.8,0.5,eq,0.5,35,10,15
7.482433334471366,-84.88041588240203,0.664380693404857,-399.7192866031986,1.0215260416666667,-296.7067486818449,3.0077142268979444,-132.00317130546836,0.2,0.25,-20,10,400,0.8,0.5,eq,1,6.5,10,15
7.482433334471366,-84.88041588240203,0.664380693404857,-383.39778019486835,1.0215260416666667,-285.73283554311473,3.0077142268979444,-131.25774556322534,0.2,0.25,-20,10,400,0.8,0.5,eff,1,6.5,10,15
10.361951210723882,-87.89424806992096,0.664380693404857,-434.2438289926345,1.0215260416666667,-337.1567770018883,3.0077142268979444,-134.75082312328712,0.2,0.25,-20,10,400,0.8,0.5,eq,0.5,35,15,15
10.361951210723882,-83.52037815475732,0.664380693404857,-413.54845266914066,1.0215260416666667,-320.6597762726034,3.0077142268979444,-133.63023023559518,0.2,0.25,-20,10,400,0.8,0.5,eff,1,35,15,15
10.361951210723882,-83.52037815475732,0.664380693404857,-413.54845266914066,1.0215260416666667,-320.6597762726034,3.0077142268979444,-133.63023023559518,0.2,0.25,-20,10,400,0.8,0.5,eff,1,6.5,15,15
7.482433334471366,-85.97479807941954,0.664380693404857,-400.81366880021613,1.0215260416666667,-297.9889609229593,3.0077142268979444,-132.09026822335557,0.2,0.25,-20,10,400,0.8,0.5,eq,1,35,10,15
10.361951210723882,-85.94628876042776,0.664380693404857,-415.9743632748111,1.0215260416666667,-323.46998344175654,3.0077142268979444,-133.8211193686183,0.2,0.25,-20,10,400,0.8,0.5,eff,0.5,6.5,15,15
7.482433334471366,-85.97479807941954,0.664380693404857,-384.49216239188587,1.0215260416666667,-287.00058246188684,3.0077142268979444,-131.34385989418053,0.2,0.25,-20,10,400,0.8,0.5,eff,1,35,10,15
7.482433334471366,-89.11140995875189,0.664380693404857,-387.6287742712182,1.0215260416666667,-290.63407545612597,3.0077142268979444,-131.59067241929577,0.2,0.25,-20,10,400,0.8,0.5,eff,0.5,35,10,15
7.482433334471366,-84.88041588240203,0.6968241909147566,-386.8635001834317,1.0215260416666667,-282.56485337600986,3.0077142268979444,-131.04255382364505,0.2,0.25,-20,10,400,0.8,1,eq,1,6.5,10,15
7.482433334471366,-86.6232159880782,0.664380693404857,-401.4620867088748,1.0215260416666667,-298.7486675244338,3.0077142268979444,-132.1418728652123,0.2,0.25,-20,10,400,0.8,0.5,eq,0.5,6.5,10,15
10.361951210723882,-83.52037815475732,0.6968241909147566,-416.50939961443805,1.0215260416666667,-317.25437317098454,3.0077142268979444,-133.39891118808967,0.2,0.25,-20,10,400,0.8,1,eq,1,35,15,15
10.361951210723882,-87.89424806992096,0.664380693404857,-417.9223225843043,1.0215260416666667,-325.726525460795,3.0077142268979444,-133.97439965142888,0.2,0.25,-20,10,400,0.8,0.5,eff,0.5,35,15,15
10.361951210723882,-85.94628876042776,0.664380693404857,-432.29586968314135,1.0215260416666667,-334.8744872516556,3.0077142268979444,-134.59579387259302,0.2,0.25,-20,10,400,0.8,0.5,eq,0.5,6.5,15,15
7.482433334471366,-86.6232159880782,0.664380693404857,-385.14058030054457,1.0215260416666667,-287.75171840703644,3.0077142268979444,-131.39488235648366,0.2,0.25,-20,10,400,0.8,0.5,eff,0.5,6.5,10,15
10.361951210723882,-83.52037815475732,0.6968241909147566,-416.50939961443805,1.0215260416666667,-317.25437317098454,3.0077142268979444,-133.39891118808967,0.2,0.25,-20,10,400,0.8,1,eq,1,6.5,15,15
7.482433334471366,-86.6232159880782,0.6968241909147566,-388.6063002891079,1.0215260416666667,-284.6041539175842,3.0077142268979444,-131.1810775298784,0.2,0.25,-20,10,400,0.8,1,eq,0.5,6.5,10,15
10.361951210723882,-87.89424806992096,0.6968241909147566,-420.8832695296017,1.0215260416666667,-322.3723641888127,3.0077142268979444,-133.74656131116126,0.2,0.25,-20,10,400,0.8,1,eq,0.5,35,15,15
10.361951210723882,-85.94628876042776,0.6968241909147566,-418.9353102201085,1.0215260416666667,-320.09300096075003,3.0077142268979444,-133.591730850537,0.2,0.25,-20,10,400,0.8,1,eq,0.5,6.5,15,15
7.482433334471366,-89.11140995875189,0.6968241909147566,-391.0944942597815,1.0215260416666667,-287.5156612644784,3.0077142268979444,-131.37884768694707,0.2,0.25,-20,10,400,0.8,1,eq,0.5,35,10,15
10.361951210723882,-83.52037815475732,0.6968241909147566,-400.881100323472,1.0215260416666667,-306.7385997391663,3.0077142268979444,-132.68460553279814,0.2,0.25,-20,10,400,0.8,1,eff,1,35,15,15
7.482433334471366,-85.97479807941954,0.6968241909147566,-387.9578823804492,1.0215260416666667,-283.8454214686215,3.0077142268979444,-131.12953905934532,0.2,0.25,-20,10,400,0.8,1,eq,1,35,10,15
10.361951210723882,-83.52037815475732,0.6968241909147566,-400.881100323472,1.0215260416666667,-306.7385997391663,3.0077142268979444,-132.68460553279814,0.2,0.25,-20,10,400,0.8,1,eff,1,6.5,15,15
7.482433334471366,-85.97479807941954,0.6968241909147566,-372.3295830894832,1.0215260416666667,-273.7000539388826,3.0077142268979444,-130.4403939908928,0.2,0.25,-20,10,400,0.8,1,eff,1,35,10,15
10.361951210723882,-85.94628876042776,0.6968241909147566,-403.30701092914245,1.0215260416666667,-309.54575559001387,3.0077142268979444,-132.87528739871556,0.2,0.25,-20,10,400,0.8,1,eff,0.5,6.5,15,15
7.482433334471366,-84.88041588240203,0.664380693404857,-399.7192866031986,1.5322890624999999,-296.713905758003,3.109866831064611,-137.4140437320236,0.2,0.25,-20,10,500,0.7,0.5,eq,1,6.5,10,15
7.482433334471366,-84.88041588240203,0.6968241909147566,-371.2352008924657,1.0215260416666667,-272.43368353744006,3.0077142268979444,-130.3543731627236,0.2,0.25,-20,10,400,0.8,1,eff,1,6.5,10,15
10.361951210723882,-83.52037815475732,0.664380693404857,-429.86995907747075,1.5322890624999999,-332.03937196393395,3.109866831064611,-140.8951461994582,0.2,0.25,-20,10,500,0.7,0.5,eq,1,35,15,15
7.482433334471366,-89.11140995875189,0.6968241909147566,-375.46619496881556,1.0215260416666667,-277.3296016921607,3.0077142268979444,-130.68693852735757,0.2,0.25,-20,10,400,0.8,1,eff,0.5,35,10,15
7.482433334471366,-86.6232159880782,0.6968241909147566,-372.97800099814185,1.0215260416666667,-274.45037430160124,3.0077142268979444,-130.4913610530728,0.2,0.25,-20,10,400,0.8,1,eff,0.5,6.5,10,15
10.361951210723882,-85.94628876042776,0.664380693404857,-432.29586968314135,1.5322890624999999,-334.881644327636,3.109866831064611,-141.17523426059597,0.2,0.25,-20,10,500,0.7,0.5,eq,0.5,6.5,15,15
7.482433334471366,-85.97479807941954,0.664380693404857,-400.81366880021613,1.5322890624999999,-297.99611799893364,3.109866831064611,-137.54039768216418,0.2,0.25,-20,10,500,0.7,0.5,eq,1,35,10,15
10.361951210723882,-87.89424806992096,0.664380693404857,-434.2438289926345,1.5322890624999999,-337.1639340778356,3.109866831064611,-141.40013955793884,0.2,0.25,-20,10,500,0.7,0.5,eq,0.5,35,15,15
7.482433334471366,-84.88041588240203,0.664380693404857,-383.39778019486835,1.5322890624999999,-285.739366908044,3.109866831064611,-136.33257196752257,0.2,0.25,-20,10,500,0.7,0.5,eff,1,6.5,10,15
10.361951210723882,-83.52037815475732,0.664380693404857,-429.86995907747075,1.5322890624999999,-332.03937196393395,3.109866831064611,-140.8951461994582,0.2,0.25,-20,10,500,0.7,0.5,eq,1,6.5,15,15
7.482433334471366,-89.11140995875189,0.664380693404857,-403.9502806795485,1.5322890624999999,-301.67107009288844,3.109866831064611,-137.90254109245626,0.2,0.25,-20,10,500,0.7,0.5,eq,0.5,35,10,15
10.361951210723882,-87.89424806992096,0.6968241909147566,-405.2549702386357,1.0215260416666667,-311.79984745968835,3.0077142268979444,-133.0284012500642,0.2,0.25,-20,10,400,0.8,1,eff,0.5,35,15,15
7.482433334471366,-86.6232159880782,0.664380693404857,-401.4620867088748,1.5322890624999999,-298.75582460043466,3.109866831064611,-137.615261988543,0.2,0.25,-20,10,500,0.7,0.5,eq,0.5,6.5,10,15
7.482433334471366,-85.97479807941954,0.664380693404857,-384.49216239188587,1.5322890624999999,-287.00711382681726,3.109866831064611,-136.45750045116367,0.2,0.25,-20,10,500,0.7,0.5,eff,1,35,10,15
10.361951210723882,-83.52037815475732,0.664380693404857,-413.54845266914066,1.5322890624999999,-320.66630763732655,3.109866831064611,-139.774402256297,0.2,0.25,-20,10,500,0.7,0.5,eff,1,35,15,15
10.361951210723882,-83.52037815475732,0.664380693404857,-413.54845266914066,1.5322890624999999,-320.66630763732655,3.109866831064611,-139.774402256297,0.2,0.25,-20,10,500,0.7,0.5,eff,1,6.5,15,15
7.482433334471366,-86.6232159880782,0.664380693404857,-385.14058030054457,1.5322890624999999,-287.75824977196766,3.109866831064611,-136.53152017327585,0.2,0.25,-20,10,500,0.7,0.5,eff,0.5,6.5,10,15
10.361951210723882,-85.94628876042776,0.664380693404857,-415.9743632748111,1.5322890624999999,-323.47651480636944,3.109866831064611,-140.05133049421835,0.2,0.25,-20,10,500,0.7,0.5,eff,0.5,6.5,15,15
7.482433334471366,-86.6232159880782,0.6968241909147566,-388.6063002891079,1.5322890624999999,-284.61090936154653,3.109866831064611,-136.22136957527087,0.2,0.25,-20,10,500,0.7,1,eq,0.5,6.5,10,15
7.482433334471366,-84.88041588240203,0.6968241909147566,-386.8635001834317,1.5322890624999999,-282.5716088199732,3.109866831064611,-136.0204093358297,0.2,0.25,-20,10,500,0.7,1,eq,1,6.5,10,15
7.482433334471366,-89.11140995875189,0.664380693404857,-387.6287742712182,1.5322890624999999,-290.64060682078093,3.109866831064611,-136.81555832796442,0.2,0.25,-20,10,500,0.7,0.5,eff,0.5,35,10,15
10.361951210723882,-87.89424806992096,0.664380693404857,-417.9223225843043,1.5322890624999999,-325.73305682576137,3.109866831064611,-140.2736985146652,0.2,0.25,-20,10,500,0.7,0.5,eff,0.5,35,15,15
7.482433334471366,-84.88041588240203,0.6968241909147566,-371.2352008924657,1.5322890624999999,-272.43985465544245,3.109866831064611,-135.02198870024674,0.2,0.25,-20,10,500,0.7,1,eff,1,6.5,10,15
10.361951210723882,-83.52037815475732,0.6968241909147566,-416.50939961443805,1.5322890624999999,-317.2611286151593,3.109866831064611,-139.43884328512812,0.2,0.25,-20,10,500,0.7,1,eq,1,35,15,15
10.361951210723882,-83.52037815475732,0.6968241909147566,-416.50939961443805,1.5322890624999999,-317.2611286151593,3.109866831064611,-139.43884328512812,0.2,0.25,-20,10,500,0.7,1,eq,1,6.5,15,15
10.361951210723882,-85.94628876042776,0.6968241909147566,-418.9353102201085,1.5322890624999999,-320.0997564046914,3.109866831064611,-139.7185721964087,0.2,0.25,-20,10,500,0.7,1,eq,0.5,6.5,15,15
7.482433334471366,-89.11140995875189,0.6968241909147566,-391.0944942597815,1.5322890624999999,-287.52241670828846,3.109866831064611,-136.50828030844042,0.2,0.25,-20,10,500,0.7,1,eq,0.5,35,10,15
10.361951210723882,-83.52037815475732,0.6968241909147566,-400.881100323472,1.5322890624999999,-306.74477085716876,3.109866831064611,-138.4025223848926,0.2,0.25,-20,10,500,0.7,1,eff,1,6.5,15,15
10.361951210723882,-83.52037815475732,0.6968241909147566,-400.881100323472,1.5322890624999999,-306.74477085716876,3.109866831064611,-138.4025223848926,0.2,0.25,-20,10,500,0.7,1,eff,1,35,15,15
7.482433334471366,-85.97479807941954,0.6968241909147566,-387.9578823804492,1.5322890624999999,-283.8521769125843,3.109866831064611,-136.1466012654966,0.2,0.25,-20,10,500,0.7,1,eq,1,35,10,15
7.482433334471366,-85.97479807941954,0.6968241909147566,-372.3295830894832,1.5322890624999999,-273.706225056885,3.109866831064611,-135.1467815367645,0.2,0.25,-20,10,500,0.7,1,eff,1,35,10,15
7.482433334471366,-86.6232159880782,0.6968241909147566,-372.97800099814185,1.5322890624999999,-274.4565454196037,3.109866831064611,-135.22072088835856,0.2,0.25,-20,10,500,0.7,1,eff,0.5,6.5,10,15
7.482433334471366,-84.88041588240203,0.664380693404857,-399.7192866031986,1.5322890624999999,-296.713905758003,3.109866831064611,-137.4140437320236,0.2,0.25,-20,10,500,0.8,0.5,eq,1,6.5,10,15
7.482433334471366,-89.11140995875189,0.6968241909147566,-375.46619496881556,1.5322890624999999,-277.33577281016306,3.109866831064611,-135.50445063491458,0.2,0.25,-20,10,500,0.7,1,eff,0.5,35,10,15
10.361951210723882,-87.89424806992096,0.6968241909147566,-405.2549702386357,1.5322890624999999,-311.80601857769074,3.109866831064611,-138.90127650820705,0.2,0.25,-20,10,500,0.7,1,eff,0.5,35,15,15
10.361951210723882,-87.89424806992096,0.6968241909147566,-420.8832695296017,1.5322890624999999,-322.3791196326547,3.109866831064611,-139.94318910339564,0.2,0.25,-20,10,500,0.7,1,eq,0.5,35,15,15
10.361951210723882,-83.52037815475732,0.664380693404857,-429.86995907747075,1.5322890624999999,-332.03937196393395,3.109866831064611,-140.8951461994582,0.2,0.25,-20,10,500,0.8,0.5,eq,1,6.5,15,15
7.482433334471366,-85.97479807941954,0.664380693404857,-400.81366880021613,1.5322890624999999,-297.99611799893364,3.109866831064611,-137.54039768216418,0.2,0.25,-20,10,500,0.8,0.5,eq,1,35,10,15
10.361951210723882,-83.52037815475732,0.664380693404857,-429.86995907747075,1.5322890624999999,-332.03937196393395,3.109866831064611,-140.8951461994582,0.2,0.25,-20,10,500,0.8,0.5,eq,1,35,15,15
10.361951210723882,-87.89424806992096,0.664380693404857,-434.2438289926345,1.5322890624999999,-337.1639340778356,3.109866831064611,-141.40013955793884,0.2,0.25,-20,10,500,0.8,0.5,eq,0.5,35,15,15
10.361951210723882,-85.94628876042776,0.6968241909147566,-403.30701092914245,1.5322890624999999,-309.55192670801625,3.109866831064611,-138.6791499346013,0.2,0.25,-20,10,500,0.7,1,eff,0.5,6.5,15,15
10.361951210723882,-85.94628876042776,0.664380693404857,-432.29586968314135,1.5322890624999999,-334.881644327636,3.109866831064611,-141.17523426059597,0.2,0.25,-20,10,500,0.8,0.5,eq,0.5,6.5,15,15
7.482433334471366,-86.6232159880782,0.664380693404857,-401.4620867088748,1.5322890624999999,-298.75582460043466,3.109866831064611,-137.615261988543,0.2,0.25,-20,10,500,0.8,0.5,eq,0.5,6.5,10,15
10.361951210723882,-83.52037815475732,0.664380693404857,-413.54845266914066,1.5322890624999999,-320.66630763732655,3.109866831064611,-139.774402256297,0.2,0.25,-20,10,500,0.8,0.5,eff,1,6.5,15,15
7.482433334471366,-89.11140995875189,0.664380693404857,-403.9502806795485,1.5322890624999999,-301.67107009288844,3.109866831064611,-137.90254109245626,0.2,0.25,-20,10,500,0.8,0.5,eq,0.5,35,10,15
10.361951210723882,-83.52037815475732,0.6968241909147566,-416.50939961443805,1.5322890624999999,-317.2611286151593,3.109866831064611,-139.43884328512812,0.2,0.25,-20,10,500,0.8,1,eq,1,35,15,15
10.361951210723882,-87.89424806992096,0.664380693404857,-417.9223225843043,1.5322890624999999,-325.73305682576137,3.109866831064611,-140.2736985146652,0.2,0.25,-20,10,500,0.8,0.5,eff,0.5,35,15,15
7.482433334471366,-89.11140995875189,0.664380693404857,-387.6287742712182,1.5322890624999999,-290.64060682078093,3.109866831064611,-136.81555832796442,0.2,0.25,-20,10,500,0.8,0.5,eff,0.5,35,10,15
10.361951210723882,-83.52037815475732,0.6968241909147566,-416.50939961443805,1.5322890624999999,-317.2611286151593,3.109866831064611,-139.43884328512812,0.2,0.25,-20,10,500,0.8,1,eq,1,6.5,15,15
10.361951210723882,-85.94628876042776,0.6968241909147566,-418.9353102201085,1.5322890624999999,-320.0997564046914,3.109866831064611,-139.7185721964087,0.2,0.25,-20,10,500,0.8,1,eq,0.5,6.5,15,15
7.482433334471366,-85.97479807941954,0.664380693404857,-384.49216239188587,1.5322890624999999,-287.00711382681726,3.109866831064611,-136.45750045116367,0.2,0.25,-20,10,500,0.8,0.5,eff,1,35,10,15
7.482433334471366,-86.6232159880782,0.664380693404857,-385.14058030054457,1.5322890624999999,-287.75824977196766,3.109866831064611,-136.53152017327585,0.2,0.25,-20,10,500,0.8,0.5,eff,0.5,6.5,10,15
10.361951210723882,-83.52037815475732,0.664380693404857,-413.54845266914066,1.5322890624999999,-320.66630763732655,3.109866831064611,-139.774402256297,0.2,0.25,-20,10,500,0.8,0.5,eff,1,35,15,15
10.361951210723882,-87.89424806992096,0.6968241909147566,-420.8832695296017,1.5322890624999999,-322.3791196326547,3.109866831064611,-139.94318910339564,0.2,0.25,-20,10,500,0.8,1,eq,0.5,35,15,15
7.482433334471366,-84.88041588240203,0.664380693404857,-383.39778019486835,1.5322890624999999,-285.739366908044,3.109866831064611,-136.33257196752257,0.2,0.25,-20,10,500,0.8,0.5,eff,1,6.5,10,15
7.482433334471366,-84.88041588240203,0.6968241909147566,-386.8635001834317,1.5322890624999999,-282.5716088199732,3.109866831064611,-136.0204093358297,0.2,0.25,-20,10,500,0.8,1,eq,1,6.5,10,15
7.482433334471366,-86.6232159880782,0.6968241909147566,-388.6063002891079,1.5322890624999999,-284.61090936154653,3.109866831064611,-136.22136957527087,0.2,0.25,-20,10,500,0.8,1,eq,0.5,6.5,10,15
7.482433334471366,-85.97479807941954,0.6968241909147566,-387.9578823804492,1.5322890624999999,-283.8521769125843,3.109866831064611,-136.1466012654966,0.2,0.25,-20,10,500,0.8,1,eq,1,35,10,15
7.482433334471366,-84.88041588240203,0.6968241909147566,-371.2352008924657,1.5322890624999999,-272.43985465544245,3.109866831064611,-135.02198870024674,0.2,0.25,-20,10,500,0.8,1,eff,1,6.5,10,15
10.361951210723882,-85.94628876042776,0.664380693404857,-415.9743632748111,1.5322890624999999,-323.47651480636944,3.109866831064611,-140.05133049421835,0.2,0.25,-20,10,500,0.8,0.5,eff,0.5,6.5,15,15
10.361951210723882,-83.52037815475732,0.6968241909147566,-400.881100323472,1.5322890624999999,-306.74477085716876,3.109866831064611,-138.4025223848926,0.2,0.25,-20,10,500,0.8,1,eff,1,6.5,15,15
7.482433334471366,-86.6232159880782,0.6968241909147566,-372.97800099814185,1.5322890624999999,-274.4565454196037,3.109866831064611,-135.22072088835856,0.2,0.25,-20,10,500,0.8,1,eff,0.5,6.5,10,15
7.482433334471366,-89.11140995875189,0.6968241909147566,-391.0944942597815,1.5322890624999999,-287.52241670828846,3.109866831064611,-136.50828030844042,0.2,0.25,-20,10,500,0.8,1,eq,0.5,35,10,15
10.361951210723882,-83.52037815475732,0.6968241909147566,-400.881100323472,1.5322890624999999,-306.74477085716876,3.109866831064611,-138.4025223848926,0.2,0.25,-20,10,500,0.8,1,eff,1,35,15,15
10.361951210723882,-85.94628876042776,0.6968241909147566,-403.30701092914245,1.5322890624999999,-309.55192670801625,3.109866831064611,-138.6791499346013,0.2,0.25,-20,10,500,0.8,1,eff,0.5,6.5,15,15
7.482433334471366,-85.97479807941954,0.6968241909147566,-372.3295830894832,1.5322890624999999,-273.706225056885,3.109866831064611,-135.1467815367645,0.2,0.25,-20,10,500,0.8,1,eff,1,35,10,15
10.361951210723882,-83.52037815475732,1.6648435882347152,-288.41379087540906,0.20430520833333332,-187.66544259869417,2.8442700602312776,-120.97208788577329,0.2,0.25,-10,2,400,0.7,0.5,eq,1,6.5,15,15
7.482433334471366,-85.97479807941954,1.6648435882347152,-259.3575005981544,0.20430520833333332,-154.49524469260328,2.8442700602312776,-120.49556181404652,0.2,0.25,-10,2,400,0.7,0.5,eq,1,35,10,15
10.361951210723882,-83.52037815475732,1.6648435882347152,-288.41379087540906,0.20430520833333332,-187.66544259869417,2.8442700602312776,-120.97208788577329,0.2,0.25,-10,2,400,0.7,0.5,eq,1,35,15,15
7.482433334471366,-86.6232159880782,1.6648435882347152,-260.00591850681303,0.20430520833333332,-155.2354682431743,2.8442700602312776,-120.50619593271384,0.2,0.25,-10,2,400,0.7,0.5,eq,0.5,6.5,10,15
7.482433334471366,-89.11140995875189,1.6648435882347152,-262.49411247748674,0.20430520833333332,-158.07595082547525,2.8442700602312776,-120.547002563129,0.2,0.25,-10,2,400,0.7,0.5,eq,0.5,35,10,15
10.361951210723882,-87.89424806992096,1.6648435882347152,-292.7876607905728,0.20430520833333332,-192.6585827868398,2.8442700602312776,-121.04381979060463,0.2,0.25,-10,2,400,0.7,0.5,eq,0.5,35,15,15
10.361951210723882,-83.52037815475732,1.6648435882347152,-281.931322037519,0.20430520833333332,-186.32405259722867,2.8442700602312776,-120.95281735534536,0.2,0.25,-10,2,400,0.7,0.5,eff,1,35,15,15
10.361951210723882,-83.52037815475732,1.6648435882347152,-281.931322037519,0.20430520833333332,-186.32405259722867,2.8442700602312776,-120.95281735534536,0.2,0.25,-10,2,400,0.7,0.5,eff,1,6.5,15,15
10.361951210723882,-85.94628876042776,1.6648435882347152,-290.83970148107954,0.20430520833333332,-190.43482348391177,2.8442700602312776,-121.01187306275918,0.2,0.25,-10,2,400,0.7,0.5,eq,0.5,6.5,15,15
7.482433334471366,-84.88041588240203,1.6648435882347152,-258.26311840113686,0.20430520833333332,-153.24591541778886,2.8442700602312776,-120.47761383636757,0.2,0.25,-10,2,400,0.7,0.5,eq,1,6.5,10,15
10.361951210723882,-87.89424806992096,0.6968241909147566,-405.2549702386357,1.5322890624999999,-311.80601857769074,3.109866831064611,-138.90127650820705,0.2,0.25,-20,10,500,0.8,1,eff,0.5,35,15,15
7.482433334471366,-89.11140995875189,0.6968241909147566,-375.46619496881556,1.5322890624999999,-277.33577281016306,3.109866831064611,-135.50445063491458,0.2,0.25,-20,10,500,0.8,1,eff,0.5,35,10,15
7.482433334471366,-85.97479807941954,1.6648435882347152,-252.87503176026433,0.20430520833333332,-153.3990272464437,2.8442700602312776,-120.47981345478564,0.2,0.25,-10,2,400,0.7,0.5,eff,1,35,10,15
7.482433334471366,-84.88041588240203,1.6648435882347152,-251.7806495632468,0.20430520833333332,-152.15893220203492,2.8442700602312776,-120.4619981368984,0.2,0.25,-10,2,400,0.7,0.5,eff,1,6.5,10,15
10.361951210723882,-85.94628876042776,1.6648435882347152,-284.35723264318943,0.20430520833333332,-189.07296401811635,2.8442700602312776,-120.99230846614995,0.2,0.25,-10,2,400,0.7,0.5,eff,0.5,6.5,15,15
7.482433334471366,-84.88041588240203,1.7398467296524174,-249.76527039257647,0.20430520833333332,-144.67197485598018,2.8442700602312776,-120.35443982858185,0.2,0.25,-10,2,400,0.7,1,eq,1,6.5,10,15
7.482433334471366,-85.97479807941954,1.7398467296524174,-250.85965258959396,0.20430520833333332,-145.91965998246923,2.8442700602312776,-120.37236418627673,0.2,0.25,-10,2,400,0.7,1,eq,1,35,10,15
7.482433334471366,-86.6232159880782,1.7398467296524174,-251.50807049825264,0.20430520833333332,-146.6589093805292,2.8442700602312776,-120.3829843101808,0.2,0.25,-10,2,400,0.7,1,eq,0.5,6.5,10,15
10.361951210723882,-83.52037815475732,1.7398467296524174,-279.4111698235828,0.20430520833333332,-178.47072257118273,2.8442700602312776,-120.83999570387738,0.2,0.25,-10,2,400,0.7,1,eq,1,6.5,15,15
10.361951210723882,-87.89424806992096,1.6648435882347152,-286.30519195268266,0.20430520833333332,-191.28028673674555,2.8442700602312776,-121.02401906453464,0.2,0.25,-10,2,400,0.7,0.5,eff,0.5,35,15,15
10.361951210723882,-87.89424806992096,1.7398467296524174,-283.78503973874643,0.20430520833333332,-183.45729166310664,2.8442700602312776,-120.91163320774423,0.2,0.25,-10,2,400,0.7,1,eq,0.5,35,15,15
7.482433334471366,-86.6232159880782,1.6648435882347152,-253.52344966892298,0.20430520833333332,-154.1337795453226,2.8442700602312776,-120.49036897295495,0.2,0.25,-10,2,400,0.7,0.5,eff,0.5,6.5,10,15
7.482433334471366,-89.11140995875189,1.6648435882347152,-256.0116436395967,0.20430520833333332,-156.95326712556593,2.8442700602312776,-120.53087398726625,0.2,0.25,-10,2,400,0.7,0.5,eff,0.5,35,10,15
7.482433334471366,-89.11140995875189,1.7398467296524174,-253.9962644689263,0.20430520833333332,-149.49565381718426,2.8442700602312776,-120.42373723805655,0.2,0.25,-10,2,400,0.7,1,eq,0.5,35,10,15
10.361951210723882,-83.52037815475732,1.7398467296524174,-279.4111698235828,0.20430520833333332,-178.47072257118273,2.8442700602312776,-120.83999570387738,0.2,0.25,-10,2,400,0.7,1,eq,1,35,15,15
7.482433334471366,-84.88041588240203,1.7398467296524174,-243.61345665780016,0.20430520833333332,-143.86448954186844,2.8442700602312776,-120.34283942131874,0.2,0.25,-10,2,400,0.7,1,eff,1,6.5,10,15
10.361951210723882,-85.94628876042776,1.7398467296524174,-281.8370804292532,0.20430520833333332,-181.23645888269422,2.8442700602312776,-120.87972852258666,0.2,0.25,-10,2,400,0.7,1,eq,0.5,6.5,15,15
10.361951210723882,-83.52037815475732,1.7398467296524174,-273.2593560888065,0.20430520833333332,-177.41999303814217,2.8442700602312776,-120.82490082810227,0.2,0.25,-10,2,400,0.7,1,eff,1,6.5,15,15
7.482433334471366,-86.6232159880782,1.7398467296524174,-245.35625676347632,0.20430520833333332,-145.8371244142107,2.8442700602312776,-120.37117847281698,0.2,0.25,-10,2,400,0.7,1,eff,0.5,6.5,10,15
7.482433334471366,-85.97479807941954,1.7398467296524174,-244.70783885481768,0.20430520833333332,-145.1031952765631,2.8442700602312776,-120.36063478025672,0.2,0.25,-10,2,400,0.7,1,eff,1,35,10,15
10.361951210723882,-83.52037815475732,1.7398467296524174,-273.2593560888065,0.20430520833333332,-177.41999303814217,2.8442700602312776,-120.82490082810227,0.2,0.25,-10,2,400,0.7,1,eff,1,35,15,15
7.482433334471366,-89.11140995875189,1.7398467296524174,-247.84445073415,0.20430520833333332,-148.65345325174366,2.8442700602312776,-120.41163810834409,0.2,0.25,-10,2,400,0.7,1,eff,0.5,35,10,15
10.361951210723882,-87.89424806992096,1.7398467296524174,-277.6332260039701,0.20430520833333332,-182.37067458412557,2.8442700602312776,-120.8960227682293,0.2,0.25,-10,2,400,0.7,1,eff,0.5,35,15,15
10.361951210723882,-85.94628876042776,1.6648435882347152,-290.83970148107954,0.20430520833333332,-190.43482348391177,2.8442700602312776,-121.01187306275918,0.2,0.25,-10,2,400,0.8,0.5,eq,0.5,6.5,15,15
10.361951210723882,-83.52037815475732,1.6648435882347152,-288.41379087540906,0.20430520833333332,-187.66544259869417,2.8442700602312776,-120.97208788577329,0.2,0.25,-10,2,400,0.8,0.5,eq,1,6.5,15,15
10.361951210723882,-83.52037815475732,1.6648435882347152,-281.931322037519,0.20430520833333332,-186.32405259722867,2.8442700602312776,-120.95281735534536,0.2,0.25,-10,2,400,0.8,0.5,eff,1,6.5,15,15
7.482433334471366,-84.88041588240203,1.6648435882347152,-258.26311840113686,0.20430520833333332,-153.24591541778886,2.8442700602312776,-120.47761383636757,0.2,0.25,-10,2,400,0.8,0.5,eq,1,6.5,10,15
7.482433334471366,-84.88041588240203,1.6648435882347152,-251.7806495632468,0.20430520833333332,-152.15893220203492,2.8442700602312776,-120.4619981368984,0.2,0.25,-10,2,400,0.8,0.5,eff,1,6.5,10,15
10.361951210723882,-87.89424806992096,1.6648435882347152,-292.7876607905728,0.20430520833333332,-192.6585827868398,2.8442700602312776,-121.04381979060463,0.2,0.25,-10,2,400,0.8,0.5,eq,0.5,35,15,15
10.361951210723882,-83.52037815475732,1.6648435882347152,-281.931322037519,0.20430520833333332,-186.32405259722867,2.8442700602312776,-120.95281735534536,0.2,0.25,-10,2,400,0.8,0.5,eff,1,35,15,15
7.482433334471366,-85.97479807941954,1.6648435882347152,-259.3575005981544,0.20430520833333332,-154.49524469260328,2.8442700602312776,-120.49556181404652,0.2,0.25,-10,2,400,0.8,0.5,eq,1,35,10,15
10.361951210723882,-85.94628876042776,1.7398467296524174,-275.6852666944769,0.20430520833333332,-180.16582478457468,2.8442700602312776,-120.86434769602428,0.2,0.25,-10,2,400,0.7,1,eff,0.5,6.5,15,15
7.482433334471366,-86.6232159880782,1.6648435882347152,-253.52344966892298,0.20430520833333332,-154.1337795453226,2.8442700602312776,-120.49036897295495,0.2,0.25,-10,2,400,0.8,0.5,eff,0.5,6.5,10,15
10.361951210723882,-83.52037815475732,1.6648435882347152,-288.41379087540906,0.20430520833333332,-187.66544259869417,2.8442700602312776,-120.97208788577329,0.2,0.25,-10,2,400,0.8,0.5,eq,1,35,15,15
7.482433334471366,-86.6232159880782,1.6648435882347152,-260.00591850681303,0.20430520833333332,-155.2354682431743,2.8442700602312776,-120.50619593271384,0.2,0.25,-10,2,400,0.8,0.5,eq,0.5,6.5,10,15
10.361951210723882,-87.89424806992096,1.6648435882347152,-286.30519195268266,0.20430520833333332,-191.28028673674555,2.8442700602312776,-121.02401906453464,0.2,0.25,-10,2,400,0.8,0.5,eff,0.5,35,15,15
7.482433334471366,-86.6232159880782,1.7398467296524174,-251.50807049825264,0.20430520833333332,-146.6589093805292,2.8442700602312776,-120.3829843101808,0.2,0.25,-10,2,400,0.8,1,eq,0.5,6.5,10,15
7.482433334471366,-85.97479807941954,1.6648435882347152,-252.87503176026433,0.20430520833333332,-153.3990272464437,2.8442700602312776,-120.47981345478564,0.2,0.25,-10,2,400,0.8,0.5,eff,1,35,10,15
7.482433334471366,-89.11140995875189,1.6648435882347152,-262.49411247748674,0.20430520833333332,-158.07595082547525,2.8442700602312776,-120.547002563129,0.2,0.25,-10,2,400,0.8,0.5,eq,0.5,35,10,15
10.361951210723882,-85.94628876042776,1.6648435882347152,-284.35723264318943,0.20430520833333332,-189.07296401811635,2.8442700602312776,-120.99230846614995,0.2,0.25,-10,2,400,0.8,0.5,eff,0.5,6.5,15,15
7.482433334471366,-84.88041588240203,1.7398467296524174,-249.76527039257647,0.20430520833333332,-144.67197485598018,2.8442700602312776,-120.35443982858185,0.2,0.25,-10,2,400,0.8,1,eq,1,6.5,10,15
7.482433334471366,-89.11140995875189,1.7398467296524174,-253.9962644689263,0.20430520833333332,-149.49565381718426,2.8442700602312776,-120.42373723805655,0.2,0.25,-10,2,400,0.8,1,eq,0.5,35,10,15
10.361951210723882,-83.52037815475732,1.7398467296524174,-279.4111698235828,0.20430520833333332,-178.47072257118273,2.8442700602312776,-120.83999570387738,0.2,0.25,-10,2,400,0.8,1,eq,1,6.5,15,15
10.361951210723882,-83.52037815475732,1.7398467296524174,-279.4111698235828,0.20430520833333332,-178.47072257118273,2.8442700602312776,-120.83999570387738,0.2,0.25,-10,2,400,0.8,1,eq,1,35,15,15
10.361951210723882,-87.89424806992096,1.7398467296524174,-283.78503973874643,0.20430520833333332,-183.45729166310664,2.8442700602312776,-120.91163320774423,0.2,0.25,-10,2,400,0.8,1,eq,0.5,35,15,15
10.361951210723882,-83.52037815475732,1.7398467296524174,-273.2593560888065,0.20430520833333332,-177.41999303814217,2.8442700602312776,-120.82490082810227,0.2,0.25,-10,2,400,0.8,1,eff,1,6.5,15,15
7.482433334471366,-89.11140995875189,1.6648435882347152,-256.0116436395967,0.20430520833333332,-156.95326712556593,2.8442700602312776,-120.53087398726625,0.2,0.25,-10,2,400,0.8,0.5,eff,0.5,35,10,15
10.361951210723882,-85.94628876042776,1.7398467296524174,-281.8370804292532,0.20430520833333332,-181.23645888269422,2.8442700602312776,-120.87972852258666,0.2,0.25,-10,2,400,0.8,1,eq,0.5,6.5,15,15
7.482433334471366,-85.97479807941954,1.7398467296524174,-244.70783885481768,0.20430520833333332,-145.1031952765631,2.8442700602312776,-120.36063478025672,0.2,0.25,-10,2,400,0.8,1,eff,1,35,10,15
10.361951210723882,-83.52037815475732,1.7398467296524174,-273.2593560888065,0.20430520833333332,-177.41999303814217,2.8442700602312776,-120.82490082810227,0.2,0.25,-10,2,400,0.8,1,eff,1,35,15,15
10.361951210723882,-85.94628876042776,1.7398467296524174,-275.6852666944769,0.20430520833333332,-180.16582478457468,2.8442700602312776,-120.86434769602428,0.2,0.25,-10,2,400,0.8,1,eff,0.5,6.5,15,15
7.482433334471366,-84.88041588240203,1.7398467296524174,-243.61345665780016,0.20430520833333332,-143.86448954186844,2.8442700602312776,-120.34283942131874,0.2,0.25,-10,2,400,0.8,1,eff,1,6.5,10,15
7.482433334471366,-85.97479807941954,1.7398467296524174,-250.85965258959396,0.20430520833333332,-145.91965998246923,2.8442700602312776,-120.37236418627673,0.2,0.25,-10,2,400,0.8,1,eq,1,35,10,15
10.361951210723882,-87.89424806992096,1.7398467296524174,-277.6332260039701,0.20430520833333332,-182.37067458412557,2.8442700602312776,-120.8960227682293,0.2,0.25,-10,2,400,0.8,1,eff,0.5,35,15,15
7.482433334471366,-86.6232159880782,1.7398467296524174,-245.35625676347632,0.20430520833333332,-145.8371244142107,2.8442700602312776,-120.37117847281698,0.2,0.25,-10,2,400,0.8,1,eff,0.5,6.5,10,15
7.482433334471366,-86.6232159880782,1.6648435882347152,-260.00591850681303,0.3064578125,-155.2359273825011,2.864700581064611,-120.75388857728619,0.2,0.25,-10,2,500,0.7,0.5,eq,0.5,6.5,10,15
10.361951210723882,-83.52037815475732,1.6648435882347152,-288.41379087540906,0.3064578125,-187.66590173800213,2.864700581064611,-121.44774252251955,0.2,0.25,-10,2,500,0.7,0.5,eq,1,6.5,15,15
10.361951210723882,-83.52037815475732,1.6648435882347152,-281.931322037519,0.3064578125,-186.3244811823942,2.864700581064611,-121.41904222400801,0.2,0.25,-10,2,500,0.7,0.5,eff,1,6.5,15,15
7.482433334471366,-84.88041588240203,1.6648435882347152,-258.26311840113686,0.3064578125,-153.24637455716442,2.864700581064611,-120.71132119619688,0.2,0.25,-10,2,500,0.7,0.5,eq,1,6.5,10,15
10.361951210723882,-87.89424806992096,1.6648435882347152,-292.7876607905728,0.3064578125,-192.65904192616154,2.864700581064611,-121.55457301151962,0.2,0.25,-10,2,500,0.7,0.5,eq,0.5,35,15,15
7.482433334471366,-84.88041588240203,1.6648435882347152,-251.7806495632468,0.3064578125,-152.1593607871758,2.864700581064611,-120.68806404574217,0.2,0.25,-10,2,500,0.7,0.5,eff,1,6.5,10,15
10.361951210723882,-83.52037815475732,1.6648435882347152,-281.931322037519,0.3064578125,-186.3244811823942,2.864700581064611,-121.41904222400801,0.2,0.25,-10,2,500,0.7,0.5,eff,1,35,15,15
7.482433334471366,-89.11140995875189,1.7398467296524174,-247.84445073415,0.20430520833333332,-148.65345325174366,2.8442700602312776,-120.41163810834409,0.2,0.25,-10,2,400,0.8,1,eff,0.5,35,10,15
10.361951210723882,-87.89424806992096,1.6648435882347152,-286.30519195268266,0.3064578125,-191.28071532170685,2.864700581064611,-121.52508309142785,0.2,0.25,-10,2,500,0.7,0.5,eff,0.5,35,15,15
7.482433334471366,-89.11140995875189,1.6648435882347152,-256.0116436395967,0.3064578125,-156.95369571053007,2.864700581064611,-120.7906410063303,0.2,0.25,-10,2,500,0.7,0.5,eff,0.5,35,10,15
7.482433334471366,-85.97479807941954,1.6648435882347152,-252.87503176026433,0.3064578125,-153.39945583141534,2.864700581064611,-120.71459643918413,0.2,0.25,-10,2,500,0.7,0.5,eff,1,35,10,15
7.482433334471366,-89.11140995875189,1.6648435882347152,-262.49411247748674,0.3064578125,-158.0764099648016,2.864700581064611,-120.81466198476699,0.2,0.25,-10,2,500,0.7,0.5,eq,0.5,35,10,15
10.361951210723882,-83.52037815475732,1.7398467296524174,-279.4111698235828,0.3064578125,-178.47115668347013,2.864700581064611,-121.25101680015027,0.2,0.25,-10,2,500,0.7,1,eq,1,35,15,15
10.361951210723882,-85.94628876042776,1.6648435882347152,-290.83970148107954,0.3064578125,-190.43528262327624,2.864700581064611,-121.50699467708603,0.2,0.25,-10,2,500,0.7,0.5,eq,0.5,6.5,15,15
10.361951210723882,-85.94628876042776,1.6648435882347152,-284.35723264318943,0.3064578125,-189.07339260305707,2.864700581064611,-121.47785642513608,0.2,0.25,-10,2,500,0.7,0.5,eff,0.5,6.5,15,15
7.482433334471366,-85.97479807941954,1.6648435882347152,-259.3575005981544,0.3064578125,-154.49570383193014,2.864700581064611,-120.73805116017067,0.2,0.25,-10,2,500,0.7,0.5,eq,1,35,10,15
7.482433334471366,-84.88041588240203,1.7398467296524174,-249.76527039257647,0.3064578125,-144.67240896828315,2.864700581064611,-120.52787733081094,0.2,0.25,-10,2,500,0.7,1,eq,1,6.5,10,15
10.361951210723882,-83.52037815475732,1.6648435882347152,-288.41379087540906,0.3064578125,-187.66590173800213,2.864700581064611,-121.44774252251955,0.2,0.25,-10,2,500,0.7,0.5,eq,1,35,15,15
7.482433334471366,-85.97479807941954,1.7398467296524174,-250.85965258959396,0.3064578125,-145.92009409477092,2.864700581064611,-120.55457211748988,0.2,0.25,-10,2,500,0.7,1,eq,1,35,10,15
10.361951210723882,-87.89424806992096,1.7398467296524174,-283.78503973874643,0.3064578125,-183.45772577540765,2.864700581064611,-121.3577066975795,0.2,0.25,-10,2,500,0.7,1,eq,0.5,35,15,15
10.361951210723882,-83.52037815475732,1.7398467296524174,-273.2593560888065,0.3064578125,-177.42039878200828,2.864700581064611,-121.22853536037425,0.2,0.25,-10,2,500,0.7,1,eff,1,6.5,15,15
10.361951210723882,-83.52037815475732,1.7398467296524174,-279.4111698235828,0.3064578125,-178.47115668347013,2.864700581064611,-121.25101680015027,0.2,0.25,-10,2,500,0.7,1,eq,1,6.5,15,15
7.482433334471366,-86.6232159880782,1.7398467296524174,-251.50807049825264,0.3064578125,-146.65934349281815,2.864700581064611,-120.57038869217251,0.2,0.25,-10,2,500,0.7,1,eq,0.5,6.5,10,15
10.361951210723882,-85.94628876042776,1.7398467296524174,-281.8370804292532,0.3064578125,-181.23689299499523,2.864700581064611,-121.3101909774158,0.2,0.25,-10,2,500,0.7,1,eq,0.5,6.5,15,15
10.361951210723882,-83.52037815475732,1.7398467296524174,-273.2593560888065,0.3064578125,-177.42039878200828,2.864700581064611,-121.22853536037425,0.2,0.25,-10,2,500,0.7,1,eff,1,35,15,15
7.482433334471366,-84.88041588240203,1.7398467296524174,-243.61345665780016,0.3064578125,-143.86489528575194,2.864700581064611,-120.51060021093696,0.2,0.25,-10,2,500,0.7,1,eff,1,6.5,10,15
7.482433334471366,-86.6232159880782,1.6648435882347152,-253.52344966892298,0.3064578125,-154.13420813046528,2.864700581064611,-120.73031679640278,0.2,0.25,-10,2,500,0.7,0.5,eff,0.5,6.5,10,15
7.482433334471366,-86.6232159880782,1.7398467296524174,-245.35625676347632,0.3064578125,-145.83753015809623,2.864700581064611,-120.55280562478255,0.2,0.25,-10,2,500,0.7,1,eff,0.5,6.5,10,15
10.361951210723882,-87.89424806992096,1.7398467296524174,-277.6332260039701,0.3064578125,-182.37108032814845,2.864700581064611,-121.33445742755589,0.2,0.25,-10,2,500,0.7,1,eff,0.5,35,15,15
7.482433334471366,-89.11140995875189,1.7398467296524174,-253.9962644689263,0.3064578125,-149.49608792948996,2.864700581064611,-120.63108212033936,0.2,0.25,-10,2,500,0.7,1,eq,0.5,35,10,15
7.482433334471366,-89.11140995875189,1.7398467296524174,-247.84445073415,0.3064578125,-148.65385899562395,2.864700581064611,-120.61306225198709,0.2,0.25,-10,2,500,0.7,1,eff,0.5,35,10,15
10.361951210723882,-83.52037815475732,1.6648435882347152,-288.41379087540906,0.3064578125,-187.66590173800213,2.864700581064611,-121.44774252251955,0.2,0.25,-10,2,500,0.8,0.5,eq,1,35,15,15
10.361951210723882,-83.52037815475732,1.6648435882347152,-288.41379087540906,0.3064578125,-187.66590173800213,2.864700581064611,-121.44774252251955,0.2,0.25,-10,2,500,0.8,0.5,eq,1,6.5,15,15
10.361951210723882,-85.94628876042776,1.7398467296524174,-275.6852666944769,0.3064578125,-180.16623052837957,2.864700581064611,-121.28728367048025,0.2,0.25,-10,2,500,0.7,1,eff,0.5,6.5,15,15
7.482433334471366,-85.97479807941954,1.7398467296524174,-244.70783885481768,0.3064578125,-145.10360102044916,2.864700581064611,-120.53710287947372,0.2,0.25,-10,2,500,0.7,1,eff,1,35,10,15
7.482433334471366,-85.97479807941954,1.6648435882347152,-259.3575005981544,0.3064578125,-154.49570383193014,2.864700581064611,-120.73805116017067,0.2,0.25,-10,2,500,0.8,0.5,eq,1,35,10,15
7.482433334471366,-86.6232159880782,1.6648435882347152,-260.00591850681303,0.3064578125,-155.2359273825011,2.864700581064611,-120.75388857728619,0.2,0.25,-10,2,500,0.8,0.5,eq,0.5,6.5,10,15
7.482433334471366,-84.88041588240203,1.6648435882347152,-251.7806495632468,0.3064578125,-152.1593607871758,2.864700581064611,-120.68806404574217,0.2,0.25,-10,2,500,0.8,0.5,eff,1,6.5,10,15
7.482433334471366,-84.88041588240203,1.6648435882347152,-258.26311840113686,0.3064578125,-153.24637455716442,2.864700581064611,-120.71132119619688,0.2,0.25,-10,2,500,0.8,0.5,eq,1,6.5,10,15
10.361951210723882,-87.89424806992096,1.6648435882347152,-292.7876607905728,0.3064578125,-192.65904192616154,2.864700581064611,-121.55457301151962,0.2,0.25,-10,2,500,0.8,0.5,eq,0.5,35,15,15
7.482433334471366,-85.97479807941954,1.6648435882347152,-252.87503176026433,0.3064578125,-153.39945583141534,2.864700581064611,-120.71459643918413,0.2,0.25,-10,2,500,0.8,0.5,eff,1,35,10,15
10.361951210723882,-85.94628876042776,1.6648435882347152,-284.35723264318943,0.3064578125,-189.07339260305707,2.864700581064611,-121.47785642513608,0.2,0.25,-10,2,500,0.8,0.5,eff,0.5,6.5,15,15
7.482433334471366,-86.6232159880782,1.6648435882347152,-253.52344966892298,0.3064578125,-154.13420813046528,2.864700581064611,-120.73031679640278,0.2,0.25,-10,2,500,0.8,0.5,eff,0.5,6.5,10,15
10.361951210723882,-83.52037815475732,1.6648435882347152,-281.931322037519,0.3064578125,-186.3244811823942,2.864700581064611,-121.41904222400801,0.2,0.25,-10,2,500,0.8,0.5,eff,1,35,15,15
10.361951210723882,-85.94628876042776,1.6648435882347152,-290.83970148107954,0.3064578125,-190.43528262327624,2.864700581064611,-121.50699467708603,0.2,0.25,-10,2,500,0.8,0.5,eq,0.5,6.5,15,15
10.361951210723882,-83.52037815475732,1.7398467296524174,-279.4111698235828,0.3064578125,-178.47115668347013,2.864700581064611,-121.25101680015027,0.2,0.25,-10,2,500,0.8,1,eq,1,6.5,15,15
7.482433334471366,-89.11140995875189,1.6648435882347152,-256.0116436395967,0.3064578125,-156.95369571053007,2.864700581064611,-120.7906410063303,0.2,0.25,-10,2,500,0.8,0.5,eff,0.5,35,10,15
7.482433334471366,-84.88041588240203,1.7398467296524174,-249.76527039257647,0.3064578125,-144.67240896828315,2.864700581064611,-120.52787733081094,0.2,0.25,-10,2,500,0.8,1,eq,1,6.5,10,15
10.361951210723882,-85.94628876042776,1.7398467296524174,-281.8370804292532,0.3064578125,-181.23689299499523,2.864700581064611,-121.3101909774158,0.2,0.25,-10,2,500,0.8,1,eq,0.5,6.5,15,15
7.482433334471366,-89.11140995875189,1.6648435882347152,-262.49411247748674,0.3064578125,-158.0764099648016,2.864700581064611,-120.81466198476699,0.2,0.25,-10,2,500,0.8,0.5,eq,0.5,35,10,15
10.361951210723882,-87.89424806992096,1.6648435882347152,-286.30519195268266,0.3064578125,-191.28071532170685,2.864700581064611,-121.52508309142785,0.2,0.25,-10,2,500,0.8,0.5,eff,0.5,35,15,15
10.361951210723882,-83.52037815475732,1.6648435882347152,-281.931322037519,0.3064578125,-186.3244811823942,2.864700581064611,-121.41904222400801,0.2,0.25,-10,2,500,0.8,0.5,eff,1,6.5,15,15
10.361951210723882,-83.52037815475732,1.7398467296524174,-279.4111698235828,0.3064578125,-178.47115668347013,2.864700581064611,-121.25101680015027,0.2,0.25,-10,2,500,0.8,1,eq,1,35,15,15
7.482433334471366,-89.11140995875189,1.7398467296524174,-253.9962644689263,0.3064578125,-149.49608792948996,2.864700581064611,-120.63108212033936,0.2,0.25,-10,2,500,0.8,1,eq,0.5,35,10,15
7.482433334471366,-86.6232159880782,1.7398467296524174,-251.50807049825264,0.3064578125,-146.65934349281815,2.864700581064611,-120.57038869217251,0.2,0.25,-10,2,500,0.8,1,eq,0.5,6.5,10,15
7.482433334471366,-85.97479807941954,1.7398467296524174,-250.85965258959396,0.3064578125,-145.92009409477092,2.864700581064611,-120.55457211748988,0.2,0.25,-10,2,500,0.8,1,eq,1,35,10,15
10.361951210723882,-87.89424806992096,1.7398467296524174,-283.78503973874643,0.3064578125,-183.45772577540765,2.864700581064611,-121.3577066975795,0.2,0.25,-10,2,500,0.8,1,eq,0.5,35,15,15
7.482433334471366,-84.88041588240203,1.7398467296524174,-243.61345665780016,0.3064578125,-143.86489528575194,2.864700581064611,-120.51060021093696,0.2,0.25,-10,2,500,0.8,1,eff,1,6.5,10,15
10.361951210723882,-87.89424806992096,1.7398467296524174,-277.6332260039701,0.3064578125,-182.37108032814845,2.864700581064611,-121.33445742755589,0.2,0.25,-10,2,500,0.8,1,eff,0.5,35,15,15
10.361951210723882,-83.52037815475732,1.7398467296524174,-273.2593560888065,0.3064578125,-177.42039878200828,2.864700581064611,-121.22853536037425,0.2,0.25,-10,2,500,0.8,1,eff,1,6.5,15,15
7.482433334471366,-89.11140995875189,1.7398467296524174,-247.84445073415,0.3064578125,-148.65385899562395,2.864700581064611,-120.61306225198709,0.2,0.25,-10,2,500,0.8,1,eff,0.5,35,10,15
7.482433334471366,-84.88041588240203,1.6648435882347152,-258.26311840113686,1.0215260416666667,-153.2495885326452,3.0077142268979444,-122.25854705590355,0.2,0.25,-10,10,400,0.7,0.5,eq,1,6.5,10,15
10.361951210723882,-85.94628876042776,1.7398467296524174,-275.6852666944769,0.3064578125,-180.16623052837957,2.864700581064611,-121.28728367048025,0.2,0.25,-10,2,500,0.8,1,eff,0.5,6.5,15,15
7.482433334471366,-86.6232159880782,1.7398467296524174,-245.35625676347632,0.3064578125,-145.83753015809623,2.864700581064611,-120.55280562478255,0.2,0.25,-10,2,500,0.8,1,eff,0.5,6.5,10,15
10.361951210723882,-83.52037815475732,1.6648435882347152,-288.41379087540906,1.0215260416666667,-187.66911571355422,3.0077142268979444,-124.59656461373625,0.2,0.25,-10,10,400,0.7,0.5,eq,1,6.5,15,15
10.361951210723882,-85.94628876042776,1.6648435882347152,-290.83970148107954,1.0215260416666667,-190.4384965987745,3.0077142268979444,-124.78468053700098,0.2,0.25,-10,10,400,0.7,0.5,eq,0.5,6.5,15,15
7.482433334471366,-85.97479807941954,1.7398467296524174,-244.70783885481768,0.3064578125,-145.10360102044916,2.864700581064611,-120.53710287947372,0.2,0.25,-10,2,500,0.8,1,eff,1,35,10,15
7.482433334471366,-86.6232159880782,1.6648435882347152,-260.00591850681303,1.0215260416666667,-155.2391413580307,3.0077142268979444,-122.39369154564439,0.2,0.25,-10,10,400,0.7,0.5,eq,0.5,6.5,10,15
10.361951210723882,-83.52037815475732,1.6648435882347152,-281.931322037519,1.0215260416666667,-186.32748127768116,3.0077142268979444,-124.50543132039438,0.2,0.25,-10,10,400,0.7,0.5,eff,1,6.5,15,15
10.361951210723882,-83.52037815475732,1.6648435882347152,-288.41379087540906,1.0215260416666667,-187.66911571355422,3.0077142268979444,-124.59656461373625,0.2,0.25,-10,10,400,0.7,0.5,eq,1,35,15,15
10.361951210723882,-83.52037815475732,1.7398467296524174,-273.2593560888065,0.3064578125,-177.42039878200828,2.864700581064611,-121.22853536037425,0.2,0.25,-10,2,500,0.8,1,eff,1,35,15,15
7.482433334471366,-84.88041588240203,1.6648435882347152,-251.7806495632468,1.0215260416666667,-152.16236088249696,3.0077142268979444,-122.18469486955463,0.2,0.25,-10,10,400,0.7,0.5,eff,1,6.5,10,15
7.482433334471366,-89.11140995875189,1.6648435882347152,-262.49411247748674,1.0215260416666667,-158.07962394033197,3.0077142268979444,-122.58663719871032,0.2,0.25,-10,10,400,0.7,0.5,eq,0.5,35,10,15
7.482433334471366,-85.97479807941954,1.6648435882347152,-259.3575005981544,1.0215260416666667,-154.49891780746393,3.0077142268979444,-122.34341033030849,0.2,0.25,-10,10,400,0.7,0.5,eq,1,35,10,15
7.482433334471366,-89.11140995875189,1.6648435882347152,-256.0116436395967,1.0215260416666667,-156.9566958060091,3.0077142268979444,-122.51035998315096,0.2,0.25,-10,10,400,0.7,0.5,eff,0.5,35,10,15
10.361951210723882,-87.89424806992096,1.6648435882347152,-292.7876607905728,1.0215260416666667,-192.66225590169344,3.0077142268979444,-124.93573398602975,0.2,0.25,-10,10,400,0.7,0.5,eq,0.5,35,15,15
7.482433334471366,-85.97479807941954,1.6648435882347152,-252.87503176026433,1.0215260416666667,-153.4024559268871,3.0077142268979444,-122.26893088976276,0.2,0.25,-10,10,400,0.7,0.5,eff,1,35,10,15
7.482433334471366,-86.6232159880782,1.6648435882347152,-253.52344966892298,1.0215260416666667,-154.1372082259418,3.0077142268979444,-122.31884045902608,0.2,0.25,-10,10,400,0.7,0.5,eff,0.5,6.5,10,15
10.361951210723882,-85.94628876042776,1.6648435882347152,-284.35723264318943,1.0215260416666667,-189.0763926985545,3.0077142268979444,-124.69215681296575,0.2,0.25,-10,10,400,0.7,0.5,eff,0.5,6.5,15,15
10.361951210723882,-83.52037815475732,1.6648435882347152,-281.931322037519,1.0215260416666667,-186.32748127768116,3.0077142268979444,-124.50543132039438,0.2,0.25,-10,10,400,0.7,0.5,eff,1,35,15,15
7.482433334471366,-84.88041588240203,1.7398467296524174,-249.76527039257647,1.0215260416666667,-144.67544775456543,3.0077142268979444,-121.67613081360263,0.2,0.25,-10,10,400,0.7,1,eq,1,6.5,10,15
10.361951210723882,-85.94628876042776,1.7398467296524174,-281.8370804292532,1.0215260416666667,-181.23993178130124,3.0077142268979444,-124.15984900061538,0.2,0.25,-10,10,400,0.7,1,eq,0.5,6.5,15,15
7.482433334471366,-85.97479807941954,1.7398467296524174,-250.85965258959396,1.0215260416666667,-145.92313288096548,3.0077142268979444,-121.7608824058265,0.2,0.25,-10,10,400,0.7,1,eq,1,35,10,15
7.482433334471366,-86.6232159880782,1.7398467296524174,-251.50807049825264,1.0215260416666667,-146.66238227895553,3.0077142268979444,-121.81109744983421,0.2,0.25,-10,10,400,0.7,1,eq,0.5,6.5,10,15
10.361951210723882,-83.52037815475732,1.7398467296524174,-273.2593560888065,1.0215260416666667,-177.4232389890361,3.0077142268979444,-123.9005922503913,0.2,0.25,-10,10,400,0.7,1,eff,1,6.5,15,15
7.482433334471366,-89.11140995875189,1.7398467296524174,-253.9962644689263,1.0215260416666667,-149.49912671577206,3.0077142268979444,-122.00378918163813,0.2,0.25,-10,10,400,0.7,1,eq,0.5,35,10,15
10.361951210723882,-83.52037815475732,1.7398467296524174,-279.4111698235828,1.0215260416666667,-178.4741954697893,3.0077142268979444,-123.9719806425561,0.2,0.25,-10,10,400,0.7,1,eq,1,6.5,15,15
10.361951210723882,-83.52037815475732,1.7398467296524174,-279.4111698235828,1.0215260416666667,-178.4741954697893,3.0077142268979444,-123.9719806425561,0.2,0.25,-10,10,400,0.7,1,eq,1,35,15,15
7.482433334471366,-84.88041588240203,1.7398467296524174,-243.61345665780016,1.0215260416666667,-143.86773549279806,3.0077142268979444,-121.62126528800255,0.2,0.25,-10,10,400,0.7,1,eff,1,6.5,10,15
10.361951210723882,-87.89424806992096,1.6648435882347152,-286.30519195268266,1.0215260416666667,-191.28371541725315,3.0077142268979444,-124.84209377302324,0.2,0.25,-10,10,400,0.7,0.5,eff,0.5,35,15,15
10.361951210723882,-85.94628876042776,1.7398467296524174,-275.6852666944769,1.0215260416666667,-180.1690707356095,3.0077142268979444,-124.0871085497175,0.2,0.25,-10,10,400,0.7,1,eff,0.5,6.5,15,15
7.482433334471366,-86.6232159880782,1.7398467296524174,-245.35625676347632,1.0215260416666667,-145.84037036514022,3.0077142268979444,-121.75526059079932,0.2,0.25,-10,10,400,0.7,1,eff,0.5,6.5,10,15
7.482433334471366,-85.97479807941954,1.7398467296524174,-244.70783885481768,1.0215260416666667,-145.10644122765152,3.0077142268979444,-121.70540693648746,0.2,0.25,-10,10,400,0.7,1,eff,1,35,10,15
7.482433334471366,-89.11140995875189,1.7398467296524174,-247.84445073415,1.0215260416666667,-148.656699202665,3.0077142268979444,-121.94656555080519,0.2,0.25,-10,10,400,0.7,1,eff,0.5,35,10,15
10.361951210723882,-83.52037815475732,1.6648435882347152,-288.41379087540906,1.0215260416666667,-187.66911571355422,3.0077142268979444,-124.59656461373625,0.2,0.25,-10,10,400,0.8,0.5,eq,1,35,15,15
10.361951210723882,-83.52037815475732,1.7398467296524174,-273.2593560888065,1.0215260416666667,-177.4232389890361,3.0077142268979444,-123.9005922503913,0.2,0.25,-10,10,400,0.7,1,eff,1,35,15,15
10.361951210723882,-87.89424806992096,1.7398467296524174,-277.6332260039701,1.0215260416666667,-182.37392053516143,3.0077142268979444,-124.23687753162838,0.2,0.25,-10,10,400,0.7,1,eff,0.5,35,15,15
7.482433334471366,-86.6232159880782,1.6648435882347152,-260.00591850681303,1.0215260416666667,-155.2391413580307,3.0077142268979444,-122.39369154564439,0.2,0.25,-10,10,400,0.8,0.5,eq,0.5,6.5,10,15
10.361951210723882,-87.89424806992096,1.7398467296524174,-283.78503973874643,1.0215260416666667,-183.4607645615547,3.0077142268979444,-124.31070365954045,0.2,0.25,-10,10,400,0.7,1,eq,0.5,35,15,15
10.361951210723882,-83.52037815475732,1.6648435882347152,-288.41379087540906,1.0215260416666667,-187.66911571355422,3.0077142268979444,-124.59656461373625,0.2,0.25,-10,10,400,0.8,0.5,eq,1,6.5,15,15
10.361951210723882,-83.52037815475732,1.6648435882347152,-281.931322037519,1.0215260416666667,-186.32748127768116,3.0077142268979444,-124.50543132039438,0.2,0.25,-10,10,400,0.8,0.5,eff,1,6.5,15,15
7.482433334471366,-84.88041588240203,1.6648435882347152,-258.26311840113686,1.0215260416666667,-153.2495885326452,3.0077142268979444,-122.25854705590355,0.2,0.25,-10,10,400,0.8,0.5,eq,1,6.5,10,15
10.361951210723882,-83.52037815475732,1.6648435882347152,-281.931322037519,1.0215260416666667,-186.32748127768116,3.0077142268979444,-124.50543132039438,0.2,0.25,-10,10,400,0.8,0.5,eff,1,35,15,15
10.361951210723882,-87.89424806992096,1.6648435882347152,-292.7876607905728,1.0215260416666667,-192.66225590169344,3.0077142268979444,-124.93573398602975,0.2,0.25,-10,10,400,0.8,0.5,eq,0.5,35,15,15
10.361951210723882,-85.94628876042776,1.6648435882347152,-284.35723264318943,1.0215260416666667,-189.0763926985545,3.0077142268979444,-124.69215681296575,0.2,0.25,-10,10,400,0.8,0.5,eff,0.5,6.5,15,15
10.361951210723882,-85.94628876042776,1.6648435882347152,-290.83970148107954,1.0215260416666667,-190.4384965987745,3.0077142268979444,-124.78468053700098,0.2,0.25,-10,10,400,0.8,0.5,eq,0.5,6.5,15,15
7.482433334471366,-86.6232159880782,1.6648435882347152,-253.52344966892298,1.0215260416666667,-154.1372082259418,3.0077142268979444,-122.31884045902608,0.2,0.25,-10,10,400,0.8,0.5,eff,0.5,6.5,10,15
7.482433334471366,-85.97479807941954,1.6648435882347152,-259.3575005981544,1.0215260416666667,-154.49891780746393,3.0077142268979444,-122.34341033030849,0.2,0.25,-10,10,400,0.8,0.5,eq,1,35,10,15
7.482433334471366,-84.88041588240203,1.7398467296524174,-249.76527039257647,1.0215260416666667,-144.67544775456543,3.0077142268979444,-121.67613081360263,0.2,0.25,-10,10,400,0.8,1,eq,1,6.5,10,15
10.361951210723882,-87.89424806992096,1.6648435882347152,-286.30519195268266,1.0215260416666667,-191.28371541725315,3.0077142268979444,-124.84209377302324,0.2,0.25,-10,10,400,0.8,0.5,eff,0.5,35,15,15
7.482433334471366,-85.97479807941954,1.7398467296524174,-250.85965258959396,1.0215260416666667,-145.92313288096548,3.0077142268979444,-121.7608824058265,0.2,0.25,-10,10,400,0.8,1,eq,1,35,10,15
10.361951210723882,-83.52037815475732,1.7398467296524174,-279.4111698235828,1.0215260416666667,-178.4741954697893,3.0077142268979444,-123.9719806425561,0.2,0.25,-10,10,400,0.8,1,eq,1,35,15,15
7.482433334471366,-89.11140995875189,1.6648435882347152,-262.49411247748674,1.0215260416666667,-158.07962394033197,3.0077142268979444,-122.58663719871032,0.2,0.25,-10,10,400,0.8,0.5,eq,0.5,35,10,15
10.361951210723882,-83.52037815475732,1.7398467296524174,-279.4111698235828,1.0215260416666667,-178.4741954697893,3.0077142268979444,-123.9719806425561,0.2,0.25,-10,10,400,0.8,1,eq,1,6.5,15,15
7.482433334471366,-84.88041588240203,1.6648435882347152,-251.7806495632468,1.0215260416666667,-152.16236088249696,3.0077142268979444,-122.18469486955463,0.2,0.25,-10,10,400,0.8,0.5,eff,1,6.5,10,15
10.361951210723882,-85.94628876042776,1.7398467296524174,-281.8370804292532,1.0215260416666667,-181.23993178130124,3.0077142268979444,-124.15984900061538,0.2,0.25,-10,10,400,0.8,1,eq,0.5,6.5,15,15
7.482433334471366,-89.11140995875189,1.6648435882347152,-256.0116436395967,1.0215260416666667,-156.9566958060091,3.0077142268979444,-122.51035998315096,0.2,0.25,-10,10,400,0.8,0.5,eff,0.5,35,10,15
7.482433334471366,-85.97479807941954,1.7398467296524174,-244.70783885481768,1.0215260416666667,-145.10644122765152,3.0077142268979444,-121.70540693648746,0.2,0.25,-10,10,400,0.8,1,eff,1,35,10,15
7.482433334471366,-85.97479807941954,1.6648435882347152,-252.87503176026433,1.0215260416666667,-153.4024559268871,3.0077142268979444,-122.26893088976276,0.2,0.25,-10,10,400,0.8,0.5,eff,1,35,10,15
7.482433334471366,-86.6232159880782,1.7398467296524174,-245.35625676347632,1.0215260416666667,-145.84037036514022,3.0077142268979444,-121.75526059079932,0.2,0.25,-10,10,400,0.8,1,eff,0.5,6.5,10,15
10.361951210723882,-83.52037815475732,1.7398467296524174,-273.2593560888065,1.0215260416666667,-177.4232389890361,3.0077142268979444,-123.9005922503913,0.2,0.25,-10,10,400,0.8,1,eff,1,35,15,15
7.482433334471366,-86.6232159880782,1.7398467296524174,-251.50807049825264,1.0215260416666667,-146.66238227895553,3.0077142268979444,-121.81109744983421,0.2,0.25,-10,10,400,0.8,1,eq,0.5,6.5,10,15
10.361951210723882,-83.52037815475732,1.6648435882347152,-288.41379087540906,1.5322890624999999,-187.67141141040503,3.109866831064611,-126.66859188389135,0.2,0.25,-10,10,500,0.7,0.5,eq,1,6.5,15,15
7.482433334471366,-84.88041588240203,1.7398467296524174,-243.61345665780016,1.0215260416666667,-143.86773549279806,3.0077142268979444,-121.62126528800255,0.2,0.25,-10,10,400,0.8,1,eff,1,6.5,10,15
7.482433334471366,-89.11140995875189,1.7398467296524174,-247.84445073415,1.0215260416666667,-148.656699202665,3.0077142268979444,-121.94656555080519,0.2,0.25,-10,10,400,0.8,1,eff,0.5,35,10,15
10.361951210723882,-83.52037815475732,1.7398467296524174,-273.2593560888065,1.0215260416666667,-177.4232389890361,3.0077142268979444,-123.9005922503913,0.2,0.25,-10,10,400,0.8,1,eff,1,6.5,15,15
7.482433334471366,-84.88041588240203,1.6648435882347152,-258.26311840113686,1.5322890624999999,-153.2518842295412,3.109866831064611,-123.27676400825172,0.2,0.25,-10,10,500,0.7,0.5,eq,1,6.5,10,15
10.361951210723882,-83.52037815475732,1.6648435882347152,-288.41379087540906,1.5322890624999999,-187.67141141040503,3.109866831064611,-126.66859188389135,0.2,0.25,-10,10,500,0.7,0.5,eq,1,35,15,15
10.361951210723882,-87.89424806992096,1.7398467296524174,-277.6332260039701,1.0215260416666667,-182.37392053516143,3.0077142268979444,-124.23687753162838,0.2,0.25,-10,10,400,0.8,1,eff,0.5,35,15,15
10.361951210723882,-87.89424806992096,1.7398467296524174,-283.78503973874643,1.0215260416666667,-183.4607645615547,3.0077142268979444,-124.31070365954045,0.2,0.25,-10,10,400,0.8,1,eq,0.5,35,15,15
7.482433334471366,-89.11140995875189,1.7398467296524174,-253.9962644689263,1.0215260416666667,-149.49912671577206,3.0077142268979444,-122.00378918163813,0.2,0.25,-10,10,400,0.8,1,eq,0.5,35,10,15
10.361951210723882,-85.94628876042776,1.7398467296524174,-275.6852666944769,1.0215260416666667,-180.1690707356095,3.0077142268979444,-124.0871085497175,0.2,0.25,-10,10,400,0.8,1,eff,0.5,6.5,15,15
7.482433334471366,-85.97479807941954,1.6648435882347152,-259.3575005981544,1.5322890624999999,-154.5012135042917,3.109866831064611,-123.39987754893711,0.2,0.25,-10,10,500,0.7,0.5,eq,1,35,10,15
7.482433334471366,-86.6232159880782,1.6648435882347152,-260.00591850681303,1.5322890624999999,-155.24143705487649,3.109866831064611,-123.47282192321296,0.2,0.25,-10,10,500,0.7,0.5,eq,0.5,6.5,10,15
7.482433334471366,-85.97479807941954,1.6648435882347152,-252.87503176026433,1.5322890624999999,-153.4045988522682,3.109866831064611,-123.29181307361692,0.2,0.25,-10,10,500,0.7,0.5,eff,1,35,10,15
10.361951210723882,-83.52037815475732,1.6648435882347152,-281.931322037519,1.5322890624999999,-186.3296242031252,3.109866831064611,-126.53636719559414,0.2,0.25,-10,10,500,0.7,0.5,eff,1,6.5,15,15
10.361951210723882,-87.89424806992096,1.6648435882347152,-292.7876607905728,1.5322890624999999,-192.6645515983411,3.109866831064611,-127.16063443832337,0.2,0.25,-10,10,500,0.7,0.5,eq,0.5,35,15,15
10.361951210723882,-85.94628876042776,1.6648435882347152,-290.83970148107954,1.5322890624999999,-190.44079229568078,3.109866831064611,-126.94149694837942,0.2,0.25,-10,10,500,0.7,0.5,eq,0.5,6.5,15,15
10.361951210723882,-85.94628876042776,1.6648435882347152,-284.35723264318943,1.5322890624999999,-189.07853562395633,3.109866831064611,-126.8072551231314,0.2,0.25,-10,10,500,0.7,0.5,eff,0.5,6.5,15,15
10.361951210723882,-83.52037815475732,1.7398467296524174,-279.4111698235828,1.5322890624999999,-178.47636603131025,3.109866831064611,-125.76247800641993,0.2,0.25,-10,10,500,0.7,1,eq,1,35,15,15
7.482433334471366,-84.88041588240203,1.6648435882347152,-251.7806495632468,1.5322890624999999,-152.16450380785525,3.109866831064611,-123.1696095082403,0.2,0.25,-10,10,500,0.7,0.5,eff,1,6.5,10,15
7.482433334471366,-86.6232159880782,1.6648435882347152,-253.52344966892298,1.5322890624999999,-154.1393511511443,3.109866831064611,-123.36421829045574,0.2,0.25,-10,10,500,0.7,0.5,eff,0.5,6.5,10,15
7.482433334471366,-84.88041588240203,1.7398467296524174,-249.76527039257647,1.5322890624999999,-144.67761831610963,3.109866831064611,-122.43182404189179,0.2,0.25,-10,10,500,0.7,1,eq,1,6.5,10,15
7.482433334471366,-85.97479807941954,1.7398467296524174,-250.85965258959396,1.5322890624999999,-145.92530344267234,3.109866831064611,-122.55477556211636,0.2,0.25,-10,10,500,0.7,1,eq,1,35,10,15
7.482433334471366,-86.6232159880782,1.7398467296524174,-251.50807049825264,1.5322890624999999,-146.66455284066288,3.109866831064611,-122.62762393978232,0.2,0.25,-10,10,500,0.7,1,eq,0.5,6.5,10,15
7.482433334471366,-89.11140995875189,1.6648435882347152,-256.0116436395967,1.5322890624999999,-156.95883873138848,3.109866831064611,-123.64206105451936,0.2,0.25,-10,10,500,0.7,0.5,eff,0.5,35,10,15
10.361951210723882,-83.52037815475732,1.7398467296524174,-279.4111698235828,1.5322890624999999,-178.47636603131025,3.109866831064611,-125.76247800641993,0.2,0.25,-10,10,500,0.7,1,eq,1,6.5,15,15
10.361951210723882,-87.89424806992096,1.7398467296524174,-283.78503973874643,1.5322890624999999,-183.46293512328847,3.109866831064611,-126.25387302068324,0.2,0.25,-10,10,500,0.7,1,eq,0.5,35,15,15
7.482433334471366,-89.11140995875189,1.7398467296524174,-253.9962644689263,1.5322890624999999,-149.5012972773128,3.109866831064611,-122.90716725848438,0.2,0.25,-10,10,500,0.7,1,eq,0.5,35,10,15
10.361951210723882,-83.52037815475732,1.7398467296524174,-273.2593560888065,1.5322890624999999,-177.4252677083801,3.109866831064611,-125.65889887899561,0.2,0.25,-10,10,500,0.7,1,eff,1,6.5,15,15
10.361951210723882,-83.52037815475732,1.6648435882347152,-281.931322037519,1.5322890624999999,-186.3296242031252,3.109866831064611,-126.53636719559414,0.2,0.25,-10,10,500,0.7,0.5,eff,1,35,15,15
7.482433334471366,-84.88041588240203,1.7398467296524174,-243.61345665780016,1.5322890624999999,-143.86976421216255,3.109866831064611,-122.35221510203576,0.2,0.25,-10,10,500,0.7,1,eff,1,6.5,10,15
7.482433334471366,-89.11140995875189,1.7398467296524174,-247.84445073415,1.5322890624999999,-148.65872792202833,3.109866831064611,-122.82413734899733,0.2,0.25,-10,10,500,0.7,1,eff,0.5,35,10,15
10.361951210723882,-83.52037815475732,1.7398467296524174,-273.2593560888065,1.5322890624999999,-177.4252677083801,3.109866831064611,-125.65889887899561,0.2,0.25,-10,10,500,0.7,1,eff,1,35,15,15
7.482433334471366,-86.6232159880782,1.7398467296524174,-245.35625676347632,1.5322890624999999,-145.8423990845041,3.109866831064611,-122.54660585915767,0.2,0.25,-10,10,500,0.7,1,eff,0.5,6.5,10,15
10.361951210723882,-87.89424806992096,1.7398467296524174,-277.6332260039701,1.5322890624999999,-182.37594925452004,3.109866831064611,-126.14675740137959,0.2,0.25,-10,10,500,0.7,1,eff,0.5,35,15,15
10.361951210723882,-83.52037815475732,1.6648435882347152,-288.41379087540906,1.5322890624999999,-187.67141141040503,3.109866831064611,-126.66859188389135,0.2,0.25,-10,10,500,0.8,0.5,eq,1,6.5,15,15
10.361951210723882,-85.94628876042776,1.7398467296524174,-281.8370804292532,1.5322890624999999,-181.24210234282108,3.109866831064611,-126.0350239210909,0.2,0.25,-10,10,500,0.7,1,eq,0.5,6.5,15,15
10.361951210723882,-87.89424806992096,1.6648435882347152,-286.30519195268266,1.5322890624999999,-191.28585834243543,3.109866831064611,-127.02477289110459,0.2,0.25,-10,10,500,0.7,0.5,eff,0.5,35,15,15
10.361951210723882,-85.94628876042776,1.7398467296524174,-275.6852666944769,1.5322890624999999,-180.17109945500957,3.109866831064611,-125.9294833240141,0.2,0.25,-10,10,500,0.7,1,eff,0.5,6.5,15,15
7.482433334471366,-85.97479807941954,1.7398467296524174,-244.70783885481768,1.5322890624999999,-145.10846994699722,3.109866831064611,-122.47428175969344,0.2,0.25,-10,10,500,0.7,1,eff,1,35,10,15
7.482433334471366,-89.11140995875189,1.6648435882347152,-262.49411247748674,1.5322890624999999,-158.08191963699758,3.109866831064611,-123.75273361263505,0.2,0.25,-10,10,500,0.7,0.5,eq,0.5,35,10,15
10.361951210723882,-83.52037815475732,1.6648435882347152,-288.41379087540906,1.5322890624999999,-187.67141141040503,3.109866831064611,-126.66859188389135,0.2,0.25,-10,10,500,0.8,0.5,eq,1,35,15,15
7.482433334471366,-85.97479807941954,1.6648435882347152,-259.3575005981544,1.5322890624999999,-154.5012135042917,3.109866831064611,-123.39987754893711,0.2,0.25,-10,10,500,0.8,0.5,eq,1,35,10,15
7.482433334471366,-89.11140995875189,1.6648435882347152,-262.49411247748674,1.5322890624999999,-158.08191963699758,3.109866831064611,-123.75273361263505,0.2,0.25,-10,10,500,0.8,0.5,eq,0.5,35,10,15
7.482433334471366,-84.88041588240203,1.6648435882347152,-258.26311840113686,1.5322890624999999,-153.2518842295412,3.109866831064611,-123.27676400825172,0.2,0.25,-10,10,500,0.8,0.5,eq,1,6.5,10,15
10.361951210723882,-87.89424806992096,1.6648435882347152,-292.7876607905728,1.5322890624999999,-192.6645515983411,3.109866831064611,-127.16063443832337,0.2,0.25,-10,10,500,0.8,0.5,eq,0.5,35,15,15
10.361951210723882,-85.94628876042776,1.6648435882347152,-290.83970148107954,1.5322890624999999,-190.44079229568078,3.109866831064611,-126.94149694837942,0.2,0.25,-10,10,500,0.8,0.5,eq,0.5,6.5,15,15
10.361951210723882,-87.89424806992096,1.6648435882347152,-286.30519195268266,1.5322890624999999,-191.28585834243543,3.109866831064611,-127.02477289110459,0.2,0.25,-10,10,500,0.8,0.5,eff,0.5,35,15,15
7.482433334471366,-84.88041588240203,1.7398467296524174,-249.76527039257647,1.5322890624999999,-144.67761831610963,3.109866831064611,-122.43182404189179,0.2,0.25,-10,10,500,0.8,1,eq,1,6.5,10,15
7.482433334471366,-89.11140995875189,1.6648435882347152,-256.0116436395967,1.5322890624999999,-156.95883873138848,3.109866831064611,-123.64206105451936,0.2,0.25,-10,10,500,0.8,0.5,eff,0.5,35,10,15
10.361951210723882,-83.52037815475732,1.6648435882347152,-281.931322037519,1.5322890624999999,-186.3296242031252,3.109866831064611,-126.53636719559414,0.2,0.25,-10,10,500,0.8,0.5,eff,1,35,15,15
10.361951210723882,-83.52037815475732,1.7398467296524174,-279.4111698235828,1.5322890624999999,-178.47636603131025,3.109866831064611,-125.76247800641993,0.2,0.25,-10,10,500,0.8,1,eq,1,35,15,15
7.482433334471366,-85.97479807941954,1.6648435882347152,-252.87503176026433,1.5322890624999999,-153.4045988522682,3.109866831064611,-123.29181307361692,0.2,0.25,-10,10,500,0.8,0.5,eff,1,35,10,15
10.361951210723882,-83.52037815475732,1.7398467296524174,-279.4111698235828,1.5322890624999999,-178.47636603131025,3.109866831064611,-125.76247800641993,0.2,0.25,-10,10,500,0.8,1,eq,1,6.5,15,15
7.482433334471366,-84.88041588240203,1.6648435882347152,-251.7806495632468,1.5322890624999999,-152.16450380785525,3.109866831064611,-123.1696095082403,0.2,0.25,-10,10,500,0.8,0.5,eff,1,6.5,10,15
7.482433334471366,-86.6232159880782,1.6648435882347152,-253.52344966892298,1.5322890624999999,-154.1393511511443,3.109866831064611,-123.36421829045574,0.2,0.25,-10,10,500,0.8,0.5,eff,0.5,6.5,10,15
7.482433334471366,-85.97479807941954,1.7398467296524174,-250.85965258959396,1.5322890624999999,-145.92530344267234,3.109866831064611,-122.55477556211636,0.2,0.25,-10,10,500,0.8,1,eq,1,35,10,15
10.361951210723882,-85.94628876042776,1.7398467296524174,-281.8370804292532,1.5322890624999999,-181.24210234282108,3.109866831064611,-126.0350239210909,0.2,0.25,-10,10,500,0.8,1,eq,0.5,6.5,15,15
10.361951210723882,-83.52037815475732,1.6648435882347152,-281.931322037519,1.5322890624999999,-186.3296242031252,3.109866831064611,-126.53636719559414,0.2,0.25,-10,10,500,0.8,0.5,eff,1,6.5,15,15
10.361951210723882,-85.94628876042776,1.6648435882347152,-284.35723264318943,1.5322890624999999,-189.07853562395633,3.109866831064611,-126.8072551231314,0.2,0.25,-10,10,500,0.8,0.5,eff,0.5,6.5,15,15
7.482433334471366,-86.6232159880782,1.6648435882347152,-260.00591850681303,1.5322890624999999,-155.24143705487649,3.109866831064611,-123.47282192321296,0.2,0.25,-10,10,500,0.8,0.5,eq,0.5,6.5,10,15
7.482433334471366,-86.6232159880782,1.7398467296524174,-251.50807049825264,1.5322890624999999,-146.66455284066288,3.109866831064611,-122.62762393978232,0.2,0.25,-10,10,500,0.8,1,eq,0.5,6.5,10,15
7.482433334471366,-85.97479807941954,1.7398467296524174,-244.70783885481768,1.5322890624999999,-145.10846994699722,3.109866831064611,-122.47428175969344,0.2,0.25,-10,10,500,0.8,1,eff,1,35,10,15
7.482433334471366,-84.88041588240203,1.7398467296524174,-243.61345665780016,1.5322890624999999,-143.86976421216255,3.109866831064611,-122.35221510203576,0.2,0.25,-10,10,500,0.8,1,eff,1,6.5,10,15
10.361951210723882,-87.89424806992096,1.7398467296524174,-283.78503973874643,1.5322890624999999,-183.46293512328847,3.109866831064611,-126.25387302068324,0.2,0.25,-10,10,500,0.8,1,eq,0.5,35,15,15
10.361951210723882,-83.52037815475732,1.7398467296524174,-273.2593560888065,1.5322890624999999,-177.4252677083801,3.109866831064611,-125.65889887899561,0.2,0.25,-10,10,500,0.8,1,eff,1,6.5,15,15
7.482433334471366,-89.11140995875189,1.7398467296524174,-253.9962644689263,1.5322890624999999,-149.5012972773128,3.109866831064611,-122.90716725848438,0.2,0.25,-10,10,500,0.8,1,eq,0.5,35,10,15
10.361951210723882,-83.52037815475732,1.7398467296524174,-273.2593560888065,1.5322890624999999,-177.4252677083801,3.109866831064611,-125.65889887899561,0.2,0.25,-10,10,500,0.8,1,eff,1,35,15,15
7.482433334471366,-86.6232159880782,1.7398467296524174,-245.35625676347632,1.5322890624999999,-145.8423990845041,3.109866831064611,-122.54660585915767,0.2,0.25,-10,10,500,0.8,1,eff,0.5,6.5,10,15
10.361951210723882,-83.52037815475732,0.664380693404857,-429.86995907747075,0.8172208333333333,-332.02076356610957,2.966853185231278,-131.68023992208157,0.2,1,-20,2,400,0.7,0.5,eq,1,35,15,15
10.361951210723882,-85.94628876042776,1.7398467296524174,-275.6852666944769,1.5322890624999999,-180.17109945500957,3.109866831064611,-125.9294833240141,0.2,0.25,-10,10,500,0.8,1,eff,0.5,6.5,15,15
7.482433334471366,-85.97479807941954,0.664380693404857,-400.81366880021613,0.8172208333333333,-297.97750960164484,2.966853185231278,-129.80479448294037,0.2,1,-20,2,400,0.7,0.5,eq,1,35,10,15
7.482433334471366,-89.11140995875189,1.7398467296524174,-247.84445073415,1.5322890624999999,-148.65872792202833,3.109866831064611,-122.82413734899733,0.2,0.25,-10,10,500,0.8,1,eff,0.5,35,10,15
7.482433334471366,-86.6232159880782,0.664380693404857,-401.4620867088748,0.8172208333333333,-298.73721620248,2.966853185231278,-129.8466467771161,0.2,1,-20,2,400,0.7,0.5,eq,0.5,6.5,10,15
10.361951210723882,-83.52037815475732,0.664380693404857,-413.54845266914066,0.8172208333333333,-320.6493260885551,2.966853185231278,-131.05378657023624,0.2,1,-20,2,400,0.7,0.5,eff,1,6.5,15,15
10.361951210723882,-85.94628876042776,0.664380693404857,-432.29586968314135,0.8172208333333333,-334.8630359295083,2.966853185231278,-131.83682092183847,0.2,1,-20,2,400,0.7,0.5,eq,0.5,6.5,15,15
7.482433334471366,-84.88041588240203,0.664380693404857,-399.7192866031986,0.8172208333333333,-296.6952973608594,2.966853185231278,-129.73415731348814,0.2,1,-20,2,400,0.7,0.5,eq,1,6.5,10,15
7.482433334471366,-89.11140995875189,0.664380693404857,-403.9502806795485,0.8172208333333333,-301.6524616950331,2.966853185231278,-130.00724787208463,0.2,1,-20,2,400,0.7,0.5,eq,0.5,35,10,15
10.361951210723882,-83.52037815475732,0.664380693404857,-429.86995907747075,0.8172208333333333,-332.02076356610957,2.966853185231278,-131.68023992208157,0.2,1,-20,2,400,0.7,0.5,eq,1,6.5,15,15
10.361951210723882,-87.89424806992096,1.7398467296524174,-277.6332260039701,1.5322890624999999,-182.37594925452004,3.109866831064611,-126.14675740137959,0.2,0.25,-10,10,500,0.8,1,eff,0.5,35,15,15
7.482433334471366,-84.88041588240203,0.664380693404857,-383.39778019486835,0.8172208333333333,-285.7223853597368,2.966853185231278,-129.12965876032146,0.2,1,-20,2,400,0.7,0.5,eff,1,6.5,10,15
7.482433334471366,-86.6232159880782,0.664380693404857,-385.14058030054457,0.8172208333333333,-287.74126822366566,2.966853185231278,-129.24087917019378,0.2,1,-20,2,400,0.7,0.5,eff,0.5,6.5,10,15
7.482433334471366,-85.97479807941954,0.664380693404857,-384.49216239188587,0.8172208333333333,-286.9901322777233,2.966853185231278,-129.19949903404515,0.2,1,-20,2,400,0.7,0.5,eff,1,35,10,15
10.361951210723882,-87.89424806992096,0.664380693404857,-417.9223225843043,0.8172208333333333,-325.7160752766472,2.966853185231278,-131.33291416673444,0.2,1,-20,2,400,0.7,0.5,eff,0.5,35,15,15
7.482433334471366,-84.88041588240203,0.6968241909147566,-386.8635001834317,0.8172208333333333,-282.5540446656411,2.966853185231278,-128.95511463153198,0.2,1,-20,2,400,0.7,1,eq,1,6.5,10,15
10.361951210723882,-87.89424806992096,0.664380693404857,-434.2438289926345,0.8172208333333333,-337.1453256804541,2.966853185231278,-131.96255243706545,0.2,1,-20,2,400,0.7,0.5,eq,0.5,35,15,15
10.361951210723882,-83.52037815475732,0.664380693404857,-413.54845266914066,0.8172208333333333,-320.6493260885551,2.966853185231278,-131.05378657023624,0.2,1,-20,2,400,0.7,0.5,eff,1,35,15,15
7.482433334471366,-86.6232159880782,0.6968241909147566,-388.6063002891079,0.8172208333333333,-284.59334520782335,2.966853185231278,-129.06745985284562,0.2,1,-20,2,400,0.7,1,eq,0.5,6.5,10,15
10.361951210723882,-83.52037815475732,0.6968241909147566,-416.50939961443805,0.8172208333333333,-317.2435644602777,2.966853185231278,-130.86616290420173,0.2,1,-20,2,400,0.7,1,eq,1,6.5,15,15
7.482433334471366,-89.11140995875189,0.664380693404857,-387.6287742712182,0.8172208333333333,-290.623625272059,2.966853185231278,-129.39966843828287,0.2,1,-20,2,400,0.7,0.5,eff,0.5,35,10,15
10.361951210723882,-85.94628876042776,0.6968241909147566,-418.9353102201085,0.8172208333333333,-320.08219225092677,2.966853185231278,-131.02254312416994,0.2,1,-20,2,400,0.7,1,eq,0.5,6.5,15,15
10.361951210723882,-85.94628876042776,0.664380693404857,-415.9743632748111,0.8172208333333333,-323.45953325784734,2.966853185231278,-131.2086010960214,0.2,1,-20,2,400,0.7,0.5,eff,0.5,6.5,15,15
7.482433334471366,-89.11140995875189,0.6968241909147566,-391.0944942597815,0.8172208333333333,-287.5048525539266,2.966853185231278,-129.22785501304313,0.2,1,-20,2,400,0.7,1,eq,0.5,35,10,15
10.361951210723882,-83.52037815475732,0.6968241909147566,-416.50939961443805,0.8172208333333333,-317.2435644602777,2.966853185231278,-130.86616290420173,0.2,1,-20,2,400,0.7,1,eq,1,35,15,15
7.482433334471366,-85.97479807941954,0.6968241909147566,-372.3295830894832,0.8172208333333333,-273.69018015056537,2.966853185231278,-128.46680366409868,0.2,1,-20,2,400,0.7,1,eff,1,35,10,15
10.361951210723882,-83.52037815475732,0.6968241909147566,-400.881100323472,0.8172208333333333,-306.72872595073284,2.966853185231278,-130.28689965437812,0.2,1,-20,2,400,0.7,1,eff,1,35,15,15
10.361951210723882,-83.52037815475732,0.664380693404857,-429.86995907747075,0.8172208333333333,-332.02076356610957,2.966853185231278,-131.68023992208157,0.2,1,-20,2,400,0.8,0.5,eq,1,6.5,15,15
10.361951210723882,-85.94628876042776,0.6968241909147566,-403.30701092914245,0.8172208333333333,-309.5358818016328,2.966853185231278,-130.4415460828019,0.2,1,-20,2,400,0.7,1,eff,0.5,6.5,15,15
10.361951210723882,-87.89424806992096,0.6968241909147566,-420.8832695296017,0.8172208333333333,-322.36155547823364,2.966853185231278,-131.14811341698797,0.2,1,-20,2,400,0.7,1,eq,0.5,35,15,15
10.361951210723882,-83.52037815475732,0.6968241909147566,-400.881100323472,0.8172208333333333,-306.72872595073284,2.966853185231278,-130.28689965437812,0.2,1,-20,2,400,0.7,1,eff,1,6.5,15,15
10.361951210723882,-87.89424806992096,0.6968241909147566,-405.2549702386357,0.8172208333333333,-311.78997367086356,2.966853185231278,-130.56572417458955,0.2,1,-20,2,400,0.7,1,eff,0.5,35,15,15
7.482433334471366,-84.88041588240203,0.6968241909147566,-371.2352008924657,0.8172208333333333,-272.42380974832736,2.966853185231278,-128.39703922273193,0.2,1,-20,2,400,0.7,1,eff,1,6.5,10,15
7.482433334471366,-84.88041588240203,0.664380693404857,-399.7192866031986,0.8172208333333333,-296.6952973608594,2.966853185231278,-129.73415731348814,0.2,1,-20,2,400,0.8,0.5,eq,1,6.5,10,15
7.482433334471366,-86.6232159880782,0.6968241909147566,-372.97800099814185,0.8172208333333333,-274.44050051316793,2.966853185231278,-128.50813886969937,0.2,1,-20,2,400,0.7,1,eff,0.5,6.5,10,15
7.482433334471366,-85.97479807941954,0.664380693404857,-400.81366880021613,0.8172208333333333,-297.97750960164484,2.966853185231278,-129.80479448294037,0.2,1,-20,2,400,0.8,0.5,eq,1,35,10,15
7.482433334471366,-85.97479807941954,0.6968241909147566,-387.9578823804492,0.8172208333333333,-283.8346127582583,2.966853185231278,-129.02566122473712,0.2,1,-20,2,400,0.7,1,eq,1,35,10,15
10.361951210723882,-85.94628876042776,0.664380693404857,-432.29586968314135,0.8172208333333333,-334.8630359295083,2.966853185231278,-131.83682092183847,0.2,1,-20,2,400,0.8,0.5,eq,0.5,6.5,15,15
7.482433334471366,-89.11140995875189,0.6968241909147566,-375.46619496881556,0.8172208333333333,-277.31972790307833,2.966853185231278,-128.66675572466556,0.2,1,-20,2,400,0.7,1,eff,0.5,35,10,15
10.361951210723882,-87.89424806992096,0.664380693404857,-434.2438289926345,0.8172208333333333,-337.1453256804541,2.966853185231278,-131.96255243706545,0.2,1,-20,2,400,0.8,0.5,eq,0.5,35,15,15
7.482433334471366,-86.6232159880782,0.664380693404857,-401.4620867088748,0.8172208333333333,-298.73721620248,2.966853185231278,-129.8466467771161,0.2,1,-20,2,400,0.8,0.5,eq,0.5,6.5,10,15
10.361951210723882,-83.52037815475732,0.664380693404857,-429.86995907747075,0.8172208333333333,-332.02076356610957,2.966853185231278,-131.68023992208157,0.2,1,-20,2,400,0.8,0.5,eq,1,35,15,15
7.482433334471366,-89.11140995875189,0.664380693404857,-403.9502806795485,0.8172208333333333,-301.6524616950331,2.966853185231278,-130.00724787208463,0.2,1,-20,2,400,0.8,0.5,eq,0.5,35,10,15
10.361951210723882,-83.52037815475732,0.664380693404857,-413.54845266914066,0.8172208333333333,-320.6493260885551,2.966853185231278,-131.05378657023624,0.2,1,-20,2,400,0.8,0.5,eff,1,6.5,15,15
10.361951210723882,-83.52037815475732,0.664380693404857,-413.54845266914066,0.8172208333333333,-320.6493260885551,2.966853185231278,-131.05378657023624,0.2,1,-20,2,400,0.8,0.5,eff,1,35,15,15
10.361951210723882,-87.89424806992096,0.664380693404857,-417.9223225843043,0.8172208333333333,-325.7160752766472,2.966853185231278,-131.33291416673444,0.2,1,-20,2,400,0.8,0.5,eff,0.5,35,15,15
7.482433334471366,-89.11140995875189,0.664380693404857,-387.6287742712182,0.8172208333333333,-290.623625272059,2.966853185231278,-129.39966843828287,0.2,1,-20,2,400,0.8,0.5,eff,0.5,35,10,15
7.482433334471366,-86.6232159880782,0.664380693404857,-385.14058030054457,0.8172208333333333,-287.74126822366566,2.966853185231278,-129.24087917019378,0.2,1,-20,2,400,0.8,0.5,eff,0.5,6.5,10,15
7.482433334471366,-85.97479807941954,0.664380693404857,-384.49216239188587,0.8172208333333333,-286.9901322777233,2.966853185231278,-129.19949903404515,0.2,1,-20,2,400,0.8,0.5,eff,1,35,10,15
10.361951210723882,-85.94628876042776,0.664380693404857,-415.9743632748111,0.8172208333333333,-323.45953325784734,2.966853185231278,-131.2086010960214,0.2,1,-20,2,400,0.8,0.5,eff,0.5,6.5,15,15
7.482433334471366,-84.88041588240203,0.664380693404857,-383.39778019486835,0.8172208333333333,-285.7223853597368,2.966853185231278,-129.12965876032146,0.2,1,-20,2,400,0.8,0.5,eff,1,6.5,10,15
10.361951210723882,-83.52037815475732,0.6968241909147566,-416.50939961443805,0.8172208333333333,-317.2435644602777,2.966853185231278,-130.86616290420173,0.2,1,-20,2,400,0.8,1,eq,1,6.5,15,15
10.361951210723882,-85.94628876042776,0.6968241909147566,-418.9353102201085,0.8172208333333333,-320.08219225092677,2.966853185231278,-131.02254312416994,0.2,1,-20,2,400,0.8,1,eq,0.5,6.5,15,15
10.361951210723882,-87.89424806992096,0.6968241909147566,-420.8832695296017,0.8172208333333333,-322.36155547823364,2.966853185231278,-131.14811341698797,0.2,1,-20,2,400,0.8,1,eq,0.5,35,15,15
10.361951210723882,-83.52037815475732,0.6968241909147566,-416.50939961443805,0.8172208333333333,-317.2435644602777,2.966853185231278,-130.86616290420173,0.2,1,-20,2,400,0.8,1,eq,1,35,15,15
7.482433334471366,-84.88041588240203,0.6968241909147566,-386.8635001834317,0.8172208333333333,-282.5540446656411,2.966853185231278,-128.95511463153198,0.2,1,-20,2,400,0.8,1,eq,1,6.5,10,15
10.361951210723882,-83.52037815475732,0.6968241909147566,-400.881100323472,0.8172208333333333,-306.72872595073284,2.966853185231278,-130.28689965437812,0.2,1,-20,2,400,0.8,1,eff,1,6.5,15,15
10.361951210723882,-83.52037815475732,0.6968241909147566,-400.881100323472,0.8172208333333333,-306.72872595073284,2.966853185231278,-130.28689965437812,0.2,1,-20,2,400,0.8,1,eff,1,35,15,15
7.482433334471366,-86.6232159880782,0.6968241909147566,-388.6063002891079,0.8172208333333333,-284.59334520782335,2.966853185231278,-129.06745985284562,0.2,1,-20,2,400,0.8,1,eq,0.5,6.5,10,15
7.482433334471366,-89.11140995875189,0.6968241909147566,-391.0944942597815,0.8172208333333333,-287.5048525539266,2.966853185231278,-129.22785501304313,0.2,1,-20,2,400,0.8,1,eq,0.5,35,10,15
7.482433334471366,-84.88041588240203,0.6968241909147566,-371.2352008924657,0.8172208333333333,-272.42380974832736,2.966853185231278,-128.39703922273193,0.2,1,-20,2,400,0.8,1,eff,1,6.5,10,15
7.482433334471366,-85.97479807941954,0.6968241909147566,-387.9578823804492,0.8172208333333333,-283.8346127582583,2.966853185231278,-129.02566122473712,0.2,1,-20,2,400,0.8,1,eq,1,35,10,15
10.361951210723882,-87.89424806992096,0.6968241909147566,-405.2549702386357,0.8172208333333333,-311.78997367086356,2.966853185231278,-130.56572417458955,0.2,1,-20,2,400,0.8,1,eff,0.5,35,15,15
7.482433334471366,-89.11140995875189,0.6968241909147566,-375.46619496881556,0.8172208333333333,-277.31972790307833,2.966853185231278,-128.66675572466556,0.2,1,-20,2,400,0.8,1,eff,0.5,35,10,15
7.482433334471366,-86.6232159880782,0.6968241909147566,-372.97800099814185,0.8172208333333333,-274.44050051316793,2.966853185231278,-128.50813886969937,0.2,1,-20,2,400,0.8,1,eff,0.5,6.5,10,15
7.482433334471366,-84.88041588240203,0.664380693404857,-399.7192866031986,1.22583125,-296.6967287756595,3.048575268564611,-134.20994089530615,0.2,1,-20,2,500,0.7,0.5,eq,1,6.5,10,15
10.361951210723882,-85.94628876042776,0.6968241909147566,-403.30701092914245,0.8172208333333333,-309.5358818016328,2.966853185231278,-130.4415460828019,0.2,1,-20,2,400,0.8,1,eff,0.5,6.5,15,15
10.361951210723882,-83.52037815475732,0.664380693404857,-429.86995907747075,1.22583125,-332.02219498078983,3.048575268564611,-137.05081288174438,0.2,1,-20,2,500,0.7,0.5,eq,1,6.5,15,15
7.482433334471366,-84.88041588240203,0.664380693404857,-383.39778019486835,1.22583125,-285.72369163187153,3.048575268564611,-133.32748987125132,0.2,1,-20,2,500,0.7,0.5,eff,1,6.5,10,15
10.361951210723882,-83.52037815475732,0.664380693404857,-429.86995907747075,1.22583125,-332.02219498078983,3.048575268564611,-137.05081288174438,0.2,1,-20,2,500,0.7,0.5,eq,1,35,15,15
7.482433334471366,-85.97479807941954,0.6968241909147566,-372.3295830894832,0.8172208333333333,-273.69018015056537,2.966853185231278,-128.46680366409868,0.2,1,-20,2,400,0.8,1,eff,1,35,10,15
7.482433334471366,-86.6232159880782,0.664380693404857,-401.4620867088748,1.22583125,-298.7386476172704,3.048575268564611,-134.3741518926086,0.2,1,-20,2,500,0.7,0.5,eq,0.5,6.5,10,15
7.482433334471366,-85.97479807941954,0.664380693404857,-384.49216239188587,1.22583125,-286.99143855167824,3.048575268564611,-133.42944200655958,0.2,1,-20,2,500,0.7,0.5,eff,1,35,10,15
10.361951210723882,-85.94628876042776,0.664380693404857,-432.29586968314135,1.22583125,-334.8644673452747,3.048575268564611,-137.27938826391218,0.2,1,-20,2,500,0.7,0.5,eq,0.5,6.5,15,15
10.361951210723882,-83.52037815475732,0.664380693404857,-413.54845266914066,1.22583125,-320.6506323621636,3.048575268564611,-136.13631246163138,0.2,1,-20,2,500,0.7,0.5,eff,1,6.5,15,15
7.482433334471366,-85.97479807941954,0.664380693404857,-400.81366880021613,1.22583125,-297.9789410164668,3.048575268564611,-134.31305633090795,0.2,1,-20,2,500,0.7,0.5,eq,1,35,10,15
7.482433334471366,-86.6232159880782,0.664380693404857,-385.14058030054457,1.22583125,-287.7425744957921,3.048575268564611,-133.48984831653576,0.2,1,-20,2,500,0.7,0.5,eff,0.5,6.5,10,15
7.482433334471366,-84.88041588240203,0.6968241909147566,-386.8635001834317,1.22583125,-282.55539575456106,3.048575268564611,-133.07269569669378,0.2,1,-20,2,500,0.7,1,eq,1,6.5,10,15
10.361951210723882,-87.89424806992096,0.664380693404857,-417.9223225843043,1.22583125,-325.7173815506667,3.048575268564611,-136.54378014368095,0.2,1,-20,2,500,0.7,0.5,eff,0.5,35,15,15
10.361951210723882,-83.52037815475732,0.664380693404857,-413.54845266914066,1.22583125,-320.6506323621636,3.048575268564611,-136.13631246163138,0.2,1,-20,2,500,0.7,0.5,eff,1,35,15,15
10.361951210723882,-87.89424806992096,0.664380693404857,-434.2438289926345,1.22583125,-337.1467570949917,3.048575268564611,-137.46292987599605,0.2,1,-20,2,500,0.7,0.5,eq,0.5,35,15,15
10.361951210723882,-83.52037815475732,0.6968241909147566,-416.50939961443805,1.22583125,-317.2449155499083,3.048575268564611,-135.86242490896626,0.2,1,-20,2,500,0.7,1,eq,1,35,15,15
7.482433334471366,-89.11140995875189,0.664380693404857,-403.9502806795485,1.22583125,-301.6538931105942,3.048575268564611,-134.60859576965413,0.2,1,-20,2,500,0.7,0.5,eq,0.5,35,10,15
10.361951210723882,-85.94628876042776,0.664380693404857,-415.9743632748111,1.22583125,-323.46083953133234,3.048575268564611,-136.3623091626125,0.2,1,-20,2,500,0.7,0.5,eff,0.5,6.5,15,15
10.361951210723882,-83.52037815475732,0.6968241909147566,-416.50939961443805,1.22583125,-317.2449155499083,3.048575268564611,-135.86242490896626,0.2,1,-20,2,500,0.7,1,eq,1,6.5,15,15
7.482433334471366,-89.11140995875189,0.664380693404857,-387.6287742712182,1.22583125,-290.6249315455477,3.048575268564611,-133.721647306817,0.2,1,-20,2,500,0.7,0.5,eff,0.5,35,10,15
7.482433334471366,-86.6232159880782,0.6968241909147566,-388.6063002891079,1.22583125,-284.5946962955425,3.048575268564611,-133.236696130408,0.2,1,-20,2,500,0.7,1,eq,0.5,6.5,10,15
10.361951210723882,-85.94628876042776,0.6968241909147566,-418.9353102201085,1.22583125,-320.0835433389858,3.048575268564611,-136.0907071945866,0.2,1,-20,2,500,0.7,1,eq,0.5,6.5,15,15
7.482433334471366,-84.88041588240203,0.6968241909147566,-371.2352008924657,1.22583125,-272.42504397176396,3.048575268564611,-132.2580133815221,0.2,1,-20,2,500,0.7,1,eff,1,6.5,10,15
7.482433334471366,-85.97479807941954,0.6968241909147566,-387.9578823804492,1.22583125,-283.8359638471794,3.048575268564611,-133.1756789099916,0.2,1,-20,2,500,0.7,1,eq,1,35,10,15
10.361951210723882,-83.52037815475732,0.6968241909147566,-400.881100323472,1.22583125,-306.7299601742342,3.048575268564611,-135.01681279469312,0.2,1,-20,2,500,0.7,1,eff,1,6.5,15,15
10.361951210723882,-87.89424806992096,0.6968241909147566,-420.8832695296017,1.22583125,-322.3629065678764,3.048575268564611,-136.27401345603195,0.2,1,-20,2,500,0.7,1,eq,0.5,35,15,15
7.482433334471366,-89.11140995875189,0.6968241909147566,-391.0944942597815,1.22583125,-287.5062036434336,3.048575268564611,-133.4708393860101,0.2,1,-20,2,500,0.7,1,eq,0.5,35,10,15
10.361951210723882,-83.52037815475732,0.6968241909147566,-400.881100323472,1.22583125,-306.7299601742342,3.048575268564611,-135.01681279469312,0.2,1,-20,2,500,0.7,1,eff,1,35,15,15
10.361951210723882,-85.94628876042776,0.6968241909147566,-403.30701092914245,1.22583125,-309.53711602432213,3.048575268564611,-135.242564108767,0.2,1,-20,2,500,0.7,1,eff,0.5,6.5,15,15
7.482433334471366,-84.88041588240203,0.664380693404857,-399.7192866031986,1.22583125,-296.6967287756595,3.048575268564611,-134.20994089530615,0.2,1,-20,2,500,0.8,0.5,eq,1,6.5,10,15
7.482433334471366,-89.11140995875189,0.6968241909147566,-375.46619496881556,1.22583125,-277.32096212664493,3.048575268564611,-132.65174284154767,0.2,1,-20,2,500,0.7,1,eff,0.5,35,10,15
7.482433334471366,-85.97479807941954,0.6968241909147566,-372.3295830894832,1.22583125,-273.6914143739668,3.048575268564611,-132.3598548173628,0.2,1,-20,2,500,0.7,1,eff,1,35,10,15
10.361951210723882,-85.94628876042776,0.664380693404857,-432.29586968314135,1.22583125,-334.8644673452747,3.048575268564611,-137.27938826391218,0.2,1,-20,2,500,0.8,0.5,eq,0.5,6.5,15,15
7.482433334471366,-89.11140995875189,0.664380693404857,-403.9502806795485,1.22583125,-301.6538931105942,3.048575268564611,-134.60859576965413,0.2,1,-20,2,500,0.8,0.5,eq,0.5,35,10,15
10.361951210723882,-87.89424806992096,0.6968241909147566,-405.2549702386357,1.22583125,-311.79120789492936,3.048575268564611,-135.42383804901402,0.2,1,-20,2,500,0.7,1,eff,0.5,35,15,15
7.482433334471366,-86.6232159880782,0.6968241909147566,-372.97800099814185,1.22583125,-274.4417347361056,3.048575268564611,-132.42019553828288,0.2,1,-20,2,500,0.7,1,eff,0.5,6.5,10,15
10.361951210723882,-87.89424806992096,0.664380693404857,-434.2438289926345,1.22583125,-337.1467570949917,3.048575268564611,-137.46292987599605,0.2,1,-20,2,500,0.8,0.5,eq,0.5,35,15,15
10.361951210723882,-83.52037815475732,0.664380693404857,-429.86995907747075,1.22583125,-332.02219498078983,3.048575268564611,-137.05081288174438,0.2,1,-20,2,500,0.8,0.5,eq,1,35,15,15
10.361951210723882,-83.52037815475732,0.664380693404857,-429.86995907747075,1.22583125,-332.02219498078983,3.048575268564611,-137.05081288174438,0.2,1,-20,2,500,0.8,0.5,eq,1,6.5,15,15
10.361951210723882,-83.52037815475732,0.664380693404857,-413.54845266914066,1.22583125,-320.6506323621636,3.048575268564611,-136.13631246163138,0.2,1,-20,2,500,0.8,0.5,eff,1,35,15,15
7.482433334471366,-85.97479807941954,0.664380693404857,-400.81366880021613,1.22583125,-297.9789410164668,3.048575268564611,-134.31305633090795,0.2,1,-20,2,500,0.8,0.5,eq,1,35,10,15
7.482433334471366,-86.6232159880782,0.664380693404857,-401.4620867088748,1.22583125,-298.7386476172704,3.048575268564611,-134.3741518926086,0.2,1,-20,2,500,0.8,0.5,eq,0.5,6.5,10,15
10.361951210723882,-83.52037815475732,0.664380693404857,-413.54845266914066,1.22583125,-320.6506323621636,3.048575268564611,-136.13631246163138,0.2,1,-20,2,500,0.8,0.5,eff,1,6.5,15,15
7.482433334471366,-84.88041588240203,0.664380693404857,-383.39778019486835,1.22583125,-285.72369163187153,3.048575268564611,-133.32748987125132,0.2,1,-20,2,500,0.8,0.5,eff,1,6.5,10,15
7.482433334471366,-85.97479807941954,0.664380693404857,-384.49216239188587,1.22583125,-286.99143855167824,3.048575268564611,-133.42944200655958,0.2,1,-20,2,500,0.8,0.5,eff,1,35,10,15
7.482433334471366,-86.6232159880782,0.664380693404857,-385.14058030054457,1.22583125,-287.7425744957921,3.048575268564611,-133.48984831653576,0.2,1,-20,2,500,0.8,0.5,eff,0.5,6.5,10,15
10.361951210723882,-83.52037815475732,0.6968241909147566,-416.50939961443805,1.22583125,-317.2449155499083,3.048575268564611,-135.86242490896626,0.2,1,-20,2,500,0.8,1,eq,1,35,15,15
10.361951210723882,-85.94628876042776,0.664380693404857,-415.9743632748111,1.22583125,-323.46083953133234,3.048575268564611,-136.3623091626125,0.2,1,-20,2,500,0.8,0.5,eff,0.5,6.5,15,15
7.482433334471366,-86.6232159880782,0.6968241909147566,-388.6063002891079,1.22583125,-284.5946962955425,3.048575268564611,-133.236696130408,0.2,1,-20,2,500,0.8,1,eq,0.5,6.5,10,15
10.361951210723882,-87.89424806992096,0.664380693404857,-417.9223225843043,1.22583125,-325.7173815506667,3.048575268564611,-136.54378014368095,0.2,1,-20,2,500,0.8,0.5,eff,0.5,35,15,15
10.361951210723882,-85.94628876042776,0.6968241909147566,-418.9353102201085,1.22583125,-320.0835433389858,3.048575268564611,-136.0907071945866,0.2,1,-20,2,500,0.8,1,eq,0.5,6.5,15,15
7.482433334471366,-84.88041588240203,0.6968241909147566,-386.8635001834317,1.22583125,-282.55539575456106,3.048575268564611,-133.07269569669378,0.2,1,-20,2,500,0.8,1,eq,1,6.5,10,15
10.361951210723882,-83.52037815475732,0.6968241909147566,-416.50939961443805,1.22583125,-317.2449155499083,3.048575268564611,-135.86242490896626,0.2,1,-20,2,500,0.8,1,eq,1,6.5,15,15
10.361951210723882,-83.52037815475732,0.6968241909147566,-400.881100323472,1.22583125,-306.7299601742342,3.048575268564611,-135.01681279469312,0.2,1,-20,2,500,0.8,1,eff,1,6.5,15,15
7.482433334471366,-85.97479807941954,0.6968241909147566,-387.9578823804492,1.22583125,-283.8359638471794,3.048575268564611,-133.1756789099916,0.2,1,-20,2,500,0.8,1,eq,1,35,10,15
10.361951210723882,-83.52037815475732,0.6968241909147566,-400.881100323472,1.22583125,-306.7299601742342,3.048575268564611,-135.01681279469312,0.2,1,-20,2,500,0.8,1,eff,1,35,15,15
7.482433334471366,-89.11140995875189,0.6968241909147566,-391.0944942597815,1.22583125,-287.5062036434336,3.048575268564611,-133.4708393860101,0.2,1,-20,2,500,0.8,1,eq,0.5,35,10,15
7.482433334471366,-84.88041588240203,0.6968241909147566,-371.2352008924657,1.22583125,-272.42504397176396,3.048575268564611,-132.2580133815221,0.2,1,-20,2,500,0.8,1,eff,1,6.5,10,15
7.482433334471366,-89.11140995875189,0.664380693404857,-387.6287742712182,1.22583125,-290.6249315455477,3.048575268564611,-133.721647306817,0.2,1,-20,2,500,0.8,0.5,eff,0.5,35,10,15
10.361951210723882,-87.89424806992096,0.6968241909147566,-420.8832695296017,1.22583125,-322.3629065678764,3.048575268564611,-136.27401345603195,0.2,1,-20,2,500,0.8,1,eq,0.5,35,15,15
7.482433334471366,-85.97479807941954,0.6968241909147566,-372.3295830894832,1.22583125,-273.6914143739668,3.048575268564611,-132.3598548173628,0.2,1,-20,2,500,0.8,1,eff,1,35,10,15
7.482433334471366,-84.88041588240203,0.664380693404857,-399.7192866031986,4.086104166666667,-296.7067486822592,3.6206298518979443,-159.88489360160375,0.2,1,-20,10,400,0.7,0.5,eq,1,6.5,10,15
10.361951210723882,-85.94628876042776,0.6968241909147566,-403.30701092914245,1.22583125,-309.53711602432213,3.048575268564611,-135.242564108767,0.2,1,-20,2,500,0.8,1,eff,0.5,6.5,15,15
7.482433334471366,-86.6232159880782,0.6968241909147566,-372.97800099814185,1.22583125,-274.4417347361056,3.048575268564611,-132.42019553828288,0.2,1,-20,2,500,0.8,1,eff,0.5,6.5,10,15
10.361951210723882,-87.89424806992096,0.6968241909147566,-405.2549702386357,1.22583125,-311.79120789492936,3.048575268564611,-135.42383804901402,0.2,1,-20,2,500,0.8,1,eff,0.5,35,15,15
7.482433334471366,-89.11140995875189,0.6968241909147566,-375.46619496881556,1.22583125,-277.32096212664493,3.048575268564611,-132.65174284154767,0.2,1,-20,2,500,0.8,1,eff,0.5,35,10,15
10.361951210723882,-85.94628876042776,0.664380693404857,-432.29586968314135,4.086104166666667,-334.8744872519827,3.6206298518979443,-168.4998231570366,0.2,1,-20,10,400,0.7,0.5,eq,0.5,6.5,15,15
7.482433334471366,-86.6232159880782,0.664380693404857,-401.4620867088748,4.086104166666667,-298.7486675239732,3.6206298518979443,-160.34577987987097,0.2,1,-20,10,400,0.7,0.5,eq,0.5,6.5,10,15
10.361951210723882,-83.52037815475732,0.664380693404857,-429.86995907747075,4.086104166666667,-332.03221488740786,3.6206298518979443,-167.85828721291884,0.2,1,-20,10,400,0.7,0.5,eq,1,6.5,15,15
7.482433334471366,-85.97479807941954,0.664380693404857,-400.81366880021613,4.086104166666667,-297.98896092317636,3.6206298518979443,-160.17430472588168,0.2,1,-20,10,400,0.7,0.5,eq,1,35,10,15
10.361951210723882,-83.52037815475732,0.664380693404857,-429.86995907747075,4.086104166666667,-332.03221488740786,3.6206298518979443,-167.85828721291884,0.2,1,-20,10,400,0.7,0.5,eq,1,35,15,15
10.361951210723882,-87.89424806992096,0.664380693404857,-434.2438289926345,4.086104166666667,-337.1567770017079,3.6206298518979443,-169.01496411523232,0.2,1,-20,10,400,0.7,0.5,eq,0.5,35,15,15
7.482433334471366,-84.88041588240203,0.664380693404857,-383.39778019486835,4.086104166666667,-285.73283554306823,3.6206298518979443,-157.4079459965244,0.2,1,-20,10,400,0.7,0.5,eff,1,6.5,10,15
7.482433334471366,-89.11140995875189,0.664380693404857,-403.9502806795485,4.086104166666667,-301.6639130171884,3.6206298518979443,-161.00378675955452,0.2,1,-20,10,400,0.7,0.5,eq,0.5,35,10,15
10.361951210723882,-87.89424806992096,0.664380693404857,-417.9223225843043,4.086104166666667,-325.72652546129007,3.6206298518979443,-166.43501530213456,0.2,1,-20,10,400,0.7,0.5,eff,0.5,35,15,15
10.361951210723882,-83.52037815475732,0.664380693404857,-413.54845266914066,4.086104166666667,-320.6597762727547,3.6206298518979443,-165.29138749053297,0.2,1,-20,10,400,0.7,0.5,eff,1,6.5,15,15
10.361951210723882,-85.94628876042776,0.664380693404857,-415.9743632748111,4.086104166666667,-323.4699834420562,3.6206298518979443,-165.92568592441782,0.2,1,-20,10,400,0.7,0.5,eff,0.5,6.5,15,15
7.482433334471366,-85.97479807941954,0.664380693404857,-384.49216239188587,4.086104166666667,-287.0005824622712,3.6206298518979443,-157.69409211920083,0.2,1,-20,10,400,0.7,0.5,eff,1,35,10,15
10.361951210723882,-83.52037815475732,0.6968241909147566,-416.50939961443805,4.086104166666667,-317.25437317079104,3.6206298518979443,-164.52274599039075,0.2,1,-20,10,400,0.7,1,eq,1,6.5,15,15
10.361951210723882,-83.52037815475732,0.6968241909147566,-416.50939961443805,4.086104166666667,-317.25437317079104,3.6206298518979443,-164.52274599039075,0.2,1,-20,10,400,0.7,1,eq,1,35,15,15
10.361951210723882,-83.52037815475732,0.664380693404857,-413.54845266914066,4.086104166666667,-320.6597762727547,3.6206298518979443,-165.29138749053297,0.2,1,-20,10,400,0.7,0.5,eff,1,35,15,15
7.482433334471366,-84.88041588240203,0.6968241909147566,-386.8635001834317,4.086104166666667,-282.56485337618494,3.6206298518979443,-156.69289333101966,0.2,1,-20,10,400,0.7,1,eq,1,6.5,10,15
7.482433334471366,-85.97479807941954,0.6968241909147566,-387.9578823804492,4.086104166666667,-283.8454214688065,3.6206298518979443,-156.98193335073984,0.2,1,-20,10,400,0.7,1,eq,1,35,10,15
7.482433334471366,-89.11140995875189,0.664380693404857,-387.6287742712182,4.086104166666667,-290.6340754561683,3.6206298518979443,-158.51421632240448,0.2,1,-20,10,400,0.7,0.5,eff,0.5,35,10,15
7.482433334471366,-86.6232159880782,0.6968241909147566,-388.6063002891079,4.086104166666667,-284.6041539171585,3.6206298518979443,-157.15318862650207,0.2,1,-20,10,400,0.7,1,eq,0.5,6.5,10,15
7.482433334471366,-86.6232159880782,0.664380693404857,-385.14058030054457,4.086104166666667,-287.7517184069838,3.6206298518979443,-157.86363277035642,0.2,1,-20,10,400,0.7,0.5,eff,0.5,6.5,10,15
10.361951210723882,-87.89424806992096,0.6968241909147566,-420.8832695296017,4.086104166666667,-322.3723641892917,3.6206298518979443,-165.67793971529997,0.2,1,-20,10,400,0.7,1,eq,0.5,35,15,15
10.361951210723882,-85.94628876042776,0.6968241909147566,-418.9353102201085,4.086104166666667,-320.09300096145114,3.6206298518979443,-165.16345930920463,0.2,1,-20,10,400,0.7,1,eq,0.5,6.5,15,15
7.482433334471366,-89.11140995875189,0.6968241909147566,-391.0944942597815,4.086104166666667,-287.5156612644786,3.6206298518979443,-157.81035176053115,0.2,1,-20,10,400,0.7,1,eq,0.5,35,10,15
10.361951210723882,-83.52037815475732,0.6968241909147566,-400.881100323472,4.086104166666667,-306.73859973857776,3.6206298518979443,-162.14920617026428,0.2,1,-20,10,400,0.7,1,eff,1,6.5,15,15
7.482433334471366,-85.97479807941954,0.6968241909147566,-372.3295830894832,4.086104166666667,-273.7000539384793,3.6206298518979443,-154.6919987131904,0.2,1,-20,10,400,0.7,1,eff,1,35,10,15
7.482433334471366,-84.88041588240203,0.6968241909147566,-371.2352008924657,4.086104166666667,-272.433683537854,3.6206298518979443,-154.40616328774215,0.2,1,-20,10,400,0.7,1,eff,1,6.5,10,15
7.482433334471366,-86.6232159880782,0.6968241909147566,-372.97800099814185,4.086104166666667,-274.4503743015426,3.6206298518979443,-154.86135527750423,0.2,1,-20,10,400,0.7,1,eff,0.5,6.5,10,15
10.361951210723882,-83.52037815475732,0.6968241909147566,-400.881100323472,4.086104166666667,-306.73859973857776,3.6206298518979443,-162.14920617026428,0.2,1,-20,10,400,0.7,1,eff,1,35,15,15
10.361951210723882,-85.94628876042776,0.664380693404857,-432.29586968314135,4.086104166666667,-334.8744872519827,3.6206298518979443,-168.4998231570366,0.2,1,-20,10,400,0.8,0.5,eq,0.5,6.5,15,15
10.361951210723882,-87.89424806992096,0.6968241909147566,-405.2549702386357,4.086104166666667,-311.79984745925293,3.6206298518979443,-163.29159223268618,0.2,1,-20,10,400,0.7,1,eff,0.5,35,15,15
7.482433334471366,-84.88041588240203,0.664380693404857,-399.7192866031986,4.086104166666667,-296.7067486822592,3.6206298518979443,-159.88489360160375,0.2,1,-20,10,400,0.8,0.5,eq,1,6.5,10,15
7.482433334471366,-89.11140995875189,0.6968241909147566,-375.46619496881556,4.086104166666667,-277.3296016927475,3.6206298518979443,-155.51123242712862,0.2,1,-20,10,400,0.7,1,eff,0.5,35,10,15
10.361951210723882,-87.89424806992096,0.664380693404857,-434.2438289926345,4.086104166666667,-337.1567770017079,3.6206298518979443,-169.01496411523232,0.2,1,-20,10,400,0.8,0.5,eq,0.5,35,15,15
10.361951210723882,-85.94628876042776,0.6968241909147566,-403.30701092914245,4.086104166666667,-309.545755590063,3.6206298518979443,-162.78281588406728,0.2,1,-20,10,400,0.7,1,eff,0.5,6.5,15,15
10.361951210723882,-83.52037815475732,0.664380693404857,-429.86995907747075,4.086104166666667,-332.03221488740786,3.6206298518979443,-167.85828721291884,0.2,1,-20,10,400,0.8,0.5,eq,1,35,15,15
7.482433334471366,-85.97479807941954,0.664380693404857,-400.81366880021613,4.086104166666667,-297.98896092317636,3.6206298518979443,-160.17430472588168,0.2,1,-20,10,400,0.8,0.5,eq,1,35,10,15
10.361951210723882,-83.52037815475732,0.664380693404857,-429.86995907747075,4.086104166666667,-332.03221488740786,3.6206298518979443,-167.85828721291884,0.2,1,-20,10,400,0.8,0.5,eq,1,6.5,15,15
7.482433334471366,-89.11140995875189,0.664380693404857,-403.9502806795485,4.086104166666667,-301.6639130171884,3.6206298518979443,-161.00378675955452,0.2,1,-20,10,400,0.8,0.5,eq,0.5,35,10,15
7.482433334471366,-84.88041588240203,0.664380693404857,-383.39778019486835,4.086104166666667,-285.73283554306823,3.6206298518979443,-157.4079459965244,0.2,1,-20,10,400,0.8,0.5,eff,1,6.5,10,15
7.482433334471366,-89.11140995875189,0.664380693404857,-387.6287742712182,4.086104166666667,-290.6340754561683,3.6206298518979443,-158.51421632240448,0.2,1,-20,10,400,0.8,0.5,eff,0.5,35,10,15
10.361951210723882,-83.52037815475732,0.664380693404857,-413.54845266914066,4.086104166666667,-320.6597762727547,3.6206298518979443,-165.29138749053297,0.2,1,-20,10,400,0.8,0.5,eff,1,6.5,15,15
10.361951210723882,-83.52037815475732,0.664380693404857,-413.54845266914066,4.086104166666667,-320.6597762727547,3.6206298518979443,-165.29138749053297,0.2,1,-20,10,400,0.8,0.5,eff,1,35,15,15
7.482433334471366,-86.6232159880782,0.664380693404857,-401.4620867088748,4.086104166666667,-298.7486675239732,3.6206298518979443,-160.34577987987097,0.2,1,-20,10,400,0.8,0.5,eq,0.5,6.5,10,15
7.482433334471366,-85.97479807941954,0.664380693404857,-384.49216239188587,4.086104166666667,-287.0005824622712,3.6206298518979443,-157.69409211920083,0.2,1,-20,10,400,0.8,0.5,eff,1,35,10,15
10.361951210723882,-87.89424806992096,0.664380693404857,-417.9223225843043,4.086104166666667,-325.72652546129007,3.6206298518979443,-166.43501530213456,0.2,1,-20,10,400,0.8,0.5,eff,0.5,35,15,15
10.361951210723882,-83.52037815475732,0.6968241909147566,-416.50939961443805,4.086104166666667,-317.25437317079104,3.6206298518979443,-164.52274599039075,0.2,1,-20,10,400,0.8,1,eq,1,6.5,15,15
10.361951210723882,-85.94628876042776,0.664380693404857,-415.9743632748111,4.086104166666667,-323.4699834420562,3.6206298518979443,-165.92568592441782,0.2,1,-20,10,400,0.8,0.5,eff,0.5,6.5,15,15
10.361951210723882,-83.52037815475732,0.6968241909147566,-416.50939961443805,4.086104166666667,-317.25437317079104,3.6206298518979443,-164.52274599039075,0.2,1,-20,10,400,0.8,1,eq,1,35,15,15
7.482433334471366,-85.97479807941954,0.6968241909147566,-387.9578823804492,4.086104166666667,-283.8454214688065,3.6206298518979443,-156.98193335073984,0.2,1,-20,10,400,0.8,1,eq,1,35,10,15
7.482433334471366,-86.6232159880782,0.664380693404857,-385.14058030054457,4.086104166666667,-287.7517184069838,3.6206298518979443,-157.86363277035642,0.2,1,-20,10,400,0.8,0.5,eff,0.5,6.5,10,15
10.361951210723882,-83.52037815475732,0.6968241909147566,-400.881100323472,4.086104166666667,-306.73859973857776,3.6206298518979443,-162.14920617026428,0.2,1,-20,10,400,0.8,1,eff,1,35,15,15
7.482433334471366,-89.11140995875189,0.6968241909147566,-375.46619496881556,4.086104166666667,-277.3296016927475,3.6206298518979443,-155.51123242712862,0.2,1,-20,10,400,0.8,1,eff,0.5,35,10,15
7.482433334471366,-84.88041588240203,0.6968241909147566,-386.8635001834317,4.086104166666667,-282.56485337618494,3.6206298518979443,-156.69289333101966,0.2,1,-20,10,400,0.8,1,eq,1,6.5,10,15
10.361951210723882,-87.89424806992096,0.6968241909147566,-405.2549702386357,4.086104166666667,-311.79984745925293,3.6206298518979443,-163.29159223268618,0.2,1,-20,10,400,0.8,1,eff,0.5,35,15,15
7.482433334471366,-89.11140995875189,0.6968241909147566,-391.0944942597815,4.086104166666667,-287.5156612644786,3.6206298518979443,-157.81035176053115,0.2,1,-20,10,400,0.8,1,eq,0.5,35,10,15
10.361951210723882,-83.52037815475732,0.6968241909147566,-400.881100323472,4.086104166666667,-306.73859973857776,3.6206298518979443,-162.14920617026428,0.2,1,-20,10,400,0.8,1,eff,1,6.5,15,15
10.361951210723882,-85.94628876042776,0.6968241909147566,-403.30701092914245,4.086104166666667,-309.545755590063,3.6206298518979443,-162.78281588406728,0.2,1,-20,10,400,0.8,1,eff,0.5,6.5,15,15
10.361951210723882,-87.89424806992096,0.6968241909147566,-420.8832695296017,4.086104166666667,-322.3723641892917,3.6206298518979443,-165.67793971529997,0.2,1,-20,10,400,0.8,1,eq,0.5,35,15,15
7.482433334471366,-85.97479807941954,0.6968241909147566,-372.3295830894832,4.086104166666667,-273.7000539384793,3.6206298518979443,-154.6919987131904,0.2,1,-20,10,400,0.8,1,eff,1,35,10,15
7.482433334471366,-86.6232159880782,0.6968241909147566,-372.97800099814185,4.086104166666667,-274.4503743015426,3.6206298518979443,-154.86135527750423,0.2,1,-20,10,400,0.8,1,eff,0.5,6.5,10,15
7.482433334471366,-86.6232159880782,0.6968241909147566,-388.6063002891079,4.086104166666667,-284.6041539171585,3.6206298518979443,-157.15318862650207,0.2,1,-20,10,400,0.8,1,eq,0.5,6.5,10,15
10.361951210723882,-85.94628876042776,0.6968241909147566,-418.9353102201085,4.086104166666667,-320.09300096145114,3.6206298518979443,-165.16345930920463,0.2,1,-20,10,400,0.8,1,eq,0.5,6.5,15,15
7.482433334471366,-84.88041588240203,0.6968241909147566,-371.2352008924657,4.086104166666667,-272.433683537854,3.6206298518979443,-154.40616328774215,0.2,1,-20,10,400,0.8,1,eff,1,6.5,10,15
7.482433334471366,-84.88041588240203,0.664380693404857,-399.7192866031986,6.129156249999999,-296.71390575816906,4.029240268564611,-173.76235060439538,0.2,1,-20,10,500,0.7,0.5,eq,1,6.5,10,15
10.361951210723882,-83.52037815475732,0.664380693404857,-429.86995907747075,6.129156249999999,-332.03937196329997,4.029240268564611,-184.50955293256388,0.2,1,-20,10,500,0.7,0.5,eq,1,35,15,15
10.361951210723882,-83.52037815475732,0.664380693404857,-429.86995907747075,6.129156249999999,-332.03937196329997,4.029240268564611,-184.50955293256388,0.2,1,-20,10,500,0.7,0.5,eq,1,6.5,15,15
7.482433334471366,-85.97479807941954,0.664380693404857,-400.81366880021613,6.129156249999999,-297.99611799897696,4.029240268564611,-174.15244296155197,0.2,1,-20,10,500,0.7,0.5,eq,1,35,10,15
7.482433334471366,-89.11140995875189,0.664380693404857,-403.9502806795485,6.129156249999999,-301.6710700931044,4.029240268564611,-175.2704877588257,0.2,1,-20,10,500,0.7,0.5,eq,0.5,35,10,15
7.482433334471366,-85.97479807941954,0.664380693404857,-384.49216239188587,6.129156249999999,-287.00711382741565,4.029240268564611,-170.8092159951743,0.2,1,-20,10,500,0.7,0.5,eff,1,35,10,15
7.482433334471366,-84.88041588240203,0.664380693404857,-383.39778019486835,6.129156249999999,-285.73936690760877,4.029240268564611,-170.42352447821142,0.2,1,-20,10,500,0.7,0.5,eff,1,6.5,10,15
10.361951210723882,-83.52037815475732,0.664380693404857,-413.54845266914066,6.129156249999999,-320.6663076378058,4.029240268564611,-181.04948186973368,0.2,1,-20,10,500,0.7,0.5,eff,1,6.5,15,15
10.361951210723882,-85.94628876042776,0.664380693404857,-432.29586968314135,6.129156249999999,-334.8816443277849,4.029240268564611,-185.37426837596405,0.2,1,-20,10,500,0.7,0.5,eq,0.5,6.5,15,15
10.361951210723882,-87.89424806992096,0.664380693404857,-417.9223225843043,6.129156249999999,-325.73305682591405,4.029240268564611,-182.59095844514474,0.2,1,-20,10,500,0.7,0.5,eff,0.5,35,15,15
10.361951210723882,-83.52037815475732,0.664380693404857,-413.54845266914066,6.129156249999999,-320.6663076378058,4.029240268564611,-181.04948186973368,0.2,1,-20,10,500,0.7,0.5,eff,1,35,15,15
7.482433334471366,-86.6232159880782,0.664380693404857,-385.14058030054457,6.129156249999999,-287.75824977152917,4.029240268564611,-171.0377369698295,0.2,1,-20,10,500,0.7,0.5,eff,0.5,6.5,10,15
10.361951210723882,-85.94628876042776,0.664380693404857,-415.9743632748111,6.129156249999999,-323.47651480708214,4.029240268564611,-181.904441995579,0.2,1,-20,10,500,0.7,0.5,eff,0.5,6.5,15,15
10.361951210723882,-87.89424806992096,0.664380693404857,-434.2438289926345,6.129156249999999,-337.1639340775017,4.029240268564611,-186.06861815663723,0.2,1,-20,10,500,0.7,0.5,eq,0.5,35,15,15
7.482433334471366,-86.6232159880782,0.664380693404857,-401.4620867088748,6.129156249999999,-298.7558245997804,4.029240268564611,-174.38357142002636,0.2,1,-20,10,500,0.7,0.5,eq,0.5,6.5,10,15
10.361951210723882,-83.52037815475732,0.6968241909147566,-416.50939961443805,6.129156249999999,-317.261128614629,4.029240268564611,-180.01351117048782,0.2,1,-20,10,500,0.7,1,eq,1,6.5,15,15
7.482433334471366,-89.11140995875189,0.664380693404857,-387.6287742712182,6.129156249999999,-290.6406068211746,4.029240268564611,-171.9146475310287,0.2,1,-20,10,500,0.7,0.5,eff,0.5,35,10,15
7.482433334471366,-84.88041588240203,0.6968241909147566,-386.8635001834317,6.129156249999999,-282.5716088194154,4.029240268564611,-169.45978526234896,0.2,1,-20,10,500,0.7,1,eq,1,6.5,10,15
10.361951210723882,-83.52037815475732,0.6968241909147566,-416.50939961443805,6.129156249999999,-317.261128614629,4.029240268564611,-180.01351117048782,0.2,1,-20,10,500,0.7,1,eq,1,35,15,15
10.361951210723882,-83.52037815475732,0.6968241909147566,-400.881100323472,6.129156249999999,-306.74477085658015,4.029240268564611,-176.8140792387235,0.2,1,-20,10,500,0.7,1,eff,1,6.5,15,15
7.482433334471366,-85.97479807941954,0.6968241909147566,-387.9578823804492,6.129156249999999,-283.8521769120355,4.029240268564611,-169.84937741398454,0.2,1,-20,10,500,0.7,1,eq,1,35,10,15
10.361951210723882,-87.89424806992096,0.6968241909147566,-405.2549702386357,6.129156249999999,-311.8060185772553,4.029240268564611,-178.353882081557,0.2,1,-20,10,500,0.7,1,eff,0.5,35,15,15
10.361951210723882,-87.89424806992096,0.6968241909147566,-420.8832695296017,6.129156249999999,-322.3791196324542,4.029240268564611,-181.57057724465963,0.2,1,-20,10,500,0.7,1,eq,0.5,35,15,15
7.482433334471366,-86.6232159880782,0.6968241909147566,-372.97800099814185,6.129156249999999,-274.45654541954497,4.029240268564611,-166.99090834058728,0.2,1,-20,10,500,0.7,1,eff,0.5,6.5,10,15
10.361951210723882,-85.94628876042776,0.6968241909147566,-403.30701092914245,6.129156249999999,-309.55192670806537,4.029240268564611,-177.6681110504319,0.2,1,-20,10,500,0.7,1,eff,0.5,6.5,15,15
7.482433334471366,-84.88041588240203,0.6968241909147566,-371.2352008924657,6.129156249999999,-272.4398546558564,4.029240268564611,-166.37736276004622,0.2,1,-20,10,500,0.7,1,eff,1,6.5,10,15
7.482433334471366,-89.11140995875189,0.6968241909147566,-375.46619496881556,6.129156249999999,-277.33577281074986,4.029240268564611,-167.8668667537727,0.2,1,-20,10,500,0.7,1,eff,0.5,35,10,15
7.482433334471366,-84.88041588240203,0.664380693404857,-399.7192866031986,6.129156249999999,-296.71390575816906,4.029240268564611,-173.76235060439538,0.2,1,-20,10,500,0.8,0.5,eq,1,6.5,10,15
7.482433334471366,-85.97479807941954,0.6968241909147566,-372.3295830894832,6.129156249999999,-273.7062250564817,4.029240268564611,-166.76263549328885,0.2,1,-20,10,500,0.7,1,eff,1,35,10,15
7.482433334471366,-86.6232159880782,0.6968241909147566,-388.6063002891079,6.129156249999999,-284.6109093616005,4.029240268564611,-170.0802095026842,0.2,1,-20,10,500,0.7,1,eq,0.5,6.5,10,15
10.361951210723882,-85.94628876042776,0.6968241909147566,-418.9353102201085,6.129156249999999,-320.09975640517916,4.029240268564611,-180.87711781115468,0.2,1,-20,10,500,0.7,1,eq,0.5,6.5,15,15
10.361951210723882,-83.52037815475732,0.6968241909147566,-400.881100323472,6.129156249999999,-306.74477085658015,4.029240268564611,-176.8140792387235,0.2,1,-20,10,500,0.7,1,eff,1,35,15,15
7.482433334471366,-85.97479807941954,0.664380693404857,-400.81366880021613,6.129156249999999,-297.99611799897696,4.029240268564611,-174.15244296155197,0.2,1,-20,10,500,0.8,0.5,eq,1,35,10,15
7.482433334471366,-89.11140995875189,0.6968241909147566,-391.0944942597815,6.129156249999999,-287.5224167082653,4.029240268564611,-170.96598857076094,0.2,1,-20,10,500,0.7,1,eq,0.5,35,10,15
10.361951210723882,-83.52037815475732,0.664380693404857,-429.86995907747075,6.129156249999999,-332.03937196329997,4.029240268564611,-184.50955293256388,0.2,1,-20,10,500,0.8,0.5,eq,1,35,15,15
10.361951210723882,-83.52037815475732,0.664380693404857,-429.86995907747075,6.129156249999999,-332.03937196329997,4.029240268564611,-184.50955293256388,0.2,1,-20,10,500,0.8,0.5,eq,1,6.5,15,15
10.361951210723882,-85.94628876042776,0.664380693404857,-432.29586968314135,6.129156249999999,-334.8816443277849,4.029240268564611,-185.37426837596405,0.2,1,-20,10,500,0.8,0.5,eq,0.5,6.5,15,15
10.361951210723882,-87.89424806992096,0.664380693404857,-434.2438289926345,6.129156249999999,-337.1639340775017,4.029240268564611,-186.06861815663723,0.2,1,-20,10,500,0.8,0.5,eq,0.5,35,15,15
7.482433334471366,-86.6232159880782,0.664380693404857,-401.4620867088748,6.129156249999999,-298.7558245997804,4.029240268564611,-174.38357142002636,0.2,1,-20,10,500,0.8,0.5,eq,0.5,6.5,10,15
10.361951210723882,-83.52037815475732,0.664380693404857,-413.54845266914066,6.129156249999999,-320.6663076378058,4.029240268564611,-181.04948186973368,0.2,1,-20,10,500,0.8,0.5,eff,1,6.5,15,15
10.361951210723882,-83.52037815475732,0.664380693404857,-413.54845266914066,6.129156249999999,-320.6663076378058,4.029240268564611,-181.04948186973368,0.2,1,-20,10,500,0.8,0.5,eff,1,35,15,15
7.482433334471366,-84.88041588240203,0.664380693404857,-383.39778019486835,6.129156249999999,-285.73936690760877,4.029240268564611,-170.42352447821142,0.2,1,-20,10,500,0.8,0.5,eff,1,6.5,10,15
7.482433334471366,-89.11140995875189,0.664380693404857,-403.9502806795485,6.129156249999999,-301.6710700931044,4.029240268564611,-175.2704877588257,0.2,1,-20,10,500,0.8,0.5,eq,0.5,35,10,15
7.482433334471366,-85.97479807941954,0.664380693404857,-384.49216239188587,6.129156249999999,-287.00711382741565,4.029240268564611,-170.8092159951743,0.2,1,-20,10,500,0.8,0.5,eff,1,35,10,15
10.361951210723882,-83.52037815475732,0.6968241909147566,-416.50939961443805,6.129156249999999,-317.261128614629,4.029240268564611,-180.01351117048782,0.2,1,-20,10,500,0.8,1,eq,1,6.5,15,15
7.482433334471366,-89.11140995875189,0.664380693404857,-387.6287742712182,6.129156249999999,-290.6406068211746,4.029240268564611,-171.9146475310287,0.2,1,-20,10,500,0.8,0.5,eff,0.5,35,10,15
7.482433334471366,-86.6232159880782,0.664380693404857,-385.14058030054457,6.129156249999999,-287.75824977152917,4.029240268564611,-171.0377369698295,0.2,1,-20,10,500,0.8,0.5,eff,0.5,6.5,10,15
10.361951210723882,-87.89424806992096,0.664380693404857,-417.9223225843043,6.129156249999999,-325.73305682591405,4.029240268564611,-182.59095844514474,0.2,1,-20,10,500,0.8,0.5,eff,0.5,35,15,15
10.361951210723882,-85.94628876042776,0.664380693404857,-415.9743632748111,6.129156249999999,-323.47651480708214,4.029240268564611,-181.904441995579,0.2,1,-20,10,500,0.8,0.5,eff,0.5,6.5,15,15
7.482433334471366,-85.97479807941954,0.6968241909147566,-387.9578823804492,6.129156249999999,-283.8521769120355,4.029240268564611,-169.84937741398454,0.2,1,-20,10,500,0.8,1,eq,1,35,10,15
7.482433334471366,-84.88041588240203,0.6968241909147566,-386.8635001834317,6.129156249999999,-282.5716088194154,4.029240268564611,-169.45978526234896,0.2,1,-20,10,500,0.8,1,eq,1,6.5,10,15
10.361951210723882,-87.89424806992096,0.6968241909147566,-420.8832695296017,6.129156249999999,-322.3791196324542,4.029240268564611,-181.57057724465963,0.2,1,-20,10,500,0.8,1,eq,0.5,35,15,15
7.482433334471366,-86.6232159880782,0.6968241909147566,-388.6063002891079,6.129156249999999,-284.6109093616005,4.029240268564611,-170.0802095026842,0.2,1,-20,10,500,0.8,1,eq,0.5,6.5,10,15
10.361951210723882,-85.94628876042776,0.6968241909147566,-418.9353102201085,6.129156249999999,-320.09975640517916,4.029240268564611,-180.87711781115468,0.2,1,-20,10,500,0.8,1,eq,0.5,6.5,15,15
10.361951210723882,-83.52037815475732,0.6968241909147566,-416.50939961443805,6.129156249999999,-317.261128614629,4.029240268564611,-180.01351117048782,0.2,1,-20,10,500,0.8,1,eq,1,35,15,15
10.361951210723882,-83.52037815475732,0.6968241909147566,-400.881100323472,6.129156249999999,-306.74477085658015,4.029240268564611,-176.8140792387235,0.2,1,-20,10,500,0.8,1,eff,1,35,15,15
7.482433334471366,-89.11140995875189,0.6968241909147566,-375.46619496881556,6.129156249999999,-277.33577281074986,4.029240268564611,-167.8668667537727,0.2,1,-20,10,500,0.8,1,eff,0.5,35,10,15
7.482433334471366,-89.11140995875189,0.6968241909147566,-391.0944942597815,6.129156249999999,-287.5224167082653,4.029240268564611,-170.96598857076094,0.2,1,-20,10,500,0.8,1,eq,0.5,35,10,15
10.361951210723882,-83.52037815475732,0.6968241909147566,-400.881100323472,6.129156249999999,-306.74477085658015,4.029240268564611,-176.8140792387235,0.2,1,-20,10,500,0.8,1,eff,1,6.5,15,15
7.482433334471366,-84.88041588240203,0.6968241909147566,-371.2352008924657,6.129156249999999,-272.4398546558564,4.029240268564611,-166.37736276004622,0.2,1,-20,10,500,0.8,1,eff,1,6.5,10,15
10.361951210723882,-83.52037815475732,1.6648435882347152,-288.41379087540906,0.8172208333333333,-187.66544259824846,2.966853185231278,-123.72769435732623,0.2,1,-10,2,400,0.7,0.5,eq,1,6.5,15,15
10.361951210723882,-87.89424806992096,0.6968241909147566,-405.2549702386357,6.129156249999999,-311.8060185772553,4.029240268564611,-178.353882081557,0.2,1,-20,10,500,0.8,1,eff,0.5,35,15,15
7.482433334471366,-84.88041588240203,1.6648435882347152,-258.26311840113686,0.8172208333333333,-153.2459154181109,2.966853185231278,-121.83151999823683,0.2,1,-10,2,400,0.7,0.5,eq,1,6.5,10,15
10.361951210723882,-85.94628876042776,0.6968241909147566,-403.30701092914245,6.129156249999999,-309.55192670806537,4.029240268564611,-177.6681110504319,0.2,1,-20,10,500,0.8,1,eff,0.5,6.5,15,15
7.482433334471366,-86.6232159880782,0.6968241909147566,-372.97800099814185,6.129156249999999,-274.45654541954497,4.029240268564611,-166.99090834058728,0.2,1,-20,10,500,0.8,1,eff,0.5,6.5,10,15
7.482433334471366,-89.11140995875189,1.6648435882347152,-262.49411247748674,0.8172208333333333,-158.07595082525427,2.966853185231278,-122.09760701461525,0.2,1,-10,2,400,0.7,0.5,eq,0.5,35,10,15
7.482433334471366,-85.97479807941954,0.6968241909147566,-372.3295830894832,6.129156249999999,-273.7062250564817,4.029240268564611,-166.76263549328885,0.2,1,-20,10,500,0.8,1,eff,1,35,10,15
10.361951210723882,-85.94628876042776,1.6648435882347152,-290.83970148107954,0.8172208333333333,-190.4348234838983,2.966853185231278,-123.88025976005346,0.2,1,-10,2,400,0.7,0.5,eq,0.5,6.5,15,15
10.361951210723882,-83.52037815475732,1.6648435882347152,-288.41379087540906,0.8172208333333333,-187.66544259824846,2.966853185231278,-123.72769435732623,0.2,1,-10,2,400,0.7,0.5,eq,1,35,15,15
7.482433334471366,-86.6232159880782,1.6648435882347152,-260.00591850681303,0.8172208333333333,-155.23546824305288,2.966853185231278,-121.94112461404005,0.2,1,-10,2,400,0.7,0.5,eq,0.5,6.5,10,15
7.482433334471366,-85.97479807941954,1.6648435882347152,-259.3575005981544,0.8172208333333333,-154.4952446928396,2.966853185231278,-121.90034564259855,0.2,1,-10,2,400,0.7,0.5,eq,1,35,10,15
7.482433334471366,-84.88041588240203,1.6648435882347152,-251.7806495632468,0.8172208333333333,-152.15893220195483,2.966853185231278,-121.77163801053692,0.2,1,-10,2,400,0.7,0.5,eff,1,6.5,10,15
7.482433334471366,-85.97479807941954,1.6648435882347152,-252.87503176026433,0.8172208333333333,-153.3990272461016,2.966853185231278,-121.83995494043664,0.2,1,-10,2,400,0.7,0.5,eff,1,35,10,15
10.361951210723882,-83.52037815475732,1.6648435882347152,-281.931322037519,0.8172208333333333,-186.32405259678205,2.966853185231278,-123.65379708055634,0.2,1,-10,2,400,0.7,0.5,eff,1,6.5,15,15
10.361951210723882,-83.52037815475732,1.7398467296524174,-279.4111698235828,0.8172208333333333,-178.47072257102215,2.966853185231278,-123.22115653467148,0.2,1,-10,2,400,0.7,1,eq,1,6.5,15,15
10.361951210723882,-85.94628876042776,1.6648435882347152,-284.35723264318943,0.8172208333333333,-189.0729640181217,2.966853185231278,-123.80523481894457,0.2,1,-10,2,400,0.7,0.5,eff,0.5,6.5,15,15
7.482433334471366,-86.6232159880782,1.6648435882347152,-253.52344966892298,0.8172208333333333,-154.13377954557387,2.966853185231278,-121.88043250026037,0.2,1,-10,2,400,0.7,0.5,eff,0.5,6.5,10,15
10.361951210723882,-87.89424806992096,1.6648435882347152,-292.7876607905728,0.8172208333333333,-192.65858278639465,2.966853185231278,-124.0027668284428,0.2,1,-10,2,400,0.7,0.5,eq,0.5,35,15,15
10.361951210723882,-83.52037815475732,1.7398467296524174,-279.4111698235828,0.8172208333333333,-178.47072257102215,2.966853185231278,-123.22115653467148,0.2,1,-10,2,400,0.7,1,eq,1,35,15,15
10.361951210723882,-83.52037815475732,1.6648435882347152,-281.931322037519,0.8172208333333333,-186.32405259678205,2.966853185231278,-123.65379708055634,0.2,1,-10,2,400,0.7,0.5,eff,1,35,15,15
7.482433334471366,-89.11140995875189,1.6648435882347152,-256.0116436395967,0.8172208333333333,-156.95326712557113,2.966853185231278,-122.03575828457414,0.2,1,-10,2,400,0.7,0.5,eff,0.5,35,10,15
10.361951210723882,-85.94628876042776,1.7398467296524174,-281.8370804292532,0.8172208333333333,-181.23645888237942,2.966853185231278,-123.37352115752498,0.2,1,-10,2,400,0.7,1,eq,0.5,6.5,15,15
10.361951210723882,-87.89424806992096,1.6648435882347152,-286.30519195268266,0.8172208333333333,-191.28028673694558,2.966853185231278,-123.92683639469438,0.2,1,-10,2,400,0.7,0.5,eff,0.5,35,15,15
10.361951210723882,-87.89424806992096,1.7398467296524174,-283.78503973874643,0.8172208333333333,-183.4572916631893,2.966853185231278,-123.49586700361282,0.2,1,-10,2,400,0.7,1,eq,0.5,35,15,15
7.482433334471366,-86.6232159880782,1.7398467296524174,-251.50807049825264,0.8172208333333333,-146.65890938031782,2.966853185231278,-121.46864133675305,0.2,1,-10,2,400,0.7,1,eq,0.5,6.5,10,15
7.482433334471366,-84.88041588240203,1.7398467296524174,-249.76527039257647,0.8172208333333333,-144.6719748560102,2.966853185231278,-121.35918096333009,0.2,1,-10,2,400,0.7,1,eq,1,6.5,10,15
7.482433334471366,-89.11140995875189,1.7398467296524174,-253.9962644689263,0.8172208333333333,-149.49565381720495,2.966853185231278,-121.62491780261986,0.2,1,-10,2,400,0.7,1,eq,0.5,35,10,15
7.482433334471366,-85.97479807941954,1.7398467296524174,-250.85965258959396,0.8172208333333333,-145.91965998257484,2.966853185231278,-121.42791603144498,0.2,1,-10,2,400,0.7,1,eq,1,35,10,15
7.482433334471366,-84.88041588240203,1.7398467296524174,-243.61345665780016,0.8172208333333333,-143.86448954198067,2.966853185231278,-121.31469653622595,0.2,1,-10,2,400,0.7,1,eff,1,6.5,10,15
7.482433334471366,-86.6232159880782,1.7398467296524174,-245.35625676347632,0.8172208333333333,-145.83712441400175,2.966853185231278,-121.42336914072149,0.2,1,-10,2,400,0.7,1,eff,0.5,6.5,10,15
10.361951210723882,-83.52037815475732,1.7398467296524174,-273.2593560888065,0.8172208333333333,-177.41999303831813,2.966853185231278,-123.16327176513863,0.2,1,-10,2,400,0.7,1,eff,1,6.5,15,15
7.482433334471366,-89.11140995875189,1.7398467296524174,-247.84445073415,0.8172208333333333,-148.6534532518669,2.966853185231278,-121.5785209096919,0.2,1,-10,2,400,0.7,1,eff,0.5,35,10,15
10.361951210723882,-87.89424806992096,1.7398467296524174,-277.6332260039701,0.8172208333333333,-182.37067458395788,2.966853185231278,-123.43600518642394,0.2,1,-10,2,400,0.7,1,eff,0.5,35,15,15
7.482433334471366,-85.97479807941954,1.7398467296524174,-244.70783885481768,0.8172208333333333,-145.10319527654082,2.966853185231278,-121.3829369289553,0.2,1,-10,2,400,0.7,1,eff,1,35,10,15
10.361951210723882,-83.52037815475732,1.7398467296524174,-273.2593560888065,0.8172208333333333,-177.41999303831813,2.966853185231278,-123.16327176513863,0.2,1,-10,2,400,0.7,1,eff,1,35,15,15
7.482433334471366,-84.88041588240203,1.6648435882347152,-258.26311840113686,0.8172208333333333,-153.2459154181109,2.966853185231278,-121.83151999823683,0.2,1,-10,2,400,0.8,0.5,eq,1,6.5,10,15
10.361951210723882,-83.52037815475732,1.6648435882347152,-288.41379087540906,0.8172208333333333,-187.66544259824846,2.966853185231278,-123.72769435732623,0.2,1,-10,2,400,0.8,0.5,eq,1,35,15,15
10.361951210723882,-85.94628876042776,1.7398467296524174,-275.6852666944769,0.8172208333333333,-180.16582478424417,2.966853185231278,-123.31453984397511,0.2,1,-10,2,400,0.7,1,eff,0.5,6.5,15,15
10.361951210723882,-85.94628876042776,1.6648435882347152,-290.83970148107954,0.8172208333333333,-190.4348234838983,2.966853185231278,-123.88025976005346,0.2,1,-10,2,400,0.8,0.5,eq,0.5,6.5,15,15
10.361951210723882,-87.89424806992096,1.6648435882347152,-292.7876607905728,0.8172208333333333,-192.65858278639465,2.966853185231278,-124.0027668284428,0.2,1,-10,2,400,0.8,0.5,eq,0.5,35,15,15
10.361951210723882,-83.52037815475732,1.6648435882347152,-288.41379087540906,0.8172208333333333,-187.66544259824846,2.966853185231278,-123.72769435732623,0.2,1,-10,2,400,0.8,0.5,eq,1,6.5,15,15
10.361951210723882,-83.52037815475732,1.6648435882347152,-281.931322037519,0.8172208333333333,-186.32405259678205,2.966853185231278,-123.65379708055634,0.2,1,-10,2,400,0.8,0.5,eff,1,6.5,15,15
7.482433334471366,-85.97479807941954,1.6648435882347152,-252.87503176026433,0.8172208333333333,-153.3990272461016,2.966853185231278,-121.83995494043664,0.2,1,-10,2,400,0.8,0.5,eff,1,35,10,15
7.482433334471366,-85.97479807941954,1.6648435882347152,-259.3575005981544,0.8172208333333333,-154.4952446928396,2.966853185231278,-121.90034564259855,0.2,1,-10,2,400,0.8,0.5,eq,1,35,10,15
10.361951210723882,-83.52037815475732,1.6648435882347152,-281.931322037519,0.8172208333333333,-186.32405259678205,2.966853185231278,-123.65379708055634,0.2,1,-10,2,400,0.8,0.5,eff,1,35,15,15
7.482433334471366,-89.11140995875189,1.6648435882347152,-262.49411247748674,0.8172208333333333,-158.07595082525427,2.966853185231278,-122.09760701461525,0.2,1,-10,2,400,0.8,0.5,eq,0.5,35,10,15
7.482433334471366,-86.6232159880782,1.6648435882347152,-260.00591850681303,0.8172208333333333,-155.23546824305288,2.966853185231278,-121.94112461404005,0.2,1,-10,2,400,0.8,0.5,eq,0.5,6.5,10,15
7.482433334471366,-84.88041588240203,1.6648435882347152,-251.7806495632468,0.8172208333333333,-152.15893220195483,2.966853185231278,-121.77163801053692,0.2,1,-10,2,400,0.8,0.5,eff,1,6.5,10,15
10.361951210723882,-85.94628876042776,1.6648435882347152,-284.35723264318943,0.8172208333333333,-189.0729640181217,2.966853185231278,-123.80523481894457,0.2,1,-10,2,400,0.8,0.5,eff,0.5,6.5,15,15
7.482433334471366,-86.6232159880782,1.6648435882347152,-253.52344966892298,0.8172208333333333,-154.13377954557387,2.966853185231278,-121.88043250026037,0.2,1,-10,2,400,0.8,0.5,eff,0.5,6.5,10,15
7.482433334471366,-89.11140995875189,1.6648435882347152,-256.0116436395967,0.8172208333333333,-156.95326712557113,2.966853185231278,-122.03575828457414,0.2,1,-10,2,400,0.8,0.5,eff,0.5,35,10,15
7.482433334471366,-84.88041588240203,1.7398467296524174,-249.76527039257647,0.8172208333333333,-144.6719748560102,2.966853185231278,-121.35918096333009,0.2,1,-10,2,400,0.8,1,eq,1,6.5,10,15
10.361951210723882,-83.52037815475732,1.7398467296524174,-279.4111698235828,0.8172208333333333,-178.47072257102215,2.966853185231278,-123.22115653467148,0.2,1,-10,2,400,0.8,1,eq,1,35,15,15
10.361951210723882,-87.89424806992096,1.6648435882347152,-286.30519195268266,0.8172208333333333,-191.28028673694558,2.966853185231278,-123.92683639469438,0.2,1,-10,2,400,0.8,0.5,eff,0.5,35,15,15
10.361951210723882,-83.52037815475732,1.7398467296524174,-279.4111698235828,0.8172208333333333,-178.47072257102215,2.966853185231278,-123.22115653467148,0.2,1,-10,2,400,0.8,1,eq,1,6.5,15,15
10.361951210723882,-85.94628876042776,1.7398467296524174,-281.8370804292532,0.8172208333333333,-181.23645888237942,2.966853185231278,-123.37352115752498,0.2,1,-10,2,400,0.8,1,eq,0.5,6.5,15,15
7.482433334471366,-84.88041588240203,1.7398467296524174,-243.61345665780016,0.8172208333333333,-143.86448954198067,2.966853185231278,-121.31469653622595,0.2,1,-10,2,400,0.8,1,eff,1,6.5,10,15
10.361951210723882,-83.52037815475732,1.7398467296524174,-273.2593560888065,0.8172208333333333,-177.41999303831813,2.966853185231278,-123.16327176513863,0.2,1,-10,2,400,0.8,1,eff,1,35,15,15
7.482433334471366,-85.97479807941954,1.7398467296524174,-250.85965258959396,0.8172208333333333,-145.91965998257484,2.966853185231278,-121.42791603144498,0.2,1,-10,2,400,0.8,1,eq,1,35,10,15
7.482433334471366,-85.97479807941954,1.7398467296524174,-244.70783885481768,0.8172208333333333,-145.10319527654082,2.966853185231278,-121.3829369289553,0.2,1,-10,2,400,0.8,1,eff,1,35,10,15
10.361951210723882,-87.89424806992096,1.7398467296524174,-283.78503973874643,0.8172208333333333,-183.4572916631893,2.966853185231278,-123.49586700361282,0.2,1,-10,2,400,0.8,1,eq,0.5,35,15,15
10.361951210723882,-83.52037815475732,1.7398467296524174,-273.2593560888065,0.8172208333333333,-177.41999303831813,2.966853185231278,-123.16327176513863,0.2,1,-10,2,400,0.8,1,eff,1,6.5,15,15
7.482433334471366,-89.11140995875189,1.7398467296524174,-253.9962644689263,0.8172208333333333,-149.49565381720495,2.966853185231278,-121.62491780261986,0.2,1,-10,2,400,0.8,1,eq,0.5,35,10,15
7.482433334471366,-86.6232159880782,1.7398467296524174,-251.50807049825264,0.8172208333333333,-146.65890938031782,2.966853185231278,-121.46864133675305,0.2,1,-10,2,400,0.8,1,eq,0.5,6.5,10,15
10.361951210723882,-85.94628876042776,1.7398467296524174,-275.6852666944769,0.8172208333333333,-180.16582478424417,2.966853185231278,-123.31453984397511,0.2,1,-10,2,400,0.8,1,eff,0.5,6.5,15,15
7.482433334471366,-84.88041588240203,1.6648435882347152,-258.26311840113686,1.22583125,-153.2463745570836,3.048575268564611,-122.67367155415299,0.2,1,-10,2,500,0.7,0.5,eq,1,6.5,10,15
7.482433334471366,-89.11140995875189,1.7398467296524174,-247.84445073415,0.8172208333333333,-148.6534532518669,2.966853185231278,-121.5785209096919,0.2,1,-10,2,400,0.8,1,eff,0.5,35,10,15
7.482433334471366,-86.6232159880782,1.7398467296524174,-245.35625676347632,0.8172208333333333,-145.83712441400175,2.966853185231278,-121.42336914072149,0.2,1,-10,2,400,0.8,1,eff,0.5,6.5,10,15
10.361951210723882,-83.52037815475732,1.6648435882347152,-288.41379087540906,1.22583125,-187.66590173800105,3.048575268564611,-125.4416879757032,0.2,1,-10,2,500,0.7,0.5,eq,1,35,15,15
10.361951210723882,-87.89424806992096,1.7398467296524174,-277.6332260039701,0.8172208333333333,-182.37067458395788,2.966853185231278,-123.43600518642394,0.2,1,-10,2,400,0.8,1,eff,0.5,35,15,15
10.361951210723882,-83.52037815475732,1.6648435882347152,-288.41379087540906,1.22583125,-187.66590173800105,3.048575268564611,-125.4416879757032,0.2,1,-10,2,500,0.7,0.5,eq,1,6.5,15,15
7.482433334471366,-85.97479807941954,1.6648435882347152,-259.3575005981544,1.22583125,-154.4957038317956,3.048575268564611,-122.77414254348851,0.2,1,-10,2,500,0.7,0.5,eq,1,35,10,15
7.482433334471366,-86.6232159880782,1.6648435882347152,-260.00591850681303,1.22583125,-155.23592738271415,3.048575268564611,-122.83367127942346,0.2,1,-10,2,500,0.7,0.5,eq,0.5,6.5,10,15
10.361951210723882,-85.94628876042776,1.6648435882347152,-290.83970148107954,1.22583125,-190.43528262366397,3.048575268564611,-125.66440142928292,0.2,1,-10,2,500,0.7,0.5,eq,0.5,6.5,15,15
10.361951210723882,-83.52037815475732,1.6648435882347152,-281.931322037519,1.22583125,-186.32448118258853,3.048575268564611,-125.33381101080276,0.2,1,-10,2,500,0.7,0.5,eff,1,6.5,15,15
10.361951210723882,-87.89424806992096,1.6648435882347152,-292.7876607905728,1.22583125,-192.65904192613397,3.048575268564611,-125.84323602612257,0.2,1,-10,2,500,0.7,0.5,eq,0.5,35,15,15
7.482433334471366,-89.11140995875189,1.6648435882347152,-262.49411247748674,1.22583125,-158.07640996492546,3.048575268564611,-123.06210272740248,0.2,1,-10,2,500,0.7,0.5,eq,0.5,35,10,15
10.361951210723882,-85.94628876042776,1.6648435882347152,-284.35723264318943,1.22583125,-189.07339260297658,3.048575268564611,-125.5548783111473,0.2,1,-10,2,500,0.7,0.5,eff,0.5,6.5,15,15
7.482433334471366,-86.6232159880782,1.6648435882347152,-253.52344966892298,1.22583125,-154.13420813050544,3.048575268564611,-122.74507107971644,0.2,1,-10,2,500,0.7,0.5,eff,0.5,6.5,10,15
10.361951210723882,-83.52037815475732,1.6648435882347152,-281.931322037519,1.22583125,-186.32448118258853,3.048575268564611,-125.33381101080276,0.2,1,-10,2,500,0.7,0.5,eff,1,35,15,15
7.482433334471366,-84.88041588240203,1.6648435882347152,-251.7806495632468,1.22583125,-152.15936078688773,3.048575268564611,-122.58625396847445,0.2,1,-10,2,500,0.7,0.5,eff,1,6.5,10,15
7.482433334471366,-85.97479807941954,1.6648435882347152,-252.87503176026433,1.22583125,-153.39945583165894,3.048575268564611,-122.68598234156237,0.2,1,-10,2,500,0.7,0.5,eff,1,35,10,15
10.361951210723882,-83.52037815475732,1.7398467296524174,-279.4111698235828,1.22583125,-178.47115668339663,3.048575268564611,-124.70224710048916,0.2,1,-10,2,500,0.7,1,eq,1,35,15,15
10.361951210723882,-87.89424806992096,1.6648435882347152,-286.30519195268266,1.22583125,-191.2807153220134,3.048575268564611,-125.73239107888057,0.2,1,-10,2,500,0.7,0.5,eff,0.5,35,15,15
7.482433334471366,-85.97479807941954,1.7398467296524174,-250.85965258959396,1.22583125,-145.920094094872,3.048575268564611,-122.0844924953679,0.2,1,-10,2,500,0.7,1,eq,1,35,10,15
7.482433334471366,-89.11140995875189,1.6648435882347152,-256.0116436395967,1.22583125,-156.9536957104319,3.048575268564611,-122.9718141108037,0.2,1,-10,2,500,0.7,0.5,eff,0.5,35,10,15
7.482433334471366,-86.6232159880782,1.7398467296524174,-251.50807049825264,1.22583125,-146.65934349261408,3.048575268564611,-122.14394288995966,0.2,1,-10,2,500,0.7,1,eq,0.5,6.5,10,15
10.361951210723882,-83.52037815475732,1.7398467296524174,-279.4111698235828,1.22583125,-178.47115668339663,3.048575268564611,-124.70224710048916,0.2,1,-10,2,500,0.7,1,eq,1,6.5,15,15
7.482433334471366,-84.88041588240203,1.7398467296524174,-249.76527039257647,1.22583125,-144.67240896797503,3.048575268564611,-121.98415372830628,0.2,1,-10,2,500,0.7,1,eq,1,6.5,10,15
10.361951210723882,-85.94628876042776,1.7398467296524174,-281.8370804292532,1.22583125,-181.23689299500074,3.048575268564611,-124.92466745762987,0.2,1,-10,2,500,0.7,1,eq,0.5,6.5,15,15
10.361951210723882,-83.52037815475732,1.7398467296524174,-273.2593560888065,1.22583125,-177.42039878211693,3.048575268564611,-124.61774520973023,0.2,1,-10,2,500,0.7,1,eff,1,6.5,15,15
10.361951210723882,-85.94628876042776,1.7398467296524174,-275.6852666944769,1.22583125,-180.16623052826696,3.048575268564611,-124.83856484284739,0.2,1,-10,2,500,0.7,1,eff,0.5,6.5,15,15
7.482433334471366,-86.6232159880782,1.7398467296524174,-245.35625676347632,1.22583125,-145.8375301578054,3.048575268564611,-122.0778527082369,0.2,1,-10,2,500,0.7,1,eff,0.5,6.5,10,15
7.482433334471366,-85.97479807941954,1.7398467296524174,-244.70783885481768,1.22583125,-145.1036010203446,3.048575268564611,-122.01883016867477,0.2,1,-10,2,500,0.7,1,eff,1,35,10,15
7.482433334471366,-84.88041588240203,1.7398467296524174,-243.61345665780016,1.22583125,-143.8648952857838,3.048575268564611,-121.91921352383505,0.2,1,-10,2,500,0.7,1,eff,1,6.5,10,15
10.361951210723882,-87.89424806992096,1.7398467296524174,-283.78503973874643,1.22583125,-183.45772577557707,3.048575268564611,-125.10326670374505,0.2,1,-10,2,500,0.7,1,eq,0.5,35,15,15
7.482433334471366,-89.11140995875189,1.7398467296524174,-253.9962644689263,1.22583125,-149.49608792951378,3.048575268564611,-122.37207371650494,0.2,1,-10,2,500,0.7,1,eq,0.5,35,10,15
10.361951210723882,-87.89424806992096,1.7398467296524174,-277.6332260039701,1.22583125,-182.37108032780037,3.048575268564611,-125.0158787385346,0.2,1,-10,2,500,0.7,1,eff,0.5,35,15,15
7.482433334471366,-89.11140995875189,1.7398467296524174,-247.84445073415,1.22583125,-148.65385899566922,3.048575268564611,-122.30434171346683,0.2,1,-10,2,500,0.7,1,eff,0.5,35,10,15
10.361951210723882,-83.52037815475732,1.7398467296524174,-273.2593560888065,1.22583125,-177.42039878211693,3.048575268564611,-124.61774520973023,0.2,1,-10,2,500,0.7,1,eff,1,35,15,15
7.482433334471366,-85.97479807941954,1.6648435882347152,-259.3575005981544,1.22583125,-154.4957038317956,3.048575268564611,-122.77414254348851,0.2,1,-10,2,500,0.8,0.5,eq,1,35,10,15
10.361951210723882,-83.52037815475732,1.6648435882347152,-288.41379087540906,1.22583125,-187.66590173800105,3.048575268564611,-125.4416879757032,0.2,1,-10,2,500,0.8,0.5,eq,1,6.5,15,15
10.361951210723882,-85.94628876042776,1.6648435882347152,-290.83970148107954,1.22583125,-190.43528262366397,3.048575268564611,-125.66440142928292,0.2,1,-10,2,500,0.8,0.5,eq,0.5,6.5,15,15
7.482433334471366,-84.88041588240203,1.6648435882347152,-258.26311840113686,1.22583125,-153.2463745570836,3.048575268564611,-122.67367155415299,0.2,1,-10,2,500,0.8,0.5,eq,1,6.5,10,15
10.361951210723882,-83.52037815475732,1.6648435882347152,-288.41379087540906,1.22583125,-187.66590173800105,3.048575268564611,-125.4416879757032,0.2,1,-10,2,500,0.8,0.5,eq,1,35,15,15
10.361951210723882,-87.89424806992096,1.6648435882347152,-292.7876607905728,1.22583125,-192.65904192613397,3.048575268564611,-125.84323602612257,0.2,1,-10,2,500,0.8,0.5,eq,0.5,35,15,15
7.482433334471366,-85.97479807941954,1.6648435882347152,-252.87503176026433,1.22583125,-153.39945583165894,3.048575268564611,-122.68598234156237,0.2,1,-10,2,500,0.8,0.5,eff,1,35,10,15
7.482433334471366,-89.11140995875189,1.6648435882347152,-262.49411247748674,1.22583125,-158.07640996492546,3.048575268564611,-123.06210272740248,0.2,1,-10,2,500,0.8,0.5,eq,0.5,35,10,15
7.482433334471366,-86.6232159880782,1.6648435882347152,-260.00591850681303,1.22583125,-155.23592738271415,3.048575268564611,-122.83367127942346,0.2,1,-10,2,500,0.8,0.5,eq,0.5,6.5,10,15
10.361951210723882,-87.89424806992096,1.6648435882347152,-286.30519195268266,1.22583125,-191.2807153220134,3.048575268564611,-125.73239107888057,0.2,1,-10,2,500,0.8,0.5,eff,0.5,35,15,15
7.482433334471366,-84.88041588240203,1.6648435882347152,-251.7806495632468,1.22583125,-152.15936078688773,3.048575268564611,-122.58625396847445,0.2,1,-10,2,500,0.8,0.5,eff,1,6.5,10,15
10.361951210723882,-83.52037815475732,1.6648435882347152,-281.931322037519,1.22583125,-186.32448118258853,3.048575268564611,-125.33381101080276,0.2,1,-10,2,500,0.8,0.5,eff,1,6.5,15,15
10.361951210723882,-85.94628876042776,1.6648435882347152,-284.35723264318943,1.22583125,-189.07339260297658,3.048575268564611,-125.5548783111473,0.2,1,-10,2,500,0.8,0.5,eff,0.5,6.5,15,15
10.361951210723882,-83.52037815475732,1.6648435882347152,-281.931322037519,1.22583125,-186.32448118258853,3.048575268564611,-125.33381101080276,0.2,1,-10,2,500,0.8,0.5,eff,1,35,15,15
10.361951210723882,-83.52037815475732,1.7398467296524174,-279.4111698235828,1.22583125,-178.47115668339663,3.048575268564611,-124.70224710048916,0.2,1,-10,2,500,0.8,1,eq,1,6.5,15,15
7.482433334471366,-86.6232159880782,1.6648435882347152,-253.52344966892298,1.22583125,-154.13420813050544,3.048575268564611,-122.74507107971644,0.2,1,-10,2,500,0.8,0.5,eff,0.5,6.5,10,15
7.482433334471366,-85.97479807941954,1.7398467296524174,-250.85965258959396,1.22583125,-145.920094094872,3.048575268564611,-122.0844924953679,0.2,1,-10,2,500,0.8,1,eq,1,35,10,15
7.482433334471366,-89.11140995875189,1.6648435882347152,-256.0116436395967,1.22583125,-156.9536957104319,3.048575268564611,-122.9718141108037,0.2,1,-10,2,500,0.8,0.5,eff,0.5,35,10,15
10.361951210723882,-83.52037815475732,1.7398467296524174,-279.4111698235828,1.22583125,-178.47115668339663,3.048575268564611,-124.70224710048916,0.2,1,-10,2,500,0.8,1,eq,1,35,15,15
7.482433334471366,-84.88041588240203,1.7398467296524174,-249.76527039257647,1.22583125,-144.67240896797503,3.048575268564611,-121.98415372830628,0.2,1,-10,2,500,0.8,1,eq,1,6.5,10,15
10.361951210723882,-87.89424806992096,1.7398467296524174,-283.78503973874643,1.22583125,-183.45772577557707,3.048575268564611,-125.10326670374505,0.2,1,-10,2,500,0.8,1,eq,0.5,35,15,15
10.361951210723882,-85.94628876042776,1.7398467296524174,-281.8370804292532,1.22583125,-181.23689299500074,3.048575268564611,-124.92466745762987,0.2,1,-10,2,500,0.8,1,eq,0.5,6.5,15,15
7.482433334471366,-86.6232159880782,1.7398467296524174,-251.50807049825264,1.22583125,-146.65934349261408,3.048575268564611,-122.14394288995966,0.2,1,-10,2,500,0.8,1,eq,0.5,6.5,10,15
10.361951210723882,-85.94628876042776,1.7398467296524174,-275.6852666944769,1.22583125,-180.16623052826696,3.048575268564611,-124.83856484284739,0.2,1,-10,2,500,0.8,1,eff,0.5,6.5,15,15
10.361951210723882,-83.52037815475732,1.7398467296524174,-273.2593560888065,1.22583125,-177.42039878211693,3.048575268564611,-124.61774520973023,0.2,1,-10,2,500,0.8,1,eff,1,6.5,15,15
7.482433334471366,-85.97479807941954,1.7398467296524174,-244.70783885481768,1.22583125,-145.1036010203446,3.048575268564611,-122.01883016867477,0.2,1,-10,2,500,0.8,1,eff,1,35,10,15
10.361951210723882,-83.52037815475732,1.7398467296524174,-273.2593560888065,1.22583125,-177.42039878211693,3.048575268564611,-124.61774520973023,0.2,1,-10,2,500,0.8,1,eff,1,35,15,15
7.482433334471366,-86.6232159880782,1.7398467296524174,-245.35625676347632,1.22583125,-145.8375301578054,3.048575268564611,-122.0778527082369,0.2,1,-10,2,500,0.8,1,eff,0.5,6.5,10,15
7.482433334471366,-89.11140995875189,1.7398467296524174,-253.9962644689263,1.22583125,-149.49608792951378,3.048575268564611,-122.37207371650494,0.2,1,-10,2,500,0.8,1,eq,0.5,35,10,15
7.482433334471366,-89.11140995875189,1.7398467296524174,-247.84445073415,1.22583125,-148.65385899566922,3.048575268564611,-122.30434171346683,0.2,1,-10,2,500,0.8,1,eff,0.5,35,10,15
10.361951210723882,-87.89424806992096,1.7398467296524174,-277.6332260039701,1.22583125,-182.37108032780037,3.048575268564611,-125.0158787385346,0.2,1,-10,2,500,0.8,1,eff,0.5,35,15,15
7.482433334471366,-84.88041588240203,1.7398467296524174,-243.61345665780016,1.22583125,-143.8648952857838,3.048575268564611,-121.91921352383505,0.2,1,-10,2,500,0.8,1,eff,1,6.5,10,15
10.361951210723882,-83.52037815475732,1.6648435882347152,-288.41379087540906,4.086104166666667,-187.66911571366944,3.6206298518979443,-135.2737544008996,0.2,1,-10,10,400,0.7,0.5,eq,1,6.5,15,15
7.482433334471366,-84.88041588240203,1.6648435882347152,-258.26311840113686,4.086104166666667,-153.24958853293816,3.6206298518979443,-127.50484240597926,0.2,1,-10,10,400,0.7,0.5,eq,1,6.5,10,15
10.361951210723882,-83.52037815475732,1.6648435882347152,-288.41379087540906,4.086104166666667,-187.66911571366944,3.6206298518979443,-135.2737544008996,0.2,1,-10,10,400,0.7,0.5,eq,1,35,15,15
7.482433334471366,-86.6232159880782,1.6648435882347152,-260.00591850681303,4.086104166666667,-155.23914135830498,3.6206298518979443,-127.95390902820102,0.2,1,-10,10,400,0.7,0.5,eq,0.5,6.5,10,15
7.482433334471366,-89.11140995875189,1.6648435882347152,-262.49411247748674,4.086104166666667,-158.0796239400687,3.6206298518979443,-128.59504099625363,0.2,1,-10,10,400,0.7,0.5,eq,0.5,35,10,15
10.361951210723882,-87.89424806992096,1.6648435882347152,-292.7876607905728,4.086104166666667,-192.662255901808,3.6206298518979443,-136.40076775283381,0.2,1,-10,10,400,0.7,0.5,eq,0.5,35,15,15
7.482433334471366,-85.97479807941954,1.6648435882347152,-259.3575005981544,4.086104166666667,-154.49891780738542,3.6206298518979443,-127.78683143897484,0.2,1,-10,10,400,0.7,0.5,eq,1,35,10,15
10.361951210723882,-83.52037815475732,1.6648435882347152,-281.931322037519,4.086104166666667,-186.32748127811053,3.6206298518979443,-134.9709309540671,0.2,1,-10,10,400,0.7,0.5,eff,1,35,15,15
10.361951210723882,-83.52037815475732,1.6648435882347152,-281.931322037519,4.086104166666667,-186.32748127811053,3.6206298518979443,-134.9709309540671,0.2,1,-10,10,400,0.7,0.5,eff,1,6.5,15,15
10.361951210723882,-85.94628876042776,1.6648435882347152,-284.35723264318943,4.086104166666667,-189.07639269855324,3.6206298518979443,-135.59139418109268,0.2,1,-10,10,400,0.7,0.5,eff,0.5,6.5,15,15
10.361951210723882,-83.52037815475732,1.7398467296524174,-279.4111698235828,4.086104166666667,-178.4741954702156,3.6206298518979443,-133.19834744377857,0.2,1,-10,10,400,0.7,1,eq,1,6.5,15,15
7.482433334471366,-85.97479807941954,1.6648435882347152,-252.87503176026433,4.086104166666667,-153.40245592722917,3.6206298518979443,-127.53934646313559,0.2,1,-10,10,400,0.7,0.5,eff,1,35,10,15
7.482433334471366,-86.6232159880782,1.6648435882347152,-253.52344966892298,4.086104166666667,-154.13720822607687,3.6206298518979443,-127.70518912325824,0.2,1,-10,10,400,0.7,0.5,eff,0.5,6.5,10,15
10.361951210723882,-85.94628876042776,1.6648435882347152,-290.83970148107954,4.086104166666667,-190.4384965986442,3.6206298518979443,-135.89883783864732,0.2,1,-10,10,400,0.7,0.5,eq,0.5,6.5,15,15
10.361951210723882,-83.52037815475732,1.7398467296524174,-279.4111698235828,4.086104166666667,-178.4741954702156,3.6206298518979443,-133.19834744377857,0.2,1,-10,10,400,0.7,1,eq,1,35,15,15
7.482433334471366,-84.88041588240203,1.6648435882347152,-251.7806495632468,4.086104166666667,-152.16236088239236,3.6206298518979443,-127.25944170970638,0.2,1,-10,10,400,0.7,0.5,eff,1,6.5,10,15
7.482433334471366,-84.88041588240203,1.7398467296524174,-249.76527039257647,4.086104166666667,-144.6754477546719,3.6206298518979443,-125.56955303408745,0.2,1,-10,10,400,0.7,1,eq,1,6.5,10,15
7.482433334471366,-89.11140995875189,1.6648435882347152,-256.0116436395967,4.086104166666667,-156.95669580600398,3.6206298518979443,-128.34158226033432,0.2,1,-10,10,400,0.7,0.5,eff,0.5,35,10,15
10.361951210723882,-87.89424806992096,1.6648435882347152,-286.30519195268266,4.086104166666667,-191.2837154173788,3.6206298518979443,-136.08961415537945,0.2,1,-10,10,400,0.7,0.5,eff,0.5,35,15,15
7.482433334471366,-85.97479807941954,1.7398467296524174,-250.85965258959396,4.086104166666667,-145.92313288088096,3.6206298518979443,-125.85117096253818,0.2,1,-10,10,400,0.7,1,eq,1,35,10,15
10.361951210723882,-87.89424806992096,1.7398467296524174,-283.78503973874643,4.086104166666667,-183.46076456148342,3.6206298518979443,-134.32387761806697,0.2,1,-10,10,400,0.7,1,eq,0.5,35,15,15
10.361951210723882,-85.94628876042776,1.7398467296524174,-281.8370804292532,4.086104166666667,-181.2399317809564,3.6206298518979443,-133.82260825615055,0.2,1,-10,10,400,0.7,1,eq,0.5,6.5,15,15
7.482433334471366,-89.11140995875189,1.7398467296524174,-247.84445073415,4.086104166666667,-148.65669920257673,3.6206298518979443,-126.46817061143001,0.2,1,-10,10,400,0.7,1,eff,0.5,35,10,15
7.482433334471366,-86.6232159880782,1.7398467296524174,-251.50807049825264,4.086104166666667,-146.66238227924953,3.6206298518979443,-126.0180286735133,0.2,1,-10,10,400,0.7,1,eq,0.5,6.5,10,15
10.361951210723882,-83.52037815475732,1.7398467296524174,-273.2593560888065,4.086104166666667,-177.4232389889506,3.6206298518979443,-132.96113359797036,0.2,1,-10,10,400,0.7,1,eff,1,6.5,15,15
7.482433334471366,-89.11140995875189,1.7398467296524174,-253.9962644689263,4.086104166666667,-149.4991267155645,3.6206298518979443,-126.65831689601237,0.2,1,-10,10,400,0.7,1,eq,0.5,35,10,15
7.482433334471366,-86.6232159880782,1.7398467296524174,-245.35625676347632,4.086104166666667,-145.84037036535844,3.6206298518979443,-125.83249044155964,0.2,1,-10,10,400,0.7,1,eff,0.5,6.5,10,15
7.482433334471366,-85.97479807941954,1.7398467296524174,-244.70783885481768,4.086104166666667,-145.10644122733797,3.6206298518979443,-125.6668335789929,0.2,1,-10,10,400,0.7,1,eff,1,35,10,15
10.361951210723882,-83.52037815475732,1.6648435882347152,-288.41379087540906,4.086104166666667,-187.66911571366944,3.6206298518979443,-135.2737544008996,0.2,1,-10,10,400,0.8,0.5,eq,1,6.5,15,15
10.361951210723882,-83.52037815475732,1.7398467296524174,-273.2593560888065,4.086104166666667,-177.4232389889506,3.6206298518979443,-132.96113359797036,0.2,1,-10,10,400,0.7,1,eff,1,35,15,15
7.482433334471366,-84.88041588240203,1.7398467296524174,-243.61345665780016,4.086104166666667,-143.86773549270706,3.6206298518979443,-125.38724241002019,0.2,1,-10,10,400,0.7,1,eff,1,6.5,10,15
7.482433334471366,-84.88041588240203,1.6648435882347152,-258.26311840113686,4.086104166666667,-153.24958853293816,3.6206298518979443,-127.50484240597926,0.2,1,-10,10,400,0.8,0.5,eq,1,6.5,10,15
10.361951210723882,-83.52037815475732,1.6648435882347152,-288.41379087540906,4.086104166666667,-187.66911571366944,3.6206298518979443,-135.2737544008996,0.2,1,-10,10,400,0.8,0.5,eq,1,35,15,15
10.361951210723882,-85.94628876042776,1.7398467296524174,-275.6852666944769,4.086104166666667,-180.16907073577397,3.6206298518979443,-133.58090170465942,0.2,1,-10,10,400,0.7,1,eff,0.5,6.5,15,15
7.482433334471366,-85.97479807941954,1.6648435882347152,-259.3575005981544,4.086104166666667,-154.49891780738542,3.6206298518979443,-127.78683143897484,0.2,1,-10,10,400,0.8,0.5,eq,1,35,10,15
10.361951210723882,-87.89424806992096,1.7398467296524174,-277.6332260039701,4.086104166666667,-182.37392053549374,3.6206298518979443,-134.07856351059,0.2,1,-10,10,400,0.7,1,eff,0.5,35,15,15
10.361951210723882,-85.94628876042776,1.6648435882347152,-290.83970148107954,4.086104166666667,-190.4384965986442,3.6206298518979443,-135.89883783864732,0.2,1,-10,10,400,0.8,0.5,eq,0.5,6.5,15,15
7.482433334471366,-89.11140995875189,1.6648435882347152,-262.49411247748674,4.086104166666667,-158.0796239400687,3.6206298518979443,-128.59504099625363,0.2,1,-10,10,400,0.8,0.5,eq,0.5,35,10,15
10.361951210723882,-83.52037815475732,1.6648435882347152,-281.931322037519,4.086104166666667,-186.32748127811053,3.6206298518979443,-134.9709309540671,0.2,1,-10,10,400,0.8,0.5,eff,1,35,15,15
10.361951210723882,-87.89424806992096,1.6648435882347152,-292.7876607905728,4.086104166666667,-192.662255901808,3.6206298518979443,-136.40076775283381,0.2,1,-10,10,400,0.8,0.5,eq,0.5,35,15,15
7.482433334471366,-86.6232159880782,1.6648435882347152,-253.52344966892298,4.086104166666667,-154.13720822607687,3.6206298518979443,-127.70518912325824,0.2,1,-10,10,400,0.8,0.5,eff,0.5,6.5,10,15
7.482433334471366,-86.6232159880782,1.6648435882347152,-260.00591850681303,4.086104166666667,-155.23914135830498,3.6206298518979443,-127.95390902820102,0.2,1,-10,10,400,0.8,0.5,eq,0.5,6.5,10,15
10.361951210723882,-87.89424806992096,1.6648435882347152,-286.30519195268266,4.086104166666667,-191.2837154173788,3.6206298518979443,-136.08961415537945,0.2,1,-10,10,400,0.8,0.5,eff,0.5,35,15,15
10.361951210723882,-83.52037815475732,1.6648435882347152,-281.931322037519,4.086104166666667,-186.32748127811053,3.6206298518979443,-134.9709309540671,0.2,1,-10,10,400,0.8,0.5,eff,1,6.5,15,15
7.482433334471366,-84.88041588240203,1.7398467296524174,-249.76527039257647,4.086104166666667,-144.6754477546719,3.6206298518979443,-125.56955303408745,0.2,1,-10,10,400,0.8,1,eq,1,6.5,10,15
10.361951210723882,-83.52037815475732,1.7398467296524174,-279.4111698235828,4.086104166666667,-178.4741954702156,3.6206298518979443,-133.19834744377857,0.2,1,-10,10,400,0.8,1,eq,1,6.5,15,15
10.361951210723882,-85.94628876042776,1.6648435882347152,-284.35723264318943,4.086104166666667,-189.07639269855324,3.6206298518979443,-135.59139418109268,0.2,1,-10,10,400,0.8,0.5,eff,0.5,6.5,15,15
7.482433334471366,-84.88041588240203,1.6648435882347152,-251.7806495632468,4.086104166666667,-152.16236088239236,3.6206298518979443,-127.25944170970638,0.2,1,-10,10,400,0.8,0.5,eff,1,6.5,10,15
7.482433334471366,-85.97479807941954,1.6648435882347152,-252.87503176026433,4.086104166666667,-153.40245592722917,3.6206298518979443,-127.53934646313559,0.2,1,-10,10,400,0.8,0.5,eff,1,35,10,15
7.482433334471366,-89.11140995875189,1.6648435882347152,-256.0116436395967,4.086104166666667,-156.95669580600398,3.6206298518979443,-128.34158226033432,0.2,1,-10,10,400,0.8,0.5,eff,0.5,35,10,15
10.361951210723882,-83.52037815475732,1.7398467296524174,-279.4111698235828,4.086104166666667,-178.4741954702156,3.6206298518979443,-133.19834744377857,0.2,1,-10,10,400,0.8,1,eq,1,35,15,15
7.482433334471366,-85.97479807941954,1.7398467296524174,-250.85965258959396,4.086104166666667,-145.92313288088096,3.6206298518979443,-125.85117096253818,0.2,1,-10,10,400,0.8,1,eq,1,35,10,15
7.482433334471366,-84.88041588240203,1.7398467296524174,-243.61345665780016,4.086104166666667,-143.86773549270706,3.6206298518979443,-125.38724241002019,0.2,1,-10,10,400,0.8,1,eff,1,6.5,10,15
10.361951210723882,-85.94628876042776,1.7398467296524174,-281.8370804292532,4.086104166666667,-181.2399317809564,3.6206298518979443,-133.82260825615055,0.2,1,-10,10,400,0.8,1,eq,0.5,6.5,15,15
7.482433334471366,-86.6232159880782,1.7398467296524174,-251.50807049825264,4.086104166666667,-146.66238227924953,3.6206298518979443,-126.0180286735133,0.2,1,-10,10,400,0.8,1,eq,0.5,6.5,10,15
10.361951210723882,-87.89424806992096,1.7398467296524174,-283.78503973874643,4.086104166666667,-183.46076456148342,3.6206298518979443,-134.32387761806697,0.2,1,-10,10,400,0.8,1,eq,0.5,35,15,15
7.482433334471366,-89.11140995875189,1.7398467296524174,-247.84445073415,4.086104166666667,-148.65669920257673,3.6206298518979443,-126.46817061143001,0.2,1,-10,10,400,0.8,1,eff,0.5,35,10,15
10.361951210723882,-83.52037815475732,1.7398467296524174,-273.2593560888065,4.086104166666667,-177.4232389889506,3.6206298518979443,-132.96113359797036,0.2,1,-10,10,400,0.8,1,eff,1,6.5,15,15
7.482433334471366,-89.11140995875189,1.7398467296524174,-253.9962644689263,4.086104166666667,-149.4991267155645,3.6206298518979443,-126.65831689601237,0.2,1,-10,10,400,0.8,1,eq,0.5,35,10,15
10.361951210723882,-83.52037815475732,1.7398467296524174,-273.2593560888065,4.086104166666667,-177.4232389889506,3.6206298518979443,-132.96113359797036,0.2,1,-10,10,400,0.8,1,eff,1,35,15,15
7.482433334471366,-85.97479807941954,1.7398467296524174,-244.70783885481768,4.086104166666667,-145.10644122733797,3.6206298518979443,-125.6668335789929,0.2,1,-10,10,400,0.8,1,eff,1,35,10,15
10.361951210723882,-83.52037815475732,1.6648435882347152,-288.41379087540906,6.129156249999999,-187.6714114100411,4.029240268564611,-140.5879335330843,0.2,1,-10,10,500,0.7,0.5,eq,1,6.5,15,15
7.482433334471366,-86.6232159880782,1.7398467296524174,-245.35625676347632,4.086104166666667,-145.84037036535844,3.6206298518979443,-125.83249044155964,0.2,1,-10,10,400,0.8,1,eff,0.5,6.5,10,15
10.361951210723882,-85.94628876042776,1.7398467296524174,-275.6852666944769,4.086104166666667,-180.16907073577397,3.6206298518979443,-133.58090170465942,0.2,1,-10,10,400,0.8,1,eff,0.5,6.5,15,15
10.361951210723882,-83.52037815475732,1.6648435882347152,-288.41379087540906,6.129156249999999,-187.6714114100411,4.029240268564611,-140.5879335330843,0.2,1,-10,10,500,0.7,0.5,eq,1,35,15,15
10.361951210723882,-87.89424806992096,1.7398467296524174,-277.6332260039701,4.086104166666667,-182.37392053549374,3.6206298518979443,-134.07856351059,0.2,1,-10,10,400,0.8,1,eff,0.5,35,15,15
7.482433334471366,-84.88041588240203,1.6648435882347152,-258.26311840113686,6.129156249999999,-153.25188422922034,4.029240268564611,-130.11634851551835,0.2,1,-10,10,500,0.7,0.5,eq,1,6.5,10,15
7.482433334471366,-86.6232159880782,1.6648435882347152,-260.00591850681303,6.129156249999999,-155.24143705456558,4.029240268564611,-130.7216378167947,0.2,1,-10,10,500,0.7,0.5,eq,0.5,6.5,10,15
7.482433334471366,-85.97479807941954,1.6648435882347152,-259.3575005981544,6.129156249999999,-154.5012135043476,4.029240268564611,-130.4964367616672,0.2,1,-10,10,500,0.7,0.5,eq,1,35,10,15
7.482433334471366,-89.11140995875189,1.6648435882347152,-262.49411247748674,6.129156249999999,-158.08191963697712,4.029240268564611,-131.58580874791704,0.2,1,-10,10,500,0.7,0.5,eq,0.5,35,10,15
10.361951210723882,-87.89424806992096,1.6648435882347152,-292.7876607905728,6.129156249999999,-192.6645515981635,4.029240268564611,-142.10701575957364,0.2,1,-10,10,500,0.7,0.5,eq,0.5,35,15,15
10.361951210723882,-83.52037815475732,1.6648435882347152,-281.931322037519,6.129156249999999,-186.3296242028076,4.029240268564611,-140.1797164549643,0.2,1,-10,10,500,0.7,0.5,eff,1,35,15,15
7.482433334471366,-84.88041588240203,1.6648435882347152,-251.7806495632468,6.129156249999999,-152.16450380816676,4.029240268564611,-129.7855305915626,0.2,1,-10,10,500,0.7,0.5,eff,1,6.5,10,15
10.361951210723882,-85.94628876042776,1.6648435882347152,-290.83970148107954,6.129156249999999,-190.44079229569775,4.029240268564611,-141.43047292178156,0.2,1,-10,10,500,0.7,0.5,eq,0.5,6.5,15,15
7.482433334471366,-85.97479807941954,1.6648435882347152,-252.87503176026433,6.129156249999999,-153.40459885203467,4.029240268564611,-130.16280947205107,0.2,1,-10,10,500,0.7,0.5,eff,1,35,10,15
7.482433334471366,-86.6232159880782,1.6648435882347152,-253.52344966892298,6.129156249999999,-154.1393511510879,4.029240268564611,-130.3863459874126,0.2,1,-10,10,500,0.7,0.5,eff,0.5,6.5,10,15
10.361951210723882,-85.94628876042776,1.6648435882347152,-284.35723264318943,6.129156249999999,-189.07853562413817,4.029240268564611,-141.01602833987192,0.2,1,-10,10,500,0.7,0.5,eff,0.5,6.5,15,15
7.482433334471366,-84.88041588240203,1.7398467296524174,-249.76527039257647,6.129156249999999,-144.67761831641502,4.029240268564611,-127.50776664867658,0.2,1,-10,10,500,0.7,1,eq,1,6.5,10,15
10.361951210723882,-87.89424806992096,1.6648435882347152,-286.30519195268266,6.129156249999999,-191.28585834223563,4.029240268564611,-141.68757061244096,0.2,1,-10,10,500,0.7,0.5,eff,0.5,35,15,15
10.361951210723882,-83.52037815475732,1.6648435882347152,-281.931322037519,6.129156249999999,-186.3296242028076,4.029240268564611,-140.1797164549643,0.2,1,-10,10,500,0.7,0.5,eff,1,6.5,15,15
7.482433334471366,-89.11140995875189,1.6648435882347152,-256.0116436395967,6.129156249999999,-156.95883873151328,4.029240268564611,-131.24412952840348,0.2,1,-10,10,500,0.7,0.5,eff,0.5,35,10,15
10.361951210723882,-83.52037815475732,1.7398467296524174,-279.4111698235828,6.129156249999999,-178.47636603112844,4.029240268564611,-137.79048954380968,0.2,1,-10,10,500,0.7,1,eq,1,6.5,15,15
7.482433334471366,-85.97479807941954,1.7398467296524174,-250.85965258959396,6.129156249999999,-145.92530344270003,4.029240268564611,-127.88735468910517,0.2,1,-10,10,500,0.7,1,eq,1,35,10,15
10.361951210723882,-83.52037815475732,1.7398467296524174,-279.4111698235828,6.129156249999999,-178.47636603112844,4.029240268564611,-137.79048954380968,0.2,1,-10,10,500,0.7,1,eq,1,35,15,15
7.482433334471366,-86.6232159880782,1.7398467296524174,-251.50807049825264,6.129156249999999,-146.66455284042564,4.029240268564611,-128.11225937407656,0.2,1,-10,10,500,0.7,1,eq,0.5,6.5,10,15
7.482433334471366,-84.88041588240203,1.7398467296524174,-243.61345665780016,6.129156249999999,-143.86976421204537,4.029240268564611,-127.2619900901767,0.2,1,-10,10,500,0.7,1,eff,1,6.5,10,15
10.361951210723882,-85.94628876042776,1.7398467296524174,-281.8370804292532,6.129156249999999,-181.2421023424856,4.029240268564611,-138.63192012966286,0.2,1,-10,10,500,0.7,1,eq,0.5,6.5,15,15
7.482433334471366,-89.11140995875189,1.7398467296524174,-253.9962644689263,6.129156249999999,-149.50129727731155,4.029240268564611,-128.97529303482102,0.2,1,-10,10,500,0.7,1,eq,0.5,35,10,15
10.361951210723882,-87.89424806992096,1.7398467296524174,-283.78503973874643,6.129156249999999,-183.4629351233092,4.029240268564611,-139.30757262053007,0.2,1,-10,10,500,0.7,1,eq,0.5,35,15,15
10.361951210723882,-83.52037815475732,1.7398467296524174,-273.2593560888065,6.129156249999999,-177.4252677081988,4.029240268564611,-137.47070986198685,0.2,1,-10,10,500,0.7,1,eff,1,6.5,15,15
10.361951210723882,-83.52037815475732,1.7398467296524174,-273.2593560888065,6.129156249999999,-177.4252677081988,4.029240268564611,-137.47070986198685,0.2,1,-10,10,500,0.7,1,eff,1,35,15,15
7.482433334471366,-89.11140995875189,1.7398467296524174,-247.84445073415,6.129156249999999,-148.65872792190027,4.029240268564611,-128.71895492209705,0.2,1,-10,10,500,0.7,1,eff,0.5,35,10,15
10.361951210723882,-85.94628876042776,1.7398467296524174,-275.6852666944769,6.129156249999999,-180.1710994550306,4.029240268564611,-138.3060848056874,0.2,1,-10,10,500,0.7,1,eff,0.5,6.5,15,15
10.361951210723882,-87.89424806992096,1.7398467296524174,-277.6332260039701,6.129156249999999,-182.37594925449923,4.029240268564611,-138.97687473271947,0.2,1,-10,10,500,0.7,1,eff,0.5,35,15,15
7.482433334471366,-86.6232159880782,1.7398467296524174,-245.35625676347632,6.129156249999999,-145.84239908439488,4.029240268564611,-127.8621323776028,0.2,1,-10,10,500,0.7,1,eff,0.5,6.5,10,15
7.482433334471366,-85.97479807941954,1.7398467296524174,-244.70783885481768,6.129156249999999,-145.10846994729815,4.029240268564611,-127.63884629596667,0.2,1,-10,10,500,0.7,1,eff,1,35,10,15
10.361951210723882,-83.52037815475732,1.6648435882347152,-288.41379087540906,6.129156249999999,-187.6714114100411,4.029240268564611,-140.5879335330843,0.2,1,-10,10,500,0.8,0.5,eq,1,6.5,15,15
10.361951210723882,-85.94628876042776,1.6648435882347152,-290.83970148107954,6.129156249999999,-190.44079229569775,4.029240268564611,-141.43047292178156,0.2,1,-10,10,500,0.8,0.5,eq,0.5,6.5,15,15
10.361951210723882,-83.52037815475732,1.6648435882347152,-281.931322037519,6.129156249999999,-186.3296242028076,4.029240268564611,-140.1797164549643,0.2,1,-10,10,500,0.8,0.5,eff,1,6.5,15,15
7.482433334471366,-84.88041588240203,1.6648435882347152,-251.7806495632468,6.129156249999999,-152.16450380816676,4.029240268564611,-129.7855305915626,0.2,1,-10,10,500,0.8,0.5,eff,1,6.5,10,15
7.482433334471366,-86.6232159880782,1.6648435882347152,-260.00591850681303,6.129156249999999,-155.24143705456558,4.029240268564611,-130.7216378167947,0.2,1,-10,10,500,0.8,0.5,eq,0.5,6.5,10,15
7.482433334471366,-84.88041588240203,1.6648435882347152,-258.26311840113686,6.129156249999999,-153.25188422922034,4.029240268564611,-130.11634851551835,0.2,1,-10,10,500,0.8,0.5,eq,1,6.5,10,15
7.482433334471366,-85.97479807941954,1.6648435882347152,-259.3575005981544,6.129156249999999,-154.5012135043476,4.029240268564611,-130.4964367616672,0.2,1,-10,10,500,0.8,0.5,eq,1,35,10,15
10.361951210723882,-87.89424806992096,1.6648435882347152,-292.7876607905728,6.129156249999999,-192.6645515981635,4.029240268564611,-142.10701575957364,0.2,1,-10,10,500,0.8,0.5,eq,0.5,35,15,15
7.482433334471366,-89.11140995875189,1.6648435882347152,-262.49411247748674,6.129156249999999,-158.08191963697712,4.029240268564611,-131.58580874791704,0.2,1,-10,10,500,0.8,0.5,eq,0.5,35,10,15
10.361951210723882,-83.52037815475732,1.6648435882347152,-288.41379087540906,6.129156249999999,-187.6714114100411,4.029240268564611,-140.5879335330843,0.2,1,-10,10,500,0.8,0.5,eq,1,35,15,15
10.361951210723882,-85.94628876042776,1.6648435882347152,-284.35723264318943,6.129156249999999,-189.07853562413817,4.029240268564611,-141.01602833987192,0.2,1,-10,10,500,0.8,0.5,eff,0.5,6.5,15,15
10.361951210723882,-83.52037815475732,1.6648435882347152,-281.931322037519,6.129156249999999,-186.3296242028076,4.029240268564611,-140.1797164549643,0.2,1,-10,10,500,0.8,0.5,eff,1,35,15,15
7.482433334471366,-85.97479807941954,1.6648435882347152,-252.87503176026433,6.129156249999999,-153.40459885203467,4.029240268564611,-130.16280947205107,0.2,1,-10,10,500,0.8,0.5,eff,1,35,10,15
7.482433334471366,-86.6232159880782,1.6648435882347152,-253.52344966892298,6.129156249999999,-154.1393511510879,4.029240268564611,-130.3863459874126,0.2,1,-10,10,500,0.8,0.5,eff,0.5,6.5,10,15
10.361951210723882,-87.89424806992096,1.6648435882347152,-286.30519195268266,6.129156249999999,-191.28585834223563,4.029240268564611,-141.68757061244096,0.2,1,-10,10,500,0.8,0.5,eff,0.5,35,15,15
7.482433334471366,-89.11140995875189,1.6648435882347152,-256.0116436395967,6.129156249999999,-156.95883873151328,4.029240268564611,-131.24412952840348,0.2,1,-10,10,500,0.8,0.5,eff,0.5,35,10,15
10.361951210723882,-83.52037815475732,1.7398467296524174,-279.4111698235828,6.129156249999999,-178.47636603112844,4.029240268564611,-137.79048954380968,0.2,1,-10,10,500,0.8,1,eq,1,6.5,15,15
10.361951210723882,-87.89424806992096,1.7398467296524174,-283.78503973874643,6.129156249999999,-183.4629351233092,4.029240268564611,-139.30757262053007,0.2,1,-10,10,500,0.8,1,eq,0.5,35,15,15
7.482433334471366,-86.6232159880782,1.7398467296524174,-251.50807049825264,6.129156249999999,-146.66455284042564,4.029240268564611,-128.11225937407656,0.2,1,-10,10,500,0.8,1,eq,0.5,6.5,10,15
10.361951210723882,-83.52037815475732,1.7398467296524174,-273.2593560888065,6.129156249999999,-177.4252677081988,4.029240268564611,-137.47070986198685,0.2,1,-10,10,500,0.8,1,eff,1,6.5,15,15
7.482433334471366,-84.88041588240203,1.7398467296524174,-249.76527039257647,6.129156249999999,-144.67761831641502,4.029240268564611,-127.50776664867658,0.2,1,-10,10,500,0.8,1,eq,1,6.5,10,15
10.361951210723882,-85.94628876042776,1.7398467296524174,-275.6852666944769,6.129156249999999,-180.1710994550306,4.029240268564611,-138.3060848056874,0.2,1,-10,10,500,0.8,1,eff,0.5,6.5,15,15
7.482433334471366,-89.11140995875189,1.7398467296524174,-247.84445073415,6.129156249999999,-148.65872792190027,4.029240268564611,-128.71895492209705,0.2,1,-10,10,500,0.8,1,eff,0.5,35,10,15
7.482433334471366,-85.97479807941954,1.7398467296524174,-244.70783885481768,6.129156249999999,-145.10846994729815,4.029240268564611,-127.63884629596667,0.2,1,-10,10,500,0.8,1,eff,1,35,10,15
10.361951210723882,-83.52037815475732,1.7398467296524174,-279.4111698235828,6.129156249999999,-178.47636603112844,4.029240268564611,-137.79048954380968,0.2,1,-10,10,500,0.8,1,eq,1,35,15,15
7.482433334471366,-89.11140995875189,1.7398467296524174,-253.9962644689263,6.129156249999999,-149.50129727731155,4.029240268564611,-128.97529303482102,0.2,1,-10,10,500,0.8,1,eq,0.5,35,10,15
7.482433334471366,-85.97479807941954,1.7398467296524174,-250.85965258959396,6.129156249999999,-145.92530344270003,4.029240268564611,-127.88735468910517,0.2,1,-10,10,500,0.8,1,eq,1,35,10,15
7.482433334471366,-84.88041588240203,1.7398467296524174,-243.61345665780016,6.129156249999999,-143.86976421204537,4.029240268564611,-127.2619900901767,0.2,1,-10,10,500,0.8,1,eff,1,6.5,10,15
10.361951210723882,-85.94628876042776,1.7398467296524174,-281.8370804292532,6.129156249999999,-181.2421023424856,4.029240268564611,-138.63192012966286,0.2,1,-10,10,500,0.8,1,eq,0.5,6.5,15,15
10.361951210723882,-83.52037815475732,1.7398467296524174,-273.2593560888065,6.129156249999999,-177.4252677081988,4.029240268564611,-137.47070986198685,0.2,1,-10,10,500,0.8,1,eff,1,35,15,15
7.482433334471366,-86.6232159880782,1.7398467296524174,-245.35625676347632,6.129156249999999,-145.84239908439488,4.029240268564611,-127.8621323776028,0.2,1,-10,10,500,0.8,1,eff,0.5,6.5,10,15
10.361951210723882,-87.89424806992096,1.7398467296524174,-277.6332260039701,6.129156249999999,-182.37594925449923,4.029240268564611,-138.97687473271947,0.2,1,-10,10,500,0.8,1,eff,0.5,35,15,15
10.361951210723882,-83.52037815475732,0.664380693404857,-429.86995907747075,2.4516625,-332.02076356836017,3.293741518564611,-151.5630933594595,0.2,3,-20,2,400,0.7,0.5,eq,1,6.5,15,15
7.482433334471366,-84.88041588240203,0.664380693404857,-399.7192866031986,2.4516625,-296.6952973606214,3.293741518564611,-146.30426413388798,0.2,3,-20,2,400,0.7,0.5,eq,1,6.5,10,15
10.361951210723882,-83.52037815475732,0.664380693404857,-429.86995907747075,2.4516625,-332.02076356836017,3.293741518564611,-151.5630933594595,0.2,3,-20,2,400,0.7,0.5,eq,1,35,15,15
7.482433334471366,-86.6232159880782,0.664380693404857,-401.4620867088748,2.4516625,-298.73721620244385,3.293741518564611,-146.6082403763662,0.2,3,-20,2,400,0.7,0.5,eq,0.5,6.5,10,15
10.361951210723882,-83.52037815475732,0.664380693404857,-413.54845266914066,2.4516625,-320.6493260895453,3.293741518564611,-149.8702509381117,0.2,3,-20,2,400,0.7,0.5,eff,1,6.5,15,15
7.482433334471366,-84.88041588240203,0.664380693404857,-383.39778019486835,2.4516625,-285.7223853591971,3.293741518564611,-144.67074937761072,0.2,3,-20,2,400,0.7,0.5,eff,1,6.5,10,15
7.482433334471366,-85.97479807941954,0.664380693404857,-400.81366880021613,2.4516625,-297.9775096024069,3.293741518564611,-146.495144423219,0.2,3,-20,2,400,0.7,0.5,eq,1,35,10,15
10.361951210723882,-85.94628876042776,0.664380693404857,-415.9743632748111,2.4516625,-323.45953326006287,3.293741518564611,-150.2886006779657,0.2,3,-20,2,400,0.7,0.5,eff,0.5,6.5,15,15
7.482433334471366,-86.6232159880782,0.664380693404857,-385.14058030054457,2.4516625,-287.7412682231553,3.293741518564611,-144.97129630162163,0.2,3,-20,2,400,0.7,0.5,eff,0.5,6.5,10,15
10.361951210723882,-87.89424806992096,0.664380693404857,-417.9223225843043,2.4516625,-325.7160752781317,3.293741518564611,-150.62452742960608,0.2,3,-20,2,400,0.7,0.5,eff,0.5,35,15,15
7.482433334471366,-85.97479807941954,0.664380693404857,-384.49216239188587,2.4516625,-286.9901322783895,3.293741518564611,-144.85947624423068,0.2,3,-20,2,400,0.7,0.5,eff,1,35,10,15
7.482433334471366,-89.11140995875189,0.664380693404857,-403.9502806795485,2.4516625,-301.6524616965744,3.293741518564611,-147.0422269546069,0.2,3,-20,2,400,0.7,0.5,eq,0.5,35,10,15
10.361951210723882,-83.52037815475732,0.664380693404857,-413.54845266914066,2.4516625,-320.6493260895453,3.293741518564611,-149.8702509381117,0.2,3,-20,2,400,0.7,0.5,eff,1,35,15,15
10.361951210723882,-85.94628876042776,0.664380693404857,-432.29586968314135,2.4516625,-334.863035929465,3.293741518564611,-151.98621657803835,0.2,3,-20,2,400,0.7,0.5,eq,0.5,6.5,15,15
10.361951210723882,-87.89424806992096,0.664380693404857,-434.2438289926345,2.4516625,-337.14532568000834,3.293741518564611,-152.3259763414565,0.2,3,-20,2,400,0.7,0.5,eq,0.5,35,15,15
7.482433334471366,-89.11140995875189,0.664380693404857,-387.6287742712182,2.4516625,-290.6236252734816,3.293741518564611,-145.40038684513078,0.2,3,-20,2,400,0.7,0.5,eff,0.5,35,10,15
10.361951210723882,-83.52037815475732,0.6968241909147566,-416.50939961443805,2.4516625,-317.2435644610391,3.293741518564611,-149.36324223560814,0.2,3,-20,2,400,0.7,1,eq,1,6.5,15,15
10.361951210723882,-83.52037815475732,0.6968241909147566,-416.50939961443805,2.4516625,-317.2435644610391,3.293741518564611,-149.36324223560814,0.2,3,-20,2,400,0.7,1,eq,1,35,15,15
7.482433334471366,-84.88041588240203,0.6968241909147566,-386.8635001834317,2.4516625,-282.55404466502773,3.293741518564611,-144.19908503945078,0.2,3,-20,2,400,0.7,1,eq,1,6.5,10,15
10.361951210723882,-85.94628876042776,0.6968241909147566,-418.9353102201085,2.4516625,-320.082192250971,3.293741518564611,-149.78582289440047,0.2,3,-20,2,400,0.7,1,eq,0.5,6.5,15,15
7.482433334471366,-85.97479807941954,0.6968241909147566,-372.3295830894832,2.4516625,-273.69018014937143,3.293741518564611,-142.87953982829004,0.2,3,-20,2,400,0.7,1,eff,1,35,10,15
10.361951210723882,-87.89424806992096,0.6968241909147566,-420.8832695296017,2.4516625,-322.36155547870845,3.293741518564611,-150.1251469924103,0.2,3,-20,2,400,0.7,1,eq,0.5,35,15,15
10.361951210723882,-83.52037815475732,0.6968241909147566,-400.881100323472,2.4516625,-306.72872594874656,3.293741518564611,-147.79791993397362,0.2,3,-20,2,400,0.7,1,eff,1,6.5,15,15
10.361951210723882,-85.94628876042776,0.6968241909147566,-403.30701092914245,2.4516625,-309.535881801032,3.293741518564611,-148.21581543038175,0.2,3,-20,2,400,0.7,1,eff,0.5,6.5,15,15
7.482433334471366,-86.6232159880782,0.6968241909147566,-388.6063002891079,2.4516625,-284.59334520600095,3.293741518564611,-144.50267150088703,0.2,3,-20,2,400,0.7,1,eq,0.5,6.5,10,15
10.361951210723882,-83.52037815475732,0.6968241909147566,-400.881100323472,2.4516625,-306.72872594874656,3.293741518564611,-147.79791993397362,0.2,3,-20,2,400,0.7,1,eff,1,35,15,15
7.482433334471366,-86.6232159880782,0.6968241909147566,-372.97800099814185,2.4516625,-274.44050051326616,3.293741518564611,-142.99123847184057,0.2,3,-20,2,400,0.7,1,eff,0.5,6.5,10,15
7.482433334471366,-84.88041588240203,0.6968241909147566,-371.2352008924657,2.4516625,-272.423809748952,3.293741518564611,-142.691017881178,0.2,3,-20,2,400,0.7,1,eff,1,6.5,10,15
7.482433334471366,-85.97479807941954,0.6968241909147566,-387.9578823804492,2.4516625,-283.8346127588731,3.293741518564611,-144.38972056787236,0.2,3,-20,2,400,0.7,1,eq,1,35,10,15
7.482433334471366,-89.11140995875189,0.6968241909147566,-391.0944942597815,2.4516625,-287.50485255415714,3.293741518564611,-144.9361015890537,0.2,3,-20,2,400,0.7,1,eq,0.5,35,10,15
10.361951210723882,-87.89424806992096,0.6968241909147566,-405.2549702386357,2.4516625,-311.789973669254,3.293741518564611,-148.55137743327285,0.2,3,-20,2,400,0.7,1,eff,0.5,35,15,15
7.482433334471366,-89.11140995875189,0.6968241909147566,-375.46619496881556,2.4516625,-277.3197279024047,3.293741518564611,-143.41986310914967,0.2,3,-20,2,400,0.7,1,eff,0.5,35,10,15
7.482433334471366,-84.88041588240203,0.664380693404857,-399.7192866031986,2.4516625,-296.6952973606214,3.293741518564611,-146.30426413388798,0.2,3,-20,2,400,0.8,0.5,eq,1,6.5,10,15
10.361951210723882,-83.52037815475732,0.664380693404857,-429.86995907747075,2.4516625,-332.02076356836017,3.293741518564611,-151.5630933594595,0.2,3,-20,2,400,0.8,0.5,eq,1,35,15,15
10.361951210723882,-83.52037815475732,0.664380693404857,-429.86995907747075,2.4516625,-332.02076356836017,3.293741518564611,-151.5630933594595,0.2,3,-20,2,400,0.8,0.5,eq,1,6.5,15,15
7.482433334471366,-86.6232159880782,0.664380693404857,-401.4620867088748,2.4516625,-298.73721620244385,3.293741518564611,-146.6082403763662,0.2,3,-20,2,400,0.8,0.5,eq,0.5,6.5,10,15
10.361951210723882,-83.52037815475732,0.664380693404857,-413.54845266914066,2.4516625,-320.6493260895453,3.293741518564611,-149.8702509381117,0.2,3,-20,2,400,0.8,0.5,eff,1,6.5,15,15
7.482433334471366,-89.11140995875189,0.664380693404857,-403.9502806795485,2.4516625,-301.6524616965744,3.293741518564611,-147.0422269546069,0.2,3,-20,2,400,0.8,0.5,eq,0.5,35,10,15
10.361951210723882,-87.89424806992096,0.664380693404857,-434.2438289926345,2.4516625,-337.14532568000834,3.293741518564611,-152.3259763414565,0.2,3,-20,2,400,0.8,0.5,eq,0.5,35,15,15
7.482433334471366,-85.97479807941954,0.664380693404857,-400.81366880021613,2.4516625,-297.9775096024069,3.293741518564611,-146.495144423219,0.2,3,-20,2,400,0.8,0.5,eq,1,35,10,15
10.361951210723882,-85.94628876042776,0.664380693404857,-432.29586968314135,2.4516625,-334.863035929465,3.293741518564611,-151.98621657803835,0.2,3,-20,2,400,0.8,0.5,eq,0.5,6.5,15,15
10.361951210723882,-83.52037815475732,0.664380693404857,-413.54845266914066,2.4516625,-320.6493260895453,3.293741518564611,-149.8702509381117,0.2,3,-20,2,400,0.8,0.5,eff,1,35,15,15
10.361951210723882,-87.89424806992096,0.664380693404857,-417.9223225843043,2.4516625,-325.7160752781317,3.293741518564611,-150.62452742960608,0.2,3,-20,2,400,0.8,0.5,eff,0.5,35,15,15
7.482433334471366,-85.97479807941954,0.664380693404857,-384.49216239188587,2.4516625,-286.9901322783895,3.293741518564611,-144.85947624423068,0.2,3,-20,2,400,0.8,0.5,eff,1,35,10,15
7.482433334471366,-86.6232159880782,0.664380693404857,-385.14058030054457,2.4516625,-287.7412682231553,3.293741518564611,-144.97129630162163,0.2,3,-20,2,400,0.8,0.5,eff,0.5,6.5,10,15
7.482433334471366,-84.88041588240203,0.664380693404857,-383.39778019486835,2.4516625,-285.7223853591971,3.293741518564611,-144.67074937761072,0.2,3,-20,2,400,0.8,0.5,eff,1,6.5,10,15
10.361951210723882,-85.94628876042776,0.664380693404857,-415.9743632748111,2.4516625,-323.45953326006287,3.293741518564611,-150.2886006779657,0.2,3,-20,2,400,0.8,0.5,eff,0.5,6.5,15,15
7.482433334471366,-89.11140995875189,0.664380693404857,-387.6287742712182,2.4516625,-290.6236252734816,3.293741518564611,-145.40038684513078,0.2,3,-20,2,400,0.8,0.5,eff,0.5,35,10,15
10.361951210723882,-83.52037815475732,0.6968241909147566,-416.50939961443805,2.4516625,-317.2435644610391,3.293741518564611,-149.36324223560814,0.2,3,-20,2,400,0.8,1,eq,1,6.5,15,15
7.482433334471366,-84.88041588240203,0.6968241909147566,-386.8635001834317,2.4516625,-282.55404466502773,3.293741518564611,-144.19908503945078,0.2,3,-20,2,400,0.8,1,eq,1,6.5,10,15
7.482433334471366,-89.11140995875189,0.6968241909147566,-391.0944942597815,2.4516625,-287.50485255415714,3.293741518564611,-144.9361015890537,0.2,3,-20,2,400,0.8,1,eq,0.5,35,10,15
10.361951210723882,-83.52037815475732,0.6968241909147566,-416.50939961443805,2.4516625,-317.2435644610391,3.293741518564611,-149.36324223560814,0.2,3,-20,2,400,0.8,1,eq,1,35,15,15
7.482433334471366,-85.97479807941954,0.6968241909147566,-387.9578823804492,2.4516625,-283.8346127588731,3.293741518564611,-144.38972056787236,0.2,3,-20,2,400,0.8,1,eq,1,35,10,15
10.361951210723882,-85.94628876042776,0.6968241909147566,-418.9353102201085,2.4516625,-320.082192250971,3.293741518564611,-149.78582289440047,0.2,3,-20,2,400,0.8,1,eq,0.5,6.5,15,15
10.361951210723882,-83.52037815475732,0.6968241909147566,-400.881100323472,2.4516625,-306.72872594874656,3.293741518564611,-147.79791993397362,0.2,3,-20,2,400,0.8,1,eff,1,6.5,15,15
7.482433334471366,-86.6232159880782,0.6968241909147566,-388.6063002891079,2.4516625,-284.59334520600095,3.293741518564611,-144.50267150088703,0.2,3,-20,2,400,0.8,1,eq,0.5,6.5,10,15
10.361951210723882,-87.89424806992096,0.6968241909147566,-420.8832695296017,2.4516625,-322.36155547870845,3.293741518564611,-150.1251469924103,0.2,3,-20,2,400,0.8,1,eq,0.5,35,15,15
7.482433334471366,-84.88041588240203,0.6968241909147566,-371.2352008924657,2.4516625,-272.423809748952,3.293741518564611,-142.691017881178,0.2,3,-20,2,400,0.8,1,eff,1,6.5,10,15
10.361951210723882,-83.52037815475732,0.6968241909147566,-400.881100323472,2.4516625,-306.72872594874656,3.293741518564611,-147.79791993397362,0.2,3,-20,2,400,0.8,1,eff,1,35,15,15
7.482433334471366,-85.97479807941954,0.6968241909147566,-372.3295830894832,2.4516625,-273.69018014937143,3.293741518564611,-142.87953982829004,0.2,3,-20,2,400,0.8,1,eff,1,35,10,15
7.482433334471366,-86.6232159880782,0.6968241909147566,-372.97800099814185,2.4516625,-274.44050051326616,3.293741518564611,-142.99123847184057,0.2,3,-20,2,400,0.8,1,eff,0.5,6.5,10,15
7.482433334471366,-85.97479807941954,0.664380693404857,-400.81366880021613,3.6774937499999996,-297.9789410164764,3.538907768564611,-156.98974293897373,0.2,3,-20,2,500,0.7,0.5,eq,1,35,10,15
10.361951210723882,-85.94628876042776,0.6968241909147566,-403.30701092914245,2.4516625,-309.535881801032,3.293741518564611,-148.21581543038175,0.2,3,-20,2,400,0.8,1,eff,0.5,6.5,15,15
10.361951210723882,-87.89424806992096,0.6968241909147566,-405.2549702386357,2.4516625,-311.789973669254,3.293741518564611,-148.55137743327285,0.2,3,-20,2,400,0.8,1,eff,0.5,35,15,15
7.482433334471366,-84.88041588240203,0.664380693404857,-399.7192866031986,3.6774937499999996,-296.6967287746837,3.538907768564611,-156.7232580338146,0.2,3,-20,2,500,0.7,0.5,eq,1,6.5,10,15
7.482433334471366,-89.11140995875189,0.6968241909147566,-375.46619496881556,2.4516625,-277.3197279024047,3.293741518564611,-143.41986310914967,0.2,3,-20,2,400,0.8,1,eff,0.5,35,10,15
10.361951210723882,-83.52037815475732,0.664380693404857,-429.86995907747075,3.6774937499999996,-332.02219498238253,3.538907768564611,-164.06502502467,0.2,3,-20,2,500,0.7,0.5,eq,1,35,15,15
10.361951210723882,-83.52037815475732,0.664380693404857,-429.86995907747075,3.6774937499999996,-332.02219498238253,3.538907768564611,-164.06502502467,0.2,3,-20,2,500,0.7,0.5,eq,1,6.5,15,15
10.361951210723882,-85.94628876042776,0.664380693404857,-432.29586968314135,3.6774937499999996,-334.86446734401017,3.538907768564611,-164.65574055212917,0.2,3,-20,2,500,0.7,0.5,eq,0.5,6.5,15,15
7.482433334471366,-86.6232159880782,0.664380693404857,-401.4620867088748,3.6774937499999996,-298.73864761650293,3.538907768564611,-157.14763438210477,0.2,3,-20,2,500,0.7,0.5,eq,0.5,6.5,10,15
7.482433334471366,-89.11140995875189,0.664380693404857,-403.9502806795485,3.6774937499999996,-301.6538931112023,3.538907768564611,-157.75351607146115,0.2,3,-20,2,500,0.7,0.5,eq,0.5,35,10,15
10.361951210723882,-87.89424806992096,0.664380693404857,-434.2438289926345,3.6774937499999996,-337.1467570967113,3.538907768564611,-165.13007369953692,0.2,3,-20,2,500,0.7,0.5,eq,0.5,35,15,15
10.361951210723882,-83.52037815475732,0.664380693404857,-413.54845266914066,3.6774937499999996,-320.6506323622083,3.538907768564611,-161.70164890987593,0.2,3,-20,2,500,0.7,0.5,eff,1,6.5,15,15
7.482433334471366,-84.88041588240203,0.664380693404857,-383.39778019486835,3.6774937499999996,-285.7236916316733,3.538907768564611,-154.44270831899064,0.2,3,-20,2,500,0.7,0.5,eff,1,6.5,10,15
7.482433334471366,-89.11140995875189,0.664380693404857,-387.6287742712182,3.6774937499999996,-290.6249315435324,3.538907768564611,-155.46134346417406,0.2,3,-20,2,500,0.7,0.5,eff,0.5,35,10,15
7.482433334471366,-85.97479807941954,0.664380693404857,-384.49216239188587,3.6774937499999996,-286.99143855184093,3.538907768564611,-154.7061868655023,0.2,3,-20,2,500,0.7,0.5,eff,1,35,10,15
10.361951210723882,-83.52037815475732,0.664380693404857,-413.54845266914066,3.6774937499999996,-320.6506323622083,3.538907768564611,-161.70164890987593,0.2,3,-20,2,500,0.7,0.5,eff,1,35,15,15
10.361951210723882,-87.89424806992096,0.664380693404857,-417.9223225843043,3.6774937499999996,-325.7173815508425,3.538907768564611,-162.75468220108135,0.2,3,-20,2,500,0.7,0.5,eff,0.5,35,15,15
10.361951210723882,-85.94628876042776,0.664380693404857,-415.9743632748111,3.6774937499999996,-323.4608395297912,3.538907768564611,-162.28570025966192,0.2,3,-20,2,500,0.7,0.5,eff,0.5,6.5,15,15
7.482433334471366,-84.88041588240203,0.6968241909147566,-386.8635001834317,3.6774937499999996,-282.55539575316357,3.538907768564611,-153.7842346286127,0.2,3,-20,2,500,0.7,1,eq,1,6.5,10,15
7.482433334471366,-86.6232159880782,0.664380693404857,-385.14058030054457,3.6774937499999996,-287.74257449559485,3.538907768564611,-154.86229705085896,0.2,3,-20,2,500,0.7,0.5,eff,0.5,6.5,10,15
7.482433334471366,-85.97479807941954,0.6968241909147566,-387.9578823804492,3.6774937499999996,-283.835963847002,3.538907768564611,-154.0503778269956,0.2,3,-20,2,500,0.7,1,eq,1,35,10,15
10.361951210723882,-83.52037815475732,0.6968241909147566,-416.50939961443805,3.6774937499999996,-317.24491554923395,3.538907768564611,-160.99383152027136,0.2,3,-20,2,500,0.7,1,eq,1,6.5,15,15
10.361951210723882,-85.94628876042776,0.6968241909147566,-418.9353102201085,3.6774937499999996,-320.08354333840487,3.538907768564611,-161.58378958846288,0.2,3,-20,2,500,0.7,1,eq,0.5,6.5,15,15
7.482433334471366,-86.6232159880782,0.6968241909147566,-388.6063002891079,3.6774937499999996,-284.59469629655354,3.538907768564611,-154.2080668103556,0.2,3,-20,2,500,0.7,1,eq,0.5,6.5,10,15
10.361951210723882,-87.89424806992096,0.6968241909147566,-420.8832695296017,3.6774937499999996,-322.3629065668842,3.538907768564611,-162.05751451009954,0.2,3,-20,2,500,0.7,1,eq,0.5,35,15,15
10.361951210723882,-83.52037815475732,0.6968241909147566,-416.50939961443805,3.6774937499999996,-317.24491554923395,3.538907768564611,-160.99383152027136,0.2,3,-20,2,500,0.7,1,eq,1,35,15,15
7.482433334471366,-89.11140995875189,0.6968241909147566,-391.0944942597815,3.6774937499999996,-287.50620364246066,3.538907768564611,-154.81317159227515,0.2,3,-20,2,500,0.7,1,eq,0.5,35,10,15
10.361951210723882,-83.52037815475732,0.6968241909147566,-400.881100323472,3.6774937499999996,-306.7299601736592,3.538907768564611,-158.80848591625818,0.2,3,-20,2,500,0.7,1,eff,1,35,15,15
10.361951210723882,-83.52037815475732,0.6968241909147566,-400.881100323472,3.6774937499999996,-306.7299601736592,3.538907768564611,-158.80848591625818,0.2,3,-20,2,500,0.7,1,eff,1,6.5,15,15
7.482433334471366,-86.6232159880782,0.6968241909147566,-372.97800099814185,3.6774937499999996,-274.4417347358509,3.538907768564611,-152.09795515301693,0.2,3,-20,2,500,0.7,1,eff,0.5,6.5,10,15
10.361951210723882,-87.89424806992096,0.6968241909147566,-405.2549702386357,3.6774937499999996,-311.79120789428185,3.538907768564611,-159.86037582563205,0.2,3,-20,2,500,0.7,1,eff,0.5,35,15,15
7.482433334471366,-84.88041588240203,0.6968241909147566,-371.2352008924657,3.6774937499999996,-272.4250439720793,3.538907768564611,-151.6788220099985,0.2,3,-20,2,500,0.7,1,eff,1,6.5,10,15
7.482433334471366,-85.97479807941954,0.6968241909147566,-372.3295830894832,3.6774937499999996,-273.69141437479385,3.538907768564611,-151.94201447195167,0.2,3,-20,2,500,0.7,1,eff,1,35,10,15
10.361951210723882,-85.94628876042776,0.6968241909147566,-403.30701092914245,3.6774937499999996,-309.53711602505393,3.538907768564611,-159.39190310449237,0.2,3,-20,2,500,0.7,1,eff,0.5,6.5,15,15
7.482433334471366,-89.11140995875189,0.6968241909147566,-375.46619496881556,3.6774937499999996,-277.32096212781613,3.538907768564611,-152.69635112325574,0.2,3,-20,2,500,0.7,1,eff,0.5,35,10,15
7.482433334471366,-84.88041588240203,0.664380693404857,-399.7192866031986,3.6774937499999996,-296.6967287746837,3.538907768564611,-156.7232580338146,0.2,3,-20,2,500,0.8,0.5,eq,1,6.5,10,15
10.361951210723882,-83.52037815475732,0.664380693404857,-429.86995907747075,3.6774937499999996,-332.02219498238253,3.538907768564611,-164.06502502467,0.2,3,-20,2,500,0.8,0.5,eq,1,35,15,15
10.361951210723882,-85.94628876042776,0.664380693404857,-432.29586968314135,3.6774937499999996,-334.86446734401017,3.538907768564611,-164.65574055212917,0.2,3,-20,2,500,0.8,0.5,eq,0.5,6.5,15,15
7.482433334471366,-85.97479807941954,0.664380693404857,-400.81366880021613,3.6774937499999996,-297.9789410164764,3.538907768564611,-156.98974293897373,0.2,3,-20,2,500,0.8,0.5,eq,1,35,10,15
10.361951210723882,-83.52037815475732,0.664380693404857,-429.86995907747075,3.6774937499999996,-332.02219498238253,3.538907768564611,-164.06502502467,0.2,3,-20,2,500,0.8,0.5,eq,1,6.5,15,15
10.361951210723882,-87.89424806992096,0.664380693404857,-434.2438289926345,3.6774937499999996,-337.1467570967113,3.538907768564611,-165.13007369953692,0.2,3,-20,2,500,0.8,0.5,eq,0.5,35,15,15
7.482433334471366,-86.6232159880782,0.664380693404857,-401.4620867088748,3.6774937499999996,-298.73864761650293,3.538907768564611,-157.14763438210477,0.2,3,-20,2,500,0.8,0.5,eq,0.5,6.5,10,15
7.482433334471366,-84.88041588240203,0.664380693404857,-383.39778019486835,3.6774937499999996,-285.7236916316733,3.538907768564611,-154.44270831899064,0.2,3,-20,2,500,0.8,0.5,eff,1,6.5,10,15
7.482433334471366,-89.11140995875189,0.664380693404857,-403.9502806795485,3.6774937499999996,-301.6538931112023,3.538907768564611,-157.75351607146115,0.2,3,-20,2,500,0.8,0.5,eq,0.5,35,10,15
10.361951210723882,-85.94628876042776,0.664380693404857,-415.9743632748111,3.6774937499999996,-323.4608395297912,3.538907768564611,-162.28570025966192,0.2,3,-20,2,500,0.8,0.5,eff,0.5,6.5,15,15
10.361951210723882,-83.52037815475732,0.664380693404857,-413.54845266914066,3.6774937499999996,-320.6506323622083,3.538907768564611,-161.70164890987593,0.2,3,-20,2,500,0.8,0.5,eff,1,35,15,15
10.361951210723882,-87.89424806992096,0.664380693404857,-417.9223225843043,3.6774937499999996,-325.7173815508425,3.538907768564611,-162.75468220108135,0.2,3,-20,2,500,0.8,0.5,eff,0.5,35,15,15
7.482433334471366,-85.97479807941954,0.664380693404857,-384.49216239188587,3.6774937499999996,-286.99143855184093,3.538907768564611,-154.7061868655023,0.2,3,-20,2,500,0.8,0.5,eff,1,35,10,15
7.482433334471366,-86.6232159880782,0.664380693404857,-385.14058030054457,3.6774937499999996,-287.74257449559485,3.538907768564611,-154.86229705085896,0.2,3,-20,2,500,0.8,0.5,eff,0.5,6.5,10,15
10.361951210723882,-83.52037815475732,0.664380693404857,-413.54845266914066,3.6774937499999996,-320.6506323622083,3.538907768564611,-161.70164890987593,0.2,3,-20,2,500,0.8,0.5,eff,1,6.5,15,15
10.361951210723882,-85.94628876042776,0.6968241909147566,-418.9353102201085,3.6774937499999996,-320.08354333840487,3.538907768564611,-161.58378958846288,0.2,3,-20,2,500,0.8,1,eq,0.5,6.5,15,15
10.361951210723882,-83.52037815475732,0.6968241909147566,-416.50939961443805,3.6774937499999996,-317.24491554923395,3.538907768564611,-160.99383152027136,0.2,3,-20,2,500,0.8,1,eq,1,6.5,15,15
7.482433334471366,-85.97479807941954,0.6968241909147566,-387.9578823804492,3.6774937499999996,-283.835963847002,3.538907768564611,-154.0503778269956,0.2,3,-20,2,500,0.8,1,eq,1,35,10,15
7.482433334471366,-89.11140995875189,0.664380693404857,-387.6287742712182,3.6774937499999996,-290.6249315435324,3.538907768564611,-155.46134346417406,0.2,3,-20,2,500,0.8,0.5,eff,0.5,35,10,15
7.482433334471366,-84.88041588240203,0.6968241909147566,-386.8635001834317,3.6774937499999996,-282.55539575316357,3.538907768564611,-153.7842346286127,0.2,3,-20,2,500,0.8,1,eq,1,6.5,10,15
10.361951210723882,-83.52037815475732,0.6968241909147566,-416.50939961443805,3.6774937499999996,-317.24491554923395,3.538907768564611,-160.99383152027136,0.2,3,-20,2,500,0.8,1,eq,1,35,15,15
7.482433334471366,-86.6232159880782,0.6968241909147566,-388.6063002891079,3.6774937499999996,-284.59469629655354,3.538907768564611,-154.2080668103556,0.2,3,-20,2,500,0.8,1,eq,0.5,6.5,10,15
10.361951210723882,-87.89424806992096,0.6968241909147566,-420.8832695296017,3.6774937499999996,-322.3629065668842,3.538907768564611,-162.05751451009954,0.2,3,-20,2,500,0.8,1,eq,0.5,35,15,15
10.361951210723882,-83.52037815475732,0.6968241909147566,-400.881100323472,3.6774937499999996,-306.7299601736592,3.538907768564611,-158.80848591625818,0.2,3,-20,2,500,0.8,1,eff,1,6.5,15,15
7.482433334471366,-89.11140995875189,0.6968241909147566,-391.0944942597815,3.6774937499999996,-287.50620364246066,3.538907768564611,-154.81317159227515,0.2,3,-20,2,500,0.8,1,eq,0.5,35,10,15
7.482433334471366,-84.88041588240203,0.6968241909147566,-371.2352008924657,3.6774937499999996,-272.4250439720793,3.538907768564611,-151.6788220099985,0.2,3,-20,2,500,0.8,1,eff,1,6.5,10,15
7.482433334471366,-86.6232159880782,0.6968241909147566,-372.97800099814185,3.6774937499999996,-274.4417347358509,3.538907768564611,-152.09795515301693,0.2,3,-20,2,500,0.8,1,eff,0.5,6.5,10,15
7.482433334471366,-85.97479807941954,0.6968241909147566,-372.3295830894832,3.6774937499999996,-273.69141437479385,3.538907768564611,-151.94201447195167,0.2,3,-20,2,500,0.8,1,eff,1,35,10,15
10.361951210723882,-87.89424806992096,0.6968241909147566,-405.2549702386357,3.6774937499999996,-311.79120789428185,3.538907768564611,-159.86037582563205,0.2,3,-20,2,500,0.8,1,eff,0.5,35,15,15
10.361951210723882,-83.52037815475732,0.6968241909147566,-400.881100323472,3.6774937499999996,-306.7299601736592,3.538907768564611,-158.80848591625818,0.2,3,-20,2,500,0.8,1,eff,1,35,15,15
10.361951210723882,-85.94628876042776,0.6968241909147566,-403.30701092914245,3.6774937499999996,-309.53711602505393,3.538907768564611,-159.39190310449237,0.2,3,-20,2,500,0.8,1,eff,0.5,6.5,15,15
10.361951210723882,-83.52037815475732,0.664380693404857,-429.86995907747075,12.2583125,-332.03221488858276,5.255071518564611,-218.91995345788717,0.2,3,-20,10,400,0.7,0.5,eq,1,6.5,15,15
10.361951210723882,-83.52037815475732,0.664380693404857,-429.86995907747075,12.2583125,-332.03221488858276,5.255071518564611,-218.91995345788717,0.2,3,-20,10,400,0.7,0.5,eq,1,35,15,15
7.482433334471366,-89.11140995875189,0.6968241909147566,-375.46619496881556,3.6774937499999996,-277.32096212781613,3.538907768564611,-152.69635112325574,0.2,3,-20,2,500,0.8,1,eff,0.5,35,10,15
7.482433334471366,-85.97479807941954,0.664380693404857,-400.81366880021613,12.2583125,-297.98896092223237,5.255071518564611,-203.03766359134022,0.2,3,-20,10,400,0.7,0.5,eq,1,35,10,15
7.482433334471366,-84.88041588240203,0.664380693404857,-399.7192866031986,12.2583125,-296.7067486813318,5.255071518564611,-202.43946970245574,0.2,3,-20,10,400,0.7,0.5,eq,1,6.5,10,15
7.482433334471366,-89.11140995875189,0.664380693404857,-403.9502806795485,12.2583125,-301.66391301697627,5.255071518564611,-204.7521487716374,0.2,3,-20,10,400,0.7,0.5,eq,0.5,35,10,15
10.361951210723882,-87.89424806992096,0.664380693404857,-434.2438289926345,12.2583125,-337.15677700300745,5.255071518564611,-221.31072905827088,0.2,3,-20,10,400,0.7,0.5,eq,0.5,35,15,15
10.361951210723882,-85.94628876042776,0.664380693404857,-432.29586968314135,12.2583125,-334.8744872502754,5.255071518564611,-220.24596634645232,0.2,3,-20,10,400,0.7,0.5,eq,0.5,6.5,15,15
10.361951210723882,-83.52037815475732,0.664380693404857,-413.54845266914066,12.2583125,-320.65977627212357,5.255071518564611,-213.61433940657903,0.2,3,-20,10,400,0.7,0.5,eff,1,6.5,15,15
7.482433334471366,-86.6232159880782,0.664380693404857,-401.4620867088748,12.2583125,-298.7486675253473,5.255071518564611,-203.39209153457182,0.2,3,-20,10,400,0.7,0.5,eq,0.5,6.5,10,15
7.482433334471366,-84.88041588240203,0.664380693404857,-383.39778019486835,12.2583125,-285.7328355444835,5.255071518564611,-197.31978080367995,0.2,3,-20,10,400,0.7,0.5,eff,1,6.5,10,15
10.361951210723882,-83.52037815475732,0.664380693404857,-413.54845266914066,12.2583125,-320.65977627212357,5.255071518564611,-213.61433940657903,0.2,3,-20,10,400,0.7,0.5,eff,1,35,15,15
7.482433334471366,-85.97479807941954,0.664380693404857,-384.49216239188587,12.2583125,-287.0005824612522,5.255071518564611,-197.911226146403,0.2,3,-20,10,400,0.7,0.5,eff,1,35,10,15
7.482433334471366,-89.11140995875189,0.664380693404857,-387.6287742712182,12.2583125,-290.63407545617775,5.255071518564611,-199.60636930253372,0.2,3,-20,10,400,0.7,0.5,eff,0.5,35,10,15
10.361951210723882,-83.52037815475732,0.6968241909147566,-416.50939961443805,12.2583125,-317.25437317222526,5.255071518564611,-212.02560763615307,0.2,3,-20,10,400,0.7,1,eq,1,35,15,15
7.482433334471366,-86.6232159880782,0.664380693404857,-385.14058030054457,12.2583125,-287.7517184084147,5.255071518564611,-198.26165559870535,0.2,3,-20,10,400,0.7,0.5,eff,0.5,6.5,10,15
10.361951210723882,-87.89424806992096,0.664380693404857,-417.9223225843043,12.2583125,-325.72652546083543,5.255071518564611,-215.97814338888222,0.2,3,-20,10,400,0.7,0.5,eff,0.5,35,15,15
10.361951210723882,-85.94628876042776,0.664380693404857,-415.9743632748111,12.2583125,-323.4699834426316,5.255071518564611,-214.92539283617106,0.2,3,-20,10,400,0.7,0.5,eff,0.5,6.5,15,15
7.482433334471366,-85.97479807941954,0.6968241909147566,-387.9578823804492,12.2583125,-283.84542146683,5.255071518564611,-196.4392404913724,0.2,3,-20,10,400,0.7,1,eq,1,35,10,15
7.482433334471366,-84.88041588240203,0.6968241909147566,-386.8635001834317,12.2583125,-282.56485337622377,5.255071518564611,-195.8418136522998,0.2,3,-20,10,400,0.7,1,eq,1,6.5,10,15
10.361951210723882,-83.52037815475732,0.6968241909147566,-416.50939961443805,12.2583125,-317.25437317222526,5.255071518564611,-212.02560763615307,0.2,3,-20,10,400,0.7,1,eq,1,6.5,15,15
10.361951210723882,-87.89424806992096,0.6968241909147566,-420.8832695296017,12.2583125,-322.3723641872225,5.255071518564611,-214.41331760403438,0.2,3,-20,10,400,0.7,1,eq,0.5,35,15,15
10.361951210723882,-85.94628876042776,0.6968241909147566,-418.9353102201085,12.2583125,-320.0930009621606,5.255071518564611,-213.3499202129576,0.2,3,-20,10,400,0.7,1,eq,0.5,6.5,15,15
7.482433334471366,-89.11140995875189,0.6968241909147566,-391.0944942597815,12.2583125,-287.51566126360115,5.255071518564611,-198.15152723075613,0.2,3,-20,10,400,0.7,1,eq,0.5,35,10,15
7.482433334471366,-86.6232159880782,0.6968241909147566,-388.6063002891079,12.2583125,-284.6041539163908,5.255071518564611,-196.79321396015393,0.2,3,-20,10,400,0.7,1,eq,0.5,6.5,10,15
10.361951210723882,-83.52037815475732,0.6968241909147566,-400.881100323472,12.2583125,-306.7385997405377,5.255071518564611,-207.1196558731966,0.2,3,-20,10,400,0.7,1,eff,1,6.5,15,15
7.482433334471366,-84.88041588240203,0.6968241909147566,-371.2352008924657,12.2583125,-272.43368353802526,5.255071518564611,-191.11529202729517,0.2,3,-20,10,400,0.7,1,eff,1,6.5,10,15
10.361951210723882,-83.52037815475732,0.664380693404857,-429.86995907747075,12.2583125,-332.03221488858276,5.255071518564611,-218.91995345788717,0.2,3,-20,10,400,0.8,0.5,eq,1,6.5,15,15
10.361951210723882,-83.52037815475732,0.6968241909147566,-400.881100323472,12.2583125,-306.7385997405377,5.255071518564611,-207.1196558731966,0.2,3,-20,10,400,0.7,1,eff,1,35,15,15
7.482433334471366,-85.97479807941954,0.6968241909147566,-372.3295830894832,12.2583125,-273.7000539397148,5.255071518564611,-191.7060951807753,0.2,3,-20,10,400,0.7,1,eff,1,35,10,15
7.482433334471366,-89.11140995875189,0.6968241909147566,-375.46619496881556,12.2583125,-277.32960169161504,5.255071518564611,-193.39939775217863,0.2,3,-20,10,400,0.7,1,eff,0.5,35,10,15
10.361951210723882,-87.89424806992096,0.6968241909147566,-405.2549702386357,12.2583125,-311.7998474612754,5.255071518564611,-209.48089324100562,0.2,3,-20,10,400,0.7,1,eff,0.5,35,15,15
7.482433334471366,-86.6232159880782,0.6968241909147566,-372.97800099814185,12.2583125,-274.4503743015295,5.255071518564611,-192.05614413587492,0.2,3,-20,10,400,0.7,1,eff,0.5,6.5,10,15
7.482433334471366,-84.88041588240203,0.664380693404857,-399.7192866031986,12.2583125,-296.7067486813318,5.255071518564611,-202.43946970245574,0.2,3,-20,10,400,0.8,0.5,eq,1,6.5,10,15
10.361951210723882,-85.94628876042776,0.6968241909147566,-403.30701092914245,12.2583125,-309.54575559007384,5.255071518564611,-208.42928576189556,0.2,3,-20,10,400,0.7,1,eff,0.5,6.5,15,15
10.361951210723882,-83.52037815475732,0.664380693404857,-429.86995907747075,12.2583125,-332.03221488858276,5.255071518564611,-218.91995345788717,0.2,3,-20,10,400,0.8,0.5,eq,1,35,15,15
7.482433334471366,-86.6232159880782,0.664380693404857,-401.4620867088748,12.2583125,-298.7486675253473,5.255071518564611,-203.39209153457182,0.2,3,-20,10,400,0.8,0.5,eq,0.5,6.5,10,15
10.361951210723882,-87.89424806992096,0.664380693404857,-434.2438289926345,12.2583125,-337.15677700300745,5.255071518564611,-221.31072905827088,0.2,3,-20,10,400,0.8,0.5,eq,0.5,35,15,15
7.482433334471366,-85.97479807941954,0.664380693404857,-400.81366880021613,12.2583125,-297.98896092223237,5.255071518564611,-203.03766359134022,0.2,3,-20,10,400,0.8,0.5,eq,1,35,10,15
7.482433334471366,-89.11140995875189,0.664380693404857,-403.9502806795485,12.2583125,-301.66391301697627,5.255071518564611,-204.7521487716374,0.2,3,-20,10,400,0.8,0.5,eq,0.5,35,10,15
10.361951210723882,-85.94628876042776,0.664380693404857,-432.29586968314135,12.2583125,-334.8744872502754,5.255071518564611,-220.24596634645232,0.2,3,-20,10,400,0.8,0.5,eq,0.5,6.5,15,15
7.482433334471366,-84.88041588240203,0.664380693404857,-383.39778019486835,12.2583125,-285.7328355444835,5.255071518564611,-197.31978080367995,0.2,3,-20,10,400,0.8,0.5,eff,1,6.5,10,15
10.361951210723882,-83.52037815475732,0.664380693404857,-413.54845266914066,12.2583125,-320.65977627212357,5.255071518564611,-213.61433940657903,0.2,3,-20,10,400,0.8,0.5,eff,1,6.5,15,15
7.482433334471366,-85.97479807941954,0.664380693404857,-384.49216239188587,12.2583125,-287.0005824612522,5.255071518564611,-197.911226146403,0.2,3,-20,10,400,0.8,0.5,eff,1,35,10,15
10.361951210723882,-83.52037815475732,0.664380693404857,-413.54845266914066,12.2583125,-320.65977627212357,5.255071518564611,-213.61433940657903,0.2,3,-20,10,400,0.8,0.5,eff,1,35,15,15
10.361951210723882,-85.94628876042776,0.664380693404857,-415.9743632748111,12.2583125,-323.4699834426316,5.255071518564611,-214.92539283617106,0.2,3,-20,10,400,0.8,0.5,eff,0.5,6.5,15,15
7.482433334471366,-86.6232159880782,0.664380693404857,-385.14058030054457,12.2583125,-287.7517184084147,5.255071518564611,-198.26165559870535,0.2,3,-20,10,400,0.8,0.5,eff,0.5,6.5,10,15
10.361951210723882,-87.89424806992096,0.664380693404857,-417.9223225843043,12.2583125,-325.72652546083543,5.255071518564611,-215.97814338888222,0.2,3,-20,10,400,0.8,0.5,eff,0.5,35,15,15
7.482433334471366,-89.11140995875189,0.664380693404857,-387.6287742712182,12.2583125,-290.63407545617775,5.255071518564611,-199.60636930253372,0.2,3,-20,10,400,0.8,0.5,eff,0.5,35,10,15
10.361951210723882,-83.52037815475732,0.6968241909147566,-416.50939961443805,12.2583125,-317.25437317222526,5.255071518564611,-212.02560763615307,0.2,3,-20,10,400,0.8,1,eq,1,6.5,15,15
7.482433334471366,-84.88041588240203,0.6968241909147566,-386.8635001834317,12.2583125,-282.56485337622377,5.255071518564611,-195.8418136522998,0.2,3,-20,10,400,0.8,1,eq,1,6.5,10,15
10.361951210723882,-83.52037815475732,0.6968241909147566,-416.50939961443805,12.2583125,-317.25437317222526,5.255071518564611,-212.02560763615307,0.2,3,-20,10,400,0.8,1,eq,1,35,15,15
7.482433334471366,-85.97479807941954,0.6968241909147566,-387.9578823804492,12.2583125,-283.84542146683,5.255071518564611,-196.4392404913724,0.2,3,-20,10,400,0.8,1,eq,1,35,10,15
7.482433334471366,-86.6232159880782,0.6968241909147566,-388.6063002891079,12.2583125,-284.6041539163908,5.255071518564611,-196.79321396015393,0.2,3,-20,10,400,0.8,1,eq,0.5,6.5,10,15
7.482433334471366,-89.11140995875189,0.6968241909147566,-391.0944942597815,12.2583125,-287.51566126360115,5.255071518564611,-198.15152723075613,0.2,3,-20,10,400,0.8,1,eq,0.5,35,10,15
10.361951210723882,-85.94628876042776,0.6968241909147566,-418.9353102201085,12.2583125,-320.0930009621606,5.255071518564611,-213.3499202129576,0.2,3,-20,10,400,0.8,1,eq,0.5,6.5,15,15
10.361951210723882,-83.52037815475732,0.6968241909147566,-400.881100323472,12.2583125,-306.7385997405377,5.255071518564611,-207.1196558731966,0.2,3,-20,10,400,0.8,1,eff,1,6.5,15,15
10.361951210723882,-87.89424806992096,0.6968241909147566,-420.8832695296017,12.2583125,-322.3723641872225,5.255071518564611,-214.41331760403438,0.2,3,-20,10,400,0.8,1,eq,0.5,35,15,15
7.482433334471366,-84.88041588240203,0.6968241909147566,-371.2352008924657,12.2583125,-272.43368353802526,5.255071518564611,-191.11529202729517,0.2,3,-20,10,400,0.8,1,eff,1,6.5,10,15
7.482433334471366,-85.97479807941954,0.6968241909147566,-372.3295830894832,12.2583125,-273.7000539397148,5.255071518564611,-191.7060951807753,0.2,3,-20,10,400,0.8,1,eff,1,35,10,15
10.361951210723882,-83.52037815475732,0.6968241909147566,-400.881100323472,12.2583125,-306.7385997405377,5.255071518564611,-207.1196558731966,0.2,3,-20,10,400,0.8,1,eff,1,35,15,15
7.482433334471366,-86.6232159880782,0.6968241909147566,-372.97800099814185,12.2583125,-274.4503743015295,5.255071518564611,-192.05614413587492,0.2,3,-20,10,400,0.8,1,eff,0.5,6.5,10,15
10.361951210723882,-85.94628876042776,0.6968241909147566,-403.30701092914245,12.2583125,-309.54575559007384,5.255071518564611,-208.42928576189556,0.2,3,-20,10,400,0.8,1,eff,0.5,6.5,15,15
10.361951210723882,-83.52037815475732,0.664380693404857,-429.86995907747075,18.38746875,-332.0393719626399,6.4809027685646114,-240.31864895872178,0.2,3,-20,10,500,0.7,0.5,eq,1,6.5,15,15
10.361951210723882,-83.52037815475732,0.664380693404857,-429.86995907747075,18.38746875,-332.0393719626399,6.4809027685646114,-240.31864895872178,0.2,3,-20,10,500,0.7,0.5,eq,1,35,15,15
7.482433334471366,-89.11140995875189,0.6968241909147566,-375.46619496881556,12.2583125,-277.32960169161504,5.255071518564611,-193.39939775217863,0.2,3,-20,10,400,0.8,1,eff,0.5,35,10,15
7.482433334471366,-84.88041588240203,0.664380693404857,-399.7192866031986,18.38746875,-296.71390575820595,6.4809027685646114,-220.27372839414215,0.2,3,-20,10,500,0.7,0.5,eq,1,6.5,10,15
10.361951210723882,-87.89424806992096,0.6968241909147566,-405.2549702386357,12.2583125,-311.7998474612754,5.255071518564611,-209.48089324100562,0.2,3,-20,10,400,0.8,1,eff,0.5,35,15,15
7.482433334471366,-85.97479807941954,0.664380693404857,-400.81366880021613,18.38746875,-297.99611799689194,6.4809027685646114,-221.00130102751237,0.2,3,-20,10,500,0.7,0.5,eq,1,35,10,15
10.361951210723882,-85.94628876042776,0.664380693404857,-432.29586968314135,18.38746875,-334.8816443278205,6.4809027685646114,-241.93145495689973,0.2,3,-20,10,500,0.7,0.5,eq,0.5,6.5,15,15
7.482433334471366,-89.11140995875189,0.664380693404857,-403.9502806795485,18.38746875,-301.6710700915991,6.4809027685646114,-223.0865989933124,0.2,3,-20,10,500,0.7,0.5,eq,0.5,35,10,15
7.482433334471366,-86.6232159880782,0.664380693404857,-401.4620867088748,18.38746875,-298.7558245999933,6.4809027685646114,-221.43238545888056,0.2,3,-20,10,500,0.7,0.5,eq,0.5,6.5,10,15
10.361951210723882,-87.89424806992096,0.664380693404857,-434.2438289926345,18.38746875,-337.1639340769476,6.4809027685646114,-243.22650698712235,0.2,3,-20,10,500,0.7,0.5,eq,0.5,35,15,15
7.482433334471366,-84.88041588240203,0.664380693404857,-383.39778019486835,18.38746875,-285.7393669094743,6.4809027685646114,-214.04638639155849,0.2,3,-20,10,500,0.7,0.5,eff,1,6.5,10,15
10.361951210723882,-83.52037815475732,0.664380693404857,-413.54845266914066,18.38746875,-320.6663076372845,6.4809027685646114,-233.8651694870485,0.2,3,-20,10,500,0.7,0.5,eff,1,6.5,15,15
7.482433334471366,-85.97479807941954,0.664380693404857,-384.49216239188587,18.38746875,-287.0071138264443,6.4809027685646114,-214.76575088910232,0.2,3,-20,10,500,0.7,0.5,eff,1,35,10,15
10.361951210723882,-83.52037815475732,0.664380693404857,-413.54845266914066,18.38746875,-320.6663076372845,6.4809027685646114,-233.8651694870485,0.2,3,-20,10,500,0.7,0.5,eff,1,35,15,15
7.482433334471366,-86.6232159880782,0.664380693404857,-385.14058030054457,18.38746875,-287.7582497734071,6.4809027685646114,-215.19197202665052,0.2,3,-20,10,500,0.7,0.5,eff,0.5,6.5,10,15
10.361951210723882,-85.94628876042776,0.664380693404857,-415.9743632748111,18.38746875,-323.4765148077841,6.4809027685646114,-235.45978055818574,0.2,3,-20,10,500,0.7,0.5,eff,0.5,6.5,15,15
10.361951210723882,-83.52037815475732,0.6968241909147566,-416.50939961443805,18.38746875,-317.2611286139489,6.4809027685646114,-231.93295031587257,0.2,3,-20,10,500,0.7,1,eq,1,6.5,15,15
10.361951210723882,-83.52037815475732,0.6968241909147566,-416.50939961443805,18.38746875,-317.2611286139489,6.4809027685646114,-231.93295031587257,0.2,3,-20,10,500,0.7,1,eq,1,35,15,15
7.482433334471366,-84.88041588240203,0.6968241909147566,-386.8635001834317,18.38746875,-282.5716088199878,6.4809027685646114,-212.2488882664356,0.2,3,-20,10,500,0.7,1,eq,1,6.5,10,15
7.482433334471366,-85.97479807941954,0.6968241909147566,-387.9578823804492,18.38746875,-283.8521769138632,6.4809027685646114,-212.97552795381358,0.2,3,-20,10,500,0.7,1,eq,1,35,10,15
10.361951210723882,-87.89424806992096,0.664380693404857,-417.9223225843043,18.38746875,-325.733056825854,6.4809027685646114,-236.74022241395875,0.2,3,-20,10,500,0.7,0.5,eff,0.5,35,15,15
7.482433334471366,-89.11140995875189,0.664380693404857,-387.6287742712182,18.38746875,-290.6406068213237,6.4809027685646114,-216.82752349339918,0.2,3,-20,10,500,0.7,0.5,eff,0.5,35,10,15
7.482433334471366,-89.11140995875189,0.6968241909147566,-391.0944942597815,18.38746875,-287.52241670766256,6.4809027685646114,-215.05815199319366,0.2,3,-20,10,500,0.7,1,eq,0.5,35,10,15
7.482433334471366,-86.6232159880782,0.6968241909147566,-388.6063002891079,18.38746875,-284.61090936100857,6.4809027685646114,-213.4060596145928,0.2,3,-20,10,500,0.7,1,eq,0.5,6.5,10,15
10.361951210723882,-87.89424806992096,0.6968241909147566,-420.8832695296017,18.38746875,-322.37911963462096,6.4809027685646114,-234.8370796730309,0.2,3,-20,10,500,0.7,1,eq,0.5,35,15,15
10.361951210723882,-85.94628876042776,0.6968241909147566,-418.9353102201085,18.38746875,-320.09975640379605,6.4809027685646114,-233.5436882529349,0.2,3,-20,10,500,0.7,1,eq,0.5,6.5,15,15
10.361951210723882,-85.94628876042776,0.6968241909147566,-403.30701092914245,18.38746875,-309.5519267080762,6.4809027685646114,-227.5584761355396,0.2,3,-20,10,500,0.7,1,eff,0.5,6.5,15,15
10.361951210723882,-83.52037815475732,0.6968241909147566,-400.881100323472,18.38746875,-306.74477085854016,6.4809027685646114,-225.96559649197857,0.2,3,-20,10,500,0.7,1,eff,1,6.5,15,15
7.482433334471366,-84.88041588240203,0.6968241909147566,-371.2352008924657,18.38746875,-272.43985465602765,6.4809027685646114,-206.4997721409436,0.2,3,-20,10,500,0.7,1,eff,1,6.5,10,15
7.482433334471366,-85.97479807941954,0.6968241909147566,-372.3295830894832,18.38746875,-273.70622505771706,6.4809027685646114,-207.21835555496858,0.2,3,-20,10,500,0.7,1,eff,1,35,10,15
10.361951210723882,-83.52037815475732,0.6968241909147566,-400.881100323472,18.38746875,-306.74477085854016,6.4809027685646114,-225.96559649197857,0.2,3,-20,10,500,0.7,1,eff,1,35,15,15
10.361951210723882,-87.89424806992096,0.6968241909147566,-405.2549702386357,18.38746875,-311.8060185792778,6.4809027685646114,-228.83752769120812,0.2,3,-20,10,500,0.7,1,eff,0.5,35,15,15
10.361951210723882,-83.52037815475732,0.664380693404857,-429.86995907747075,18.38746875,-332.0393719626399,6.4809027685646114,-240.31864895872178,0.2,3,-20,10,500,0.8,0.5,eq,1,6.5,15,15
7.482433334471366,-86.6232159880782,0.6968241909147566,-372.97800099814185,18.38746875,-274.4565454195319,6.4809027685646114,-207.64411390061989,0.2,3,-20,10,500,0.7,1,eff,0.5,6.5,10,15
10.361951210723882,-83.52037815475732,0.664380693404857,-429.86995907747075,18.38746875,-332.0393719626399,6.4809027685646114,-240.31864895872178,0.2,3,-20,10,500,0.8,0.5,eq,1,35,15,15
7.482433334471366,-89.11140995875189,0.6968241909147566,-375.46619496881556,18.38746875,-277.33577280961754,6.4809027685646114,-209.27788948867965,0.2,3,-20,10,500,0.7,1,eff,0.5,35,10,15
7.482433334471366,-85.97479807941954,0.664380693404857,-400.81366880021613,18.38746875,-297.99611799689194,6.4809027685646114,-221.00130102751237,0.2,3,-20,10,500,0.8,0.5,eq,1,35,10,15
7.482433334471366,-84.88041588240203,0.664380693404857,-399.7192866031986,18.38746875,-296.71390575820595,6.4809027685646114,-220.27372839414215,0.2,3,-20,10,500,0.8,0.5,eq,1,6.5,10,15
7.482433334471366,-86.6232159880782,0.664380693404857,-401.4620867088748,18.38746875,-298.7558245999933,6.4809027685646114,-221.43238545888056,0.2,3,-20,10,500,0.8,0.5,eq,0.5,6.5,10,15
10.361951210723882,-87.89424806992096,0.664380693404857,-434.2438289926345,18.38746875,-337.1639340769476,6.4809027685646114,-243.22650698712235,0.2,3,-20,10,500,0.8,0.5,eq,0.5,35,15,15
10.361951210723882,-85.94628876042776,0.664380693404857,-432.29586968314135,18.38746875,-334.8816443278205,6.4809027685646114,-241.93145495689973,0.2,3,-20,10,500,0.8,0.5,eq,0.5,6.5,15,15
7.482433334471366,-84.88041588240203,0.664380693404857,-383.39778019486835,18.38746875,-285.7393669094743,6.4809027685646114,-214.04638639155849,0.2,3,-20,10,500,0.8,0.5,eff,1,6.5,10,15
7.482433334471366,-89.11140995875189,0.664380693404857,-403.9502806795485,18.38746875,-301.6710700915991,6.4809027685646114,-223.0865989933124,0.2,3,-20,10,500,0.8,0.5,eq,0.5,35,10,15
10.361951210723882,-83.52037815475732,0.664380693404857,-413.54845266914066,18.38746875,-320.6663076372845,6.4809027685646114,-233.8651694870485,0.2,3,-20,10,500,0.8,0.5,eff,1,6.5,15,15
7.482433334471366,-86.6232159880782,0.664380693404857,-385.14058030054457,18.38746875,-287.7582497734071,6.4809027685646114,-215.19197202665052,0.2,3,-20,10,500,0.8,0.5,eff,0.5,6.5,10,15
7.482433334471366,-89.11140995875189,0.664380693404857,-387.6287742712182,18.38746875,-290.6406068213237,6.4809027685646114,-216.82752349339918,0.2,3,-20,10,500,0.8,0.5,eff,0.5,35,10,15
10.361951210723882,-83.52037815475732,0.6968241909147566,-416.50939961443805,18.38746875,-317.2611286139489,6.4809027685646114,-231.93295031587257,0.2,3,-20,10,500,0.8,1,eq,1,6.5,15,15
10.361951210723882,-83.52037815475732,0.664380693404857,-413.54845266914066,18.38746875,-320.6663076372845,6.4809027685646114,-233.8651694870485,0.2,3,-20,10,500,0.8,0.5,eff,1,35,15,15
7.482433334471366,-85.97479807941954,0.664380693404857,-384.49216239188587,18.38746875,-287.0071138264443,6.4809027685646114,-214.76575088910232,0.2,3,-20,10,500,0.8,0.5,eff,1,35,10,15
10.361951210723882,-85.94628876042776,0.664380693404857,-415.9743632748111,18.38746875,-323.4765148077841,6.4809027685646114,-235.45978055818574,0.2,3,-20,10,500,0.8,0.5,eff,0.5,6.5,15,15
7.482433334471366,-84.88041588240203,0.6968241909147566,-386.8635001834317,18.38746875,-282.5716088199878,6.4809027685646114,-212.2488882664356,0.2,3,-20,10,500,0.8,1,eq,1,6.5,10,15
10.361951210723882,-87.89424806992096,0.664380693404857,-417.9223225843043,18.38746875,-325.733056825854,6.4809027685646114,-236.74022241395875,0.2,3,-20,10,500,0.8,0.5,eff,0.5,35,15,15
7.482433334471366,-85.97479807941954,0.6968241909147566,-387.9578823804492,18.38746875,-283.8521769138632,6.4809027685646114,-212.97552795381358,0.2,3,-20,10,500,0.8,1,eq,1,35,10,15
10.361951210723882,-83.52037815475732,0.6968241909147566,-416.50939961443805,18.38746875,-317.2611286139489,6.4809027685646114,-231.93295031587257,0.2,3,-20,10,500,0.8,1,eq,1,35,15,15
7.482433334471366,-86.6232159880782,0.6968241909147566,-388.6063002891079,18.38746875,-284.61090936100857,6.4809027685646114,-213.4060596145928,0.2,3,-20,10,500,0.8,1,eq,0.5,6.5,10,15
10.361951210723882,-87.89424806992096,0.6968241909147566,-420.8832695296017,18.38746875,-322.37911963462096,6.4809027685646114,-234.8370796730309,0.2,3,-20,10,500,0.8,1,eq,0.5,35,15,15
10.361951210723882,-85.94628876042776,0.6968241909147566,-418.9353102201085,18.38746875,-320.09975640379605,6.4809027685646114,-233.5436882529349,0.2,3,-20,10,500,0.8,1,eq,0.5,6.5,15,15
10.361951210723882,-83.52037815475732,0.6968241909147566,-400.881100323472,18.38746875,-306.74477085854016,6.4809027685646114,-225.96559649197857,0.2,3,-20,10,500,0.8,1,eff,1,6.5,15,15
7.482433334471366,-89.11140995875189,0.6968241909147566,-391.0944942597815,18.38746875,-287.52241670766256,6.4809027685646114,-215.05815199319366,0.2,3,-20,10,500,0.8,1,eq,0.5,35,10,15
10.361951210723882,-85.94628876042776,0.6968241909147566,-403.30701092914245,18.38746875,-309.5519267080762,6.4809027685646114,-227.5584761355396,0.2,3,-20,10,500,0.8,1,eff,0.5,6.5,15,15
10.361951210723882,-87.89424806992096,0.6968241909147566,-405.2549702386357,18.38746875,-311.8060185792778,6.4809027685646114,-228.83752769120812,0.2,3,-20,10,500,0.8,1,eff,0.5,35,15,15
7.482433334471366,-84.88041588240203,0.6968241909147566,-371.2352008924657,18.38746875,-272.43985465602765,6.4809027685646114,-206.4997721409436,0.2,3,-20,10,500,0.8,1,eff,1,6.5,10,15
7.482433334471366,-86.6232159880782,0.6968241909147566,-372.97800099814185,18.38746875,-274.4565454195319,6.4809027685646114,-207.64411390061989,0.2,3,-20,10,500,0.8,1,eff,0.5,6.5,10,15
7.482433334471366,-84.88041588240203,1.6648435882347152,-258.26311840113686,2.4516625,-153.24591541848054,3.293741518564611,-124.94925079276908,0.2,3,-10,2,400,0.7,0.5,eq,1,6.5,10,15
7.482433334471366,-89.11140995875189,0.6968241909147566,-375.46619496881556,18.38746875,-277.33577280961754,6.4809027685646114,-209.27788948867965,0.2,3,-20,10,500,0.8,1,eff,0.5,35,10,15
10.361951210723882,-83.52037815475732,0.6968241909147566,-400.881100323472,18.38746875,-306.74477085854016,6.4809027685646114,-225.96559649197857,0.2,3,-20,10,500,0.8,1,eff,1,35,15,15
7.482433334471366,-85.97479807941954,0.6968241909147566,-372.3295830894832,18.38746875,-273.70622505771706,6.4809027685646114,-207.21835555496858,0.2,3,-20,10,500,0.8,1,eff,1,35,10,15
10.361951210723882,-83.52037815475732,1.6648435882347152,-288.41379087540906,2.4516625,-187.66544259913036,3.293741518564611,-130.07321474567223,0.2,3,-10,2,400,0.7,0.5,eq,1,35,15,15
10.361951210723882,-83.52037815475732,1.6648435882347152,-288.41379087540906,2.4516625,-187.66544259913036,3.293741518564611,-130.07321474567223,0.2,3,-10,2,400,0.7,0.5,eq,1,6.5,15,15
7.482433334471366,-85.97479807941954,1.6648435882347152,-259.3575005981544,2.4516625,-154.4952446929151,3.293741518564611,-125.13523586263675,0.2,3,-10,2,400,0.7,0.5,eq,1,35,10,15
10.361951210723882,-85.94628876042776,1.6648435882347152,-290.83970148107954,2.4516625,-190.43482348387818,3.293741518564611,-130.48548676064885,0.2,3,-10,2,400,0.7,0.5,eq,0.5,6.5,15,15
10.361951210723882,-87.89424806992096,1.6648435882347152,-292.7876607905728,2.4516625,-192.65858278735072,3.293741518564611,-130.81653321724673,0.2,3,-10,2,400,0.7,0.5,eq,0.5,35,15,15
7.482433334471366,-86.6232159880782,1.6648435882347152,-260.00591850681303,2.4516625,-155.2354682427566,3.293741518564611,-125.24543141432376,0.2,3,-10,2,400,0.7,0.5,eq,0.5,6.5,10,15
7.482433334471366,-89.11140995875189,1.6648435882347152,-262.49411247748674,2.4516625,-158.07595082591357,3.293741518564611,-125.66828819235442,0.2,3,-10,2,400,0.7,0.5,eq,0.5,35,10,15
10.361951210723882,-85.94628876042776,1.6648435882347152,-284.35723264318943,2.4516625,-189.07296401691733,3.293741518564611,-130.28274955333617,0.2,3,-10,2,400,0.7,0.5,eff,0.5,6.5,15,15
10.361951210723882,-83.52037815475732,1.6648435882347152,-281.931322037519,2.4516625,-186.32405259764315,3.293741518564611,-129.8735247854259,0.2,3,-10,2,400,0.7,0.5,eff,1,6.5,15,15
7.482433334471366,-85.97479807941954,1.6648435882347152,-252.87503176026433,2.4516625,-153.39902724615763,3.293741518564611,-124.97204423445862,0.2,3,-10,2,400,0.7,0.5,eff,1,35,10,15
7.482433334471366,-86.6232159880782,1.6648435882347152,-253.52344966892298,2.4516625,-154.13377954527076,3.293741518564611,-125.08142529234512,0.2,3,-10,2,400,0.7,0.5,eff,0.5,6.5,10,15
7.482433334471366,-84.88041588240203,1.6648435882347152,-251.7806495632468,2.4516625,-152.15893220238496,3.293741518564611,-124.78743384544566,0.2,3,-10,2,400,0.7,0.5,eff,1,6.5,10,15
7.482433334471366,-89.11140995875189,1.6648435882347152,-256.0116436395967,2.4516625,-156.9532671251936,3.293741518564611,-125.50115658758799,0.2,3,-10,2,400,0.7,0.5,eff,0.5,35,10,15
10.361951210723882,-83.52037815475732,1.6648435882347152,-281.931322037519,2.4516625,-186.32405259764315,3.293741518564611,-129.8735247854259,0.2,3,-10,2,400,0.7,0.5,eff,1,35,15,15
10.361951210723882,-83.52037815475732,1.7398467296524174,-279.4111698235828,2.4516625,-178.4707225718264,3.293741518564611,-128.70441575753767,0.2,3,-10,2,400,0.7,1,eq,1,6.5,15,15
7.482433334471366,-84.88041588240203,1.7398467296524174,-249.76527039257647,2.4516625,-144.67197485631317,3.293741518564611,-123.67286596202153,0.2,3,-10,2,400,0.7,1,eq,1,6.5,10,15
10.361951210723882,-87.89424806992096,1.6648435882347152,-286.30519195268266,2.4516625,-191.2802867371887,3.293741518564611,-130.61134912972594,0.2,3,-10,2,400,0.7,0.5,eff,0.5,35,15,15
10.361951210723882,-83.52037815475732,1.7398467296524174,-279.4111698235828,2.4516625,-178.4707225718264,3.293741518564611,-128.70441575753767,0.2,3,-10,2,400,0.7,1,eq,1,35,15,15
7.482433334471366,-85.97479807941954,1.7398467296524174,-250.85965258959396,2.4516625,-145.9196599825983,3.293741518564611,-123.85860627094868,0.2,3,-10,2,400,0.7,1,eq,1,35,10,15
7.482433334471366,-86.6232159880782,1.7398467296524174,-251.50807049825264,2.4516625,-146.65890938045237,3.293741518564611,-123.96865680264047,0.2,3,-10,2,400,0.7,1,eq,0.5,6.5,10,15
10.361951210723882,-85.94628876042776,1.7398467296524174,-281.8370804292532,2.4516625,-181.23645888348935,3.293741518564611,-129.1161452124433,0.2,3,-10,2,400,0.7,1,eq,0.5,6.5,15,15
7.482433334471366,-84.88041588240203,1.7398467296524174,-243.61345665780016,2.4516625,-143.864489541863,3.293741518564611,-123.55265729029796,0.2,3,-10,2,400,0.7,1,eff,1,6.5,10,15
7.482433334471366,-89.11140995875189,1.7398467296524174,-253.9962644689263,2.4516625,-149.49565381615966,3.293741518564611,-124.39095709037761,0.2,3,-10,2,400,0.7,1,eq,0.5,35,10,15
10.361951210723882,-87.89424806992096,1.7398467296524174,-283.78503973874643,2.4516625,-183.45729166320768,3.293741518564611,-129.44675600349154,0.2,3,-10,2,400,0.7,1,eq,0.5,35,15,15
10.361951210723882,-83.52037815475732,1.7398467296524174,-273.2593560888065,2.4516625,-177.41999303740926,3.293741518564611,-128.54799582096078,0.2,3,-10,2,400,0.7,1,eff,1,6.5,15,15
7.482433334471366,-85.97479807941954,1.7398467296524174,-244.70783885481768,2.4516625,-145.10319527709404,3.293741518564611,-123.73706085581648,0.2,3,-10,2,400,0.7,1,eff,1,35,10,15
7.482433334471366,-86.6232159880782,1.7398467296524174,-245.35625676347632,2.4516625,-145.83712441466244,3.293741518564611,-123.84631937134327,0.2,3,-10,2,400,0.7,1,eff,0.5,6.5,10,15
10.361951210723882,-83.52037815475732,1.7398467296524174,-273.2593560888065,2.4516625,-177.41999303740926,3.293741518564611,-128.54799582096078,0.2,3,-10,2,400,0.7,1,eff,1,35,15,15
10.361951210723882,-85.94628876042776,1.7398467296524174,-275.6852666944769,2.4516625,-180.16582478534622,3.293741518564611,-128.9567621245571,0.2,3,-10,2,400,0.7,1,eff,0.5,6.5,15,15
7.482433334471366,-89.11140995875189,1.7398467296524174,-247.84445073415,2.4516625,-148.65345325217993,3.293741518564611,-124.26558043112546,0.2,3,-10,2,400,0.7,1,eff,0.5,35,10,15
10.361951210723882,-87.89424806992096,1.7398467296524174,-277.6332260039701,2.4516625,-182.37067458489494,3.293741518564611,-129.28499356234403,0.2,3,-10,2,400,0.7,1,eff,0.5,35,15,15
10.361951210723882,-83.52037815475732,1.6648435882347152,-288.41379087540906,2.4516625,-187.66544259913036,3.293741518564611,-130.07321474567223,0.2,3,-10,2,400,0.8,0.5,eq,1,6.5,15,15
7.482433334471366,-84.88041588240203,1.6648435882347152,-258.26311840113686,2.4516625,-153.24591541848054,3.293741518564611,-124.94925079276908,0.2,3,-10,2,400,0.8,0.5,eq,1,6.5,10,15
10.361951210723882,-83.52037815475732,1.6648435882347152,-288.41379087540906,2.4516625,-187.66544259913036,3.293741518564611,-130.07321474567223,0.2,3,-10,2,400,0.8,0.5,eq,1,35,15,15
10.361951210723882,-87.89424806992096,1.6648435882347152,-292.7876607905728,2.4516625,-192.65858278735072,3.293741518564611,-130.81653321724673,0.2,3,-10,2,400,0.8,0.5,eq,0.5,35,15,15
7.482433334471366,-84.88041588240203,1.6648435882347152,-251.7806495632468,2.4516625,-152.15893220238496,3.293741518564611,-124.78743384544566,0.2,3,-10,2,400,0.8,0.5,eff,1,6.5,10,15
7.482433334471366,-85.97479807941954,1.6648435882347152,-259.3575005981544,2.4516625,-154.4952446929151,3.293741518564611,-125.13523586263675,0.2,3,-10,2,400,0.8,0.5,eq,1,35,10,15
10.361951210723882,-83.52037815475732,1.6648435882347152,-281.931322037519,2.4516625,-186.32405259764315,3.293741518564611,-129.8735247854259,0.2,3,-10,2,400,0.8,0.5,eff,1,6.5,15,15
7.482433334471366,-86.6232159880782,1.6648435882347152,-260.00591850681303,2.4516625,-155.2354682427566,3.293741518564611,-125.24543141432376,0.2,3,-10,2,400,0.8,0.5,eq,0.5,6.5,10,15
10.361951210723882,-85.94628876042776,1.6648435882347152,-290.83970148107954,2.4516625,-190.43482348387818,3.293741518564611,-130.48548676064885,0.2,3,-10,2,400,0.8,0.5,eq,0.5,6.5,15,15
10.361951210723882,-83.52037815475732,1.6648435882347152,-281.931322037519,2.4516625,-186.32405259764315,3.293741518564611,-129.8735247854259,0.2,3,-10,2,400,0.8,0.5,eff,1,35,15,15
7.482433334471366,-89.11140995875189,1.6648435882347152,-262.49411247748674,2.4516625,-158.07595082591357,3.293741518564611,-125.66828819235442,0.2,3,-10,2,400,0.8,0.5,eq,0.5,35,10,15
10.361951210723882,-85.94628876042776,1.6648435882347152,-284.35723264318943,2.4516625,-189.07296401691733,3.293741518564611,-130.28274955333617,0.2,3,-10,2,400,0.8,0.5,eff,0.5,6.5,15,15
7.482433334471366,-86.6232159880782,1.6648435882347152,-253.52344966892298,2.4516625,-154.13377954527076,3.293741518564611,-125.08142529234512,0.2,3,-10,2,400,0.8,0.5,eff,0.5,6.5,10,15
7.482433334471366,-85.97479807941954,1.6648435882347152,-252.87503176026433,2.4516625,-153.39902724615763,3.293741518564611,-124.97204423445862,0.2,3,-10,2,400,0.8,0.5,eff,1,35,10,15
10.361951210723882,-87.89424806992096,1.6648435882347152,-286.30519195268266,2.4516625,-191.2802867371887,3.293741518564611,-130.61134912972594,0.2,3,-10,2,400,0.8,0.5,eff,0.5,35,15,15
7.482433334471366,-89.11140995875189,1.6648435882347152,-256.0116436395967,2.4516625,-156.9532671251936,3.293741518564611,-125.50115658758799,0.2,3,-10,2,400,0.8,0.5,eff,0.5,35,10,15
7.482433334471366,-84.88041588240203,1.7398467296524174,-249.76527039257647,2.4516625,-144.67197485631317,3.293741518564611,-123.67286596202153,0.2,3,-10,2,400,0.8,1,eq,1,6.5,10,15
10.361951210723882,-83.52037815475732,1.7398467296524174,-279.4111698235828,2.4516625,-178.4707225718264,3.293741518564611,-128.70441575753767,0.2,3,-10,2,400,0.8,1,eq,1,6.5,15,15
7.482433334471366,-86.6232159880782,1.7398467296524174,-251.50807049825264,2.4516625,-146.65890938045237,3.293741518564611,-123.96865680264047,0.2,3,-10,2,400,0.8,1,eq,0.5,6.5,10,15
10.361951210723882,-85.94628876042776,1.7398467296524174,-281.8370804292532,2.4516625,-181.23645888348935,3.293741518564611,-129.1161452124433,0.2,3,-10,2,400,0.8,1,eq,0.5,6.5,15,15
10.361951210723882,-83.52037815475732,1.7398467296524174,-279.4111698235828,2.4516625,-178.4707225718264,3.293741518564611,-128.70441575753767,0.2,3,-10,2,400,0.8,1,eq,1,35,15,15
10.361951210723882,-87.89424806992096,1.7398467296524174,-283.78503973874643,2.4516625,-183.45729166320768,3.293741518564611,-129.44675600349154,0.2,3,-10,2,400,0.8,1,eq,0.5,35,15,15
7.482433334471366,-85.97479807941954,1.7398467296524174,-250.85965258959396,2.4516625,-145.9196599825983,3.293741518564611,-123.85860627094868,0.2,3,-10,2,400,0.8,1,eq,1,35,10,15
7.482433334471366,-89.11140995875189,1.7398467296524174,-253.9962644689263,2.4516625,-149.49565381615966,3.293741518564611,-124.39095709037761,0.2,3,-10,2,400,0.8,1,eq,0.5,35,10,15
10.361951210723882,-83.52037815475732,1.7398467296524174,-273.2593560888065,2.4516625,-177.41999303740926,3.293741518564611,-128.54799582096078,0.2,3,-10,2,400,0.8,1,eff,1,35,15,15
7.482433334471366,-84.88041588240203,1.7398467296524174,-243.61345665780016,2.4516625,-143.864489541863,3.293741518564611,-123.55265729029796,0.2,3,-10,2,400,0.8,1,eff,1,6.5,10,15
10.361951210723882,-83.52037815475732,1.7398467296524174,-273.2593560888065,2.4516625,-177.41999303740926,3.293741518564611,-128.54799582096078,0.2,3,-10,2,400,0.8,1,eff,1,6.5,15,15
7.482433334471366,-89.11140995875189,1.7398467296524174,-247.84445073415,2.4516625,-148.65345325217993,3.293741518564611,-124.26558043112546,0.2,3,-10,2,400,0.8,1,eff,0.5,35,10,15
7.482433334471366,-86.6232159880782,1.7398467296524174,-245.35625676347632,2.4516625,-145.83712441466244,3.293741518564611,-123.84631937134327,0.2,3,-10,2,400,0.8,1,eff,0.5,6.5,10,15
10.361951210723882,-85.94628876042776,1.7398467296524174,-275.6852666944769,2.4516625,-180.16582478534622,3.293741518564611,-128.9567621245571,0.2,3,-10,2,400,0.8,1,eff,0.5,6.5,15,15
7.482433334471366,-85.97479807941954,1.7398467296524174,-244.70783885481768,2.4516625,-145.10319527709404,3.293741518564611,-123.73706085581648,0.2,3,-10,2,400,0.8,1,eff,1,35,10,15
10.361951210723882,-87.89424806992096,1.7398467296524174,-277.6332260039701,2.4516625,-182.37067458489494,3.293741518564611,-129.28499356234403,0.2,3,-10,2,400,0.8,1,eff,0.5,35,15,15
10.361951210723882,-83.52037815475732,1.6648435882347152,-288.41379087540906,3.6774937499999996,-187.66590173801984,3.538907768564611,-134.06314868898727,0.2,3,-10,2,500,0.7,0.5,eq,1,6.5,15,15
10.361951210723882,-83.52037815475732,1.6648435882347152,-288.41379087540906,3.6774937499999996,-187.66590173801984,3.538907768564611,-134.06314868898727,0.2,3,-10,2,500,0.7,0.5,eq,1,35,15,15
7.482433334471366,-84.88041588240203,1.6648435882347152,-258.26311840113686,3.6774937499999996,-153.24637455770252,3.538907768564611,-126.9096649385526,0.2,3,-10,2,500,0.7,0.5,eq,1,6.5,10,15
10.361951210723882,-85.94628876042776,1.6648435882347152,-290.83970148107954,3.6774937499999996,-190.4352826239505,3.538907768564611,-134.63871502557544,0.2,3,-10,2,500,0.7,0.5,eq,0.5,6.5,15,15
10.361951210723882,-87.89424806992096,1.6648435882347152,-292.7876607905728,3.6774937499999996,-192.6590419249406,3.538907768564611,-135.10088366435923,0.2,3,-10,2,500,0.7,0.5,eq,0.5,35,15,15
7.482433334471366,-85.97479807941954,1.6648435882347152,-259.3575005981544,3.6774937499999996,-154.49570383215575,3.538907768564611,-127.1693157064705,0.2,3,-10,2,500,0.7,0.5,eq,1,35,10,15
7.482433334471366,-89.11140995875189,1.6648435882347152,-262.49411247748674,3.6774937499999996,-158.07640996412397,3.538907768564611,-127.91350149949233,0.2,3,-10,2,500,0.7,0.5,eq,0.5,35,10,15
7.482433334471366,-86.6232159880782,1.6648435882347152,-260.00591850681303,3.6774937499999996,-155.2359273823809,3.538907768564611,-127.32315794580407,0.2,3,-10,2,500,0.7,0.5,eq,0.5,6.5,10,15
7.482433334471366,-86.6232159880782,1.6648435882347152,-253.52344966892298,3.6774937499999996,-154.1342081303674,3.538907768564611,-127.09418528370064,0.2,3,-10,2,500,0.7,0.5,eff,0.5,6.5,10,15
10.361951210723882,-85.94628876042776,1.6648435882347152,-284.35723264318943,3.6774937499999996,-189.07339260416958,3.538907768564611,-134.35567051786478,0.2,3,-10,2,500,0.7,0.5,eff,0.5,6.5,15,15
10.361951210723882,-83.52037815475732,1.6648435882347152,-281.931322037519,3.6774937499999996,-186.32448118283918,3.538907768564611,-133.78435839376579,0.2,3,-10,2,500,0.7,0.5,eff,1,6.5,15,15
10.361951210723882,-83.52037815475732,1.6648435882347152,-281.931322037519,3.6774937499999996,-186.32448118283918,3.538907768564611,-133.78435839376579,0.2,3,-10,2,500,0.7,0.5,eff,1,35,15,15
7.482433334471366,-84.88041588240203,1.6648435882347152,-251.7806495632468,3.6774937499999996,-152.15936078741427,3.538907768564611,-126.68374854808273,0.2,3,-10,2,500,0.7,0.5,eff,1,6.5,10,15
10.361951210723882,-87.89424806992096,1.6648435882347152,-286.30519195268266,3.6774937499999996,-191.28071532088285,3.538907768564611,-134.81442310627943,0.2,3,-10,2,500,0.7,0.5,eff,0.5,35,15,15
7.482433334471366,-89.11140995875189,1.6648435882347152,-256.0116436395967,3.6774937499999996,-156.9536957104101,3.538907768564611,-127.68016540140314,0.2,3,-10,2,500,0.7,0.5,eff,0.5,35,10,15
7.482433334471366,-85.97479807941954,1.6648435882347152,-252.87503176026433,3.6774937499999996,-153.39945583158104,3.538907768564611,-126.94148014622375,0.2,3,-10,2,500,0.7,0.5,eff,1,35,10,15
10.361951210723882,-83.52037815475732,1.7398467296524174,-279.4111698235828,3.6774937499999996,-178.47115668444133,3.538907768564611,-132.1521852121915,0.2,3,-10,2,500,0.7,1,eq,1,6.5,15,15
10.361951210723882,-83.52037815475732,1.7398467296524174,-279.4111698235828,3.6774937499999996,-178.47115668444133,3.538907768564611,-132.1521852121915,0.2,3,-10,2,500,0.7,1,eq,1,35,15,15
7.482433334471366,-85.97479807941954,1.7398467296524174,-250.85965258959396,3.6774937499999996,-145.9200940951874,3.538907768564611,-125.38702844313609,0.2,3,-10,2,500,0.7,1,eq,1,35,10,15
10.361951210723882,-85.94628876042776,1.7398467296524174,-281.8370804292532,3.6774937499999996,-181.23689299491772,3.538907768564611,-132.7269940888891,0.2,3,-10,2,500,0.7,1,eq,0.5,6.5,15,15
7.482433334471366,-86.6232159880782,1.7398467296524174,-251.50807049825264,3.6774937499999996,-146.65934349304118,3.538907768564611,-125.54066822230448,0.2,3,-10,2,500,0.7,1,eq,0.5,6.5,10,15
7.482433334471366,-84.88041588240203,1.7398467296524174,-249.76527039257647,3.6774937499999996,-144.67240896860312,3.538907768564611,-125.12771938197665,0.2,3,-10,2,500,0.7,1,eq,1,6.5,10,15
10.361951210723882,-87.89424806992096,1.7398467296524174,-283.78503973874643,3.6774937499999996,-183.457725775827,3.538907768564611,-133.18855450276234,0.2,3,-10,2,500,0.7,1,eq,0.5,35,15,15
7.482433334471366,-89.11140995875189,1.7398467296524174,-253.9962644689263,3.6774937499999996,-149.49608792875267,3.538907768564611,-126.13023486912934,0.2,3,-10,2,500,0.7,1,eq,0.5,35,10,15
7.482433334471366,-84.88041588240203,1.7398467296524174,-243.61345665780016,3.6774937499999996,-143.86489528564832,3.538907768564611,-124.95989209082859,0.2,3,-10,2,500,0.7,1,eff,1,6.5,10,15
10.361951210723882,-85.94628876042776,1.7398467296524174,-275.6852666944769,3.6774937499999996,-180.1662305292047,3.538907768564611,-132.50447602492642,0.2,3,-10,2,500,0.7,1,eff,0.5,6.5,15,15
10.361951210723882,-83.52037815475732,1.7398467296524174,-273.2593560888065,3.6774937499999996,-177.42039878119311,3.538907768564611,-131.93380395590216,0.2,3,-10,2,500,0.7,1,eff,1,35,15,15
10.361951210723882,-83.52037815475732,1.7398467296524174,-273.2593560888065,3.6774937499999996,-177.42039878119311,3.538907768564611,-131.93380395590216,0.2,3,-10,2,500,0.7,1,eff,1,6.5,15,15
7.482433334471366,-85.97479807941954,1.7398467296524174,-244.70783885481768,3.6774937499999996,-145.10360102087952,3.538907768564611,-125.21733494593002,0.2,3,-10,2,500,0.7,1,eff,1,35,10,15
7.482433334471366,-86.6232159880782,1.7398467296524174,-245.35625676347632,3.6774937499999996,-145.8375301584479,3.538907768564611,-125.36986900405545,0.2,3,-10,2,500,0.7,1,eff,0.5,6.5,10,15
7.482433334471366,-89.11140995875189,1.7398467296524174,-247.84445073415,3.6774937499999996,-148.65385899596495,3.538907768564611,-125.95519263356114,0.2,3,-10,2,500,0.7,1,eff,0.5,35,10,15
10.361951210723882,-87.89424806992096,1.7398467296524174,-277.6332260039701,3.6774937499999996,-182.37108032869335,3.538907768564611,-132.96271466167943,0.2,3,-10,2,500,0.7,1,eff,0.5,35,15,15
7.482433334471366,-86.6232159880782,1.6648435882347152,-260.00591850681303,3.6774937499999996,-155.2359273823809,3.538907768564611,-127.32315794580407,0.2,3,-10,2,500,0.8,0.5,eq,0.5,6.5,10,15
10.361951210723882,-83.52037815475732,1.6648435882347152,-288.41379087540906,3.6774937499999996,-187.66590173801984,3.538907768564611,-134.06314868898727,0.2,3,-10,2,500,0.8,0.5,eq,1,6.5,15,15
10.361951210723882,-83.52037815475732,1.6648435882347152,-288.41379087540906,3.6774937499999996,-187.66590173801984,3.538907768564611,-134.06314868898727,0.2,3,-10,2,500,0.8,0.5,eq,1,35,15,15
7.482433334471366,-84.88041588240203,1.6648435882347152,-258.26311840113686,3.6774937499999996,-153.24637455770252,3.538907768564611,-126.9096649385526,0.2,3,-10,2,500,0.8,0.5,eq,1,6.5,10,15
10.361951210723882,-85.94628876042776,1.6648435882347152,-290.83970148107954,3.6774937499999996,-190.4352826239505,3.538907768564611,-134.63871502557544,0.2,3,-10,2,500,0.8,0.5,eq,0.5,6.5,15,15
10.361951210723882,-87.89424806992096,1.6648435882347152,-292.7876607905728,3.6774937499999996,-192.6590419249406,3.538907768564611,-135.10088366435923,0.2,3,-10,2,500,0.8,0.5,eq,0.5,35,15,15
7.482433334471366,-85.97479807941954,1.6648435882347152,-259.3575005981544,3.6774937499999996,-154.49570383215575,3.538907768564611,-127.1693157064705,0.2,3,-10,2,500,0.8,0.5,eq,1,35,10,15
7.482433334471366,-89.11140995875189,1.6648435882347152,-262.49411247748674,3.6774937499999996,-158.07640996412397,3.538907768564611,-127.91350149949233,0.2,3,-10,2,500,0.8,0.5,eq,0.5,35,10,15
10.361951210723882,-83.52037815475732,1.6648435882347152,-281.931322037519,3.6774937499999996,-186.32448118283918,3.538907768564611,-133.78435839376579,0.2,3,-10,2,500,0.8,0.5,eff,1,35,15,15
7.482433334471366,-85.97479807941954,1.6648435882347152,-252.87503176026433,3.6774937499999996,-153.39945583158104,3.538907768564611,-126.94148014622375,0.2,3,-10,2,500,0.8,0.5,eff,1,35,10,15
10.361951210723882,-83.52037815475732,1.6648435882347152,-281.931322037519,3.6774937499999996,-186.32448118283918,3.538907768564611,-133.78435839376579,0.2,3,-10,2,500,0.8,0.5,eff,1,6.5,15,15
7.482433334471366,-84.88041588240203,1.6648435882347152,-251.7806495632468,3.6774937499999996,-152.15936078741427,3.538907768564611,-126.68374854808273,0.2,3,-10,2,500,0.8,0.5,eff,1,6.5,10,15
7.482433334471366,-86.6232159880782,1.6648435882347152,-253.52344966892298,3.6774937499999996,-154.1342081303674,3.538907768564611,-127.09418528370064,0.2,3,-10,2,500,0.8,0.5,eff,0.5,6.5,10,15
10.361951210723882,-87.89424806992096,1.6648435882347152,-286.30519195268266,3.6774937499999996,-191.28071532088285,3.538907768564611,-134.81442310627943,0.2,3,-10,2,500,0.8,0.5,eff,0.5,35,15,15
7.482433334471366,-89.11140995875189,1.6648435882347152,-256.0116436395967,3.6774937499999996,-156.9536957104101,3.538907768564611,-127.68016540140314,0.2,3,-10,2,500,0.8,0.5,eff,0.5,35,10,15
10.361951210723882,-85.94628876042776,1.6648435882347152,-284.35723264318943,3.6774937499999996,-189.07339260416958,3.538907768564611,-134.35567051786478,0.2,3,-10,2,500,0.8,0.5,eff,0.5,6.5,15,15
7.482433334471366,-84.88041588240203,1.7398467296524174,-249.76527039257647,3.6774937499999996,-144.67240896860312,3.538907768564611,-125.12771938197665,0.2,3,-10,2,500,0.8,1,eq,1,6.5,10,15
10.361951210723882,-83.52037815475732,1.7398467296524174,-279.4111698235828,3.6774937499999996,-178.47115668444133,3.538907768564611,-132.1521852121915,0.2,3,-10,2,500,0.8,1,eq,1,6.5,15,15
7.482433334471366,-85.97479807941954,1.7398467296524174,-250.85965258959396,3.6774937499999996,-145.9200940951874,3.538907768564611,-125.38702844313609,0.2,3,-10,2,500,0.8,1,eq,1,35,10,15
7.482433334471366,-86.6232159880782,1.7398467296524174,-251.50807049825264,3.6774937499999996,-146.65934349304118,3.538907768564611,-125.54066822230448,0.2,3,-10,2,500,0.8,1,eq,0.5,6.5,10,15
10.361951210723882,-83.52037815475732,1.7398467296524174,-279.4111698235828,3.6774937499999996,-178.47115668444133,3.538907768564611,-132.1521852121915,0.2,3,-10,2,500,0.8,1,eq,1,35,15,15
10.361951210723882,-85.94628876042776,1.7398467296524174,-281.8370804292532,3.6774937499999996,-181.23689299491772,3.538907768564611,-132.7269940888891,0.2,3,-10,2,500,0.8,1,eq,0.5,6.5,15,15
10.361951210723882,-87.89424806992096,1.7398467296524174,-283.78503973874643,3.6774937499999996,-183.457725775827,3.538907768564611,-133.18855450276234,0.2,3,-10,2,500,0.8,1,eq,0.5,35,15,15
7.482433334471366,-89.11140995875189,1.7398467296524174,-253.9962644689263,3.6774937499999996,-149.49608792875267,3.538907768564611,-126.13023486912934,0.2,3,-10,2,500,0.8,1,eq,0.5,35,10,15
10.361951210723882,-85.94628876042776,1.7398467296524174,-275.6852666944769,3.6774937499999996,-180.1662305292047,3.538907768564611,-132.50447602492642,0.2,3,-10,2,500,0.8,1,eff,0.5,6.5,15,15
10.361951210723882,-83.52037815475732,1.7398467296524174,-273.2593560888065,3.6774937499999996,-177.42039878119311,3.538907768564611,-131.93380395590216,0.2,3,-10,2,500,0.8,1,eff,1,35,15,15
7.482433334471366,-86.6232159880782,1.7398467296524174,-245.35625676347632,3.6774937499999996,-145.8375301584479,3.538907768564611,-125.36986900405545,0.2,3,-10,2,500,0.8,1,eff,0.5,6.5,10,15
10.361951210723882,-83.52037815475732,1.7398467296524174,-273.2593560888065,3.6774937499999996,-177.42039878119311,3.538907768564611,-131.93380395590216,0.2,3,-10,2,500,0.8,1,eff,1,6.5,15,15
7.482433334471366,-84.88041588240203,1.7398467296524174,-243.61345665780016,3.6774937499999996,-143.86489528564832,3.538907768564611,-124.95989209082859,0.2,3,-10,2,500,0.8,1,eff,1,6.5,10,15
7.482433334471366,-85.97479807941954,1.7398467296524174,-244.70783885481768,3.6774937499999996,-145.10360102087952,3.538907768564611,-125.21733494593002,0.2,3,-10,2,500,0.8,1,eff,1,35,10,15
10.361951210723882,-87.89424806992096,1.7398467296524174,-277.6332260039701,3.6774937499999996,-182.37108032869335,3.538907768564611,-132.96271466167943,0.2,3,-10,2,500,0.8,1,eff,0.5,35,15,15
7.482433334471366,-89.11140995875189,1.7398467296524174,-247.84445073415,3.6774937499999996,-148.65385899596495,3.538907768564611,-125.95519263356114,0.2,3,-10,2,500,0.8,1,eff,0.5,35,10,15
7.482433334471366,-84.88041588240203,1.6648435882347152,-258.26311840113686,12.2583125,-153.24958853302726,5.255071518564611,-135.5120190198893,0.2,3,-10,10,400,0.7,0.5,eq,1,6.5,10,15
10.361951210723882,-83.52037815475732,1.6648435882347152,-288.41379087540906,12.2583125,-187.66911571388135,5.255071518564611,-151.5698526305115,0.2,3,-10,10,400,0.7,0.5,eq,1,6.5,15,15
10.361951210723882,-83.52037815475732,1.6648435882347152,-288.41379087540906,12.2583125,-187.66911571388135,5.255071518564611,-151.5698526305115,0.2,3,-10,10,400,0.7,0.5,eq,1,35,15,15
7.482433334471366,-85.97479807941954,1.6648435882347152,-259.3575005981544,12.2583125,-154.498917807368,5.255071518564611,-136.09487193087878,0.2,3,-10,10,400,0.7,0.5,eq,1,35,10,15
10.361951210723882,-87.89424806992096,1.6648435882347152,-292.7876607905728,12.2583125,-192.66225590209285,5.255071518564611,-153.89931560992775,0.2,3,-10,10,400,0.7,0.5,eq,0.5,35,15,15
10.361951210723882,-85.94628876042776,1.6648435882347152,-290.83970148107954,12.2583125,-190.43849659839773,5.255071518564611,-152.86185926425577,0.2,3,-10,10,400,0.7,0.5,eq,0.5,6.5,15,15
7.482433334471366,-86.6232159880782,1.6648435882347152,-260.00591850681303,12.2583125,-155.23914135757923,5.255071518564611,-136.4402103935921,0.2,3,-10,10,400,0.7,0.5,eq,0.5,6.5,10,15
7.482433334471366,-85.97479807941954,1.6648435882347152,-252.87503176026433,12.2583125,-153.40245592717318,5.255071518564611,-135.58333665208067,0.2,3,-10,10,400,0.7,0.5,eff,1,35,10,15
7.482433334471366,-89.11140995875189,1.6648435882347152,-262.49411247748674,12.2583125,-158.07962394045603,5.255071518564611,-137.76538829188345,0.2,3,-10,10,400,0.7,0.5,eq,0.5,35,10,15
7.482433334471366,-84.88041588240203,1.6648435882347152,-251.7806495632468,12.2583125,-152.16236088298456,5.255071518564611,-135.0047918110574,0.2,3,-10,10,400,0.7,0.5,eff,1,6.5,10,15
7.482433334471366,-86.6232159880782,1.6648435882347152,-253.52344966892298,12.2583125,-154.13720822595994,5.255071518564611,-135.92612259730709,0.2,3,-10,10,400,0.7,0.5,eff,0.5,6.5,10,15
10.361951210723882,-85.94628876042776,1.6648435882347152,-284.35723264318943,12.2583125,-189.07639269976383,5.255071518564611,-152.2263933076865,0.2,3,-10,10,400,0.7,0.5,eff,0.5,6.5,15,15
10.361951210723882,-83.52037815475732,1.6648435882347152,-281.931322037519,12.2583125,-186.3274812784152,5.255071518564611,-150.94393634706583,0.2,3,-10,10,400,0.7,0.5,eff,1,6.5,15,15
10.361951210723882,-83.52037815475732,1.6648435882347152,-281.931322037519,12.2583125,-186.3274812784152,5.255071518564611,-150.94393634706583,0.2,3,-10,10,400,0.7,0.5,eff,1,35,15,15
10.361951210723882,-87.89424806992096,1.6648435882347152,-286.30519195268266,12.2583125,-191.2837154164067,5.255071518564611,-153.25618144866115,0.2,3,-10,10,400,0.7,0.5,eff,0.5,35,15,15
7.482433334471366,-84.88041588240203,1.7398467296524174,-249.76527039257647,12.2583125,-144.67544775423653,5.255071518564611,-131.5119023054312,0.2,3,-10,10,400,0.7,1,eq,1,6.5,10,15
10.361951210723882,-83.52037815475732,1.7398467296524174,-279.4111698235828,12.2583125,-178.47419546936297,5.255071518564611,-147.280122019931,0.2,3,-10,10,400,0.7,1,eq,1,6.5,15,15
10.361951210723882,-87.89424806992096,1.7398467296524174,-283.78503973874643,12.2583125,-183.46076456259868,5.255071518564611,-149.60651936892165,0.2,3,-10,10,400,0.7,1,eq,0.5,35,15,15
7.482433334471366,-86.6232159880782,1.7398467296524174,-251.50807049825264,12.2583125,-146.66238227860035,5.255071518564611,-132.4388721565797,0.2,3,-10,10,400,0.7,1,eq,0.5,6.5,10,15
10.361951210723882,-85.94628876042776,1.7398467296524174,-281.8370804292532,12.2583125,-181.23993178074315,5.255071518564611,-148.57042834127142,0.2,3,-10,10,400,0.7,1,eq,0.5,6.5,15,15
7.482433334471366,-89.11140995875189,1.6648435882347152,-256.0116436395967,12.2583125,-156.95669580600284,5.255071518564611,-137.24150564105585,0.2,3,-10,10,400,0.7,0.5,eff,0.5,35,10,15
10.361951210723882,-83.52037815475732,1.7398467296524174,-279.4111698235828,12.2583125,-178.47419546936297,5.255071518564611,-147.280122019931,0.2,3,-10,10,400,0.7,1,eq,1,35,15,15
7.482433334471366,-85.97479807941954,1.7398467296524174,-250.85965258959396,12.2583125,-145.9231328813484,5.255071518564611,-132.09398816803886,0.2,3,-10,10,400,0.7,1,eq,1,35,10,15
10.361951210723882,-83.52037815475732,1.7398467296524174,-273.2593560888065,12.2583125,-177.42323898905673,5.255071518564611,-146.78981649643873,0.2,3,-10,10,400,0.7,1,eff,1,6.5,15,15
7.482433334471366,-89.11140995875189,1.7398467296524174,-253.9962644689263,12.2583125,-149.49912671654116,5.255071518564611,-133.7623060881663,0.2,3,-10,10,400,0.7,1,eq,0.5,35,10,15
7.482433334471366,-84.88041588240203,1.7398467296524174,-243.61345665780016,12.2583125,-143.86773549312807,5.255071518564611,-131.1350781548266,0.2,3,-10,10,400,0.7,1,eff,1,6.5,10,15
7.482433334471366,-85.97479807941954,1.7398467296524174,-244.70783885481768,12.2583125,-145.10644122750026,5.255071518564611,-131.71297483744405,0.2,3,-10,10,400,0.7,1,eff,1,35,10,15
10.361951210723882,-83.52037815475732,1.7398467296524174,-273.2593560888065,12.2583125,-177.42323898905673,5.255071518564611,-146.78981649643873,0.2,3,-10,10,400,0.7,1,eff,1,35,15,15
10.361951210723882,-83.52037815475732,1.6648435882347152,-288.41379087540906,12.2583125,-187.66911571388135,5.255071518564611,-151.5698526305115,0.2,3,-10,10,400,0.8,0.5,eq,1,6.5,15,15
7.482433334471366,-89.11140995875189,1.7398467296524174,-247.84445073415,12.2583125,-148.65669920255715,5.255071518564611,-133.36928613825583,0.2,3,-10,10,400,0.7,1,eff,0.5,35,10,15
10.361951210723882,-85.94628876042776,1.7398467296524174,-275.6852666944769,12.2583125,-180.16907073602854,5.255071518564611,-148.07083668837694,0.2,3,-10,10,400,0.7,1,eff,0.5,6.5,15,15
7.482433334471366,-86.6232159880782,1.7398467296524174,-245.35625676347632,12.2583125,-145.84037036543725,5.255071518564611,-132.0553767512488,0.2,3,-10,10,400,0.7,1,eff,0.5,6.5,10,15
10.361951210723882,-87.89424806992096,1.7398467296524174,-277.6332260039701,12.2583125,-182.37392053557159,5.255071518564611,-149.09947113275624,0.2,3,-10,10,400,0.7,1,eff,0.5,35,15,15
7.482433334471366,-86.6232159880782,1.6648435882347152,-260.00591850681303,12.2583125,-155.23914135757923,5.255071518564611,-136.4402103935921,0.2,3,-10,10,400,0.8,0.5,eq,0.5,6.5,10,15
10.361951210723882,-85.94628876042776,1.6648435882347152,-290.83970148107954,12.2583125,-190.43849659839773,5.255071518564611,-152.86185926425577,0.2,3,-10,10,400,0.8,0.5,eq,0.5,6.5,15,15
7.482433334471366,-84.88041588240203,1.6648435882347152,-258.26311840113686,12.2583125,-153.24958853302726,5.255071518564611,-135.5120190198893,0.2,3,-10,10,400,0.8,0.5,eq,1,6.5,10,15
10.361951210723882,-83.52037815475732,1.6648435882347152,-288.41379087540906,12.2583125,-187.66911571388135,5.255071518564611,-151.5698526305115,0.2,3,-10,10,400,0.8,0.5,eq,1,35,15,15
7.482433334471366,-85.97479807941954,1.6648435882347152,-259.3575005981544,12.2583125,-154.498917807368,5.255071518564611,-136.09487193087878,0.2,3,-10,10,400,0.8,0.5,eq,1,35,10,15
7.482433334471366,-89.11140995875189,1.6648435882347152,-262.49411247748674,12.2583125,-158.07962394045603,5.255071518564611,-137.76538829188345,0.2,3,-10,10,400,0.8,0.5,eq,0.5,35,10,15
10.361951210723882,-87.89424806992096,1.6648435882347152,-292.7876607905728,12.2583125,-192.66225590209285,5.255071518564611,-153.89931560992775,0.2,3,-10,10,400,0.8,0.5,eq,0.5,35,15,15
10.361951210723882,-83.52037815475732,1.6648435882347152,-281.931322037519,12.2583125,-186.3274812784152,5.255071518564611,-150.94393634706583,0.2,3,-10,10,400,0.8,0.5,eff,1,6.5,15,15
7.482433334471366,-85.97479807941954,1.6648435882347152,-252.87503176026433,12.2583125,-153.40245592717318,5.255071518564611,-135.58333665208067,0.2,3,-10,10,400,0.8,0.5,eff,1,35,10,15
7.482433334471366,-84.88041588240203,1.6648435882347152,-251.7806495632468,12.2583125,-152.16236088298456,5.255071518564611,-135.0047918110574,0.2,3,-10,10,400,0.8,0.5,eff,1,6.5,10,15
10.361951210723882,-83.52037815475732,1.6648435882347152,-281.931322037519,12.2583125,-186.3274812784152,5.255071518564611,-150.94393634706583,0.2,3,-10,10,400,0.8,0.5,eff,1,35,15,15
7.482433334471366,-89.11140995875189,1.6648435882347152,-256.0116436395967,12.2583125,-156.95669580600284,5.255071518564611,-137.24150564105585,0.2,3,-10,10,400,0.8,0.5,eff,0.5,35,10,15
10.361951210723882,-83.52037815475732,1.7398467296524174,-279.4111698235828,12.2583125,-178.47419546936297,5.255071518564611,-147.280122019931,0.2,3,-10,10,400,0.8,1,eq,1,6.5,15,15
10.361951210723882,-87.89424806992096,1.6648435882347152,-286.30519195268266,12.2583125,-191.2837154164067,5.255071518564611,-153.25618144866115,0.2,3,-10,10,400,0.8,0.5,eff,0.5,35,15,15
7.482433334471366,-86.6232159880782,1.6648435882347152,-253.52344966892298,12.2583125,-154.13720822595994,5.255071518564611,-135.92612259730709,0.2,3,-10,10,400,0.8,0.5,eff,0.5,6.5,10,15
10.361951210723882,-85.94628876042776,1.6648435882347152,-284.35723264318943,12.2583125,-189.07639269976383,5.255071518564611,-152.2263933076865,0.2,3,-10,10,400,0.8,0.5,eff,0.5,6.5,15,15
7.482433334471366,-84.88041588240203,1.7398467296524174,-249.76527039257647,12.2583125,-144.67544775423653,5.255071518564611,-131.5119023054312,0.2,3,-10,10,400,0.8,1,eq,1,6.5,10,15
10.361951210723882,-83.52037815475732,1.7398467296524174,-279.4111698235828,12.2583125,-178.47419546936297,5.255071518564611,-147.280122019931,0.2,3,-10,10,400,0.8,1,eq,1,35,15,15
10.361951210723882,-85.94628876042776,1.7398467296524174,-281.8370804292532,12.2583125,-181.23993178074315,5.255071518564611,-148.57042834127142,0.2,3,-10,10,400,0.8,1,eq,0.5,6.5,15,15
7.482433334471366,-86.6232159880782,1.7398467296524174,-251.50807049825264,12.2583125,-146.66238227860035,5.255071518564611,-132.4388721565797,0.2,3,-10,10,400,0.8,1,eq,0.5,6.5,10,15
7.482433334471366,-85.97479807941954,1.7398467296524174,-250.85965258959396,12.2583125,-145.9231328813484,5.255071518564611,-132.09398816803886,0.2,3,-10,10,400,0.8,1,eq,1,35,10,15
7.482433334471366,-85.97479807941954,1.7398467296524174,-244.70783885481768,12.2583125,-145.10644122750026,5.255071518564611,-131.71297483744405,0.2,3,-10,10,400,0.8,1,eff,1,35,10,15
10.361951210723882,-87.89424806992096,1.7398467296524174,-283.78503973874643,12.2583125,-183.46076456259868,5.255071518564611,-149.60651936892165,0.2,3,-10,10,400,0.8,1,eq,0.5,35,15,15
7.482433334471366,-89.11140995875189,1.7398467296524174,-253.9962644689263,12.2583125,-149.49912671654116,5.255071518564611,-133.7623060881663,0.2,3,-10,10,400,0.8,1,eq,0.5,35,10,15
10.361951210723882,-85.94628876042776,1.7398467296524174,-275.6852666944769,12.2583125,-180.16907073602854,5.255071518564611,-148.07083668837694,0.2,3,-10,10,400,0.8,1,eff,0.5,6.5,15,15
10.361951210723882,-83.52037815475732,1.7398467296524174,-273.2593560888065,12.2583125,-177.42323898905673,5.255071518564611,-146.78981649643873,0.2,3,-10,10,400,0.8,1,eff,1,35,15,15
7.482433334471366,-84.88041588240203,1.7398467296524174,-243.61345665780016,12.2583125,-143.86773549312807,5.255071518564611,-131.1350781548266,0.2,3,-10,10,400,0.8,1,eff,1,6.5,10,15
10.361951210723882,-83.52037815475732,1.7398467296524174,-273.2593560888065,12.2583125,-177.42323898905673,5.255071518564611,-146.78981649643873,0.2,3,-10,10,400,0.8,1,eff,1,6.5,15,15
10.361951210723882,-87.89424806992096,1.7398467296524174,-277.6332260039701,12.2583125,-182.37392053557159,5.255071518564611,-149.09947113275624,0.2,3,-10,10,400,0.8,1,eff,0.5,35,15,15
7.482433334471366,-86.6232159880782,1.7398467296524174,-245.35625676347632,12.2583125,-145.84037036543725,5.255071518564611,-132.0553767512488,0.2,3,-10,10,400,0.8,1,eff,0.5,6.5,10,15
10.361951210723882,-83.52037815475732,1.6648435882347152,-288.41379087540906,18.38746875,-187.67141141096022,6.4809027685646114,-158.39915539615524,0.2,3,-10,10,500,0.7,0.5,eq,1,6.5,15,15
10.361951210723882,-83.52037815475732,1.6648435882347152,-288.41379087540906,18.38746875,-187.67141141096022,6.4809027685646114,-158.39915539615524,0.2,3,-10,10,500,0.7,0.5,eq,1,35,15,15
7.482433334471366,-89.11140995875189,1.7398467296524174,-247.84445073415,12.2583125,-148.65669920255715,5.255071518564611,-133.36928613825583,0.2,3,-10,10,400,0.8,1,eff,0.5,35,10,15
7.482433334471366,-85.97479807941954,1.6648435882347152,-259.3575005981544,18.38746875,-154.50121350355624,6.4809027685646114,-139.57721039145366,0.2,3,-10,10,500,0.7,0.5,eq,1,35,10,15
7.482433334471366,-84.88041588240203,1.6648435882347152,-258.26311840113686,18.38746875,-153.251884228851,6.4809027685646114,-138.8682967163858,0.2,3,-10,10,500,0.7,0.5,eq,1,6.5,10,15
10.361951210723882,-85.94628876042776,1.6648435882347152,-290.83970148107954,18.38746875,-190.4407922944785,6.4809027685646114,-159.97060018620934,0.2,3,-10,10,500,0.7,0.5,eq,0.5,6.5,15,15
10.361951210723882,-83.52037815475732,1.6648435882347152,-281.931322037519,18.38746875,-186.32962420276746,6.4809027685646114,-157.63777781525823,0.2,3,-10,10,500,0.7,0.5,eff,1,6.5,15,15
7.482433334471366,-86.6232159880782,1.6648435882347152,-260.00591850681303,18.38746875,-155.24143705487705,6.4809027685646114,-139.99723944925546,0.2,3,-10,10,500,0.7,0.5,eq,0.5,6.5,10,15
7.482433334471366,-89.11140995875189,1.6648435882347152,-262.49411247748674,18.38746875,-158.0819196380642,6.4809027685646114,-141.60902986174585,0.2,3,-10,10,500,0.7,0.5,eq,0.5,35,10,15
10.361951210723882,-83.52037815475732,1.6648435882347152,-281.931322037519,18.38746875,-186.32962420276746,6.4809027685646114,-157.63777781525823,0.2,3,-10,10,500,0.7,0.5,eff,1,35,15,15
7.482433334471366,-85.97479807941954,1.6648435882347152,-252.87503176026433,18.38746875,-153.40459885195892,6.4809027685646114,-138.95495240187716,0.2,3,-10,10,500,0.7,0.5,eff,1,35,10,15
7.482433334471366,-84.88041588240203,1.6648435882347152,-251.7806495632468,18.38746875,-152.16450380826086,6.4809027685646114,-138.25127855651021,0.2,3,-10,10,500,0.7,0.5,eff,1,6.5,10,15
10.361951210723882,-87.89424806992096,1.6648435882347152,-292.7876607905728,18.38746875,-192.6645515991155,6.4809027685646114,-161.23243996939084,0.2,3,-10,10,500,0.7,0.5,eq,0.5,35,15,15
10.361951210723882,-85.94628876042776,1.6648435882347152,-284.35723264318943,18.38746875,-189.0785356231707,6.4809027685646114,-159.19760750702127,0.2,3,-10,10,500,0.7,0.5,eff,0.5,6.5,15,15
7.482433334471366,-86.6232159880782,1.6648435882347152,-253.52344966892298,18.38746875,-154.1393511508035,6.4809027685646114,-139.37187687726137,0.2,3,-10,10,500,0.7,0.5,eff,0.5,6.5,10,15
10.361951210723882,-87.89424806992096,1.6648435882347152,-286.30519195268266,18.38746875,-191.28585834322624,6.4809027685646114,-160.45012059001485,0.2,3,-10,10,500,0.7,0.5,eff,0.5,35,15,15
10.361951210723882,-83.52037815475732,1.7398467296524174,-279.4111698235828,18.38746875,-178.47636603204174,6.4809027685646114,-153.18156100854063,0.2,3,-10,10,500,0.7,1,eq,1,6.5,15,15
10.361951210723882,-85.94628876042776,1.7398467296524174,-281.8370804292532,18.38746875,-181.24210234240635,6.4809027685646114,-154.75093773871583,0.2,3,-10,10,500,0.7,1,eq,0.5,6.5,15,15
7.482433334471366,-89.11140995875189,1.6648435882347152,-256.0116436395967,18.38746875,-156.95883873109838,6.4809027685646114,-140.97175398157924,0.2,3,-10,10,500,0.7,0.5,eff,0.5,35,10,15
7.482433334471366,-84.88041588240203,1.7398467296524174,-249.76527039257647,18.38746875,-144.67761831548998,6.4809027685646114,-134.00295458223633,0.2,3,-10,10,500,0.7,1,eq,1,6.5,10,15
7.482433334471366,-85.97479807941954,1.7398467296524174,-250.85965258959396,18.38746875,-145.92530344167514,6.4809027685646114,-134.71093530920697,0.2,3,-10,10,500,0.7,1,eq,1,35,10,15
10.361951210723882,-87.89424806992096,1.7398467296524174,-283.78503973874643,18.38746875,-183.46293512212156,6.4809027685646114,-156.01111690801494,0.2,3,-10,10,500,0.7,1,eq,0.5,35,15,15
10.361951210723882,-83.52037815475732,1.7398467296524174,-279.4111698235828,18.38746875,-178.47636603204174,6.4809027685646114,-153.18156100854063,0.2,3,-10,10,500,0.7,1,eq,1,35,15,15
7.482433334471366,-89.11140995875189,1.7398467296524174,-253.9962644689263,18.38746875,-149.5012972778729,6.4809027685646114,-136.74008085455324,0.2,3,-10,10,500,0.7,1,eq,0.5,35,10,15
7.482433334471366,-86.6232159880782,1.7398467296524174,-251.50807049825264,18.38746875,-146.6645528410874,6.4809027685646114,-135.13041159871665,0.2,3,-10,10,500,0.7,1,eq,0.5,6.5,10,15
7.482433334471366,-84.88041588240203,1.7398467296524174,-243.61345665780016,18.38746875,-143.86976421216204,6.4809027685646114,-133.5445495541113,0.2,3,-10,10,500,0.7,1,eff,1,6.5,10,15
10.361951210723882,-83.52037815475732,1.7398467296524174,-273.2593560888065,18.38746875,-177.42526770806063,6.4809027685646114,-152.58513059519984,0.2,3,-10,10,500,0.7,1,eff,1,6.5,15,15
10.361951210723882,-83.52037815475732,1.7398467296524174,-273.2593560888065,18.38746875,-177.42526770806063,6.4809027685646114,-152.58513059519984,0.2,3,-10,10,500,0.7,1,eff,1,35,15,15
7.482433334471366,-86.6232159880782,1.7398467296524174,-245.35625676347632,18.38746875,-145.84239908437064,6.4809027685646114,-134.66389244084087,0.2,3,-10,10,500,0.7,1,eff,0.5,6.5,10,15
7.482433334471366,-85.97479807941954,1.7398467296524174,-244.70783885481768,18.38746875,-145.1084699469275,6.4809027685646114,-134.24743505638793,0.2,3,-10,10,500,0.7,1,eff,1,35,10,15
10.361951210723882,-85.94628876042776,1.7398467296524174,-275.6852666944769,18.38746875,-180.17109945503526,6.4809027685646114,-154.14321277119382,0.2,3,-10,10,500,0.7,1,eff,0.5,6.5,15,15
10.361951210723882,-87.89424806992096,1.7398467296524174,-277.6332260039701,18.38746875,-182.37594925449463,6.4809027685646114,-155.39432263146347,0.2,3,-10,10,500,0.7,1,eff,0.5,35,15,15
7.482433334471366,-89.11140995875189,1.7398467296524174,-247.84445073415,18.38746875,-148.65872792158618,6.4809027685646114,-136.26197716246958,0.2,3,-10,10,500,0.7,1,eff,0.5,35,10,15
10.361951210723882,-83.52037815475732,1.6648435882347152,-288.41379087540906,18.38746875,-187.67141141096022,6.4809027685646114,-158.39915539615524,0.2,3,-10,10,500,0.8,0.5,eq,1,6.5,15,15
7.482433334471366,-84.88041588240203,1.6648435882347152,-258.26311840113686,18.38746875,-153.251884228851,6.4809027685646114,-138.8682967163858,0.2,3,-10,10,500,0.8,0.5,eq,1,6.5,10,15
7.482433334471366,-85.97479807941954,1.6648435882347152,-252.87503176026433,18.38746875,-153.40459885195892,6.4809027685646114,-138.95495240187716,0.2,3,-10,10,500,0.8,0.5,eff,1,35,10,15
7.482433334471366,-85.97479807941954,1.6648435882347152,-259.3575005981544,18.38746875,-154.50121350355624,6.4809027685646114,-139.57721039145366,0.2,3,-10,10,500,0.8,0.5,eq,1,35,10,15
7.482433334471366,-89.11140995875189,1.6648435882347152,-262.49411247748674,18.38746875,-158.0819196380642,6.4809027685646114,-141.60902986174585,0.2,3,-10,10,500,0.8,0.5,eq,0.5,35,10,15
7.482433334471366,-86.6232159880782,1.6648435882347152,-253.52344966892298,18.38746875,-154.1393511508035,6.4809027685646114,-139.37187687726137,0.2,3,-10,10,500,0.8,0.5,eff,0.5,6.5,10,15
10.361951210723882,-85.94628876042776,1.6648435882347152,-284.35723264318943,18.38746875,-189.0785356231707,6.4809027685646114,-159.19760750702127,0.2,3,-10,10,500,0.8,0.5,eff,0.5,6.5,15,15
7.482433334471366,-86.6232159880782,1.6648435882347152,-260.00591850681303,18.38746875,-155.24143705487705,6.4809027685646114,-139.99723944925546,0.2,3,-10,10,500,0.8,0.5,eq,0.5,6.5,10,15
7.482433334471366,-84.88041588240203,1.6648435882347152,-251.7806495632468,18.38746875,-152.16450380826086,6.4809027685646114,-138.25127855651021,0.2,3,-10,10,500,0.8,0.5,eff,1,6.5,10,15
10.361951210723882,-83.52037815475732,1.6648435882347152,-288.41379087540906,18.38746875,-187.67141141096022,6.4809027685646114,-158.39915539615524,0.2,3,-10,10,500,0.8,0.5,eq,1,35,15,15
10.361951210723882,-83.52037815475732,1.6648435882347152,-281.931322037519,18.38746875,-186.32962420276746,6.4809027685646114,-157.63777781525823,0.2,3,-10,10,500,0.8,0.5,eff,1,6.5,15,15
10.361951210723882,-85.94628876042776,1.6648435882347152,-290.83970148107954,18.38746875,-190.4407922944785,6.4809027685646114,-159.97060018620934,0.2,3,-10,10,500,0.8,0.5,eq,0.5,6.5,15,15
10.361951210723882,-87.89424806992096,1.6648435882347152,-292.7876607905728,18.38746875,-192.6645515991155,6.4809027685646114,-161.23243996939084,0.2,3,-10,10,500,0.8,0.5,eq,0.5,35,15,15
10.361951210723882,-83.52037815475732,1.6648435882347152,-281.931322037519,18.38746875,-186.32962420276746,6.4809027685646114,-157.63777781525823,0.2,3,-10,10,500,0.8,0.5,eff,1,35,15,15
10.361951210723882,-87.89424806992096,1.6648435882347152,-286.30519195268266,18.38746875,-191.28585834322624,6.4809027685646114,-160.45012059001485,0.2,3,-10,10,500,0.8,0.5,eff,0.5,35,15,15
7.482433334471366,-89.11140995875189,1.6648435882347152,-256.0116436395967,18.38746875,-156.95883873109838,6.4809027685646114,-140.97175398157924,0.2,3,-10,10,500,0.8,0.5,eff,0.5,35,10,15
10.361951210723882,-83.52037815475732,1.7398467296524174,-279.4111698235828,18.38746875,-178.47636603204174,6.4809027685646114,-153.18156100854063,0.2,3,-10,10,500,0.8,1,eq,1,35,15,15
7.482433334471366,-84.88041588240203,1.7398467296524174,-249.76527039257647,18.38746875,-144.67761831548998,6.4809027685646114,-134.00295458223633,0.2,3,-10,10,500,0.8,1,eq,1,6.5,10,15
10.361951210723882,-83.52037815475732,1.7398467296524174,-279.4111698235828,18.38746875,-178.47636603204174,6.4809027685646114,-153.18156100854063,0.2,3,-10,10,500,0.8,1,eq,1,6.5,15,15
7.482433334471366,-86.6232159880782,1.7398467296524174,-251.50807049825264,18.38746875,-146.6645528410874,6.4809027685646114,-135.13041159871665,0.2,3,-10,10,500,0.8,1,eq,0.5,6.5,10,15
7.482433334471366,-85.97479807941954,1.7398467296524174,-250.85965258959396,18.38746875,-145.92530344167514,6.4809027685646114,-134.71093530920697,0.2,3,-10,10,500,0.8,1,eq,1,35,10,15
10.361951210723882,-85.94628876042776,1.7398467296524174,-281.8370804292532,18.38746875,-181.24210234240635,6.4809027685646114,-154.75093773871583,0.2,3,-10,10,500,0.8,1,eq,0.5,6.5,15,15
7.482433334471366,-89.11140995875189,1.7398467296524174,-253.9962644689263,18.38746875,-149.5012972778729,6.4809027685646114,-136.74008085455324,0.2,3,-10,10,500,0.8,1,eq,0.5,35,10,15
7.482433334471366,-84.88041588240203,1.7398467296524174,-243.61345665780016,18.38746875,-143.86976421216204,6.4809027685646114,-133.5445495541113,0.2,3,-10,10,500,0.8,1,eff,1,6.5,10,15
7.482433334471366,-85.97479807941954,1.7398467296524174,-244.70783885481768,18.38746875,-145.1084699469275,6.4809027685646114,-134.24743505638793,0.2,3,-10,10,500,0.8,1,eff,1,35,10,15
10.361951210723882,-87.89424806992096,1.7398467296524174,-283.78503973874643,18.38746875,-183.46293512212156,6.4809027685646114,-156.01111690801494,0.2,3,-10,10,500,0.8,1,eq,0.5,35,15,15
10.361951210723882,-83.52037815475732,0.664380693404857,-429.86995907747075,0.3268883333333333,-332.0224812643712,2.966853185231278,-131.680334550209,0.5,0.25,-20,2,400,0.7,0.5,eq,1,6.5,15,15
10.361951210723882,-87.89424806992096,0.664380693404857,-434.2438289926345,0.3268883333333333,-337.14704337853715,2.966853185231278,-131.9626470651829,0.5,0.25,-20,2,400,0.7,0.5,eq,0.5,35,15,15
10.361951210723882,-83.52037815475732,0.664380693404857,-429.86995907747075,0.3268883333333333,-332.0224812643712,2.966853185231278,-131.680334550209,0.5,0.25,-20,2,400,0.7,0.5,eq,1,35,15,15
10.361951210723882,-83.52037815475732,1.7398467296524174,-273.2593560888065,18.38746875,-177.42526770806063,6.4809027685646114,-152.58513059519984,0.2,3,-10,10,500,0.8,1,eff,1,35,15,15
7.482433334471366,-86.6232159880782,0.664380693404857,-401.4620867088748,0.3268883333333333,-298.7389339007801,2.966853185231278,-129.84674140524555,0.5,0.25,-20,2,400,0.7,0.5,eq,0.5,6.5,10,15
7.482433334471366,-84.88041588240203,0.664380693404857,-399.7192866031986,0.3268883333333333,-296.6970150584891,2.966853185231278,-129.73425194158062,0.5,0.25,-20,2,400,0.7,0.5,eq,1,6.5,10,15
10.361951210723882,-85.94628876042776,0.664380693404857,-432.29586968314135,0.3268883333333333,-334.8647536279437,2.966853185231278,-131.83691554997534,0.5,0.25,-20,2,400,0.7,0.5,eq,0.5,6.5,15,15
10.361951210723882,-85.94628876042776,1.7398467296524174,-275.6852666944769,18.38746875,-180.17109945503526,6.4809027685646114,-154.14321277119382,0.2,3,-10,10,500,0.8,1,eff,0.5,6.5,15,15
7.482433334471366,-85.97479807941954,0.664380693404857,-400.81366880021613,0.3268883333333333,-297.9792272992732,2.966853185231278,-129.80488911103282,0.5,0.25,-20,2,400,0.7,0.5,eq,1,35,10,15
7.482433334471366,-89.11140995875189,0.664380693404857,-403.9502806795485,0.3268883333333333,-301.6541793932243,2.966853185231278,-130.00734250020818,0.5,0.25,-20,2,400,0.7,0.5,eq,0.5,35,10,15
10.361951210723882,-87.89424806992096,1.7398467296524174,-277.6332260039701,18.38746875,-182.37594925449463,6.4809027685646114,-155.39432263146347,0.2,3,-10,10,500,0.8,1,eff,0.5,35,15,15
10.361951210723882,-83.52037815475732,1.7398467296524174,-273.2593560888065,18.38746875,-177.42526770806063,6.4809027685646114,-152.58513059519984,0.2,3,-10,10,500,0.8,1,eff,1,6.5,15,15
10.361951210723882,-83.52037815475732,0.664380693404857,-413.54845266914066,0.3268883333333333,-320.65089361640247,2.966853185231278,-131.053872925464,0.5,0.25,-20,2,400,0.7,0.5,eff,1,35,15,15
7.482433334471366,-86.6232159880782,1.7398467296524174,-245.35625676347632,18.38746875,-145.84239908437064,6.4809027685646114,-134.66389244084087,0.2,3,-10,10,500,0.8,1,eff,0.5,6.5,10,15
10.361951210723882,-83.52037815475732,0.664380693404857,-413.54845266914066,0.3268883333333333,-320.65089361640247,2.966853185231278,-131.053872925464,0.5,0.25,-20,2,400,0.7,0.5,eff,1,6.5,15,15
7.482433334471366,-84.88041588240203,0.664380693404857,-383.39778019486835,0.3268883333333333,-285.72395288690086,2.966853185231278,-129.12974511551167,0.5,0.25,-20,2,400,0.7,0.5,eff,1,6.5,10,15
7.482433334471366,-84.88041588240203,0.6968241909147566,-386.8635001834317,0.3268883333333333,-282.555665972118,2.966853185231278,-128.9552039494286,0.5,0.25,-20,2,400,0.7,1,eq,1,6.5,10,15
7.482433334471366,-85.97479807941954,0.664380693404857,-384.49216239188587,0.3268883333333333,-286.99169980586794,2.966853185231278,-129.19958538928944,0.5,0.25,-20,2,400,0.7,0.5,eff,1,35,10,15
10.361951210723882,-83.52037815475732,0.6968241909147566,-416.50939961443805,0.3268883333333333,-317.24518576727036,2.966853185231278,-130.8662522221269,0.5,0.25,-20,2,400,0.7,1,eq,1,35,15,15
10.361951210723882,-85.94628876042776,0.664380693404857,-415.9743632748111,0.3268883333333333,-323.46110078555347,2.966853185231278,-131.20868745124147,0.5,0.25,-20,2,400,0.7,0.5,eff,0.5,6.5,15,15
7.482433334471366,-86.6232159880782,0.6968241909147566,-388.6063002891079,0.3268883333333333,-284.5949665136953,2.966853185231278,-129.06754917070896,0.5,0.25,-20,2,400,0.7,1,eq,0.5,6.5,10,15
10.361951210723882,-87.89424806992096,0.6968241909147566,-420.8832695296017,0.3268883333333333,-322.3631767851281,2.966853185231278,-131.14820273490767,0.5,0.25,-20,2,400,0.7,1,eq,0.5,35,15,15
10.361951210723882,-87.89424806992096,0.664380693404857,-417.9223225843043,0.3268883333333333,-325.7176428048386,2.966853185231278,-131.33300052198126,0.5,0.25,-20,2,400,0.7,0.5,eff,0.5,35,15,15
10.361951210723882,-85.94628876042776,0.6968241909147566,-418.9353102201085,0.3268883333333333,-320.08381355717177,2.966853185231278,-131.0226324420537,0.5,0.25,-20,2,400,0.7,1,eq,0.5,6.5,15,15
7.482433334471366,-85.97479807941954,0.6968241909147566,-387.9578823804492,0.3268883333333333,-283.83623406472736,2.966853185231278,-129.02575054263332,0.5,0.25,-20,2,400,0.7,1,eq,1,35,10,15
10.361951210723882,-83.52037815475732,0.6968241909147566,-416.50939961443805,0.3268883333333333,-317.24518576727036,2.966853185231278,-130.8662522221269,0.5,0.25,-20,2,400,0.7,1,eq,1,6.5,15,15
7.482433334471366,-89.11140995875189,1.7398467296524174,-247.84445073415,18.38746875,-148.65872792158618,6.4809027685646114,-136.26197716246958,0.2,3,-10,10,500,0.8,1,eff,0.5,35,10,15
7.482433334471366,-86.6232159880782,0.664380693404857,-385.14058030054457,0.3268883333333333,-287.7428357508213,2.966853185231278,-129.24096552538356,0.5,0.25,-20,2,400,0.7,0.5,eff,0.5,6.5,10,15
7.482433334471366,-89.11140995875189,0.664380693404857,-387.6287742712182,0.3268883333333333,-290.6251927997977,2.966853185231278,-129.39975479350474,0.5,0.25,-20,2,400,0.7,0.5,eff,0.5,35,10,15
7.482433334471366,-89.11140995875189,0.6968241909147566,-391.0944942597815,0.3268883333333333,-287.50647386088417,2.966853185231278,-129.2279443309663,0.5,0.25,-20,2,400,0.7,1,eq,0.5,35,10,15
7.482433334471366,-89.11140995875189,0.6968241909147566,-375.46619496881556,0.3268883333333333,-277.3212089716915,2.966853185231278,-128.6668373168476,0.5,0.25,-20,2,400,0.7,1,eff,0.5,35,10,15
7.482433334471366,-84.88041588240203,0.6968241909147566,-371.2352008924657,0.3268883333333333,-272.4252908170938,2.966853185231278,-128.3971208149225,0.5,0.25,-20,2,400,0.7,1,eff,1,6.5,10,15
7.482433334471366,-85.97479807941954,0.6968241909147566,-372.3295830894832,0.3268883333333333,-273.69166121841647,2.966853185231278,-128.46688525623884,0.5,0.25,-20,2,400,0.7,1,eff,1,35,10,15
10.361951210723882,-83.52037815475732,0.664380693404857,-429.86995907747075,0.3268883333333333,-332.0224812643712,2.966853185231278,-131.680334550209,0.5,0.25,-20,2,400,0.8,0.5,eq,1,6.5,15,15
10.361951210723882,-85.94628876042776,0.6968241909147566,-403.30701092914245,0.3268883333333333,-309.53736286938135,2.966853185231278,-130.44162767493629,0.5,0.25,-20,2,400,0.7,1,eff,0.5,6.5,15,15
10.361951210723882,-83.52037815475732,0.6968241909147566,-400.881100323472,0.3268883333333333,-306.7302070185344,2.966853185231278,-130.28698124651538,0.5,0.25,-20,2,400,0.7,1,eff,1,6.5,15,15
7.482433334471366,-86.6232159880782,0.6968241909147566,-372.97800099814185,0.3268883333333333,-274.44198158113454,2.966853185231278,-128.50822046184584,0.5,0.25,-20,2,400,0.7,1,eff,0.5,6.5,10,15
10.361951210723882,-87.89424806992096,0.6968241909147566,-405.2549702386357,0.3268883333333333,-311.791454739194,2.966853185231278,-130.56580576675603,0.5,0.25,-20,2,400,0.7,1,eff,0.5,35,15,15
10.361951210723882,-83.52037815475732,0.6968241909147566,-400.881100323472,0.3268883333333333,-306.7302070185344,2.966853185231278,-130.28698124651538,0.5,0.25,-20,2,400,0.7,1,eff,1,35,15,15
7.482433334471366,-84.88041588240203,0.664380693404857,-399.7192866031986,0.3268883333333333,-296.6970150584891,2.966853185231278,-129.73425194158062,0.5,0.25,-20,2,400,0.8,0.5,eq,1,6.5,10,15
7.482433334471366,-85.97479807941954,0.664380693404857,-400.81366880021613,0.3268883333333333,-297.9792272992732,2.966853185231278,-129.80488911103282,0.5,0.25,-20,2,400,0.8,0.5,eq,1,35,10,15
10.361951210723882,-83.52037815475732,0.664380693404857,-429.86995907747075,0.3268883333333333,-332.0224812643712,2.966853185231278,-131.680334550209,0.5,0.25,-20,2,400,0.8,0.5,eq,1,35,15,15
10.361951210723882,-85.94628876042776,0.664380693404857,-432.29586968314135,0.3268883333333333,-334.8647536279437,2.966853185231278,-131.83691554997534,0.5,0.25,-20,2,400,0.8,0.5,eq,0.5,6.5,15,15
10.361951210723882,-83.52037815475732,0.664380693404857,-413.54845266914066,0.3268883333333333,-320.65089361640247,2.966853185231278,-131.053872925464,0.5,0.25,-20,2,400,0.8,0.5,eff,1,35,15,15
10.361951210723882,-87.89424806992096,0.664380693404857,-434.2438289926345,0.3268883333333333,-337.14704337853715,2.966853185231278,-131.9626470651829,0.5,0.25,-20,2,400,0.8,0.5,eq,0.5,35,15,15
7.482433334471366,-84.88041588240203,0.664380693404857,-383.39778019486835,0.3268883333333333,-285.72395288690086,2.966853185231278,-129.12974511551167,0.5,0.25,-20,2,400,0.8,0.5,eff,1,6.5,10,15
10.361951210723882,-85.94628876042776,0.664380693404857,-415.9743632748111,0.3268883333333333,-323.46110078555347,2.966853185231278,-131.20868745124147,0.5,0.25,-20,2,400,0.8,0.5,eff,0.5,6.5,15,15
7.482433334471366,-86.6232159880782,0.664380693404857,-385.14058030054457,0.3268883333333333,-287.7428357508213,2.966853185231278,-129.24096552538356,0.5,0.25,-20,2,400,0.8,0.5,eff,0.5,6.5,10,15
7.482433334471366,-89.11140995875189,0.664380693404857,-387.6287742712182,0.3268883333333333,-290.6251927997977,2.966853185231278,-129.39975479350474,0.5,0.25,-20,2,400,0.8,0.5,eff,0.5,35,10,15
10.361951210723882,-83.52037815475732,0.6968241909147566,-416.50939961443805,0.3268883333333333,-317.24518576727036,2.966853185231278,-130.8662522221269,0.5,0.25,-20,2,400,0.8,1,eq,1,6.5,15,15
7.482433334471366,-86.6232159880782,0.664380693404857,-401.4620867088748,0.3268883333333333,-298.7389339007801,2.966853185231278,-129.84674140524555,0.5,0.25,-20,2,400,0.8,0.5,eq,0.5,6.5,10,15
10.361951210723882,-83.52037815475732,0.664380693404857,-413.54845266914066,0.3268883333333333,-320.65089361640247,2.966853185231278,-131.053872925464,0.5,0.25,-20,2,400,0.8,0.5,eff,1,6.5,15,15
7.482433334471366,-85.97479807941954,0.664380693404857,-384.49216239188587,0.3268883333333333,-286.99169980586794,2.966853185231278,-129.19958538928944,0.5,0.25,-20,2,400,0.8,0.5,eff,1,35,10,15
10.361951210723882,-83.52037815475732,0.6968241909147566,-416.50939961443805,0.3268883333333333,-317.24518576727036,2.966853185231278,-130.8662522221269,0.5,0.25,-20,2,400,0.8,1,eq,1,35,15,15
7.482433334471366,-89.11140995875189,0.664380693404857,-403.9502806795485,0.3268883333333333,-301.6541793932243,2.966853185231278,-130.00734250020818,0.5,0.25,-20,2,400,0.8,0.5,eq,0.5,35,10,15
10.361951210723882,-87.89424806992096,0.664380693404857,-417.9223225843043,0.3268883333333333,-325.7176428048386,2.966853185231278,-131.33300052198126,0.5,0.25,-20,2,400,0.8,0.5,eff,0.5,35,15,15
10.361951210723882,-87.89424806992096,0.6968241909147566,-420.8832695296017,0.3268883333333333,-322.3631767851281,2.966853185231278,-131.14820273490767,0.5,0.25,-20,2,400,0.8,1,eq,0.5,35,15,15
7.482433334471366,-84.88041588240203,0.6968241909147566,-386.8635001834317,0.3268883333333333,-282.555665972118,2.966853185231278,-128.9552039494286,0.5,0.25,-20,2,400,0.8,1,eq,1,6.5,10,15
7.482433334471366,-89.11140995875189,0.6968241909147566,-391.0944942597815,0.3268883333333333,-287.50647386088417,2.966853185231278,-129.2279443309663,0.5,0.25,-20,2,400,0.8,1,eq,0.5,35,10,15
7.482433334471366,-86.6232159880782,0.6968241909147566,-388.6063002891079,0.3268883333333333,-284.5949665136953,2.966853185231278,-129.06754917070896,0.5,0.25,-20,2,400,0.8,1,eq,0.5,6.5,10,15
7.482433334471366,-85.97479807941954,0.6968241909147566,-372.3295830894832,0.3268883333333333,-273.69166121841647,2.966853185231278,-128.46688525623884,0.5,0.25,-20,2,400,0.8,1,eff,1,35,10,15
10.361951210723882,-83.52037815475732,0.6968241909147566,-400.881100323472,0.3268883333333333,-306.7302070185344,2.966853185231278,-130.28698124651538,0.5,0.25,-20,2,400,0.8,1,eff,1,6.5,15,15
7.482433334471366,-84.88041588240203,0.6968241909147566,-371.2352008924657,0.3268883333333333,-272.4252908170938,2.966853185231278,-128.3971208149225,0.5,0.25,-20,2,400,0.8,1,eff,1,6.5,10,15
10.361951210723882,-87.89424806992096,0.6968241909147566,-405.2549702386357,0.3268883333333333,-311.791454739194,2.966853185231278,-130.56580576675603,0.5,0.25,-20,2,400,0.8,1,eff,0.5,35,15,15
7.482433334471366,-86.6232159880782,0.6968241909147566,-372.97800099814185,0.3268883333333333,-274.44198158113454,2.966853185231278,-128.50822046184584,0.5,0.25,-20,2,400,0.8,1,eff,0.5,6.5,10,15
7.482433334471366,-84.88041588240203,0.664380693404857,-399.7192866031986,0.49033249999999995,-296.6993053229829,3.048575268564611,-134.21014810109565,0.5,0.25,-20,2,500,0.7,0.5,eq,1,6.5,10,15
10.361951210723882,-83.52037815475732,0.6968241909147566,-400.881100323472,0.3268883333333333,-306.7302070185344,2.966853185231278,-130.28698124651538,0.5,0.25,-20,2,400,0.8,1,eff,1,35,15,15
7.482433334471366,-89.11140995875189,0.6968241909147566,-375.46619496881556,0.3268883333333333,-277.3212089716915,2.966853185231278,-128.6668373168476,0.5,0.25,-20,2,400,0.8,1,eff,0.5,35,10,15
10.361951210723882,-85.94628876042776,0.664380693404857,-432.29586968314135,0.49033249999999995,-334.86704389250303,3.048575268564611,-137.27959546969404,0.5,0.25,-20,2,500,0.7,0.5,eq,0.5,6.5,15,15
10.361951210723882,-83.52037815475732,0.664380693404857,-429.86995907747075,0.49033249999999995,-332.02477152892067,3.048575268564611,-137.05102008759883,0.5,0.25,-20,2,500,0.7,0.5,eq,1,6.5,15,15
10.361951210723882,-85.94628876042776,0.6968241909147566,-403.30701092914245,0.3268883333333333,-309.53736286938135,2.966853185231278,-130.44162767493629,0.5,0.25,-20,2,400,0.8,1,eff,0.5,6.5,15,15
10.361951210723882,-85.94628876042776,0.6968241909147566,-418.9353102201085,0.3268883333333333,-320.08381355717177,2.966853185231278,-131.0226324420537,0.5,0.25,-20,2,400,0.8,1,eq,0.5,6.5,15,15
7.482433334471366,-85.97479807941954,0.6968241909147566,-387.9578823804492,0.3268883333333333,-283.83623406472736,2.966853185231278,-129.02575054263332,0.5,0.25,-20,2,400,0.8,1,eq,1,35,10,15
7.482433334471366,-85.97479807941954,0.664380693404857,-400.81366880021613,0.49033249999999995,-297.9815175638048,3.048575268564611,-134.3132635366987,0.5,0.25,-20,2,500,0.7,0.5,eq,1,35,10,15
7.482433334471366,-86.6232159880782,0.664380693404857,-401.4620867088748,0.49033249999999995,-298.7412241652792,3.048575268564611,-134.3743590984532,0.5,0.25,-20,2,500,0.7,0.5,eq,0.5,6.5,10,15
10.361951210723882,-83.52037815475732,0.664380693404857,-429.86995907747075,0.49033249999999995,-332.02477152892067,3.048575268564611,-137.05102008759883,0.5,0.25,-20,2,500,0.7,0.5,eq,1,35,15,15
10.361951210723882,-83.52037815475732,0.664380693404857,-413.54845266914066,0.49033249999999995,-320.6529836532115,3.048575268564611,-136.13650155232392,0.5,0.25,-20,2,500,0.7,0.5,eff,1,35,15,15
10.361951210723882,-87.89424806992096,0.664380693404857,-417.9223225843043,0.49033249999999995,-325.7197328412729,3.048575268564611,-136.54396923433808,0.5,0.25,-20,2,500,0.7,0.5,eff,0.5,35,15,15
7.482433334471366,-84.88041588240203,0.664380693404857,-383.39778019486835,0.49033249999999995,-285.72604292368476,3.048575268564611,-133.32767896200536,0.5,0.25,-20,2,500,0.7,0.5,eff,1,6.5,10,15
7.482433334471366,-89.11140995875189,0.664380693404857,-387.6287742712182,0.49033249999999995,-290.62728283672504,3.048575268564611,-133.72183639752,0.5,0.25,-20,2,500,0.7,0.5,eff,0.5,35,10,15
10.361951210723882,-85.94628876042776,0.664380693404857,-415.9743632748111,0.49033249999999995,-323.46319082235647,3.048575268564611,-136.36249825330304,0.5,0.25,-20,2,500,0.7,0.5,eff,0.5,6.5,15,15
7.482433334471366,-86.6232159880782,0.664380693404857,-385.14058030054457,0.49033249999999995,-287.7449257876073,3.048575268564611,-133.49003740729003,0.5,0.25,-20,2,500,0.7,0.5,eff,0.5,6.5,10,15
10.361951210723882,-83.52037815475732,0.664380693404857,-413.54845266914066,0.49033249999999995,-320.6529836532115,3.048575268564611,-136.13650155232392,0.5,0.25,-20,2,500,0.7,0.5,eff,1,6.5,15,15
7.482433334471366,-85.97479807941954,0.664380693404857,-384.49216239188587,0.49033249999999995,-286.9937898424858,3.048575268564611,-133.42963109723294,0.5,0.25,-20,2,500,0.7,0.5,eff,1,35,10,15
10.361951210723882,-85.94628876042776,0.6968241909147566,-418.9353102201085,0.49033249999999995,-320.08597529902096,3.048575268564611,-136.09090277267467,0.5,0.25,-20,2,500,0.7,1,eq,0.5,6.5,15,15
7.482433334471366,-89.11140995875189,0.664380693404857,-403.9502806795485,0.49033249999999995,-301.6564696575318,3.048575268564611,-134.60880297541254,0.5,0.25,-20,2,500,0.7,0.5,eq,0.5,35,10,15
7.482433334471366,-89.11140995875189,0.6968241909147566,-391.0944942597815,0.49033249999999995,-287.50863560276366,3.048575268564611,-133.47103496404156,0.5,0.25,-20,2,500,0.7,1,eq,0.5,35,10,15
7.482433334471366,-85.97479807941954,0.6968241909147566,-387.9578823804492,0.49033249999999995,-283.83839580691983,3.048575268564611,-133.17587448805568,0.5,0.25,-20,2,500,0.7,1,eq,1,35,10,15
7.482433334471366,-84.88041588240203,0.6968241909147566,-386.8635001834317,0.49033249999999995,-282.5578277142996,3.048575268564611,-133.07289127475798,0.5,0.25,-20,2,500,0.7,1,eq,1,6.5,10,15
7.482433334471366,-84.88041588240203,0.6968241909147566,-371.2352008924657,0.49033249999999995,-272.4272655748041,3.048575268564611,-132.2581920427125,0.5,0.25,-20,2,500,0.7,1,eff,1,6.5,10,15
7.482433334471366,-86.6232159880782,0.6968241909147566,-388.6063002891079,0.49033249999999995,-284.59712825588184,3.048575268564611,-133.2368917085205,0.5,0.25,-20,2,500,0.7,1,eq,0.5,6.5,10,15
10.361951210723882,-83.52037815475732,0.6968241909147566,-400.881100323472,0.49033249999999995,-306.73218177623863,3.048575268564611,-135.01699145580025,0.5,0.25,-20,2,500,0.7,1,eff,1,6.5,15,15
10.361951210723882,-83.52037815475732,0.6968241909147566,-400.881100323472,0.49033249999999995,-306.73218177623863,3.048575268564611,-135.01699145580025,0.5,0.25,-20,2,500,0.7,1,eff,1,35,15,15
10.361951210723882,-85.94628876042776,0.6968241909147566,-403.30701092914245,0.49033249999999995,-309.53933762708505,3.048575268564611,-135.2427427699352,0.5,0.25,-20,2,500,0.7,1,eff,0.5,6.5,15,15
10.361951210723882,-83.52037815475732,0.6968241909147566,-416.50939961443805,0.49033249999999995,-317.2473475094873,3.048575268564611,-135.86262048701758,0.5,0.25,-20,2,500,0.7,1,eq,1,35,15,15
10.361951210723882,-83.52037815475732,0.6968241909147566,-416.50939961443805,0.49033249999999995,-317.2473475094873,3.048575268564611,-135.86262048701758,0.5,0.25,-20,2,500,0.7,1,eq,1,6.5,15,15
10.361951210723882,-87.89424806992096,0.6968241909147566,-420.8832695296017,0.49033249999999995,-322.3653385273479,3.048575268564611,-136.2742090340745,0.5,0.25,-20,2,500,0.7,1,eq,0.5,35,15,15
7.482433334471366,-85.97479807941954,0.6968241909147566,-372.3295830894832,0.49033249999999995,-273.69363597608765,3.048575268564611,-132.36003347847912,0.5,0.25,-20,2,500,0.7,1,eff,1,35,10,15
10.361951210723882,-87.89424806992096,0.664380693404857,-434.2438289926345,0.49033249999999995,-337.14933364282336,3.048575268564611,-137.46313708182655,0.5,0.25,-20,2,500,0.7,0.5,eq,0.5,35,15,15
10.361951210723882,-87.89424806992096,0.6968241909147566,-405.2549702386357,0.49033249999999995,-311.7934294968888,3.048575268564611,-135.4240167101175,0.5,0.25,-20,2,500,0.7,1,eff,0.5,35,15,15
10.361951210723882,-83.52037815475732,0.664380693404857,-429.86995907747075,0.49033249999999995,-332.02477152892067,3.048575268564611,-137.05102008759883,0.5,0.25,-20,2,500,0.8,0.5,eq,1,6.5,15,15
7.482433334471366,-86.6232159880782,0.6968241909147566,-372.97800099814185,0.49033249999999995,-274.4439563390868,3.048575268564611,-132.4203741994685,0.5,0.25,-20,2,500,0.7,1,eff,0.5,6.5,10,15
7.482433334471366,-89.11140995875189,0.6968241909147566,-375.46619496881556,0.49033249999999995,-277.32318372940136,3.048575268564611,-132.6519215027152,0.5,0.25,-20,2,500,0.7,1,eff,0.5,35,10,15
7.482433334471366,-84.88041588240203,0.664380693404857,-399.7192866031986,0.49033249999999995,-296.6993053229829,3.048575268564611,-134.21014810109565,0.5,0.25,-20,2,500,0.8,0.5,eq,1,6.5,10,15
10.361951210723882,-85.94628876042776,0.664380693404857,-432.29586968314135,0.49033249999999995,-334.86704389250303,3.048575268564611,-137.27959546969404,0.5,0.25,-20,2,500,0.8,0.5,eq,0.5,6.5,15,15
7.482433334471366,-85.97479807941954,0.664380693404857,-400.81366880021613,0.49033249999999995,-297.9815175638048,3.048575268564611,-134.3132635366987,0.5,0.25,-20,2,500,0.8,0.5,eq,1,35,10,15
10.361951210723882,-83.52037815475732,0.664380693404857,-429.86995907747075,0.49033249999999995,-332.02477152892067,3.048575268564611,-137.05102008759883,0.5,0.25,-20,2,500,0.8,0.5,eq,1,35,15,15
10.361951210723882,-83.52037815475732,0.664380693404857,-413.54845266914066,0.49033249999999995,-320.6529836532115,3.048575268564611,-136.13650155232392,0.5,0.25,-20,2,500,0.8,0.5,eff,1,35,15,15
7.482433334471366,-89.11140995875189,0.664380693404857,-403.9502806795485,0.49033249999999995,-301.6564696575318,3.048575268564611,-134.60880297541254,0.5,0.25,-20,2,500,0.8,0.5,eq,0.5,35,10,15
7.482433334471366,-84.88041588240203,0.664380693404857,-383.39778019486835,0.49033249999999995,-285.72604292368476,3.048575268564611,-133.32767896200536,0.5,0.25,-20,2,500,0.8,0.5,eff,1,6.5,10,15
10.361951210723882,-87.89424806992096,0.664380693404857,-434.2438289926345,0.49033249999999995,-337.14933364282336,3.048575268564611,-137.46313708182655,0.5,0.25,-20,2,500,0.8,0.5,eq,0.5,35,15,15
10.361951210723882,-83.52037815475732,0.664380693404857,-413.54845266914066,0.49033249999999995,-320.6529836532115,3.048575268564611,-136.13650155232392,0.5,0.25,-20,2,500,0.8,0.5,eff,1,6.5,15,15
10.361951210723882,-85.94628876042776,0.664380693404857,-415.9743632748111,0.49033249999999995,-323.46319082235647,3.048575268564611,-136.36249825330304,0.5,0.25,-20,2,500,0.8,0.5,eff,0.5,6.5,15,15
7.482433334471366,-85.97479807941954,0.664380693404857,-384.49216239188587,0.49033249999999995,-286.9937898424858,3.048575268564611,-133.42963109723294,0.5,0.25,-20,2,500,0.8,0.5,eff,1,35,10,15
7.482433334471366,-86.6232159880782,0.664380693404857,-385.14058030054457,0.49033249999999995,-287.7449257876073,3.048575268564611,-133.49003740729003,0.5,0.25,-20,2,500,0.8,0.5,eff,0.5,6.5,10,15
7.482433334471366,-89.11140995875189,0.664380693404857,-387.6287742712182,0.49033249999999995,-290.62728283672504,3.048575268564611,-133.72183639752,0.5,0.25,-20,2,500,0.8,0.5,eff,0.5,35,10,15
10.361951210723882,-83.52037815475732,0.6968241909147566,-416.50939961443805,0.49033249999999995,-317.2473475094873,3.048575268564611,-135.86262048701758,0.5,0.25,-20,2,500,0.8,1,eq,1,6.5,15,15
7.482433334471366,-84.88041588240203,0.6968241909147566,-386.8635001834317,0.49033249999999995,-282.5578277142996,3.048575268564611,-133.07289127475798,0.5,0.25,-20,2,500,0.8,1,eq,1,6.5,10,15
7.482433334471366,-85.97479807941954,0.6968241909147566,-387.9578823804492,0.49033249999999995,-283.83839580691983,3.048575268564611,-133.17587448805568,0.5,0.25,-20,2,500,0.8,1,eq,1,35,10,15
10.361951210723882,-83.52037815475732,0.6968241909147566,-416.50939961443805,0.49033249999999995,-317.2473475094873,3.048575268564611,-135.86262048701758,0.5,0.25,-20,2,500,0.8,1,eq,1,35,15,15
7.482433334471366,-86.6232159880782,0.664380693404857,-401.4620867088748,0.49033249999999995,-298.7412241652792,3.048575268564611,-134.3743590984532,0.5,0.25,-20,2,500,0.8,0.5,eq,0.5,6.5,10,15
7.482433334471366,-84.88041588240203,0.6968241909147566,-371.2352008924657,0.49033249999999995,-272.4272655748041,3.048575268564611,-132.2581920427125,0.5,0.25,-20,2,500,0.8,1,eff,1,6.5,10,15
7.482433334471366,-86.6232159880782,0.6968241909147566,-388.6063002891079,0.49033249999999995,-284.59712825588184,3.048575268564611,-133.2368917085205,0.5,0.25,-20,2,500,0.8,1,eq,0.5,6.5,10,15
10.361951210723882,-85.94628876042776,0.6968241909147566,-403.30701092914245,0.49033249999999995,-309.53933762708505,3.048575268564611,-135.2427427699352,0.5,0.25,-20,2,500,0.8,1,eff,0.5,6.5,15,15
10.361951210723882,-83.52037815475732,0.6968241909147566,-400.881100323472,0.49033249999999995,-306.73218177623863,3.048575268564611,-135.01699145580025,0.5,0.25,-20,2,500,0.8,1,eff,1,35,15,15
7.482433334471366,-85.97479807941954,0.6968241909147566,-372.3295830894832,0.49033249999999995,-273.69363597608765,3.048575268564611,-132.36003347847912,0.5,0.25,-20,2,500,0.8,1,eff,1,35,10,15
10.361951210723882,-87.89424806992096,0.6968241909147566,-420.8832695296017,0.49033249999999995,-322.3653385273479,3.048575268564611,-136.2742090340745,0.5,0.25,-20,2,500,0.8,1,eq,0.5,35,15,15
10.361951210723882,-87.89424806992096,0.664380693404857,-417.9223225843043,0.49033249999999995,-325.7197328412729,3.048575268564611,-136.54396923433808,0.5,0.25,-20,2,500,0.8,0.5,eff,0.5,35,15,15
7.482433334471366,-86.6232159880782,0.6968241909147566,-372.97800099814185,0.49033249999999995,-274.4439563390868,3.048575268564611,-132.4203741994685,0.5,0.25,-20,2,500,0.8,1,eff,0.5,6.5,10,15
7.482433334471366,-89.11140995875189,0.6968241909147566,-391.0944942597815,0.49033249999999995,-287.50863560276366,3.048575268564611,-133.47103496404156,0.5,0.25,-20,2,500,0.8,1,eq,0.5,35,10,15
7.482433334471366,-89.11140995875189,0.6968241909147566,-375.46619496881556,0.49033249999999995,-277.32318372940136,3.048575268564611,-132.6519215027152,0.5,0.25,-20,2,500,0.8,1,eff,0.5,35,10,15
10.361951210723882,-83.52037815475732,0.6968241909147566,-400.881100323472,0.49033249999999995,-306.73218177623863,3.048575268564611,-135.01699145580025,0.5,0.25,-20,2,500,0.8,1,eff,1,6.5,15,15
10.361951210723882,-87.89424806992096,0.6968241909147566,-405.2549702386357,0.49033249999999995,-311.7934294968888,3.048575268564611,-135.4240167101175,0.5,0.25,-20,2,500,0.8,1,eff,0.5,35,15,15
10.361951210723882,-83.52037815475732,0.664380693404857,-429.86995907747075,1.6344416666666668,-332.0408033789782,3.6206298518979443,-167.86022574144155,0.5,0.25,-20,10,400,0.7,0.5,eq,1,6.5,15,15
10.361951210723882,-85.94628876042776,0.664380693404857,-432.29586968314135,1.6344416666666668,-334.88307574291053,3.6206298518979443,-168.5017616854142,0.5,0.25,-20,10,400,0.7,0.5,eq,0.5,6.5,15,15
10.361951210723882,-85.94628876042776,0.6968241909147566,-418.9353102201085,0.49033249999999995,-320.08597529902096,3.048575268564611,-136.09090277267467,0.5,0.25,-20,2,500,0.8,1,eq,0.5,6.5,15,15
7.482433334471366,-86.6232159880782,0.664380693404857,-401.4620867088748,1.6344416666666668,-298.7572560156889,3.6206298518979443,-160.34771840842643,0.5,0.25,-20,10,400,0.7,0.5,eq,0.5,6.5,10,15
10.361951210723882,-87.89424806992096,0.664380693404857,-434.2438289926345,1.6344416666666668,-337.1653654931433,3.6206298518979443,-169.01690264372448,0.5,0.25,-20,10,400,0.7,0.5,eq,0.5,35,15,15
10.361951210723882,-83.52037815475732,0.664380693404857,-413.54845266914066,1.6344416666666668,-320.66761391048266,3.6206298518979443,-165.29315654207855,0.5,0.25,-20,10,400,0.7,0.5,eff,1,6.5,15,15
7.482433334471366,-85.97479807941954,0.664380693404857,-400.81366880021613,1.6344416666666668,-297.99754941421435,3.6206298518979443,-160.17624325428437,0.5,0.25,-20,10,400,0.7,0.5,eq,1,35,10,15
7.482433334471366,-89.11140995875189,0.664380693404857,-403.9502806795485,1.6344416666666668,-301.67250150794194,3.6206298518979443,-161.00572528789291,0.5,0.25,-20,10,400,0.7,0.5,eq,0.5,35,10,15
7.482433334471366,-84.88041588240203,0.664380693404857,-399.7192866031986,1.6344416666666668,-296.71533717309995,3.6206298518979443,-159.88683212996168,0.5,0.25,-20,10,400,0.7,0.5,eq,1,6.5,10,15
10.361951210723882,-83.52037815475732,0.664380693404857,-429.86995907747075,1.6344416666666668,-332.0408033789782,3.6206298518979443,-167.86022574144155,0.5,0.25,-20,10,400,0.7,0.5,eq,1,35,15,15
10.361951210723882,-83.52037815475732,0.664380693404857,-413.54845266914066,1.6344416666666668,-320.66761391048266,3.6206298518979443,-165.29315654207855,0.5,0.25,-20,10,400,0.7,0.5,eff,1,35,15,15
10.361951210723882,-87.89424806992096,0.664380693404857,-417.9223225843043,1.6344416666666668,-325.7343630985443,3.6206298518979443,-166.43678435357333,0.5,0.25,-20,10,400,0.7,0.5,eff,0.5,35,15,15
7.482433334471366,-86.6232159880782,0.664380693404857,-385.14058030054457,1.6344416666666668,-287.7595560448789,3.6206298518979443,-157.86540182193974,0.5,0.25,-20,10,400,0.7,0.5,eff,0.5,6.5,10,15
7.482433334471366,-85.97479807941954,0.664380693404857,-384.49216239188587,1.6344416666666668,-287.00842009976435,3.6206298518979443,-157.69586117069323,0.5,0.25,-20,10,400,0.7,0.5,eff,1,35,10,15
10.361951210723882,-85.94628876042776,0.664380693404857,-415.9743632748111,1.6344416666666668,-323.4778210792613,3.6206298518979443,-165.92745497584536,0.5,0.25,-20,10,400,0.7,0.5,eff,0.5,6.5,15,15
7.482433334471366,-84.88041588240203,0.664380693404857,-383.39778019486835,1.6344416666666668,-285.7406731809545,3.6206298518979443,-157.40971504810562,0.5,0.25,-20,10,400,0.7,0.5,eff,1,6.5,10,15
7.482433334471366,-89.11140995875189,0.664380693404857,-387.6287742712182,1.6344416666666668,-290.6419130940037,3.6206298518979443,-158.51598537397427,0.5,0.25,-20,10,400,0.7,0.5,eff,0.5,35,10,15
10.361951210723882,-83.52037815475732,0.6968241909147566,-416.50939961443805,1.6344416666666668,-317.2624797036793,3.6206298518979443,-164.52457573489187,0.5,0.25,-20,10,400,0.7,1,eq,1,35,15,15
10.361951210723882,-83.52037815475732,0.6968241909147566,-416.50939961443805,1.6344416666666668,-317.2624797036793,3.6206298518979443,-164.52457573489187,0.5,0.25,-20,10,400,0.7,1,eq,1,6.5,15,15
7.482433334471366,-86.6232159880782,0.6968241909147566,-388.6063002891079,1.6344416666666668,-284.61226045027405,3.6206298518979443,-157.1550183710545,0.5,0.25,-20,10,400,0.7,1,eq,0.5,6.5,10,15
10.361951210723882,-85.94628876042776,0.6968241909147566,-418.9353102201085,1.6344416666666668,-320.1011074934446,3.6206298518979443,-165.1652890535038,0.5,0.25,-20,10,400,0.7,1,eq,0.5,6.5,15,15
7.482433334471366,-84.88041588240203,0.6968241909147566,-386.8635001834317,1.6344416666666668,-282.5729599087284,3.6206298518979443,-156.69472307544308,0.5,0.25,-20,10,400,0.7,1,eq,1,6.5,10,15
7.482433334471366,-85.97479807941954,0.6968241909147566,-387.9578823804492,1.6344416666666668,-283.85352800131176,3.6206298518979443,-156.98376309515461,0.5,0.25,-20,10,400,0.7,1,eq,1,35,10,15
10.361951210723882,-83.52037815475732,0.6968241909147566,-400.881100323472,1.6344416666666668,-306.74600508064475,3.6206298518979443,-162.15087764734503,0.5,0.25,-20,10,400,0.7,1,eff,1,6.5,15,15
10.361951210723882,-87.89424806992096,0.6968241909147566,-420.8832695296017,1.6344416666666668,-322.3804707215408,3.6206298518979443,-165.6797694596569,0.5,0.25,-20,10,400,0.7,1,eq,0.5,35,15,15
7.482433334471366,-84.88041588240203,0.6968241909147566,-371.2352008924657,1.6344416666666668,-272.44108887893793,3.6206298518979443,-154.40783476460095,0.5,0.25,-20,10,400,0.7,1,eff,1,6.5,10,15
7.482433334471366,-89.11140995875189,0.6968241909147566,-391.0944942597815,1.6344416666666668,-287.52376779719674,3.6206298518979443,-157.8121815049941,0.5,0.25,-20,10,400,0.7,1,eq,0.5,35,10,15
10.361951210723882,-83.52037815475732,0.6968241909147566,-400.881100323472,1.6344416666666668,-306.74600508064475,3.6206298518979443,-162.15087764734503,0.5,0.25,-20,10,400,0.7,1,eff,1,35,15,15
7.482433334471366,-84.88041588240203,0.664380693404857,-399.7192866031986,1.6344416666666668,-296.71533717309995,3.6206298518979443,-159.88683212996168,0.5,0.25,-20,10,400,0.8,0.5,eq,1,6.5,10,15
10.361951210723882,-83.52037815475732,0.664380693404857,-429.86995907747075,1.6344416666666668,-332.0408033789782,3.6206298518979443,-167.86022574144155,0.5,0.25,-20,10,400,0.8,0.5,eq,1,6.5,15,15
7.482433334471366,-85.97479807941954,0.6968241909147566,-372.3295830894832,1.6344416666666668,-273.70745928049814,3.6206298518979443,-154.69367019026026,0.5,0.25,-20,10,400,0.7,1,eff,1,35,10,15
7.482433334471366,-89.11140995875189,0.6968241909147566,-375.46619496881556,1.6344416666666668,-277.337007033803,3.6206298518979443,-155.51290390398097,0.5,0.25,-20,10,400,0.7,1,eff,0.5,35,10,15
10.361951210723882,-85.94628876042776,0.6968241909147566,-403.30701092914245,1.6344416666666668,-309.5531609315004,3.6206298518979443,-162.7844873610058,0.5,0.25,-20,10,400,0.7,1,eff,0.5,6.5,15,15
7.482433334471366,-86.6232159880782,0.6968241909147566,-372.97800099814185,1.6344416666666668,-274.45777964325316,3.6206298518979443,-154.86302675450446,0.5,0.25,-20,10,400,0.7,1,eff,0.5,6.5,10,15
10.361951210723882,-87.89424806992096,0.664380693404857,-434.2438289926345,1.6344416666666668,-337.1653654931433,3.6206298518979443,-169.01690264372448,0.5,0.25,-20,10,400,0.8,0.5,eq,0.5,35,15,15
10.361951210723882,-85.94628876042776,0.664380693404857,-432.29586968314135,1.6344416666666668,-334.88307574291053,3.6206298518979443,-168.5017616854142,0.5,0.25,-20,10,400,0.8,0.5,eq,0.5,6.5,15,15
7.482433334471366,-85.97479807941954,0.664380693404857,-400.81366880021613,1.6344416666666668,-297.99754941421435,3.6206298518979443,-160.17624325428437,0.5,0.25,-20,10,400,0.8,0.5,eq,1,35,10,15
7.482433334471366,-89.11140995875189,0.664380693404857,-403.9502806795485,1.6344416666666668,-301.67250150794194,3.6206298518979443,-161.00572528789291,0.5,0.25,-20,10,400,0.8,0.5,eq,0.5,35,10,15
10.361951210723882,-87.89424806992096,0.6968241909147566,-405.2549702386357,1.6344416666666668,-311.80725280130457,3.6206298518979443,-163.29326370976338,0.5,0.25,-20,10,400,0.7,1,eff,0.5,35,15,15
7.482433334471366,-84.88041588240203,0.664380693404857,-383.39778019486835,1.6344416666666668,-285.7406731809545,3.6206298518979443,-157.40971504810562,0.5,0.25,-20,10,400,0.8,0.5,eff,1,6.5,10,15
10.361951210723882,-85.94628876042776,0.664380693404857,-415.9743632748111,1.6344416666666668,-323.4778210792613,3.6206298518979443,-165.92745497584536,0.5,0.25,-20,10,400,0.8,0.5,eff,0.5,6.5,15,15
10.361951210723882,-83.52037815475732,0.664380693404857,-429.86995907747075,1.6344416666666668,-332.0408033789782,3.6206298518979443,-167.86022574144155,0.5,0.25,-20,10,400,0.8,0.5,eq,1,35,15,15
7.482433334471366,-85.97479807941954,0.664380693404857,-384.49216239188587,1.6344416666666668,-287.00842009976435,3.6206298518979443,-157.69586117069323,0.5,0.25,-20,10,400,0.8,0.5,eff,1,35,10,15
10.361951210723882,-83.52037815475732,0.664380693404857,-413.54845266914066,1.6344416666666668,-320.66761391048266,3.6206298518979443,-165.29315654207855,0.5,0.25,-20,10,400,0.8,0.5,eff,1,6.5,15,15
7.482433334471366,-86.6232159880782,0.664380693404857,-401.4620867088748,1.6344416666666668,-298.7572560156889,3.6206298518979443,-160.34771840842643,0.5,0.25,-20,10,400,0.8,0.5,eq,0.5,6.5,10,15
7.482433334471366,-89.11140995875189,0.664380693404857,-387.6287742712182,1.6344416666666668,-290.6419130940037,3.6206298518979443,-158.51598537397427,0.5,0.25,-20,10,400,0.8,0.5,eff,0.5,35,10,15
7.482433334471366,-85.97479807941954,0.6968241909147566,-387.9578823804492,1.6344416666666668,-283.85352800131176,3.6206298518979443,-156.98376309515461,0.5,0.25,-20,10,400,0.8,1,eq,1,35,10,15
7.482433334471366,-86.6232159880782,0.664380693404857,-385.14058030054457,1.6344416666666668,-287.7595560448789,3.6206298518979443,-157.86540182193974,0.5,0.25,-20,10,400,0.8,0.5,eff,0.5,6.5,10,15
10.361951210723882,-83.52037815475732,0.664380693404857,-413.54845266914066,1.6344416666666668,-320.66761391048266,3.6206298518979443,-165.29315654207855,0.5,0.25,-20,10,400,0.8,0.5,eff,1,35,15,15
10.361951210723882,-83.52037815475732,0.6968241909147566,-416.50939961443805,1.6344416666666668,-317.2624797036793,3.6206298518979443,-164.52457573489187,0.5,0.25,-20,10,400,0.8,1,eq,1,6.5,15,15
10.361951210723882,-87.89424806992096,0.664380693404857,-417.9223225843043,1.6344416666666668,-325.7343630985443,3.6206298518979443,-166.43678435357333,0.5,0.25,-20,10,400,0.8,0.5,eff,0.5,35,15,15
7.482433334471366,-86.6232159880782,0.6968241909147566,-388.6063002891079,1.6344416666666668,-284.61226045027405,3.6206298518979443,-157.1550183710545,0.5,0.25,-20,10,400,0.8,1,eq,0.5,6.5,10,15
7.482433334471366,-89.11140995875189,0.6968241909147566,-391.0944942597815,1.6344416666666668,-287.52376779719674,3.6206298518979443,-157.8121815049941,0.5,0.25,-20,10,400,0.8,1,eq,0.5,35,10,15
10.361951210723882,-87.89424806992096,0.6968241909147566,-420.8832695296017,1.6344416666666668,-322.3804707215408,3.6206298518979443,-165.6797694596569,0.5,0.25,-20,10,400,0.8,1,eq,0.5,35,15,15
10.361951210723882,-83.52037815475732,0.6968241909147566,-416.50939961443805,1.6344416666666668,-317.2624797036793,3.6206298518979443,-164.52457573489187,0.5,0.25,-20,10,400,0.8,1,eq,1,35,15,15
10.361951210723882,-87.89424806992096,0.6968241909147566,-405.2549702386357,1.6344416666666668,-311.80725280130457,3.6206298518979443,-163.29326370976338,0.5,0.25,-20,10,400,0.8,1,eff,0.5,35,15,15
10.361951210723882,-85.94628876042776,0.6968241909147566,-403.30701092914245,1.6344416666666668,-309.5531609315004,3.6206298518979443,-162.7844873610058,0.5,0.25,-20,10,400,0.8,1,eff,0.5,6.5,15,15
7.482433334471366,-84.88041588240203,0.6968241909147566,-371.2352008924657,1.6344416666666668,-272.44108887893793,3.6206298518979443,-154.40783476460095,0.5,0.25,-20,10,400,0.8,1,eff,1,6.5,10,15
10.361951210723882,-83.52037815475732,0.6968241909147566,-400.881100323472,1.6344416666666668,-306.74600508064475,3.6206298518979443,-162.15087764734503,0.5,0.25,-20,10,400,0.8,1,eff,1,6.5,15,15
7.482433334471366,-89.11140995875189,0.6968241909147566,-375.46619496881556,1.6344416666666668,-277.337007033803,3.6206298518979443,-155.51290390398097,0.5,0.25,-20,10,400,0.8,1,eff,0.5,35,10,15
7.482433334471366,-86.6232159880782,0.6968241909147566,-372.97800099814185,1.6344416666666668,-274.45777964325316,3.6206298518979443,-154.86302675450446,0.5,0.25,-20,10,400,0.8,1,eff,0.5,6.5,10,15
10.361951210723882,-85.94628876042776,0.6968241909147566,-418.9353102201085,1.6344416666666668,-320.1011074934446,3.6206298518979443,-165.1652890535038,0.5,0.25,-20,10,400,0.8,1,eq,0.5,6.5,15,15
7.482433334471366,-84.88041588240203,0.6968241909147566,-386.8635001834317,1.6344416666666668,-282.5729599087284,3.6206298518979443,-156.69472307544308,0.5,0.25,-20,10,400,0.8,1,eq,1,6.5,10,15
7.482433334471366,-85.97479807941954,0.664380693404857,-400.81366880021613,2.4516625,-298.00900073581613,4.029240268564611,-174.1563623260849,0.5,0.25,-20,10,500,0.7,0.5,eq,1,35,10,15
7.482433334471366,-85.97479807941954,0.6968241909147566,-372.3295830894832,1.6344416666666668,-273.70745928049814,3.6206298518979443,-154.69367019026026,0.5,0.25,-20,10,400,0.8,1,eff,1,35,10,15
10.361951210723882,-83.52037815475732,0.6968241909147566,-400.881100323472,1.6344416666666668,-306.74600508064475,3.6206298518979443,-162.15087764734503,0.5,0.25,-20,10,400,0.8,1,eff,1,35,15,15
10.361951210723882,-83.52037815475732,0.664380693404857,-429.86995907747075,2.4516625,-332.05225470081655,4.029240268564611,-184.51347229730285,0.5,0.25,-20,10,500,0.7,0.5,eq,1,35,15,15
7.482433334471366,-86.6232159880782,0.664380693404857,-401.4620867088748,2.4516625,-298.7687073373171,4.029240268564611,-174.38749078477144,0.5,0.25,-20,10,500,0.7,0.5,eq,0.5,6.5,10,15
7.482433334471366,-84.88041588240203,0.664380693404857,-399.7192866031986,2.4516625,-296.7267884948856,4.029240268564611,-173.7662699688909,0.5,0.25,-20,10,500,0.7,0.5,eq,1,6.5,10,15
10.361951210723882,-83.52037815475732,0.664380693404857,-413.54845266914066,2.4516625,-320.6780640940088,4.029240268564611,-181.05305858158073,0.5,0.25,-20,10,500,0.7,0.5,eff,1,35,15,15
10.361951210723882,-83.52037815475732,0.664380693404857,-429.86995907747075,2.4516625,-332.05225470081655,4.029240268564611,-184.51347229730285,0.5,0.25,-20,10,500,0.7,0.5,eq,1,6.5,15,15
7.482433334471366,-86.6232159880782,0.664380693404857,-385.14058030054457,2.4516625,-287.7700062287533,4.029240268564611,-171.04131368198716,0.5,0.25,-20,10,500,0.7,0.5,eff,0.5,6.5,10,15
10.361951210723882,-85.94628876042776,0.664380693404857,-415.9743632748111,2.4516625,-323.4882712631597,4.029240268564611,-181.9080187073878,0.5,0.25,-20,10,500,0.7,0.5,eff,0.5,6.5,15,15
7.482433334471366,-85.97479807941954,0.664380693404857,-384.49216239188587,2.4516625,-287.01887028363143,4.029240268564611,-170.8127927070251,0.5,0.25,-20,10,500,0.7,0.5,eff,1,35,10,15
10.361951210723882,-85.94628876042776,0.664380693404857,-432.29586968314135,2.4516625,-334.8945270645186,4.029240268564611,-185.37818774046477,0.5,0.25,-20,10,500,0.7,0.5,eq,0.5,6.5,15,15
7.482433334471366,-84.88041588240203,0.664380693404857,-383.39778019486835,2.4516625,-285.751123364829,4.029240268564611,-170.42710119036786,0.5,0.25,-20,10,500,0.7,0.5,eff,1,6.5,10,15
10.361951210723882,-87.89424806992096,0.664380693404857,-417.9223225843043,2.4516625,-325.74481328245434,4.029240268564611,-182.59453515709433,0.5,0.25,-20,10,500,0.7,0.5,eff,0.5,35,15,15
10.361951210723882,-83.52037815475732,0.6968241909147566,-416.50939961443805,2.4516625,-317.273288414068,4.029240268564611,-180.01721059299746,0.5,0.25,-20,10,500,0.7,1,eq,1,6.5,15,15
10.361951210723882,-83.52037815475732,0.664380693404857,-413.54845266914066,2.4516625,-320.6780640940088,4.029240268564611,-181.05305858158073,0.5,0.25,-20,10,500,0.7,0.5,eff,1,6.5,15,15
7.482433334471366,-85.97479807941954,0.6968241909147566,-387.9578823804492,2.4516625,-283.86433671136524,4.029240268564611,-169.8530768364608,0.5,0.25,-20,10,500,0.7,1,eq,1,35,10,15
10.361951210723882,-83.52037815475732,0.6968241909147566,-416.50939961443805,2.4516625,-317.273288414068,4.029240268564611,-180.01721059299746,0.5,0.25,-20,10,500,0.7,1,eq,1,35,15,15
7.482433334471366,-84.88041588240203,0.6968241909147566,-386.8635001834317,2.4516625,-282.58376861875496,4.029240268564611,-169.4634846848283,0.5,0.25,-20,10,500,0.7,1,eq,1,6.5,10,15
7.482433334471366,-89.11140995875189,0.664380693404857,-403.9502806795485,2.4516625,-301.68395282977093,4.029240268564611,-175.2744071233061,0.5,0.25,-20,10,500,0.7,0.5,eq,0.5,35,10,15
7.482433334471366,-89.11140995875189,0.664380693404857,-387.6287742712182,2.4516625,-290.6523632775583,4.029240268564611,-171.91822424293056,0.5,0.25,-20,10,500,0.7,0.5,eff,0.5,35,10,15
7.482433334471366,-86.6232159880782,0.6968241909147566,-388.6063002891079,2.4516625,-284.62306916033594,4.029240268564611,-170.08390892497982,0.5,0.25,-20,10,500,0.7,1,eq,0.5,6.5,10,15
10.361951210723882,-83.52037815475732,0.6968241909147566,-400.881100323472,2.4516625,-306.75587886958306,4.029240268564611,-176.81745867220388,0.5,0.25,-20,10,500,0.7,1,eff,1,35,15,15
7.482433334471366,-84.88041588240203,0.6968241909147566,-371.2352008924657,2.4516625,-272.4509626678058,4.029240268564611,-166.3807421932062,0.5,0.25,-20,10,500,0.7,1,eff,1,6.5,10,15
7.482433334471366,-85.97479807941954,0.6968241909147566,-372.3295830894832,2.4516625,-273.71733306912756,4.029240268564611,-166.76601492666077,0.5,0.25,-20,10,500,0.7,1,eff,1,35,10,15
10.361951210723882,-87.89424806992096,0.6968241909147566,-420.8832695296017,2.4516625,-322.391279431927,4.029240268564611,-181.57427666717962,0.5,0.25,-20,10,500,0.7,1,eq,0.5,35,15,15
10.361951210723882,-83.52037815475732,0.6968241909147566,-400.881100323472,2.4516625,-306.75587886958306,4.029240268564611,-176.81745867220388,0.5,0.25,-20,10,500,0.7,1,eff,1,6.5,15,15
10.361951210723882,-87.89424806992096,0.664380693404857,-434.2438289926345,2.4516625,-337.17681681471817,4.029240268564611,-186.07253752128494,0.5,0.25,-20,10,500,0.7,0.5,eq,0.5,35,15,15
10.361951210723882,-87.89424806992096,0.6968241909147566,-405.2549702386357,2.4516625,-311.8171265898901,4.029240268564611,-178.35726151492537,0.5,0.25,-20,10,500,0.7,1,eff,0.5,35,15,15
10.361951210723882,-83.52037815475732,0.664380693404857,-429.86995907747075,2.4516625,-332.05225470081655,4.029240268564611,-184.51347229730285,0.5,0.25,-20,10,500,0.8,0.5,eq,1,35,15,15
7.482433334471366,-84.88041588240203,0.664380693404857,-399.7192866031986,2.4516625,-296.7267884948856,4.029240268564611,-173.7662699688909,0.5,0.25,-20,10,500,0.8,0.5,eq,1,6.5,10,15
7.482433334471366,-86.6232159880782,0.6968241909147566,-372.97800099814185,2.4516625,-274.46765343211547,4.029240268564611,-166.9942877739361,0.5,0.25,-20,10,500,0.7,1,eff,0.5,6.5,10,15
10.361951210723882,-85.94628876042776,0.6968241909147566,-403.30701092914245,2.4516625,-309.56303472040594,4.029240268564611,-177.67149048371078,0.5,0.25,-20,10,500,0.7,1,eff,0.5,6.5,15,15
7.482433334471366,-89.11140995875189,0.6968241909147566,-375.46619496881556,2.4516625,-277.346880822715,4.029240268564611,-167.87024618693735,0.5,0.25,-20,10,500,0.7,1,eff,0.5,35,10,15
7.482433334471366,-89.11140995875189,0.6968241909147566,-391.0944942597815,2.4516625,-287.5345765075249,4.029240268564611,-170.96968799321598,0.5,0.25,-20,10,500,0.7,1,eq,0.5,35,10,15
10.361951210723882,-83.52037815475732,0.664380693404857,-429.86995907747075,2.4516625,-332.05225470081655,4.029240268564611,-184.51347229730285,0.5,0.25,-20,10,500,0.8,0.5,eq,1,6.5,15,15
7.482433334471366,-85.97479807941954,0.664380693404857,-400.81366880021613,2.4516625,-298.00900073581613,4.029240268564611,-174.1563623260849,0.5,0.25,-20,10,500,0.8,0.5,eq,1,35,10,15
10.361951210723882,-83.52037815475732,0.664380693404857,-413.54845266914066,2.4516625,-320.6780640940088,4.029240268564611,-181.05305858158073,0.5,0.25,-20,10,500,0.8,0.5,eff,1,6.5,15,15
10.361951210723882,-85.94628876042776,0.6968241909147566,-418.9353102201085,2.4516625,-320.11191620383585,4.029240268564611,-180.8808172334263,0.5,0.25,-20,10,500,0.7,1,eq,0.5,6.5,15,15
7.482433334471366,-84.88041588240203,0.664380693404857,-383.39778019486835,2.4516625,-285.751123364829,4.029240268564611,-170.42710119036786,0.5,0.25,-20,10,500,0.8,0.5,eff,1,6.5,10,15
10.361951210723882,-85.94628876042776,0.664380693404857,-432.29586968314135,2.4516625,-334.8945270645186,4.029240268564611,-185.37818774046477,0.5,0.25,-20,10,500,0.8,0.5,eq,0.5,6.5,15,15
7.482433334471366,-89.11140995875189,0.664380693404857,-403.9502806795485,2.4516625,-301.68395282977093,4.029240268564611,-175.2744071233061,0.5,0.25,-20,10,500,0.8,0.5,eq,0.5,35,10,15
7.482433334471366,-86.6232159880782,0.664380693404857,-401.4620867088748,2.4516625,-298.7687073373171,4.029240268564611,-174.38749078477144,0.5,0.25,-20,10,500,0.8,0.5,eq,0.5,6.5,10,15
7.482433334471366,-86.6232159880782,0.664380693404857,-385.14058030054457,2.4516625,-287.7700062287533,4.029240268564611,-171.04131368198716,0.5,0.25,-20,10,500,0.8,0.5,eff,0.5,6.5,10,15
7.482433334471366,-85.97479807941954,0.664380693404857,-384.49216239188587,2.4516625,-287.01887028363143,4.029240268564611,-170.8127927070251,0.5,0.25,-20,10,500,0.8,0.5,eff,1,35,10,15
10.361951210723882,-83.52037815475732,0.664380693404857,-413.54845266914066,2.4516625,-320.6780640940088,4.029240268564611,-181.05305858158073,0.5,0.25,-20,10,500,0.8,0.5,eff,1,35,15,15
7.482433334471366,-89.11140995875189,0.664380693404857,-387.6287742712182,2.4516625,-290.6523632775583,4.029240268564611,-171.91822424293056,0.5,0.25,-20,10,500,0.8,0.5,eff,0.5,35,10,15
10.361951210723882,-85.94628876042776,0.664380693404857,-415.9743632748111,2.4516625,-323.4882712631597,4.029240268564611,-181.9080187073878,0.5,0.25,-20,10,500,0.8,0.5,eff,0.5,6.5,15,15
7.482433334471366,-84.88041588240203,0.6968241909147566,-386.8635001834317,2.4516625,-282.58376861875496,4.029240268564611,-169.4634846848283,0.5,0.25,-20,10,500,0.8,1,eq,1,6.5,10,15
10.361951210723882,-83.52037815475732,0.6968241909147566,-416.50939961443805,2.4516625,-317.273288414068,4.029240268564611,-180.01721059299746,0.5,0.25,-20,10,500,0.8,1,eq,1,6.5,15,15
10.361951210723882,-87.89424806992096,0.664380693404857,-417.9223225843043,2.4516625,-325.74481328245434,4.029240268564611,-182.59453515709433,0.5,0.25,-20,10,500,0.8,0.5,eff,0.5,35,15,15
10.361951210723882,-83.52037815475732,0.6968241909147566,-416.50939961443805,2.4516625,-317.273288414068,4.029240268564611,-180.01721059299746,0.5,0.25,-20,10,500,0.8,1,eq,1,35,15,15
7.482433334471366,-86.6232159880782,0.6968241909147566,-388.6063002891079,2.4516625,-284.62306916033594,4.029240268564611,-170.08390892497982,0.5,0.25,-20,10,500,0.8,1,eq,0.5,6.5,10,15
7.482433334471366,-89.11140995875189,0.6968241909147566,-391.0944942597815,2.4516625,-287.5345765075249,4.029240268564611,-170.96968799321598,0.5,0.25,-20,10,500,0.8,1,eq,0.5,35,10,15
7.482433334471366,-85.97479807941954,0.6968241909147566,-387.9578823804492,2.4516625,-283.86433671136524,4.029240268564611,-169.8530768364608,0.5,0.25,-20,10,500,0.8,1,eq,1,35,10,15
10.361951210723882,-87.89424806992096,0.6968241909147566,-420.8832695296017,2.4516625,-322.391279431927,4.029240268564611,-181.57427666717962,0.5,0.25,-20,10,500,0.8,1,eq,0.5,35,15,15
10.361951210723882,-87.89424806992096,0.664380693404857,-434.2438289926345,2.4516625,-337.17681681471817,4.029240268564611,-186.07253752128494,0.5,0.25,-20,10,500,0.8,0.5,eq,0.5,35,15,15
7.482433334471366,-86.6232159880782,0.6968241909147566,-372.97800099814185,2.4516625,-274.46765343211547,4.029240268564611,-166.9942877739361,0.5,0.25,-20,10,500,0.8,1,eff,0.5,6.5,10,15
7.482433334471366,-89.11140995875189,0.6968241909147566,-375.46619496881556,2.4516625,-277.346880822715,4.029240268564611,-167.87024618693735,0.5,0.25,-20,10,500,0.8,1,eff,0.5,35,10,15
7.482433334471366,-85.97479807941954,0.6968241909147566,-372.3295830894832,2.4516625,-273.71733306912756,4.029240268564611,-166.76601492666077,0.5,0.25,-20,10,500,0.8,1,eff,1,35,10,15
10.361951210723882,-87.89424806992096,0.6968241909147566,-405.2549702386357,2.4516625,-311.8171265898901,4.029240268564611,-178.35726151492537,0.5,0.25,-20,10,500,0.8,1,eff,0.5,35,15,15
7.482433334471366,-84.88041588240203,0.6968241909147566,-371.2352008924657,2.4516625,-272.4509626678058,4.029240268564611,-166.3807421932062,0.5,0.25,-20,10,500,0.8,1,eff,1,6.5,10,15
10.361951210723882,-85.94628876042776,0.6968241909147566,-403.30701092914245,2.4516625,-309.56303472040594,4.029240268564611,-177.67149048371078,0.5,0.25,-20,10,500,0.8,1,eff,0.5,6.5,15,15
10.361951210723882,-85.94628876042776,0.6968241909147566,-418.9353102201085,2.4516625,-320.11191620383585,4.029240268564611,-180.8808172334263,0.5,0.25,-20,10,500,0.8,1,eq,0.5,6.5,15,15
10.361951210723882,-83.52037815475732,0.6968241909147566,-400.881100323472,2.4516625,-306.75587886958306,4.029240268564611,-176.81745867220388,0.5,0.25,-20,10,500,0.8,1,eff,1,35,15,15
10.361951210723882,-83.52037815475732,1.6648435882347152,-288.41379087540906,0.3268883333333333,-187.66599356595083,2.966853185231278,-123.72772471017868,0.5,0.25,-10,2,400,0.7,0.5,eq,1,35,15,15
7.482433334471366,-85.97479807941954,1.6648435882347152,-259.3575005981544,0.3268883333333333,-154.4957956598414,2.966853185231278,-121.90037599541247,0.5,0.25,-10,2,400,0.7,0.5,eq,1,35,10,15
10.361951210723882,-83.52037815475732,1.6648435882347152,-288.41379087540906,0.3268883333333333,-187.66599356595083,2.966853185231278,-123.72772471017868,0.5,0.25,-10,2,400,0.7,0.5,eq,1,6.5,15,15
10.361951210723882,-83.52037815475732,0.6968241909147566,-400.881100323472,2.4516625,-306.75587886958306,4.029240268564611,-176.81745867220388,0.5,0.25,-20,10,500,0.8,1,eff,1,6.5,15,15
10.361951210723882,-85.94628876042776,1.6648435882347152,-290.83970148107954,0.3268883333333333,-190.43537445122624,2.966853185231278,-123.88029011288526,0.5,0.25,-10,2,400,0.7,0.5,eq,0.5,6.5,15,15
10.361951210723882,-83.52037815475732,1.6648435882347152,-281.931322037519,0.3268883333333333,-186.32456689922978,2.966853185231278,-123.65382541351721,0.5,0.25,-10,2,400,0.7,0.5,eff,1,35,15,15
10.361951210723882,-87.89424806992096,1.6648435882347152,-292.7876607905728,0.3268883333333333,-192.65913375409875,2.966853185231278,-124.00279718129525,0.5,0.25,-10,2,400,0.7,0.5,eq,0.5,35,15,15
7.482433334471366,-86.6232159880782,1.6648435882347152,-260.00591850681303,0.3268883333333333,-155.23601921041273,2.966853185231278,-121.94115496687363,0.5,0.25,-10,2,400,0.7,0.5,eq,0.5,6.5,10,15
7.482433334471366,-84.88041588240203,1.6648435882347152,-251.7806495632468,0.3268883333333333,-152.15944650421466,2.966853185231278,-121.77166634348747,0.5,0.25,-10,2,400,0.7,0.5,eff,1,6.5,10,15
7.482433334471366,-89.11140995875189,1.6648435882347152,-262.49411247748674,0.3268883333333333,-158.07650179260202,2.966853185231278,-122.09763736744816,0.5,0.25,-10,2,400,0.7,0.5,eq,0.5,35,10,15
7.482433334471366,-84.88041588240203,1.6648435882347152,-258.26311840113686,0.3268883333333333,-153.24646638509216,2.966853185231278,-121.83155035104953,0.5,0.25,-10,2,400,0.7,0.5,eq,1,6.5,10,15
7.482433334471366,-86.6232159880782,1.6648435882347152,-253.52344966892298,0.3268883333333333,-154.1342938475055,2.966853185231278,-121.88046083319281,0.5,0.25,-10,2,400,0.7,0.5,eff,0.5,6.5,10,15
10.361951210723882,-83.52037815475732,1.6648435882347152,-281.931322037519,0.3268883333333333,-186.32456689922978,2.966853185231278,-123.65382541351721,0.5,0.25,-10,2,400,0.7,0.5,eff,1,6.5,15,15
7.482433334471366,-89.11140995875189,1.6648435882347152,-256.0116436395967,0.3268883333333333,-156.9537814275722,2.966853185231278,-122.03578661751035,0.5,0.25,-10,2,400,0.7,0.5,eff,0.5,35,10,15
10.361951210723882,-83.52037815475732,1.7398467296524174,-279.4111698235828,0.3268883333333333,-178.47124350600967,2.966853185231278,-123.2211852330194,0.5,0.25,-10,2,400,0.7,1,eq,1,6.5,15,15
7.482433334471366,-85.97479807941954,1.6648435882347152,-252.87503176026433,0.3268883333333333,-153.39954154845094,2.966853185231278,-121.83998327339208,0.5,0.25,-10,2,400,0.7,0.5,eff,1,35,10,15
10.361951210723882,-85.94628876042776,1.6648435882347152,-284.35723264318943,0.3268883333333333,-189.0734783201037,2.966853185231278,-123.80526315187967,0.5,0.25,-10,2,400,0.7,0.5,eff,0.5,6.5,15,15
7.482433334471366,-89.11140995875189,1.7398467296524174,-253.9962644689263,0.3268883333333333,-149.4961747519882,2.966853185231278,-121.62494650095645,0.5,0.25,-10,2,400,0.7,1,eq,0.5,35,10,15
10.361951210723882,-87.89424806992096,1.6648435882347152,-286.30519195268266,0.3268883333333333,-191.28080103880245,2.966853185231278,-123.9268647276226,0.5,0.25,-10,2,400,0.7,0.5,eff,0.5,35,15,15
7.482433334471366,-86.6232159880782,1.7398467296524174,-251.50807049825264,0.3268883333333333,-146.65943031517583,2.966853185231278,-121.46867003509398,0.5,0.25,-10,2,400,0.7,1,eq,0.5,6.5,10,15
7.482433334471366,-85.97479807941954,1.7398467296524174,-250.85965258959396,0.3268883333333333,-145.92018091718495,2.966853185231278,-121.42794472977214,0.5,0.25,-10,2,400,0.7,1,eq,1,35,10,15
10.361951210723882,-87.89424806992096,1.7398467296524174,-283.78503973874643,0.3268883333333333,-183.45781259777422,2.966853185231278,-123.49589570193854,0.5,0.25,-10,2,400,0.7,1,eq,0.5,35,15,15
10.361951210723882,-83.52037815475732,1.7398467296524174,-273.2593560888065,0.3268883333333333,-177.42047993076523,2.966853185231278,-123.16329858808051,0.5,0.25,-10,2,400,0.7,1,eff,1,6.5,15,15
10.361951210723882,-83.52037815475732,1.7398467296524174,-279.4111698235828,0.3268883333333333,-178.47124350600967,2.966853185231278,-123.2211852330194,0.5,0.25,-10,2,400,0.7,1,eq,1,35,15,15
7.482433334471366,-84.88041588240203,1.7398467296524174,-243.61345665780016,0.3268883333333333,-143.8649764345129,2.966853185231278,-121.31472335917238,0.5,0.25,-10,2,400,0.7,1,eff,1,6.5,10,15
10.361951210723882,-85.94628876042776,1.7398467296524174,-281.8370804292532,0.3268883333333333,-181.2369798175216,2.966853185231278,-123.37354985588145,0.5,0.25,-10,2,400,0.7,1,eq,0.5,6.5,15,15
7.482433334471366,-85.97479807941954,1.7398467296524174,-244.70783885481768,0.3268883333333333,-145.1036821692066,2.966853185231278,-121.38296375190905,0.5,0.25,-10,2,400,0.7,1,eff,1,35,10,15
7.482433334471366,-84.88041588240203,1.7398467296524174,-249.76527039257647,0.3268883333333333,-144.67249579078108,2.966853185231278,-121.35920966166603,0.5,0.25,-10,2,400,0.7,1,eq,1,6.5,10,15
10.361951210723882,-83.52037815475732,1.7398467296524174,-273.2593560888065,0.3268883333333333,-177.42047993076523,2.966853185231278,-123.16329858808051,0.5,0.25,-10,2,400,0.7,1,eff,1,35,15,15
7.482433334471366,-85.97479807941954,1.6648435882347152,-259.3575005981544,0.3268883333333333,-154.4957956598414,2.966853185231278,-121.90037599541247,0.5,0.25,-10,2,400,0.8,0.5,eq,1,35,10,15
7.482433334471366,-86.6232159880782,1.7398467296524174,-245.35625676347632,0.3268883333333333,-145.83761130685795,2.966853185231278,-121.42339596368579,0.5,0.25,-10,2,400,0.7,1,eff,0.5,6.5,10,15
10.361951210723882,-87.89424806992096,1.7398467296524174,-277.6332260039701,0.3268883333333333,-182.37116147690546,2.966853185231278,-123.43603200939324,0.5,0.25,-10,2,400,0.7,1,eff,0.5,35,15,15
7.482433334471366,-86.6232159880782,1.6648435882347152,-260.00591850681303,0.3268883333333333,-155.23601921041273,2.966853185231278,-121.94115496687363,0.5,0.25,-10,2,400,0.8,0.5,eq,0.5,6.5,10,15
7.482433334471366,-89.11140995875189,1.6648435882347152,-262.49411247748674,0.3268883333333333,-158.07650179260202,2.966853185231278,-122.09763736744816,0.5,0.25,-10,2,400,0.8,0.5,eq,0.5,35,10,15
7.482433334471366,-84.88041588240203,1.6648435882347152,-258.26311840113686,0.3268883333333333,-153.24646638509216,2.966853185231278,-121.83155035104953,0.5,0.25,-10,2,400,0.8,0.5,eq,1,6.5,10,15
10.361951210723882,-83.52037815475732,1.6648435882347152,-288.41379087540906,0.3268883333333333,-187.66599356595083,2.966853185231278,-123.72772471017868,0.5,0.25,-10,2,400,0.8,0.5,eq,1,6.5,15,15
10.361951210723882,-85.94628876042776,1.6648435882347152,-290.83970148107954,0.3268883333333333,-190.43537445122624,2.966853185231278,-123.88029011288526,0.5,0.25,-10,2,400,0.8,0.5,eq,0.5,6.5,15,15
10.361951210723882,-85.94628876042776,1.7398467296524174,-275.6852666944769,0.3268883333333333,-180.1663116771366,2.966853185231278,-123.31456666694152,0.5,0.25,-10,2,400,0.7,1,eff,0.5,6.5,15,15
10.361951210723882,-87.89424806992096,1.6648435882347152,-292.7876607905728,0.3268883333333333,-192.65913375409875,2.966853185231278,-124.00279718129525,0.5,0.25,-10,2,400,0.8,0.5,eq,0.5,35,15,15
10.361951210723882,-83.52037815475732,1.6648435882347152,-281.931322037519,0.3268883333333333,-186.32456689922978,2.966853185231278,-123.65382541351721,0.5,0.25,-10,2,400,0.8,0.5,eff,1,35,15,15
7.482433334471366,-89.11140995875189,1.7398467296524174,-247.84445073415,0.3268883333333333,-148.6539401443856,2.966853185231278,-121.57854773263776,0.5,0.25,-10,2,400,0.7,1,eff,0.5,35,10,15
7.482433334471366,-85.97479807941954,1.6648435882347152,-252.87503176026433,0.3268883333333333,-153.39954154845094,2.966853185231278,-121.83998327339208,0.5,0.25,-10,2,400,0.8,0.5,eff,1,35,10,15
7.482433334471366,-84.88041588240203,1.6648435882347152,-251.7806495632468,0.3268883333333333,-152.15944650421466,2.966853185231278,-121.77166634348747,0.5,0.25,-10,2,400,0.8,0.5,eff,1,6.5,10,15
10.361951210723882,-83.52037815475732,1.6648435882347152,-288.41379087540906,0.3268883333333333,-187.66599356595083,2.966853185231278,-123.72772471017868,0.5,0.25,-10,2,400,0.8,0.5,eq,1,35,15,15
7.482433334471366,-86.6232159880782,1.6648435882347152,-253.52344966892298,0.3268883333333333,-154.1342938475055,2.966853185231278,-121.88046083319281,0.5,0.25,-10,2,400,0.8,0.5,eff,0.5,6.5,10,15
10.361951210723882,-83.52037815475732,1.6648435882347152,-281.931322037519,0.3268883333333333,-186.32456689922978,2.966853185231278,-123.65382541351721,0.5,0.25,-10,2,400,0.8,0.5,eff,1,6.5,15,15
7.482433334471366,-84.88041588240203,1.7398467296524174,-249.76527039257647,0.3268883333333333,-144.67249579078108,2.966853185231278,-121.35920966166603,0.5,0.25,-10,2,400,0.8,1,eq,1,6.5,10,15
7.482433334471366,-89.11140995875189,1.6648435882347152,-256.0116436395967,0.3268883333333333,-156.9537814275722,2.966853185231278,-122.03578661751035,0.5,0.25,-10,2,400,0.8,0.5,eff,0.5,35,10,15
10.361951210723882,-83.52037815475732,1.7398467296524174,-273.2593560888065,0.3268883333333333,-177.42047993076523,2.966853185231278,-123.16329858808051,0.5,0.25,-10,2,400,0.8,1,eff,1,6.5,15,15
10.361951210723882,-85.94628876042776,1.6648435882347152,-284.35723264318943,0.3268883333333333,-189.0734783201037,2.966853185231278,-123.80526315187967,0.5,0.25,-10,2,400,0.8,0.5,eff,0.5,6.5,15,15
7.482433334471366,-89.11140995875189,1.7398467296524174,-253.9962644689263,0.3268883333333333,-149.4961747519882,2.966853185231278,-121.62494650095645,0.5,0.25,-10,2,400,0.8,1,eq,0.5,35,10,15
10.361951210723882,-87.89424806992096,1.7398467296524174,-283.78503973874643,0.3268883333333333,-183.45781259777422,2.966853185231278,-123.49589570193854,0.5,0.25,-10,2,400,0.8,1,eq,0.5,35,15,15
7.482433334471366,-85.97479807941954,1.7398467296524174,-250.85965258959396,0.3268883333333333,-145.92018091718495,2.966853185231278,-121.42794472977214,0.5,0.25,-10,2,400,0.8,1,eq,1,35,10,15
10.361951210723882,-87.89424806992096,1.6648435882347152,-286.30519195268266,0.3268883333333333,-191.28080103880245,2.966853185231278,-123.9268647276226,0.5,0.25,-10,2,400,0.8,0.5,eff,0.5,35,15,15
7.482433334471366,-84.88041588240203,1.7398467296524174,-243.61345665780016,0.3268883333333333,-143.8649764345129,2.966853185231278,-121.31472335917238,0.5,0.25,-10,2,400,0.8,1,eff,1,6.5,10,15
10.361951210723882,-83.52037815475732,1.7398467296524174,-279.4111698235828,0.3268883333333333,-178.47124350600967,2.966853185231278,-123.2211852330194,0.5,0.25,-10,2,400,0.8,1,eq,1,6.5,15,15
10.361951210723882,-83.52037815475732,1.7398467296524174,-279.4111698235828,0.3268883333333333,-178.47124350600967,2.966853185231278,-123.2211852330194,0.5,0.25,-10,2,400,0.8,1,eq,1,35,15,15
7.482433334471366,-86.6232159880782,1.7398467296524174,-251.50807049825264,0.3268883333333333,-146.65943031517583,2.966853185231278,-121.46867003509398,0.5,0.25,-10,2,400,0.8,1,eq,0.5,6.5,10,15
10.361951210723882,-87.89424806992096,1.7398467296524174,-277.6332260039701,0.3268883333333333,-182.37116147690546,2.966853185231278,-123.43603200939324,0.5,0.25,-10,2,400,0.8,1,eff,0.5,35,15,15
10.361951210723882,-83.52037815475732,1.7398467296524174,-273.2593560888065,0.3268883333333333,-177.42047993076523,2.966853185231278,-123.16329858808051,0.5,0.25,-10,2,400,0.8,1,eff,1,35,15,15
10.361951210723882,-85.94628876042776,1.7398467296524174,-275.6852666944769,0.3268883333333333,-180.1663116771366,2.966853185231278,-123.31456666694152,0.5,0.25,-10,2,400,0.8,1,eff,0.5,6.5,15,15
7.482433334471366,-86.6232159880782,1.7398467296524174,-245.35625676347632,0.3268883333333333,-145.83761130685795,2.966853185231278,-121.42339596368579,0.5,0.25,-10,2,400,0.8,1,eff,0.5,6.5,10,15
7.482433334471366,-89.11140995875189,1.7398467296524174,-247.84445073415,0.3268883333333333,-148.6539401443856,2.966853185231278,-121.57854773263776,0.5,0.25,-10,2,400,0.8,1,eff,0.5,35,10,15
10.361951210723882,-83.52037815475732,1.6648435882347152,-288.41379087540906,0.49033249999999995,-187.66672818892303,3.048575268564611,-125.44175443883931,0.5,0.25,-10,2,500,0.7,0.5,eq,1,6.5,15,15
7.482433334471366,-85.97479807941954,1.7398467296524174,-244.70783885481768,0.3268883333333333,-145.1036821692066,2.966853185231278,-121.38296375190905,0.5,0.25,-10,2,400,0.8,1,eff,1,35,10,15
10.361951210723882,-85.94628876042776,1.7398467296524174,-281.8370804292532,0.3268883333333333,-181.2369798175216,2.966853185231278,-123.37354985588145,0.5,0.25,-10,2,400,0.8,1,eq,0.5,6.5,15,15
10.361951210723882,-83.52037815475732,1.6648435882347152,-288.41379087540906,0.49033249999999995,-187.66672818892303,3.048575268564611,-125.44175443883931,0.5,0.25,-10,2,500,0.7,0.5,eq,1,35,15,15
7.482433334471366,-84.88041588240203,1.6648435882347152,-258.26311840113686,0.49033249999999995,-153.24720100806437,3.048575268564611,-122.67373801729397,0.5,0.25,-10,2,500,0.7,0.5,eq,1,6.5,10,15
7.482433334471366,-85.97479807941954,1.6648435882347152,-252.87503176026433,0.49033249999999995,-153.40022728465732,3.048575268564611,-122.68604438176867,0.5,0.25,-10,2,500,0.7,0.5,eff,1,35,10,15
7.482433334471366,-84.88041588240203,1.6648435882347152,-251.7806495632468,0.49033249999999995,-152.160132240196,3.048575268564611,-122.58631600870574,0.5,0.25,-10,2,500,0.7,0.5,eff,1,6.5,10,15
7.482433334471366,-85.97479807941954,1.6648435882347152,-259.3575005981544,0.49033249999999995,-154.4965302828136,3.048575268564611,-122.77420900663239,0.5,0.25,-10,2,500,0.7,0.5,eq,1,35,10,15
10.361951210723882,-87.89424806992096,1.6648435882347152,-292.7876607905728,0.49033249999999995,-192.65986837706376,3.048575268564611,-125.84330248925946,0.5,0.25,-10,2,500,0.7,0.5,eq,0.5,35,15,15
7.482433334471366,-86.6232159880782,1.6648435882347152,-260.00591850681303,0.49033249999999995,-155.23675383338494,3.048575268564611,-122.83373774253947,0.5,0.25,-10,2,500,0.7,0.5,eq,0.5,6.5,10,15
10.361951210723882,-83.52037815475732,1.6648435882347152,-281.931322037519,0.49033249999999995,-186.3252526354479,3.048575268564611,-125.33387305099785,0.5,0.25,-10,2,500,0.7,0.5,eff,1,6.5,15,15
10.361951210723882,-87.89424806992096,1.6648435882347152,-286.30519195268266,0.49033249999999995,-191.28148677475335,3.048575268564611,-125.73245311906601,0.5,0.25,-10,2,500,0.7,0.5,eff,0.5,35,15,15
7.482433334471366,-84.88041588240203,1.7398467296524174,-249.76527039257647,0.49033249999999995,-144.67319037036188,3.048575268564611,-121.98421656864188,0.5,0.25,-10,2,500,0.7,1,eq,1,6.5,10,15
7.482433334471366,-89.11140995875189,1.6648435882347152,-262.49411247748674,0.49033249999999995,-158.07723641557416,3.048575268564611,-123.06216919051671,0.5,0.25,-10,2,500,0.7,0.5,eq,0.5,35,10,15
7.482433334471366,-89.11140995875189,1.6648435882347152,-256.0116436395967,0.49033249999999995,-156.95446716378018,3.048575268564611,-122.97187615103822,0.5,0.25,-10,2,500,0.7,0.5,eff,0.5,35,10,15
10.361951210723882,-83.52037815475732,1.7398467296524174,-279.4111698235828,0.49033249999999995,-178.4719380857438,3.048575268564611,-124.70230994082155,0.5,0.25,-10,2,500,0.7,1,eq,1,35,15,15
10.361951210723882,-83.52037815475732,1.7398467296524174,-279.4111698235828,0.49033249999999995,-178.4719380857438,3.048575268564611,-124.70230994082155,0.5,0.25,-10,2,500,0.7,1,eq,1,6.5,15,15
7.482433334471366,-86.6232159880782,1.6648435882347152,-253.52344966892298,0.49033249999999995,-154.13497958353716,3.048575268564611,-122.74513311992541,0.5,0.25,-10,2,500,0.7,0.5,eff,0.5,6.5,10,15
10.361951210723882,-87.89424806992096,1.7398467296524174,-283.78503973874643,0.49033249999999995,-183.45850717750847,3.048575268564611,-125.10332954404402,0.5,0.25,-10,2,500,0.7,1,eq,0.5,35,15,15
10.361951210723882,-85.94628876042776,1.6648435882347152,-290.83970148107954,0.49033249999999995,-190.43610907419657,3.048575268564611,-125.66446789238772,0.5,0.25,-10,2,500,0.7,0.5,eq,0.5,6.5,15,15
7.482433334471366,-86.6232159880782,1.7398467296524174,-251.50807049825264,0.49033249999999995,-146.66012489490853,3.048575268564611,-122.14400573028783,0.5,0.25,-10,2,500,0.7,1,eq,0.5,6.5,10,15
10.361951210723882,-83.52037815475732,1.6648435882347152,-281.931322037519,0.49033249999999995,-186.3252526354479,3.048575268564611,-125.33387305099785,0.5,0.25,-10,2,500,0.7,0.5,eff,1,35,15,15
10.361951210723882,-85.94628876042776,1.6648435882347152,-284.35723264318943,0.49033249999999995,-189.07416405627907,3.048575268564611,-125.55494035137804,0.5,0.25,-10,2,500,0.7,0.5,eff,0.5,6.5,15,15
7.482433334471366,-85.97479807941954,1.7398467296524174,-250.85965258959396,0.49033249999999995,-145.92087549684945,3.048575268564611,-122.08455533567042,0.5,0.25,-10,2,500,0.7,1,eq,1,35,10,15
10.361951210723882,-85.94628876042776,1.7398467296524174,-281.8370804292532,0.49033249999999995,-181.2376743970425,3.048575268564611,-124.92473029793783,0.5,0.25,-10,2,500,0.7,1,eq,0.5,6.5,15,15
10.361951210723882,-83.52037815475732,1.7398467296524174,-273.2593560888065,0.49033249999999995,-177.42112912086026,3.048575268564611,-124.61780394353039,0.5,0.25,-10,2,500,0.7,1,eff,1,35,15,15
7.482433334471366,-84.88041588240203,1.7398467296524174,-243.61345665780016,0.49033249999999995,-143.86562562462018,3.048575268564611,-121.91927225764276,0.5,0.25,-10,2,500,0.7,1,eff,1,6.5,10,15
10.361951210723882,-83.52037815475732,1.7398467296524174,-273.2593560888065,0.49033249999999995,-177.42112912086026,3.048575268564611,-124.61780394353039,0.5,0.25,-10,2,500,0.7,1,eff,1,6.5,15,15
10.361951210723882,-83.52037815475732,1.6648435882347152,-288.41379087540906,0.49033249999999995,-187.66672818892303,3.048575268564611,-125.44175443883931,0.5,0.25,-10,2,500,0.8,0.5,eq,1,6.5,15,15
7.482433334471366,-86.6232159880782,1.7398467296524174,-245.35625676347632,0.49033249999999995,-145.83826049696006,3.048575268564611,-122.07791144207025,0.5,0.25,-10,2,500,0.7,1,eff,0.5,6.5,10,15
7.482433334471366,-85.97479807941954,1.7398467296524174,-244.70783885481768,0.49033249999999995,-145.10433135952664,3.048575268564611,-122.01888890251023,0.5,0.25,-10,2,500,0.7,1,eff,1,35,10,15
7.482433334471366,-89.11140995875189,1.7398467296524174,-253.9962644689263,0.49033249999999995,-149.4968693317255,3.048575268564611,-122.37213655682643,0.5,0.25,-10,2,500,0.7,1,eq,0.5,35,10,15
10.361951210723882,-87.89424806992096,1.7398467296524174,-277.6332260039701,0.49033249999999995,-182.37181066705807,3.048575268564611,-125.01593747237617,0.5,0.25,-10,2,500,0.7,1,eff,0.5,35,15,15
10.361951210723882,-85.94628876042776,1.7398467296524174,-275.6852666944769,0.49033249999999995,-180.16696086749104,3.048575268564611,-124.83862357668629,0.5,0.25,-10,2,500,0.7,1,eff,0.5,6.5,15,15
7.482433334471366,-89.11140995875189,1.7398467296524174,-247.84445073415,0.49033249999999995,-148.65458933448966,3.048575268564611,-122.30440044727331,0.5,0.25,-10,2,500,0.7,1,eff,0.5,35,10,15
7.482433334471366,-85.97479807941954,1.6648435882347152,-259.3575005981544,0.49033249999999995,-154.4965302828136,3.048575268564611,-122.77420900663239,0.5,0.25,-10,2,500,0.8,0.5,eq,1,35,10,15
10.361951210723882,-87.89424806992096,1.6648435882347152,-292.7876607905728,0.49033249999999995,-192.65986837706376,3.048575268564611,-125.84330248925946,0.5,0.25,-10,2,500,0.8,0.5,eq,0.5,35,15,15
10.361951210723882,-85.94628876042776,1.6648435882347152,-290.83970148107954,0.49033249999999995,-190.43610907419657,3.048575268564611,-125.66446789238772,0.5,0.25,-10,2,500,0.8,0.5,eq,0.5,6.5,15,15
7.482433334471366,-86.6232159880782,1.6648435882347152,-253.52344966892298,0.49033249999999995,-154.13497958353716,3.048575268564611,-122.74513311992541,0.5,0.25,-10,2,500,0.8,0.5,eff,0.5,6.5,10,15
7.482433334471366,-84.88041588240203,1.6648435882347152,-251.7806495632468,0.49033249999999995,-152.160132240196,3.048575268564611,-122.58631600870574,0.5,0.25,-10,2,500,0.8,0.5,eff,1,6.5,10,15
10.361951210723882,-83.52037815475732,1.6648435882347152,-281.931322037519,0.49033249999999995,-186.3252526354479,3.048575268564611,-125.33387305099785,0.5,0.25,-10,2,500,0.8,0.5,eff,1,35,15,15
7.482433334471366,-86.6232159880782,1.6648435882347152,-260.00591850681303,0.49033249999999995,-155.23675383338494,3.048575268564611,-122.83373774253947,0.5,0.25,-10,2,500,0.8,0.5,eq,0.5,6.5,10,15
7.482433334471366,-85.97479807941954,1.6648435882347152,-252.87503176026433,0.49033249999999995,-153.40022728465732,3.048575268564611,-122.68604438176867,0.5,0.25,-10,2,500,0.8,0.5,eff,1,35,10,15
10.361951210723882,-85.94628876042776,1.6648435882347152,-284.35723264318943,0.49033249999999995,-189.07416405627907,3.048575268564611,-125.55494035137804,0.5,0.25,-10,2,500,0.8,0.5,eff,0.5,6.5,15,15
7.482433334471366,-89.11140995875189,1.6648435882347152,-256.0116436395967,0.49033249999999995,-156.95446716378018,3.048575268564611,-122.97187615103822,0.5,0.25,-10,2,500,0.8,0.5,eff,0.5,35,10,15
10.361951210723882,-83.52037815475732,1.6648435882347152,-288.41379087540906,0.49033249999999995,-187.66672818892303,3.048575268564611,-125.44175443883931,0.5,0.25,-10,2,500,0.8,0.5,eq,1,35,15,15
10.361951210723882,-83.52037815475732,1.6648435882347152,-281.931322037519,0.49033249999999995,-186.3252526354479,3.048575268564611,-125.33387305099785,0.5,0.25,-10,2,500,0.8,0.5,eff,1,6.5,15,15
7.482433334471366,-89.11140995875189,1.6648435882347152,-262.49411247748674,0.49033249999999995,-158.07723641557416,3.048575268564611,-123.06216919051671,0.5,0.25,-10,2,500,0.8,0.5,eq,0.5,35,10,15
10.361951210723882,-87.89424806992096,1.6648435882347152,-286.30519195268266,0.49033249999999995,-191.28148677475335,3.048575268564611,-125.73245311906601,0.5,0.25,-10,2,500,0.8,0.5,eff,0.5,35,15,15
7.482433334471366,-84.88041588240203,1.7398467296524174,-249.76527039257647,0.49033249999999995,-144.67319037036188,3.048575268564611,-121.98421656864188,0.5,0.25,-10,2,500,0.8,1,eq,1,6.5,10,15
7.482433334471366,-85.97479807941954,1.7398467296524174,-250.85965258959396,0.49033249999999995,-145.92087549684945,3.048575268564611,-122.08455533567042,0.5,0.25,-10,2,500,0.8,1,eq,1,35,10,15
10.361951210723882,-83.52037815475732,1.7398467296524174,-279.4111698235828,0.49033249999999995,-178.4719380857438,3.048575268564611,-124.70230994082155,0.5,0.25,-10,2,500,0.8,1,eq,1,6.5,15,15
7.482433334471366,-89.11140995875189,1.7398467296524174,-253.9962644689263,0.49033249999999995,-149.4968693317255,3.048575268564611,-122.37213655682643,0.5,0.25,-10,2,500,0.8,1,eq,0.5,35,10,15
10.361951210723882,-83.52037815475732,1.7398467296524174,-279.4111698235828,0.49033249999999995,-178.4719380857438,3.048575268564611,-124.70230994082155,0.5,0.25,-10,2,500,0.8,1,eq,1,35,15,15
10.361951210723882,-83.52037815475732,1.7398467296524174,-273.2593560888065,0.49033249999999995,-177.42112912086026,3.048575268564611,-124.61780394353039,0.5,0.25,-10,2,500,0.8,1,eff,1,35,15,15
7.482433334471366,-85.97479807941954,1.7398467296524174,-244.70783885481768,0.49033249999999995,-145.10433135952664,3.048575268564611,-122.01888890251023,0.5,0.25,-10,2,500,0.8,1,eff,1,35,10,15
7.482433334471366,-86.6232159880782,1.7398467296524174,-251.50807049825264,0.49033249999999995,-146.66012489490853,3.048575268564611,-122.14400573028783,0.5,0.25,-10,2,500,0.8,1,eq,0.5,6.5,10,15
7.482433334471366,-89.11140995875189,1.7398467296524174,-247.84445073415,0.49033249999999995,-148.65458933448966,3.048575268564611,-122.30440044727331,0.5,0.25,-10,2,500,0.8,1,eff,0.5,35,10,15
10.361951210723882,-83.52037815475732,1.7398467296524174,-273.2593560888065,0.49033249999999995,-177.42112912086026,3.048575268564611,-124.61780394353039,0.5,0.25,-10,2,500,0.8,1,eff,1,6.5,15,15
10.361951210723882,-85.94628876042776,1.7398467296524174,-281.8370804292532,0.49033249999999995,-181.2376743970425,3.048575268564611,-124.92473029793783,0.5,0.25,-10,2,500,0.8,1,eq,0.5,6.5,15,15
7.482433334471366,-84.88041588240203,1.6648435882347152,-258.26311840113686,1.6344416666666668,-153.25234336886837,3.6206298518979443,-127.50546420644126,0.5,0.25,-10,10,400,0.7,0.5,eq,1,6.5,10,15
10.361951210723882,-87.89424806992096,1.7398467296524174,-283.78503973874643,0.49033249999999995,-183.45850717750847,3.048575268564611,-125.10332954404402,0.5,0.25,-10,2,500,0.8,1,eq,0.5,35,15,15
10.361951210723882,-83.52037815475732,1.6648435882347152,-288.41379087540906,1.6344416666666668,-187.67187054972737,3.6206298518979443,-135.27437620139037,0.5,0.25,-10,10,400,0.7,0.5,eq,1,6.5,15,15
10.361951210723882,-87.89424806992096,1.7398467296524174,-277.6332260039701,0.49033249999999995,-182.37181066705807,3.048575268564611,-125.01593747237617,0.5,0.25,-10,2,500,0.8,1,eff,0.5,35,15,15
7.482433334471366,-86.6232159880782,1.7398467296524174,-245.35625676347632,0.49033249999999995,-145.83826049696006,3.048575268564611,-122.07791144207025,0.5,0.25,-10,2,500,0.8,1,eff,0.5,6.5,10,15
7.482433334471366,-84.88041588240203,1.6648435882347152,-258.26311840113686,0.49033249999999995,-153.24720100806437,3.048575268564611,-122.67373801729397,0.5,0.25,-10,2,500,0.8,0.5,eq,1,6.5,10,15
10.361951210723882,-83.52037815475732,1.6648435882347152,-288.41379087540906,1.6344416666666668,-187.67187054972737,3.6206298518979443,-135.27437620139037,0.5,0.25,-10,10,400,0.7,0.5,eq,1,35,15,15
10.361951210723882,-87.89424806992096,1.6648435882347152,-292.7876607905728,1.6344416666666668,-192.66501073787262,3.6206298518979443,-136.40138955332614,0.5,0.25,-10,10,400,0.7,0.5,eq,0.5,35,15,15
7.482433334471366,-84.88041588240203,1.7398467296524174,-243.61345665780016,0.49033249999999995,-143.86562562462018,3.048575268564611,-121.91927225764276,0.5,0.25,-10,2,500,0.8,1,eff,1,6.5,10,15
10.361951210723882,-85.94628876042776,1.7398467296524174,-275.6852666944769,0.49033249999999995,-180.16696086749104,3.048575268564611,-124.83862357668629,0.5,0.25,-10,2,500,0.8,1,eff,0.5,6.5,15,15
7.482433334471366,-85.97479807941954,1.6648435882347152,-259.3575005981544,1.6344416666666668,-154.50167264361866,3.6206298518979443,-127.78745323950524,0.5,0.25,-10,10,400,0.7,0.5,eq,1,35,10,15
10.361951210723882,-83.52037815475732,1.6648435882347152,-281.931322037519,1.6344416666666668,-186.3300527880683,3.6206298518979443,-134.97151137559493,0.5,0.25,-10,10,400,0.7,0.5,eff,1,6.5,15,15
7.482433334471366,-89.11140995875189,1.6648435882347152,-262.49411247748674,1.6344416666666668,-158.08237877637504,3.6206298518979443,-128.59566279680058,0.5,0.25,-10,10,400,0.7,0.5,eq,0.5,35,10,15
7.482433334471366,-85.97479807941954,1.6648435882347152,-252.87503176026433,1.6344416666666668,-153.40502743723553,3.6206298518979443,-127.53992688467441,0.5,0.25,-10,10,400,0.7,0.5,eff,1,35,10,15
10.361951210723882,-85.94628876042776,1.6648435882347152,-290.83970148107954,1.6344416666666668,-190.44125143500278,3.6206298518979443,-135.89945963920601,0.5,0.25,-10,10,400,0.7,0.5,eq,0.5,6.5,15,15
7.482433334471366,-86.6232159880782,1.6648435882347152,-253.52344966892298,1.6344416666666668,-154.13977973629005,3.6206298518979443,-127.70576954484369,0.5,0.25,-10,10,400,0.7,0.5,eff,0.5,6.5,10,15
10.361951210723882,-85.94628876042776,1.6648435882347152,-284.35723264318943,1.6344416666666668,-189.0789642088979,3.6206298518979443,-135.5919746027079,0.5,0.25,-10,10,400,0.7,0.5,eff,0.5,6.5,15,15
7.482433334471366,-86.6232159880782,1.6648435882347152,-260.00591850681303,1.6344416666666668,-155.2418961941857,3.6206298518979443,-127.95453082865183,0.5,0.25,-10,10,400,0.7,0.5,eq,0.5,6.5,10,15
10.361951210723882,-87.89424806992096,1.6648435882347152,-286.30519195268266,1.6344416666666668,-191.2862869276002,3.6206298518979443,-136.0901945769668,0.5,0.25,-10,10,400,0.7,0.5,eff,0.5,35,15,15
7.482433334471366,-89.11140995875189,1.6648435882347152,-256.0116436395967,1.6344416666666668,-156.95926731635683,3.6206298518979443,-128.34216268195144,0.5,0.25,-10,10,400,0.7,0.5,eff,0.5,35,10,15
10.361951210723882,-83.52037815475732,1.7398467296524174,-279.4111698235828,1.6344416666666668,-178.47680014380705,3.6206298518979443,-133.1989353507479,0.5,0.25,-10,10,400,0.7,1,eq,1,6.5,15,15
10.361951210723882,-83.52037815475732,1.7398467296524174,-279.4111698235828,1.6344416666666668,-178.47680014380705,3.6206298518979443,-133.1989353507479,0.5,0.25,-10,10,400,0.7,1,eq,1,35,15,15
7.482433334471366,-89.11140995875189,1.7398467296524174,-253.9962644689263,1.6344416666666668,-149.50173138960045,3.6206298518979443,-126.65890480308207,0.5,0.25,-10,10,400,0.7,1,eq,0.5,35,10,15
10.361951210723882,-85.94628876042776,1.7398467296524174,-281.8370804292532,1.6344416666666668,-181.24253645510748,3.6206298518979443,-133.8231961632461,0.5,0.25,-10,10,400,0.7,1,eq,0.5,6.5,15,15
10.361951210723882,-83.52037815475732,1.7398467296524174,-273.2593560888065,1.6344416666666668,-177.42567345239812,3.6206298518979443,-132.96168308640998,0.5,0.25,-10,10,400,0.7,1,eff,1,6.5,15,15
7.482433334471366,-85.97479807941954,1.7398467296524174,-250.85965258959396,1.6344416666666668,-145.9257375549602,3.6206298518979443,-125.85175886961753,0.5,0.25,-10,10,400,0.7,1,eq,1,35,10,15
7.482433334471366,-86.6232159880782,1.7398467296524174,-251.50807049825264,1.6344416666666668,-146.6649869530207,3.6206298518979443,-126.01861658052316,0.5,0.25,-10,10,400,0.7,1,eq,0.5,6.5,10,15
10.361951210723882,-87.89424806992096,1.7398467296524174,-283.78503973874643,1.6344416666666668,-183.46336923558948,3.6206298518979443,-134.3244655251522,0.5,0.25,-10,10,400,0.7,1,eq,0.5,35,15,15
10.361951210723882,-85.94628876042776,1.7398467296524174,-275.6852666944769,1.6344416666666668,-180.1715051988154,3.6206298518979443,-133.58145119300724,0.5,0.25,-10,10,400,0.7,1,eff,0.5,6.5,15,15
10.361951210723882,-83.52037815475732,1.7398467296524174,-273.2593560888065,1.6344416666666668,-177.42567345239812,3.6206298518979443,-132.96168308640998,0.5,0.25,-10,10,400,0.7,1,eff,1,35,15,15
7.482433334471366,-86.6232159880782,1.7398467296524174,-245.35625676347632,1.6344416666666668,-145.84280482847134,3.6206298518979443,-125.83303992992344,0.5,0.25,-10,10,400,0.7,1,eff,0.5,6.5,10,15
10.361951210723882,-87.89424806992096,1.7398467296524174,-277.6332260039701,1.6344416666666668,-182.37635499838095,3.6206298518979443,-134.07911299890296,0.5,0.25,-10,10,400,0.7,1,eff,0.5,35,15,15
7.482433334471366,-89.11140995875189,1.7398467296524174,-247.84445073415,1.6344416666666668,-148.65913366600404,3.6206298518979443,-126.46872009986487,0.5,0.25,-10,10,400,0.7,1,eff,0.5,35,10,15
10.361951210723882,-83.52037815475732,1.6648435882347152,-288.41379087540906,1.6344416666666668,-187.67187054972737,3.6206298518979443,-135.27437620139037,0.5,0.25,-10,10,400,0.8,0.5,eq,1,6.5,15,15
7.482433334471366,-84.88041588240203,1.7398467296524174,-249.76527039257647,1.6344416666666668,-144.67805242839867,3.6206298518979443,-125.57014094108732,0.5,0.25,-10,10,400,0.7,1,eq,1,6.5,10,15
7.482433334471366,-84.88041588240203,1.6648435882347152,-258.26311840113686,1.6344416666666668,-153.25234336886837,3.6206298518979443,-127.50546420644126,0.5,0.25,-10,10,400,0.8,0.5,eq,1,6.5,10,15
7.482433334471366,-85.97479807941954,1.7398467296524174,-244.70783885481768,1.6344416666666668,-145.10887569087987,3.6206298518979443,-125.66738306745361,0.5,0.25,-10,10,400,0.7,1,eff,1,35,10,15
7.482433334471366,-86.6232159880782,1.6648435882347152,-260.00591850681303,1.6344416666666668,-155.2418961941857,3.6206298518979443,-127.95453082865183,0.5,0.25,-10,10,400,0.8,0.5,eq,0.5,6.5,10,15
7.482433334471366,-84.88041588240203,1.7398467296524174,-243.61345665780016,1.6344416666666668,-143.87016995612976,3.6206298518979443,-125.38779189845405,0.5,0.25,-10,10,400,0.7,1,eff,1,6.5,10,15
10.361951210723882,-87.89424806992096,1.6648435882347152,-292.7876607905728,1.6344416666666668,-192.66501073787262,3.6206298518979443,-136.40138955332614,0.5,0.25,-10,10,400,0.8,0.5,eq,0.5,35,15,15
7.482433334471366,-84.88041588240203,1.6648435882347152,-251.7806495632468,1.6344416666666668,-152.1649323929993,3.6206298518979443,-127.26002213138088,0.5,0.25,-10,10,400,0.7,0.5,eff,1,6.5,10,15
10.361951210723882,-83.52037815475732,1.6648435882347152,-281.931322037519,1.6344416666666668,-186.3300527880683,3.6206298518979443,-134.97151137559493,0.5,0.25,-10,10,400,0.8,0.5,eff,1,6.5,15,15
10.361951210723882,-85.94628876042776,1.6648435882347152,-290.83970148107954,1.6344416666666668,-190.44125143500278,3.6206298518979443,-135.89945963920601,0.5,0.25,-10,10,400,0.8,0.5,eq,0.5,6.5,15,15
7.482433334471366,-89.11140995875189,1.6648435882347152,-262.49411247748674,1.6344416666666668,-158.08237877637504,3.6206298518979443,-128.59566279680058,0.5,0.25,-10,10,400,0.8,0.5,eq,0.5,35,10,15
10.361951210723882,-83.52037815475732,1.6648435882347152,-281.931322037519,1.6344416666666668,-186.3300527880683,3.6206298518979443,-134.97151137559493,0.5,0.25,-10,10,400,0.7,0.5,eff,1,35,15,15
7.482433334471366,-85.97479807941954,1.6648435882347152,-259.3575005981544,1.6344416666666668,-154.50167264361866,3.6206298518979443,-127.78745323950524,0.5,0.25,-10,10,400,0.8,0.5,eq,1,35,10,15
10.361951210723882,-83.52037815475732,1.6648435882347152,-288.41379087540906,1.6344416666666668,-187.67187054972737,3.6206298518979443,-135.27437620139037,0.5,0.25,-10,10,400,0.8,0.5,eq,1,35,15,15
10.361951210723882,-83.52037815475732,1.6648435882347152,-281.931322037519,1.6344416666666668,-186.3300527880683,3.6206298518979443,-134.97151137559493,0.5,0.25,-10,10,400,0.8,0.5,eff,1,35,15,15
7.482433334471366,-85.97479807941954,1.6648435882347152,-252.87503176026433,1.6344416666666668,-153.40502743723553,3.6206298518979443,-127.53992688467441,0.5,0.25,-10,10,400,0.8,0.5,eff,1,35,10,15
10.361951210723882,-83.52037815475732,1.7398467296524174,-279.4111698235828,1.6344416666666668,-178.47680014380705,3.6206298518979443,-133.1989353507479,0.5,0.25,-10,10,400,0.8,1,eq,1,6.5,15,15
10.361951210723882,-83.52037815475732,1.7398467296524174,-279.4111698235828,1.6344416666666668,-178.47680014380705,3.6206298518979443,-133.1989353507479,0.5,0.25,-10,10,400,0.8,1,eq,1,35,15,15
10.361951210723882,-87.89424806992096,1.6648435882347152,-286.30519195268266,1.6344416666666668,-191.2862869276002,3.6206298518979443,-136.0901945769668,0.5,0.25,-10,10,400,0.8,0.5,eff,0.5,35,15,15
7.482433334471366,-84.88041588240203,1.7398467296524174,-249.76527039257647,1.6344416666666668,-144.67805242839867,3.6206298518979443,-125.57014094108732,0.5,0.25,-10,10,400,0.8,1,eq,1,6.5,10,15
7.482433334471366,-86.6232159880782,1.6648435882347152,-253.52344966892298,1.6344416666666668,-154.13977973629005,3.6206298518979443,-127.70576954484369,0.5,0.25,-10,10,400,0.8,0.5,eff,0.5,6.5,10,15
7.482433334471366,-89.11140995875189,1.6648435882347152,-256.0116436395967,1.6344416666666668,-156.95926731635683,3.6206298518979443,-128.34216268195144,0.5,0.25,-10,10,400,0.8,0.5,eff,0.5,35,10,15
10.361951210723882,-85.94628876042776,1.6648435882347152,-284.35723264318943,1.6344416666666668,-189.0789642088979,3.6206298518979443,-135.5919746027079,0.5,0.25,-10,10,400,0.8,0.5,eff,0.5,6.5,15,15
7.482433334471366,-84.88041588240203,1.6648435882347152,-251.7806495632468,1.6344416666666668,-152.1649323929993,3.6206298518979443,-127.26002213138088,0.5,0.25,-10,10,400,0.8,0.5,eff,1,6.5,10,15
7.482433334471366,-89.11140995875189,1.7398467296524174,-253.9962644689263,1.6344416666666668,-149.50173138960045,3.6206298518979443,-126.65890480308207,0.5,0.25,-10,10,400,0.8,1,eq,0.5,35,10,15
10.361951210723882,-85.94628876042776,1.7398467296524174,-281.8370804292532,1.6344416666666668,-181.24253645510748,3.6206298518979443,-133.8231961632461,0.5,0.25,-10,10,400,0.8,1,eq,0.5,6.5,15,15
7.482433334471366,-85.97479807941954,1.7398467296524174,-250.85965258959396,1.6344416666666668,-145.9257375549602,3.6206298518979443,-125.85175886961753,0.5,0.25,-10,10,400,0.8,1,eq,1,35,10,15
10.361951210723882,-87.89424806992096,1.7398467296524174,-283.78503973874643,1.6344416666666668,-183.46336923558948,3.6206298518979443,-134.3244655251522,0.5,0.25,-10,10,400,0.8,1,eq,0.5,35,15,15
7.482433334471366,-86.6232159880782,1.7398467296524174,-251.50807049825264,1.6344416666666668,-146.6649869530207,3.6206298518979443,-126.01861658052316,0.5,0.25,-10,10,400,0.8,1,eq,0.5,6.5,10,15
7.482433334471366,-85.97479807941954,1.7398467296524174,-244.70783885481768,1.6344416666666668,-145.10887569087987,3.6206298518979443,-125.66738306745361,0.5,0.25,-10,10,400,0.8,1,eff,1,35,10,15
7.482433334471366,-84.88041588240203,1.6648435882347152,-258.26311840113686,2.4516625,-153.25601648372907,4.029240268564611,-130.11760568718657,0.5,0.25,-10,10,500,0.7,0.5,eq,1,6.5,10,15
10.361951210723882,-87.89424806992096,1.7398467296524174,-277.6332260039701,1.6344416666666668,-182.37635499838095,3.6206298518979443,-134.07911299890296,0.5,0.25,-10,10,400,0.8,1,eff,0.5,35,15,15
10.361951210723882,-83.52037815475732,1.6648435882347152,-288.41379087540906,2.4516625,-187.67554366457395,4.029240268564611,-140.58919070475972,0.5,0.25,-10,10,500,0.7,0.5,eq,1,6.5,15,15
10.361951210723882,-83.52037815475732,1.7398467296524174,-273.2593560888065,1.6344416666666668,-177.42567345239812,3.6206298518979443,-132.96168308640998,0.5,0.25,-10,10,400,0.8,1,eff,1,6.5,15,15
10.361951210723882,-85.94628876042776,1.7398467296524174,-275.6852666944769,1.6344416666666668,-180.1715051988154,3.6206298518979443,-133.58145119300724,0.5,0.25,-10,10,400,0.8,1,eff,0.5,6.5,15,15
7.482433334471366,-84.88041588240203,1.7398467296524174,-243.61345665780016,1.6344416666666668,-143.87016995612976,3.6206298518979443,-125.38779189845405,0.5,0.25,-10,10,400,0.8,1,eff,1,6.5,10,15
7.482433334471366,-86.6232159880782,1.7398467296524174,-245.35625676347632,1.6344416666666668,-145.84280482847134,3.6206298518979443,-125.83303992992344,0.5,0.25,-10,10,400,0.8,1,eff,0.5,6.5,10,15
10.361951210723882,-85.94628876042776,1.6648435882347152,-290.83970148107954,2.4516625,-190.44492454985814,4.029240268564611,-141.43173009334376,0.5,0.25,-10,10,500,0.7,0.5,eq,0.5,6.5,15,15
10.361951210723882,-83.52037815475732,1.7398467296524174,-273.2593560888065,1.6344416666666668,-177.42567345239812,3.6206298518979443,-132.96168308640998,0.5,0.25,-10,10,400,0.8,1,eff,1,35,15,15
7.482433334471366,-89.11140995875189,1.7398467296524174,-247.84445073415,1.6344416666666668,-148.65913366600404,3.6206298518979443,-126.46872009986487,0.5,0.25,-10,10,400,0.8,1,eff,0.5,35,10,15
10.361951210723882,-87.89424806992096,1.6648435882347152,-286.30519195268266,2.4516625,-191.28971560804155,4.029240268564611,-141.6887441232394,0.5,0.25,-10,10,500,0.7,0.5,eff,0.5,35,15,15
7.482433334471366,-85.97479807941954,1.6648435882347152,-259.3575005981544,2.4516625,-154.5053457584794,4.029240268564611,-130.49769393322063,0.5,0.25,-10,10,500,0.7,0.5,eq,1,35,10,15
10.361951210723882,-83.52037815475732,1.7398467296524174,-279.4111698235828,2.4516625,-178.4802730422599,4.029240268564611,-137.79167818881976,0.5,0.25,-10,10,500,0.7,1,eq,1,6.5,15,15
10.361951210723882,-87.89424806992096,1.6648435882347152,-292.7876607905728,2.4516625,-192.66868385272622,4.029240268564611,-142.10827293125806,0.5,0.25,-10,10,500,0.7,0.5,eq,0.5,35,15,15
7.482433334471366,-84.88041588240203,1.6648435882347152,-251.7806495632468,2.4516625,-152.16836107345722,4.029240268564611,-129.78670410220406,0.5,0.25,-10,10,500,0.7,0.5,eff,1,6.5,10,15
7.482433334471366,-86.6232159880782,1.6648435882347152,-260.00591850681303,2.4516625,-155.24556930904564,4.029240268564611,-130.72289498845413,0.5,0.25,-10,10,500,0.7,0.5,eq,0.5,6.5,10,15
7.482433334471366,-85.97479807941954,1.6648435882347152,-252.87503176026433,2.4516625,-153.40845611776322,4.029240268564611,-130.16398298282596,0.5,0.25,-10,10,500,0.7,0.5,eff,1,35,10,15
10.361951210723882,-83.52037815475732,1.6648435882347152,-281.931322037519,2.4516625,-186.3334814685237,4.029240268564611,-140.1808899657353,0.5,0.25,-10,10,500,0.7,0.5,eff,1,6.5,15,15
7.482433334471366,-89.11140995875189,1.6648435882347152,-256.0116436395967,2.4516625,-156.9626959968652,4.029240268564611,-131.24530303906369,0.5,0.25,-10,10,500,0.7,0.5,eff,0.5,35,10,15
10.361951210723882,-83.52037815475732,1.6648435882347152,-288.41379087540906,2.4516625,-187.67554366457395,4.029240268564611,-140.58919070475972,0.5,0.25,-10,10,500,0.7,0.5,eq,1,35,15,15
7.482433334471366,-89.11140995875189,1.6648435882347152,-262.49411247748674,2.4516625,-158.08605189123492,4.029240268564611,-131.58706591950875,0.5,0.25,-10,10,500,0.7,0.5,eq,0.5,35,10,15
7.482433334471366,-86.6232159880782,1.6648435882347152,-253.52344966892298,2.4516625,-154.14320841680004,4.029240268564611,-130.3875194981824,0.5,0.25,-10,10,500,0.7,0.5,eff,0.5,6.5,10,15
7.482433334471366,-84.88041588240203,1.7398467296524174,-249.76527039257647,2.4516625,-144.6815253270573,4.029240268564611,-127.50895529353757,0.5,0.25,-10,10,500,0.7,1,eq,1,6.5,10,15
10.361951210723882,-83.52037815475732,1.6648435882347152,-281.931322037519,2.4516625,-186.3334814685237,4.029240268564611,-140.1808899657353,0.5,0.25,-10,10,500,0.7,0.5,eff,1,35,15,15
7.482433334471366,-86.6232159880782,1.7398467296524174,-251.50807049825264,2.4516625,-146.66845985160663,4.029240268564611,-128.11344801910153,0.5,0.25,-10,10,500,0.7,1,eq,0.5,6.5,10,15
7.482433334471366,-85.97479807941954,1.7398467296524174,-250.85965258959396,2.4516625,-145.92921045354643,4.029240268564611,-127.88854333402833,0.5,0.25,-10,10,500,0.7,1,eq,1,35,10,15
10.361951210723882,-83.52037815475732,1.7398467296524174,-279.4111698235828,2.4516625,-178.4802730422599,4.029240268564611,-137.79167818881976,0.5,0.25,-10,10,500,0.7,1,eq,1,35,15,15
10.361951210723882,-85.94628876042776,1.6648435882347152,-284.35723264318943,2.4516625,-189.08239288939637,4.029240268564611,-141.0172018505037,0.5,0.25,-10,10,500,0.7,0.5,eff,0.5,6.5,15,15
10.361951210723882,-85.94628876042776,1.7398467296524174,-275.6852666944769,2.4516625,-180.17475114991004,4.029240268564611,-138.30719577485294,0.5,0.25,-10,10,500,0.7,1,eff,0.5,6.5,15,15
7.482433334471366,-84.88041588240203,1.7398467296524174,-243.61345665780016,2.4516625,-143.87341590705933,4.029240268564611,-127.2631010593831,0.5,0.25,-10,10,500,0.7,1,eff,1,6.5,10,15
7.482433334471366,-86.6232159880782,1.7398467296524174,-245.35625676347632,2.4516625,-145.8460507794011,4.029240268564611,-127.86324334680677,0.5,0.25,-10,10,500,0.7,1,eff,0.5,6.5,10,15
10.361951210723882,-85.94628876042776,1.7398467296524174,-281.8370804292532,2.4516625,-181.24600935377137,4.029240268564611,-138.6331087747197,0.5,0.25,-10,10,500,0.7,1,eq,0.5,6.5,15,15
10.361951210723882,-87.89424806992096,1.7398467296524174,-277.6332260039701,2.4516625,-182.3796009494168,4.029240268564611,-138.97798570189644,0.5,0.25,-10,10,500,0.7,1,eff,0.5,35,15,15
10.361951210723882,-87.89424806992096,1.7398467296524174,-283.78503973874643,2.4516625,-183.46684213418382,4.029240268564611,-139.30876126546175,0.5,0.25,-10,10,500,0.7,1,eq,0.5,35,15,15
7.482433334471366,-89.11140995875189,1.7398467296524174,-247.84445073415,2.4516625,-148.6623796169254,4.029240268564611,-128.7200658913068,0.5,0.25,-10,10,500,0.7,1,eff,0.5,35,10,15
7.482433334471366,-89.11140995875189,1.7398467296524174,-253.9962644689263,2.4516625,-149.50520428826144,4.029240268564611,-128.97648167977582,0.5,0.25,-10,10,500,0.7,1,eq,0.5,35,10,15
10.361951210723882,-83.52037815475732,1.7398467296524174,-273.2593560888065,2.4516625,-177.42891940348858,4.029240268564611,-137.47182083127706,0.5,0.25,-10,10,500,0.7,1,eff,1,35,15,15
7.482433334471366,-85.97479807941954,1.7398467296524174,-244.70783885481768,2.4516625,-145.11212164189402,4.029240268564611,-127.63995726504585,0.5,0.25,-10,10,500,0.7,1,eff,1,35,10,15
7.482433334471366,-84.88041588240203,1.6648435882347152,-258.26311840113686,2.4516625,-153.25601648372907,4.029240268564611,-130.11760568718657,0.5,0.25,-10,10,500,0.8,0.5,eq,1,6.5,10,15
7.482433334471366,-86.6232159880782,1.6648435882347152,-260.00591850681303,2.4516625,-155.24556930904564,4.029240268564611,-130.72289498845413,0.5,0.25,-10,10,500,0.8,0.5,eq,0.5,6.5,10,15
10.361951210723882,-85.94628876042776,1.6648435882347152,-290.83970148107954,2.4516625,-190.44492454985814,4.029240268564611,-141.43173009334376,0.5,0.25,-10,10,500,0.8,0.5,eq,0.5,6.5,15,15
7.482433334471366,-84.88041588240203,1.6648435882347152,-251.7806495632468,2.4516625,-152.16836107345722,4.029240268564611,-129.78670410220406,0.5,0.25,-10,10,500,0.8,0.5,eff,1,6.5,10,15
10.361951210723882,-83.52037815475732,1.6648435882347152,-288.41379087540906,2.4516625,-187.67554366457395,4.029240268564611,-140.58919070475972,0.5,0.25,-10,10,500,0.8,0.5,eq,1,6.5,15,15
10.361951210723882,-83.52037815475732,1.7398467296524174,-273.2593560888065,2.4516625,-177.42891940348858,4.029240268564611,-137.47182083127706,0.5,0.25,-10,10,500,0.7,1,eff,1,6.5,15,15
7.482433334471366,-89.11140995875189,1.6648435882347152,-262.49411247748674,2.4516625,-158.08605189123492,4.029240268564611,-131.58706591950875,0.5,0.25,-10,10,500,0.8,0.5,eq,0.5,35,10,15
7.482433334471366,-85.97479807941954,1.6648435882347152,-259.3575005981544,2.4516625,-154.5053457584794,4.029240268564611,-130.49769393322063,0.5,0.25,-10,10,500,0.8,0.5,eq,1,35,10,15
10.361951210723882,-83.52037815475732,1.6648435882347152,-281.931322037519,2.4516625,-186.3334814685237,4.029240268564611,-140.1808899657353,0.5,0.25,-10,10,500,0.8,0.5,eff,1,35,15,15
10.361951210723882,-83.52037815475732,1.6648435882347152,-288.41379087540906,2.4516625,-187.67554366457395,4.029240268564611,-140.58919070475972,0.5,0.25,-10,10,500,0.8,0.5,eq,1,35,15,15
7.482433334471366,-89.11140995875189,1.6648435882347152,-256.0116436395967,2.4516625,-156.9626959968652,4.029240268564611,-131.24530303906369,0.5,0.25,-10,10,500,0.8,0.5,eff,0.5,35,10,15
10.361951210723882,-87.89424806992096,1.6648435882347152,-292.7876607905728,2.4516625,-192.66868385272622,4.029240268564611,-142.10827293125806,0.5,0.25,-10,10,500,0.8,0.5,eq,0.5,35,15,15
10.361951210723882,-85.94628876042776,1.6648435882347152,-284.35723264318943,2.4516625,-189.08239288939637,4.029240268564611,-141.0172018505037,0.5,0.25,-10,10,500,0.8,0.5,eff,0.5,6.5,15,15
7.482433334471366,-86.6232159880782,1.6648435882347152,-253.52344966892298,2.4516625,-154.14320841680004,4.029240268564611,-130.3875194981824,0.5,0.25,-10,10,500,0.8,0.5,eff,0.5,6.5,10,15
7.482433334471366,-85.97479807941954,1.6648435882347152,-252.87503176026433,2.4516625,-153.40845611776322,4.029240268564611,-130.16398298282596,0.5,0.25,-10,10,500,0.8,0.5,eff,1,35,10,15
10.361951210723882,-83.52037815475732,1.6648435882347152,-281.931322037519,2.4516625,-186.3334814685237,4.029240268564611,-140.1808899657353,0.5,0.25,-10,10,500,0.8,0.5,eff,1,6.5,15,15
10.361951210723882,-85.94628876042776,1.7398467296524174,-281.8370804292532,2.4516625,-181.24600935377137,4.029240268564611,-138.6331087747197,0.5,0.25,-10,10,500,0.8,1,eq,0.5,6.5,15,15
7.482433334471366,-85.97479807941954,1.7398467296524174,-250.85965258959396,2.4516625,-145.92921045354643,4.029240268564611,-127.88854333402833,0.5,0.25,-10,10,500,0.8,1,eq,1,35,10,15
10.361951210723882,-83.52037815475732,1.7398467296524174,-279.4111698235828,2.4516625,-178.4802730422599,4.029240268564611,-137.79167818881976,0.5,0.25,-10,10,500,0.8,1,eq,1,35,15,15
10.361951210723882,-87.89424806992096,1.6648435882347152,-286.30519195268266,2.4516625,-191.28971560804155,4.029240268564611,-141.6887441232394,0.5,0.25,-10,10,500,0.8,0.5,eff,0.5,35,15,15
7.482433334471366,-84.88041588240203,1.7398467296524174,-243.61345665780016,2.4516625,-143.87341590705933,4.029240268564611,-127.2631010593831,0.5,0.25,-10,10,500,0.8,1,eff,1,6.5,10,15
7.482433334471366,-84.88041588240203,1.7398467296524174,-249.76527039257647,2.4516625,-144.6815253270573,4.029240268564611,-127.50895529353757,0.5,0.25,-10,10,500,0.8,1,eq,1,6.5,10,15
10.361951210723882,-83.52037815475732,1.7398467296524174,-279.4111698235828,2.4516625,-178.4802730422599,4.029240268564611,-137.79167818881976,0.5,0.25,-10,10,500,0.8,1,eq,1,6.5,15,15
10.361951210723882,-87.89424806992096,1.7398467296524174,-283.78503973874643,2.4516625,-183.46684213418382,4.029240268564611,-139.30876126546175,0.5,0.25,-10,10,500,0.8,1,eq,0.5,35,15,15
10.361951210723882,-83.52037815475732,1.7398467296524174,-273.2593560888065,2.4516625,-177.42891940348858,4.029240268564611,-137.47182083127706,0.5,0.25,-10,10,500,0.8,1,eff,1,6.5,15,15
7.482433334471366,-86.6232159880782,1.7398467296524174,-251.50807049825264,2.4516625,-146.66845985160663,4.029240268564611,-128.11344801910153,0.5,0.25,-10,10,500,0.8,1,eq,0.5,6.5,10,15
7.482433334471366,-89.11140995875189,1.7398467296524174,-253.9962644689263,2.4516625,-149.50520428826144,4.029240268564611,-128.97648167977582,0.5,0.25,-10,10,500,0.8,1,eq,0.5,35,10,15
7.482433334471366,-85.97479807941954,1.7398467296524174,-244.70783885481768,2.4516625,-145.11212164189402,4.029240268564611,-127.63995726504585,0.5,0.25,-10,10,500,0.8,1,eff,1,35,10,15
10.361951210723882,-85.94628876042776,1.7398467296524174,-275.6852666944769,2.4516625,-180.17475114991004,4.029240268564611,-138.30719577485294,0.5,0.25,-10,10,500,0.8,1,eff,0.5,6.5,15,15
10.361951210723882,-87.89424806992096,1.7398467296524174,-277.6332260039701,2.4516625,-182.3796009494168,4.029240268564611,-138.97798570189644,0.5,0.25,-10,10,500,0.8,1,eff,0.5,35,15,15
7.482433334471366,-86.6232159880782,1.7398467296524174,-245.35625676347632,2.4516625,-145.8460507794011,4.029240268564611,-127.86324334680677,0.5,0.25,-10,10,500,0.8,1,eff,0.5,6.5,10,15
7.482433334471366,-89.11140995875189,1.7398467296524174,-247.84445073415,2.4516625,-148.6623796169254,4.029240268564611,-128.7200658913068,0.5,0.25,-10,10,500,0.8,1,eff,0.5,35,10,15
10.361951210723882,-83.52037815475732,1.7398467296524174,-273.2593560888065,2.4516625,-177.42891940348858,4.029240268564611,-137.47182083127706,0.5,0.25,-10,10,500,0.8,1,eff,1,35,15,15
7.482433334471366,-85.97479807941954,0.664380693404857,-400.81366880021613,1.3075533333333331,-297.9792272997169,3.4571856852312774,-153.6570484070292,0.5,1,-20,2,400,0.7,0.5,eq,1,35,10,15
7.482433334471366,-84.88041588240203,0.664380693404857,-383.39778019486835,1.3075533333333331,-285.723952886713,3.4571856852312774,-151.33949500252265,0.5,1,-20,2,400,0.7,0.5,eff,1,6.5,10,15
10.361951210723882,-83.52037815475732,0.664380693404857,-429.86995907747075,1.3075533333333331,-332.02248126409404,3.4571856852312774,-160.09485277327872,0.5,1,-20,2,400,0.7,0.5,eq,1,35,15,15
10.361951210723882,-85.94628876042776,0.664380693404857,-432.29586968314135,1.3075533333333331,-334.8647536285487,3.4571856852312774,-160.63234526612635,0.5,1,-20,2,400,0.7,0.5,eq,0.5,6.5,15,15
7.482433334471366,-86.6232159880782,0.664380693404857,-385.14058030054457,1.3075533333333331,-287.7428357506283,3.4571856852312774,-151.7212790978345,0.5,1,-20,2,400,0.7,0.5,eff,0.5,6.5,10,15
7.482433334471366,-89.11140995875189,0.664380693404857,-403.9502806795485,1.3075533333333331,-301.6541793938469,3.4571856852312774,-154.35200614115496,0.5,1,-20,2,400,0.7,0.5,eq,0.5,35,10,15
10.361951210723882,-83.52037815475732,0.664380693404857,-413.54845266914066,1.3075533333333331,-320.65089361640264,3.4571856852312774,-157.94441037766939,0.5,1,-20,2,400,0.7,0.5,eff,1,35,15,15
10.361951210723882,-83.52037815475732,0.664380693404857,-429.86995907747075,1.3075533333333331,-332.02248126409404,3.4571856852312774,-160.09485277327872,0.5,1,-20,2,400,0.7,0.5,eq,1,6.5,15,15
10.361951210723882,-87.89424806992096,0.664380693404857,-434.2438289926345,1.3075533333333331,-337.14704337839424,3.4571856852312774,-161.0639413448085,0.5,1,-20,2,400,0.7,0.5,eq,0.5,35,15,15
7.482433334471366,-86.6232159880782,0.664380693404857,-401.4620867088748,1.3075533333333331,-298.7389339005227,3.4571856852312774,-153.80071394725215,0.5,1,-20,2,400,0.7,0.5,eq,0.5,6.5,10,15
10.361951210723882,-83.52037815475732,0.664380693404857,-413.54845266914066,1.3075533333333331,-320.65089361640264,3.4571856852312774,-157.94441037766939,0.5,1,-20,2,400,0.7,0.5,eff,1,6.5,15,15
10.361951210723882,-85.94628876042776,0.664380693404857,-415.9743632748111,1.3075533333333331,-323.4611007857036,3.4571856852312774,-158.4758391301475,0.5,1,-20,2,400,0.7,0.5,eff,0.5,6.5,15,15
10.361951210723882,-83.52037815475732,0.6968241909147566,-416.50939961443805,1.3075533333333331,-317.24518576785965,3.4571856852312774,-157.30036851021256,0.5,1,-20,2,400,0.7,1,eq,1,6.5,15,15
10.361951210723882,-87.89424806992096,0.664380693404857,-417.9223225843043,1.3075533333333331,-325.7176428050365,3.4571856852312774,-158.90256614278542,0.5,1,-20,2,400,0.7,0.5,eff,0.5,35,15,15
7.482433334471366,-85.97479807941954,0.6968241909147566,-387.9578823804492,1.3075533333333331,-283.8362340651141,3.4571856852312774,-150.98251489466762,0.5,1,-20,2,400,0.7,1,eq,1,35,10,15
10.361951210723882,-83.52037815475732,0.6968241909147566,-416.50939961443805,1.3075533333333331,-317.24518576785965,3.4571856852312774,-157.30036851021256,0.5,1,-20,2,400,0.7,1,eq,1,35,15,15
7.482433334471366,-84.88041588240203,0.6968241909147566,-386.8635001834317,1.3075533333333331,-282.5556659724876,3.4571856852312774,-150.74035100320714,0.5,1,-20,2,400,0.7,1,eq,1,6.5,10,15
7.482433334471366,-89.11140995875189,0.664380693404857,-387.6287742712182,1.3075533333333331,-290.6251927997845,3.4571856852312774,-152.26635186953752,0.5,1,-20,2,400,0.7,0.5,eff,0.5,35,10,15
10.361951210723882,-85.94628876042776,0.6968241909147566,-418.9353102201085,1.3075533333333331,-320.0838135565347,3.4571856852312774,-157.83717178968791,0.5,1,-20,2,400,0.7,1,eq,0.5,6.5,15,15
7.482433334471366,-85.97479807941954,0.664380693404857,-384.49216239188587,1.3075533333333331,-286.9916998060378,3.4571856852312774,-151.57923432535802,0.5,1,-20,2,400,0.7,0.5,eff,1,35,10,15
7.482433334471366,-86.6232159880782,0.6968241909147566,-388.6063002891079,1.3075533333333331,-284.59496651347064,3.4571856852312774,-151.1259962162228,0.5,1,-20,2,400,0.7,1,eq,0.5,6.5,10,15
10.361951210723882,-87.89424806992096,0.6968241909147566,-420.8832695296017,1.3075533333333331,-322.3631767858371,3.4571856852312774,-158.26821444398965,0.5,1,-20,2,400,0.7,1,eq,0.5,35,15,15
7.482433334471366,-84.88041588240203,0.664380693404857,-399.7192866031986,1.3075533333333331,-296.69701505894443,3.4571856852312774,-153.41457359628575,0.5,1,-20,2,400,0.7,0.5,eq,1,6.5,10,15
7.482433334471366,-89.11140995875189,0.6968241909147566,-391.0944942597815,1.3075533333333331,-287.50647386094926,3.4571856852312774,-151.67658150203533,0.5,1,-20,2,400,0.7,1,eq,0.5,35,10,15
7.482433334471366,-84.88041588240203,0.6968241909147566,-371.2352008924657,1.3075533333333331,-272.4252908167777,3.4571856852312774,-148.82463009481762,0.5,1,-20,2,400,0.7,1,eff,1,6.5,10,15
10.361951210723882,-85.94628876042776,0.6968241909147566,-403.30701092914245,1.3075533333333331,-309.53736287008337,3.4571856852312774,-155.84276824798425,0.5,1,-20,2,400,0.7,1,eff,0.5,6.5,15,15
7.482433334471366,-86.6232159880782,0.6968241909147566,-372.97800099814185,1.3075533333333331,-274.44198158146185,3.4571856852312774,-149.20599964967397,0.5,1,-20,2,400,0.7,1,eff,0.5,6.5,10,15
10.361951210723882,-83.52037815475732,0.6968241909147566,-400.881100323472,1.3075533333333331,-306.7302070191503,3.4571856852312774,-155.3119165199799,0.5,1,-20,2,400,0.7,1,eff,1,6.5,15,15
10.361951210723882,-83.52037815475732,0.6968241909147566,-400.881100323472,1.3075533333333331,-306.7302070191503,3.4571856852312774,-155.3119165199799,0.5,1,-20,2,400,0.7,1,eff,1,35,15,15
10.361951210723882,-83.52037815475732,0.664380693404857,-429.86995907747075,1.3075533333333331,-332.02248126409404,3.4571856852312774,-160.09485277327872,0.5,1,-20,2,400,0.8,0.5,eq,1,6.5,15,15
7.482433334471366,-85.97479807941954,0.6968241909147566,-372.3295830894832,1.3075533333333331,-273.6916612183953,3.4571856852312774,-149.06410910905498,0.5,1,-20,2,400,0.7,1,eff,1,35,10,15
10.361951210723882,-85.94628876042776,0.664380693404857,-432.29586968314135,1.3075533333333331,-334.8647536285487,3.4571856852312774,-160.63234526612635,0.5,1,-20,2,400,0.8,0.5,eq,0.5,6.5,15,15
10.361951210723882,-87.89424806992096,0.6968241909147566,-405.2549702386357,1.3075533333333331,-311.7914547393159,3.4571856852312774,-156.26903192104135,0.5,1,-20,2,400,0.7,1,eff,0.5,35,15,15
7.482433334471366,-89.11140995875189,0.6968241909147566,-375.46619496881556,1.3075533333333331,-277.3212089715288,3.4571856852312774,-149.75048058215467,0.5,1,-20,2,400,0.7,1,eff,0.5,35,10,15
7.482433334471366,-84.88041588240203,0.664380693404857,-399.7192866031986,1.3075533333333331,-296.69701505894443,3.4571856852312774,-153.41457359628575,0.5,1,-20,2,400,0.8,0.5,eq,1,6.5,10,15
10.361951210723882,-83.52037815475732,0.664380693404857,-413.54845266914066,1.3075533333333331,-320.65089361640264,3.4571856852312774,-157.94441037766939,0.5,1,-20,2,400,0.8,0.5,eff,1,35,15,15
7.482433334471366,-89.11140995875189,0.664380693404857,-403.9502806795485,1.3075533333333331,-301.6541793938469,3.4571856852312774,-154.35200614115496,0.5,1,-20,2,400,0.8,0.5,eq,0.5,35,10,15
10.361951210723882,-83.52037815475732,0.664380693404857,-429.86995907747075,1.3075533333333331,-332.02248126409404,3.4571856852312774,-160.09485277327872,0.5,1,-20,2,400,0.8,0.5,eq,1,35,15,15
7.482433334471366,-85.97479807941954,0.664380693404857,-400.81366880021613,1.3075533333333331,-297.9792272997169,3.4571856852312774,-153.6570484070292,0.5,1,-20,2,400,0.8,0.5,eq,1,35,10,15
7.482433334471366,-89.11140995875189,0.664380693404857,-387.6287742712182,1.3075533333333331,-290.6251927997845,3.4571856852312774,-152.26635186953752,0.5,1,-20,2,400,0.8,0.5,eff,0.5,35,10,15
10.361951210723882,-87.89424806992096,0.664380693404857,-434.2438289926345,1.3075533333333331,-337.14704337839424,3.4571856852312774,-161.0639413448085,0.5,1,-20,2,400,0.8,0.5,eq,0.5,35,15,15
7.482433334471366,-85.97479807941954,0.664380693404857,-384.49216239188587,1.3075533333333331,-286.9916998060378,3.4571856852312774,-151.57923432535802,0.5,1,-20,2,400,0.8,0.5,eff,1,35,10,15
10.361951210723882,-85.94628876042776,0.664380693404857,-415.9743632748111,1.3075533333333331,-323.4611007857036,3.4571856852312774,-158.4758391301475,0.5,1,-20,2,400,0.8,0.5,eff,0.5,6.5,15,15
7.482433334471366,-86.6232159880782,0.664380693404857,-401.4620867088748,1.3075533333333331,-298.7389339005227,3.4571856852312774,-153.80071394725215,0.5,1,-20,2,400,0.8,0.5,eq,0.5,6.5,10,15
10.361951210723882,-87.89424806992096,0.664380693404857,-417.9223225843043,1.3075533333333331,-325.7176428050365,3.4571856852312774,-158.90256614278542,0.5,1,-20,2,400,0.8,0.5,eff,0.5,35,15,15
7.482433334471366,-84.88041588240203,0.6968241909147566,-386.8635001834317,1.3075533333333331,-282.5556659724876,3.4571856852312774,-150.74035100320714,0.5,1,-20,2,400,0.8,1,eq,1,6.5,10,15
7.482433334471366,-84.88041588240203,0.664380693404857,-383.39778019486835,1.3075533333333331,-285.723952886713,3.4571856852312774,-151.33949500252265,0.5,1,-20,2,400,0.8,0.5,eff,1,6.5,10,15
10.361951210723882,-83.52037815475732,0.664380693404857,-413.54845266914066,1.3075533333333331,-320.65089361640264,3.4571856852312774,-157.94441037766939,0.5,1,-20,2,400,0.8,0.5,eff,1,6.5,15,15
7.482433334471366,-86.6232159880782,0.6968241909147566,-388.6063002891079,1.3075533333333331,-284.59496651347064,3.4571856852312774,-151.1259962162228,0.5,1,-20,2,400,0.8,1,eq,0.5,6.5,10,15
7.482433334471366,-89.11140995875189,0.6968241909147566,-391.0944942597815,1.3075533333333331,-287.50647386094926,3.4571856852312774,-151.67658150203533,0.5,1,-20,2,400,0.8,1,eq,0.5,35,10,15
10.361951210723882,-83.52037815475732,0.6968241909147566,-416.50939961443805,1.3075533333333331,-317.24518576785965,3.4571856852312774,-157.30036851021256,0.5,1,-20,2,400,0.8,1,eq,1,6.5,15,15
10.361951210723882,-87.89424806992096,0.6968241909147566,-420.8832695296017,1.3075533333333331,-322.3631767858371,3.4571856852312774,-158.26821444398965,0.5,1,-20,2,400,0.8,1,eq,0.5,35,15,15
7.482433334471366,-86.6232159880782,0.664380693404857,-385.14058030054457,1.3075533333333331,-287.7428357506283,3.4571856852312774,-151.7212790978345,0.5,1,-20,2,400,0.8,0.5,eff,0.5,6.5,10,15
10.361951210723882,-83.52037815475732,0.6968241909147566,-416.50939961443805,1.3075533333333331,-317.24518576785965,3.4571856852312774,-157.30036851021256,0.5,1,-20,2,400,0.8,1,eq,1,35,15,15
10.361951210723882,-83.52037815475732,0.6968241909147566,-400.881100323472,1.3075533333333331,-306.7302070191503,3.4571856852312774,-155.3119165199799,0.5,1,-20,2,400,0.8,1,eff,1,6.5,15,15
10.361951210723882,-85.94628876042776,0.6968241909147566,-418.9353102201085,1.3075533333333331,-320.0838135565347,3.4571856852312774,-157.83717178968791,0.5,1,-20,2,400,0.8,1,eq,0.5,6.5,15,15
7.482433334471366,-85.97479807941954,0.6968241909147566,-372.3295830894832,1.3075533333333331,-273.6916612183953,3.4571856852312774,-149.06410910905498,0.5,1,-20,2,400,0.8,1,eff,1,35,10,15
7.482433334471366,-85.97479807941954,0.6968241909147566,-387.9578823804492,1.3075533333333331,-283.8362340651141,3.4571856852312774,-150.98251489466762,0.5,1,-20,2,400,0.8,1,eq,1,35,10,15
10.361951210723882,-87.89424806992096,0.6968241909147566,-405.2549702386357,1.3075533333333331,-311.7914547393159,3.4571856852312774,-156.26903192104135,0.5,1,-20,2,400,0.8,1,eff,0.5,35,15,15
10.361951210723882,-85.94628876042776,0.6968241909147566,-403.30701092914245,1.3075533333333331,-309.53736287008337,3.4571856852312774,-155.84276824798425,0.5,1,-20,2,400,0.8,1,eff,0.5,6.5,15,15
7.482433334471366,-89.11140995875189,0.6968241909147566,-375.46619496881556,1.3075533333333331,-277.3212089715288,3.4571856852312774,-149.75048058215467,0.5,1,-20,2,400,0.8,1,eff,0.5,35,10,15
10.361951210723882,-83.52037815475732,0.6968241909147566,-400.881100323472,1.3075533333333331,-306.7302070191503,3.4571856852312774,-155.3119165199799,0.5,1,-20,2,400,0.8,1,eff,1,35,15,15
7.482433334471366,-84.88041588240203,0.6968241909147566,-371.2352008924657,1.3075533333333331,-272.4252908167777,3.4571856852312774,-148.82463009481762,0.5,1,-20,2,400,0.8,1,eff,1,6.5,10,15
10.361951210723882,-85.94628876042776,0.664380693404857,-432.29586968314135,1.9613299999999998,-334.8670438927878,3.7840740185646107,-175.68405601089398,0.5,1,-20,2,500,0.7,0.5,eq,0.5,6.5,15,15
7.482433334471366,-84.88041588240203,0.664380693404857,-399.7192866031986,1.9613299999999998,-296.6993053232003,3.7840740185646107,-165.79266245973346,0.5,1,-20,2,500,0.7,0.5,eq,1,6.5,10,15
7.482433334471366,-86.6232159880782,0.6968241909147566,-372.97800099814185,1.3075533333333331,-274.44198158146185,3.4571856852312774,-149.20599964967397,0.5,1,-20,2,400,0.8,1,eff,0.5,6.5,10,15
10.361951210723882,-83.52037815475732,0.664380693404857,-429.86995907747075,1.9613299999999998,-332.02477152833285,3.7840740185646107,-174.94746443931965,0.5,1,-20,2,500,0.7,0.5,eq,1,6.5,15,15
10.361951210723882,-83.52037815475732,0.664380693404857,-429.86995907747075,1.9613299999999998,-332.02477152833285,3.7840740185646107,-174.94746443931965,0.5,1,-20,2,500,0.7,0.5,eq,1,35,15,15
10.361951210723882,-87.89424806992096,0.664380693404857,-434.2438289926345,1.9613299999999998,-337.1493336425349,3.7840740185646107,-176.2755247999439,0.5,1,-20,2,500,0.7,0.5,eq,0.5,35,15,15
7.482433334471366,-89.11140995875189,0.664380693404857,-403.9502806795485,1.9613299999999998,-301.65646965799294,3.7840740185646107,-167.0773407029521,0.5,1,-20,2,500,0.7,0.5,eq,0.5,35,10,15
7.482433334471366,-84.88041588240203,0.664380693404857,-383.39778019486835,1.9613299999999998,-285.72604292366987,3.7840740185646107,-162.94887707967953,0.5,1,-20,2,500,0.7,0.5,eff,1,6.5,10,15
10.361951210723882,-83.52037815475732,0.664380693404857,-413.54845266914066,1.9613299999999998,-320.6529836533658,3.7840740185646107,-172.00039884237472,0.5,1,-20,2,500,0.7,0.5,eff,1,6.5,15,15
7.482433334471366,-85.97479807941954,0.664380693404857,-400.81366880021613,1.9613299999999998,-297.98151756398096,3.7840740185646107,-166.12495529040638,0.5,1,-20,2,500,0.7,0.5,eq,1,35,10,15
10.361951210723882,-83.52037815475732,0.664380693404857,-413.54845266914066,1.9613299999999998,-320.6529836533658,3.7840740185646107,-172.00039884237472,0.5,1,-20,2,500,0.7,0.5,eff,1,35,15,15
7.482433334471366,-86.6232159880782,0.664380693404857,-385.14058030054457,1.9613299999999998,-287.74492578758566,3.7840740185646107,-163.47208242767985,0.5,1,-20,2,500,0.7,0.5,eff,0.5,6.5,10,15
7.482433334471366,-85.97479807941954,0.664380693404857,-384.49216239188587,1.9613299999999998,-286.9937898428801,3.7840740185646107,-163.27742113733478,0.5,1,-20,2,500,0.7,0.5,eff,1,35,10,15
10.361951210723882,-87.89424806992096,0.664380693404857,-417.9223225843043,1.9613299999999998,-325.7197328418687,3.7840740185646107,-173.3134766438571,0.5,1,-20,2,500,0.7,0.5,eff,0.5,35,15,15
10.361951210723882,-85.94628876042776,0.664380693404857,-415.9743632748111,1.9613299999999998,-323.46319082266535,3.7840740185646107,-172.72868053035472,0.5,1,-20,2,500,0.7,0.5,eff,0.5,6.5,15,15
7.482433334471366,-89.11140995875189,0.664380693404857,-387.6287742712182,1.9613299999999998,-290.6272828367772,3.7840740185646107,-164.21906218065985,0.5,1,-20,2,500,0.7,0.5,eff,0.5,35,10,15
10.361951210723882,-83.52037815475732,0.6968241909147566,-416.50939961443805,1.9613299999999998,-317.247347509641,3.7840740185646107,-171.1178082396273,0.5,1,-20,2,500,0.7,1,eq,1,6.5,15,15
7.482433334471366,-86.6232159880782,0.664380693404857,-401.4620867088748,1.9613299999999998,-298.7412241647778,3.7840740185646107,-166.32183771659982,0.5,1,-20,2,500,0.7,0.5,eq,0.5,6.5,10,15
7.482433334471366,-85.97479807941954,0.6968241909147566,-387.9578823804492,1.9613299999999998,-283.8383958069213,3.7840740185646107,-162.45968224610473,0.5,1,-20,2,500,0.7,1,eq,1,35,10,15
7.482433334471366,-86.6232159880782,0.6968241909147566,-388.6063002891079,1.9613299999999998,-284.5971282552756,3.7840740185646107,-162.656312214973,0.5,1,-20,2,500,0.7,1,eq,0.5,6.5,10,15
7.482433334471366,-85.97479807941954,0.6968241909147566,-372.3295830894832,1.9613299999999998,-273.6936359760876,3.7840740185646107,-159.83060817125937,0.5,1,-20,2,500,0.7,1,eff,1,35,10,15
7.482433334471366,-89.11140995875189,0.6968241909147566,-391.0944942597815,1.9613299999999998,-287.50863560320164,3.7840740185646107,-163.41084643902525,0.5,1,-20,2,500,0.7,1,eq,0.5,35,10,15
7.482433334471366,-84.88041588240203,0.6968241909147566,-386.8635001834317,1.9613299999999998,-282.5578277149038,3.7840740185646107,-162.12781550623723,0.5,1,-20,2,500,0.7,1,eq,1,6.5,10,15
10.361951210723882,-87.89424806992096,0.6968241909147566,-420.8832695296017,1.9613299999999998,-322.36533852761477,3.7840740185646107,-172.44416566208199,0.5,1,-20,2,500,0.7,1,eq,0.5,35,15,15
10.361951210723882,-83.52037815475732,0.6968241909147566,-400.881100323472,1.9613299999999998,-306.7321817761868,3.7840740185646107,-168.39274130028946,0.5,1,-20,2,500,0.7,1,eff,1,35,15,15
7.482433334471366,-86.6232159880782,0.6968241909147566,-372.97800099814185,1.9613299999999998,-274.4439563393086,3.7840740185646107,-160.0250580988739,0.5,1,-20,2,500,0.7,1,eff,0.5,6.5,10,15
10.361951210723882,-85.94628876042776,0.6968241909147566,-403.30701092914245,1.9613299999999998,-309.53933762767423,3.7840740185646107,-169.12023222134266,0.5,1,-20,2,500,0.7,1,eff,0.5,6.5,15,15
7.482433334471366,-84.88041588240203,0.6968241909147566,-371.2352008924657,1.9613299999999998,-272.42726557495666,3.7840740185646107,-159.50242084634647,0.5,1,-20,2,500,0.7,1,eff,1,6.5,10,15
7.482433334471366,-89.11140995875189,0.6968241909147566,-375.46619496881556,1.9613299999999998,-277.3231837297468,3.7840740185646107,-160.77122678241219,0.5,1,-20,2,500,0.7,1,eff,0.5,35,10,15
10.361951210723882,-87.89424806992096,0.6968241909147566,-405.2549702386357,1.9613299999999998,-311.7934294968985,3.7840740185646107,-169.70439336409206,0.5,1,-20,2,500,0.7,1,eff,0.5,35,15,15
10.361951210723882,-85.94628876042776,0.6968241909147566,-418.9353102201085,1.9613299999999998,-320.0859752987184,3.7840740185646107,-171.8534552980936,0.5,1,-20,2,500,0.7,1,eq,0.5,6.5,15,15
10.361951210723882,-83.52037815475732,0.664380693404857,-429.86995907747075,1.9613299999999998,-332.02477152833285,3.7840740185646107,-174.94746443931965,0.5,1,-20,2,500,0.8,0.5,eq,1,6.5,15,15
10.361951210723882,-83.52037815475732,0.6968241909147566,-416.50939961443805,1.9613299999999998,-317.247347509641,3.7840740185646107,-171.1178082396273,0.5,1,-20,2,500,0.7,1,eq,1,35,15,15
10.361951210723882,-83.52037815475732,0.6968241909147566,-400.881100323472,1.9613299999999998,-306.7321817761868,3.7840740185646107,-168.39274130028946,0.5,1,-20,2,500,0.7,1,eff,1,6.5,15,15
7.482433334471366,-84.88041588240203,0.664380693404857,-399.7192866031986,1.9613299999999998,-296.6993053232003,3.7840740185646107,-165.79266245973346,0.5,1,-20,2,500,0.8,0.5,eq,1,6.5,10,15
7.482433334471366,-85.97479807941954,0.664380693404857,-400.81366880021613,1.9613299999999998,-297.98151756398096,3.7840740185646107,-166.12495529040638,0.5,1,-20,2,500,0.8,0.5,eq,1,35,10,15
7.482433334471366,-89.11140995875189,0.664380693404857,-403.9502806795485,1.9613299999999998,-301.65646965799294,3.7840740185646107,-167.0773407029521,0.5,1,-20,2,500,0.8,0.5,eq,0.5,35,10,15
10.361951210723882,-83.52037815475732,0.664380693404857,-429.86995907747075,1.9613299999999998,-332.02477152833285,3.7840740185646107,-174.94746443931965,0.5,1,-20,2,500,0.8,0.5,eq,1,35,15,15
10.361951210723882,-87.89424806992096,0.664380693404857,-434.2438289926345,1.9613299999999998,-337.1493336425349,3.7840740185646107,-176.2755247999439,0.5,1,-20,2,500,0.8,0.5,eq,0.5,35,15,15
7.482433334471366,-84.88041588240203,0.664380693404857,-383.39778019486835,1.9613299999999998,-285.72604292366987,3.7840740185646107,-162.94887707967953,0.5,1,-20,2,500,0.8,0.5,eff,1,6.5,10,15
10.361951210723882,-87.89424806992096,0.664380693404857,-417.9223225843043,1.9613299999999998,-325.7197328418687,3.7840740185646107,-173.3134766438571,0.5,1,-20,2,500,0.8,0.5,eff,0.5,35,15,15
7.482433334471366,-84.88041588240203,0.6968241909147566,-386.8635001834317,1.9613299999999998,-282.5578277149038,3.7840740185646107,-162.12781550623723,0.5,1,-20,2,500,0.8,1,eq,1,6.5,10,15
10.361951210723882,-85.94628876042776,0.664380693404857,-432.29586968314135,1.9613299999999998,-334.8670438927878,3.7840740185646107,-175.68405601089398,0.5,1,-20,2,500,0.8,0.5,eq,0.5,6.5,15,15
10.361951210723882,-83.52037815475732,0.664380693404857,-413.54845266914066,1.9613299999999998,-320.6529836533658,3.7840740185646107,-172.00039884237472,0.5,1,-20,2,500,0.8,0.5,eff,1,35,15,15
10.361951210723882,-85.94628876042776,0.664380693404857,-415.9743632748111,1.9613299999999998,-323.46319082266535,3.7840740185646107,-172.72868053035472,0.5,1,-20,2,500,0.8,0.5,eff,0.5,6.5,15,15
10.361951210723882,-83.52037815475732,0.664380693404857,-413.54845266914066,1.9613299999999998,-320.6529836533658,3.7840740185646107,-172.00039884237472,0.5,1,-20,2,500,0.8,0.5,eff,1,6.5,15,15
7.482433334471366,-86.6232159880782,0.664380693404857,-401.4620867088748,1.9613299999999998,-298.7412241647778,3.7840740185646107,-166.32183771659982,0.5,1,-20,2,500,0.8,0.5,eq,0.5,6.5,10,15
10.361951210723882,-83.52037815475732,0.6968241909147566,-416.50939961443805,1.9613299999999998,-317.247347509641,3.7840740185646107,-171.1178082396273,0.5,1,-20,2,500,0.8,1,eq,1,6.5,15,15
7.482433334471366,-85.97479807941954,0.664380693404857,-384.49216239188587,1.9613299999999998,-286.9937898428801,3.7840740185646107,-163.27742113733478,0.5,1,-20,2,500,0.8,0.5,eff,1,35,10,15
7.482433334471366,-89.11140995875189,0.664380693404857,-387.6287742712182,1.9613299999999998,-290.6272828367772,3.7840740185646107,-164.21906218065985,0.5,1,-20,2,500,0.8,0.5,eff,0.5,35,10,15
7.482433334471366,-86.6232159880782,0.664380693404857,-385.14058030054457,1.9613299999999998,-287.74492578758566,3.7840740185646107,-163.47208242767985,0.5,1,-20,2,500,0.8,0.5,eff,0.5,6.5,10,15
10.361951210723882,-83.52037815475732,0.6968241909147566,-416.50939961443805,1.9613299999999998,-317.247347509641,3.7840740185646107,-171.1178082396273,0.5,1,-20,2,500,0.8,1,eq,1,35,15,15
10.361951210723882,-85.94628876042776,0.6968241909147566,-418.9353102201085,1.9613299999999998,-320.0859752987184,3.7840740185646107,-171.8534552980936,0.5,1,-20,2,500,0.8,1,eq,0.5,6.5,15,15
7.482433334471366,-84.88041588240203,0.6968241909147566,-371.2352008924657,1.9613299999999998,-272.42726557495666,3.7840740185646107,-159.50242084634647,0.5,1,-20,2,500,0.8,1,eff,1,6.5,10,15
7.482433334471366,-86.6232159880782,0.6968241909147566,-388.6063002891079,1.9613299999999998,-284.5971282552756,3.7840740185646107,-162.656312214973,0.5,1,-20,2,500,0.8,1,eq,0.5,6.5,10,15
7.482433334471366,-85.97479807941954,0.6968241909147566,-387.9578823804492,1.9613299999999998,-283.8383958069213,3.7840740185646107,-162.45968224610473,0.5,1,-20,2,500,0.8,1,eq,1,35,10,15
10.361951210723882,-85.94628876042776,0.6968241909147566,-403.30701092914245,1.9613299999999998,-309.53933762767423,3.7840740185646107,-169.12023222134266,0.5,1,-20,2,500,0.8,1,eff,0.5,6.5,15,15
10.361951210723882,-87.89424806992096,0.6968241909147566,-420.8832695296017,1.9613299999999998,-322.36533852761477,3.7840740185646107,-172.44416566208199,0.5,1,-20,2,500,0.8,1,eq,0.5,35,15,15
10.361951210723882,-83.52037815475732,0.664380693404857,-429.86995907747075,6.537766666666667,-332.0408033794431,6.072292351897945,-234.14744349998662,0.5,1,-20,10,400,0.7,0.5,eq,1,6.5,15,15
10.361951210723882,-83.52037815475732,0.6968241909147566,-400.881100323472,1.9613299999999998,-306.7321817761868,3.7840740185646107,-168.39274130028946,0.5,1,-20,2,500,0.8,1,eff,1,35,15,15
7.482433334471366,-85.97479807941954,0.6968241909147566,-372.3295830894832,1.9613299999999998,-273.6936359760876,3.7840740185646107,-159.83060817125937,0.5,1,-20,2,500,0.8,1,eff,1,35,10,15
7.482433334471366,-86.6232159880782,0.6968241909147566,-372.97800099814185,1.9613299999999998,-274.4439563393086,3.7840740185646107,-160.0250580988739,0.5,1,-20,2,500,0.8,1,eff,0.5,6.5,10,15
10.361951210723882,-83.52037815475732,0.6968241909147566,-400.881100323472,1.9613299999999998,-306.7321817761868,3.7840740185646107,-168.39274130028946,0.5,1,-20,2,500,0.8,1,eff,1,6.5,15,15
7.482433334471366,-84.88041588240203,0.664380693404857,-399.7192866031986,6.537766666666667,-296.71533717285786,6.072292351897945,-215.13076560751932,0.5,1,-20,10,400,0.7,0.5,eq,1,6.5,10,15
7.482433334471366,-89.11140995875189,0.6968241909147566,-391.0944942597815,1.9613299999999998,-287.50863560320164,3.7840740185646107,-163.41084643902525,0.5,1,-20,2,500,0.8,1,eq,0.5,35,10,15
7.482433334471366,-89.11140995875189,0.6968241909147566,-375.46619496881556,1.9613299999999998,-277.3231837297468,3.7840740185646107,-160.77122678241219,0.5,1,-20,2,500,0.8,1,eff,0.5,35,10,15
10.361951210723882,-87.89424806992096,0.6968241909147566,-405.2549702386357,1.9613299999999998,-311.7934294968985,3.7840740185646107,-169.70439336409206,0.5,1,-20,2,500,0.8,1,eff,0.5,35,15,15
10.361951210723882,-83.52037815475732,0.664380693404857,-429.86995907747075,6.537766666666667,-332.0408033794431,6.072292351897945,-234.14744349998662,0.5,1,-20,10,400,0.7,0.5,eq,1,35,15,15
10.361951210723882,-83.52037815475732,0.664380693404857,-413.54845266914066,6.537766666666667,-320.66761390990257,6.072292351897945,-228.02494027561482,0.5,1,-20,10,400,0.7,0.5,eff,1,35,15,15
10.361951210723882,-85.94628876042776,0.664380693404857,-432.29586968314135,6.537766666666667,-334.88307574244885,6.072292351897945,-235.67751751780287,0.5,1,-20,10,400,0.7,0.5,eq,0.5,6.5,15,15
7.482433334471366,-85.97479807941954,0.664380693404857,-400.81366880021613,6.537766666666667,-297.99754941376995,6.072292351897945,-215.8210160074039,0.5,1,-20,10,400,0.7,0.5,eq,1,35,10,15
7.482433334471366,-86.6232159880782,0.664380693404857,-401.4620867088748,6.537766666666667,-298.75725601589266,6.072292351897945,-216.2299871349428,0.5,1,-20,10,400,0.7,0.5,eq,0.5,6.5,10,15
10.361951210723882,-87.89424806992096,0.664380693404857,-434.2438289926345,6.537766666666667,-337.1653654937589,6.072292351897945,-236.90613736967202,0.5,1,-20,10,400,0.7,0.5,eq,0.5,35,15,15
10.361951210723882,-83.52037815475732,0.664380693404857,-413.54845266914066,6.537766666666667,-320.66761390990257,6.072292351897945,-228.02494027561482,0.5,1,-20,10,400,0.7,0.5,eff,1,6.5,15,15
7.482433334471366,-89.11140995875189,0.664380693404857,-403.9502806795485,6.537766666666667,-301.672501507768,6.072292351897945,-217.7993446112817,0.5,1,-20,10,400,0.7,0.5,eq,0.5,35,10,15
7.482433334471366,-84.88041588240203,0.664380693404857,-383.39778019486835,6.537766666666667,-285.74067318156125,6.072292351897945,-209.22279969759904,0.5,1,-20,10,400,0.7,0.5,eff,1,6.5,10,15
10.361951210723882,-85.94628876042776,0.664380693404857,-415.9743632748111,6.537766666666667,-323.4778210790619,6.072292351897945,-229.53775271054445,0.5,1,-20,10,400,0.7,0.5,eff,0.5,6.5,15,15
10.361951210723882,-85.94628876042776,0.6968241909147566,-418.9353102201085,6.537766666666667,-320.10110749333126,6.072292351897945,-227.7199741646242,0.5,1,-20,10,400,0.7,1,eq,0.5,6.5,15,15
7.482433334471366,-85.97479807941954,0.664380693404857,-384.49216239188587,6.537766666666667,-287.0084200995448,6.072292351897945,-209.90526301308577,0.5,1,-20,10,400,0.7,0.5,eff,1,35,10,15
7.482433334471366,-89.11140995875189,0.664380693404857,-387.6287742712182,6.537766666666667,-290.641913093427,6.072292351897945,-211.8612730338767,0.5,1,-20,10,400,0.7,0.5,eff,0.5,35,10,15
10.361951210723882,-87.89424806992096,0.664380693404857,-417.9223225843043,6.537766666666667,-325.7343630983887,6.072292351897945,-230.75251184440572,0.5,1,-20,10,400,0.7,0.5,eff,0.5,35,15,15
7.482433334471366,-84.88041588240203,0.6968241909147566,-386.8635001834317,6.537766666666667,-282.5729599089077,6.072292351897945,-207.51753181494837,0.5,1,-20,10,400,0.7,1,eq,1,6.5,10,15
7.482433334471366,-86.6232159880782,0.664380693404857,-385.14058030054457,6.537766666666667,-287.7595560454861,6.072292351897945,-210.30962031877232,0.5,1,-20,10,400,0.7,0.5,eff,0.5,6.5,10,15
10.361951210723882,-83.52037815475732,0.6968241909147566,-416.50939961443805,6.537766666666667,-317.2624797041515,6.072292351897945,-226.19186212194808,0.5,1,-20,10,400,0.7,1,eq,1,6.5,15,15
10.361951210723882,-87.89424806992096,0.6968241909147566,-420.8832695296017,6.537766666666667,-322.3804707221299,6.072292351897945,-228.9470185882847,0.5,1,-20,10,400,0.7,1,eq,0.5,35,15,15
10.361951210723882,-83.52037815475732,0.6968241909147566,-416.50939961443805,6.537766666666667,-317.2624797041515,6.072292351897945,-226.19186212194808,0.5,1,-20,10,400,0.7,1,eq,1,35,15,15
7.482433334471366,-89.11140995875189,0.6968241909147566,-391.0944942597815,6.537766666666667,-287.5237677972171,6.072292351897945,-210.1826889672671,0.5,1,-20,10,400,0.7,1,eq,0.5,35,10,15
7.482433334471366,-86.6232159880782,0.6968241909147566,-388.6063002891079,6.537766666666667,-284.6122604498806,6.072292351897945,-208.61534383777715,0.5,1,-20,10,400,0.7,1,eq,0.5,6.5,10,15
7.482433334471366,-84.88041588240203,0.6968241909147566,-371.2352008924657,6.537766666666667,-272.4410888792542,6.072292351897945,-202.0632647235484,0.5,1,-20,10,400,0.7,1,eff,1,6.5,10,15
7.482433334471366,-85.97479807941954,0.6968241909147566,-387.9578823804492,6.537766666666667,-283.85352800152634,6.072292351897945,-208.20689712422114,0.5,1,-20,10,400,0.7,1,eq,1,35,10,15
10.361951210723882,-87.89424806992096,0.6968241909147566,-405.2549702386357,6.537766666666667,-311.8072528013556,6.072292351897945,-223.25516222861575,0.5,1,-20,10,400,0.7,1,eff,0.5,35,15,15
10.361951210723882,-83.52037815475732,0.6968241909147566,-400.881100323472,6.537766666666667,-306.74600508064145,6.072292351897945,-220.5305522524602,0.5,1,-20,10,400,0.7,1,eff,1,6.5,15,15
10.361951210723882,-83.52037815475732,0.664380693404857,-429.86995907747075,6.537766666666667,-332.0408033794431,6.072292351897945,-234.14744349998662,0.5,1,-20,10,400,0.8,0.5,eq,1,35,15,15
7.482433334471366,-85.97479807941954,0.6968241909147566,-372.3295830894832,6.537766666666667,-273.7074592805433,6.072292351897945,-202.74498702193333,0.5,1,-20,10,400,0.7,1,eff,1,35,10,15
7.482433334471366,-84.88041588240203,0.664380693404857,-399.7192866031986,6.537766666666667,-296.71533717285786,6.072292351897945,-215.13076560751932,0.5,1,-20,10,400,0.8,0.5,eq,1,6.5,10,15
7.482433334471366,-86.6232159880782,0.6968241909147566,-372.97800099814185,6.537766666666667,-274.45777964361656,6.072292351897945,-203.14890527674922,0.5,1,-20,10,400,0.7,1,eff,0.5,6.5,10,15
10.361951210723882,-85.94628876042776,0.6968241909147566,-403.30701092914245,6.537766666666667,-309.5531609321313,6.072292351897945,-222.04172207848737,0.5,1,-20,10,400,0.7,1,eff,0.5,6.5,15,15
7.482433334471366,-89.11140995875189,0.6968241909147566,-375.46619496881556,6.537766666666667,-277.33700703420044,6.072292351897945,-204.69887321052548,0.5,1,-20,10,400,0.7,1,eff,0.5,35,10,15
10.361951210723882,-83.52037815475732,0.6968241909147566,-400.881100323472,6.537766666666667,-306.74600508064145,6.072292351897945,-220.5305522524602,0.5,1,-20,10,400,0.7,1,eff,1,35,15,15
10.361951210723882,-83.52037815475732,0.664380693404857,-429.86995907747075,6.537766666666667,-332.0408033794431,6.072292351897945,-234.14744349998662,0.5,1,-20,10,400,0.8,0.5,eq,1,6.5,15,15
7.482433334471366,-86.6232159880782,0.664380693404857,-401.4620867088748,6.537766666666667,-298.75725601589266,6.072292351897945,-216.2299871349428,0.5,1,-20,10,400,0.8,0.5,eq,0.5,6.5,10,15
7.482433334471366,-89.11140995875189,0.664380693404857,-403.9502806795485,6.537766666666667,-301.672501507768,6.072292351897945,-217.7993446112817,0.5,1,-20,10,400,0.8,0.5,eq,0.5,35,10,15
10.361951210723882,-87.89424806992096,0.664380693404857,-434.2438289926345,6.537766666666667,-337.1653654937589,6.072292351897945,-236.90613736967202,0.5,1,-20,10,400,0.8,0.5,eq,0.5,35,15,15
7.482433334471366,-84.88041588240203,0.664380693404857,-383.39778019486835,6.537766666666667,-285.74067318156125,6.072292351897945,-209.22279969759904,0.5,1,-20,10,400,0.8,0.5,eff,1,6.5,10,15
10.361951210723882,-85.94628876042776,0.664380693404857,-415.9743632748111,6.537766666666667,-323.4778210790619,6.072292351897945,-229.53775271054445,0.5,1,-20,10,400,0.8,0.5,eff,0.5,6.5,15,15
7.482433334471366,-86.6232159880782,0.664380693404857,-385.14058030054457,6.537766666666667,-287.7595560454861,6.072292351897945,-210.30962031877232,0.5,1,-20,10,400,0.8,0.5,eff,0.5,6.5,10,15
10.361951210723882,-83.52037815475732,0.664380693404857,-413.54845266914066,6.537766666666667,-320.66761390990257,6.072292351897945,-228.02494027561482,0.5,1,-20,10,400,0.8,0.5,eff,1,6.5,15,15
10.361951210723882,-87.89424806992096,0.664380693404857,-417.9223225843043,6.537766666666667,-325.7343630983887,6.072292351897945,-230.75251184440572,0.5,1,-20,10,400,0.8,0.5,eff,0.5,35,15,15
7.482433334471366,-85.97479807941954,0.664380693404857,-400.81366880021613,6.537766666666667,-297.99754941376995,6.072292351897945,-215.8210160074039,0.5,1,-20,10,400,0.8,0.5,eq,1,35,10,15
10.361951210723882,-83.52037815475732,0.664380693404857,-413.54845266914066,6.537766666666667,-320.66761390990257,6.072292351897945,-228.02494027561482,0.5,1,-20,10,400,0.8,0.5,eff,1,35,15,15
7.482433334471366,-85.97479807941954,0.664380693404857,-384.49216239188587,6.537766666666667,-287.0084200995448,6.072292351897945,-209.90526301308577,0.5,1,-20,10,400,0.8,0.5,eff,1,35,10,15
7.482433334471366,-89.11140995875189,0.664380693404857,-387.6287742712182,6.537766666666667,-290.641913093427,6.072292351897945,-211.8612730338767,0.5,1,-20,10,400,0.8,0.5,eff,0.5,35,10,15
10.361951210723882,-85.94628876042776,0.664380693404857,-432.29586968314135,6.537766666666667,-334.88307574244885,6.072292351897945,-235.67751751780287,0.5,1,-20,10,400,0.8,0.5,eq,0.5,6.5,15,15
10.361951210723882,-83.52037815475732,0.6968241909147566,-416.50939961443805,6.537766666666667,-317.2624797041515,6.072292351897945,-226.19186212194808,0.5,1,-20,10,400,0.8,1,eq,1,6.5,15,15
7.482433334471366,-84.88041588240203,0.6968241909147566,-386.8635001834317,6.537766666666667,-282.5729599089077,6.072292351897945,-207.51753181494837,0.5,1,-20,10,400,0.8,1,eq,1,6.5,10,15
7.482433334471366,-85.97479807941954,0.6968241909147566,-387.9578823804492,6.537766666666667,-283.85352800152634,6.072292351897945,-208.20689712422114,0.5,1,-20,10,400,0.8,1,eq,1,35,10,15
7.482433334471366,-89.11140995875189,0.6968241909147566,-391.0944942597815,6.537766666666667,-287.5237677972171,6.072292351897945,-210.1826889672671,0.5,1,-20,10,400,0.8,1,eq,0.5,35,10,15
7.482433334471366,-86.6232159880782,0.6968241909147566,-388.6063002891079,6.537766666666667,-284.6122604498806,6.072292351897945,-208.61534383777715,0.5,1,-20,10,400,0.8,1,eq,0.5,6.5,10,15
10.361951210723882,-83.52037815475732,0.6968241909147566,-400.881100323472,6.537766666666667,-306.74600508064145,6.072292351897945,-220.5305522524602,0.5,1,-20,10,400,0.8,1,eff,1,35,15,15
7.482433334471366,-84.88041588240203,0.6968241909147566,-371.2352008924657,6.537766666666667,-272.4410888792542,6.072292351897945,-202.0632647235484,0.5,1,-20,10,400,0.8,1,eff,1,6.5,10,15
10.361951210723882,-87.89424806992096,0.6968241909147566,-420.8832695296017,6.537766666666667,-322.3804707221299,6.072292351897945,-228.9470185882847,0.5,1,-20,10,400,0.8,1,eq,0.5,35,15,15
10.361951210723882,-85.94628876042776,0.6968241909147566,-418.9353102201085,6.537766666666667,-320.10110749333126,6.072292351897945,-227.7199741646242,0.5,1,-20,10,400,0.8,1,eq,0.5,6.5,15,15
10.361951210723882,-83.52037815475732,0.6968241909147566,-416.50939961443805,6.537766666666667,-317.2624797041515,6.072292351897945,-226.19186212194808,0.5,1,-20,10,400,0.8,1,eq,1,35,15,15
10.361951210723882,-83.52037815475732,0.6968241909147566,-400.881100323472,6.537766666666667,-306.74600508064145,6.072292351897945,-220.5305522524602,0.5,1,-20,10,400,0.8,1,eff,1,6.5,15,15
10.361951210723882,-85.94628876042776,0.6968241909147566,-403.30701092914245,6.537766666666667,-309.5531609321313,6.072292351897945,-222.04172207848737,0.5,1,-20,10,400,0.8,1,eff,0.5,6.5,15,15
10.361951210723882,-85.94628876042776,0.664380693404857,-432.29586968314135,9.80665,-334.8945270637415,7.70673401856461,-256.7242861083031,0.5,1,-20,10,500,0.7,0.5,eq,0.5,6.5,15,15
7.482433334471366,-85.97479807941954,0.6968241909147566,-372.3295830894832,6.537766666666667,-273.7074592805433,6.072292351897945,-202.74498702193333,0.5,1,-20,10,400,0.8,1,eff,1,35,10,15
10.361951210723882,-83.52037815475732,0.664380693404857,-429.86995907747075,9.80665,-332.0522547003129,7.70673401856461,-254.91592148811014,0.5,1,-20,10,500,0.7,0.5,eq,1,6.5,15,15
10.361951210723882,-87.89424806992096,0.6968241909147566,-405.2549702386357,6.537766666666667,-311.8072528013556,6.072292351897945,-223.25516222861575,0.5,1,-20,10,400,0.8,1,eff,0.5,35,15,15
7.482433334471366,-86.6232159880782,0.6968241909147566,-372.97800099814185,6.537766666666667,-274.45777964361656,6.072292351897945,-203.14890527674922,0.5,1,-20,10,400,0.8,1,eff,0.5,6.5,10,15
7.482433334471366,-84.88041588240203,0.664380693404857,-399.7192866031986,9.80665,-296.7267884950893,7.70673401856461,-232.44048102740655,0.5,1,-20,10,500,0.7,0.5,eq,1,6.5,10,15
10.361951210723882,-83.52037815475732,0.664380693404857,-429.86995907747075,9.80665,-332.0522547003129,7.70673401856461,-254.91592148811014,0.5,1,-20,10,500,0.7,0.5,eq,1,35,15,15
7.482433334471366,-86.6232159880782,0.664380693404857,-401.4620867088748,9.80665,-298.76870733670654,7.70673401856461,-233.73962949677818,0.5,1,-20,10,500,0.7,0.5,eq,0.5,6.5,10,15
10.361951210723882,-83.52037815475732,0.664380693404857,-413.54845266914066,9.80665,-320.67806409396786,7.70673401856461,-247.67921745492183,0.5,1,-20,10,500,0.7,0.5,eff,1,6.5,15,15
7.482433334471366,-85.97479807941954,0.664380693404857,-400.81366880021613,9.80665,-298.00900073590094,7.70673401856461,-233.25627450367458,0.5,1,-20,10,500,0.7,0.5,eq,1,35,10,15
7.482433334471366,-89.11140995875189,0.6968241909147566,-375.46619496881556,6.537766666666667,-277.33700703420044,6.072292351897945,-204.69887321052548,0.5,1,-20,10,400,0.8,1,eff,0.5,35,10,15
7.482433334471366,-89.11140995875189,0.664380693404857,-403.9502806795485,9.80665,-301.68395282925934,7.70673401856461,-235.59442247008423,0.5,1,-20,10,500,0.7,0.5,eq,0.5,35,10,15
10.361951210723882,-83.52037815475732,0.664380693404857,-413.54845266914066,9.80665,-320.67806409396786,7.70673401856461,-247.67921745492183,0.5,1,-20,10,500,0.7,0.5,eff,1,35,15,15
7.482433334471366,-85.97479807941954,0.664380693404857,-384.49216239188587,9.80665,-287.01887028364223,7.70673401856461,-226.26392453155785,0.5,1,-20,10,500,0.7,0.5,eff,1,35,10,15
7.482433334471366,-84.88041588240203,0.664380693404857,-383.39778019486835,9.80665,-285.7511233644329,7.70673401856461,-225.45733445751904,0.5,1,-20,10,500,0.7,0.5,eff,1,6.5,10,15
10.361951210723882,-87.89424806992096,0.664380693404857,-434.2438289926345,9.80665,-337.17681681452655,7.70673401856461,-258.17636793249875,0.5,1,-20,10,500,0.7,0.5,eq,0.5,35,15,15
7.482433334471366,-86.6232159880782,0.664380693404857,-385.14058030054457,9.80665,-287.77000622834703,7.70673401856461,-226.74182653871134,0.5,1,-20,10,500,0.7,0.5,eff,0.5,6.5,10,15
10.361951210723882,-87.89424806992096,0.664380693404857,-417.9223225843043,9.80665,-325.744813282604,7.70673401856461,-250.9028810594426,0.5,1,-20,10,500,0.7,0.5,eff,0.5,35,15,15
10.361951210723882,-83.52037815475732,0.6968241909147566,-416.50939961443805,9.80665,-317.2732884133388,7.70673401856461,-245.51296626810205,0.5,1,-20,10,500,0.7,1,eq,1,6.5,15,15
7.482433334471366,-84.88041588240203,0.6968241909147566,-386.8635001834317,9.80665,-282.58376861870374,7.70673401856461,-223.44213973674744,0.5,1,-20,10,500,0.7,1,eq,1,6.5,10,15
7.482433334471366,-85.97479807941954,0.6968241909147566,-387.9578823804492,9.80665,-283.8643367113209,7.70673401856461,-224.25688714175794,0.5,1,-20,10,500,0.7,1,eq,1,35,10,15
10.361951210723882,-83.52037815475732,0.6968241909147566,-416.50939961443805,9.80665,-317.2732884133388,7.70673401856461,-245.51296626810205,0.5,1,-20,10,500,0.7,1,eq,1,35,15,15
10.361951210723882,-85.94628876042776,0.664380693404857,-415.9743632748111,9.80665,-323.48827126380195,7.70673401856461,-249.4671809473472,0.5,1,-20,10,500,0.7,0.5,eff,0.5,6.5,15,15
10.361951210723882,-87.89424806992096,0.6968241909147566,-420.8832695296017,9.80665,-322.39127943129495,7.70673401856461,-248.76923192456147,0.5,1,-20,10,500,0.7,1,eq,0.5,35,15,15
7.482433334471366,-89.11140995875189,0.6968241909147566,-391.0944942597815,9.80665,-287.5345765071296,7.70673401856461,-226.59203696053086,0.5,1,-20,10,500,0.7,1,eq,0.5,35,10,15
7.482433334471366,-89.11140995875189,0.664380693404857,-387.6287742712182,9.80665,-290.6523632773882,7.70673401856461,-228.57569460051874,0.5,1,-20,10,500,0.7,0.5,eff,0.5,35,10,15
10.361951210723882,-85.94628876042776,0.6968241909147566,-418.9353102201085,9.80665,-320.11191620399,7.70673401856461,-247.319012068835,0.5,1,-20,10,500,0.7,1,eq,0.5,6.5,15,15
10.361951210723882,-83.52037815475732,0.6968241909147566,-400.881100323472,9.80665,-306.7558788690572,7.70673401856461,-238.82137978938246,0.5,1,-20,10,500,0.7,1,eff,1,6.5,15,15
10.361951210723882,-87.89424806992096,0.6968241909147566,-405.2549702386357,9.80665,-311.8171265896157,7.70673401856461,-242.04154314517322,0.5,1,-20,10,500,0.7,1,eff,0.5,35,15,15
7.482433334471366,-89.11140995875189,0.6968241909147566,-375.46619496881556,9.80665,-277.3468808227289,7.70673401856461,-220.11022730920772,0.5,1,-20,10,500,0.7,1,eff,0.5,35,10,15
10.361951210723882,-83.52037815475732,0.6968241909147566,-400.881100323472,9.80665,-306.7558788690572,7.70673401856461,-238.82137978938246,0.5,1,-20,10,500,0.7,1,eff,1,35,15,15
7.482433334471366,-84.88041588240203,0.6968241909147566,-371.2352008924657,9.80665,-272.45096266779393,7.70673401856461,-216.995253076385,0.5,1,-20,10,500,0.7,1,eff,1,6.5,10,15
7.482433334471366,-86.6232159880782,0.6968241909147566,-388.6063002891079,9.80665,-284.62306916088653,7.70673401856461,-224.73962234181866,0.5,1,-20,10,500,0.7,1,eq,0.5,6.5,10,15
7.482433334471366,-85.97479807941954,0.6968241909147566,-372.3295830894832,9.80665,-273.7173330689299,7.70673401856461,-217.80096735589603,0.5,1,-20,10,500,0.7,1,eff,1,35,10,15
10.361951210723882,-85.94628876042776,0.6968241909147566,-403.30701092914245,9.80665,-309.56303471997154,7.70673401856461,-240.60740191360884,0.5,1,-20,10,500,0.7,1,eff,0.5,6.5,15,15
10.361951210723882,-83.52037815475732,0.664380693404857,-429.86995907747075,9.80665,-332.0522547003129,7.70673401856461,-254.91592148811014,0.5,1,-20,10,500,0.8,0.5,eq,1,6.5,15,15
7.482433334471366,-86.6232159880782,0.6968241909147566,-372.97800099814185,9.80665,-274.46765343214565,7.70673401856461,-218.2783504582715,0.5,1,-20,10,500,0.7,1,eff,0.5,6.5,10,15
10.361951210723882,-83.52037815475732,0.664380693404857,-413.54845266914066,9.80665,-320.67806409396786,7.70673401856461,-247.67921745492183,0.5,1,-20,10,500,0.8,0.5,eff,1,6.5,15,15
10.361951210723882,-83.52037815475732,0.664380693404857,-429.86995907747075,9.80665,-332.0522547003129,7.70673401856461,-254.91592148811014,0.5,1,-20,10,500,0.8,0.5,eq,1,35,15,15
7.482433334471366,-86.6232159880782,0.664380693404857,-401.4620867088748,9.80665,-298.76870733670654,7.70673401856461,-233.73962949677818,0.5,1,-20,10,500,0.8,0.5,eq,0.5,6.5,10,15
7.482433334471366,-85.97479807941954,0.664380693404857,-400.81366880021613,9.80665,-298.00900073590094,7.70673401856461,-233.25627450367458,0.5,1,-20,10,500,0.8,0.5,eq,1,35,10,15
7.482433334471366,-89.11140995875189,0.664380693404857,-403.9502806795485,9.80665,-301.68395282925934,7.70673401856461,-235.59442247008423,0.5,1,-20,10,500,0.8,0.5,eq,0.5,35,10,15
10.361951210723882,-85.94628876042776,0.664380693404857,-432.29586968314135,9.80665,-334.8945270637415,7.70673401856461,-256.7242861083031,0.5,1,-20,10,500,0.8,0.5,eq,0.5,6.5,15,15
7.482433334471366,-84.88041588240203,0.664380693404857,-399.7192866031986,9.80665,-296.7267884950893,7.70673401856461,-232.44048102740655,0.5,1,-20,10,500,0.8,0.5,eq,1,6.5,10,15
10.361951210723882,-85.94628876042776,0.664380693404857,-415.9743632748111,9.80665,-323.48827126380195,7.70673401856461,-249.4671809473472,0.5,1,-20,10,500,0.8,0.5,eff,0.5,6.5,15,15
10.361951210723882,-83.52037815475732,0.6968241909147566,-416.50939961443805,9.80665,-317.2732884133388,7.70673401856461,-245.51296626810205,0.5,1,-20,10,500,0.8,1,eq,1,6.5,15,15
10.361951210723882,-87.89424806992096,0.664380693404857,-434.2438289926345,9.80665,-337.17681681452655,7.70673401856461,-258.17636793249875,0.5,1,-20,10,500,0.8,0.5,eq,0.5,35,15,15
7.482433334471366,-85.97479807941954,0.664380693404857,-384.49216239188587,9.80665,-287.01887028364223,7.70673401856461,-226.26392453155785,0.5,1,-20,10,500,0.8,0.5,eff,1,35,10,15
10.361951210723882,-87.89424806992096,0.664380693404857,-417.9223225843043,9.80665,-325.744813282604,7.70673401856461,-250.9028810594426,0.5,1,-20,10,500,0.8,0.5,eff,0.5,35,15,15
7.482433334471366,-84.88041588240203,0.6968241909147566,-386.8635001834317,9.80665,-282.58376861870374,7.70673401856461,-223.44213973674744,0.5,1,-20,10,500,0.8,1,eq,1,6.5,10,15
7.482433334471366,-84.88041588240203,0.664380693404857,-383.39778019486835,9.80665,-285.7511233644329,7.70673401856461,-225.45733445751904,0.5,1,-20,10,500,0.8,0.5,eff,1,6.5,10,15
7.482433334471366,-89.11140995875189,0.664380693404857,-387.6287742712182,9.80665,-290.6523632773882,7.70673401856461,-228.57569460051874,0.5,1,-20,10,500,0.8,0.5,eff,0.5,35,10,15
7.482433334471366,-86.6232159880782,0.664380693404857,-385.14058030054457,9.80665,-287.77000622834703,7.70673401856461,-226.74182653871134,0.5,1,-20,10,500,0.8,0.5,eff,0.5,6.5,10,15
7.482433334471366,-89.11140995875189,0.6968241909147566,-391.0944942597815,9.80665,-287.5345765071296,7.70673401856461,-226.59203696053086,0.5,1,-20,10,500,0.8,1,eq,0.5,35,10,15
10.361951210723882,-83.52037815475732,0.664380693404857,-413.54845266914066,9.80665,-320.67806409396786,7.70673401856461,-247.67921745492183,0.5,1,-20,10,500,0.8,0.5,eff,1,35,15,15
10.361951210723882,-85.94628876042776,0.6968241909147566,-418.9353102201085,9.80665,-320.11191620399,7.70673401856461,-247.319012068835,0.5,1,-20,10,500,0.8,1,eq,0.5,6.5,15,15
10.361951210723882,-83.52037815475732,0.6968241909147566,-416.50939961443805,9.80665,-317.2732884133388,7.70673401856461,-245.51296626810205,0.5,1,-20,10,500,0.8,1,eq,1,35,15,15
10.361951210723882,-87.89424806992096,0.6968241909147566,-420.8832695296017,9.80665,-322.39127943129495,7.70673401856461,-248.76923192456147,0.5,1,-20,10,500,0.8,1,eq,0.5,35,15,15
7.482433334471366,-86.6232159880782,0.6968241909147566,-388.6063002891079,9.80665,-284.62306916088653,7.70673401856461,-224.73962234181866,0.5,1,-20,10,500,0.8,1,eq,0.5,6.5,10,15
7.482433334471366,-84.88041588240203,0.6968241909147566,-371.2352008924657,9.80665,-272.45096266779393,7.70673401856461,-216.995253076385,0.5,1,-20,10,500,0.8,1,eff,1,6.5,10,15
7.482433334471366,-85.97479807941954,0.6968241909147566,-387.9578823804492,9.80665,-283.8643367113209,7.70673401856461,-224.25688714175794,0.5,1,-20,10,500,0.8,1,eq,1,35,10,15
10.361951210723882,-83.52037815475732,0.6968241909147566,-400.881100323472,9.80665,-306.7558788690572,7.70673401856461,-238.82137978938246,0.5,1,-20,10,500,0.8,1,eff,1,6.5,15,15
7.482433334471366,-86.6232159880782,0.6968241909147566,-372.97800099814185,9.80665,-274.46765343214565,7.70673401856461,-218.2783504582715,0.5,1,-20,10,500,0.8,1,eff,0.5,6.5,10,15
7.482433334471366,-89.11140995875189,0.6968241909147566,-375.46619496881556,9.80665,-277.3468808227289,7.70673401856461,-220.11022730920772,0.5,1,-20,10,500,0.8,1,eff,0.5,35,10,15
10.361951210723882,-85.94628876042776,0.6968241909147566,-403.30701092914245,9.80665,-309.56303471997154,7.70673401856461,-240.60740191360884,0.5,1,-20,10,500,0.8,1,eff,0.5,6.5,15,15
7.482433334471366,-84.88041588240203,1.6648435882347152,-258.26311840113686,1.3075533333333331,-153.24646638509708,3.4571856852312774,-126.28712656787488,0.5,1,-10,2,400,0.7,0.5,eq,1,6.5,10,15
10.361951210723882,-87.89424806992096,0.6968241909147566,-405.2549702386357,9.80665,-311.8171265896157,7.70673401856461,-242.04154314517322,0.5,1,-20,10,500,0.8,1,eff,0.5,35,15,15
7.482433334471366,-85.97479807941954,0.6968241909147566,-372.3295830894832,9.80665,-273.7173330689299,7.70673401856461,-217.80096735589603,0.5,1,-20,10,500,0.8,1,eff,1,35,10,15
10.361951210723882,-83.52037815475732,1.6648435882347152,-288.41379087540906,1.3075533333333331,-187.66599356601975,3.4571856852312774,-132.79608668671227,0.5,1,-10,2,400,0.7,0.5,eq,1,35,15,15
10.361951210723882,-83.52037815475732,0.6968241909147566,-400.881100323472,9.80665,-306.7558788690572,7.70673401856461,-238.82137978938246,0.5,1,-20,10,500,0.8,1,eff,1,35,15,15
10.361951210723882,-87.89424806992096,1.6648435882347152,-292.7876607905728,1.3075533333333331,-192.65913375417838,3.4571856852312774,-133.7403225032492,0.5,1,-10,2,400,0.7,0.5,eq,0.5,35,15,15
7.482433334471366,-86.6232159880782,1.6648435882347152,-260.00591850681303,1.3075533333333331,-155.2360192107236,3.4571856852312774,-126.6633641590611,0.5,1,-10,2,400,0.7,0.5,eq,0.5,6.5,10,15
7.482433334471366,-89.11140995875189,1.6648435882347152,-262.49411247748674,1.3075533333333331,-158.0765017928844,3.4571856852312774,-127.20051819224565,0.5,1,-10,2,400,0.7,0.5,eq,0.5,35,10,15
10.361951210723882,-83.52037815475732,1.6648435882347152,-288.41379087540906,1.3075533333333331,-187.66599356601975,3.4571856852312774,-132.79608668671227,0.5,1,-10,2,400,0.7,0.5,eq,1,6.5,15,15
7.482433334471366,-85.97479807941954,1.6648435882347152,-259.3575005981544,1.3075533333333331,-154.4957956598049,3.4571856852312774,-126.52338299236388,0.5,1,-10,2,400,0.7,0.5,eq,1,35,10,15
10.361951210723882,-85.94628876042776,1.6648435882347152,-290.83970148107954,1.3075533333333331,-190.4353744507697,3.4571856852312774,-133.31979491890144,0.5,1,-10,2,400,0.7,0.5,eq,0.5,6.5,15,15
7.482433334471366,-85.97479807941954,1.6648435882347152,-252.87503176026433,1.3075533333333331,-153.39954154843085,3.4571856852312774,-126.31607409315848,0.5,1,-10,2,400,0.7,0.5,eff,1,35,10,15
10.361951210723882,-83.52037815475732,1.6648435882347152,-281.931322037519,1.3075533333333331,-186.3245668992091,3.4571856852312774,-132.54241403657042,0.5,1,-10,2,400,0.7,0.5,eff,1,6.5,15,15
10.361951210723882,-83.52037815475732,1.6648435882347152,-281.931322037519,1.3075533333333331,-186.3245668992091,3.4571856852312774,-132.54241403657042,0.5,1,-10,2,400,0.7,0.5,eff,1,35,15,15
7.482433334471366,-84.88041588240203,1.6648435882347152,-251.7806495632468,1.3075533333333331,-152.1594465043506,3.4571856852312774,-126.08156392272375,0.5,1,-10,2,400,0.7,0.5,eff,1,6.5,10,15
10.361951210723882,-85.94628876042776,1.6648435882347152,-284.35723264318943,1.3075533333333331,-189.07347832055203,3.4571856852312774,-133.06225135791672,0.5,1,-10,2,400,0.7,0.5,eff,0.5,6.5,15,15
7.482433334471366,-89.11140995875189,1.6648435882347152,-256.0116436395967,1.3075533333333331,-156.9537814279129,3.4571856852312774,-126.98820434953085,0.5,1,-10,2,400,0.7,0.5,eff,0.5,35,10,15
10.361951210723882,-87.89424806992096,1.6648435882347152,-286.30519195268266,1.3075533333333331,-191.2808010384813,3.4571856852312774,-133.47967067529675,0.5,1,-10,2,400,0.7,0.5,eff,0.5,35,15,15
10.361951210723882,-83.52037815475732,1.7398467296524174,-279.4111698235828,1.3075533333333331,-178.47124350567603,3.4571856852312774,-131.05729866876925,0.5,1,-10,2,400,0.7,1,eq,1,6.5,15,15
10.361951210723882,-87.89424806992096,1.7398467296524174,-283.78503973874643,1.3075533333333331,-183.4578125980411,3.4571856852312774,-132.0002918476534,0.5,1,-10,2,400,0.7,1,eq,0.5,35,15,15
7.482433334471366,-85.97479807941954,1.7398467296524174,-250.85965258959396,1.3075533333333331,-145.9201809174084,3.4571856852312774,-124.90167755581416,0.5,1,-10,2,400,0.7,1,eq,1,35,10,15
7.482433334471366,-86.6232159880782,1.6648435882347152,-253.52344966892298,1.3075533333333331,-154.13429384727584,3.4571856852312774,-126.45502060992119,0.5,1,-10,2,400,0.7,0.5,eff,0.5,6.5,10,15
7.482433334471366,-86.6232159880782,1.7398467296524174,-251.50807049825264,1.3075533333333331,-146.65943031513493,3.4571856852312774,-125.04147450370317,0.5,1,-10,2,400,0.7,1,eq,0.5,6.5,10,15
7.482433334471366,-84.88041588240203,1.7398467296524174,-249.76527039257647,1.3075533333333331,-144.67249579089915,3.4571856852312774,-124.66573205061803,0.5,1,-10,2,400,0.7,1,eq,1,6.5,10,15
10.361951210723882,-83.52037815475732,1.7398467296524174,-273.2593560888065,1.3075533333333331,-177.42047993087266,3.4571856852312774,-130.8585923307427,0.5,1,-10,2,400,0.7,1,eff,1,35,15,15
10.361951210723882,-83.52037815475732,1.7398467296524174,-273.2593560888065,1.3075533333333331,-177.42047993087266,3.4571856852312774,-130.8585923307427,0.5,1,-10,2,400,0.7,1,eff,1,6.5,15,15
10.361951210723882,-85.94628876042776,1.7398467296524174,-281.8370804292532,1.3075533333333331,-181.23697981727503,3.4571856852312774,-131.5803176880832,0.5,1,-10,2,400,0.7,1,eq,0.5,6.5,15,15
10.361951210723882,-83.52037815475732,1.7398467296524174,-279.4111698235828,1.3075533333333331,-178.47124350567603,3.4571856852312774,-131.05729866876925,0.5,1,-10,2,400,0.7,1,eq,1,35,15,15
7.482433334471366,-89.11140995875189,1.7398467296524174,-253.9962644689263,1.3075533333333331,-149.49617475209467,3.4571856852312774,-125.57792162891934,0.5,1,-10,2,400,0.7,1,eq,0.5,35,10,15
7.482433334471366,-84.88041588240203,1.7398467296524174,-243.61345665780016,1.3075533333333331,-143.8649764345405,3.4571856852312774,-124.51302480225579,0.5,1,-10,2,400,0.7,1,eff,1,6.5,10,15
10.361951210723882,-87.89424806992096,1.7398467296524174,-277.6332260039701,1.3075533333333331,-182.37116147655607,3.4571856852312774,-131.79479893731627,0.5,1,-10,2,400,0.7,1,eff,0.5,35,15,15
7.482433334471366,-85.97479807941954,1.7398467296524174,-244.70783885481768,1.3075533333333331,-145.1036821691004,3.4571856852312774,-124.74727224507643,0.5,1,-10,2,400,0.7,1,eff,1,35,10,15
10.361951210723882,-85.94628876042776,1.7398467296524174,-275.6852666944769,1.3075533333333331,-180.1663116770227,3.4571856852312774,-131.377847265152,0.5,1,-10,2,400,0.7,1,eff,0.5,6.5,15,15
7.482433334471366,-86.6232159880782,1.7398467296524174,-245.35625676347632,1.3075533333333331,-145.8376113065623,3.4571856852312774,-124.88606309658002,0.5,1,-10,2,400,0.7,1,eff,0.5,6.5,10,15
7.482433334471366,-84.88041588240203,1.6648435882347152,-258.26311840113686,1.3075533333333331,-153.24646638509708,3.4571856852312774,-126.28712656787488,0.5,1,-10,2,400,0.8,0.5,eq,1,6.5,10,15
10.361951210723882,-83.52037815475732,1.6648435882347152,-288.41379087540906,1.3075533333333331,-187.66599356601975,3.4571856852312774,-132.79608668671227,0.5,1,-10,2,400,0.8,0.5,eq,1,35,15,15
10.361951210723882,-83.52037815475732,1.6648435882347152,-288.41379087540906,1.3075533333333331,-187.66599356601975,3.4571856852312774,-132.79608668671227,0.5,1,-10,2,400,0.8,0.5,eq,1,6.5,15,15
10.361951210723882,-87.89424806992096,1.6648435882347152,-292.7876607905728,1.3075533333333331,-192.65913375417838,3.4571856852312774,-133.7403225032492,0.5,1,-10,2,400,0.8,0.5,eq,0.5,35,15,15
7.482433334471366,-85.97479807941954,1.6648435882347152,-259.3575005981544,1.3075533333333331,-154.4957956598049,3.4571856852312774,-126.52338299236388,0.5,1,-10,2,400,0.8,0.5,eq,1,35,10,15
7.482433334471366,-89.11140995875189,1.7398467296524174,-247.84445073415,1.3075533333333331,-148.6539401444261,3.4571856852312774,-125.41864949705061,0.5,1,-10,2,400,0.7,1,eff,0.5,35,10,15
7.482433334471366,-89.11140995875189,1.6648435882347152,-262.49411247748674,1.3075533333333331,-158.0765017928844,3.4571856852312774,-127.20051819224565,0.5,1,-10,2,400,0.8,0.5,eq,0.5,35,10,15
7.482433334471366,-84.88041588240203,1.6648435882347152,-251.7806495632468,1.3075533333333331,-152.1594465043506,3.4571856852312774,-126.08156392272375,0.5,1,-10,2,400,0.8,0.5,eff,1,6.5,10,15
10.361951210723882,-83.52037815475732,1.6648435882347152,-281.931322037519,1.3075533333333331,-186.3245668992091,3.4571856852312774,-132.54241403657042,0.5,1,-10,2,400,0.8,0.5,eff,1,35,15,15
10.361951210723882,-85.94628876042776,1.6648435882347152,-290.83970148107954,1.3075533333333331,-190.4353744507697,3.4571856852312774,-133.31979491890144,0.5,1,-10,2,400,0.8,0.5,eq,0.5,6.5,15,15
10.361951210723882,-83.52037815475732,1.6648435882347152,-281.931322037519,1.3075533333333331,-186.3245668992091,3.4571856852312774,-132.54241403657042,0.5,1,-10,2,400,0.8,0.5,eff,1,6.5,15,15
7.482433334471366,-86.6232159880782,1.6648435882347152,-260.00591850681303,1.3075533333333331,-155.2360192107236,3.4571856852312774,-126.6633641590611,0.5,1,-10,2,400,0.8,0.5,eq,0.5,6.5,10,15
10.361951210723882,-85.94628876042776,1.6648435882347152,-284.35723264318943,1.3075533333333331,-189.07347832055203,3.4571856852312774,-133.06225135791672,0.5,1,-10,2,400,0.8,0.5,eff,0.5,6.5,15,15
7.482433334471366,-85.97479807941954,1.6648435882347152,-252.87503176026433,1.3075533333333331,-153.39954154843085,3.4571856852312774,-126.31607409315848,0.5,1,-10,2,400,0.8,0.5,eff,1,35,10,15
7.482433334471366,-86.6232159880782,1.6648435882347152,-253.52344966892298,1.3075533333333331,-154.13429384727584,3.4571856852312774,-126.45502060992119,0.5,1,-10,2,400,0.8,0.5,eff,0.5,6.5,10,15
10.361951210723882,-87.89424806992096,1.6648435882347152,-286.30519195268266,1.3075533333333331,-191.2808010384813,3.4571856852312774,-133.47967067529675,0.5,1,-10,2,400,0.8,0.5,eff,0.5,35,15,15
7.482433334471366,-84.88041588240203,1.7398467296524174,-249.76527039257647,1.3075533333333331,-144.67249579089915,3.4571856852312774,-124.66573205061803,0.5,1,-10,2,400,0.8,1,eq,1,6.5,10,15
10.361951210723882,-83.52037815475732,1.7398467296524174,-279.4111698235828,1.3075533333333331,-178.47124350567603,3.4571856852312774,-131.05729866876925,0.5,1,-10,2,400,0.8,1,eq,1,6.5,15,15
7.482433334471366,-86.6232159880782,1.7398467296524174,-251.50807049825264,1.3075533333333331,-146.65943031513493,3.4571856852312774,-125.04147450370317,0.5,1,-10,2,400,0.8,1,eq,0.5,6.5,10,15
10.361951210723882,-87.89424806992096,1.7398467296524174,-283.78503973874643,1.3075533333333331,-183.4578125980411,3.4571856852312774,-132.0002918476534,0.5,1,-10,2,400,0.8,1,eq,0.5,35,15,15
10.361951210723882,-83.52037815475732,1.7398467296524174,-279.4111698235828,1.3075533333333331,-178.47124350567603,3.4571856852312774,-131.05729866876925,0.5,1,-10,2,400,0.8,1,eq,1,35,15,15
10.361951210723882,-85.94628876042776,1.7398467296524174,-281.8370804292532,1.3075533333333331,-181.23697981727503,3.4571856852312774,-131.5803176880832,0.5,1,-10,2,400,0.8,1,eq,0.5,6.5,15,15
7.482433334471366,-85.97479807941954,1.7398467296524174,-250.85965258959396,1.3075533333333331,-145.9201809174084,3.4571856852312774,-124.90167755581416,0.5,1,-10,2,400,0.8,1,eq,1,35,10,15
7.482433334471366,-89.11140995875189,1.6648435882347152,-256.0116436395967,1.3075533333333331,-156.9537814279129,3.4571856852312774,-126.98820434953085,0.5,1,-10,2,400,0.8,0.5,eff,0.5,35,10,15
7.482433334471366,-85.97479807941954,1.7398467296524174,-244.70783885481768,1.3075533333333331,-145.1036821691004,3.4571856852312774,-124.74727224507643,0.5,1,-10,2,400,0.8,1,eff,1,35,10,15
10.361951210723882,-83.52037815475732,1.7398467296524174,-273.2593560888065,1.3075533333333331,-177.42047993087266,3.4571856852312774,-130.8585923307427,0.5,1,-10,2,400,0.8,1,eff,1,6.5,15,15
7.482433334471366,-89.11140995875189,1.7398467296524174,-253.9962644689263,1.3075533333333331,-149.49617475209467,3.4571856852312774,-125.57792162891934,0.5,1,-10,2,400,0.8,1,eq,0.5,35,10,15
7.482433334471366,-84.88041588240203,1.7398467296524174,-243.61345665780016,1.3075533333333331,-143.8649764345405,3.4571856852312774,-124.51302480225579,0.5,1,-10,2,400,0.8,1,eff,1,6.5,10,15
10.361951210723882,-83.52037815475732,1.7398467296524174,-273.2593560888065,1.3075533333333331,-177.42047993087266,3.4571856852312774,-130.8585923307427,0.5,1,-10,2,400,0.8,1,eff,1,35,15,15
10.361951210723882,-87.89424806992096,1.7398467296524174,-277.6332260039701,1.3075533333333331,-182.37116147655607,3.4571856852312774,-131.79479893731627,0.5,1,-10,2,400,0.8,1,eff,0.5,35,15,15
7.482433334471366,-86.6232159880782,1.7398467296524174,-245.35625676347632,1.3075533333333331,-145.8376113065623,3.4571856852312774,-124.88606309658002,0.5,1,-10,2,400,0.8,1,eff,0.5,6.5,10,15
10.361951210723882,-83.52037815475732,1.6648435882347152,-288.41379087540906,1.9613299999999998,-187.66672818865212,3.7840740185646107,-137.5362299134666,0.5,1,-10,2,500,0.7,0.5,eq,1,6.5,15,15
10.361951210723882,-85.94628876042776,1.7398467296524174,-275.6852666944769,1.3075533333333331,-180.1663116770227,3.4571856852312774,-131.377847265152,0.5,1,-10,2,400,0.8,1,eff,0.5,6.5,15,15
10.361951210723882,-83.52037815475732,1.6648435882347152,-288.41379087540906,1.9613299999999998,-187.66672818865212,3.7840740185646107,-137.5362299134666,0.5,1,-10,2,500,0.7,0.5,eq,1,35,15,15
7.482433334471366,-85.97479807941954,1.6648435882347152,-259.3575005981544,1.9613299999999998,-154.49653028316462,3.7840740185646107,-128.93997836833327,0.5,1,-10,2,500,0.7,0.5,eq,1,35,10,15
10.361951210723882,-85.94628876042776,1.6648435882347152,-290.83970148107954,1.9613299999999998,-190.4361090743137,3.7840740185646107,-138.25393123033126,0.5,1,-10,2,500,0.7,0.5,eq,0.5,6.5,15,15
7.482433334471366,-84.88041588240203,1.6648435882347152,-258.26311840113686,1.9613299999999998,-153.24720100775528,3.7840740185646107,-128.6162073512076,0.5,1,-10,2,500,0.7,0.5,eq,1,6.5,10,15
7.482433334471366,-86.6232159880782,1.6648435882347152,-260.00591850681303,1.9613299999999998,-155.23675383338,3.7840740185646107,-129.13181164757427,0.5,1,-10,2,500,0.7,0.5,eq,0.5,6.5,10,15
7.482433334471366,-89.11140995875189,1.7398467296524174,-247.84445073415,1.3075533333333331,-148.6539401444261,3.4571856852312774,-125.41864949705061,0.5,1,-10,2,400,0.8,1,eff,0.5,35,10,15
10.361951210723882,-83.52037815475732,1.6648435882347152,-281.931322037519,1.9613299999999998,-186.32525263501776,3.7840740185646107,-137.1885786473045,0.5,1,-10,2,500,0.7,0.5,eff,1,6.5,15,15
10.361951210723882,-87.89424806992096,1.6648435882347152,-292.7876607905728,1.9613299999999998,-192.65986837683639,3.7840740185646107,-138.83023151032305,0.5,1,-10,2,500,0.7,0.5,eq,0.5,35,15,15
7.482433334471366,-85.97479807941954,1.6648435882347152,-252.87503176026433,1.9613299999999998,-153.40022728433593,3.7840740185646107,-128.65586500927319,0.5,1,-10,2,500,0.7,0.5,eff,1,35,10,15
7.482433334471366,-84.88041588240203,1.6648435882347152,-251.7806495632468,1.9613299999999998,-152.16013224017598,3.7840740185646107,-128.33448709739437,0.5,1,-10,2,500,0.7,0.5,eff,1,6.5,10,15
10.361951210723882,-85.94628876042776,1.6648435882347152,-284.35723264318943,1.9613299999999998,-189.07416405634328,3.7840740185646107,-137.9009751823006,0.5,1,-10,2,500,0.7,0.5,eff,0.5,6.5,15,15
10.361951210723882,-83.52037815475732,1.7398467296524174,-279.4111698235828,1.9613299999999998,-178.4719380853218,3.7840740185646107,-135.15334607122531,0.5,1,-10,2,500,0.7,1,eq,1,35,15,15
7.482433334471366,-89.11140995875189,1.6648435882347152,-262.49411247748674,1.9613299999999998,-158.077236415811,3.7840740185646107,-129.86793938662845,0.5,1,-10,2,500,0.7,0.5,eq,0.5,35,10,15
7.482433334471366,-89.11140995875189,1.6648435882347152,-256.0116436395967,1.9613299999999998,-156.95446716380562,3.7840740185646107,-129.57696714266166,0.5,1,-10,2,500,0.7,0.5,eff,0.5,35,10,15
10.361951210723882,-83.52037815475732,1.6648435882347152,-281.931322037519,1.9613299999999998,-186.32525263501776,3.7840740185646107,-137.1885786473045,0.5,1,-10,2,500,0.7,0.5,eff,1,35,15,15
10.361951210723882,-87.89424806992096,1.6648435882347152,-286.30519195268266,1.9613299999999998,-191.28148677512846,3.7840740185646107,-138.47301582510985,0.5,1,-10,2,500,0.7,0.5,eff,0.5,35,15,15
10.361951210723882,-85.94628876042776,1.7398467296524174,-281.8370804292532,1.9613299999999998,-181.2376743968567,3.7840740185646107,-135.87010287530597,0.5,1,-10,2,500,0.7,1,eq,0.5,6.5,15,15
7.482433334471366,-86.6232159880782,1.6648435882347152,-253.52344966892298,1.9613299999999998,-154.13497958380842,3.7840740185646107,-128.8462803817598,0.5,1,-10,2,500,0.7,0.5,eff,0.5,6.5,10,15
7.482433334471366,-85.97479807941954,1.7398467296524174,-250.85965258959396,1.9613299999999998,-145.9208754968222,3.7840740185646107,-126.71754707872584,0.5,1,-10,2,500,0.7,1,eq,1,35,10,15
7.482433334471366,-84.88041588240203,1.7398467296524174,-249.76527039257647,1.9613299999999998,-144.67319037055591,3.7840740185646107,-126.39420215250419,0.5,1,-10,2,500,0.7,1,eq,1,6.5,10,15
10.361951210723882,-87.89424806992096,1.7398467296524174,-283.78503973874643,1.9613299999999998,-183.45850717744207,3.7840740185646107,-136.4456447299549,0.5,1,-10,2,500,0.7,1,eq,0.5,35,15,15
10.361951210723882,-83.52037815475732,1.7398467296524174,-279.4111698235828,1.9613299999999998,-178.4719380853218,3.7840740185646107,-135.15334607122531,0.5,1,-10,2,500,0.7,1,eq,1,6.5,15,15
7.482433334471366,-86.6232159880782,1.7398467296524174,-251.50807049825264,1.9613299999999998,-146.66012489520799,3.7840740185646107,-126.90912790080044,0.5,1,-10,2,500,0.7,1,eq,0.5,6.5,10,15
10.361951210723882,-83.52037815475732,1.7398467296524174,-273.2593560888065,1.9613299999999998,-177.42112912117102,3.7840740185646107,-134.881022758369,0.5,1,-10,2,500,0.7,1,eff,1,6.5,15,15
7.482433334471366,-84.88041588240203,1.7398467296524174,-243.61345665780016,1.9613299999999998,-143.86562562489863,3.7840740185646107,-126.18491700707236,0.5,1,-10,2,500,0.7,1,eff,1,6.5,10,15
7.482433334471366,-89.11140995875189,1.7398467296524174,-253.9962644689263,1.9613299999999998,-149.4968693315231,3.7840740185646107,-127.6442868773403,0.5,1,-10,2,500,0.7,1,eq,0.5,35,10,15
7.482433334471366,-86.6232159880782,1.7398467296524174,-245.35625676347632,1.9613299999999998,-145.83826049725585,3.7840740185646107,-126.69613691651638,0.5,1,-10,2,500,0.7,1,eff,0.5,6.5,10,15
10.361951210723882,-87.89424806992096,1.7398467296524174,-277.6332260039701,1.9613299999999998,-182.37181066662583,3.7840740185646107,-136.16402094866743,0.5,1,-10,2,500,0.7,1,eff,0.5,35,15,15
10.361951210723882,-83.52037815475732,1.7398467296524174,-273.2593560888065,1.9613299999999998,-177.42112912117102,3.7840740185646107,-134.881022758369,0.5,1,-10,2,500,0.7,1,eff,1,35,15,15
7.482433334471366,-85.97479807941954,1.7398467296524174,-244.70783885481768,1.9613299999999998,-145.1043313592469,3.7840740185646107,-126.50593487115613,0.5,1,-10,2,500,0.7,1,eff,1,35,10,15
10.361951210723882,-85.94628876042776,1.7398467296524174,-275.6852666944769,1.9613299999999998,-180.16696086714887,3.7840740185646107,-135.59262117741656,0.5,1,-10,2,500,0.7,1,eff,0.5,6.5,15,15
10.361951210723882,-83.52037815475732,1.6648435882347152,-288.41379087540906,1.9613299999999998,-187.66672818865212,3.7840740185646107,-137.5362299134666,0.5,1,-10,2,500,0.8,0.5,eq,1,6.5,15,15
10.361951210723882,-83.52037815475732,1.6648435882347152,-288.41379087540906,1.9613299999999998,-187.66672818865212,3.7840740185646107,-137.5362299134666,0.5,1,-10,2,500,0.8,0.5,eq,1,35,15,15
7.482433334471366,-89.11140995875189,1.6648435882347152,-262.49411247748674,1.9613299999999998,-158.077236415811,3.7840740185646107,-129.86793938662845,0.5,1,-10,2,500,0.8,0.5,eq,0.5,35,10,15
10.361951210723882,-85.94628876042776,1.6648435882347152,-290.83970148107954,1.9613299999999998,-190.4361090743137,3.7840740185646107,-138.25393123033126,0.5,1,-10,2,500,0.8,0.5,eq,0.5,6.5,15,15
7.482433334471366,-89.11140995875189,1.7398467296524174,-247.84445073415,1.9613299999999998,-148.6545893347738,3.7840740185646107,-127.4260050707584,0.5,1,-10,2,500,0.7,1,eff,0.5,35,10,15
7.482433334471366,-85.97479807941954,1.6648435882347152,-259.3575005981544,1.9613299999999998,-154.49653028316462,3.7840740185646107,-128.93997836833327,0.5,1,-10,2,500,0.8,0.5,eq,1,35,10,15
10.361951210723882,-87.89424806992096,1.6648435882347152,-292.7876607905728,1.9613299999999998,-192.65986837683639,3.7840740185646107,-138.83023151032305,0.5,1,-10,2,500,0.8,0.5,eq,0.5,35,15,15
7.482433334471366,-84.88041588240203,1.6648435882347152,-258.26311840113686,1.9613299999999998,-153.24720100775528,3.7840740185646107,-128.6162073512076,0.5,1,-10,2,500,0.8,0.5,eq,1,6.5,10,15
7.482433334471366,-86.6232159880782,1.6648435882347152,-260.00591850681303,1.9613299999999998,-155.23675383338,3.7840740185646107,-129.13181164757427,0.5,1,-10,2,500,0.8,0.5,eq,0.5,6.5,10,15
10.361951210723882,-83.52037815475732,1.6648435882347152,-281.931322037519,1.9613299999999998,-186.32525263501776,3.7840740185646107,-137.1885786473045,0.5,1,-10,2,500,0.8,0.5,eff,1,35,15,15
10.361951210723882,-83.52037815475732,1.6648435882347152,-281.931322037519,1.9613299999999998,-186.32525263501776,3.7840740185646107,-137.1885786473045,0.5,1,-10,2,500,0.8,0.5,eff,1,6.5,15,15
7.482433334471366,-84.88041588240203,1.6648435882347152,-251.7806495632468,1.9613299999999998,-152.16013224017598,3.7840740185646107,-128.33448709739437,0.5,1,-10,2,500,0.8,0.5,eff,1,6.5,10,15
10.361951210723882,-85.94628876042776,1.6648435882347152,-284.35723264318943,1.9613299999999998,-189.07416405634328,3.7840740185646107,-137.9009751823006,0.5,1,-10,2,500,0.8,0.5,eff,0.5,6.5,15,15
7.482433334471366,-85.97479807941954,1.6648435882347152,-252.87503176026433,1.9613299999999998,-153.40022728433593,3.7840740185646107,-128.65586500927319,0.5,1,-10,2,500,0.8,0.5,eff,1,35,10,15
7.482433334471366,-86.6232159880782,1.6648435882347152,-253.52344966892298,1.9613299999999998,-154.13497958380842,3.7840740185646107,-128.8462803817598,0.5,1,-10,2,500,0.8,0.5,eff,0.5,6.5,10,15
10.361951210723882,-87.89424806992096,1.7398467296524174,-283.78503973874643,1.9613299999999998,-183.45850717744207,3.7840740185646107,-136.4456447299549,0.5,1,-10,2,500,0.8,1,eq,0.5,35,15,15
7.482433334471366,-84.88041588240203,1.7398467296524174,-249.76527039257647,1.9613299999999998,-144.67319037055591,3.7840740185646107,-126.39420215250419,0.5,1,-10,2,500,0.8,1,eq,1,6.5,10,15
10.361951210723882,-87.89424806992096,1.6648435882347152,-286.30519195268266,1.9613299999999998,-191.28148677512846,3.7840740185646107,-138.47301582510985,0.5,1,-10,2,500,0.8,0.5,eff,0.5,35,15,15
10.361951210723882,-85.94628876042776,1.7398467296524174,-281.8370804292532,1.9613299999999998,-181.2376743968567,3.7840740185646107,-135.87010287530597,0.5,1,-10,2,500,0.8,1,eq,0.5,6.5,15,15
10.361951210723882,-83.52037815475732,1.7398467296524174,-273.2593560888065,1.9613299999999998,-177.42112912117102,3.7840740185646107,-134.881022758369,0.5,1,-10,2,500,0.8,1,eff,1,6.5,15,15
7.482433334471366,-85.97479807941954,1.7398467296524174,-250.85965258959396,1.9613299999999998,-145.9208754968222,3.7840740185646107,-126.71754707872584,0.5,1,-10,2,500,0.8,1,eq,1,35,10,15
7.482433334471366,-89.11140995875189,1.7398467296524174,-253.9962644689263,1.9613299999999998,-149.4968693315231,3.7840740185646107,-127.6442868773403,0.5,1,-10,2,500,0.8,1,eq,0.5,35,10,15
10.361951210723882,-83.52037815475732,1.7398467296524174,-279.4111698235828,1.9613299999999998,-178.4719380853218,3.7840740185646107,-135.15334607122531,0.5,1,-10,2,500,0.8,1,eq,1,6.5,15,15
10.361951210723882,-83.52037815475732,1.7398467296524174,-279.4111698235828,1.9613299999999998,-178.4719380853218,3.7840740185646107,-135.15334607122531,0.5,1,-10,2,500,0.8,1,eq,1,35,15,15
7.482433334471366,-86.6232159880782,1.7398467296524174,-251.50807049825264,1.9613299999999998,-146.66012489520799,3.7840740185646107,-126.90912790080044,0.5,1,-10,2,500,0.8,1,eq,0.5,6.5,10,15
7.482433334471366,-89.11140995875189,1.6648435882347152,-256.0116436395967,1.9613299999999998,-156.95446716380562,3.7840740185646107,-129.57696714266166,0.5,1,-10,2,500,0.8,0.5,eff,0.5,35,10,15
10.361951210723882,-85.94628876042776,1.7398467296524174,-275.6852666944769,1.9613299999999998,-180.16696086714887,3.7840740185646107,-135.59262117741656,0.5,1,-10,2,500,0.8,1,eff,0.5,6.5,15,15
10.361951210723882,-83.52037815475732,1.7398467296524174,-273.2593560888065,1.9613299999999998,-177.42112912117102,3.7840740185646107,-134.881022758369,0.5,1,-10,2,500,0.8,1,eff,1,35,15,15
10.361951210723882,-83.52037815475732,1.6648435882347152,-288.41379087540906,6.537766666666667,-187.6718705497973,6.072292351897945,-156.42964418644667,0.5,1,-10,10,400,0.7,0.5,eq,1,35,15,15
7.482433334471366,-84.88041588240203,1.7398467296524174,-243.61345665780016,1.9613299999999998,-143.86562562489863,3.7840740185646107,-126.18491700707236,0.5,1,-10,2,500,0.8,1,eff,1,6.5,10,15
10.361951210723882,-87.89424806992096,1.7398467296524174,-277.6332260039701,1.9613299999999998,-182.37181066662583,3.7840740185646107,-136.16402094866743,0.5,1,-10,2,500,0.8,1,eff,0.5,35,15,15
7.482433334471366,-85.97479807941954,1.6648435882347152,-259.3575005981544,6.537766666666667,-154.50167264330358,6.072292351897945,-138.57320697686214,0.5,1,-10,10,400,0.7,0.5,eq,1,35,10,15
7.482433334471366,-85.97479807941954,1.7398467296524174,-244.70783885481768,1.9613299999999998,-145.1043313592469,3.7840740185646107,-126.50593487115613,0.5,1,-10,2,500,0.8,1,eff,1,35,10,15
7.482433334471366,-86.6232159880782,1.6648435882347152,-260.00591850681303,6.537766666666667,-155.24189619450027,6.072292351897945,-138.97168983790087,0.5,1,-10,10,400,0.7,0.5,eq,0.5,6.5,10,15
7.482433334471366,-84.88041588240203,1.6648435882347152,-258.26311840113686,6.537766666666667,-153.25234336887456,6.072292351897945,-137.90065838954834,0.5,1,-10,10,400,0.7,0.5,eq,1,6.5,10,15
7.482433334471366,-86.6232159880782,1.7398467296524174,-245.35625676347632,1.9613299999999998,-145.83826049725585,3.7840740185646107,-126.69613691651638,0.5,1,-10,2,500,0.8,1,eff,0.5,6.5,10,15
7.482433334471366,-89.11140995875189,1.7398467296524174,-247.84445073415,1.9613299999999998,-148.6545893347738,3.7840740185646107,-127.4260050707584,0.5,1,-10,2,500,0.8,1,eff,0.5,35,10,15
10.361951210723882,-87.89424806992096,1.6648435882347152,-292.7876607905728,6.537766666666667,-192.6650107379552,6.072292351897945,-159.11758998947846,0.5,1,-10,10,400,0.7,0.5,eq,0.5,35,15,15
10.361951210723882,-85.94628876042776,1.6648435882347152,-290.83970148107954,6.537766666666667,-190.4412514345472,6.072292351897945,-157.9204787005296,0.5,1,-10,10,400,0.7,0.5,eq,0.5,6.5,15,15
10.361951210723882,-83.52037815475732,1.6648435882347152,-288.41379087540906,6.537766666666667,-187.6718705497973,6.072292351897945,-156.42964418644667,0.5,1,-10,10,400,0.7,0.5,eq,1,6.5,15,15
10.361951210723882,-83.52037815475732,1.6648435882347152,-281.931322037519,6.537766666666667,-186.3300527878945,6.072292351897945,-155.70730648199083,0.5,1,-10,10,400,0.7,0.5,eff,1,6.5,15,15
7.482433334471366,-89.11140995875189,1.6648435882347152,-262.49411247748674,6.537766666666667,-158.08237877666107,6.072292351897945,-140.5008003670648,0.5,1,-10,10,400,0.7,0.5,eq,0.5,35,10,15
7.482433334471366,-84.88041588240203,1.6648435882347152,-251.7806495632468,6.537766666666667,-152.16493239310046,6.072292351897945,-137.315274911745,0.5,1,-10,10,400,0.7,0.5,eff,1,6.5,10,15
10.361951210723882,-83.52037815475732,1.6648435882347152,-281.931322037519,6.537766666666667,-186.3300527878945,6.072292351897945,-155.70730648199083,0.5,1,-10,10,400,0.7,0.5,eff,1,35,15,15
7.482433334471366,-84.88041588240203,1.7398467296524174,-249.76527039257647,6.537766666666667,-144.67805242870523,6.072292351897945,-133.28487984576475,0.5,1,-10,10,400,0.7,1,eq,1,6.5,10,15
7.482433334471366,-85.97479807941954,1.6648435882347152,-252.87503176026433,6.537766666666667,-153.4050274371773,6.072292351897945,-137.98285245683218,0.5,1,-10,10,400,0.7,0.5,eff,1,35,10,15
10.361951210723882,-83.52037815475732,1.7398467296524174,-279.4111698235828,6.537766666666667,-178.47680014356237,6.072292351897945,-151.47968284435586,0.5,1,-10,10,400,0.7,1,eq,1,35,15,15
10.361951210723882,-83.52037815475732,1.7398467296524174,-279.4111698235828,6.537766666666667,-178.47680014356237,6.072292351897945,-151.47968284435586,0.5,1,-10,10,400,0.7,1,eq,1,6.5,15,15
7.482433334471366,-86.6232159880782,1.6648435882347152,-253.52344966892298,6.537766666666667,-154.13977973602024,6.072292351897945,-138.37838999103303,0.5,1,-10,10,400,0.7,0.5,eff,0.5,6.5,10,15
10.361951210723882,-85.94628876042776,1.7398467296524174,-281.8370804292532,6.537766666666667,-181.24253645510325,6.072292351897945,-152.96855538363096,0.5,1,-10,10,400,0.7,1,eq,0.5,6.5,15,15
10.361951210723882,-85.94628876042776,1.6648435882347152,-284.35723264318943,6.537766666666667,-189.0789642092213,6.072292351897945,-157.18712171637694,0.5,1,-10,10,400,0.7,0.5,eff,0.5,6.5,15,15
7.482433334471366,-89.11140995875189,1.6648435882347152,-256.0116436395967,6.537766666666667,-156.9592673166498,6.072292351897945,-139.89619832876554,0.5,1,-10,10,400,0.7,0.5,eff,0.5,35,10,15
7.482433334471366,-85.97479807941954,1.7398467296524174,-250.85965258959396,6.537766666666667,-145.9257375549938,6.072292351897945,-133.95654334254914,0.5,1,-10,10,400,0.7,1,eq,1,35,10,15
10.361951210723882,-87.89424806992096,1.7398467296524174,-283.78503973874643,6.537766666666667,-183.46336923569694,6.072292351897945,-154.16409124420815,0.5,1,-10,10,400,0.7,1,eq,0.5,35,15,15
10.361951210723882,-87.89424806992096,1.6648435882347152,-286.30519195268266,6.537766666666667,-191.28628692716225,6.072292351897945,-158.3753847356484,0.5,1,-10,10,400,0.7,0.5,eff,0.5,35,15,15
7.482433334471366,-86.6232159880782,1.7398467296524174,-251.50807049825264,6.537766666666667,-146.66498695273916,6.072292351897945,-134.35450178977558,0.5,1,-10,10,400,0.7,1,eq,0.5,6.5,10,15
7.482433334471366,-89.11140995875189,1.7398467296524174,-253.9962644689263,6.537766666666667,-149.50173138990422,6.072292351897945,-135.88159997184457,0.5,1,-10,10,400,0.7,1,eq,0.5,35,10,15
7.482433334471366,-84.88041588240203,1.6648435882347152,-258.26311840113686,6.537766666666667,-153.25234336887456,6.072292351897945,-137.90065838954834,0.5,1,-10,10,400,0.8,0.5,eq,1,6.5,10,15
7.482433334471366,-85.97479807941954,1.7398467296524174,-244.70783885481768,6.537766666666667,-145.10887569110108,6.072292351897945,-133.51680395291322,0.5,1,-10,10,400,0.7,1,eff,1,35,10,15
7.482433334471366,-89.11140995875189,1.7398467296524174,-247.84445073415,6.537766666666667,-148.6591336657578,6.072292351897945,-135.4280062550819,0.5,1,-10,10,400,0.7,1,eff,0.5,35,10,15
10.361951210723882,-83.52037815475732,1.7398467296524174,-273.2593560888065,6.537766666666667,-177.42567345204336,6.072292351897945,-150.91383220278476,0.5,1,-10,10,400,0.7,1,eff,1,6.5,15,15
10.361951210723882,-83.52037815475732,1.7398467296524174,-273.2593560888065,6.537766666666667,-177.42567345204336,6.072292351897945,-150.91383220278476,0.5,1,-10,10,400,0.7,1,eff,1,35,15,15
10.361951210723882,-85.94628876042776,1.7398467296524174,-275.6852666944769,6.537766666666667,-180.17150519881434,6.072292351897945,-152.3919895629705,0.5,1,-10,10,400,0.7,1,eff,0.5,6.5,15,15
7.482433334471366,-86.6232159880782,1.7398467296524174,-245.35625676347632,6.537766666666667,-145.8428048282531,6.072292351897945,-133.91189835635288,0.5,1,-10,10,400,0.7,1,eff,0.5,6.5,10,15
7.482433334471366,-84.88041588240203,1.7398467296524174,-243.61345665780016,6.537766666666667,-143.8701699559056,6.072292351897945,-132.84997431131674,0.5,1,-10,10,400,0.7,1,eff,1,6.5,10,15
10.361951210723882,-83.52037815475732,1.6648435882347152,-288.41379087540906,6.537766666666667,-187.6718705497973,6.072292351897945,-156.42964418644667,0.5,1,-10,10,400,0.8,0.5,eq,1,35,15,15
10.361951210723882,-83.52037815475732,1.6648435882347152,-288.41379087540906,6.537766666666667,-187.6718705497973,6.072292351897945,-156.42964418644667,0.5,1,-10,10,400,0.8,0.5,eq,1,6.5,15,15
7.482433334471366,-85.97479807941954,1.6648435882347152,-259.3575005981544,6.537766666666667,-154.50167264330358,6.072292351897945,-138.57320697686214,0.5,1,-10,10,400,0.8,0.5,eq,1,35,10,15
10.361951210723882,-85.94628876042776,1.6648435882347152,-290.83970148107954,6.537766666666667,-190.4412514345472,6.072292351897945,-157.9204787005296,0.5,1,-10,10,400,0.8,0.5,eq,0.5,6.5,15,15
7.482433334471366,-86.6232159880782,1.6648435882347152,-260.00591850681303,6.537766666666667,-155.24189619450027,6.072292351897945,-138.97168983790087,0.5,1,-10,10,400,0.8,0.5,eq,0.5,6.5,10,15
10.361951210723882,-87.89424806992096,1.7398467296524174,-277.6332260039701,6.537766666666667,-182.37635499829673,6.072292351897945,-153.57892134167173,0.5,1,-10,10,400,0.7,1,eff,0.5,35,15,15
10.361951210723882,-87.89424806992096,1.6648435882347152,-292.7876607905728,6.537766666666667,-192.6650107379552,6.072292351897945,-159.11758998947846,0.5,1,-10,10,400,0.8,0.5,eq,0.5,35,15,15
7.482433334471366,-85.97479807941954,1.6648435882347152,-252.87503176026433,6.537766666666667,-153.4050274371773,6.072292351897945,-137.98285245683218,0.5,1,-10,10,400,0.8,0.5,eff,1,35,10,15
10.361951210723882,-83.52037815475732,1.6648435882347152,-281.931322037519,6.537766666666667,-186.3300527878945,6.072292351897945,-155.70730648199083,0.5,1,-10,10,400,0.8,0.5,eff,1,6.5,15,15
7.482433334471366,-89.11140995875189,1.6648435882347152,-256.0116436395967,6.537766666666667,-156.9592673166498,6.072292351897945,-139.89619832876554,0.5,1,-10,10,400,0.8,0.5,eff,0.5,35,10,15
7.482433334471366,-84.88041588240203,1.6648435882347152,-251.7806495632468,6.537766666666667,-152.16493239310046,6.072292351897945,-137.315274911745,0.5,1,-10,10,400,0.8,0.5,eff,1,6.5,10,15
7.482433334471366,-86.6232159880782,1.6648435882347152,-253.52344966892298,6.537766666666667,-154.13977973602024,6.072292351897945,-138.37838999103303,0.5,1,-10,10,400,0.8,0.5,eff,0.5,6.5,10,15
7.482433334471366,-84.88041588240203,1.7398467296524174,-249.76527039257647,6.537766666666667,-144.67805242870523,6.072292351897945,-133.28487984576475,0.5,1,-10,10,400,0.8,1,eq,1,6.5,10,15
10.361951210723882,-83.52037815475732,1.6648435882347152,-281.931322037519,6.537766666666667,-186.3300527878945,6.072292351897945,-155.70730648199083,0.5,1,-10,10,400,0.8,0.5,eff,1,35,15,15
10.361951210723882,-83.52037815475732,1.7398467296524174,-279.4111698235828,6.537766666666667,-178.47680014356237,6.072292351897945,-151.47968284435586,0.5,1,-10,10,400,0.8,1,eq,1,6.5,15,15
10.361951210723882,-87.89424806992096,1.6648435882347152,-286.30519195268266,6.537766666666667,-191.28628692716225,6.072292351897945,-158.3753847356484,0.5,1,-10,10,400,0.8,0.5,eff,0.5,35,15,15
10.361951210723882,-83.52037815475732,1.7398467296524174,-279.4111698235828,6.537766666666667,-178.47680014356237,6.072292351897945,-151.47968284435586,0.5,1,-10,10,400,0.8,1,eq,1,35,15,15
7.482433334471366,-89.11140995875189,1.6648435882347152,-262.49411247748674,6.537766666666667,-158.08237877666107,6.072292351897945,-140.5008003670648,0.5,1,-10,10,400,0.8,0.5,eq,0.5,35,10,15
10.361951210723882,-85.94628876042776,1.7398467296524174,-281.8370804292532,6.537766666666667,-181.24253645510325,6.072292351897945,-152.96855538363096,0.5,1,-10,10,400,0.8,1,eq,0.5,6.5,15,15
7.482433334471366,-86.6232159880782,1.7398467296524174,-251.50807049825264,6.537766666666667,-146.66498695273916,6.072292351897945,-134.35450178977558,0.5,1,-10,10,400,0.8,1,eq,0.5,6.5,10,15
10.361951210723882,-85.94628876042776,1.6648435882347152,-284.35723264318943,6.537766666666667,-189.0789642092213,6.072292351897945,-157.18712171637694,0.5,1,-10,10,400,0.8,0.5,eff,0.5,6.5,15,15
7.482433334471366,-89.11140995875189,1.7398467296524174,-253.9962644689263,6.537766666666667,-149.50173138990422,6.072292351897945,-135.88159997184457,0.5,1,-10,10,400,0.8,1,eq,0.5,35,10,15
7.482433334471366,-85.97479807941954,1.7398467296524174,-250.85965258959396,6.537766666666667,-145.9257375549938,6.072292351897945,-133.95654334254914,0.5,1,-10,10,400,0.8,1,eq,1,35,10,15
10.361951210723882,-87.89424806992096,1.7398467296524174,-283.78503973874643,6.537766666666667,-183.46336923569694,6.072292351897945,-154.16409124420815,0.5,1,-10,10,400,0.8,1,eq,0.5,35,15,15
7.482433334471366,-84.88041588240203,1.7398467296524174,-243.61345665780016,6.537766666666667,-143.8701699559056,6.072292351897945,-132.84997431131674,0.5,1,-10,10,400,0.8,1,eff,1,6.5,10,15
10.361951210723882,-83.52037815475732,1.7398467296524174,-273.2593560888065,6.537766666666667,-177.42567345204336,6.072292351897945,-150.91383220278476,0.5,1,-10,10,400,0.8,1,eff,1,6.5,15,15
10.361951210723882,-83.52037815475732,1.7398467296524174,-273.2593560888065,6.537766666666667,-177.42567345204336,6.072292351897945,-150.91383220278476,0.5,1,-10,10,400,0.8,1,eff,1,35,15,15
7.482433334471366,-85.97479807941954,1.7398467296524174,-244.70783885481768,6.537766666666667,-145.10887569110108,6.072292351897945,-133.51680395291322,0.5,1,-10,10,400,0.8,1,eff,1,35,10,15
10.361951210723882,-83.52037815475732,1.6648435882347152,-288.41379087540906,9.80665,-187.67554366431494,7.70673401856461,-163.05782246259892,0.5,1,-10,10,500,0.7,0.5,eq,1,6.5,15,15
10.361951210723882,-85.94628876042776,1.7398467296524174,-275.6852666944769,6.537766666666667,-180.17150519881434,6.072292351897945,-152.3919895629705,0.5,1,-10,10,400,0.8,1,eff,0.5,6.5,15,15
10.361951210723882,-83.52037815475732,1.6648435882347152,-288.41379087540906,9.80665,-187.67554366431494,7.70673401856461,-163.05782246259892,0.5,1,-10,10,500,0.7,0.5,eq,1,35,15,15
7.482433334471366,-84.88041588240203,1.6648435882347152,-258.26311840113686,9.80665,-153.25601648342152,7.70673401856461,-141.15877577074377,0.5,1,-10,10,500,0.7,0.5,eq,1,6.5,10,15
7.482433334471366,-89.11140995875189,1.7398467296524174,-247.84445073415,6.537766666666667,-148.6591336657578,6.072292351897945,-135.4280062550819,0.5,1,-10,10,400,0.8,1,eff,0.5,35,10,15
7.482433334471366,-86.6232159880782,1.7398467296524174,-245.35625676347632,6.537766666666667,-145.8428048282531,6.072292351897945,-133.91189835635288,0.5,1,-10,10,400,0.8,1,eff,0.5,6.5,10,15
7.482433334471366,-85.97479807941954,1.6648435882347152,-259.3575005981544,9.80665,-154.50534575812847,7.70673401856461,-141.9536478204534,0.5,1,-10,10,500,0.7,0.5,eq,1,35,10,15
10.361951210723882,-85.94628876042776,1.6648435882347152,-290.83970148107954,9.80665,-190.4449245499714,7.70673401856461,-164.81981067945594,0.5,1,-10,10,500,0.7,0.5,eq,0.5,6.5,15,15
7.482433334471366,-86.6232159880782,1.6648435882347152,-260.00591850681303,9.80665,-155.24556930904524,7.70673401856461,-142.42460693673488,0.5,1,-10,10,500,0.7,0.5,eq,0.5,6.5,10,15
10.361951210723882,-87.89424806992096,1.6648435882347152,-292.7876607905728,9.80665,-192.6686838524735,7.70673401856461,-166.23465314783158,0.5,1,-10,10,500,0.7,0.5,eq,0.5,35,15,15
7.482433334471366,-89.11140995875189,1.6648435882347152,-262.49411247748674,9.80665,-158.08605189147627,7.70673401856461,-144.23183282839636,0.5,1,-10,10,500,0.7,0.5,eq,0.5,35,10,15
10.361951210723882,-83.52037815475732,1.6648435882347152,-281.931322037519,9.80665,-186.33348146833035,7.70673401856461,-162.20395010872312,0.5,1,-10,10,500,0.7,0.5,eff,1,6.5,15,15
7.482433334471366,-84.88041588240203,1.6648435882347152,-251.7806495632468,9.80665,-152.16836107353697,7.70673401856461,-140.46676694445958,0.5,1,-10,10,500,0.7,0.5,eff,1,6.5,10,15
7.482433334471366,-85.97479807941954,1.6648435882347152,-252.87503176026433,9.80665,-153.4084561176312,7.70673401856461,-141.25576381621286,0.5,1,-10,10,500,0.7,0.5,eff,1,35,10,15
10.361951210723882,-83.52037815475732,1.6648435882347152,-281.931322037519,9.80665,-186.33348146833035,7.70673401856461,-162.20395010872312,0.5,1,-10,10,500,0.7,0.5,eff,1,35,15,15
10.361951210723882,-87.89424806992096,1.7398467296524174,-277.6332260039701,6.537766666666667,-182.37635499829673,6.072292351897945,-153.57892134167173,0.5,1,-10,10,400,0.8,1,eff,0.5,35,15,15
10.361951210723882,-83.52037815475732,1.7398467296524174,-279.4111698235828,9.80665,-178.48027304209924,7.70673401856461,-157.20743237322176,0.5,1,-10,10,500,0.7,1,eq,1,6.5,15,15
7.482433334471366,-85.97479807941954,1.7398467296524174,-250.85965258959396,9.80665,-145.92921045365196,7.70673401856461,-136.4971757869663,0.5,1,-10,10,500,0.7,1,eq,1,35,10,15
10.361951210723882,-87.89424806992096,1.6648435882347152,-286.30519195268266,9.80665,-191.28971560848046,7.70673401856461,-165.35729972565704,0.5,1,-10,10,500,0.7,0.5,eff,0.5,35,15,15
7.482433334471366,-86.6232159880782,1.6648435882347152,-253.52344966892298,9.80665,-154.14320841646975,7.70673401856461,-141.7232419083626,0.5,1,-10,10,500,0.7,0.5,eff,0.5,6.5,10,15
7.482433334471366,-86.6232159880782,1.7398467296524174,-251.50807049825264,9.80665,-146.66845985139494,7.70673401856461,-136.96751510897408,0.5,1,-10,10,500,0.7,1,eq,0.5,6.5,10,15
7.482433334471366,-89.11140995875189,1.6648435882347152,-256.0116436395967,9.80665,-156.96269599709888,7.70673401856461,-143.51710996037858,0.5,1,-10,10,500,0.7,0.5,eff,0.5,35,10,15
7.482433334471366,-84.88041588240203,1.7398467296524174,-249.76527039257647,9.80665,-144.68152532708731,7.70673401856461,-135.70334980848097,0.5,1,-10,10,500,0.7,1,eq,1,6.5,10,15
10.361951210723882,-83.52037815475732,1.7398467296524174,-279.4111698235828,9.80665,-178.48027304209924,7.70673401856461,-157.20743237322176,0.5,1,-10,10,500,0.7,1,eq,1,35,15,15
10.361951210723882,-87.89424806992096,1.7398467296524174,-283.78503973874643,9.80665,-183.46684213426644,7.70673401856461,-160.38008227069488,0.5,1,-10,10,500,0.7,1,eq,0.5,35,15,15
10.361951210723882,-85.94628876042776,1.6648435882347152,-284.35723264318943,9.80665,-189.08239288966794,7.70673401856461,-163.9529148533947,0.5,1,-10,10,500,0.7,0.5,eff,0.5,6.5,15,15
7.482433334471366,-89.11140995875189,1.7398467296524174,-253.9962644689263,9.80665,-149.50520428828207,7.70673401856461,-138.77236264652947,0.5,1,-10,10,500,0.7,1,eq,0.5,35,10,15
10.361951210723882,-83.52037815475732,1.7398467296524174,-273.2593560888065,9.80665,-177.42891940357967,7.70673401856461,-156.53852015084914,0.5,1,-10,10,500,0.7,1,eff,1,6.5,15,15
10.361951210723882,-85.94628876042776,1.7398467296524174,-281.8370804292532,9.80665,-181.24600935345651,7.70673401856461,-158.96710176965067,0.5,1,-10,10,500,0.7,1,eq,0.5,6.5,15,15
7.482433334471366,-84.88041588240203,1.7398467296524174,-243.61345665780016,9.80665,-143.87341590725217,7.70673401856461,-135.18919905260063,0.5,1,-10,10,500,0.7,1,eff,1,6.5,10,15
10.361951210723882,-85.94628876042776,1.7398467296524174,-275.6852666944769,9.80665,-180.17475114949735,7.70673401856461,-158.2855254858091,0.5,1,-10,10,500,0.7,1,eff,0.5,6.5,15,15
10.361951210723882,-83.52037815475732,1.7398467296524174,-273.2593560888065,9.80665,-177.42891940357967,7.70673401856461,-156.53852015084914,0.5,1,-10,10,500,0.7,1,eff,1,35,15,15
7.482433334471366,-86.6232159880782,1.7398467296524174,-245.35625676347632,9.80665,-145.84605077960987,7.70673401856461,-136.4442663563642,0.5,1,-10,10,500,0.7,1,eff,0.5,6.5,10,15
7.482433334471366,-85.97479807941954,1.7398467296524174,-244.70783885481768,9.80665,-145.11212164187964,7.70673401856461,-135.97731199144235,0.5,1,-10,10,500,0.7,1,eff,1,35,10,15
10.361951210723882,-83.52037815475732,1.6648435882347152,-288.41379087540906,9.80665,-187.67554366431494,7.70673401856461,-163.05782246259892,0.5,1,-10,10,500,0.8,0.5,eq,1,6.5,15,15
7.482433334471366,-89.11140995875189,1.7398467296524174,-247.84445073415,9.80665,-148.66237961712648,7.70673401856461,-138.23612469271663,0.5,1,-10,10,500,0.7,1,eff,0.5,35,10,15
10.361951210723882,-83.52037815475732,1.6648435882347152,-288.41379087540906,9.80665,-187.67554366431494,7.70673401856461,-163.05782246259892,0.5,1,-10,10,500,0.8,0.5,eq,1,35,15,15
7.482433334471366,-85.97479807941954,1.6648435882347152,-259.3575005981544,9.80665,-154.50534575812847,7.70673401856461,-141.9536478204534,0.5,1,-10,10,500,0.8,0.5,eq,1,35,10,15
10.361951210723882,-85.94628876042776,1.6648435882347152,-290.83970148107954,9.80665,-190.4449245499714,7.70673401856461,-164.81981067945594,0.5,1,-10,10,500,0.8,0.5,eq,0.5,6.5,15,15
10.361951210723882,-87.89424806992096,1.6648435882347152,-292.7876607905728,9.80665,-192.6686838524735,7.70673401856461,-166.23465314783158,0.5,1,-10,10,500,0.8,0.5,eq,0.5,35,15,15
10.361951210723882,-87.89424806992096,1.7398467296524174,-277.6332260039701,9.80665,-182.37960094983262,7.70673401856461,-159.68833699081065,0.5,1,-10,10,500,0.7,1,eff,0.5,35,15,15
10.361951210723882,-83.52037815475732,1.6648435882347152,-281.931322037519,9.80665,-186.33348146833035,7.70673401856461,-162.20395010872312,0.5,1,-10,10,500,0.8,0.5,eff,1,35,15,15
7.482433334471366,-89.11140995875189,1.6648435882347152,-262.49411247748674,9.80665,-158.08605189147627,7.70673401856461,-144.23183282839636,0.5,1,-10,10,500,0.8,0.5,eq,0.5,35,10,15
7.482433334471366,-84.88041588240203,1.6648435882347152,-251.7806495632468,9.80665,-152.16836107353697,7.70673401856461,-140.46676694445958,0.5,1,-10,10,500,0.8,0.5,eff,1,6.5,10,15
10.361951210723882,-83.52037815475732,1.6648435882347152,-281.931322037519,9.80665,-186.33348146833035,7.70673401856461,-162.20395010872312,0.5,1,-10,10,500,0.8,0.5,eff,1,6.5,15,15
10.361951210723882,-87.89424806992096,1.6648435882347152,-286.30519195268266,9.80665,-191.28971560848046,7.70673401856461,-165.35729972565704,0.5,1,-10,10,500,0.8,0.5,eff,0.5,35,15,15
7.482433334471366,-86.6232159880782,1.6648435882347152,-260.00591850681303,9.80665,-155.24556930904524,7.70673401856461,-142.42460693673488,0.5,1,-10,10,500,0.8,0.5,eq,0.5,6.5,10,15
10.361951210723882,-85.94628876042776,1.6648435882347152,-284.35723264318943,9.80665,-189.08239288966794,7.70673401856461,-163.9529148533947,0.5,1,-10,10,500,0.8,0.5,eff,0.5,6.5,15,15
10.361951210723882,-83.52037815475732,1.7398467296524174,-279.4111698235828,9.80665,-178.48027304209924,7.70673401856461,-157.20743237322176,0.5,1,-10,10,500,0.8,1,eq,1,35,15,15
7.482433334471366,-86.6232159880782,1.6648435882347152,-253.52344966892298,9.80665,-154.14320841646975,7.70673401856461,-141.7232419083626,0.5,1,-10,10,500,0.8,0.5,eff,0.5,6.5,10,15
7.482433334471366,-85.97479807941954,1.6648435882347152,-252.87503176026433,9.80665,-153.4084561176312,7.70673401856461,-141.25576381621286,0.5,1,-10,10,500,0.8,0.5,eff,1,35,10,15
10.361951210723882,-85.94628876042776,1.7398467296524174,-281.8370804292532,9.80665,-181.24600935345651,7.70673401856461,-158.96710176965067,0.5,1,-10,10,500,0.8,1,eq,0.5,6.5,15,15
7.482433334471366,-84.88041588240203,1.7398467296524174,-249.76527039257647,9.80665,-144.68152532708731,7.70673401856461,-135.70334980848097,0.5,1,-10,10,500,0.8,1,eq,1,6.5,10,15
7.482433334471366,-89.11140995875189,1.6648435882347152,-256.0116436395967,9.80665,-156.96269599709888,7.70673401856461,-143.51710996037858,0.5,1,-10,10,500,0.8,0.5,eff,0.5,35,10,15
7.482433334471366,-84.88041588240203,1.6648435882347152,-258.26311840113686,9.80665,-153.25601648342152,7.70673401856461,-141.15877577074377,0.5,1,-10,10,500,0.8,0.5,eq,1,6.5,10,15
7.482433334471366,-85.97479807941954,1.7398467296524174,-250.85965258959396,9.80665,-145.92921045365196,7.70673401856461,-136.4971757869663,0.5,1,-10,10,500,0.8,1,eq,1,35,10,15
7.482433334471366,-89.11140995875189,1.7398467296524174,-253.9962644689263,9.80665,-149.50520428828207,7.70673401856461,-138.77236264652947,0.5,1,-10,10,500,0.8,1,eq,0.5,35,10,15
7.482433334471366,-86.6232159880782,1.7398467296524174,-245.35625676347632,9.80665,-145.84605077960987,7.70673401856461,-136.4442663563642,0.5,1,-10,10,500,0.8,1,eff,0.5,6.5,10,15
7.482433334471366,-89.11140995875189,1.7398467296524174,-247.84445073415,9.80665,-148.66237961712648,7.70673401856461,-138.23612469271663,0.5,1,-10,10,500,0.8,1,eff,0.5,35,10,15
10.361951210723882,-85.94628876042776,1.7398467296524174,-275.6852666944769,9.80665,-180.17475114949735,7.70673401856461,-158.2855254858091,0.5,1,-10,10,500,0.8,1,eff,0.5,6.5,15,15
10.361951210723882,-83.52037815475732,1.7398467296524174,-273.2593560888065,9.80665,-177.42891940357967,7.70673401856461,-156.53852015084914,0.5,1,-10,10,500,0.8,1,eff,1,35,15,15
10.361951210723882,-87.89424806992096,1.7398467296524174,-283.78503973874643,9.80665,-183.46684213426644,7.70673401856461,-160.38008227069488,0.5,1,-10,10,500,0.8,1,eq,0.5,35,15,15
10.361951210723882,-87.89424806992096,1.7398467296524174,-277.6332260039701,9.80665,-182.37960094983262,7.70673401856461,-159.68833699081065,0.5,1,-10,10,500,0.8,1,eff,0.5,35,15,15
7.482433334471366,-84.88041588240203,1.7398467296524174,-243.61345665780016,9.80665,-143.87341590725217,7.70673401856461,-135.18919905260063,0.5,1,-10,10,500,0.8,1,eff,1,6.5,10,15
7.482433334471366,-86.6232159880782,1.7398467296524174,-251.50807049825264,9.80665,-146.66845985139494,7.70673401856461,-136.96751510897408,0.5,1,-10,10,500,0.8,1,eq,0.5,6.5,10,15
10.361951210723882,-83.52037815475732,1.7398467296524174,-273.2593560888065,9.80665,-177.42891940357967,7.70673401856461,-156.53852015084914,0.5,1,-10,10,500,0.8,1,eff,1,6.5,15,15
7.482433334471366,-85.97479807941954,1.7398467296524174,-244.70783885481768,9.80665,-145.11212164187964,7.70673401856461,-135.97731199144235,0.5,1,-10,10,500,0.8,1,eff,1,35,10,15
10.361951210723882,-83.52037815475732,0.664380693404857,-429.86995907747075,3.9226599999999996,-332.022481263542,4.764739018564611,-207.27572518796578,0.5,3,-20,2,400,0.7,0.5,eq,1,6.5,15,15
10.361951210723882,-83.52037815475732,1.7398467296524174,-279.4111698235828,9.80665,-178.48027304209924,7.70673401856461,-157.20743237322176,0.5,1,-10,10,500,0.8,1,eq,1,6.5,15,15
10.361951210723882,-87.89424806992096,0.664380693404857,-434.2438289926345,3.9226599999999996,-337.1470433778826,4.764739018564611,-209.3851707153197,0.5,3,-20,2,400,0.7,0.5,eq,0.5,35,15,15
7.482433334471366,-84.88041588240203,0.664380693404857,-399.7192866031986,3.9226599999999996,-296.69701505910183,4.764739018564611,-192.73455171323738,0.5,3,-20,2,400,0.7,0.5,eq,1,6.5,10,15
7.482433334471366,-84.88041588240203,0.664380693404857,-383.39778019486835,3.9226599999999996,-285.72395288725943,4.764739018564611,-188.2176629716621,0.5,3,-20,2,400,0.7,0.5,eff,1,6.5,10,15
10.361951210723882,-83.52037815475732,0.664380693404857,-429.86995907747075,3.9226599999999996,-332.022481263542,4.764739018564611,-207.27572518796578,0.5,3,-20,2,400,0.7,0.5,eq,1,35,15,15
7.482433334471366,-85.97479807941954,0.664380693404857,-400.81366880021613,3.9226599999999996,-297.97922729777616,4.764739018564611,-193.26235424770587,0.5,3,-20,2,400,0.7,0.5,eq,1,35,10,15
10.361951210723882,-83.52037815475732,0.664380693404857,-413.54845266914066,3.9226599999999996,-320.65089361419905,4.764739018564611,-202.59478969131294,0.5,3,-20,2,400,0.7,0.5,eff,1,6.5,15,15
7.482433334471366,-86.6232159880782,0.664380693404857,-401.4620867088748,3.9226599999999996,-298.7389339008784,4.764739018564611,-193.57507554179088,0.5,3,-20,2,400,0.7,0.5,eq,0.5,6.5,10,15
10.361951210723882,-85.94628876042776,0.664380693404857,-432.29586968314135,3.9226599999999996,-334.86475362871226,4.764739018564611,-208.4457019770951,0.5,3,-20,2,400,0.7,0.5,eq,0.5,6.5,15,15
7.482433334471366,-89.11140995875189,0.664380693404857,-403.9502806795485,3.9226599999999996,-301.6541793924842,4.764739018564611,-194.77509057257714,0.5,3,-20,2,400,0.7,0.5,eq,0.5,35,10,15
7.482433334471366,-85.97479807941954,0.664380693404857,-384.49216239188587,3.9226599999999996,-286.99169980404,4.764739018564611,-188.73951108351062,0.5,3,-20,2,400,0.7,0.5,eff,1,35,10,15
10.361951210723882,-83.52037815475732,0.664380693404857,-413.54845266914066,3.9226599999999996,-320.65089361419905,4.764739018564611,-202.59478969131294,0.5,3,-20,2,400,0.7,0.5,eff,1,35,15,15
10.361951210723882,-87.89424806992096,0.664380693404857,-417.9223225843043,3.9226599999999996,-325.7176428028545,4.764739018564611,-204.68043743559994,0.5,3,-20,2,400,0.7,0.5,eff,0.5,35,15,15
10.361951210723882,-85.94628876042776,0.664380693404857,-415.9743632748111,3.9226599999999996,-323.4611007846572,4.764739018564611,-203.75156734653388,0.5,3,-20,2,400,0.7,0.5,eff,0.5,6.5,15,15
7.482433334471366,-89.11140995875189,0.664380693404857,-387.6287742712182,3.9226599999999996,-290.6251928007275,4.764739018564611,-190.23518142168172,0.5,3,-20,2,400,0.7,0.5,eff,0.5,35,10,15
7.482433334471366,-84.88041588240203,0.6968241909147566,-386.8635001834317,3.9226599999999996,-282.55566597248543,4.764739018564611,-186.91348741234137,0.5,3,-20,2,400,0.7,1,eq,1,6.5,10,15
7.482433334471366,-86.6232159880782,0.664380693404857,-385.14058030054457,3.9226599999999996,-287.7428357511453,4.764739018564611,-189.0487044016328,0.5,3,-20,2,400,0.7,0.5,eff,0.5,6.5,10,15
10.361951210723882,-83.52037815475732,0.6968241909147566,-416.50939961443805,3.9226599999999996,-317.24518576803007,4.764739018564611,-201.19288353361975,0.5,3,-20,2,400,0.7,1,eq,1,6.5,15,15
7.482433334471366,-85.97479807941954,0.6968241909147566,-387.9578823804492,3.9226599999999996,-283.83623406465296,4.764739018564611,-187.44061315971706,0.5,3,-20,2,400,0.7,1,eq,1,35,10,15
10.361951210723882,-83.52037815475732,0.6968241909147566,-416.50939961443805,3.9226599999999996,-317.24518576803007,4.764739018564611,-201.19288353361975,0.5,3,-20,2,400,0.7,1,eq,1,35,15,15
7.482433334471366,-86.6232159880782,0.6968241909147566,-388.6063002891079,3.9226599999999996,-284.59496651423257,4.764739018564611,-187.75293345880084,0.5,3,-20,2,400,0.7,1,eq,0.5,6.5,10,15
10.361951210723882,-85.94628876042776,0.6968241909147566,-418.9353102201085,3.9226599999999996,-320.0838135570283,4.764739018564611,-202.3613600901959,0.5,3,-20,2,400,0.7,1,eq,0.5,6.5,15,15
10.361951210723882,-87.89424806992096,0.6968241909147566,-420.8832695296017,3.9226599999999996,-322.36317678589944,4.764739018564611,-203.29962417229208,0.5,3,-20,2,400,0.7,1,eq,0.5,35,15,15
7.482433334471366,-89.11140995875189,0.6968241909147566,-391.0944942597815,3.9226599999999996,-287.5064738615614,4.764739018564611,-188.95140974119252,0.5,3,-20,2,400,0.7,1,eq,0.5,35,10,15
10.361951210723882,-83.52037815475732,0.6968241909147566,-400.881100323472,3.9226599999999996,-306.73020701805666,4.764739018564611,-196.864557639729,0.5,3,-20,2,400,0.7,1,eff,1,6.5,15,15
7.482433334471366,-84.88041588240203,0.6968241909147566,-371.2352008924657,3.9226599999999996,-272.4252908165093,4.764739018564611,-182.7434775487883,0.5,3,-20,2,400,0.7,1,eff,1,6.5,10,15
10.361951210723882,-85.94628876042776,0.6968241909147566,-403.30701092914245,3.9226599999999996,-309.53736287000623,4.764739018564611,-198.02007926759825,0.5,3,-20,2,400,0.7,1,eff,0.5,6.5,15,15
10.361951210723882,-83.52037815475732,0.6968241909147566,-400.881100323472,3.9226599999999996,-306.73020701805666,4.764739018564611,-196.864557639729,0.5,3,-20,2,400,0.7,1,eff,1,35,15,15
7.482433334471366,-85.97479807941954,0.6968241909147566,-372.3295830894832,3.9226599999999996,-273.69166121902873,4.764739018564611,-183.2647590401556,0.5,3,-20,2,400,0.7,1,eff,1,35,10,15
7.482433334471366,-86.6232159880782,0.6968241909147566,-372.97800099814185,3.9226599999999996,-274.4419815808581,4.764739018564611,-183.5736166354054,0.5,3,-20,2,400,0.7,1,eff,0.5,6.5,10,15
7.482433334471366,-89.11140995875189,0.6968241909147566,-375.46619496881556,3.9226599999999996,-277.3212089722028,4.764739018564611,-184.75880538078326,0.5,3,-20,2,400,0.7,1,eff,0.5,35,10,15
10.361951210723882,-83.52037815475732,0.664380693404857,-429.86995907747075,3.9226599999999996,-332.022481263542,4.764739018564611,-207.27572518796578,0.5,3,-20,2,400,0.8,0.5,eq,1,6.5,15,15
7.482433334471366,-84.88041588240203,0.664380693404857,-399.7192866031986,3.9226599999999996,-296.69701505910183,4.764739018564611,-192.73455171323738,0.5,3,-20,2,400,0.8,0.5,eq,1,6.5,10,15
10.361951210723882,-87.89424806992096,0.6968241909147566,-405.2549702386357,3.9226599999999996,-311.79145473850275,4.764739018564611,-198.94794079101285,0.5,3,-20,2,400,0.7,1,eff,0.5,35,15,15
10.361951210723882,-83.52037815475732,0.664380693404857,-429.86995907747075,3.9226599999999996,-332.022481263542,4.764739018564611,-207.27572518796578,0.5,3,-20,2,400,0.8,0.5,eq,1,35,15,15
7.482433334471366,-85.97479807941954,0.664380693404857,-400.81366880021613,3.9226599999999996,-297.97922729777616,4.764739018564611,-193.26235424770587,0.5,3,-20,2,400,0.8,0.5,eq,1,35,10,15
10.361951210723882,-85.94628876042776,0.664380693404857,-432.29586968314135,3.9226599999999996,-334.86475362871226,4.764739018564611,-208.4457019770951,0.5,3,-20,2,400,0.8,0.5,eq,0.5,6.5,15,15
7.482433334471366,-86.6232159880782,0.664380693404857,-401.4620867088748,3.9226599999999996,-298.7389339008784,4.764739018564611,-193.57507554179088,0.5,3,-20,2,400,0.8,0.5,eq,0.5,6.5,10,15
10.361951210723882,-85.94628876042776,0.664380693404857,-415.9743632748111,3.9226599999999996,-323.4611007846572,4.764739018564611,-203.75156734653388,0.5,3,-20,2,400,0.8,0.5,eff,0.5,6.5,15,15
10.361951210723882,-87.89424806992096,0.664380693404857,-434.2438289926345,3.9226599999999996,-337.1470433778826,4.764739018564611,-209.3851707153197,0.5,3,-20,2,400,0.8,0.5,eq,0.5,35,15,15
10.361951210723882,-83.52037815475732,0.664380693404857,-413.54845266914066,3.9226599999999996,-320.65089361419905,4.764739018564611,-202.59478969131294,0.5,3,-20,2,400,0.8,0.5,eff,1,6.5,15,15
7.482433334471366,-85.97479807941954,0.664380693404857,-384.49216239188587,3.9226599999999996,-286.99169980404,4.764739018564611,-188.73951108351062,0.5,3,-20,2,400,0.8,0.5,eff,1,35,10,15
7.482433334471366,-89.11140995875189,0.664380693404857,-403.9502806795485,3.9226599999999996,-301.6541793924842,4.764739018564611,-194.77509057257714,0.5,3,-20,2,400,0.8,0.5,eq,0.5,35,10,15
10.361951210723882,-87.89424806992096,0.664380693404857,-417.9223225843043,3.9226599999999996,-325.7176428028545,4.764739018564611,-204.68043743559994,0.5,3,-20,2,400,0.8,0.5,eff,0.5,35,15,15
7.482433334471366,-89.11140995875189,0.664380693404857,-387.6287742712182,3.9226599999999996,-290.6251928007275,4.764739018564611,-190.23518142168172,0.5,3,-20,2,400,0.8,0.5,eff,0.5,35,10,15
10.361951210723882,-83.52037815475732,0.664380693404857,-413.54845266914066,3.9226599999999996,-320.65089361419905,4.764739018564611,-202.59478969131294,0.5,3,-20,2,400,0.8,0.5,eff,1,35,15,15
7.482433334471366,-84.88041588240203,0.664380693404857,-383.39778019486835,3.9226599999999996,-285.72395288725943,4.764739018564611,-188.2176629716621,0.5,3,-20,2,400,0.8,0.5,eff,1,6.5,10,15
7.482433334471366,-86.6232159880782,0.664380693404857,-385.14058030054457,3.9226599999999996,-287.7428357511453,4.764739018564611,-189.0487044016328,0.5,3,-20,2,400,0.8,0.5,eff,0.5,6.5,10,15
10.361951210723882,-85.94628876042776,0.6968241909147566,-418.9353102201085,3.9226599999999996,-320.0838135570283,4.764739018564611,-202.3613600901959,0.5,3,-20,2,400,0.8,1,eq,0.5,6.5,15,15
7.482433334471366,-84.88041588240203,0.6968241909147566,-386.8635001834317,3.9226599999999996,-282.55566597248543,4.764739018564611,-186.91348741234137,0.5,3,-20,2,400,0.8,1,eq,1,6.5,10,15
10.361951210723882,-83.52037815475732,0.6968241909147566,-416.50939961443805,3.9226599999999996,-317.24518576803007,4.764739018564611,-201.19288353361975,0.5,3,-20,2,400,0.8,1,eq,1,6.5,15,15
10.361951210723882,-83.52037815475732,0.6968241909147566,-416.50939961443805,3.9226599999999996,-317.24518576803007,4.764739018564611,-201.19288353361975,0.5,3,-20,2,400,0.8,1,eq,1,35,15,15
7.482433334471366,-85.97479807941954,0.6968241909147566,-387.9578823804492,3.9226599999999996,-283.83623406465296,4.764739018564611,-187.44061315971706,0.5,3,-20,2,400,0.8,1,eq,1,35,10,15
10.361951210723882,-87.89424806992096,0.6968241909147566,-420.8832695296017,3.9226599999999996,-322.36317678589944,4.764739018564611,-203.29962417229208,0.5,3,-20,2,400,0.8,1,eq,0.5,35,15,15
7.482433334471366,-86.6232159880782,0.6968241909147566,-388.6063002891079,3.9226599999999996,-284.59496651423257,4.764739018564611,-187.75293345880084,0.5,3,-20,2,400,0.8,1,eq,0.5,6.5,10,15
10.361951210723882,-83.52037815475732,0.6968241909147566,-400.881100323472,3.9226599999999996,-306.73020701805666,4.764739018564611,-196.864557639729,0.5,3,-20,2,400,0.8,1,eff,1,35,15,15
10.361951210723882,-83.52037815475732,0.6968241909147566,-400.881100323472,3.9226599999999996,-306.73020701805666,4.764739018564611,-196.864557639729,0.5,3,-20,2,400,0.8,1,eff,1,6.5,15,15
7.482433334471366,-85.97479807941954,0.6968241909147566,-372.3295830894832,3.9226599999999996,-273.69166121902873,4.764739018564611,-183.2647590401556,0.5,3,-20,2,400,0.8,1,eff,1,35,10,15
7.482433334471366,-89.11140995875189,0.6968241909147566,-391.0944942597815,3.9226599999999996,-287.5064738615614,4.764739018564611,-188.95140974119252,0.5,3,-20,2,400,0.8,1,eq,0.5,35,10,15
7.482433334471366,-84.88041588240203,0.6968241909147566,-371.2352008924657,3.9226599999999996,-272.4252908165093,4.764739018564611,-182.7434775487883,0.5,3,-20,2,400,0.8,1,eff,1,6.5,10,15
10.361951210723882,-87.89424806992096,0.6968241909147566,-405.2549702386357,3.9226599999999996,-311.79145473850275,4.764739018564611,-198.94794079101285,0.5,3,-20,2,400,0.8,1,eff,0.5,35,15,15
10.361951210723882,-85.94628876042776,0.6968241909147566,-403.30701092914245,3.9226599999999996,-309.53736287000623,4.764739018564611,-198.02007926759825,0.5,3,-20,2,400,0.8,1,eff,0.5,6.5,15,15
7.482433334471366,-84.88041588240203,0.664380693404857,-399.7192866031986,5.883989999999999,-296.6993053222362,5.74540401856461,-210.4807514113458,0.5,3,-20,2,500,0.7,0.5,eq,1,6.5,10,15
7.482433334471366,-86.6232159880782,0.6968241909147566,-372.97800099814185,3.9226599999999996,-274.4419815808581,4.764739018564611,-183.5736166354054,0.5,3,-20,2,400,0.8,1,eff,0.5,6.5,10,15
10.361951210723882,-85.94628876042776,0.664380693404857,-432.29586968314135,5.883989999999999,-334.8670438915534,5.74540401856461,-230.02494633121705,0.5,3,-20,2,500,0.7,0.5,eq,0.5,6.5,15,15
7.482433334471366,-85.97479807941954,0.664380693404857,-400.81366880021613,5.883989999999999,-297.98151756402007,5.74540401856461,-211.13732177473153,0.5,3,-20,2,500,0.7,0.5,eq,1,35,10,15
10.361951210723882,-83.52037815475732,0.664380693404857,-429.86995907747075,5.883989999999999,-332.0247715299358,5.74540401856461,-228.56953065470464,0.5,3,-20,2,500,0.7,0.5,eq,1,6.5,15,15
7.482433334471366,-89.11140995875189,0.6968241909147566,-375.46619496881556,3.9226599999999996,-277.3212089722028,4.764739018564611,-184.75880538078326,0.5,3,-20,2,400,0.8,1,eff,0.5,35,10,15
10.361951210723882,-83.52037815475732,0.664380693404857,-429.86995907747075,5.883989999999999,-332.0247715299358,5.74540401856461,-228.56953065470464,0.5,3,-20,2,500,0.7,0.5,eq,1,35,15,15
7.482433334471366,-89.11140995875189,0.664380693404857,-403.9502806795485,5.883989999999999,-301.6564696587076,5.74540401856461,-213.01911993076638,0.5,3,-20,2,500,0.7,0.5,eq,0.5,35,10,15
10.361951210723882,-83.52037815475732,0.664380693404857,-413.54845266914066,5.883989999999999,-320.65298365186135,5.74540401856461,-222.7464861881616,0.5,3,-20,2,500,0.7,0.5,eff,1,6.5,15,15
10.361951210723882,-87.89424806992096,0.664380693404857,-434.2438289926345,5.883989999999999,-337.1493336442647,5.74540401856461,-231.19361697984885,0.5,3,-20,2,500,0.7,0.5,eq,0.5,35,15,15
7.482433334471366,-86.6232159880782,0.664380693404857,-385.14058030054457,5.883989999999999,-287.7449257878664,5.74540401856461,-205.89556649952834,0.5,3,-20,2,500,0.7,0.5,eff,0.5,6.5,10,15
7.482433334471366,-86.6232159880782,0.664380693404857,-401.4620867088748,5.883989999999999,-298.7412241640443,5.74540401856461,-211.52633758833085,0.5,3,-20,2,500,0.7,0.5,eq,0.5,6.5,10,15
10.361951210723882,-85.94628876042776,0.664380693404857,-415.9743632748111,5.883989999999999,-323.4631908226152,5.74540401856461,-224.1854825439632,0.5,3,-20,2,500,0.7,0.5,eff,0.5,6.5,15,15
7.482433334471366,-84.88041588240203,0.664380693404857,-383.39778019486835,5.883989999999999,-285.7260429239013,5.74540401856461,-204.86177613906287,0.5,3,-20,2,500,0.7,0.5,eff,1,6.5,10,15
7.482433334471366,-85.97479807941954,0.664380693404857,-384.49216239188587,5.883989999999999,-286.9937898421668,5.74540401856461,-205.51093938028166,0.5,3,-20,2,500,0.7,0.5,eff,1,35,10,15
10.361951210723882,-83.52037815475732,0.664380693404857,-413.54845266914066,5.883989999999999,-320.65298365186135,5.74540401856461,-222.7464861881616,0.5,3,-20,2,500,0.7,0.5,eff,1,35,15,15
7.482433334471366,-89.11140995875189,0.664380693404857,-387.6287742712182,5.883989999999999,-290.62728283567935,5.74540401856461,-207.3715079643026,0.5,3,-20,2,500,0.7,0.5,eff,0.5,35,10,15
10.361951210723882,-83.52037815475732,0.6968241909147566,-416.50939961443805,5.883989999999999,-317.247347508964,5.74540401856461,-221.0025941186312,0.5,3,-20,2,500,0.7,1,eq,1,35,15,15
7.482433334471366,-84.88041588240203,0.6968241909147566,-386.8635001834317,5.883989999999999,-282.557827713097,5.74540401856461,-203.23945797327468,0.5,3,-20,2,500,0.7,1,eq,1,6.5,10,15
7.482433334471366,-85.97479807941954,0.6968241909147566,-387.9578823804492,5.883989999999999,-283.83839580673504,5.74540401856461,-203.8951864331826,0.5,3,-20,2,500,0.7,1,eq,1,35,10,15
10.361951210723882,-83.52037815475732,0.6968241909147566,-416.50939961443805,5.883989999999999,-317.247347508964,5.74540401856461,-221.0025941186312,0.5,3,-20,2,500,0.7,1,eq,1,6.5,15,15
10.361951210723882,-87.89424806992096,0.664380693404857,-417.9223225843043,5.883989999999999,-325.71973284040627,5.74540401856461,-225.34096879213305,0.5,3,-20,2,500,0.7,0.5,eff,0.5,35,15,15
10.361951210723882,-85.94628876042776,0.6968241909147566,-418.9353102201085,5.883989999999999,-320.0859752981349,5.74540401856461,-222.45614355320842,0.5,3,-20,2,500,0.7,1,eq,0.5,6.5,15,15
7.482433334471366,-89.11140995875189,0.6968241909147566,-391.0944942597815,5.883989999999999,-287.50863560220256,5.74540401856461,-205.77457160647526,0.5,3,-20,2,500,0.7,1,eq,0.5,35,10,15
7.482433334471366,-86.6232159880782,0.6968241909147566,-388.6063002891079,5.883989999999999,-284.5971282562836,5.74540401856461,-204.28370342270986,0.5,3,-20,2,500,0.7,1,eq,0.5,6.5,10,15
7.482433334471366,-86.6232159880782,0.6968241909147566,-372.97800099814185,5.883989999999999,-274.4439563393579,5.74540401856461,-199.08466417025383,0.5,3,-20,2,500,0.7,1,eff,0.5,6.5,10,15
7.482433334471366,-85.97479807941954,0.6968241909147566,-372.3295830894832,5.883989999999999,-273.69363597749077,5.74540401856461,-198.7004546793496,0.5,3,-20,2,500,0.7,1,eff,1,35,10,15
10.361951210723882,-87.89424806992096,0.6968241909147566,-420.8832695296017,5.883989999999999,-322.3653385266161,5.74540401856461,-223.62331564410164,0.5,3,-20,2,500,0.7,1,eq,0.5,35,15,15
10.361951210723882,-85.94628876042776,0.6968241909147566,-403.30701092914245,5.883989999999999,-309.53933762785067,5.74540401856461,-217.05562599299344,0.5,3,-20,2,500,0.7,1,eff,0.5,6.5,15,15
10.361951210723882,-83.52037815475732,0.664380693404857,-429.86995907747075,5.883989999999999,-332.0247715299358,5.74540401856461,-228.56953065470464,0.5,3,-20,2,500,0.8,0.5,eq,1,6.5,15,15
7.482433334471366,-84.88041588240203,0.6968241909147566,-371.2352008924657,5.883989999999999,-272.4272655756326,5.74540401856461,-198.05199629794146,0.5,3,-20,2,500,0.7,1,eff,1,6.5,10,15
10.361951210723882,-83.52037815475732,0.6968241909147566,-400.881100323472,5.883989999999999,-306.7321817783138,5.74540401856461,-215.6181920985496,0.5,3,-20,2,500,0.7,1,eff,1,35,15,15
10.361951210723882,-87.89424806992096,0.6968241909147566,-405.2549702386357,5.883989999999999,-311.79342949611356,5.74540401856461,-218.2098576161382,0.5,3,-20,2,500,0.7,1,eff,0.5,35,15,15
10.361951210723882,-83.52037815475732,0.6968241909147566,-400.881100323472,5.883989999999999,-306.7321817783138,5.74540401856461,-215.6181920985496,0.5,3,-20,2,500,0.7,1,eff,1,6.5,15,15
7.482433334471366,-89.11140995875189,0.6968241909147566,-375.46619496881556,5.883989999999999,-277.32318372918775,5.74540401856461,-200.55900306049935,0.5,3,-20,2,500,0.7,1,eff,0.5,35,10,15
10.361951210723882,-83.52037815475732,0.664380693404857,-429.86995907747075,5.883989999999999,-332.0247715299358,5.74540401856461,-228.56953065470464,0.5,3,-20,2,500,0.8,0.5,eq,1,35,15,15
7.482433334471366,-84.88041588240203,0.664380693404857,-399.7192866031986,5.883989999999999,-296.6993053222362,5.74540401856461,-210.4807514113458,0.5,3,-20,2,500,0.8,0.5,eq,1,6.5,10,15
10.361951210723882,-85.94628876042776,0.664380693404857,-432.29586968314135,5.883989999999999,-334.8670438915534,5.74540401856461,-230.02494633121705,0.5,3,-20,2,500,0.8,0.5,eq,0.5,6.5,15,15
7.482433334471366,-85.97479807941954,0.664380693404857,-400.81366880021613,5.883989999999999,-297.98151756402007,5.74540401856461,-211.13732177473153,0.5,3,-20,2,500,0.8,0.5,eq,1,35,10,15
10.361951210723882,-83.52037815475732,0.664380693404857,-413.54845266914066,5.883989999999999,-320.65298365186135,5.74540401856461,-222.7464861881616,0.5,3,-20,2,500,0.8,0.5,eff,1,35,15,15
7.482433334471366,-86.6232159880782,0.664380693404857,-401.4620867088748,5.883989999999999,-298.7412241640443,5.74540401856461,-211.52633758833085,0.5,3,-20,2,500,0.8,0.5,eq,0.5,6.5,10,15
7.482433334471366,-84.88041588240203,0.664380693404857,-383.39778019486835,5.883989999999999,-285.7260429239013,5.74540401856461,-204.86177613906287,0.5,3,-20,2,500,0.8,0.5,eff,1,6.5,10,15
10.361951210723882,-87.89424806992096,0.664380693404857,-434.2438289926345,5.883989999999999,-337.1493336442647,5.74540401856461,-231.19361697984885,0.5,3,-20,2,500,0.8,0.5,eq,0.5,35,15,15
10.361951210723882,-85.94628876042776,0.664380693404857,-415.9743632748111,5.883989999999999,-323.4631908226152,5.74540401856461,-224.1854825439632,0.5,3,-20,2,500,0.8,0.5,eff,0.5,6.5,15,15
7.482433334471366,-89.11140995875189,0.664380693404857,-403.9502806795485,5.883989999999999,-301.6564696587076,5.74540401856461,-213.01911993076638,0.5,3,-20,2,500,0.8,0.5,eq,0.5,35,10,15
7.482433334471366,-86.6232159880782,0.664380693404857,-385.14058030054457,5.883989999999999,-287.7449257878664,5.74540401856461,-205.89556649952834,0.5,3,-20,2,500,0.8,0.5,eff,0.5,6.5,10,15
10.361951210723882,-83.52037815475732,0.664380693404857,-413.54845266914066,5.883989999999999,-320.65298365186135,5.74540401856461,-222.7464861881616,0.5,3,-20,2,500,0.8,0.5,eff,1,6.5,15,15
10.361951210723882,-83.52037815475732,0.6968241909147566,-416.50939961443805,5.883989999999999,-317.247347508964,5.74540401856461,-221.0025941186312,0.5,3,-20,2,500,0.8,1,eq,1,6.5,15,15
10.361951210723882,-87.89424806992096,0.664380693404857,-417.9223225843043,5.883989999999999,-325.71973284040627,5.74540401856461,-225.34096879213305,0.5,3,-20,2,500,0.8,0.5,eff,0.5,35,15,15
7.482433334471366,-89.11140995875189,0.664380693404857,-387.6287742712182,5.883989999999999,-290.62728283567935,5.74540401856461,-207.3715079643026,0.5,3,-20,2,500,0.8,0.5,eff,0.5,35,10,15
7.482433334471366,-85.97479807941954,0.664380693404857,-384.49216239188587,5.883989999999999,-286.9937898421668,5.74540401856461,-205.51093938028166,0.5,3,-20,2,500,0.8,0.5,eff,1,35,10,15
7.482433334471366,-84.88041588240203,0.6968241909147566,-386.8635001834317,5.883989999999999,-282.557827713097,5.74540401856461,-203.23945797327468,0.5,3,-20,2,500,0.8,1,eq,1,6.5,10,15
10.361951210723882,-83.52037815475732,0.6968241909147566,-416.50939961443805,5.883989999999999,-317.247347508964,5.74540401856461,-221.0025941186312,0.5,3,-20,2,500,0.8,1,eq,1,35,15,15
7.482433334471366,-85.97479807941954,0.6968241909147566,-387.9578823804492,5.883989999999999,-283.83839580673504,5.74540401856461,-203.8951864331826,0.5,3,-20,2,500,0.8,1,eq,1,35,10,15
10.361951210723882,-85.94628876042776,0.6968241909147566,-418.9353102201085,5.883989999999999,-320.0859752981349,5.74540401856461,-222.45614355320842,0.5,3,-20,2,500,0.8,1,eq,0.5,6.5,15,15
7.482433334471366,-89.11140995875189,0.6968241909147566,-391.0944942597815,5.883989999999999,-287.50863560220256,5.74540401856461,-205.77457160647526,0.5,3,-20,2,500,0.8,1,eq,0.5,35,10,15
10.361951210723882,-87.89424806992096,0.6968241909147566,-420.8832695296017,5.883989999999999,-322.3653385266161,5.74540401856461,-223.62331564410164,0.5,3,-20,2,500,0.8,1,eq,0.5,35,15,15
7.482433334471366,-86.6232159880782,0.6968241909147566,-388.6063002891079,5.883989999999999,-284.5971282562836,5.74540401856461,-204.28370342270986,0.5,3,-20,2,500,0.8,1,eq,0.5,6.5,10,15
7.482433334471366,-85.97479807941954,0.6968241909147566,-372.3295830894832,5.883989999999999,-273.69363597749077,5.74540401856461,-198.7004546793496,0.5,3,-20,2,500,0.8,1,eff,1,35,10,15
10.361951210723882,-83.52037815475732,0.6968241909147566,-400.881100323472,5.883989999999999,-306.7321817783138,5.74540401856461,-215.6181920985496,0.5,3,-20,2,500,0.8,1,eff,1,6.5,15,15
10.361951210723882,-85.94628876042776,0.6968241909147566,-403.30701092914245,5.883989999999999,-309.53933762785067,5.74540401856461,-217.05562599299344,0.5,3,-20,2,500,0.8,1,eff,0.5,6.5,15,15
7.482433334471366,-84.88041588240203,0.6968241909147566,-371.2352008924657,5.883989999999999,-272.4272655756326,5.74540401856461,-198.05199629794146,0.5,3,-20,2,500,0.8,1,eff,1,6.5,10,15
7.482433334471366,-86.6232159880782,0.6968241909147566,-372.97800099814185,5.883989999999999,-274.4439563393579,5.74540401856461,-199.08466417025383,0.5,3,-20,2,500,0.8,1,eff,0.5,6.5,10,15
10.361951210723882,-83.52037815475732,0.6968241909147566,-400.881100323472,5.883989999999999,-306.7321817783138,5.74540401856461,-215.6181920985496,0.5,3,-20,2,500,0.8,1,eff,1,35,15,15
7.482433334471366,-89.11140995875189,0.6968241909147566,-375.46619496881556,5.883989999999999,-277.32318372918775,5.74540401856461,-200.55900306049935,0.5,3,-20,2,500,0.8,1,eff,0.5,35,10,15
10.361951210723882,-87.89424806992096,0.6968241909147566,-405.2549702386357,5.883989999999999,-311.79342949611356,5.74540401856461,-218.2098576161382,0.5,3,-20,2,500,0.8,1,eff,0.5,35,15,15
10.361951210723882,-83.52037815475732,0.664380693404857,-429.86995907747075,19.613300000000002,-332.0408033773223,12.610059018564613,-284.9008891535636,0.5,3,-20,10,400,0.7,0.5,eq,1,6.5,15,15
7.482433334471366,-84.88041588240203,0.664380693404857,-399.7192866031986,19.613300000000002,-296.71533717223116,12.610059018564613,-257.42881446698607,0.5,3,-20,10,400,0.7,0.5,eq,1,6.5,10,15
10.361951210723882,-83.52037815475732,0.664380693404857,-429.86995907747075,19.613300000000002,-332.0408033773223,12.610059018564613,-284.9008891535636,0.5,3,-20,10,400,0.7,0.5,eq,1,35,15,15
7.482433334471366,-85.97479807941954,0.664380693404857,-400.81366880021613,19.613300000000002,-297.99754941403853,12.610059018564613,-258.425971313168,0.5,3,-20,10,400,0.7,0.5,eq,1,35,10,15
7.482433334471366,-85.97479807941954,0.664380693404857,-384.49216239188587,19.613300000000002,-287.008420098897,12.610059018564613,-249.87989354781593,0.5,3,-20,10,400,0.7,0.5,eff,1,35,10,15
10.361951210723882,-85.94628876042776,0.664380693404857,-432.29586968314135,19.613300000000002,-334.88307574458406,12.610059018564613,-287.1112808947419,0.5,3,-20,10,400,0.7,0.5,eq,0.5,6.5,15,15
10.361951210723882,-87.89424806992096,0.664380693404857,-434.2438289926345,19.613300000000002,-337.165365491647,12.610059018564613,-288.8861827183643,0.5,3,-20,10,400,0.7,0.5,eq,0.5,35,15,15
7.482433334471366,-86.6232159880782,0.664380693404857,-401.4620867088748,19.613300000000002,-298.7572560148197,12.610059018564613,-259.0167835152032,0.5,3,-20,10,400,0.7,0.5,eq,0.5,6.5,10,15
7.482433334471366,-89.11140995875189,0.664380693404857,-403.9502806795485,19.613300000000002,-301.67250150866494,12.610059018564613,-261.2839253406403,0.5,3,-20,10,400,0.7,0.5,eq,0.5,35,10,15
7.482433334471366,-84.88041588240203,0.664380693404857,-383.39778019486835,19.613300000000002,-285.74067317973385,12.610059018564613,-248.89398616177527,0.5,3,-20,10,400,0.7,0.5,eff,1,6.5,10,15
10.361951210723882,-83.52037815475732,0.664380693404857,-413.54845266914066,19.613300000000002,-320.66761390922176,12.610059018564613,-276.0561336823045,0.5,3,-20,10,400,0.7,0.5,eff,1,35,15,15
10.361951210723882,-83.52037815475732,0.664380693404857,-413.54845266914066,19.613300000000002,-320.66761390922176,12.610059018564613,-276.0561336823045,0.5,3,-20,10,400,0.7,0.5,eff,1,6.5,15,15
7.482433334471366,-86.6232159880782,0.664380693404857,-385.14058030054457,19.613300000000002,-287.7595560436455,12.610059018564613,-250.46404048176151,0.5,3,-20,10,400,0.7,0.5,eff,0.5,6.5,10,15
10.361951210723882,-85.94628876042776,0.664380693404857,-415.9743632748111,19.613300000000002,-323.47782107964497,12.610059018564613,-278.2415888104097,0.5,3,-20,10,400,0.7,0.5,eff,0.5,6.5,15,15
10.361951210723882,-87.89424806992096,0.664380693404857,-417.9223225843043,19.613300000000002,-325.7343630978503,12.610059018564613,-279.99646701916794,0.5,3,-20,10,400,0.7,0.5,eff,0.5,35,15,15
10.361951210723882,-83.52037815475732,0.6968241909147566,-416.50939961443805,19.613300000000002,-317.2624797021076,12.610059018564613,-273.40801289848946,0.5,3,-20,10,400,0.7,1,eq,1,6.5,15,15
7.482433334471366,-89.11140995875189,0.6968241909147566,-391.0944942597815,19.613300000000002,-287.52376779578094,12.610059018564613,-250.28067156830002,0.5,3,-20,10,400,0.7,1,eq,0.5,35,10,15
7.482433334471366,-84.88041588240203,0.6968241909147566,-386.8635001834317,19.613300000000002,-282.5729599083144,12.610059018564613,-246.4305040077719,0.5,3,-20,10,400,0.7,1,eq,1,6.5,10,15
7.482433334471366,-89.11140995875189,0.664380693404857,-387.6287742712182,19.613300000000002,-290.6419130937573,12.610059018564613,-252.70560546760856,0.5,3,-20,10,400,0.7,0.5,eff,0.5,35,10,15
10.361951210723882,-87.89424806992096,0.6968241909147566,-420.8832695296017,19.613300000000002,-322.3804707228076,12.610059018564613,-277.38819622429776,0.5,3,-20,10,400,0.7,1,eq,0.5,35,15,15
10.361951210723882,-83.52037815475732,0.6968241909147566,-416.50939961443805,19.613300000000002,-317.2624797021076,12.610059018564613,-273.40801289848946,0.5,3,-20,10,400,0.7,1,eq,1,35,15,15
7.482433334471366,-84.88041588240203,0.6968241909147566,-371.2352008924657,19.613300000000002,-272.44108887809574,12.610059018564613,-238.55110289694304,0.5,3,-20,10,400,0.7,1,eff,1,6.5,10,15
7.482433334471366,-85.97479807941954,0.6968241909147566,-387.9578823804492,19.613300000000002,-283.853528002182,12.610059018564613,-247.42638222525193,0.5,3,-20,10,400,0.7,1,eq,1,35,10,15
7.482433334471366,-86.6232159880782,0.6968241909147566,-388.6063002891079,19.613300000000002,-284.612260451748,12.610059018564613,-248.0164368447888,0.5,3,-20,10,400,0.7,1,eq,0.5,6.5,10,15
10.361951210723882,-85.94628876042776,0.6968241909147566,-418.9353102201085,19.613300000000002,-320.1011074943187,12.610059018564613,-275.615570309403,0.5,3,-20,10,400,0.7,1,eq,0.5,6.5,15,15
10.361951210723882,-83.52037815475732,0.6968241909147566,-400.881100323472,19.613300000000002,-306.7460050806407,12.610059018564613,-265.22951145810947,0.5,3,-20,10,400,0.7,1,eff,1,6.5,15,15
10.361951210723882,-85.94628876042776,0.6968241909147566,-403.30701092914245,19.613300000000002,-309.5531609301647,12.610059018564613,-267.41259362062794,0.5,3,-20,10,400,0.7,1,eff,0.5,6.5,15,15
10.361951210723882,-83.52037815475732,0.6968241909147566,-400.881100323472,19.613300000000002,-306.7460050806407,12.610059018564613,-265.22951145810947,0.5,3,-20,10,400,0.7,1,eff,1,35,15,15
7.482433334471366,-86.6232159880782,0.6968241909147566,-372.97800099814185,19.613300000000002,-274.45777964181224,12.610059018564613,-240.11945245414057,0.5,3,-20,10,400,0.7,1,eff,0.5,6.5,10,15
10.361951210723882,-83.52037815475732,0.664380693404857,-429.86995907747075,19.613300000000002,-332.0408033773223,12.610059018564613,-284.9008891535636,0.5,3,-20,10,400,0.8,0.5,eq,1,35,15,15
7.482433334471366,-85.97479807941954,0.6968241909147566,-372.3295830894832,19.613300000000002,-273.70745927999866,12.610059018564613,-239.5359397865673,0.5,3,-20,10,400,0.7,1,eff,1,35,10,15
10.361951210723882,-87.89424806992096,0.6968241909147566,-405.2549702386357,19.613300000000002,-311.80725280136693,12.610059018564613,-269.1655663875422,0.5,3,-20,10,400,0.7,1,eff,0.5,35,15,15
7.482433334471366,-85.97479807941954,0.664380693404857,-400.81366880021613,19.613300000000002,-297.99754941403853,12.610059018564613,-258.425971313168,0.5,3,-20,10,400,0.8,0.5,eq,1,35,10,15
10.361951210723882,-83.52037815475732,0.664380693404857,-429.86995907747075,19.613300000000002,-332.0408033773223,12.610059018564613,-284.9008891535636,0.5,3,-20,10,400,0.8,0.5,eq,1,6.5,15,15
7.482433334471366,-89.11140995875189,0.6968241909147566,-375.46619496881556,19.613300000000002,-277.33700703499005,12.610059018564613,-242.35858355366503,0.5,3,-20,10,400,0.7,1,eff,0.5,35,10,15
7.482433334471366,-84.88041588240203,0.664380693404857,-399.7192866031986,19.613300000000002,-296.71533717223116,12.610059018564613,-257.42881446698607,0.5,3,-20,10,400,0.8,0.5,eq,1,6.5,10,15
10.361951210723882,-87.89424806992096,0.664380693404857,-434.2438289926345,19.613300000000002,-337.165365491647,12.610059018564613,-288.8861827183643,0.5,3,-20,10,400,0.8,0.5,eq,0.5,35,15,15
10.361951210723882,-83.52037815475732,0.664380693404857,-413.54845266914066,19.613300000000002,-320.66761390922176,12.610059018564613,-276.0561336823045,0.5,3,-20,10,400,0.8,0.5,eff,1,6.5,15,15
7.482433334471366,-89.11140995875189,0.664380693404857,-403.9502806795485,19.613300000000002,-301.67250150866494,12.610059018564613,-261.2839253406403,0.5,3,-20,10,400,0.8,0.5,eq,0.5,35,10,15
7.482433334471366,-85.97479807941954,0.664380693404857,-384.49216239188587,19.613300000000002,-287.008420098897,12.610059018564613,-249.87989354781593,0.5,3,-20,10,400,0.8,0.5,eff,1,35,10,15
10.361951210723882,-85.94628876042776,0.664380693404857,-432.29586968314135,19.613300000000002,-334.88307574458406,12.610059018564613,-287.1112808947419,0.5,3,-20,10,400,0.8,0.5,eq,0.5,6.5,15,15
10.361951210723882,-83.52037815475732,0.664380693404857,-413.54845266914066,19.613300000000002,-320.66761390922176,12.610059018564613,-276.0561336823045,0.5,3,-20,10,400,0.8,0.5,eff,1,35,15,15
7.482433334471366,-86.6232159880782,0.664380693404857,-385.14058030054457,19.613300000000002,-287.7595560436455,12.610059018564613,-250.46404048176151,0.5,3,-20,10,400,0.8,0.5,eff,0.5,6.5,10,15
7.482433334471366,-86.6232159880782,0.664380693404857,-401.4620867088748,19.613300000000002,-298.7572560148197,12.610059018564613,-259.0167835152032,0.5,3,-20,10,400,0.8,0.5,eq,0.5,6.5,10,15
7.482433334471366,-84.88041588240203,0.664380693404857,-383.39778019486835,19.613300000000002,-285.74067317973385,12.610059018564613,-248.89398616177527,0.5,3,-20,10,400,0.8,0.5,eff,1,6.5,10,15
10.361951210723882,-87.89424806992096,0.664380693404857,-417.9223225843043,19.613300000000002,-325.7343630978503,12.610059018564613,-279.99646701916794,0.5,3,-20,10,400,0.8,0.5,eff,0.5,35,15,15
10.361951210723882,-85.94628876042776,0.664380693404857,-415.9743632748111,19.613300000000002,-323.47782107964497,12.610059018564613,-278.2415888104097,0.5,3,-20,10,400,0.8,0.5,eff,0.5,6.5,15,15
7.482433334471366,-84.88041588240203,0.6968241909147566,-386.8635001834317,19.613300000000002,-282.5729599083144,12.610059018564613,-246.4305040077719,0.5,3,-20,10,400,0.8,1,eq,1,6.5,10,15
7.482433334471366,-89.11140995875189,0.664380693404857,-387.6287742712182,19.613300000000002,-290.6419130937573,12.610059018564613,-252.70560546760856,0.5,3,-20,10,400,0.8,0.5,eff,0.5,35,10,15
10.361951210723882,-83.52037815475732,0.6968241909147566,-416.50939961443805,19.613300000000002,-317.2624797021076,12.610059018564613,-273.40801289848946,0.5,3,-20,10,400,0.8,1,eq,1,35,15,15
7.482433334471366,-85.97479807941954,0.6968241909147566,-387.9578823804492,19.613300000000002,-283.853528002182,12.610059018564613,-247.42638222525193,0.5,3,-20,10,400,0.8,1,eq,1,35,10,15
10.361951210723882,-83.52037815475732,0.6968241909147566,-416.50939961443805,19.613300000000002,-317.2624797021076,12.610059018564613,-273.40801289848946,0.5,3,-20,10,400,0.8,1,eq,1,6.5,15,15
10.361951210723882,-85.94628876042776,0.6968241909147566,-403.30701092914245,19.613300000000002,-309.5531609301647,12.610059018564613,-267.41259362062794,0.5,3,-20,10,400,0.8,1,eff,0.5,6.5,15,15
7.482433334471366,-89.11140995875189,0.6968241909147566,-391.0944942597815,19.613300000000002,-287.52376779578094,12.610059018564613,-250.28067156830002,0.5,3,-20,10,400,0.8,1,eq,0.5,35,10,15
10.361951210723882,-83.52037815475732,0.6968241909147566,-400.881100323472,19.613300000000002,-306.7460050806407,12.610059018564613,-265.22951145810947,0.5,3,-20,10,400,0.8,1,eff,1,35,15,15
7.482433334471366,-84.88041588240203,0.6968241909147566,-371.2352008924657,19.613300000000002,-272.44108887809574,12.610059018564613,-238.55110289694304,0.5,3,-20,10,400,0.8,1,eff,1,6.5,10,15
10.361951210723882,-85.94628876042776,0.6968241909147566,-418.9353102201085,19.613300000000002,-320.1011074943187,12.610059018564613,-275.615570309403,0.5,3,-20,10,400,0.8,1,eq,0.5,6.5,15,15
10.361951210723882,-87.89424806992096,0.6968241909147566,-420.8832695296017,19.613300000000002,-322.3804707228076,12.610059018564613,-277.38819622429776,0.5,3,-20,10,400,0.8,1,eq,0.5,35,15,15
7.482433334471366,-89.11140995875189,0.6968241909147566,-375.46619496881556,19.613300000000002,-277.33700703499005,12.610059018564613,-242.35858355366503,0.5,3,-20,10,400,0.8,1,eff,0.5,35,10,15
10.361951210723882,-83.52037815475732,0.6968241909147566,-400.881100323472,19.613300000000002,-306.7460050806407,12.610059018564613,-265.22951145810947,0.5,3,-20,10,400,0.8,1,eff,1,6.5,15,15
7.482433334471366,-86.6232159880782,0.6968241909147566,-388.6063002891079,19.613300000000002,-284.612260451748,12.610059018564613,-248.0164368447888,0.5,3,-20,10,400,0.8,1,eq,0.5,6.5,10,15
7.482433334471366,-86.6232159880782,0.6968241909147566,-372.97800099814185,19.613300000000002,-274.45777964181224,12.610059018564613,-240.11945245414057,0.5,3,-20,10,400,0.8,1,eff,0.5,6.5,10,15
7.482433334471366,-85.97479807941954,0.6968241909147566,-372.3295830894832,19.613300000000002,-273.70745927999866,12.610059018564613,-239.5359397865673,0.5,3,-20,10,400,0.8,1,eff,1,35,10,15
10.361951210723882,-87.89424806992096,0.6968241909147566,-405.2549702386357,19.613300000000002,-311.80725280136693,12.610059018564613,-269.1655663875422,0.5,3,-20,10,400,0.8,1,eff,0.5,35,15,15
10.361951210723882,-83.52037815475732,0.664380693404857,-429.86995907747075,29.41995,-332.0522547001722,17.51338401856461,-298.10854612830104,0.5,3,-20,10,500,0.7,0.5,eq,1,6.5,15,15
7.482433334471366,-85.97479807941954,0.664380693404857,-400.81366880021613,29.41995,-298.00900073439465,17.51338401856461,-269.5146767639107,0.5,3,-20,10,500,0.7,0.5,eq,1,35,10,15
7.482433334471366,-84.88041588240203,0.664380693404857,-399.7192866031986,29.41995,-296.7267884957074,17.51338401856461,-268.43771128677673,0.5,3,-20,10,500,0.7,0.5,eq,1,6.5,10,15
7.482433334471366,-86.6232159880782,0.664380693404857,-401.4620867088748,29.41995,-298.76870733749655,17.51338401856461,-270.1527753248237,0.5,3,-20,10,500,0.7,0.5,eq,0.5,6.5,10,15
10.361951210723882,-83.52037815475732,0.664380693404857,-429.86995907747075,29.41995,-332.0522547001722,17.51338401856461,-298.10854612830104,0.5,3,-20,10,500,0.7,0.5,eq,1,35,15,15
7.482433334471366,-85.97479807941954,0.664380693404857,-384.49216239188587,29.41995,-287.018870281609,17.51338401856461,-260.2837626221407,0.5,3,-20,10,500,0.7,0.5,eff,1,35,10,15
10.361951210723882,-83.52037815475732,0.664380693404857,-413.54845266914066,29.41995,-320.67806409462327,17.51338401856461,-288.55504925553777,0.5,3,-20,10,500,0.7,0.5,eff,1,6.5,15,15
7.482433334471366,-84.88041588240203,0.664380693404857,-383.39778019486835,29.41995,-285.75112336486654,17.51338401856461,-259.218946968476,0.5,3,-20,10,500,0.7,0.5,eff,1,6.5,10,15
10.361951210723882,-87.89424806992096,0.664380693404857,-434.2438289926345,29.41995,-337.17681681448397,17.51338401856461,-302.4128074011405,0.5,3,-20,10,500,0.7,0.5,eq,0.5,35,15,15
10.361951210723882,-85.94628876042776,0.664380693404857,-415.9743632748111,29.41995,-323.48827126239047,17.51338401856461,-290.91541988058987,0.5,3,-20,10,500,0.7,0.5,eff,0.5,6.5,15,15
7.482433334471366,-89.11140995875189,0.664380693404857,-403.9502806795485,29.41995,-301.6839528285336,17.51338401856461,-272.60137053900735,0.5,3,-20,10,500,0.7,0.5,eq,0.5,35,10,15
10.361951210723882,-85.94628876042776,0.664380693404857,-432.29586968314135,29.41995,-334.89452706484025,17.51338401856461,-300.4958491979498,0.5,3,-20,10,500,0.7,0.5,eq,0.5,6.5,15,15
10.361951210723882,-87.89424806992096,0.664380693404857,-417.9223225843043,29.41995,-325.7448132804112,17.51338401856461,-292.8107518527746,0.5,3,-20,10,500,0.7,0.5,eff,0.5,35,15,15
10.361951210723882,-83.52037815475732,0.664380693404857,-413.54845266914066,29.41995,-320.67806409462327,17.51338401856461,-288.55504925553777,0.5,3,-20,10,500,0.7,0.5,eff,1,35,15,15
7.482433334471366,-89.11140995875189,0.664380693404857,-387.6287742712182,29.41995,-290.65236327829695,17.51338401856461,-263.33563375608594,0.5,3,-20,10,500,0.7,0.5,eff,0.5,35,10,15
10.361951210723882,-83.52037815475732,0.6968241909147566,-416.50939961443805,29.41995,-317.27328841261453,17.51338401856461,-285.6952841119273,0.5,3,-20,10,500,0.7,1,eq,1,6.5,15,15
7.482433334471366,-86.6232159880782,0.664380693404857,-385.14058030054457,29.41995,-287.7700062287521,17.51338401856461,-260.9146624523714,0.5,3,-20,10,500,0.7,0.5,eff,0.5,6.5,10,15
10.361951210723882,-83.52037815475732,0.6968241909147566,-416.50939961443805,29.41995,-317.27328841261453,17.51338401856461,-285.6952841119273,0.5,3,-20,10,500,0.7,1,eq,1,35,15,15
7.482433334471366,-84.88041588240203,0.6968241909147566,-386.8635001834317,29.41995,-282.5837686188466,17.51338401856461,-256.55859822715354,0.5,3,-20,10,500,0.7,1,eq,1,6.5,10,15
10.361951210723882,-87.89424806992096,0.6968241909147566,-420.8832695296017,29.41995,-322.3912794333303,17.51338401856461,-289.9940261417456,0.5,3,-20,10,500,0.7,1,eq,0.5,35,15,15
10.361951210723882,-85.94628876042776,0.6968241909147566,-418.9353102201085,29.41995,-320.11191620249514,17.51338401856461,-288.0795260025399,0.5,3,-20,10,500,0.7,1,eq,0.5,6.5,15,15
7.482433334471366,-85.97479807941954,0.6968241909147566,-387.9578823804492,29.41995,-283.86433671272084,17.51338401856461,-257.6341827416438,0.5,3,-20,10,500,0.7,1,eq,1,35,10,15
7.482433334471366,-89.11140995875189,0.6968241909147566,-391.0944942597815,29.41995,-287.53457650637966,17.51338401856461,-260.7169185254019,0.5,3,-20,10,500,0.7,1,eq,0.5,35,10,15
7.482433334471366,-86.6232159880782,0.6968241909147566,-388.6063002891079,29.41995,-284.6230691598665,17.51338401856461,-258.2714630820606,0.5,3,-20,10,500,0.7,1,eq,0.5,6.5,10,15
10.361951210723882,-83.52037815475732,0.6968241909147566,-400.881100323472,29.41995,-306.75587886962387,17.51338401856461,-276.86142132001015,0.5,3,-20,10,500,0.7,1,eff,1,6.5,15,15
10.361951210723882,-85.94628876042776,0.6968241909147566,-403.30701092914245,29.41995,-309.56303472198175,17.51338401856461,-279.21922906096506,0.5,3,-20,10,500,0.7,1,eff,0.5,6.5,15,15
10.361951210723882,-83.52037815475732,0.6968241909147566,-400.881100323472,29.41995,-306.75587886962387,17.51338401856461,-276.86142132001015,0.5,3,-20,10,500,0.7,1,eff,1,35,15,15
7.482433334471366,-85.97479807941954,0.6968241909147566,-372.3295830894832,29.41995,-273.717333068248,17.51338401856461,-249.11143409541515,0.5,3,-20,10,500,0.7,1,eff,1,35,10,15
7.482433334471366,-84.88041588240203,0.6968241909147566,-371.2352008924657,29.41995,-272.4509626697412,17.51338401856461,-248.04777461743933,0.5,3,-20,10,500,0.7,1,eff,1,6.5,10,15
7.482433334471366,-89.11140995875189,0.6968241909147566,-375.46619496881556,29.41995,-277.3468808220891,17.51338401856461,-252.15999151091594,0.5,3,-20,10,500,0.7,1,eff,0.5,35,10,15
7.482433334471366,-86.6232159880782,0.6968241909147566,-372.97800099814185,29.41995,-274.4676534334789,17.51338401856461,-249.74164889586936,0.5,3,-20,10,500,0.7,1,eff,0.5,6.5,10,15
10.361951210723882,-87.89424806992096,0.6968241909147566,-405.2549702386357,29.41995,-311.8171265903957,17.51338401856461,-281.11250308481584,0.5,3,-20,10,500,0.7,1,eff,0.5,35,15,15
10.361951210723882,-83.52037815475732,0.664380693404857,-429.86995907747075,29.41995,-332.0522547001722,17.51338401856461,-298.10854612830104,0.5,3,-20,10,500,0.8,0.5,eq,1,6.5,15,15
7.482433334471366,-85.97479807941954,0.664380693404857,-400.81366880021613,29.41995,-298.00900073439465,17.51338401856461,-269.5146767639107,0.5,3,-20,10,500,0.8,0.5,eq,1,35,10,15
7.482433334471366,-89.11140995875189,0.664380693404857,-403.9502806795485,29.41995,-301.6839528285336,17.51338401856461,-272.60137053900735,0.5,3,-20,10,500,0.8,0.5,eq,0.5,35,10,15
7.482433334471366,-84.88041588240203,0.664380693404857,-399.7192866031986,29.41995,-296.7267884957074,17.51338401856461,-268.43771128677673,0.5,3,-20,10,500,0.8,0.5,eq,1,6.5,10,15
7.482433334471366,-86.6232159880782,0.664380693404857,-401.4620867088748,29.41995,-298.76870733749655,17.51338401856461,-270.1527753248237,0.5,3,-20,10,500,0.8,0.5,eq,0.5,6.5,10,15
10.361951210723882,-85.94628876042776,0.664380693404857,-415.9743632748111,29.41995,-323.48827126239047,17.51338401856461,-290.91541988058987,0.5,3,-20,10,500,0.8,0.5,eff,0.5,6.5,15,15
10.361951210723882,-83.52037815475732,0.664380693404857,-429.86995907747075,29.41995,-332.0522547001722,17.51338401856461,-298.10854612830104,0.5,3,-20,10,500,0.8,0.5,eq,1,35,15,15
10.361951210723882,-83.52037815475732,0.664380693404857,-413.54845266914066,29.41995,-320.67806409462327,17.51338401856461,-288.55504925553777,0.5,3,-20,10,500,0.8,0.5,eff,1,6.5,15,15
10.361951210723882,-85.94628876042776,0.664380693404857,-432.29586968314135,29.41995,-334.89452706484025,17.51338401856461,-300.4958491979498,0.5,3,-20,10,500,0.8,0.5,eq,0.5,6.5,15,15
10.361951210723882,-87.89424806992096,0.664380693404857,-434.2438289926345,29.41995,-337.17681681448397,17.51338401856461,-302.4128074011405,0.5,3,-20,10,500,0.8,0.5,eq,0.5,35,15,15
7.482433334471366,-84.88041588240203,0.664380693404857,-383.39778019486835,29.41995,-285.75112336486654,17.51338401856461,-259.218946968476,0.5,3,-20,10,500,0.8,0.5,eff,1,6.5,10,15
7.482433334471366,-85.97479807941954,0.664380693404857,-384.49216239188587,29.41995,-287.018870281609,17.51338401856461,-260.2837626221407,0.5,3,-20,10,500,0.8,0.5,eff,1,35,10,15
10.361951210723882,-83.52037815475732,0.664380693404857,-413.54845266914066,29.41995,-320.67806409462327,17.51338401856461,-288.55504925553777,0.5,3,-20,10,500,0.8,0.5,eff,1,35,15,15
10.361951210723882,-87.89424806992096,0.664380693404857,-417.9223225843043,29.41995,-325.7448132804112,17.51338401856461,-292.8107518527746,0.5,3,-20,10,500,0.8,0.5,eff,0.5,35,15,15
7.482433334471366,-89.11140995875189,0.664380693404857,-387.6287742712182,29.41995,-290.65236327829695,17.51338401856461,-263.33563375608594,0.5,3,-20,10,500,0.8,0.5,eff,0.5,35,10,15
7.482433334471366,-84.88041588240203,0.6968241909147566,-386.8635001834317,29.41995,-282.5837686188466,17.51338401856461,-256.55859822715354,0.5,3,-20,10,500,0.8,1,eq,1,6.5,10,15
7.482433334471366,-86.6232159880782,0.664380693404857,-385.14058030054457,29.41995,-287.7700062287521,17.51338401856461,-260.9146624523714,0.5,3,-20,10,500,0.8,0.5,eff,0.5,6.5,10,15
10.361951210723882,-87.89424806992096,0.6968241909147566,-420.8832695296017,29.41995,-322.3912794333303,17.51338401856461,-289.9940261417456,0.5,3,-20,10,500,0.8,1,eq,0.5,35,15,15
7.482433334471366,-85.97479807941954,0.6968241909147566,-387.9578823804492,29.41995,-283.86433671272084,17.51338401856461,-257.6341827416438,0.5,3,-20,10,500,0.8,1,eq,1,35,10,15
10.361951210723882,-83.52037815475732,0.6968241909147566,-416.50939961443805,29.41995,-317.27328841261453,17.51338401856461,-285.6952841119273,0.5,3,-20,10,500,0.8,1,eq,1,6.5,15,15
10.361951210723882,-85.94628876042776,0.6968241909147566,-418.9353102201085,29.41995,-320.11191620249514,17.51338401856461,-288.0795260025399,0.5,3,-20,10,500,0.8,1,eq,0.5,6.5,15,15
10.361951210723882,-83.52037815475732,0.6968241909147566,-400.881100323472,29.41995,-306.75587886962387,17.51338401856461,-276.86142132001015,0.5,3,-20,10,500,0.8,1,eff,1,6.5,15,15
10.361951210723882,-83.52037815475732,0.6968241909147566,-416.50939961443805,29.41995,-317.27328841261453,17.51338401856461,-285.6952841119273,0.5,3,-20,10,500,0.8,1,eq,1,35,15,15
7.482433334471366,-89.11140995875189,0.6968241909147566,-391.0944942597815,29.41995,-287.53457650637966,17.51338401856461,-260.7169185254019,0.5,3,-20,10,500,0.8,1,eq,0.5,35,10,15
7.482433334471366,-84.88041588240203,0.6968241909147566,-371.2352008924657,29.41995,-272.4509626697412,17.51338401856461,-248.04777461743933,0.5,3,-20,10,500,0.8,1,eff,1,6.5,10,15
10.361951210723882,-85.94628876042776,0.6968241909147566,-403.30701092914245,29.41995,-309.56303472198175,17.51338401856461,-279.21922906096506,0.5,3,-20,10,500,0.8,1,eff,0.5,6.5,15,15
7.482433334471366,-86.6232159880782,0.6968241909147566,-388.6063002891079,29.41995,-284.6230691598665,17.51338401856461,-258.2714630820606,0.5,3,-20,10,500,0.8,1,eq,0.5,6.5,10,15
7.482433334471366,-85.97479807941954,0.6968241909147566,-372.3295830894832,29.41995,-273.717333068248,17.51338401856461,-249.11143409541515,0.5,3,-20,10,500,0.8,1,eff,1,35,10,15
7.482433334471366,-86.6232159880782,0.6968241909147566,-372.97800099814185,29.41995,-274.4676534334789,17.51338401856461,-249.74164889586936,0.5,3,-20,10,500,0.8,1,eff,0.5,6.5,10,15
10.361951210723882,-83.52037815475732,0.6968241909147566,-400.881100323472,29.41995,-306.75587886962387,17.51338401856461,-276.86142132001015,0.5,3,-20,10,500,0.8,1,eff,1,35,15,15
10.361951210723882,-83.52037815475732,1.6648435882347152,-288.41379087540906,3.9226599999999996,-187.66599356603507,4.764739018564611,-147.853643744973,0.5,3,-10,2,400,0.7,0.5,eq,1,6.5,15,15
10.361951210723882,-87.89424806992096,0.6968241909147566,-405.2549702386357,29.41995,-311.8171265903957,17.51338401856461,-281.11250308481584,0.5,3,-20,10,500,0.8,1,eff,0.5,35,15,15
7.482433334471366,-89.11140995875189,0.6968241909147566,-375.46619496881556,29.41995,-277.3468808220891,17.51338401856461,-252.15999151091594,0.5,3,-20,10,500,0.8,1,eff,0.5,35,10,15
7.482433334471366,-85.97479807941954,1.6648435882347152,-259.3575005981544,3.9226599999999996,-154.49579565993943,4.764739018564611,-134.19965262275602,0.5,3,-10,2,400,0.7,0.5,eq,1,35,10,15
10.361951210723882,-85.94628876042776,1.6648435882347152,-290.83970148107954,3.9226599999999996,-190.43537445169076,4.764739018564611,-148.99361590111837,0.5,3,-10,2,400,0.7,0.5,eq,0.5,6.5,15,15
7.482433334471366,-84.88041588240203,1.6648435882347152,-258.26311840113686,3.9226599999999996,-153.2464663840295,4.764739018564611,-133.68538584357393,0.5,3,-10,2,400,0.7,0.5,eq,1,6.5,10,15
7.482433334471366,-86.6232159880782,1.6648435882347152,-260.00591850681303,3.9226599999999996,-155.23601921013977,4.764739018564611,-134.50435402404105,0.5,3,-10,2,400,0.7,0.5,eq,0.5,6.5,10,15
10.361951210723882,-83.52037815475732,1.6648435882347152,-288.41379087540906,3.9226599999999996,-187.66599356603507,4.764739018564611,-147.853643744973,0.5,3,-10,2,400,0.7,0.5,eq,1,35,15,15
10.361951210723882,-87.89424806992096,1.6648435882347152,-292.7876607905728,3.9226599999999996,-192.6591337541961,4.764739018564611,-149.90899150003145,0.5,3,-10,2,400,0.7,0.5,eq,0.5,35,15,15
7.482433334471366,-89.11140995875189,1.6648435882347152,-262.49411247748674,3.9226599999999996,-158.07650179322994,4.764739018564611,-135.6735940774807,0.5,3,-10,2,400,0.7,0.5,eq,0.5,35,10,15
10.361951210723882,-83.52037815475732,1.6648435882347152,-281.931322037519,3.9226599999999996,-186.32456690040638,4.764739018564611,-147.30146652144705,0.5,3,-10,2,400,0.7,0.5,eff,1,35,15,15
10.361951210723882,-83.52037815475732,1.6648435882347152,-281.931322037519,3.9226599999999996,-186.32456690040638,4.764739018564611,-147.30146652144705,0.5,3,-10,2,400,0.7,0.5,eff,1,6.5,15,15
7.482433334471366,-86.6232159880782,1.6648435882347152,-253.52344966892298,3.9226599999999996,-154.13429384785567,4.764739018564611,-134.05084607819362,0.5,3,-10,2,400,0.7,0.5,eff,0.5,6.5,10,15
7.482433334471366,-84.88041588240203,1.6648435882347152,-251.7806495632468,3.9226599999999996,-152.15944650404217,4.764739018564611,-133.23793117860504,0.5,3,-10,2,400,0.7,0.5,eff,1,6.5,10,15
7.482433334471366,-85.97479807941954,1.6648435882347152,-252.87503176026433,3.9226599999999996,-153.39954154906624,4.764739018564611,-133.7483968316411,0.5,3,-10,2,400,0.7,0.5,eff,1,35,10,15
10.361951210723882,-83.52037815475732,1.7398467296524174,-279.4111698235828,3.9226599999999996,-178.47124350570928,4.764739018564611,-144.06876926065104,0.5,3,-10,2,400,0.7,1,eq,1,6.5,15,15
7.482433334471366,-84.88041588240203,1.7398467296524174,-249.76527039257647,3.9226599999999996,-144.67249579065646,4.764739018564611,-130.15604547920577,0.5,3,-10,2,400,0.7,1,eq,1,6.5,10,15
10.361951210723882,-85.94628876042776,1.6648435882347152,-284.35723264318943,3.9226599999999996,-189.0734783208496,4.764739018564611,-148.43301274365385,0.5,3,-10,2,400,0.7,0.5,eff,0.5,6.5,15,15
7.482433334471366,-89.11140995875189,1.6648435882347152,-256.0116436395967,3.9226599999999996,-156.95378142827485,4.764739018564611,-135.21144386845197,0.5,3,-10,2,400,0.7,0.5,eff,0.5,35,10,15
10.361951210723882,-87.89424806992096,1.6648435882347152,-286.30519195268266,3.9226599999999996,-191.2808010384099,4.764739018564611,-149.34162248046502,0.5,3,-10,2,400,0.7,0.5,eff,0.5,35,15,15
10.361951210723882,-83.52037815475732,1.7398467296524174,-279.4111698235828,3.9226599999999996,-178.47124350570928,4.764739018564611,-144.06876926065104,0.5,3,-10,2,400,0.7,1,eq,1,35,15,15
10.361951210723882,-85.94628876042776,1.7398467296524174,-281.8370804292532,3.9226599999999996,-181.2369798183159,4.764739018564611,-145.20724118552863,0.5,3,-10,2,400,0.7,1,eq,0.5,6.5,15,15
7.482433334471366,-89.11140995875189,1.7398467296524174,-253.9962644689263,3.9226599999999996,-149.49617475211832,4.764739018564611,-132.1416371812112,0.5,3,-10,2,400,0.7,1,eq,0.5,35,10,15
7.482433334471366,-84.88041588240203,1.7398467296524174,-243.61345665780016,3.9226599999999996,-143.86497643440404,4.764739018564611,-129.82364281605297,0.5,3,-10,2,400,0.7,1,eff,1,6.5,10,15
7.482433334471366,-85.97479807941954,1.7398467296524174,-250.85965258959396,3.9226599999999996,-145.92018091694348,4.764739018564611,-130.6696354700123,0.5,3,-10,2,400,0.7,1,eq,1,35,10,15
7.482433334471366,-86.6232159880782,1.7398467296524174,-251.50807049825264,3.9226599999999996,-146.6594303153678,4.764739018564611,-130.97393587701524,0.5,3,-10,2,400,0.7,1,eq,0.5,6.5,10,15
10.361951210723882,-87.89424806992096,1.7398467296524174,-283.78503973874643,3.9226599999999996,-183.45781259804266,4.764739018564611,-146.12141212729279,0.5,3,-10,2,400,0.7,1,eq,0.5,35,15,15
10.361951210723882,-83.52037815475732,1.7398467296524174,-273.2593560888065,3.9226599999999996,-177.42047992994853,4.764739018564611,-143.63623893401268,0.5,3,-10,2,400,0.7,1,eff,1,6.5,15,15
7.482433334471366,-85.97479807941954,1.7398467296524174,-244.70783885481768,3.9226599999999996,-145.103682169635,4.764739018564611,-130.3335365815278,0.5,3,-10,2,400,0.7,1,eff,1,35,10,15
10.361951210723882,-85.94628876042776,1.7398467296524174,-275.6852666944769,3.9226599999999996,-180.16631167796012,4.764739018564611,-144.76651745742063,0.5,3,-10,2,400,0.7,1,eff,0.5,6.5,15,15
7.482433334471366,-89.11140995875189,1.7398467296524174,-247.84445073415,3.9226599999999996,-148.65394014472074,4.764739018564611,-131.79494453003127,0.5,3,-10,2,400,0.7,1,eff,0.5,35,10,15
10.361951210723882,-83.52037815475732,1.7398467296524174,-273.2593560888065,3.9226599999999996,-177.42047992994853,4.764739018564611,-143.63623893401268,0.5,3,-10,2,400,0.7,1,eff,1,35,15,15
10.361951210723882,-83.52037815475732,1.6648435882347152,-288.41379087540906,3.9226599999999996,-187.66599356603507,4.764739018564611,-147.853643744973,0.5,3,-10,2,400,0.8,0.5,eq,1,6.5,15,15
7.482433334471366,-86.6232159880782,1.7398467296524174,-245.35625676347632,3.9226599999999996,-145.83761130720367,4.764739018564611,-130.63564698668938,0.5,3,-10,2,400,0.7,1,eff,0.5,6.5,10,15
10.361951210723882,-87.89424806992096,1.7398467296524174,-277.6332260039701,3.9226599999999996,-182.37116147744877,4.764739018564611,-145.67410925633794,0.5,3,-10,2,400,0.7,1,eff,0.5,35,15,15
7.482433334471366,-84.88041588240203,1.6648435882347152,-258.26311840113686,3.9226599999999996,-153.2464663840295,4.764739018564611,-133.68538584357393,0.5,3,-10,2,400,0.8,0.5,eq,1,6.5,10,15
10.361951210723882,-83.52037815475732,1.6648435882347152,-281.931322037519,3.9226599999999996,-186.32456690040638,4.764739018564611,-147.30146652144705,0.5,3,-10,2,400,0.8,0.5,eff,1,6.5,15,15
10.361951210723882,-83.52037815475732,1.6648435882347152,-288.41379087540906,3.9226599999999996,-187.66599356603507,4.764739018564611,-147.853643744973,0.5,3,-10,2,400,0.8,0.5,eq,1,35,15,15
7.482433334471366,-89.11140995875189,1.6648435882347152,-262.49411247748674,3.9226599999999996,-158.07650179322994,4.764739018564611,-135.6735940774807,0.5,3,-10,2,400,0.8,0.5,eq,0.5,35,10,15
10.361951210723882,-87.89424806992096,1.6648435882347152,-292.7876607905728,3.9226599999999996,-192.6591337541961,4.764739018564611,-149.90899150003145,0.5,3,-10,2,400,0.8,0.5,eq,0.5,35,15,15
7.482433334471366,-85.97479807941954,1.6648435882347152,-259.3575005981544,3.9226599999999996,-154.49579565993943,4.764739018564611,-134.19965262275602,0.5,3,-10,2,400,0.8,0.5,eq,1,35,10,15
7.482433334471366,-86.6232159880782,1.6648435882347152,-260.00591850681303,3.9226599999999996,-155.23601921013977,4.764739018564611,-134.50435402404105,0.5,3,-10,2,400,0.8,0.5,eq,0.5,6.5,10,15
10.361951210723882,-83.52037815475732,1.6648435882347152,-281.931322037519,3.9226599999999996,-186.32456690040638,4.764739018564611,-147.30146652144705,0.5,3,-10,2,400,0.8,0.5,eff,1,35,15,15
10.361951210723882,-85.94628876042776,1.6648435882347152,-290.83970148107954,3.9226599999999996,-190.43537445169076,4.764739018564611,-148.99361590111837,0.5,3,-10,2,400,0.8,0.5,eq,0.5,6.5,15,15
7.482433334471366,-86.6232159880782,1.6648435882347152,-253.52344966892298,3.9226599999999996,-154.13429384785567,4.764739018564611,-134.05084607819362,0.5,3,-10,2,400,0.8,0.5,eff,0.5,6.5,10,15
7.482433334471366,-85.97479807941954,1.6648435882347152,-252.87503176026433,3.9226599999999996,-153.39954154906624,4.764739018564611,-133.7483968316411,0.5,3,-10,2,400,0.8,0.5,eff,1,35,10,15
7.482433334471366,-84.88041588240203,1.6648435882347152,-251.7806495632468,3.9226599999999996,-152.15944650404217,4.764739018564611,-133.23793117860504,0.5,3,-10,2,400,0.8,0.5,eff,1,6.5,10,15
10.361951210723882,-87.89424806992096,1.6648435882347152,-286.30519195268266,3.9226599999999996,-191.2808010384099,4.764739018564611,-149.34162248046502,0.5,3,-10,2,400,0.8,0.5,eff,0.5,35,15,15
10.361951210723882,-85.94628876042776,1.6648435882347152,-284.35723264318943,3.9226599999999996,-189.0734783208496,4.764739018564611,-148.43301274365385,0.5,3,-10,2,400,0.8,0.5,eff,0.5,6.5,15,15
7.482433334471366,-89.11140995875189,1.6648435882347152,-256.0116436395967,3.9226599999999996,-156.95378142827485,4.764739018564611,-135.21144386845197,0.5,3,-10,2,400,0.8,0.5,eff,0.5,35,10,15
10.361951210723882,-83.52037815475732,1.7398467296524174,-279.4111698235828,3.9226599999999996,-178.47124350570928,4.764739018564611,-144.06876926065104,0.5,3,-10,2,400,0.8,1,eq,1,6.5,15,15
7.482433334471366,-84.88041588240203,1.7398467296524174,-249.76527039257647,3.9226599999999996,-144.67249579065646,4.764739018564611,-130.15604547920577,0.5,3,-10,2,400,0.8,1,eq,1,6.5,10,15
7.482433334471366,-85.97479807941954,1.7398467296524174,-250.85965258959396,3.9226599999999996,-145.92018091694348,4.764739018564611,-130.6696354700123,0.5,3,-10,2,400,0.8,1,eq,1,35,10,15
7.482433334471366,-86.6232159880782,1.7398467296524174,-251.50807049825264,3.9226599999999996,-146.6594303153678,4.764739018564611,-130.97393587701524,0.5,3,-10,2,400,0.8,1,eq,0.5,6.5,10,15
10.361951210723882,-87.89424806992096,1.7398467296524174,-283.78503973874643,3.9226599999999996,-183.45781259804266,4.764739018564611,-146.12141212729279,0.5,3,-10,2,400,0.8,1,eq,0.5,35,15,15
10.361951210723882,-83.52037815475732,1.7398467296524174,-273.2593560888065,3.9226599999999996,-177.42047992994853,4.764739018564611,-143.63623893401268,0.5,3,-10,2,400,0.8,1,eff,1,6.5,15,15
10.361951210723882,-85.94628876042776,1.7398467296524174,-281.8370804292532,3.9226599999999996,-181.2369798183159,4.764739018564611,-145.20724118552863,0.5,3,-10,2,400,0.8,1,eq,0.5,6.5,15,15
10.361951210723882,-83.52037815475732,1.7398467296524174,-279.4111698235828,3.9226599999999996,-178.47124350570928,4.764739018564611,-144.06876926065104,0.5,3,-10,2,400,0.8,1,eq,1,35,15,15
10.361951210723882,-85.94628876042776,1.7398467296524174,-275.6852666944769,3.9226599999999996,-180.16631167796012,4.764739018564611,-144.76651745742063,0.5,3,-10,2,400,0.8,1,eff,0.5,6.5,15,15
7.482433334471366,-85.97479807941954,1.7398467296524174,-244.70783885481768,3.9226599999999996,-145.103682169635,4.764739018564611,-130.3335365815278,0.5,3,-10,2,400,0.8,1,eff,1,35,10,15
7.482433334471366,-89.11140995875189,1.7398467296524174,-253.9962644689263,3.9226599999999996,-149.49617475211832,4.764739018564611,-132.1416371812112,0.5,3,-10,2,400,0.8,1,eq,0.5,35,10,15
10.361951210723882,-83.52037815475732,1.7398467296524174,-273.2593560888065,3.9226599999999996,-177.42047992994853,4.764739018564611,-143.63623893401268,0.5,3,-10,2,400,0.8,1,eff,1,35,15,15
7.482433334471366,-84.88041588240203,1.7398467296524174,-243.61345665780016,3.9226599999999996,-143.86497643440404,4.764739018564611,-129.82364281605297,0.5,3,-10,2,400,0.8,1,eff,1,6.5,10,15
7.482433334471366,-86.6232159880782,1.7398467296524174,-245.35625676347632,3.9226599999999996,-145.83761130720367,4.764739018564611,-130.63564698668938,0.5,3,-10,2,400,0.8,1,eff,0.5,6.5,10,15
10.361951210723882,-87.89424806992096,1.7398467296524174,-277.6332260039701,3.9226599999999996,-182.37116147744877,4.764739018564611,-145.67410925633794,0.5,3,-10,2,400,0.8,1,eff,0.5,35,15,15
10.361951210723882,-83.52037815475732,1.6648435882347152,-288.41379087540906,5.883989999999999,-187.66672818979717,5.74540401856461,-154.64946509548994,0.5,3,-10,2,500,0.7,0.5,eq,1,6.5,15,15
7.482433334471366,-89.11140995875189,1.7398467296524174,-247.84445073415,3.9226599999999996,-148.65394014472074,4.764739018564611,-131.79494453003127,0.5,3,-10,2,400,0.8,1,eff,0.5,35,10,15
7.482433334471366,-84.88041588240203,1.6648435882347152,-258.26311840113686,5.883989999999999,-153.2472010076626,5.74540401856461,-137.02458152855445,0.5,3,-10,2,500,0.7,0.5,eq,1,6.5,10,15
10.361951210723882,-87.89424806992096,1.6648435882347152,-292.7876607905728,5.883989999999999,-192.65986837797308,5.74540401856461,-157.20625543093826,0.5,3,-10,2,500,0.7,0.5,eq,0.5,35,15,15
7.482433334471366,-85.97479807941954,1.6648435882347152,-259.3575005981544,5.883989999999999,-154.4965302824619,5.74540401856461,-137.6643138203023,0.5,3,-10,2,500,0.7,0.5,eq,1,35,10,15
10.361951210723882,-83.52037815475732,1.6648435882347152,-281.931322037519,5.883989999999999,-186.32525263588255,5.74540401856461,-153.96254832523547,0.5,3,-10,2,500,0.7,0.5,eff,1,35,15,15
10.361951210723882,-83.52037815475732,1.6648435882347152,-288.41379087540906,5.883989999999999,-187.66672818979717,5.74540401856461,-154.64946509548994,0.5,3,-10,2,500,0.7,0.5,eq,1,35,15,15
10.361951210723882,-85.94628876042776,1.6648435882347152,-290.83970148107954,5.883989999999999,-190.4361090733172,5.74540401856461,-156.06755591836074,0.5,3,-10,2,500,0.7,0.5,eq,0.5,6.5,15,15
10.361951210723882,-85.94628876042776,1.6648435882347152,-284.35723264318943,5.883989999999999,-189.07416405515198,5.74540401856461,-155.37015754206374,0.5,3,-10,2,500,0.7,0.5,eff,0.5,6.5,15,15
7.482433334471366,-89.11140995875189,1.6648435882347152,-262.49411247748674,5.883989999999999,-158.0772364155207,5.74540401856461,-139.4978523331536,0.5,3,-10,2,500,0.7,0.5,eq,0.5,35,10,15
7.482433334471366,-86.6232159880782,1.6648435882347152,-260.00591850681303,5.883989999999999,-155.23675383378185,5.74540401856461,-138.04335313239048,0.5,3,-10,2,500,0.7,0.5,eq,0.5,6.5,10,15
7.482433334471366,-84.88041588240203,1.6648435882347152,-251.7806495632468,5.883989999999999,-152.16013224061948,5.74540401856461,-136.46793644894606,0.5,3,-10,2,500,0.7,0.5,eff,1,6.5,10,15
7.482433334471366,-85.97479807941954,1.6648435882347152,-252.87503176026433,5.883989999999999,-153.40022728439652,5.74540401856461,-137.10294025486257,0.5,3,-10,2,500,0.7,0.5,eff,1,35,10,15
10.361951210723882,-83.52037815475732,1.7398467296524174,-279.4111698235828,5.883989999999999,-178.47193808606167,5.74540401856461,-149.9411754044896,0.5,3,-10,2,500,0.7,1,eq,1,6.5,15,15
10.361951210723882,-83.52037815475732,1.6648435882347152,-281.931322037519,5.883989999999999,-186.32525263588255,5.74540401856461,-153.96254832523547,0.5,3,-10,2,500,0.7,0.5,eff,1,6.5,15,15
7.482433334471366,-86.6232159880782,1.6648435882347152,-253.52344966892298,5.883989999999999,-154.1349795835097,5.74540401856461,-137.47917795429055,0.5,3,-10,2,500,0.7,0.5,eff,0.5,6.5,10,15
10.361951210723882,-87.89424806992096,1.6648435882347152,-286.30519195268266,5.883989999999999,-191.28148677541046,5.74540401856461,-156.50044052745594,0.5,3,-10,2,500,0.7,0.5,eff,0.5,35,15,15
7.482433334471366,-85.97479807941954,1.7398467296524174,-250.85965258959396,5.883989999999999,-145.9208754968161,5.74540401856461,-133.27305892864038,0.5,3,-10,2,500,0.7,1,eq,1,35,10,15
7.482433334471366,-89.11140995875189,1.6648435882347152,-256.0116436395967,5.883989999999999,-156.9544671634326,5.74540401856461,-138.92292644193262,0.5,3,-10,2,500,0.7,0.5,eff,0.5,35,10,15
10.361951210723882,-83.52037815475732,1.7398467296524174,-279.4111698235828,5.883989999999999,-178.47193808606167,5.74540401856461,-149.9411754044896,0.5,3,-10,2,500,0.7,1,eq,1,35,15,15
7.482433334471366,-84.88041588240203,1.7398467296524174,-249.76527039257647,5.883989999999999,-144.67319037063044,5.74540401856461,-132.63416854060983,0.5,3,-10,2,500,0.7,1,eq,1,6.5,10,15
10.361951210723882,-83.52037815475732,1.7398467296524174,-273.2593560888065,5.883989999999999,-177.42112912007613,5.74540401856461,-149.40309754018355,0.5,3,-10,2,500,0.7,1,eff,1,6.5,15,15
7.482433334471366,-86.6232159880782,1.7398467296524174,-251.50807049825264,5.883989999999999,-146.66012489506213,5.74540401856461,-133.6515994153259,0.5,3,-10,2,500,0.7,1,eq,0.5,6.5,10,15
7.482433334471366,-85.97479807941954,1.7398467296524174,-244.70783885481768,5.883989999999999,-145.1043313597119,5.74540401856461,-132.8549388519883,0.5,3,-10,2,500,0.7,1,eff,1,35,10,15
10.361951210723882,-83.52037815475732,1.7398467296524174,-273.2593560888065,5.883989999999999,-177.42112912007613,5.74540401856461,-149.40309754018355,0.5,3,-10,2,500,0.7,1,eff,1,35,15,15
7.482433334471366,-86.6232159880782,1.7398467296524174,-245.35625676347632,5.883989999999999,-145.83826049764502,5.74540401856461,-133.23075504301264,0.5,3,-10,2,500,0.7,1,eff,0.5,6.5,10,15
7.482433334471366,-84.88041588240203,1.7398467296524174,-243.61345665780016,5.883989999999999,-143.86562562455148,5.74540401856461,-132.2206464562684,0.5,3,-10,2,500,0.7,1,eff,1,6.5,10,15
10.361951210723882,-87.89424806992096,1.7398467296524174,-277.6332260039701,5.883989999999999,-182.3718106675001,5.74540401856461,-151.93814647878756,0.5,3,-10,2,500,0.7,1,eff,0.5,35,15,15
10.361951210723882,-87.89424806992096,1.7398467296524174,-283.78503973874643,5.883989999999999,-183.45850717742735,5.74540401856461,-152.49460094019597,0.5,3,-10,2,500,0.7,1,eq,0.5,35,15,15
10.361951210723882,-85.94628876042776,1.7398467296524174,-275.6852666944769,5.883989999999999,-180.1669608680303,5.74540401856461,-150.80912977868587,0.5,3,-10,2,500,0.7,1,eff,0.5,6.5,15,15
10.361951210723882,-85.94628876042776,1.7398467296524174,-281.8370804292532,5.883989999999999,-181.23767439778382,5.74540401856461,-151.35739998575727,0.5,3,-10,2,500,0.7,1,eq,0.5,6.5,15,15
7.482433334471366,-89.11140995875189,1.7398467296524174,-247.84445073415,5.883989999999999,-148.65458933486477,5.74540401856461,-134.67288606298678,0.5,3,-10,2,500,0.7,1,eff,0.5,35,10,15
7.482433334471366,-89.11140995875189,1.7398467296524174,-253.9962644689263,5.883989999999999,-149.49686933193928,5.74540401856461,-135.1041844594071,0.5,3,-10,2,500,0.7,1,eq,0.5,35,10,15
10.361951210723882,-83.52037815475732,1.6648435882347152,-288.41379087540906,5.883989999999999,-187.66672818979717,5.74540401856461,-154.64946509548994,0.5,3,-10,2,500,0.8,0.5,eq,1,6.5,15,15
10.361951210723882,-87.89424806992096,1.6648435882347152,-292.7876607905728,5.883989999999999,-192.65986837797308,5.74540401856461,-157.20625543093826,0.5,3,-10,2,500,0.8,0.5,eq,0.5,35,15,15
7.482433334471366,-84.88041588240203,1.6648435882347152,-258.26311840113686,5.883989999999999,-153.2472010076626,5.74540401856461,-137.02458152855445,0.5,3,-10,2,500,0.8,0.5,eq,1,6.5,10,15
7.482433334471366,-85.97479807941954,1.6648435882347152,-259.3575005981544,5.883989999999999,-154.4965302824619,5.74540401856461,-137.6643138203023,0.5,3,-10,2,500,0.8,0.5,eq,1,35,10,15
10.361951210723882,-83.52037815475732,1.6648435882347152,-288.41379087540906,5.883989999999999,-187.66672818979717,5.74540401856461,-154.64946509548994,0.5,3,-10,2,500,0.8,0.5,eq,1,35,15,15
10.361951210723882,-85.94628876042776,1.6648435882347152,-290.83970148107954,5.883989999999999,-190.4361090733172,5.74540401856461,-156.06755591836074,0.5,3,-10,2,500,0.8,0.5,eq,0.5,6.5,15,15
7.482433334471366,-89.11140995875189,1.6648435882347152,-262.49411247748674,5.883989999999999,-158.0772364155207,5.74540401856461,-139.4978523331536,0.5,3,-10,2,500,0.8,0.5,eq,0.5,35,10,15
7.482433334471366,-86.6232159880782,1.6648435882347152,-260.00591850681303,5.883989999999999,-155.23675383378185,5.74540401856461,-138.04335313239048,0.5,3,-10,2,500,0.8,0.5,eq,0.5,6.5,10,15
7.482433334471366,-89.11140995875189,1.6648435882347152,-256.0116436395967,5.883989999999999,-156.9544671634326,5.74540401856461,-138.92292644193262,0.5,3,-10,2,500,0.8,0.5,eff,0.5,35,10,15
7.482433334471366,-86.6232159880782,1.6648435882347152,-253.52344966892298,5.883989999999999,-154.1349795835097,5.74540401856461,-137.47917795429055,0.5,3,-10,2,500,0.8,0.5,eff,0.5,6.5,10,15
10.361951210723882,-87.89424806992096,1.6648435882347152,-286.30519195268266,5.883989999999999,-191.28148677541046,5.74540401856461,-156.50044052745594,0.5,3,-10,2,500,0.8,0.5,eff,0.5,35,15,15
7.482433334471366,-84.88041588240203,1.6648435882347152,-251.7806495632468,5.883989999999999,-152.16013224061948,5.74540401856461,-136.46793644894606,0.5,3,-10,2,500,0.8,0.5,eff,1,6.5,10,15
7.482433334471366,-85.97479807941954,1.6648435882347152,-252.87503176026433,5.883989999999999,-153.40022728439652,5.74540401856461,-137.10294025486257,0.5,3,-10,2,500,0.8,0.5,eff,1,35,10,15
10.361951210723882,-83.52037815475732,1.6648435882347152,-281.931322037519,5.883989999999999,-186.32525263588255,5.74540401856461,-153.96254832523547,0.5,3,-10,2,500,0.8,0.5,eff,1,6.5,15,15
10.361951210723882,-83.52037815475732,1.6648435882347152,-281.931322037519,5.883989999999999,-186.32525263588255,5.74540401856461,-153.96254832523547,0.5,3,-10,2,500,0.8,0.5,eff,1,35,15,15
10.361951210723882,-85.94628876042776,1.6648435882347152,-284.35723264318943,5.883989999999999,-189.07416405515198,5.74540401856461,-155.37015754206374,0.5,3,-10,2,500,0.8,0.5,eff,0.5,6.5,15,15
10.361951210723882,-83.52037815475732,1.7398467296524174,-279.4111698235828,5.883989999999999,-178.47193808606167,5.74540401856461,-149.9411754044896,0.5,3,-10,2,500,0.8,1,eq,1,6.5,15,15
7.482433334471366,-84.88041588240203,1.7398467296524174,-249.76527039257647,5.883989999999999,-144.67319037063044,5.74540401856461,-132.63416854060983,0.5,3,-10,2,500,0.8,1,eq,1,6.5,10,15
10.361951210723882,-85.94628876042776,1.7398467296524174,-281.8370804292532,5.883989999999999,-181.23767439778382,5.74540401856461,-151.35739998575727,0.5,3,-10,2,500,0.8,1,eq,0.5,6.5,15,15
7.482433334471366,-85.97479807941954,1.7398467296524174,-250.85965258959396,5.883989999999999,-145.9208754968161,5.74540401856461,-133.27305892864038,0.5,3,-10,2,500,0.8,1,eq,1,35,10,15
10.361951210723882,-83.52037815475732,1.7398467296524174,-273.2593560888065,5.883989999999999,-177.42112912007613,5.74540401856461,-149.40309754018355,0.5,3,-10,2,500,0.8,1,eff,1,6.5,15,15
10.361951210723882,-83.52037815475732,1.7398467296524174,-279.4111698235828,5.883989999999999,-178.47193808606167,5.74540401856461,-149.9411754044896,0.5,3,-10,2,500,0.8,1,eq,1,35,15,15
10.361951210723882,-87.89424806992096,1.7398467296524174,-283.78503973874643,5.883989999999999,-183.45850717742735,5.74540401856461,-152.49460094019597,0.5,3,-10,2,500,0.8,1,eq,0.5,35,15,15
7.482433334471366,-89.11140995875189,1.7398467296524174,-253.9962644689263,5.883989999999999,-149.49686933193928,5.74540401856461,-135.1041844594071,0.5,3,-10,2,500,0.8,1,eq,0.5,35,10,15
7.482433334471366,-86.6232159880782,1.7398467296524174,-251.50807049825264,5.883989999999999,-146.66012489506213,5.74540401856461,-133.6515994153259,0.5,3,-10,2,500,0.8,1,eq,0.5,6.5,10,15
7.482433334471366,-84.88041588240203,1.7398467296524174,-243.61345665780016,5.883989999999999,-143.86562562455148,5.74540401856461,-132.2206464562684,0.5,3,-10,2,500,0.8,1,eff,1,6.5,10,15
10.361951210723882,-85.94628876042776,1.7398467296524174,-275.6852666944769,5.883989999999999,-180.1669608680303,5.74540401856461,-150.80912977868587,0.5,3,-10,2,500,0.8,1,eff,0.5,6.5,15,15
7.482433334471366,-86.6232159880782,1.7398467296524174,-245.35625676347632,5.883989999999999,-145.83826049764502,5.74540401856461,-133.23075504301264,0.5,3,-10,2,500,0.8,1,eff,0.5,6.5,10,15
7.482433334471366,-85.97479807941954,1.7398467296524174,-244.70783885481768,5.883989999999999,-145.1043313597119,5.74540401856461,-132.8549388519883,0.5,3,-10,2,500,0.8,1,eff,1,35,10,15
10.361951210723882,-83.52037815475732,1.7398467296524174,-273.2593560888065,5.883989999999999,-177.42112912007613,5.74540401856461,-149.40309754018355,0.5,3,-10,2,500,0.8,1,eff,1,35,15,15
10.361951210723882,-87.89424806992096,1.7398467296524174,-277.6332260039701,5.883989999999999,-182.3718106675001,5.74540401856461,-151.93814647878756,0.5,3,-10,2,500,0.8,1,eff,0.5,35,15,15
7.482433334471366,-89.11140995875189,1.7398467296524174,-247.84445073415,5.883989999999999,-148.65458933486477,5.74540401856461,-134.67288606298678,0.5,3,-10,2,500,0.8,1,eff,0.5,35,10,15
7.482433334471366,-84.88041588240203,1.6648435882347152,-258.26311840113686,19.613300000000002,-153.25234336844414,12.610059018564613,-145.85983876951536,0.5,3,-10,10,400,0.7,0.5,eq,1,6.5,10,15
10.361951210723882,-83.52037815475732,1.6648435882347152,-288.41379087540906,19.613300000000002,-187.67187054862544,12.610059018564613,-172.62737853476108,0.5,3,-10,10,400,0.7,0.5,eq,1,6.5,15,15
10.361951210723882,-83.52037815475732,1.6648435882347152,-288.41379087540906,19.613300000000002,-187.67187054862544,12.610059018564613,-172.62737853476108,0.5,3,-10,10,400,0.7,0.5,eq,1,35,15,15
7.482433334471366,-85.97479807941954,1.6648435882347152,-259.3575005981544,19.613300000000002,-154.50167264428535,12.610059018564613,-146.83142303608298,0.5,3,-10,10,400,0.7,0.5,eq,1,35,10,15
7.482433334471366,-86.6232159880782,1.6648435882347152,-260.00591850681303,19.613300000000002,-155.24189619459253,12.610059018564613,-147.40708356780075,0.5,3,-10,10,400,0.7,0.5,eq,0.5,6.5,10,15
7.482433334471366,-89.11140995875189,1.6648435882347152,-262.49411247748674,19.613300000000002,-158.08237877627874,12.610059018564613,-149.6160834201159,0.5,3,-10,10,400,0.7,0.5,eq,0.5,35,10,15
10.361951210723882,-83.52037815475732,1.6648435882347152,-281.931322037519,19.613300000000002,-186.3300527888181,12.610059018564613,-171.58386738902877,0.5,3,-10,10,400,0.7,0.5,eff,1,6.5,15,15
10.361951210723882,-85.94628876042776,1.6648435882347152,-284.35723264318943,19.613300000000002,-189.07896420808788,12.610059018564613,-173.72165374911597,0.5,3,-10,10,400,0.7,0.5,eff,0.5,6.5,15,15
10.361951210723882,-85.94628876042776,1.6648435882347152,-290.83970148107954,19.613300000000002,-190.44125143424557,12.610059018564613,-174.7810836857031,0.5,3,-10,10,400,0.7,0.5,eq,0.5,6.5,15,15
10.361951210723882,-87.89424806992096,1.6648435882347152,-292.7876607905728,19.613300000000002,-192.66501073672273,12.610059018564613,-176.51046727792374,0.5,3,-10,10,400,0.7,0.5,eq,0.5,35,15,15
7.482433334471366,-84.88041588240203,1.6648435882347152,-251.7806495632468,19.613300000000002,-152.1649323920596,12.610059018564613,-145.01417588753662,0.5,3,-10,10,400,0.7,0.5,eff,1,6.5,10,15
10.361951210723882,-83.52037815475732,1.6648435882347152,-281.931322037519,19.613300000000002,-186.3300527888181,12.610059018564613,-171.58386738902877,0.5,3,-10,10,400,0.7,0.5,eff,1,35,15,15
7.482433334471366,-86.6232159880782,1.6648435882347152,-253.52344966892298,19.613300000000002,-154.1397797360839,12.610059018564613,-146.54998445732704,0.5,3,-10,10,400,0.7,0.5,eff,0.5,6.5,10,15
7.482433334471366,-85.97479807941954,1.6648435882347152,-252.87503176026433,19.613300000000002,-153.40502743732017,12.610059018564613,-145.9785788342398,0.5,3,-10,10,400,0.7,0.5,eff,1,35,10,15
10.361951210723882,-87.89424806992096,1.6648435882347152,-286.30519195268266,19.613300000000002,-191.28628692806495,12.610059018564613,-175.43825486255992,0.5,3,-10,10,400,0.7,0.5,eff,0.5,35,15,15
7.482433334471366,-89.11140995875189,1.6648435882347152,-256.0116436395967,19.613300000000002,-156.9592673163573,12.610059018564613,-148.7426568182083,0.5,3,-10,10,400,0.7,0.5,eff,0.5,35,10,15
7.482433334471366,-84.88041588240203,1.7398467296524174,-249.76527039257647,19.613300000000002,-144.6780524280768,12.610059018564613,-139.19174386793222,0.5,3,-10,10,400,0.7,1,eq,1,6.5,10,15
10.361951210723882,-83.52037815475732,1.7398467296524174,-279.4111698235828,19.613300000000002,-178.47680014467645,12.610059018564613,-165.4765129405451,0.5,3,-10,10,400,0.7,1,eq,1,6.5,15,15
10.361951210723882,-83.52037815475732,1.7398467296524174,-279.4111698235828,19.613300000000002,-178.47680014467645,12.610059018564613,-165.4765129405451,0.5,3,-10,10,400,0.7,1,eq,1,35,15,15
7.482433334471366,-85.97479807941954,1.7398467296524174,-250.85965258959396,19.613300000000002,-145.9257375542631,12.610059018564613,-140.16204950446408,0.5,3,-10,10,400,0.7,1,eq,1,35,10,15
10.361951210723882,-85.94628876042776,1.7398467296524174,-281.8370804292532,19.613300000000002,-181.24253645510228,12.610059018564613,-167.62738376111042,0.5,3,-10,10,400,0.7,1,eq,0.5,6.5,15,15
7.482433334471366,-89.11140995875189,1.7398467296524174,-253.9962644689263,19.613300000000002,-149.5017313894372,12.610059018564613,-142.94304520734568,0.5,3,-10,10,400,0.7,1,eq,0.5,35,10,15
10.361951210723882,-87.89424806992096,1.7398467296524174,-283.78503973874643,19.613300000000002,-183.46336923474087,12.610059018564613,-169.354491441287,0.5,3,-10,10,400,0.7,1,eq,0.5,35,15,15
7.482433334471366,-84.88041588240203,1.7398467296524174,-243.61345665780016,19.613300000000002,-143.8701699559664,12.610059018564613,-138.56346602772064,0.5,3,-10,10,400,0.7,1,eff,1,6.5,10,15
7.482433334471366,-86.6232159880782,1.7398467296524174,-245.35625676347632,19.613300000000002,-145.84280482817428,12.610059018564613,-140.09755399202416,0.5,3,-10,10,400,0.7,1,eff,0.5,6.5,10,15
7.482433334471366,-86.6232159880782,1.7398467296524174,-251.50807049825264,19.613300000000002,-146.664986953682,12.610059018564613,-140.73695245393802,0.5,3,-10,10,400,0.7,1,eq,0.5,6.5,10,15
10.361951210723882,-83.52037815475732,1.7398467296524174,-273.2593560888065,19.613300000000002,-177.42567345185972,12.610059018564613,-164.65906779084872,0.5,3,-10,10,400,0.7,1,eff,1,6.5,15,15
10.361951210723882,-83.52037815475732,1.7398467296524174,-273.2593560888065,19.613300000000002,-177.42567345185972,12.610059018564613,-164.65906779084872,0.5,3,-10,10,400,0.7,1,eff,1,35,15,15
10.361951210723882,-85.94628876042776,1.7398467296524174,-275.6852666944769,19.613300000000002,-180.17150519881412,12.610059018564613,-166.79445913688662,0.5,3,-10,10,400,0.7,1,eff,0.5,6.5,15,15
7.482433334471366,-85.97479807941954,1.7398467296524174,-244.70783885481768,19.613300000000002,-145.1088756907127,12.610059018564613,-139.52678852888945,0.5,3,-10,10,400,0.7,1,eff,1,35,10,15
10.361951210723882,-87.89424806992096,1.7398467296524174,-277.6332260039701,19.613300000000002,-182.37635499827803,12.610059018564613,-168.50913709787642,0.5,3,-10,10,400,0.7,1,eff,0.5,35,15,15
7.482433334471366,-89.11140995875189,1.7398467296524174,-247.84445073415,19.613300000000002,-148.65913366538956,12.610059018564613,-142.28776984674917,0.5,3,-10,10,400,0.7,1,eff,0.5,35,10,15
10.361951210723882,-83.52037815475732,1.6648435882347152,-288.41379087540906,19.613300000000002,-187.67187054862544,12.610059018564613,-172.62737853476108,0.5,3,-10,10,400,0.8,0.5,eq,1,6.5,15,15
7.482433334471366,-84.88041588240203,1.6648435882347152,-258.26311840113686,19.613300000000002,-153.25234336844414,12.610059018564613,-145.85983876951536,0.5,3,-10,10,400,0.8,0.5,eq,1,6.5,10,15
10.361951210723882,-85.94628876042776,1.6648435882347152,-290.83970148107954,19.613300000000002,-190.44125143424557,12.610059018564613,-174.7810836857031,0.5,3,-10,10,400,0.8,0.5,eq,0.5,6.5,15,15
10.361951210723882,-83.52037815475732,1.6648435882347152,-288.41379087540906,19.613300000000002,-187.67187054862544,12.610059018564613,-172.62737853476108,0.5,3,-10,10,400,0.8,0.5,eq,1,35,15,15
10.361951210723882,-87.89424806992096,1.6648435882347152,-292.7876607905728,19.613300000000002,-192.66501073672273,12.610059018564613,-176.51046727792374,0.5,3,-10,10,400,0.8,0.5,eq,0.5,35,15,15
7.482433334471366,-85.97479807941954,1.6648435882347152,-259.3575005981544,19.613300000000002,-154.50167264428535,12.610059018564613,-146.83142303608298,0.5,3,-10,10,400,0.8,0.5,eq,1,35,10,15
7.482433334471366,-84.88041588240203,1.6648435882347152,-251.7806495632468,19.613300000000002,-152.1649323920596,12.610059018564613,-145.01417588753662,0.5,3,-10,10,400,0.8,0.5,eff,1,6.5,10,15
10.361951210723882,-83.52037815475732,1.6648435882347152,-281.931322037519,19.613300000000002,-186.3300527888181,12.610059018564613,-171.58386738902877,0.5,3,-10,10,400,0.8,0.5,eff,1,35,15,15
7.482433334471366,-89.11140995875189,1.6648435882347152,-262.49411247748674,19.613300000000002,-158.08237877627874,12.610059018564613,-149.6160834201159,0.5,3,-10,10,400,0.8,0.5,eq,0.5,35,10,15
10.361951210723882,-83.52037815475732,1.6648435882347152,-281.931322037519,19.613300000000002,-186.3300527888181,12.610059018564613,-171.58386738902877,0.5,3,-10,10,400,0.8,0.5,eff,1,6.5,15,15
7.482433334471366,-85.97479807941954,1.6648435882347152,-252.87503176026433,19.613300000000002,-153.40502743732017,12.610059018564613,-145.9785788342398,0.5,3,-10,10,400,0.8,0.5,eff,1,35,10,15
7.482433334471366,-86.6232159880782,1.6648435882347152,-260.00591850681303,19.613300000000002,-155.24189619459253,12.610059018564613,-147.40708356780075,0.5,3,-10,10,400,0.8,0.5,eq,0.5,6.5,10,15
7.482433334471366,-86.6232159880782,1.6648435882347152,-253.52344966892298,19.613300000000002,-154.1397797360839,12.610059018564613,-146.54998445732704,0.5,3,-10,10,400,0.8,0.5,eff,0.5,6.5,10,15
10.361951210723882,-85.94628876042776,1.6648435882347152,-284.35723264318943,19.613300000000002,-189.07896420808788,12.610059018564613,-173.72165374911597,0.5,3,-10,10,400,0.8,0.5,eff,0.5,6.5,15,15
10.361951210723882,-87.89424806992096,1.6648435882347152,-286.30519195268266,19.613300000000002,-191.28628692806495,12.610059018564613,-175.43825486255992,0.5,3,-10,10,400,0.8,0.5,eff,0.5,35,15,15
7.482433334471366,-85.97479807941954,1.7398467296524174,-250.85965258959396,19.613300000000002,-145.9257375542631,12.610059018564613,-140.16204950446408,0.5,3,-10,10,400,0.8,1,eq,1,35,10,15
7.482433334471366,-84.88041588240203,1.7398467296524174,-249.76527039257647,19.613300000000002,-144.6780524280768,12.610059018564613,-139.19174386793222,0.5,3,-10,10,400,0.8,1,eq,1,6.5,10,15
10.361951210723882,-83.52037815475732,1.7398467296524174,-279.4111698235828,19.613300000000002,-178.47680014467645,12.610059018564613,-165.4765129405451,0.5,3,-10,10,400,0.8,1,eq,1,35,15,15
7.482433334471366,-89.11140995875189,1.7398467296524174,-253.9962644689263,19.613300000000002,-149.5017313894372,12.610059018564613,-142.94304520734568,0.5,3,-10,10,400,0.8,1,eq,0.5,35,10,15
10.361951210723882,-87.89424806992096,1.7398467296524174,-283.78503973874643,19.613300000000002,-183.46336923474087,12.610059018564613,-169.354491441287,0.5,3,-10,10,400,0.8,1,eq,0.5,35,15,15
10.361951210723882,-85.94628876042776,1.7398467296524174,-281.8370804292532,19.613300000000002,-181.24253645510228,12.610059018564613,-167.62738376111042,0.5,3,-10,10,400,0.8,1,eq,0.5,6.5,15,15
7.482433334471366,-89.11140995875189,1.6648435882347152,-256.0116436395967,19.613300000000002,-156.9592673163573,12.610059018564613,-148.7426568182083,0.5,3,-10,10,400,0.8,0.5,eff,0.5,35,10,15
10.361951210723882,-83.52037815475732,1.7398467296524174,-273.2593560888065,19.613300000000002,-177.42567345185972,12.610059018564613,-164.65906779084872,0.5,3,-10,10,400,0.8,1,eff,1,6.5,15,15
10.361951210723882,-83.52037815475732,1.7398467296524174,-279.4111698235828,19.613300000000002,-178.47680014467645,12.610059018564613,-165.4765129405451,0.5,3,-10,10,400,0.8,1,eq,1,6.5,15,15
7.482433334471366,-86.6232159880782,1.7398467296524174,-251.50807049825264,19.613300000000002,-146.664986953682,12.610059018564613,-140.73695245393802,0.5,3,-10,10,400,0.8,1,eq,0.5,6.5,10,15
7.482433334471366,-84.88041588240203,1.7398467296524174,-243.61345665780016,19.613300000000002,-143.8701699559664,12.610059018564613,-138.56346602772064,0.5,3,-10,10,400,0.8,1,eff,1,6.5,10,15
10.361951210723882,-85.94628876042776,1.7398467296524174,-275.6852666944769,19.613300000000002,-180.17150519881412,12.610059018564613,-166.79445913688662,0.5,3,-10,10,400,0.8,1,eff,0.5,6.5,15,15
7.482433334471366,-86.6232159880782,1.7398467296524174,-245.35625676347632,19.613300000000002,-145.84280482817428,12.610059018564613,-140.09755399202416,0.5,3,-10,10,400,0.8,1,eff,0.5,6.5,10,15
7.482433334471366,-85.97479807941954,1.7398467296524174,-244.70783885481768,19.613300000000002,-145.1088756907127,12.610059018564613,-139.52678852888945,0.5,3,-10,10,400,0.8,1,eff,1,35,10,15
10.361951210723882,-83.52037815475732,1.7398467296524174,-273.2593560888065,19.613300000000002,-177.42567345185972,12.610059018564613,-164.65906779084872,0.5,3,-10,10,400,0.8,1,eff,1,35,15,15
10.361951210723882,-83.52037815475732,1.6648435882347152,-288.41379087540906,29.41995,-187.6755436654437,17.51338401856461,-176.84255848982832,0.5,3,-10,10,500,0.7,0.5,eq,1,6.5,15,15
10.361951210723882,-87.89424806992096,1.7398467296524174,-277.6332260039701,19.613300000000002,-182.37635499827803,12.610059018564613,-168.50913709787642,0.5,3,-10,10,400,0.8,1,eff,0.5,35,15,15
7.482433334471366,-84.88041588240203,1.6648435882347152,-258.26311840113686,29.41995,-153.25601648439795,17.51338401856461,-147.93264685834117,0.5,3,-10,10,500,0.7,0.5,eq,1,6.5,10,15
7.482433334471366,-89.11140995875189,1.7398467296524174,-247.84445073415,19.613300000000002,-148.65913366538956,12.610059018564613,-142.28776984674917,0.5,3,-10,10,400,0.8,1,eff,0.5,35,10,15
7.482433334471366,-86.6232159880782,1.6648435882347152,-260.00591850681303,29.41995,-155.24556930904515,17.51338401856461,-149.60372723211225,0.5,3,-10,10,500,0.7,0.5,eq,0.5,6.5,10,15
7.482433334471366,-85.97479807941954,1.6648435882347152,-259.3575005981544,29.41995,-154.50534575883125,17.51338401856461,-148.98199302548974,0.5,3,-10,10,500,0.7,0.5,eq,1,35,10,15
10.361951210723882,-85.94628876042776,1.6648435882347152,-290.83970148107954,29.41995,-190.44492454899122,17.51338401856461,-179.1686379910419,0.5,3,-10,10,500,0.7,0.5,eq,0.5,6.5,15,15
10.361951210723882,-87.89424806992096,1.6648435882347152,-292.7876607905728,29.41995,-192.66868385366823,17.51338401856461,-181.0364348567498,0.5,3,-10,10,500,0.7,0.5,eq,0.5,35,15,15
7.482433334471366,-89.11140995875189,1.6648435882347152,-262.49411247748674,29.41995,-158.08605189082135,17.51338401856461,-151.98952701367207,0.5,3,-10,10,500,0.7,0.5,eq,0.5,35,10,15
10.361951210723882,-87.89424806992096,1.6648435882347152,-286.30519195268266,29.41995,-191.289715607578,17.51338401856461,-179.8782013363589,0.5,3,-10,10,500,0.7,0.5,eff,0.5,35,15,15
10.361951210723882,-83.52037815475732,1.6648435882347152,-288.41379087540906,29.41995,-187.6755436654437,17.51338401856461,-176.84255848982832,0.5,3,-10,10,500,0.7,0.5,eq,1,35,15,15
10.361951210723882,-83.52037815475732,1.6648435882347152,-281.931322037519,29.41995,-186.33348146928182,17.51338401856461,-175.71532338020833,0.5,3,-10,10,500,0.7,0.5,eff,1,6.5,15,15
7.482433334471366,-86.6232159880782,1.6648435882347152,-253.52344966892298,29.41995,-154.14320841675547,17.51338401856461,-148.67782386875484,0.5,3,-10,10,500,0.7,0.5,eff,0.5,6.5,10,15
10.361951210723882,-85.94628876042776,1.6648435882347152,-284.35723264318943,29.41995,-189.08239288972334,17.51338401856461,-178.02421001394197,0.5,3,-10,10,500,0.7,0.5,eff,0.5,6.5,15,15
7.482433334471366,-85.97479807941954,1.6648435882347152,-252.87503176026433,29.41995,-153.40845611796823,17.51338401856461,-148.06068511733505,0.5,3,-10,10,500,0.7,0.5,eff,1,35,10,15
10.361951210723882,-83.52037815475732,1.6648435882347152,-281.931322037519,29.41995,-186.33348146928182,17.51338401856461,-175.71532338020833,0.5,3,-10,10,500,0.7,0.5,eff,1,35,15,15
7.482433334471366,-84.88041588240203,1.6648435882347152,-251.7806495632468,29.41995,-152.1683610729391,17.51338401856461,-147.01909503453524,0.5,3,-10,10,500,0.7,0.5,eff,1,6.5,10,15
7.482433334471366,-89.11140995875189,1.6648435882347152,-256.0116436395967,29.41995,-156.96269599717186,17.51338401856461,-151.04598936873882,0.5,3,-10,10,500,0.7,0.5,eff,0.5,35,10,15
7.482433334471366,-84.88041588240203,1.7398467296524174,-249.76527039257647,29.41995,-144.68152532682515,17.51338401856461,-140.73069488652834,0.5,3,-10,10,500,0.7,1,eq,1,6.5,10,15
7.482433334471366,-85.97479807941954,1.7398467296524174,-250.85965258959396,29.41995,-145.92921045313068,17.51338401856461,-141.778660088249,0.5,3,-10,10,500,0.7,1,eq,1,35,10,15
7.482433334471366,-86.6232159880782,1.7398467296524174,-251.50807049825264,29.41995,-146.66845985156024,17.51338401856461,-142.39957607787935,0.5,3,-10,10,500,0.7,1,eq,0.5,6.5,10,15
10.361951210723882,-83.52037815475732,1.7398467296524174,-279.4111698235828,29.41995,-178.4802730419561,17.51338401856461,-169.11919669713572,0.5,3,-10,10,500,0.7,1,eq,1,6.5,15,15
10.361951210723882,-87.89424806992096,1.7398467296524174,-283.78503973874643,29.41995,-183.4668421342237,17.51338401856461,-173.30755381905306,0.5,3,-10,10,500,0.7,1,eq,0.5,35,15,15
10.361951210723882,-83.52037815475732,1.7398467296524174,-279.4111698235828,29.41995,-178.4802730419561,17.51338401856461,-169.11919669713572,0.5,3,-10,10,500,0.7,1,eq,1,35,15,15
10.361951210723882,-85.94628876042776,1.7398467296524174,-281.8370804292532,29.41995,-181.24600935448234,17.51338401856461,-171.44221502247626,0.5,3,-10,10,500,0.7,1,eq,0.5,6.5,15,15
10.361951210723882,-83.52037815475732,1.7398467296524174,-273.2593560888065,29.41995,-177.42891940255404,17.51338401856461,-168.23613573442452,0.5,3,-10,10,500,0.7,1,eff,1,6.5,15,15
7.482433334471366,-85.97479807941954,1.7398467296524174,-244.70783885481768,29.41995,-145.11212164204994,17.51338401856461,-141.09236462581654,0.5,3,-10,10,500,0.7,1,eff,1,35,10,15
7.482433334471366,-86.6232159880782,1.7398467296524174,-245.35625676347632,29.41995,-145.8460507789491,17.51338401856461,-141.70881198082873,0.5,3,-10,10,500,0.7,1,eff,0.5,6.5,10,15
7.482433334471366,-84.88041588240203,1.7398467296524174,-243.61345665780016,29.41995,-143.8734159067487,17.51338401856461,-140.05194146263332,0.5,3,-10,10,500,0.7,1,eff,1,6.5,10,15
7.482433334471366,-89.11140995875189,1.7398467296524174,-253.9962644689263,29.41995,-149.50520428828665,17.51338401856461,-144.782236088155,0.5,3,-10,10,500,0.7,1,eq,0.5,35,10,15
10.361951210723882,-83.52037815475732,1.7398467296524174,-273.2593560888065,29.41995,-177.42891940255404,17.51338401856461,-168.23613573442452,0.5,3,-10,10,500,0.7,1,eff,1,35,15,15
10.361951210723882,-85.94628876042776,1.7398467296524174,-275.6852666944769,29.41995,-180.17475114918236,17.51338401856461,-170.54243566505446,0.5,3,-10,10,500,0.7,1,eff,0.5,6.5,15,15
10.361951210723882,-87.89424806992096,1.7398467296524174,-277.6332260039701,29.41995,-182.37960094895465,17.51338401856461,-172.39434991526593,0.5,3,-10,10,500,0.7,1,eff,0.5,35,15,15
7.482433334471366,-89.11140995875189,1.7398467296524174,-247.84445073415,29.41995,-148.66237961615346,17.51338401856461,-144.0743243651368,0.5,3,-10,10,500,0.7,1,eff,0.5,35,10,15
10.361951210723882,-83.52037815475732,1.6648435882347152,-288.41379087540906,29.41995,-187.6755436654437,17.51338401856461,-176.84255848982832,0.5,3,-10,10,500,0.8,0.5,eq,1,35,15,15
10.361951210723882,-83.52037815475732,1.6648435882347152,-288.41379087540906,29.41995,-187.6755436654437,17.51338401856461,-176.84255848982832,0.5,3,-10,10,500,0.8,0.5,eq,1,6.5,15,15
7.482433334471366,-84.88041588240203,1.6648435882347152,-258.26311840113686,29.41995,-153.25601648439795,17.51338401856461,-147.93264685834117,0.5,3,-10,10,500,0.8,0.5,eq,1,6.5,10,15
7.482433334471366,-86.6232159880782,1.6648435882347152,-260.00591850681303,29.41995,-155.24556930904515,17.51338401856461,-149.60372723211225,0.5,3,-10,10,500,0.8,0.5,eq,0.5,6.5,10,15
10.361951210723882,-87.89424806992096,1.6648435882347152,-292.7876607905728,29.41995,-192.66868385366823,17.51338401856461,-181.0364348567498,0.5,3,-10,10,500,0.8,0.5,eq,0.5,35,15,15
7.482433334471366,-86.6232159880782,1.6648435882347152,-253.52344966892298,29.41995,-154.14320841675547,17.51338401856461,-148.67782386875484,0.5,3,-10,10,500,0.8,0.5,eff,0.5,6.5,10,15
7.482433334471366,-85.97479807941954,1.6648435882347152,-252.87503176026433,29.41995,-153.40845611796823,17.51338401856461,-148.06068511733505,0.5,3,-10,10,500,0.8,0.5,eff,1,35,10,15
7.482433334471366,-85.97479807941954,1.6648435882347152,-259.3575005981544,29.41995,-154.50534575883125,17.51338401856461,-148.98199302548974,0.5,3,-10,10,500,0.8,0.5,eq,1,35,10,15
10.361951210723882,-83.52037815475732,1.6648435882347152,-281.931322037519,29.41995,-186.33348146928182,17.51338401856461,-175.71532338020833,0.5,3,-10,10,500,0.8,0.5,eff,1,35,15,15
10.361951210723882,-85.94628876042776,1.6648435882347152,-290.83970148107954,29.41995,-190.44492454899122,17.51338401856461,-179.1686379910419,0.5,3,-10,10,500,0.8,0.5,eq,0.5,6.5,15,15
7.482433334471366,-89.11140995875189,1.6648435882347152,-262.49411247748674,29.41995,-158.08605189082135,17.51338401856461,-151.98952701367207,0.5,3,-10,10,500,0.8,0.5,eq,0.5,35,10,15
10.361951210723882,-83.52037815475732,1.6648435882347152,-281.931322037519,29.41995,-186.33348146928182,17.51338401856461,-175.71532338020833,0.5,3,-10,10,500,0.8,0.5,eff,1,6.5,15,15
10.361951210723882,-85.94628876042776,1.6648435882347152,-284.35723264318943,29.41995,-189.08239288972334,17.51338401856461,-178.02421001394197,0.5,3,-10,10,500,0.8,0.5,eff,0.5,6.5,15,15
7.482433334471366,-84.88041588240203,1.6648435882347152,-251.7806495632468,29.41995,-152.1683610729391,17.51338401856461,-147.01909503453524,0.5,3,-10,10,500,0.8,0.5,eff,1,6.5,10,15
7.482433334471366,-89.11140995875189,1.6648435882347152,-256.0116436395967,29.41995,-156.96269599717186,17.51338401856461,-151.04598936873882,0.5,3,-10,10,500,0.8,0.5,eff,0.5,35,10,15
10.361951210723882,-83.52037815475732,1.7398467296524174,-279.4111698235828,29.41995,-178.4802730419561,17.51338401856461,-169.11919669713572,0.5,3,-10,10,500,0.8,1,eq,1,6.5,15,15
10.361951210723882,-87.89424806992096,1.6648435882347152,-286.30519195268266,29.41995,-191.289715607578,17.51338401856461,-179.8782013363589,0.5,3,-10,10,500,0.8,0.5,eff,0.5,35,15,15
7.482433334471366,-85.97479807941954,1.7398467296524174,-250.85965258959396,29.41995,-145.92921045313068,17.51338401856461,-141.778660088249,0.5,3,-10,10,500,0.8,1,eq,1,35,10,15
10.361951210723882,-85.94628876042776,1.7398467296524174,-281.8370804292532,29.41995,-181.24600935448234,17.51338401856461,-171.44221502247626,0.5,3,-10,10,500,0.8,1,eq,0.5,6.5,15,15
7.482433334471366,-84.88041588240203,1.7398467296524174,-249.76527039257647,29.41995,-144.68152532682515,17.51338401856461,-140.73069488652834,0.5,3,-10,10,500,0.8,1,eq,1,6.5,10,15
10.361951210723882,-83.52037815475732,1.7398467296524174,-279.4111698235828,29.41995,-178.4802730419561,17.51338401856461,-169.11919669713572,0.5,3,-10,10,500,0.8,1,eq,1,35,15,15
10.361951210723882,-83.52037815475732,1.7398467296524174,-273.2593560888065,29.41995,-177.42891940255404,17.51338401856461,-168.23613573442452,0.5,3,-10,10,500,0.8,1,eff,1,6.5,15,15
7.482433334471366,-89.11140995875189,1.7398467296524174,-253.9962644689263,29.41995,-149.50520428828665,17.51338401856461,-144.782236088155,0.5,3,-10,10,500,0.8,1,eq,0.5,35,10,15
10.361951210723882,-87.89424806992096,1.7398467296524174,-283.78503973874643,29.41995,-183.4668421342237,17.51338401856461,-173.30755381905306,0.5,3,-10,10,500,0.8,1,eq,0.5,35,15,15
7.482433334471366,-86.6232159880782,1.7398467296524174,-251.50807049825264,29.41995,-146.66845985156024,17.51338401856461,-142.39957607787935,0.5,3,-10,10,500,0.8,1,eq,0.5,6.5,10,15
10.361951210723882,-83.52037815475732,1.7398467296524174,-273.2593560888065,29.41995,-177.42891940255404,17.51338401856461,-168.23613573442452,0.5,3,-10,10,500,0.8,1,eff,1,35,15,15
7.482433334471366,-84.88041588240203,1.7398467296524174,-243.61345665780016,29.41995,-143.8734159067487,17.51338401856461,-140.05194146263332,0.5,3,-10,10,500,0.8,1,eff,1,6.5,10,15
10.361951210723882,-85.94628876042776,1.7398467296524174,-275.6852666944769,29.41995,-180.17475114918236,17.51338401856461,-170.54243566505446,0.5,3,-10,10,500,0.8,1,eff,0.5,6.5,15,15
7.482433334471366,-89.11140995875189,1.7398467296524174,-247.84445073415,29.41995,-148.66237961615346,17.51338401856461,-144.0743243651368,0.5,3,-10,10,500,0.8,1,eff,0.5,35,10,15
10.361951210723882,-87.89424806992096,1.7398467296524174,-277.6332260039701,29.41995,-182.37960094895465,17.51338401856461,-172.39434991526593,0.5,3,-10,10,500,0.8,1,eff,0.5,35,15,15
7.482433334471366,-86.6232159880782,1.7398467296524174,-245.35625676347632,29.41995,-145.8460507789491,17.51338401856461,-141.70881198082873,0.5,3,-10,10,500,0.8,1,eff,0.5,6.5,10,15
7.482433334471366,-85.97479807941954,1.7398467296524174,-244.70783885481768,29.41995,-145.11212164204994,17.51338401856461,-141.09236462581654,0.5,3,-10,10,500,0.8,1,eff,1,35,10,15
