ry_ini_q,ry_ini_delta,ry_fin_q,ry_fin_delta,snow_q,snow_delta,obs_fin_q,obs_fin_delta,resub_factor,prcp_duration,temp_air_fin,prcp_perday,p_top,rh_surf,dt,ALPHA_RY_MODE,h_air,surface_wind,temp_air_init,temp_sea_init
3.7378786914194815,-100.40969001363109,0.664380693404857,-343.4010897240817,0.0681017361111111,-230.70923663454428,2.817029365786833,-120.53527956150656,0.2,0.25,-20,1,400,0.7,0.5,eq,0.5,35,0,5
3.7378786914194815,-97.3964960215078,0.664380693404857,-340.38789573195845,0.0681017361111111,-227.17888477829143,2.817029365786833,-120.51821029745035,0.2,0.25,-20,1,400,0.7,0.5,eq,1,35,0,5
5.327510845438027,-97.19987474980884,0.664380693404857,-378.126524213427,0.0681017361111111,-271.3946363910348,2.817029365786833,-120.73199361720255,0.2,0.25,-20,1,400,0.7,0.5,eq,0.5,6.5,5,5
5.327510845438027,-94.80383130978498,0.664380693404857,-375.73048077340303,0.0681017361111111,-268.5873573281549,2.817029365786833,-120.71842041273028,0.2,0.25,-20,1,400,0.7,0.5,eq,1,6.5,5,5
5.327510845438027,-94.80383130978498,0.6968241909147566,-363.32525016986153,0.0681017361111111,-255.00945971081168,2.817029365786833,-120.6527712284008,0.2,0.25,-20,1,400,0.7,1,eq,1,6.5,5,5
3.7378786914194815,-97.91502633725602,0.664380693404857,-326.0017215772819,0.0681017361111111,-219.23228459984895,2.817029365786833,-120.47978845670515,0.2,0.25,-20,1,400,0.7,0.5,eff,0.5,6.5,0,5
5.327510845438027,-94.80383130978498,0.664380693404857,-359.73381294510773,0.0681017361111111,-258.30798869536267,2.817029365786833,-120.66871962802983,0.2,0.25,-20,1,400,0.7,0.5,eff,1,6.5,5,5
3.7378786914194815,-97.3964960215078,0.664380693404857,-325.4831912615337,0.0681017361111111,-218.63161217304372,2.817029365786833,-120.47688420333836,0.2,0.25,-20,1,400,0.7,0.5,eff,1,35,0,5
5.327510845438027,-97.19987474980884,0.664380693404857,-362.12985638513163,0.0681017361111111,-261.0835973418275,2.817029365786833,-120.68213970592356,0.2,0.25,-20,1,400,0.7,0.5,eff,0.5,6.5,5,5
3.7378786914194815,-100.40969001363109,0.664380693404857,-328.49638525365697,0.0681017361111111,-222.1221362421234,2.817029365786833,-120.49376089989894,0.2,0.25,-20,1,400,0.7,0.5,eff,0.5,35,0,5
3.7378786914194815,-96.24059247727779,0.664380693404857,-339.23199218772845,0.0681017361111111,-225.8245922122103,2.817029365786833,-120.51166228797105,0.2,0.25,-20,1,400,0.7,0.5,eq,1,6.5,0,5
5.327510845438027,-99.12385130279266,0.664380693404857,-380.05050076641083,0.0681017361111111,-273.64882719757213,2.817029365786833,-120.74289263794502,0.2,0.25,-20,1,400,0.7,0.5,eq,0.5,35,5,5
5.327510845438027,-94.80383130978498,0.664380693404857,-359.73381294510773,0.0681017361111111,-258.30798869536267,2.817029365786833,-120.66871962802983,0.2,0.25,-20,1,400,0.7,0.5,eff,1,35,5,5
3.7378786914194815,-97.3964960215078,0.6968241909147566,-328.4883382253419,0.0681017361111111,-214.24578683541654,2.817029365786833,-120.45567872189045,0.2,0.25,-20,1,400,0.7,1,eq,1,35,0,5
5.327510845438027,-94.80383130978498,0.6968241909147566,-363.32525016986153,0.0681017361111111,-255.00945971081168,2.817029365786833,-120.6527712284008,0.2,0.25,-20,1,400,0.7,1,eq,1,35,5,5
3.7378786914194815,-96.24059247727779,0.6968241909147566,-327.3324346811119,0.0681017361111111,-212.89323084458184,2.817029365786833,-120.44913910875887,0.2,0.25,-20,1,400,0.7,1,eq,1,6.5,0,5
3.7378786914194815,-97.91502633725602,0.6968241909147566,-329.0068685410901,0.0681017361111111,-214.85253407528543,2.817029365786833,-120.45861234700051,0.2,0.25,-20,1,400,0.7,1,eq,0.5,6.5,0,5
5.327510845438027,-97.19987474980884,0.6968241909147566,-365.72129360988544,0.0681017361111111,-257.8131390707364,2.817029365786833,-120.66632702829617,0.2,0.25,-20,1,400,0.7,1,eq,0.5,6.5,5,5
3.7378786914194815,-96.24059247727779,0.664380693404857,-324.3272877173037,0.0681017361111111,-217.2925981058387,2.817029365786833,-120.47041006545678,0.2,0.25,-20,1,400,0.7,0.5,eff,1,6.5,0,5
5.327510845438027,-99.12385130279266,0.6968241909147566,-367.6452701628692,0.0681017361111111,-260.06443938540076,2.817029365786833,-120.67721207350002,0.2,0.25,-20,1,400,0.7,1,eq,0.5,35,5,5
5.327510845438027,-94.80383130978498,0.6968241909147566,-348.0515354700857,0.0681017361111111,-245.59505767675057,2.817029365786833,-120.60725256034898,0.2,0.25,-20,1,400,0.7,1,eff,1,6.5,5,5
5.327510845438027,-99.12385130279266,0.664380693404857,-364.0538329381154,0.0681017361111111,-263.31235741624783,2.817029365786833,-120.6929157689839,0.2,0.25,-20,1,400,0.7,0.5,eff,0.5,35,5,5
3.7378786914194815,-97.91502633725602,0.6968241909147566,-314.84333939733136,0.0681017361111111,-207.16801024851299,2.817029365786833,-120.42145764636825,0.2,0.25,-20,1,400,0.7,1,eff,0.5,6.5,0,5
3.7378786914194815,-100.40969001363109,0.6968241909147566,-317.3380030737065,0.0681017361111111,-210.05472409472392,2.817029365786833,-120.43541491830656,0.2,0.25,-20,1,400,0.7,1,eff,0.5,35,0,5
5.327510845438027,-94.80383130978498,0.664380693404857,-375.73048077340303,0.0681017361111111,-268.5873573281549,2.817029365786833,-120.71842041273028,0.2,0.25,-20,1,400,0.8,0.5,eq,1,35,5,5
3.7378786914194815,-97.3964960215078,0.6968241909147566,-314.32480908158317,0.0681017361111111,-206.56799003094835,2.817029365786833,-120.41855654643552,0.2,0.25,-20,1,400,0.7,1,eff,1,35,0,5
3.7378786914194815,-96.24059247727779,0.664380693404857,-339.23199218772845,0.0681017361111111,-225.8245922122103,2.817029365786833,-120.51166228797105,0.2,0.25,-20,1,400,0.8,0.5,eq,1,6.5,0,5
5.327510845438027,-94.80383130978498,0.664380693404857,-375.73048077340303,0.0681017361111111,-268.5873573281549,2.817029365786833,-120.71842041273028,0.2,0.25,-20,1,400,0.8,0.5,eq,1,6.5,5,5
5.327510845438027,-94.80383130978498,0.6968241909147566,-348.0515354700857,0.0681017361111111,-245.59505767675057,2.817029365786833,-120.60725256034898,0.2,0.25,-20,1,400,0.7,1,eff,1,35,5,5
3.7378786914194815,-100.40969001363109,0.6968241909147566,-331.5015322174652,0.0681017361111111,-217.77161181093703,2.817029365786833,-120.47272609846193,0.2,0.25,-20,1,400,0.7,1,eq,0.5,35,0,5
5.327510845438027,-97.19987474980884,0.6968241909147566,-350.4475789101096,0.0681017361111111,-248.36765257175276,2.817029365786833,-120.62065806674337,0.2,0.25,-20,1,400,0.7,1,eff,0.5,6.5,5,5
5.327510845438027,-99.12385130279266,0.6968241909147566,-352.3715554630934,0.0681017361111111,-250.59399266230614,2.817029365786833,-120.63142242917301,0.2,0.25,-20,1,400,0.7,1,eff,0.5,35,5,5
5.327510845438027,-97.19987474980884,0.664380693404857,-378.126524213427,0.0681017361111111,-271.3946363910348,2.817029365786833,-120.73199361720255,0.2,0.25,-20,1,400,0.8,0.5,eq,0.5,6.5,5,5
3.7378786914194815,-97.91502633725602,0.664380693404857,-340.90642604770665,0.0681017361111111,-227.78641103368693,2.817029365786833,-120.52114768910327,0.2,0.25,-20,1,400,0.8,0.5,eq,0.5,6.5,0,5
3.7378786914194815,-97.3964960215078,0.664380693404857,-340.38789573195845,0.0681017361111111,-227.17888477829143,2.817029365786833,-120.51821029745035,0.2,0.25,-20,1,400,0.8,0.5,eq,1,35,0,5
3.7378786914194815,-96.24059247727779,0.6968241909147566,-313.16890553735317,0.0681017361111111,-205.2304298628346,2.817029365786833,-120.41208943816129,0.2,0.25,-20,1,400,0.7,1,eff,1,6.5,0,5
5.327510845438027,-94.80383130978498,0.664380693404857,-359.73381294510773,0.0681017361111111,-258.30798869536267,2.817029365786833,-120.66871962802983,0.2,0.25,-20,1,400,0.8,0.5,eff,1,6.5,5,5
5.327510845438027,-99.12385130279266,0.664380693404857,-380.05050076641083,0.0681017361111111,-273.64882719757213,2.817029365786833,-120.74289263794502,0.2,0.25,-20,1,400,0.8,0.5,eq,0.5,35,5,5
5.327510845438027,-94.80383130978498,0.664380693404857,-359.73381294510773,0.0681017361111111,-258.30798869536267,2.817029365786833,-120.66871962802983,0.2,0.25,-20,1,400,0.8,0.5,eff,1,35,5,5
3.7378786914194815,-100.40969001363109,0.664380693404857,-343.4010897240817,0.0681017361111111,-230.70923663454428,2.817029365786833,-120.53527956150656,0.2,0.25,-20,1,400,0.8,0.5,eq,0.5,35,0,5
3.7378786914194815,-97.91502633725602,0.664380693404857,-326.0017215772819,0.0681017361111111,-219.23228459984895,2.817029365786833,-120.47978845670515,0.2,0.25,-20,1,400,0.8,0.5,eff,0.5,6.5,0,5
5.327510845438027,-97.19987474980884,0.664380693404857,-362.12985638513163,0.0681017361111111,-261.0835973418275,2.817029365786833,-120.68213970592356,0.2,0.25,-20,1,400,0.8,0.5,eff,0.5,6.5,5,5
3.7378786914194815,-97.3964960215078,0.664380693404857,-325.4831912615337,0.0681017361111111,-218.63161217304372,2.817029365786833,-120.47688420333836,0.2,0.25,-20,1,400,0.8,0.5,eff,1,35,0,5
3.7378786914194815,-96.24059247727779,0.664380693404857,-324.3272877173037,0.0681017361111111,-217.2925981058387,2.817029365786833,-120.47041006545678,0.2,0.25,-20,1,400,0.8,0.5,eff,1,6.5,0,5
5.327510845438027,-99.12385130279266,0.664380693404857,-364.0538329381154,0.0681017361111111,-263.31235741624783,2.817029365786833,-120.6929157689839,0.2,0.25,-20,1,400,0.8,0.5,eff,0.5,35,5,5
5.327510845438027,-94.80383130978498,0.6968241909147566,-363.32525016986153,0.0681017361111111,-255.00945971081168,2.817029365786833,-120.6527712284008,0.2,0.25,-20,1,400,0.8,1,eq,1,6.5,5,5
3.7378786914194815,-100.40969001363109,0.664380693404857,-328.49638525365697,0.0681017361111111,-222.1221362421234,2.817029365786833,-120.49376089989894,0.2,0.25,-20,1,400,0.8,0.5,eff,0.5,35,0,5
5.327510845438027,-94.80383130978498,0.6968241909147566,-363.32525016986153,0.0681017361111111,-255.00945971081168,2.817029365786833,-120.6527712284008,0.2,0.25,-20,1,400,0.8,1,eq,1,35,5,5
3.7378786914194815,-96.24059247727779,0.6968241909147566,-327.3324346811119,0.0681017361111111,-212.89323084458184,2.817029365786833,-120.44913910875887,0.2,0.25,-20,1,400,0.8,1,eq,1,6.5,0,5
3.7378786914194815,-100.40969001363109,0.6968241909147566,-331.5015322174652,0.0681017361111111,-217.77161181093703,2.817029365786833,-120.47272609846193,0.2,0.25,-20,1,400,0.8,1,eq,0.5,35,0,5
3.7378786914194815,-97.3964960215078,0.6968241909147566,-328.4883382253419,0.0681017361111111,-214.24578683541654,2.817029365786833,-120.45567872189045,0.2,0.25,-20,1,400,0.8,1,eq,1,35,0,5
5.327510845438027,-97.19987474980884,0.6968241909147566,-365.72129360988544,0.0681017361111111,-257.8131390707364,2.817029365786833,-120.66632702829617,0.2,0.25,-20,1,400,0.8,1,eq,0.5,6.5,5,5
5.327510845438027,-99.12385130279266,0.6968241909147566,-367.6452701628692,0.0681017361111111,-260.06443938540076,2.817029365786833,-120.67721207350002,0.2,0.25,-20,1,400,0.8,1,eq,0.5,35,5,5
3.7378786914194815,-97.91502633725602,0.6968241909147566,-329.0068685410901,0.0681017361111111,-214.85253407528543,2.817029365786833,-120.45861234700051,0.2,0.25,-20,1,400,0.8,1,eq,0.5,6.5,0,5
3.7378786914194815,-96.24059247727779,0.6968241909147566,-313.16890553735317,0.0681017361111111,-205.2304298628346,2.817029365786833,-120.41208943816129,0.2,0.25,-20,1,400,0.8,1,eff,1,6.5,0,5
5.327510845438027,-94.80383130978498,0.6968241909147566,-348.0515354700857,0.0681017361111111,-245.59505767675057,2.817029365786833,-120.60725256034898,0.2,0.25,-20,1,400,0.8,1,eff,1,35,5,5
5.327510845438027,-94.80383130978498,0.6968241909147566,-348.0515354700857,0.0681017361111111,-245.59505767675057,2.817029365786833,-120.60725256034898,0.2,0.25,-20,1,400,0.8,1,eff,1,6.5,5,5
3.7378786914194815,-97.3964960215078,0.6968241909147566,-314.32480908158317,0.0681017361111111,-206.56799003094835,2.817029365786833,-120.41855654643552,0.2,0.25,-20,1,400,0.8,1,eff,1,35,0,5
5.327510845438027,-97.19987474980884,0.6968241909147566,-350.4475789101096,0.0681017361111111,-248.36765257175276,2.817029365786833,-120.62065806674337,0.2,0.25,-20,1,400,0.8,1,eff,0.5,6.5,5,5
3.7378786914194815,-100.40969001363109,0.6968241909147566,-317.3380030737065,0.0681017361111111,-210.05472409472392,2.817029365786833,-120.43541491830656,0.2,0.25,-20,1,400,0.8,1,eff,0.5,35,0,5
5.327510845438027,-99.12385130279266,0.6968241909147566,-352.3715554630934,0.0681017361111111,-250.59399266230614,2.817029365786833,-120.63142242917301,0.2,0.25,-20,1,400,0.8,1,eff,0.5,35,5,5
3.7378786914194815,-97.91502633725602,0.6968241909147566,-314.84333939733136,0.0681017361111111,-207.16801024851299,2.817029365786833,-120.42145764636825,0.2,0.25,-20,1,400,0.8,1,eff,0.5,6.5,0,5
5.327510845438027,-94.80383130978498,0.664380693404857,-375.73048077340303,0.08755937499999998,-268.5876299786005,2.820920893564611,-120.92241083706645,0.2,0.25,-20,1,500,0.7,0.5,eq,1,35,5,5
3.7378786914194815,-96.24059247727779,0.664380693404857,-339.23199218772845,0.08755937499999998,-225.8248648628123,2.820920893564611,-120.65694568380026,0.2,0.25,-20,1,500,0.7,0.5,eq,1,6.5,0,5
5.327510845438027,-94.80383130978498,0.664380693404857,-375.73048077340303,0.08755937499999998,-268.5876299786005,2.820920893564611,-120.92241083706645,0.2,0.25,-20,1,500,0.7,0.5,eq,1,6.5,5,5
3.7378786914194815,-97.3964960215078,0.664380693404857,-340.38789573195845,0.08755937499999998,-227.17915742860345,2.820920893564611,-120.66535293909753,0.2,0.25,-20,1,500,0.7,0.5,eq,1,35,0,5
5.327510845438027,-97.19987474980884,0.664380693404857,-378.126524213427,0.08755937499999998,-271.39490904144503,2.820920893564611,-120.93983802552499,0.2,0.25,-20,1,500,0.7,0.5,eq,0.5,6.5,5,5
5.327510845438027,-94.80383130978498,0.664380693404857,-359.73381294510773,0.08755937499999998,-258.3082375092273,2.820920893564611,-120.85859783316045,0.2,0.25,-20,1,500,0.7,0.5,eff,1,6.5,5,5
3.7378786914194815,-100.40969001363109,0.664380693404857,-343.4010897240817,0.08755937499999998,-230.7095092850487,2.820920893564611,-120.68726886043979,0.2,0.25,-20,1,500,0.7,0.5,eq,0.5,35,0,5
3.7378786914194815,-96.24059247727779,0.664380693404857,-324.3272877173037,0.08755937499999998,-217.29284691989335,2.820920893564611,-120.60398013199946,0.2,0.25,-20,1,500,0.7,0.5,eff,1,6.5,0,5
3.7378786914194815,-97.3964960215078,0.664380693404857,-325.4831912615337,0.08755937499999998,-218.6318609870501,2.820920893564611,-120.61229254055394,0.2,0.25,-20,1,500,0.7,0.5,eff,1,35,0,5
3.7378786914194815,-97.91502633725602,0.664380693404857,-326.0017215772819,0.08755937499999998,-219.2325334138556,2.820920893564611,-120.61602142939954,0.2,0.25,-20,1,500,0.7,0.5,eff,0.5,6.5,0,5
5.327510845438027,-97.19987474980884,0.664380693404857,-362.12985638513163,0.08755937499999998,-261.083846155687,2.820920893564611,-120.87582841618627,0.2,0.25,-20,1,500,0.7,0.5,eff,0.5,6.5,5,5
3.7378786914194815,-97.91502633725602,0.664380693404857,-340.90642604770665,0.08755937499999998,-227.7866836840068,2.820920893564611,-120.66912437553445,0.2,0.25,-20,1,500,0.7,0.5,eq,0.5,6.5,0,5
5.327510845438027,-94.80383130978498,0.664380693404857,-359.73381294510773,0.08755937499999998,-258.3082375092273,2.820920893564611,-120.85859783316045,0.2,0.25,-20,1,500,0.7,0.5,eff,1,35,5,5
5.327510845438027,-94.80383130978498,0.6968241909147566,-363.32525016986153,0.08755937499999998,-255.0097170609204,2.820920893564611,-120.83812108817004,0.2,0.25,-20,1,500,0.7,1,eq,1,6.5,5,5
5.327510845438027,-99.12385130279266,0.664380693404857,-364.0538329381154,0.08755937499999998,-263.31260623011707,2.820920893564611,-120.88966424118841,0.2,0.25,-20,1,500,0.7,0.5,eff,0.5,35,5,5
3.7378786914194815,-96.24059247727779,0.6968241909147566,-327.3324346811119,0.08755937499999998,-212.893488194821,2.820920893564611,-120.57666953982749,0.2,0.25,-20,1,500,0.7,1,eq,1,6.5,0,5
5.327510845438027,-97.19987474980884,0.6968241909147566,-365.72129360988544,0.08755937499999998,-257.81339642079905,2.820920893564611,-120.85552593018545,0.2,0.25,-20,1,500,0.7,1,eq,0.5,6.5,5,5
3.7378786914194815,-97.3964960215078,0.6968241909147566,-328.4883382253419,0.08755937499999998,-214.2460441855531,2.820920893564611,-120.58506601471409,0.2,0.25,-20,1,500,0.7,1,eq,1,35,0,5
5.327510845438027,-94.80383130978498,0.6968241909147566,-363.32525016986153,0.08755937499999998,-255.0097170609204,2.820920893564611,-120.83812108817004,0.2,0.25,-20,1,500,0.7,1,eq,1,35,5,5
5.327510845438027,-99.12385130279266,0.664380693404857,-380.05050076641083,0.08755937499999998,-273.64909984797265,2.820920893564611,-120.9538317208888,0.2,0.25,-20,1,500,0.7,0.5,eq,0.5,35,5,5
3.7378786914194815,-100.40969001363109,0.664380693404857,-328.49638525365697,0.08755937499999998,-222.12238505600962,2.820920893564611,-120.63396121666592,0.2,0.25,-20,1,500,0.7,0.5,eff,0.5,35,0,5
5.327510845438027,-99.12385130279266,0.6968241909147566,-367.6452701628692,0.08755937499999998,-260.0646967357378,2.820920893564611,-120.86950168178933,0.2,0.25,-20,1,500,0.7,1,eq,0.5,35,5,5
3.7378786914194815,-97.91502633725602,0.6968241909147566,-329.0068685410901,0.08755937499999998,-214.85279142545605,2.820920893564611,-120.58883261513398,0.2,0.25,-20,1,500,0.7,1,eq,0.5,6.5,0,5
5.327510845438027,-97.19987474980884,0.6968241909147566,-350.4475789101096,0.08755937499999998,-248.36788766208332,2.820920893564611,-120.79688955754864,0.2,0.25,-20,1,500,0.7,1,eff,0.5,6.5,5,5
3.7378786914194815,-97.91502633725602,0.6968241909147566,-314.84333939733136,0.08755937499999998,-207.16824533881376,2.820920893564611,-120.54112804787431,0.2,0.25,-20,1,500,0.7,1,eff,0.5,6.5,0,5
3.7378786914194815,-100.40969001363109,0.6968241909147566,-331.5015322174652,0.08755937499999998,-217.77186916106416,2.820920893564611,-120.60695383382448,0.2,0.25,-20,1,500,0.7,1,eq,0.5,35,0,5
5.327510845438027,-94.80383130978498,0.6968241909147566,-348.0515354700857,0.08755937499999998,-245.59529276674812,2.820920893564611,-120.77967768346043,0.2,0.25,-20,1,500,0.7,1,eff,1,6.5,5,5
5.327510845438027,-94.80383130978498,0.6968241909147566,-348.0515354700857,0.08755937499999998,-245.59529276674812,2.820920893564611,-120.77967768346043,0.2,0.25,-20,1,500,0.7,1,eff,1,35,5,5
5.327510845438027,-94.80383130978498,0.664380693404857,-375.73048077340303,0.08755937499999998,-268.5876299786005,2.820920893564611,-120.92241083706645,0.2,0.25,-20,1,500,0.8,0.5,eq,1,6.5,5,5
3.7378786914194815,-100.40969001363109,0.6968241909147566,-317.3380030737065,0.08755937499999998,-210.05495918498923,2.820920893564611,-120.55904835615038,0.2,0.25,-20,1,500,0.7,1,eff,0.5,35,0,5
3.7378786914194815,-96.24059247727779,0.6968241909147566,-313.16890553735317,0.08755937499999998,-205.2306649530623,2.820920893564611,-120.52909982489402,0.2,0.25,-20,1,500,0.7,1,eff,1,6.5,0,5
3.7378786914194815,-97.91502633725602,0.664380693404857,-340.90642604770665,0.08755937499999998,-227.7866836840068,2.820920893564611,-120.66912437553445,0.2,0.25,-20,1,500,0.8,0.5,eq,0.5,6.5,0,5
3.7378786914194815,-97.3964960215078,0.664380693404857,-340.38789573195845,0.08755937499999998,-227.17915742860345,2.820920893564611,-120.66535293909753,0.2,0.25,-20,1,500,0.8,0.5,eq,1,35,0,5
3.7378786914194815,-96.24059247727779,0.664380693404857,-339.23199218772845,0.08755937499999998,-225.8248648628123,2.820920893564611,-120.65694568380026,0.2,0.25,-20,1,500,0.8,0.5,eq,1,6.5,0,5
5.327510845438027,-94.80383130978498,0.664380693404857,-375.73048077340303,0.08755937499999998,-268.5876299786005,2.820920893564611,-120.92241083706645,0.2,0.25,-20,1,500,0.8,0.5,eq,1,35,5,5
3.7378786914194815,-97.3964960215078,0.6968241909147566,-314.32480908158317,0.08755937499999998,-206.56822512103997,2.820920893564611,-120.53740320784945,0.2,0.25,-20,1,500,0.7,1,eff,1,35,0,5
5.327510845438027,-99.12385130279266,0.6968241909147566,-352.3715554630934,0.08755937499999998,-250.5942277526828,2.820920893564611,-120.81071035963586,0.2,0.25,-20,1,500,0.7,1,eff,0.5,35,5,5
3.7378786914194815,-100.40969001363109,0.664380693404857,-343.4010897240817,0.08755937499999998,-230.7095092850487,2.820920893564611,-120.68726886043979,0.2,0.25,-20,1,500,0.8,0.5,eq,0.5,35,0,5
5.327510845438027,-97.19987474980884,0.664380693404857,-362.12985638513163,0.08755937499999998,-261.083846155687,2.820920893564611,-120.87582841618627,0.2,0.25,-20,1,500,0.8,0.5,eff,0.5,6.5,5,5
5.327510845438027,-99.12385130279266,0.664380693404857,-380.05050076641083,0.08755937499999998,-273.64909984797265,2.820920893564611,-120.9538317208888,0.2,0.25,-20,1,500,0.8,0.5,eq,0.5,35,5,5
5.327510845438027,-94.80383130978498,0.664380693404857,-359.73381294510773,0.08755937499999998,-258.3082375092273,2.820920893564611,-120.85859783316045,0.2,0.25,-20,1,500,0.8,0.5,eff,1,6.5,5,5
5.327510845438027,-97.19987474980884,0.664380693404857,-378.126524213427,0.08755937499999998,-271.39490904144503,2.820920893564611,-120.93983802552499,0.2,0.25,-20,1,500,0.8,0.5,eq,0.5,6.5,5,5
5.327510845438027,-94.80383130978498,0.664380693404857,-359.73381294510773,0.08755937499999998,-258.3082375092273,2.820920893564611,-120.85859783316045,0.2,0.25,-20,1,500,0.8,0.5,eff,1,35,5,5
3.7378786914194815,-100.40969001363109,0.664380693404857,-328.49638525365697,0.08755937499999998,-222.12238505600962,2.820920893564611,-120.63396121666592,0.2,0.25,-20,1,500,0.8,0.5,eff,0.5,35,0,5
3.7378786914194815,-97.91502633725602,0.664380693404857,-326.0017215772819,0.08755937499999998,-219.2325334138556,2.820920893564611,-120.61602142939954,0.2,0.25,-20,1,500,0.8,0.5,eff,0.5,6.5,0,5
3.7378786914194815,-96.24059247727779,0.664380693404857,-324.3272877173037,0.08755937499999998,-217.29284691989335,2.820920893564611,-120.60398013199946,0.2,0.25,-20,1,500,0.8,0.5,eff,1,6.5,0,5
5.327510845438027,-99.12385130279266,0.664380693404857,-364.0538329381154,0.08755937499999998,-263.31260623011707,2.820920893564611,-120.88966424118841,0.2,0.25,-20,1,500,0.8,0.5,eff,0.5,35,5,5
3.7378786914194815,-97.3964960215078,0.664380693404857,-325.4831912615337,0.08755937499999998,-218.6318609870501,2.820920893564611,-120.61229254055394,0.2,0.25,-20,1,500,0.8,0.5,eff,1,35,0,5
3.7378786914194815,-97.3964960215078,0.6968241909147566,-328.4883382253419,0.08755937499999998,-214.2460441855531,2.820920893564611,-120.58506601471409,0.2,0.25,-20,1,500,0.8,1,eq,1,35,0,5
5.327510845438027,-94.80383130978498,0.6968241909147566,-363.32525016986153,0.08755937499999998,-255.0097170609204,2.820920893564611,-120.83812108817004,0.2,0.25,-20,1,500,0.8,1,eq,1,6.5,5,5
3.7378786914194815,-96.24059247727779,0.6968241909147566,-327.3324346811119,0.08755937499999998,-212.893488194821,2.820920893564611,-120.57666953982749,0.2,0.25,-20,1,500,0.8,1,eq,1,6.5,0,5
5.327510845438027,-97.19987474980884,0.6968241909147566,-365.72129360988544,0.08755937499999998,-257.81339642079905,2.820920893564611,-120.85552593018545,0.2,0.25,-20,1,500,0.8,1,eq,0.5,6.5,5,5
3.7378786914194815,-97.91502633725602,0.6968241909147566,-329.0068685410901,0.08755937499999998,-214.85279142545605,2.820920893564611,-120.58883261513398,0.2,0.25,-20,1,500,0.8,1,eq,0.5,6.5,0,5
5.327510845438027,-94.80383130978498,0.6968241909147566,-363.32525016986153,0.08755937499999998,-255.0097170609204,2.820920893564611,-120.83812108817004,0.2,0.25,-20,1,500,0.8,1,eq,1,35,5,5
5.327510845438027,-97.19987474980884,0.6968241909147566,-350.4475789101096,0.08755937499999998,-248.36788766208332,2.820920893564611,-120.79688955754864,0.2,0.25,-20,1,500,0.8,1,eff,0.5,6.5,5,5
3.7378786914194815,-97.91502633725602,0.6968241909147566,-314.84333939733136,0.08755937499999998,-207.16824533881376,2.820920893564611,-120.54112804787431,0.2,0.25,-20,1,500,0.8,1,eff,0.5,6.5,0,5
5.327510845438027,-94.80383130978498,0.6968241909147566,-348.0515354700857,0.08755937499999998,-245.59529276674812,2.820920893564611,-120.77967768346043,0.2,0.25,-20,1,500,0.8,1,eff,1,35,5,5
5.327510845438027,-99.12385130279266,0.6968241909147566,-367.6452701628692,0.08755937499999998,-260.0646967357378,2.820920893564611,-120.86950168178933,0.2,0.25,-20,1,500,0.8,1,eq,0.5,35,5,5
3.7378786914194815,-100.40969001363109,0.6968241909147566,-331.5015322174652,0.08755937499999998,-217.77186916106416,2.820920893564611,-120.60695383382448,0.2,0.25,-20,1,500,0.8,1,eq,0.5,35,0,5
3.7378786914194815,-96.24059247727779,0.6968241909147566,-313.16890553735317,0.08755937499999998,-205.2306649530623,2.820920893564611,-120.52909982489402,0.2,0.25,-20,1,500,0.8,1,eff,1,6.5,0,5
3.7378786914194815,-97.3964960215078,0.6968241909147566,-314.32480908158317,0.08755937499999998,-206.56822512103997,2.820920893564611,-120.53740320784945,0.2,0.25,-20,1,500,0.8,1,eff,1,35,0,5
5.327510845438027,-94.80383130978498,0.6968241909147566,-348.0515354700857,0.08755937499999998,-245.59529276674812,2.820920893564611,-120.77967768346043,0.2,0.25,-20,1,500,0.8,1,eff,1,6.5,5,5
3.7378786914194815,-100.40969001363109,0.6968241909147566,-317.3380030737065,0.08755937499999998,-210.05495918498923,2.820920893564611,-120.55904835615038,0.2,0.25,-20,1,500,0.8,1,eff,0.5,35,0,5
5.327510845438027,-99.12385130279266,0.6968241909147566,-352.3715554630934,0.08755937499999998,-250.5942277526828,2.820920893564611,-120.81071035963586,0.2,0.25,-20,1,500,0.8,1,eff,0.5,35,5,5
5.327510845438027,-94.80383130978498,0.664380693404857,-375.73048077340303,0.1362034722222222,-268.58831160487296,2.8306497130090555,-121.42993630608623,0.2,0.25,-20,2,400,0.7,0.5,eq,1,6.5,5,5
3.7378786914194815,-96.24059247727779,0.664380693404857,-339.23199218772845,0.1362034722222222,-225.82554648912273,2.8306497130090555,-121.01840978877676,0.2,0.25,-20,2,400,0.7,0.5,eq,1,6.5,0,5
3.7378786914194815,-97.91502633725602,0.664380693404857,-340.90642604770665,0.1362034722222222,-227.78736531027246,2.8306497130090555,-121.03728930849145,0.2,0.25,-20,2,400,0.7,0.5,eq,0.5,6.5,0,5
5.327510845438027,-94.80383130978498,0.664380693404857,-375.73048077340303,0.1362034722222222,-268.58831160487296,2.8306497130090555,-121.42993630608623,0.2,0.25,-20,2,400,0.7,0.5,eq,1,35,5,5
3.7378786914194815,-97.3964960215078,0.664380693404857,-340.38789573195845,0.1362034722222222,-227.17983905505596,2.8306497130090555,-121.03144279311051,0.2,0.25,-20,2,400,0.7,0.5,eq,1,35,0,5
3.7378786914194815,-96.24059247727779,0.664380693404857,-324.3272877173037,0.1362034722222222,-217.29346895458372,2.8306497130090555,-120.93630153072333,0.2,0.25,-20,2,400,0.7,0.5,eff,1,6.5,0,5
3.7378786914194815,-100.40969001363109,0.664380693404857,-343.4010897240817,0.1362034722222222,-230.7101909113143,2.8306497130090555,-121.06541705554064,0.2,0.25,-20,2,400,0.7,0.5,eq,0.5,35,0,5
5.327510845438027,-99.12385130279266,0.664380693404857,-380.05050076641083,0.1362034722222222,-273.6497814742745,2.8306497130090555,-121.47864524860164,0.2,0.25,-20,2,400,0.7,0.5,eq,0.5,35,5,5
5.327510845438027,-94.80383130978498,0.664380693404857,-359.73381294510773,0.1362034722222222,-258.30885954389487,2.8306497130090555,-121.3310122282103,0.2,0.25,-20,2,400,0.7,0.5,eff,1,6.5,5,5
5.327510845438027,-97.19987474980884,0.664380693404857,-378.126524213427,0.1362034722222222,-271.39559066771,2.8306497130090555,-121.45695209359953,0.2,0.25,-20,2,400,0.7,0.5,eq,0.5,6.5,5,5
5.327510845438027,-94.80383130978498,0.664380693404857,-359.73381294510773,0.1362034722222222,-258.30885954389487,2.8306497130090555,-121.3310122282103,0.2,0.25,-20,2,400,0.7,0.5,eff,1,35,5,5
3.7378786914194815,-97.3964960215078,0.664380693404857,-325.4831912615337,0.1362034722222222,-218.63248302178692,2.8306497130090555,-120.94918750276507,0.2,0.25,-20,2,400,0.7,0.5,eff,1,35,0,5
5.327510845438027,-99.12385130279266,0.664380693404857,-364.0538329381154,0.1362034722222222,-263.31322826503305,2.8306497130090555,-121.37917165909751,0.2,0.25,-20,2,400,0.7,0.5,eff,0.5,35,5,5
3.7378786914194815,-97.91502633725602,0.664380693404857,-326.0017215772819,0.1362034722222222,-219.2331554485181,2.8306497130090555,-120.95496806048023,0.2,0.25,-20,2,400,0.7,0.5,eff,0.5,6.5,0,5
5.327510845438027,-97.19987474980884,0.664380693404857,-362.12985638513163,0.1362034722222222,-261.0844681903512,2.8306497130090555,-121.35772323617711,0.2,0.25,-20,2,400,0.7,0.5,eff,0.5,6.5,5,5
5.327510845438027,-94.80383130978498,0.6968241909147566,-363.32525016986153,0.1362034722222222,-255.01036043651925,2.8306497130090555,-121.29926919554302,0.2,0.25,-20,2,400,0.7,1,eq,1,6.5,5,5
3.7378786914194815,-100.40969001363109,0.664380693404857,-328.49638525365697,0.1362034722222222,-222.12300709086202,2.8306497130090555,-120.98277848337258,0.2,0.25,-20,2,400,0.7,0.5,eff,0.5,35,0,5
3.7378786914194815,-97.91502633725602,0.6968241909147566,-329.0068685410901,0.1362034722222222,-214.85343480109378,2.8306497130090555,-120.91281991641267,0.2,0.25,-20,2,400,0.7,1,eq,0.5,6.5,0,5
3.7378786914194815,-96.24059247727779,0.6968241909147566,-327.3324346811119,0.1362034722222222,-212.89413157044612,2.8306497130090555,-120.893964605427,0.2,0.25,-20,2,400,0.7,1,eq,1,6.5,0,5
3.7378786914194815,-100.40969001363109,0.6968241909147566,-331.5015322174652,0.1362034722222222,-217.77251253669272,2.8306497130090555,-120.94091159596232,0.2,0.25,-20,2,400,0.7,1,eq,0.5,35,0,5
5.327510845438027,-94.80383130978498,0.6968241909147566,-363.32525016986153,0.1362034722222222,-255.01036043651925,2.8306497130090555,-121.29926919554302,0.2,0.25,-20,2,400,0.7,1,eq,1,35,5,5
5.327510845438027,-97.19987474980884,0.6968241909147566,-365.72129360988544,0.1362034722222222,-257.81403979643756,2.8306497130090555,-121.32625034139544,0.2,0.25,-20,2,400,0.7,1,eq,0.5,6.5,5,5
5.327510845438027,-99.12385130279266,0.6968241909147566,-367.6452701628692,0.1362034722222222,-260.0653401113764,2.8306497130090555,-121.34791567981596,0.2,0.25,-20,2,400,0.7,1,eq,0.5,35,5,5
5.327510845438027,-94.80383130978498,0.6968241909147566,-348.0515354700857,0.1362034722222222,-245.595880492234,2.8306497130090555,-121.2086691575599,0.2,0.25,-20,2,400,0.7,1,eff,1,35,5,5
3.7378786914194815,-97.3964960215078,0.6968241909147566,-328.4883382253419,0.1362034722222222,-214.24668756119067,2.8306497130090555,-120.90698089786822,0.2,0.25,-20,2,400,0.7,1,eq,1,35,0,5
3.7378786914194815,-96.24059247727779,0.6968241909147566,-313.16890553735317,0.1362034722222222,-205.23125267855903,2.8306497130090555,-120.82022106114498,0.2,0.25,-20,2,400,0.7,1,eff,1,6.5,0,5
5.327510845438027,-94.80383130978498,0.6968241909147566,-348.0515354700857,0.1362034722222222,-245.595880492234,2.8306497130090555,-121.2086691575599,0.2,0.25,-20,2,400,0.7,1,eff,1,6.5,5,5
3.7378786914194815,-97.3964960215078,0.6968241909147566,-314.32480908158317,0.1362034722222222,-206.5688128465391,2.8306497130090555,-120.83309304161982,0.2,0.25,-20,2,400,0.7,1,eff,1,35,0,5
5.327510845438027,-97.19987474980884,0.6968241909147566,-350.4475789101096,0.1362034722222222,-248.36847538757928,2.8306497130090555,-121.23535116276007,0.2,0.25,-20,2,400,0.7,1,eff,0.5,6.5,5,5
3.7378786914194815,-97.91502633725602,0.6968241909147566,-314.84333939733136,0.1362034722222222,-207.16883306431032,2.8306497130090555,-120.83886732281657,0.2,0.25,-20,2,400,0.7,1,eff,0.5,6.5,0,5
5.327510845438027,-99.12385130279266,0.6968241909147566,-352.3715554630934,0.1362034722222222,-250.59481547816858,2.8306497130090555,-121.25677629701758,0.2,0.25,-20,2,400,0.7,1,eff,0.5,35,5,5
3.7378786914194815,-100.40969001363109,0.6968241909147566,-317.3380030737065,0.1362034722222222,-210.05554691047598,2.8306497130090555,-120.86664754919741,0.2,0.25,-20,2,400,0.7,1,eff,0.5,35,0,5
5.327510845438027,-94.80383130978498,0.664380693404857,-375.73048077340303,0.1362034722222222,-268.58831160487296,2.8306497130090555,-121.42993630608623,0.2,0.25,-20,2,400,0.8,0.5,eq,1,35,5,5
3.7378786914194815,-96.24059247727779,0.664380693404857,-339.23199218772845,0.1362034722222222,-225.82554648912273,2.8306497130090555,-121.01840978877676,0.2,0.25,-20,2,400,0.8,0.5,eq,1,6.5,0,5
3.7378786914194815,-96.24059247727779,0.664380693404857,-324.3272877173037,0.1362034722222222,-217.29346895458372,2.8306497130090555,-120.93630153072333,0.2,0.25,-20,2,400,0.8,0.5,eff,1,6.5,0,5
5.327510845438027,-94.80383130978498,0.664380693404857,-375.73048077340303,0.1362034722222222,-268.58831160487296,2.8306497130090555,-121.42993630608623,0.2,0.25,-20,2,400,0.8,0.5,eq,1,6.5,5,5
3.7378786914194815,-97.3964960215078,0.664380693404857,-340.38789573195845,0.1362034722222222,-227.17983905505596,2.8306497130090555,-121.03144279311051,0.2,0.25,-20,2,400,0.8,0.5,eq,1,35,0,5
5.327510845438027,-97.19987474980884,0.664380693404857,-378.126524213427,0.1362034722222222,-271.39559066771,2.8306497130090555,-121.45695209359953,0.2,0.25,-20,2,400,0.8,0.5,eq,0.5,6.5,5,5
3.7378786914194815,-97.91502633725602,0.664380693404857,-340.90642604770665,0.1362034722222222,-227.78736531027246,2.8306497130090555,-121.03728930849145,0.2,0.25,-20,2,400,0.8,0.5,eq,0.5,6.5,0,5
5.327510845438027,-94.80383130978498,0.664380693404857,-359.73381294510773,0.1362034722222222,-258.30885954389487,2.8306497130090555,-121.3310122282103,0.2,0.25,-20,2,400,0.8,0.5,eff,1,6.5,5,5
5.327510845438027,-94.80383130978498,0.664380693404857,-359.73381294510773,0.1362034722222222,-258.30885954389487,2.8306497130090555,-121.3310122282103,0.2,0.25,-20,2,400,0.8,0.5,eff,1,35,5,5
5.327510845438027,-99.12385130279266,0.664380693404857,-380.05050076641083,0.1362034722222222,-273.6497814742745,2.8306497130090555,-121.47864524860164,0.2,0.25,-20,2,400,0.8,0.5,eq,0.5,35,5,5
3.7378786914194815,-100.40969001363109,0.664380693404857,-343.4010897240817,0.1362034722222222,-230.7101909113143,2.8306497130090555,-121.06541705554064,0.2,0.25,-20,2,400,0.8,0.5,eq,0.5,35,0,5
3.7378786914194815,-97.3964960215078,0.664380693404857,-325.4831912615337,0.1362034722222222,-218.63248302178692,2.8306497130090555,-120.94918750276507,0.2,0.25,-20,2,400,0.8,0.5,eff,1,35,0,5
5.327510845438027,-99.12385130279266,0.664380693404857,-364.0538329381154,0.1362034722222222,-263.31322826503305,2.8306497130090555,-121.37917165909751,0.2,0.25,-20,2,400,0.8,0.5,eff,0.5,35,5,5
3.7378786914194815,-96.24059247727779,0.6968241909147566,-327.3324346811119,0.1362034722222222,-212.89413157044612,2.8306497130090555,-120.893964605427,0.2,0.25,-20,2,400,0.8,1,eq,1,6.5,0,5
3.7378786914194815,-97.3964960215078,0.6968241909147566,-328.4883382253419,0.1362034722222222,-214.24668756119067,2.8306497130090555,-120.90698089786822,0.2,0.25,-20,2,400,0.8,1,eq,1,35,0,5
5.327510845438027,-94.80383130978498,0.6968241909147566,-363.32525016986153,0.1362034722222222,-255.01036043651925,2.8306497130090555,-121.29926919554302,0.2,0.25,-20,2,400,0.8,1,eq,1,35,5,5
5.327510845438027,-97.19987474980884,0.664380693404857,-362.12985638513163,0.1362034722222222,-261.0844681903512,2.8306497130090555,-121.35772323617711,0.2,0.25,-20,2,400,0.8,0.5,eff,0.5,6.5,5,5
3.7378786914194815,-97.91502633725602,0.664380693404857,-326.0017215772819,0.1362034722222222,-219.2331554485181,2.8306497130090555,-120.95496806048023,0.2,0.25,-20,2,400,0.8,0.5,eff,0.5,6.5,0,5
5.327510845438027,-97.19987474980884,0.6968241909147566,-365.72129360988544,0.1362034722222222,-257.81403979643756,2.8306497130090555,-121.32625034139544,0.2,0.25,-20,2,400,0.8,1,eq,0.5,6.5,5,5
5.327510845438027,-94.80383130978498,0.6968241909147566,-363.32525016986153,0.1362034722222222,-255.01036043651925,2.8306497130090555,-121.29926919554302,0.2,0.25,-20,2,400,0.8,1,eq,1,6.5,5,5
3.7378786914194815,-100.40969001363109,0.664380693404857,-328.49638525365697,0.1362034722222222,-222.12300709086202,2.8306497130090555,-120.98277848337258,0.2,0.25,-20,2,400,0.8,0.5,eff,0.5,35,0,5
3.7378786914194815,-97.91502633725602,0.6968241909147566,-329.0068685410901,0.1362034722222222,-214.85343480109378,2.8306497130090555,-120.91281991641267,0.2,0.25,-20,2,400,0.8,1,eq,0.5,6.5,0,5
5.327510845438027,-99.12385130279266,0.6968241909147566,-367.6452701628692,0.1362034722222222,-260.0653401113764,2.8306497130090555,-121.34791567981596,0.2,0.25,-20,2,400,0.8,1,eq,0.5,35,5,5
3.7378786914194815,-100.40969001363109,0.6968241909147566,-331.5015322174652,0.1362034722222222,-217.77251253669272,2.8306497130090555,-120.94091159596232,0.2,0.25,-20,2,400,0.8,1,eq,0.5,35,0,5
5.327510845438027,-94.80383130978498,0.6968241909147566,-348.0515354700857,0.1362034722222222,-245.595880492234,2.8306497130090555,-121.2086691575599,0.2,0.25,-20,2,400,0.8,1,eff,1,6.5,5,5
3.7378786914194815,-96.24059247727779,0.6968241909147566,-313.16890553735317,0.1362034722222222,-205.23125267855903,2.8306497130090555,-120.82022106114498,0.2,0.25,-20,2,400,0.8,1,eff,1,6.5,0,5
5.327510845438027,-97.19987474980884,0.6968241909147566,-350.4475789101096,0.1362034722222222,-248.36847538757928,2.8306497130090555,-121.23535116276007,0.2,0.25,-20,2,400,0.8,1,eff,0.5,6.5,5,5
3.7378786914194815,-97.3964960215078,0.6968241909147566,-314.32480908158317,0.1362034722222222,-206.5688128465391,2.8306497130090555,-120.83309304161982,0.2,0.25,-20,2,400,0.8,1,eff,1,35,0,5
5.327510845438027,-94.80383130978498,0.6968241909147566,-348.0515354700857,0.1362034722222222,-245.595880492234,2.8306497130090555,-121.2086691575599,0.2,0.25,-20,2,400,0.8,1,eff,1,35,5,5
5.327510845438027,-94.80383130978498,0.664380693404857,-375.73048077340303,0.17511874999999996,-268.5888569058691,2.838432768564611,-121.8334550793988,0.2,0.25,-20,2,500,0.7,0.5,eq,1,35,5,5
3.7378786914194815,-96.24059247727779,0.664380693404857,-339.23199218772845,0.17511874999999996,-225.8260917900906,2.838432768564611,-121.30580037807536,0.2,0.25,-20,2,500,0.7,0.5,eq,1,6.5,0,5
5.327510845438027,-94.80383130978498,0.664380693404857,-375.73048077340303,0.17511874999999996,-268.5888569058691,2.838432768564611,-121.8334550793988,0.2,0.25,-20,2,500,0.7,0.5,eq,1,6.5,5,5
5.327510845438027,-99.12385130279266,0.6968241909147566,-352.3715554630934,0.1362034722222222,-250.59481547816858,2.8306497130090555,-121.25677629701758,0.2,0.25,-20,2,400,0.8,1,eff,0.5,35,5,5
3.7378786914194815,-97.3964960215078,0.664380693404857,-340.38789573195845,0.17511874999999996,-227.1803843559803,2.838432768564611,-121.32251115057625,0.2,0.25,-20,2,500,0.7,0.5,eq,1,35,0,5
5.327510845438027,-97.19987474980884,0.664380693404857,-378.126524213427,0.17511874999999996,-271.3961359687081,2.838432768564611,-121.86809442022306,0.2,0.25,-20,2,500,0.7,0.5,eq,0.5,6.5,5,5
3.7378786914194815,-97.91502633725602,0.664380693404857,-340.90642604770665,0.17511874999999996,-227.7879106113868,2.838432768564611,-121.33000748726008,0.2,0.25,-20,2,500,0.7,0.5,eq,0.5,6.5,0,5
3.7378786914194815,-97.91502633725602,0.6968241909147566,-314.84333939733136,0.1362034722222222,-207.16883306431032,2.8306497130090555,-120.83886732281657,0.2,0.25,-20,2,400,0.8,1,eff,0.5,6.5,0,5
3.7378786914194815,-100.40969001363109,0.664380693404857,-343.4010897240817,0.17511874999999996,-230.7107362124296,2.838432768564611,-121.36607257017428,0.2,0.25,-20,2,500,0.7,0.5,eq,0.5,35,0,5
5.327510845438027,-99.12385130279266,0.664380693404857,-380.05050076641083,0.17511874999999996,-273.6503267752465,2.838432768564611,-121.89590914112647,0.2,0.25,-20,2,500,0.7,0.5,eq,0.5,35,5,5
3.7378786914194815,-100.40969001363109,0.6968241909147566,-317.3380030737065,0.1362034722222222,-210.05554691047598,2.8306497130090555,-120.86664754919741,0.2,0.25,-20,2,400,0.8,1,eff,0.5,35,0,5
3.7378786914194815,-96.24059247727779,0.664380693404857,-324.3272877173037,0.17511874999999996,-217.2939665823998,2.838432768564611,-121.20052149898675,0.2,0.25,-20,2,500,0.7,0.5,eff,1,6.5,0,5
5.327510845438027,-94.80383130978498,0.664380693404857,-359.73381294510773,0.17511874999999996,-258.30935717178295,2.838432768564611,-121.70661514406589,0.2,0.25,-20,2,500,0.7,0.5,eff,1,35,5,5
5.327510845438027,-97.19987474980884,0.664380693404857,-362.12985638513163,0.17511874999999996,-261.08496581824056,2.838432768564611,-121.74086369996195,0.2,0.25,-20,2,500,0.7,0.5,eff,0.5,6.5,5,5
5.327510845438027,-94.80383130978498,0.6968241909147566,-363.32525016986153,0.17511874999999996,-255.01087513715225,2.838432768564611,-121.66591479299893,0.2,0.25,-20,2,500,0.7,1,eq,1,35,5,5
5.327510845438027,-94.80383130978498,0.6968241909147566,-363.32525016986153,0.17511874999999996,-255.01087513715225,2.838432768564611,-121.66591479299893,0.2,0.25,-20,2,500,0.7,1,eq,1,6.5,5,5
3.7378786914194815,-97.3964960215078,0.664380693404857,-325.4831912615337,0.17511874999999996,-218.6329806496054,2.838432768564611,-121.21704374832643,0.2,0.25,-20,2,500,0.7,0.5,eff,1,35,0,5
3.7378786914194815,-97.91502633725602,0.664380693404857,-326.0017215772819,0.17511874999999996,-219.23365307621503,2.838432768564611,-121.22445551482474,0.2,0.25,-20,2,500,0.7,0.5,eff,0.5,6.5,0,5
3.7378786914194815,-96.24059247727779,0.6968241909147566,-327.3324346811119,0.17511874999999996,-212.89464627082137,2.838432768564611,-121.1462377771847,0.2,0.25,-20,2,500,0.7,1,eq,1,6.5,0,5
5.327510845438027,-94.80383130978498,0.664380693404857,-359.73381294510773,0.17511874999999996,-258.30935717178295,2.838432768564611,-121.70661514406589,0.2,0.25,-20,2,500,0.7,0.5,eff,1,6.5,5,5
3.7378786914194815,-100.40969001363109,0.664380693404857,-328.49638525365697,0.17511874999999996,-222.1235047185657,2.838432768564611,-121.26011372825141,0.2,0.25,-20,2,500,0.7,0.5,eff,0.5,35,0,5
3.7378786914194815,-97.3964960215078,0.6968241909147566,-328.4883382253419,0.17511874999999996,-214.24720226160414,2.838432768564611,-121.1629271218846,0.2,0.25,-20,2,500,0.7,1,eq,1,35,0,5
5.327510845438027,-97.19987474980884,0.6968241909147566,-365.72129360988544,0.17511874999999996,-257.81455449700394,2.838432768564611,-121.70050971667202,0.2,0.25,-20,2,500,0.7,1,eq,0.5,6.5,5,5
5.327510845438027,-94.80383130978498,0.6968241909147566,-348.0515354700857,0.17511874999999996,-245.59635067272978,2.838432768564611,-121.54974788749307,0.2,0.25,-20,2,500,0.7,1,eff,1,6.5,5,5
3.7378786914194815,-97.3964960215078,0.6968241909147566,-314.32480908158317,0.17511874999999996,-206.56928302702232,2.838432768564611,-121.06818838902811,0.2,0.25,-20,2,500,0.7,1,eff,1,35,0,5
5.327510845438027,-99.12385130279266,0.6968241909147566,-367.6452701628692,0.17511874999999996,-260.06585481174363,2.838432768564611,-121.72828877146303,0.2,0.25,-20,2,500,0.7,1,eq,0.5,35,5,5
3.7378786914194815,-97.91502633725602,0.6968241909147566,-329.0068685410901,0.17511874999999996,-214.85394950157544,2.838432768564611,-121.17041384620708,0.2,0.25,-20,2,500,0.7,1,eq,0.5,6.5,0,5
5.327510845438027,-99.12385130279266,0.664380693404857,-364.0538329381154,0.17511874999999996,-263.31372589266294,2.838432768564611,-121.76836462812246,0.2,0.25,-20,2,500,0.7,0.5,eff,0.5,35,5,5
5.327510845438027,-94.80383130978498,0.6968241909147566,-348.0515354700857,0.17511874999999996,-245.59635067272978,2.838432768564611,-121.54974788749307,0.2,0.25,-20,2,500,0.7,1,eff,1,35,5,5
5.327510845438027,-99.12385130279266,0.6968241909147566,-352.3715554630934,0.17511874999999996,-250.59528565848805,2.838432768564611,-121.61143032406385,0.2,0.25,-20,2,500,0.7,1,eff,0.5,35,5,5
3.7378786914194815,-96.24059247727779,0.664380693404857,-339.23199218772845,0.17511874999999996,-225.8260917900906,2.838432768564611,-121.30580037807536,0.2,0.25,-20,2,500,0.8,0.5,eq,1,6.5,0,5
3.7378786914194815,-96.24059247727779,0.6968241909147566,-313.16890553735317,0.17511874999999996,-205.23172285903175,2.838432768564611,-121.05168407951882,0.2,0.25,-20,2,500,0.7,1,eff,1,6.5,0,5
5.327510845438027,-97.19987474980884,0.6968241909147566,-350.4475789101096,0.17511874999999996,-248.36894556790483,2.838432768564611,-121.58395925636367,0.2,0.25,-20,2,500,0.7,1,eff,0.5,6.5,5,5
5.327510845438027,-94.80383130978498,0.664380693404857,-375.73048077340303,0.17511874999999996,-268.5888569058691,2.838432768564611,-121.8334550793988,0.2,0.25,-20,2,500,0.8,0.5,eq,1,6.5,5,5
3.7378786914194815,-97.91502633725602,0.6968241909147566,-314.84333939733136,0.17511874999999996,-207.16930324478406,2.838432768564611,-121.0755921078459,0.2,0.25,-20,2,500,0.7,1,eff,0.5,6.5,0,5
5.327510845438027,-94.80383130978498,0.664380693404857,-375.73048077340303,0.17511874999999996,-268.5888569058691,2.838432768564611,-121.8334550793988,0.2,0.25,-20,2,500,0.8,0.5,eq,1,35,5,5
3.7378786914194815,-100.40969001363109,0.6968241909147566,-317.3380030737065,0.17511874999999996,-210.05601709080662,2.838432768564611,-121.11121160364114,0.2,0.25,-20,2,500,0.7,1,eff,0.5,35,0,5
3.7378786914194815,-97.3964960215078,0.664380693404857,-340.38789573195845,0.17511874999999996,-227.1803843559803,2.838432768564611,-121.32251115057625,0.2,0.25,-20,2,500,0.8,0.5,eq,1,35,0,5
3.7378786914194815,-100.40969001363109,0.6968241909147566,-331.5015322174652,0.17511874999999996,-217.77302723726498,2.838432768564611,-121.2064326837775,0.2,0.25,-20,2,500,0.7,1,eq,0.5,35,0,5
5.327510845438027,-99.12385130279266,0.664380693404857,-380.05050076641083,0.17511874999999996,-273.6503267752465,2.838432768564611,-121.89590914112647,0.2,0.25,-20,2,500,0.8,0.5,eq,0.5,35,5,5
3.7378786914194815,-97.91502633725602,0.664380693404857,-340.90642604770665,0.17511874999999996,-227.7879106113868,2.838432768564611,-121.33000748726008,0.2,0.25,-20,2,500,0.8,0.5,eq,0.5,6.5,0,5
5.327510845438027,-94.80383130978498,0.664380693404857,-359.73381294510773,0.17511874999999996,-258.30935717178295,2.838432768564611,-121.70661514406589,0.2,0.25,-20,2,500,0.8,0.5,eff,1,6.5,5,5
5.327510845438027,-97.19987474980884,0.664380693404857,-378.126524213427,0.17511874999999996,-271.3961359687081,2.838432768564611,-121.86809442022306,0.2,0.25,-20,2,500,0.8,0.5,eq,0.5,6.5,5,5
3.7378786914194815,-100.40969001363109,0.664380693404857,-343.4010897240817,0.17511874999999996,-230.7107362124296,2.838432768564611,-121.36607257017428,0.2,0.25,-20,2,500,0.8,0.5,eq,0.5,35,0,5
5.327510845438027,-94.80383130978498,0.664380693404857,-359.73381294510773,0.17511874999999996,-258.30935717178295,2.838432768564611,-121.70661514406589,0.2,0.25,-20,2,500,0.8,0.5,eff,1,35,5,5
3.7378786914194815,-97.91502633725602,0.664380693404857,-326.0017215772819,0.17511874999999996,-219.23365307621503,2.838432768564611,-121.22445551482474,0.2,0.25,-20,2,500,0.8,0.5,eff,0.5,6.5,0,5
3.7378786914194815,-96.24059247727779,0.664380693404857,-324.3272877173037,0.17511874999999996,-217.2939665823998,2.838432768564611,-121.20052149898675,0.2,0.25,-20,2,500,0.8,0.5,eff,1,6.5,0,5
3.7378786914194815,-97.3964960215078,0.664380693404857,-325.4831912615337,0.17511874999999996,-218.6329806496054,2.838432768564611,-121.21704374832643,0.2,0.25,-20,2,500,0.8,0.5,eff,1,35,0,5
5.327510845438027,-94.80383130978498,0.6968241909147566,-363.32525016986153,0.17511874999999996,-255.01087513715225,2.838432768564611,-121.66591479299893,0.2,0.25,-20,2,500,0.8,1,eq,1,6.5,5,5
5.327510845438027,-99.12385130279266,0.664380693404857,-364.0538329381154,0.17511874999999996,-263.31372589266294,2.838432768564611,-121.76836462812246,0.2,0.25,-20,2,500,0.8,0.5,eff,0.5,35,5,5
5.327510845438027,-94.80383130978498,0.6968241909147566,-363.32525016986153,0.17511874999999996,-255.01087513715225,2.838432768564611,-121.66591479299893,0.2,0.25,-20,2,500,0.8,1,eq,1,35,5,5
3.7378786914194815,-97.3964960215078,0.6968241909147566,-328.4883382253419,0.17511874999999996,-214.24720226160414,2.838432768564611,-121.1629271218846,0.2,0.25,-20,2,500,0.8,1,eq,1,35,0,5
3.7378786914194815,-96.24059247727779,0.6968241909147566,-327.3324346811119,0.17511874999999996,-212.89464627082137,2.838432768564611,-121.1462377771847,0.2,0.25,-20,2,500,0.8,1,eq,1,6.5,0,5
3.7378786914194815,-97.91502633725602,0.6968241909147566,-329.0068685410901,0.17511874999999996,-214.85394950157544,2.838432768564611,-121.17041384620708,0.2,0.25,-20,2,500,0.8,1,eq,0.5,6.5,0,5
5.327510845438027,-97.19987474980884,0.6968241909147566,-365.72129360988544,0.17511874999999996,-257.81455449700394,2.838432768564611,-121.70050971667202,0.2,0.25,-20,2,500,0.8,1,eq,0.5,6.5,5,5
3.7378786914194815,-96.24059247727779,0.6968241909147566,-313.16890553735317,0.17511874999999996,-205.23172285903175,2.838432768564611,-121.05168407951882,0.2,0.25,-20,2,500,0.8,1,eff,1,6.5,0,5
5.327510845438027,-94.80383130978498,0.6968241909147566,-348.0515354700857,0.17511874999999996,-245.59635067272978,2.838432768564611,-121.54974788749307,0.2,0.25,-20,2,500,0.8,1,eff,1,35,5,5
3.7378786914194815,-100.40969001363109,0.6968241909147566,-331.5015322174652,0.17511874999999996,-217.77302723726498,2.838432768564611,-121.2064326837775,0.2,0.25,-20,2,500,0.8,1,eq,0.5,35,0,5
3.7378786914194815,-100.40969001363109,0.664380693404857,-328.49638525365697,0.17511874999999996,-222.1235047185657,2.838432768564611,-121.26011372825141,0.2,0.25,-20,2,500,0.8,0.5,eff,0.5,35,0,5
3.7378786914194815,-97.3964960215078,0.6968241909147566,-314.32480908158317,0.17511874999999996,-206.56928302702232,2.838432768564611,-121.06818838902811,0.2,0.25,-20,2,500,0.8,1,eff,1,35,0,5
5.327510845438027,-94.80383130978498,0.6968241909147566,-348.0515354700857,0.17511874999999996,-245.59635067272978,2.838432768564611,-121.54974788749307,0.2,0.25,-20,2,500,0.8,1,eff,1,6.5,5,5
3.7378786914194815,-97.91502633725602,0.6968241909147566,-314.84333939733136,0.17511874999999996,-207.16930324478406,2.838432768564611,-121.0755921078459,0.2,0.25,-20,2,500,0.8,1,eff,0.5,6.5,0,5
5.327510845438027,-99.12385130279266,0.6968241909147566,-367.6452701628692,0.17511874999999996,-260.06585481174363,2.838432768564611,-121.72828877146303,0.2,0.25,-20,2,500,0.8,1,eq,0.5,35,5,5
5.327510845438027,-94.80383130978498,1.6648435882347152,-234.2743125713414,0.0681017361111111,-125.8600648099244,2.817029365786833,-120.02833343465457,0.2,0.25,-10,1,400,0.7,0.5,eq,1,6.5,5,5
5.327510845438027,-97.19987474980884,0.6968241909147566,-350.4475789101096,0.17511874999999996,-248.36894556790483,2.838432768564611,-121.58395925636367,0.2,0.25,-20,2,500,0.8,1,eff,0.5,6.5,5,5
5.327510845438027,-97.19987474980884,0.664380693404857,-362.12985638513163,0.17511874999999996,-261.08496581824056,2.838432768564611,-121.74086369996195,0.2,0.25,-20,2,500,0.8,0.5,eff,0.5,6.5,5,5
5.327510845438027,-99.12385130279266,0.6968241909147566,-352.3715554630934,0.17511874999999996,-250.59528565848805,2.838432768564611,-121.61143032406385,0.2,0.25,-20,2,500,0.8,1,eff,0.5,35,5,5
3.7378786914194815,-100.40969001363109,0.6968241909147566,-317.3380030737065,0.17511874999999996,-210.05601709080662,2.838432768564611,-121.11121160364114,0.2,0.25,-20,2,500,0.8,1,eff,0.5,35,0,5
3.7378786914194815,-96.24059247727779,1.6648435882347152,-197.7758239856668,0.0681017361111111,-84.19397192249602,2.817029365786833,-119.82687772410627,0.2,0.25,-10,1,400,0.7,0.5,eq,1,6.5,0,5
5.327510845438027,-94.80383130978498,1.6648435882347152,-234.2743125713414,0.0681017361111111,-125.8600648099244,2.817029365786833,-120.02833343465457,0.2,0.25,-10,1,400,0.7,0.5,eq,1,35,5,5
3.7378786914194815,-97.3964960215078,1.6648435882347152,-198.9317275298968,0.0681017361111111,-85.51353298668735,2.817029365786833,-119.83325780664767,0.2,0.25,-10,1,400,0.7,0.5,eq,1,35,0,5
5.327510845438027,-97.19987474980884,1.6648435882347152,-236.6703560113653,0.0681017361111111,-128.59534981498592,2.817029365786833,-120.04155854759557,0.2,0.25,-10,1,400,0.7,0.5,eq,0.5,6.5,5,5
3.7378786914194815,-97.91502633725602,1.6648435882347152,-199.450257845645,0.0681017361111111,-86.10547893131145,2.817029365786833,-119.83611986744135,0.2,0.25,-10,1,400,0.7,0.5,eq,0.5,6.5,0,5
3.7378786914194815,-100.40969001363109,1.6648435882347152,-201.94492152202008,0.0681017361111111,-88.95334722639151,2.817029365786833,-119.84988932099883,0.2,0.25,-10,1,400,0.7,0.5,eq,0.5,35,0,5
5.327510845438027,-94.80383130978498,1.6648435882347152,-228.1166823134861,0.0681017361111111,-125.34362583342545,2.817029365786833,-120.02583645032617,0.2,0.25,-10,1,400,0.7,0.5,eff,1,6.5,5,5
5.327510845438027,-94.80383130978498,1.6648435882347152,-228.1166823134861,0.0681017361111111,-125.34362583342545,2.817029365786833,-120.02583645032617,0.2,0.25,-10,1,400,0.7,0.5,eff,1,35,5,5
5.327510845438027,-97.19987474980884,1.6648435882347152,-230.51272575350998,0.0681017361111111,-128.0586933885362,2.817029365786833,-120.03896381182322,0.2,0.25,-10,1,400,0.7,0.5,eff,0.5,6.5,5,5
3.7378786914194815,-96.24059247727779,1.6648435882347152,-192.71015708568203,0.0681017361111111,-85.22285578373766,2.817029365786833,-119.83185238131489,0.2,0.25,-10,1,400,0.7,0.5,eff,1,6.5,0,5
5.327510845438027,-99.12385130279266,1.6648435882347152,-238.59433256434912,0.0681017361111111,-130.7917307851121,2.817029365786833,-120.05217805756897,0.2,0.25,-10,1,400,0.7,0.5,eq,0.5,35,5,5
3.7378786914194815,-97.91502633725602,1.6648435882347152,-194.38459094566028,0.0681017361111111,-87.12023417451576,2.817029365786833,-119.84102621273041,0.2,0.25,-10,1,400,0.7,0.5,eff,0.5,6.5,0,5
3.7378786914194815,-97.3964960215078,1.6648435882347152,-193.86606062991206,0.0681017361111111,-86.53266350983951,2.817029365786833,-119.8381853064312,0.2,0.25,-10,1,400,0.7,0.5,eff,1,35,0,5
3.7378786914194815,-96.24059247727779,1.7398467296524174,-190.23420489025668,0.0681017361111111,-76.80111708852068,2.817029365786833,-119.79113324411428,0.2,0.25,-10,1,400,0.7,1,eq,1,6.5,0,5
5.327510845438027,-99.12385130279266,1.6648435882347152,-232.4367023064938,0.0681017361111111,-130.23884013731393,2.817029365786833,-120.04950482927745,0.2,0.25,-10,1,400,0.7,0.5,eff,0.5,35,5,5
3.7378786914194815,-100.40969001363109,1.6648435882347152,-196.87925462203535,0.0681017361111111,-89.94705287722104,2.817029365786833,-119.85469389143222,0.2,0.25,-10,1,400,0.7,0.5,eff,0.5,35,0,5
5.327510845438027,-99.12385130279266,1.7398467296524174,-230.54704037201395,0.0681017361111111,-122.76104349616993,2.817029365786833,-120.01334965533906,0.2,0.25,-10,1,400,0.7,1,eq,0.5,35,5,5
5.327510845438027,-97.19987474980884,1.7398467296524174,-228.62306381903014,0.0681017361111111,-120.56755301773815,2.817029365786833,-120.0027441209035,0.2,0.25,-10,1,400,0.7,1,eq,0.5,6.5,5,5
3.7378786914194815,-97.3964960215078,1.7398467296524174,-186.70306484691756,0.0681017361111111,-79.44840076647212,2.817029365786833,-119.80393287031887,0.2,0.25,-10,1,400,0.7,1,eff,1,35,0,5
3.7378786914194815,-100.40969001363109,1.7398467296524174,-194.40330242660997,0.0681017361111111,-81.55422893656413,2.817029365786833,-119.81411455717495,0.2,0.25,-10,1,400,0.7,1,eq,0.5,35,0,5
3.7378786914194815,-97.91502633725602,1.7398467296524174,-191.9086387502349,0.0681017361111111,-78.7101085067953,2.817029365786833,-119.80036322455989,0.2,0.25,-10,1,400,0.7,1,eq,0.5,6.5,0,5
3.7378786914194815,-97.3964960215078,1.7398467296524174,-191.39010843448668,0.0681017361111111,-78.11894157772642,2.817029365786833,-119.79750493030927,0.2,0.25,-10,1,400,0.7,1,eq,1,35,0,5
3.7378786914194815,-96.24059247727779,1.7398467296524174,-185.54716130268756,0.0681017361111111,-78.14006045078132,2.817029365786833,-119.79760704013731,0.2,0.25,-10,1,400,0.7,1,eff,1,6.5,0,5
5.327510845438027,-94.80383130978498,1.7398467296524174,-226.22702037900632,0.0681017361111111,-117.83586771566904,2.817029365786833,-119.98953641253962,0.2,0.25,-10,1,400,0.7,1,eq,1,6.5,5,5
5.327510845438027,-94.80383130978498,1.7398467296524174,-220.42979123542017,0.0681017361111111,-117.62289730627315,2.817029365786833,-119.98850669983597,0.2,0.25,-10,1,400,0.7,1,eff,1,35,5,5
5.327510845438027,-94.80383130978498,1.7398467296524174,-226.22702037900632,0.0681017361111111,-117.83586771566904,2.817029365786833,-119.98953641253962,0.2,0.25,-10,1,400,0.7,1,eq,1,35,5,5
5.327510845438027,-97.19987474980884,1.7398467296524174,-222.82583467544404,0.0681017361111111,-120.33492310315658,2.817029365786833,-120.001619354421,0.2,0.25,-10,1,400,0.7,1,eff,0.5,6.5,5,5
3.7378786914194815,-97.91502633725602,1.7398467296524174,-187.22159516266578,0.0681017361111111,-80.03531316101778,2.817029365786833,-119.80677059387968,0.2,0.25,-10,1,400,0.7,1,eff,0.5,6.5,0,5
5.327510845438027,-99.12385130279266,1.7398467296524174,-224.74981122842786,0.0681017361111111,-122.51262737890735,2.817029365786833,-120.0121485625092,0.2,0.25,-10,1,400,0.7,1,eff,0.5,35,5,5
3.7378786914194815,-100.40969001363109,1.7398467296524174,-189.71625883904088,0.0681017361111111,-82.85896490786261,2.817029365786833,-119.82042296033835,0.2,0.25,-10,1,400,0.7,1,eff,0.5,35,0,5
3.7378786914194815,-96.24059247727779,1.6648435882347152,-197.7758239856668,0.0681017361111111,-84.19397192249602,2.817029365786833,-119.82687772410627,0.2,0.25,-10,1,400,0.8,0.5,eq,1,6.5,0,5
5.327510845438027,-94.80383130978498,1.6648435882347152,-234.2743125713414,0.0681017361111111,-125.8600648099244,2.817029365786833,-120.02833343465457,0.2,0.25,-10,1,400,0.8,0.5,eq,1,6.5,5,5
5.327510845438027,-94.80383130978498,1.6648435882347152,-234.2743125713414,0.0681017361111111,-125.8600648099244,2.817029365786833,-120.02833343465457,0.2,0.25,-10,1,400,0.8,0.5,eq,1,35,5,5
5.327510845438027,-97.19987474980884,1.6648435882347152,-236.6703560113653,0.0681017361111111,-128.59534981498592,2.817029365786833,-120.04155854759557,0.2,0.25,-10,1,400,0.8,0.5,eq,0.5,6.5,5,5
5.327510845438027,-94.80383130978498,1.7398467296524174,-220.42979123542017,0.0681017361111111,-117.62289730627315,2.817029365786833,-119.98850669983597,0.2,0.25,-10,1,400,0.7,1,eff,1,6.5,5,5
5.327510845438027,-99.12385130279266,1.6648435882347152,-238.59433256434912,0.0681017361111111,-130.7917307851121,2.817029365786833,-120.05217805756897,0.2,0.25,-10,1,400,0.8,0.5,eq,0.5,35,5,5
3.7378786914194815,-97.3964960215078,1.6648435882347152,-198.9317275298968,0.0681017361111111,-85.51353298668735,2.817029365786833,-119.83325780664767,0.2,0.25,-10,1,400,0.8,0.5,eq,1,35,0,5
5.327510845438027,-94.80383130978498,1.6648435882347152,-228.1166823134861,0.0681017361111111,-125.34362583342545,2.817029365786833,-120.02583645032617,0.2,0.25,-10,1,400,0.8,0.5,eff,1,6.5,5,5
5.327510845438027,-94.80383130978498,1.6648435882347152,-228.1166823134861,0.0681017361111111,-125.34362583342545,2.817029365786833,-120.02583645032617,0.2,0.25,-10,1,400,0.8,0.5,eff,1,35,5,5
3.7378786914194815,-100.40969001363109,1.6648435882347152,-201.94492152202008,0.0681017361111111,-88.95334722639151,2.817029365786833,-119.84988932099883,0.2,0.25,-10,1,400,0.8,0.5,eq,0.5,35,0,5
3.7378786914194815,-96.24059247727779,1.6648435882347152,-192.71015708568203,0.0681017361111111,-85.22285578373766,2.817029365786833,-119.83185238131489,0.2,0.25,-10,1,400,0.8,0.5,eff,1,6.5,0,5
5.327510845438027,-97.19987474980884,1.6648435882347152,-230.51272575350998,0.0681017361111111,-128.0586933885362,2.817029365786833,-120.03896381182322,0.2,0.25,-10,1,400,0.8,0.5,eff,0.5,6.5,5,5
3.7378786914194815,-97.91502633725602,1.6648435882347152,-199.450257845645,0.0681017361111111,-86.10547893131145,2.817029365786833,-119.83611986744135,0.2,0.25,-10,1,400,0.8,0.5,eq,0.5,6.5,0,5
5.327510845438027,-94.80383130978498,1.7398467296524174,-226.22702037900632,0.0681017361111111,-117.83586771566904,2.817029365786833,-119.98953641253962,0.2,0.25,-10,1,400,0.8,1,eq,1,6.5,5,5
3.7378786914194815,-97.91502633725602,1.6648435882347152,-194.38459094566028,0.0681017361111111,-87.12023417451576,2.817029365786833,-119.84102621273041,0.2,0.25,-10,1,400,0.8,0.5,eff,0.5,6.5,0,5
5.327510845438027,-97.19987474980884,1.7398467296524174,-228.62306381903014,0.0681017361111111,-120.56755301773815,2.817029365786833,-120.0027441209035,0.2,0.25,-10,1,400,0.8,1,eq,0.5,6.5,5,5
3.7378786914194815,-100.40969001363109,1.6648435882347152,-196.87925462203535,0.0681017361111111,-89.94705287722104,2.817029365786833,-119.85469389143222,0.2,0.25,-10,1,400,0.8,0.5,eff,0.5,35,0,5
5.327510845438027,-99.12385130279266,1.6648435882347152,-232.4367023064938,0.0681017361111111,-130.23884013731393,2.817029365786833,-120.04950482927745,0.2,0.25,-10,1,400,0.8,0.5,eff,0.5,35,5,5
3.7378786914194815,-97.91502633725602,1.7398467296524174,-191.9086387502349,0.0681017361111111,-78.7101085067953,2.817029365786833,-119.80036322455989,0.2,0.25,-10,1,400,0.8,1,eq,0.5,6.5,0,5
3.7378786914194815,-97.3964960215078,1.6648435882347152,-193.86606062991206,0.0681017361111111,-86.53266350983951,2.817029365786833,-119.8381853064312,0.2,0.25,-10,1,400,0.8,0.5,eff,1,35,0,5
3.7378786914194815,-97.3964960215078,1.7398467296524174,-191.39010843448668,0.0681017361111111,-78.11894157772642,2.817029365786833,-119.79750493030927,0.2,0.25,-10,1,400,0.8,1,eq,1,35,0,5
5.327510845438027,-99.12385130279266,1.7398467296524174,-230.54704037201395,0.0681017361111111,-122.76104349616993,2.817029365786833,-120.01334965533906,0.2,0.25,-10,1,400,0.8,1,eq,0.5,35,5,5
3.7378786914194815,-96.24059247727779,1.7398467296524174,-190.23420489025668,0.0681017361111111,-76.80111708852068,2.817029365786833,-119.79113324411428,0.2,0.25,-10,1,400,0.8,1,eq,1,6.5,0,5
3.7378786914194815,-97.3964960215078,1.7398467296524174,-186.70306484691756,0.0681017361111111,-79.44840076647212,2.817029365786833,-119.80393287031887,0.2,0.25,-10,1,400,0.8,1,eff,1,35,0,5
3.7378786914194815,-100.40969001363109,1.7398467296524174,-194.40330242660997,0.0681017361111111,-81.55422893656413,2.817029365786833,-119.81411455717495,0.2,0.25,-10,1,400,0.8,1,eq,0.5,35,0,5
5.327510845438027,-94.80383130978498,1.7398467296524174,-226.22702037900632,0.0681017361111111,-117.83586771566904,2.817029365786833,-119.98953641253962,0.2,0.25,-10,1,400,0.8,1,eq,1,35,5,5
5.327510845438027,-94.80383130978498,1.7398467296524174,-220.42979123542017,0.0681017361111111,-117.62289730627315,2.817029365786833,-119.98850669983597,0.2,0.25,-10,1,400,0.8,1,eff,1,6.5,5,5
3.7378786914194815,-96.24059247727779,1.7398467296524174,-185.54716130268756,0.0681017361111111,-78.14006045078132,2.817029365786833,-119.79760704013731,0.2,0.25,-10,1,400,0.8,1,eff,1,6.5,0,5
5.327510845438027,-94.80383130978498,1.7398467296524174,-220.42979123542017,0.0681017361111111,-117.62289730627315,2.817029365786833,-119.98850669983597,0.2,0.25,-10,1,400,0.8,1,eff,1,35,5,5
5.327510845438027,-97.19987474980884,1.7398467296524174,-222.82583467544404,0.0681017361111111,-120.33492310315658,2.817029365786833,-120.001619354421,0.2,0.25,-10,1,400,0.8,1,eff,0.5,6.5,5,5
3.7378786914194815,-100.40969001363109,1.7398467296524174,-189.71625883904088,0.0681017361111111,-82.85896490786261,2.817029365786833,-119.82042296033835,0.2,0.25,-10,1,400,0.8,1,eff,0.5,35,0,5
5.327510845438027,-99.12385130279266,1.7398467296524174,-224.74981122842786,0.0681017361111111,-122.51262737890735,2.817029365786833,-120.0121485625092,0.2,0.25,-10,1,400,0.8,1,eff,0.5,35,5,5
3.7378786914194815,-97.91502633725602,1.7398467296524174,-187.22159516266578,0.0681017361111111,-80.03531316101778,2.817029365786833,-119.80677059387968,0.2,0.25,-10,1,400,0.8,1,eff,0.5,6.5,0,5
5.327510845438027,-94.80383130978498,1.6648435882347152,-234.2743125713414,0.08755937499999998,-125.86015226501712,2.820920893564611,-120.03637899034314,0.2,0.25,-10,1,500,0.7,0.5,eq,1,6.5,5,5
3.7378786914194815,-97.91502633725602,1.6648435882347152,-199.450257845645,0.08755937499999998,-86.10556638638202,2.820920893564611,-119.78958818519459,0.2,0.25,-10,1,500,0.7,0.5,eq,0.5,6.5,0,5
5.327510845438027,-94.80383130978498,1.6648435882347152,-234.2743125713414,0.08755937499999998,-125.86015226501712,2.820920893564611,-120.03637899034314,0.2,0.25,-10,1,500,0.7,0.5,eq,1,35,5,5
3.7378786914194815,-96.24059247727779,1.6648435882347152,-197.7758239856668,0.08755937499999998,-84.19405937753851,2.820920893564611,-119.77772182202318,0.2,0.25,-10,1,500,0.7,0.5,eq,1,6.5,0,5
5.327510845438027,-97.19987474980884,1.6648435882347152,-236.6703560113653,0.08755937499999998,-128.59543727013877,2.820920893564611,-120.05335924994853,0.2,0.25,-10,1,500,0.7,0.5,eq,0.5,6.5,5,5
5.327510845438027,-99.12385130279266,1.6648435882347152,-238.59433256434912,0.08755937499999998,-130.79181824026654,2.820920893564611,-120.06699407008436,0.2,0.25,-10,1,500,0.7,0.5,eq,0.5,35,5,5
3.7378786914194815,-97.3964960215078,1.6648435882347152,-198.9317275298968,0.08755937499999998,-85.51362044182845,2.820920893564611,-119.78591346910738,0.2,0.25,-10,1,500,0.7,0.5,eq,1,35,0,5
3.7378786914194815,-100.40969001363109,1.6648435882347152,-201.94492152202008,0.08755937499999998,-88.9534346815587,2.820920893564611,-119.80726734582447,0.2,0.25,-10,1,500,0.7,0.5,eq,0.5,35,0,5
5.327510845438027,-94.80383130978498,1.6648435882347152,-228.1166823134861,0.08755937499999998,-125.34370746863947,2.820920893564611,-120.03317297462712,0.2,0.25,-10,1,500,0.7,0.5,eff,1,35,5,5
3.7378786914194815,-96.24059247727779,1.6648435882347152,-192.71015708568203,0.08755937499999998,-85.22293741901333,2.820920893564611,-119.78410895031655,0.2,0.25,-10,1,500,0.7,0.5,eff,1,6.5,0,5
5.327510845438027,-97.19987474980884,1.6648435882347152,-230.51272575350998,0.08755937499999998,-128.0587750238317,2.820920893564611,-120.05002772718376,0.2,0.25,-10,1,500,0.7,0.5,eff,0.5,6.5,5,5
5.327510845438027,-94.80383130978498,1.6648435882347152,-228.1166823134861,0.08755937499999998,-125.34370746863947,2.820920893564611,-120.03317297462712,0.2,0.25,-10,1,500,0.7,0.5,eff,1,6.5,5,5
3.7378786914194815,-97.3964960215078,1.6648435882347152,-193.86606062991206,0.08755937499999998,-86.53274514511607,2.820920893564611,-119.79224005006695,0.2,0.25,-10,1,500,0.7,0.5,eff,1,35,0,5
3.7378786914194815,-97.91502633725602,1.6648435882347152,-194.38459094566028,0.08755937499999998,-87.12031580971998,2.820920893564611,-119.79588760503945,0.2,0.25,-10,1,500,0.7,0.5,eff,0.5,6.5,0,5
5.327510845438027,-99.12385130279266,1.6648435882347152,-232.4367023064938,0.08755937499999998,-130.23892177261527,2.820920893564611,-120.06356176758648,0.2,0.25,-10,1,500,0.7,0.5,eff,0.5,35,5,5
5.327510845438027,-94.80383130978498,1.7398467296524174,-226.22702037900632,0.08755937499999998,-117.83595040374193,2.820920893564611,-119.9865658884266,0.2,0.25,-10,1,500,0.7,1,eq,1,6.5,5,5
3.7378786914194815,-100.40969001363109,1.6648435882347152,-196.87925462203535,0.08755937499999998,-89.94713451239977,2.820920893564611,-119.81343609279804,0.2,0.25,-10,1,500,0.7,0.5,eff,0.5,35,0,5
5.327510845438027,-94.80383130978498,1.7398467296524174,-226.22702037900632,0.08755937499999998,-117.83595040374193,2.820920893564611,-119.9865658884266,0.2,0.25,-10,1,500,0.7,1,eq,1,35,5,5
5.327510845438027,-97.19987474980884,1.7398467296524174,-228.62306381903014,0.08755937499999998,-120.56763570581113,2.820920893564611,-120.00352380158841,0.2,0.25,-10,1,500,0.7,1,eq,0.5,6.5,5,5
3.7378786914194815,-96.24059247727779,1.7398467296524174,-190.23420489025668,0.08755937499999998,-76.801199776586,2.820920893564611,-119.73182800290915,0.2,0.25,-10,1,500,0.7,1,eq,1,6.5,0,5
3.7378786914194815,-97.3964960215078,1.7398467296524174,-191.39010843448668,0.08755937499999998,-78.1190242657918,2.820920893564611,-119.7400088695827,0.2,0.25,-10,1,500,0.7,1,eq,1,35,0,5
5.327510845438027,-99.12385130279266,1.7398467296524174,-230.54704037201395,0.08755937499999998,-122.76112618424295,2.820920893564611,-120.01714067796365,0.2,0.25,-10,1,500,0.7,1,eq,0.5,35,5,5
3.7378786914194815,-97.91502633725602,1.7398467296524174,-191.9086387502349,0.08755937499999998,-78.71019119483508,2.820920893564611,-119.74367874965242,0.2,0.25,-10,1,500,0.7,1,eq,0.5,6.5,0,5
3.7378786914194815,-100.40969001363109,1.7398467296524174,-194.40330242660997,0.08755937499999998,-81.55431162463609,2.820920893564611,-119.76133464406801,0.2,0.25,-10,1,500,0.7,1,eq,0.5,35,0,5
3.7378786914194815,-96.24059247727779,1.7398467296524174,-185.54716130268756,0.08755937499999998,-78.14013773532182,2.820920893564611,-119.74013993899347,0.2,0.25,-10,1,500,0.7,1,eff,1,6.5,0,5
3.7378786914194815,-97.3964960215078,1.7398467296524174,-186.70306484691756,0.08755937499999998,-79.44847805104598,2.820920893564611,-119.74826192926923,0.2,0.25,-10,1,500,0.7,1,eff,1,35,0,5
5.327510845438027,-94.80383130978498,1.7398467296524174,-220.42979123542017,0.08755937499999998,-117.62297459076936,2.820920893564611,-119.98524376492314,0.2,0.25,-10,1,500,0.7,1,eff,1,35,5,5
5.327510845438027,-94.80383130978498,1.7398467296524174,-220.42979123542017,0.08755937499999998,-117.62297459076936,2.820920893564611,-119.98524376492314,0.2,0.25,-10,1,500,0.7,1,eff,1,6.5,5,5
5.327510845438027,-97.19987474980884,1.7398467296524174,-222.82583467544404,0.08755937499999998,-120.33500038764963,2.820920893564611,-120.00207963467768,0.2,0.25,-10,1,500,0.7,1,eff,0.5,6.5,5,5
3.7378786914194815,-96.24059247727779,1.6648435882347152,-197.7758239856668,0.08755937499999998,-84.19405937753851,2.820920893564611,-119.77772182202318,0.2,0.25,-10,1,500,0.8,0.5,eq,1,6.5,0,5
3.7378786914194815,-100.40969001363109,1.7398467296524174,-189.71625883904088,0.08755937499999998,-82.85904219240305,2.820920893564611,-119.76943422554275,0.2,0.25,-10,1,500,0.7,1,eff,0.5,35,0,5
5.327510845438027,-97.19987474980884,1.6648435882347152,-236.6703560113653,0.08755937499999998,-128.59543727013877,2.820920893564611,-120.05335924994853,0.2,0.25,-10,1,500,0.8,0.5,eq,0.5,6.5,5,5
5.327510845438027,-94.80383130978498,1.6648435882347152,-234.2743125713414,0.08755937499999998,-125.86015226501712,2.820920893564611,-120.03637899034314,0.2,0.25,-10,1,500,0.8,0.5,eq,1,35,5,5
5.327510845438027,-99.12385130279266,1.6648435882347152,-238.59433256434912,0.08755937499999998,-130.79181824026654,2.820920893564611,-120.06699407008436,0.2,0.25,-10,1,500,0.8,0.5,eq,0.5,35,5,5
5.327510845438027,-94.80383130978498,1.6648435882347152,-234.2743125713414,0.08755937499999998,-125.86015226501712,2.820920893564611,-120.03637899034314,0.2,0.25,-10,1,500,0.8,0.5,eq,1,6.5,5,5
3.7378786914194815,-97.3964960215078,1.6648435882347152,-198.9317275298968,0.08755937499999998,-85.51362044182845,2.820920893564611,-119.78591346910738,0.2,0.25,-10,1,500,0.8,0.5,eq,1,35,0,5
5.327510845438027,-99.12385130279266,1.7398467296524174,-224.74981122842786,0.08755937499999998,-122.51270466339618,2.820920893564611,-120.01559851255583,0.2,0.25,-10,1,500,0.7,1,eff,0.5,35,5,5
3.7378786914194815,-97.91502633725602,1.7398467296524174,-187.22159516266578,0.08755937499999998,-80.03539044555986,2.820920893564611,-119.75190539779467,0.2,0.25,-10,1,500,0.7,1,eff,0.5,6.5,0,5
5.327510845438027,-94.80383130978498,1.6648435882347152,-228.1166823134861,0.08755937499999998,-125.34370746863947,2.820920893564611,-120.03317297462712,0.2,0.25,-10,1,500,0.8,0.5,eff,1,6.5,5,5
3.7378786914194815,-97.91502633725602,1.6648435882347152,-199.450257845645,0.08755937499999998,-86.10556638638202,2.820920893564611,-119.78958818519459,0.2,0.25,-10,1,500,0.8,0.5,eq,0.5,6.5,0,5
3.7378786914194815,-100.40969001363109,1.6648435882347152,-201.94492152202008,0.08755937499999998,-88.9534346815587,2.820920893564611,-119.80726734582447,0.2,0.25,-10,1,500,0.8,0.5,eq,0.5,35,0,5
3.7378786914194815,-96.24059247727779,1.6648435882347152,-192.71015708568203,0.08755937499999998,-85.22293741901333,2.820920893564611,-119.78410895031655,0.2,0.25,-10,1,500,0.8,0.5,eff,1,6.5,0,5
5.327510845438027,-94.80383130978498,1.6648435882347152,-228.1166823134861,0.08755937499999998,-125.34370746863947,2.820920893564611,-120.03317297462712,0.2,0.25,-10,1,500,0.8,0.5,eff,1,35,5,5
5.327510845438027,-97.19987474980884,1.6648435882347152,-230.51272575350998,0.08755937499999998,-128.0587750238317,2.820920893564611,-120.05002772718376,0.2,0.25,-10,1,500,0.8,0.5,eff,0.5,6.5,5,5
5.327510845438027,-99.12385130279266,1.6648435882347152,-232.4367023064938,0.08755937499999998,-130.23892177261527,2.820920893564611,-120.06356176758648,0.2,0.25,-10,1,500,0.8,0.5,eff,0.5,35,5,5
3.7378786914194815,-97.91502633725602,1.6648435882347152,-194.38459094566028,0.08755937499999998,-87.12031580971998,2.820920893564611,-119.79588760503945,0.2,0.25,-10,1,500,0.8,0.5,eff,0.5,6.5,0,5
5.327510845438027,-94.80383130978498,1.7398467296524174,-226.22702037900632,0.08755937499999998,-117.83595040374193,2.820920893564611,-119.9865658884266,0.2,0.25,-10,1,500,0.8,1,eq,1,6.5,5,5
3.7378786914194815,-96.24059247727779,1.7398467296524174,-190.23420489025668,0.08755937499999998,-76.801199776586,2.820920893564611,-119.73182800290915,0.2,0.25,-10,1,500,0.8,1,eq,1,6.5,0,5
3.7378786914194815,-97.3964960215078,1.6648435882347152,-193.86606062991206,0.08755937499999998,-86.53274514511607,2.820920893564611,-119.79224005006695,0.2,0.25,-10,1,500,0.8,0.5,eff,1,35,0,5
3.7378786914194815,-100.40969001363109,1.6648435882347152,-196.87925462203535,0.08755937499999998,-89.94713451239977,2.820920893564611,-119.81343609279804,0.2,0.25,-10,1,500,0.8,0.5,eff,0.5,35,0,5
5.327510845438027,-97.19987474980884,1.7398467296524174,-228.62306381903014,0.08755937499999998,-120.56763570581113,2.820920893564611,-120.00352380158841,0.2,0.25,-10,1,500,0.8,1,eq,0.5,6.5,5,5
3.7378786914194815,-97.91502633725602,1.7398467296524174,-191.9086387502349,0.08755937499999998,-78.71019119483508,2.820920893564611,-119.74367874965242,0.2,0.25,-10,1,500,0.8,1,eq,0.5,6.5,0,5
3.7378786914194815,-97.3964960215078,1.7398467296524174,-191.39010843448668,0.08755937499999998,-78.1190242657918,2.820920893564611,-119.7400088695827,0.2,0.25,-10,1,500,0.8,1,eq,1,35,0,5
5.327510845438027,-94.80383130978498,1.7398467296524174,-220.42979123542017,0.08755937499999998,-117.62297459076936,2.820920893564611,-119.98524376492314,0.2,0.25,-10,1,500,0.8,1,eff,1,35,5,5
5.327510845438027,-94.80383130978498,1.7398467296524174,-226.22702037900632,0.08755937499999998,-117.83595040374193,2.820920893564611,-119.9865658884266,0.2,0.25,-10,1,500,0.8,1,eq,1,35,5,5
3.7378786914194815,-96.24059247727779,1.7398467296524174,-185.54716130268756,0.08755937499999998,-78.14013773532182,2.820920893564611,-119.74013993899347,0.2,0.25,-10,1,500,0.8,1,eff,1,6.5,0,5
5.327510845438027,-99.12385130279266,1.7398467296524174,-230.54704037201395,0.08755937499999998,-122.76112618424295,2.820920893564611,-120.01714067796365,0.2,0.25,-10,1,500,0.8,1,eq,0.5,35,5,5
3.7378786914194815,-97.91502633725602,1.7398467296524174,-187.22159516266578,0.08755937499999998,-80.03539044555986,2.820920893564611,-119.75190539779467,0.2,0.25,-10,1,500,0.8,1,eff,0.5,6.5,0,5
5.327510845438027,-94.80383130978498,1.7398467296524174,-220.42979123542017,0.08755937499999998,-117.62297459076936,2.820920893564611,-119.98524376492314,0.2,0.25,-10,1,500,0.8,1,eff,1,6.5,5,5
3.7378786914194815,-100.40969001363109,1.7398467296524174,-194.40330242660997,0.08755937499999998,-81.55431162463609,2.820920893564611,-119.76133464406801,0.2,0.25,-10,1,500,0.8,1,eq,0.5,35,0,5
5.327510845438027,-97.19987474980884,1.7398467296524174,-222.82583467544404,0.08755937499999998,-120.33500038764963,2.820920893564611,-120.00207963467768,0.2,0.25,-10,1,500,0.8,1,eff,0.5,6.5,5,5
3.7378786914194815,-96.24059247727779,1.6648435882347152,-197.7758239856668,0.1362034722222222,-84.19427801532684,2.8306497130090555,-119.65542443225507,0.2,0.25,-10,2,400,0.7,0.5,eq,1,6.5,0,5
3.7378786914194815,-100.40969001363109,1.7398467296524174,-189.71625883904088,0.08755937499999998,-82.85904219240305,2.820920893564611,-119.76943422554275,0.2,0.25,-10,1,500,0.8,1,eff,0.5,35,0,5
5.327510845438027,-99.12385130279266,1.7398467296524174,-224.74981122842786,0.08755937499999998,-122.51270466339618,2.820920893564611,-120.01559851255583,0.2,0.25,-10,1,500,0.8,1,eff,0.5,35,5,5
5.327510845438027,-94.80383130978498,1.6648435882347152,-234.2743125713414,0.1362034722222222,-125.86037090291357,2.8306497130090555,-120.05639714881133,0.2,0.25,-10,2,400,0.7,0.5,eq,1,6.5,5,5
3.7378786914194815,-97.91502633725602,1.6648435882347152,-199.450257845645,0.1362034722222222,-86.1057850242418,2.8306497130090555,-119.67381977736568,0.2,0.25,-10,2,400,0.7,0.5,eq,0.5,6.5,0,5
3.7378786914194815,-97.3964960215078,1.6648435882347152,-198.9317275298968,0.1362034722222222,-85.51383907961761,2.8306497130090555,-119.66812319875663,0.2,0.25,-10,2,400,0.7,0.5,eq,1,35,0,5
3.7378786914194815,-100.40969001363109,1.6648435882347152,-201.94492152202008,0.1362034722222222,-88.95365331932227,2.8306497130090555,-119.70122617445111,0.2,0.25,-10,2,400,0.7,0.5,eq,0.5,35,0,5
3.7378786914194815,-97.3964960215078,1.7398467296524174,-186.70306484691756,0.08755937499999998,-79.44847805104598,2.820920893564611,-119.74826192926923,0.2,0.25,-10,1,500,0.8,1,eff,1,35,0,5
5.327510845438027,-94.80383130978498,1.6648435882347152,-228.1166823134861,0.1362034722222222,-125.34391155671626,2.8306497130090555,-120.05142701380022,0.2,0.25,-10,2,400,0.7,0.5,eff,1,6.5,5,5
5.327510845438027,-99.12385130279266,1.6648435882347152,-238.59433256434912,0.1362034722222222,-130.79203687808877,2.8306497130090555,-120.10385692644276,0.2,0.25,-10,2,400,0.7,0.5,eq,0.5,35,5,5
5.327510845438027,-94.80383130978498,1.6648435882347152,-234.2743125713414,0.1362034722222222,-125.86037090291357,2.8306497130090555,-120.05639714881133,0.2,0.25,-10,2,400,0.7,0.5,eq,1,35,5,5
5.327510845438027,-97.19987474980884,1.6648435882347152,-236.6703560113653,0.1362034722222222,-128.59565590785982,2.8306497130090555,-120.08272010311249,0.2,0.25,-10,2,400,0.7,0.5,eq,0.5,6.5,5,5
3.7378786914194815,-96.24059247727779,1.6648435882347152,-192.71015708568203,0.1362034722222222,-85.22314150712629,2.8306497130090555,-119.66532567714461,0.2,0.25,-10,2,400,0.7,0.5,eff,1,6.5,0,5
3.7378786914194815,-97.3964960215078,1.6648435882347152,-193.86606062991206,0.1362034722222222,-86.53294923322899,2.8306497130090555,-119.67793058261344,0.2,0.25,-10,2,400,0.7,0.5,eff,1,35,0,5
5.327510845438027,-99.12385130279266,1.6648435882347152,-232.4367023064938,0.1362034722222222,-130.23912586078782,2.8306497130090555,-120.09853599958697,0.2,0.25,-10,2,400,0.7,0.5,eff,0.5,35,5,5
5.327510845438027,-94.80383130978498,1.6648435882347152,-228.1166823134861,0.1362034722222222,-125.34391155671626,2.8306497130090555,-120.05142701380022,0.2,0.25,-10,2,400,0.7,0.5,eff,1,35,5,5
5.327510845438027,-94.80383130978498,1.7398467296524174,-226.22702037900632,0.1362034722222222,-117.83615712379033,2.8306497130090555,-119.97917630629263,0.2,0.25,-10,2,400,0.7,1,eq,1,6.5,5,5
5.327510845438027,-97.19987474980884,1.6648435882347152,-230.51272575350998,0.1362034722222222,-128.05897911188472,2.8306497130090555,-120.07755540592402,0.2,0.25,-10,2,400,0.7,0.5,eff,0.5,6.5,5,5
3.7378786914194815,-100.40969001363109,1.6648435882347152,-196.87925462203535,0.1362034722222222,-89.94733860054076,2.8306497130090555,-119.71078888261499,0.2,0.25,-10,2,400,0.7,0.5,eff,0.5,35,0,5
3.7378786914194815,-96.24059247727779,1.7398467296524174,-190.23420489025668,0.1362034722222222,-76.8014064967668,2.8306497130090555,-119.58427929791404,0.2,0.25,-10,2,400,0.7,1,eq,1,6.5,0,5
3.7378786914194815,-97.91502633725602,1.6648435882347152,-194.38459094566028,0.1362034722222222,-87.12051989783869,2.8306497130090555,-119.6835850558129,0.2,0.25,-10,2,400,0.7,0.5,eff,0.5,6.5,0,5
3.7378786914194815,-97.3964960215078,1.7398467296524174,-191.39010843448668,0.1362034722222222,-78.11923098597272,2.8306497130090555,-119.59696135252406,0.2,0.25,-10,2,400,0.7,1,eq,1,35,0,5
3.7378786914194815,-100.40969001363109,1.7398467296524174,-194.40330242660997,0.1362034722222222,-81.5545183447863,2.8306497130090555,-119.63002076388119,0.2,0.25,-10,2,400,0.7,1,eq,0.5,35,0,5
3.7378786914194815,-96.24059247727779,1.7398467296524174,-185.54716130268756,0.1362034722222222,-78.14033094672779,2.8306497130090555,-119.59716440752621,0.2,0.25,-10,2,400,0.7,1,eff,1,6.5,0,5
5.327510845438027,-94.80383130978498,1.7398467296524174,-226.22702037900632,0.1362034722222222,-117.83615712379033,2.8306497130090555,-119.97917630629263,0.2,0.25,-10,2,400,0.7,1,eq,1,35,5,5
3.7378786914194815,-97.3964960215078,1.7398467296524174,-186.70306484691756,0.1362034722222222,-79.44867126235323,2.8306497130090555,-119.60975519140304,0.2,0.25,-10,2,400,0.7,1,eff,1,35,0,5
5.327510845438027,-97.19987474980884,1.7398467296524174,-222.82583467544404,0.1362034722222222,-120.33519359903312,2.8306497130090555,-120.00322572813194,0.2,0.25,-10,2,400,0.7,1,eff,0.5,6.5,5,5
3.7378786914194815,-97.91502633725602,1.7398467296524174,-187.22159516266578,0.1362034722222222,-80.03558365687292,2.8306497130090555,-119.61540332975484,0.2,0.25,-10,2,400,0.7,1,eff,0.5,6.5,0,5
5.327510845438027,-99.12385130279266,1.7398467296524174,-230.54704037201395,0.1362034722222222,-122.76133290428264,2.8306497130090555,-120.02657362568003,0.2,0.25,-10,2,400,0.7,1,eq,0.5,35,5,5
5.327510845438027,-94.80383130978498,1.7398467296524174,-220.42979123542017,0.1362034722222222,-117.62316780214685,2.8306497130090555,-119.97712660830129,0.2,0.25,-10,2,400,0.7,1,eff,1,35,5,5
5.327510845438027,-97.19987474980884,1.7398467296524174,-228.62306381903014,0.1362034722222222,-120.56784242594165,2.8306497130090555,-120.00546461893413,0.2,0.25,-10,2,400,0.7,1,eq,0.5,6.5,5,5
5.327510845438027,-94.80383130978498,1.7398467296524174,-220.42979123542017,0.1362034722222222,-117.62316780214685,2.8306497130090555,-119.97712660830129,0.2,0.25,-10,2,400,0.7,1,eff,1,6.5,5,5
3.7378786914194815,-100.40969001363109,1.7398467296524174,-189.71625883904088,0.1362034722222222,-82.85923540371498,2.8306497130090555,-119.6425766794279,0.2,0.25,-10,2,400,0.7,1,eff,0.5,35,0,5
5.327510845438027,-99.12385130279266,1.7398467296524174,-224.74981122842786,0.1362034722222222,-122.51289787486863,2.8306497130090555,-120.0241828167099,0.2,0.25,-10,2,400,0.7,1,eff,0.5,35,5,5
3.7378786914194815,-97.91502633725602,1.7398467296524174,-191.9086387502349,0.1362034722222222,-78.71039791500908,2.8306497130090555,-119.60265043429396,0.2,0.25,-10,2,400,0.7,1,eq,0.5,6.5,0,5
3.7378786914194815,-96.24059247727779,1.6648435882347152,-197.7758239856668,0.1362034722222222,-84.19427801532684,2.8306497130090555,-119.65542443225507,0.2,0.25,-10,2,400,0.8,0.5,eq,1,6.5,0,5
5.327510845438027,-94.80383130978498,1.6648435882347152,-234.2743125713414,0.1362034722222222,-125.86037090291357,2.8306497130090555,-120.05639714881133,0.2,0.25,-10,2,400,0.8,0.5,eq,1,35,5,5
5.327510845438027,-97.19987474980884,1.6648435882347152,-236.6703560113653,0.1362034722222222,-128.59565590785982,2.8306497130090555,-120.08272010311249,0.2,0.25,-10,2,400,0.8,0.5,eq,0.5,6.5,5,5
5.327510845438027,-94.80383130978498,1.6648435882347152,-234.2743125713414,0.1362034722222222,-125.86037090291357,2.8306497130090555,-120.05639714881133,0.2,0.25,-10,2,400,0.8,0.5,eq,1,6.5,5,5
5.327510845438027,-99.12385130279266,1.6648435882347152,-238.59433256434912,0.1362034722222222,-130.79203687808877,2.8306497130090555,-120.10385692644276,0.2,0.25,-10,2,400,0.8,0.5,eq,0.5,35,5,5
3.7378786914194815,-97.3964960215078,1.6648435882347152,-198.9317275298968,0.1362034722222222,-85.51383907961761,2.8306497130090555,-119.66812319875663,0.2,0.25,-10,2,400,0.8,0.5,eq,1,35,0,5
3.7378786914194815,-100.40969001363109,1.6648435882347152,-201.94492152202008,0.1362034722222222,-88.95365331932227,2.8306497130090555,-119.70122617445111,0.2,0.25,-10,2,400,0.8,0.5,eq,0.5,35,0,5
3.7378786914194815,-97.91502633725602,1.6648435882347152,-194.38459094566028,0.1362034722222222,-87.12051989783869,2.8306497130090555,-119.6835850558129,0.2,0.25,-10,2,400,0.8,0.5,eff,0.5,6.5,0,5
5.327510845438027,-94.80383130978498,1.6648435882347152,-228.1166823134861,0.1362034722222222,-125.34391155671626,2.8306497130090555,-120.05142701380022,0.2,0.25,-10,2,400,0.8,0.5,eff,1,6.5,5,5
3.7378786914194815,-97.3964960215078,1.6648435882347152,-193.86606062991206,0.1362034722222222,-86.53294923322899,2.8306497130090555,-119.67793058261344,0.2,0.25,-10,2,400,0.8,0.5,eff,1,35,0,5
5.327510845438027,-94.80383130978498,1.7398467296524174,-226.22702037900632,0.1362034722222222,-117.83615712379033,2.8306497130090555,-119.97917630629263,0.2,0.25,-10,2,400,0.8,1,eq,1,6.5,5,5
3.7378786914194815,-96.24059247727779,1.6648435882347152,-192.71015708568203,0.1362034722222222,-85.22314150712629,2.8306497130090555,-119.66532567714461,0.2,0.25,-10,2,400,0.8,0.5,eff,1,6.5,0,5
5.327510845438027,-99.12385130279266,1.6648435882347152,-232.4367023064938,0.1362034722222222,-130.23912586078782,2.8306497130090555,-120.09853599958697,0.2,0.25,-10,2,400,0.8,0.5,eff,0.5,35,5,5
3.7378786914194815,-97.91502633725602,1.6648435882347152,-199.450257845645,0.1362034722222222,-86.1057850242418,2.8306497130090555,-119.67381977736568,0.2,0.25,-10,2,400,0.8,0.5,eq,0.5,6.5,0,5
3.7378786914194815,-96.24059247727779,1.7398467296524174,-190.23420489025668,0.1362034722222222,-76.8014064967668,2.8306497130090555,-119.58427929791404,0.2,0.25,-10,2,400,0.8,1,eq,1,6.5,0,5
5.327510845438027,-97.19987474980884,1.6648435882347152,-230.51272575350998,0.1362034722222222,-128.05897911188472,2.8306497130090555,-120.07755540592402,0.2,0.25,-10,2,400,0.8,0.5,eff,0.5,6.5,5,5
5.327510845438027,-94.80383130978498,1.6648435882347152,-228.1166823134861,0.1362034722222222,-125.34391155671626,2.8306497130090555,-120.05142701380022,0.2,0.25,-10,2,400,0.8,0.5,eff,1,35,5,5
3.7378786914194815,-100.40969001363109,1.6648435882347152,-196.87925462203535,0.1362034722222222,-89.94733860054076,2.8306497130090555,-119.71078888261499,0.2,0.25,-10,2,400,0.8,0.5,eff,0.5,35,0,5
3.7378786914194815,-97.3964960215078,1.7398467296524174,-191.39010843448668,0.1362034722222222,-78.11923098597272,2.8306497130090555,-119.59696135252406,0.2,0.25,-10,2,400,0.8,1,eq,1,35,0,5
5.327510845438027,-97.19987474980884,1.7398467296524174,-228.62306381903014,0.1362034722222222,-120.56784242594165,2.8306497130090555,-120.00546461893413,0.2,0.25,-10,2,400,0.8,1,eq,0.5,6.5,5,5
3.7378786914194815,-97.91502633725602,1.7398467296524174,-191.9086387502349,0.1362034722222222,-78.71039791500908,2.8306497130090555,-119.60265043429396,0.2,0.25,-10,2,400,0.8,1,eq,0.5,6.5,0,5
5.327510845438027,-94.80383130978498,1.7398467296524174,-226.22702037900632,0.1362034722222222,-117.83615712379033,2.8306497130090555,-119.97917630629263,0.2,0.25,-10,2,400,0.8,1,eq,1,35,5,5
3.7378786914194815,-100.40969001363109,1.7398467296524174,-194.40330242660997,0.1362034722222222,-81.5545183447863,2.8306497130090555,-119.63002076388119,0.2,0.25,-10,2,400,0.8,1,eq,0.5,35,0,5
5.327510845438027,-99.12385130279266,1.7398467296524174,-230.54704037201395,0.1362034722222222,-122.76133290428264,2.8306497130090555,-120.02657362568003,0.2,0.25,-10,2,400,0.8,1,eq,0.5,35,5,5
3.7378786914194815,-96.24059247727779,1.7398467296524174,-185.54716130268756,0.1362034722222222,-78.14033094672779,2.8306497130090555,-119.59716440752621,0.2,0.25,-10,2,400,0.8,1,eff,1,6.5,0,5
5.327510845438027,-94.80383130978498,1.7398467296524174,-220.42979123542017,0.1362034722222222,-117.62316780214685,2.8306497130090555,-119.97712660830129,0.2,0.25,-10,2,400,0.8,1,eff,1,35,5,5
5.327510845438027,-94.80383130978498,1.7398467296524174,-220.42979123542017,0.1362034722222222,-117.62316780214685,2.8306497130090555,-119.97712660830129,0.2,0.25,-10,2,400,0.8,1,eff,1,6.5,5,5
5.327510845438027,-99.12385130279266,1.7398467296524174,-224.74981122842786,0.1362034722222222,-122.51289787486863,2.8306497130090555,-120.0241828167099,0.2,0.25,-10,2,400,0.8,1,eff,0.5,35,5,5
3.7378786914194815,-97.91502633725602,1.7398467296524174,-187.22159516266578,0.1362034722222222,-80.03558365687292,2.8306497130090555,-119.61540332975484,0.2,0.25,-10,2,400,0.8,1,eff,0.5,6.5,0,5
3.7378786914194815,-96.24059247727779,1.6648435882347152,-197.7758239856668,0.17511874999999996,-84.19445292560897,2.838432768564611,-119.5581912162108,0.2,0.25,-10,2,500,0.7,0.5,eq,1,6.5,0,5
3.7378786914194815,-97.3964960215078,1.7398467296524174,-186.70306484691756,0.1362034722222222,-79.44867126235323,2.8306497130090555,-119.60975519140304,0.2,0.25,-10,2,400,0.8,1,eff,1,35,0,5
5.327510845438027,-97.19987474980884,1.6648435882347152,-236.6703560113653,0.17511874999999996,-128.59583081808782,2.838432768564611,-120.10606494997845,0.2,0.25,-10,2,500,0.7,0.5,eq,0.5,6.5,5,5
5.327510845438027,-97.19987474980884,1.7398467296524174,-222.82583467544404,0.1362034722222222,-120.33519359903312,2.8306497130090555,-120.00322572813194,0.2,0.25,-10,2,400,0.8,1,eff,0.5,6.5,5,5
5.327510845438027,-99.12385130279266,1.6648435882347152,-238.59433256434912,0.17511874999999996,-130.79221178833996,2.838432768564611,-120.13316634863014,0.2,0.25,-10,2,500,0.7,0.5,eq,0.5,35,5,5
5.327510845438027,-94.80383130978498,1.6648435882347152,-234.2743125713414,0.17511874999999996,-125.86054581305272,2.838432768564611,-120.07231395215456,0.2,0.25,-10,2,500,0.7,0.5,eq,1,6.5,5,5
5.327510845438027,-94.80383130978498,1.6648435882347152,-234.2743125713414,0.17511874999999996,-125.86054581305272,2.838432768564611,-120.07231395215456,0.2,0.25,-10,2,500,0.7,0.5,eq,1,35,5,5
3.7378786914194815,-100.40969001363109,1.6648435882347152,-201.94492152202008,0.17511874999999996,-88.95382822952642,2.838432768564611,-119.61691769817895,0.2,0.25,-10,2,500,0.7,0.5,eq,0.5,35,0,5
3.7378786914194815,-100.40969001363109,1.7398467296524174,-189.71625883904088,0.1362034722222222,-82.85923540371498,2.8306497130090555,-119.6425766794279,0.2,0.25,-10,2,400,0.8,1,eff,0.5,35,0,5
3.7378786914194815,-97.3964960215078,1.6648435882347152,-198.9317275298968,0.17511874999999996,-85.51401398989994,2.838432768564611,-119.57447343269922,0.2,0.25,-10,2,500,0.7,0.5,eq,1,35,0,5
5.327510845438027,-94.80383130978498,1.6648435882347152,-228.1166823134861,0.17511874999999996,-125.34407482731098,2.838432768564611,-120.06594115696734,0.2,0.25,-10,2,500,0.7,0.5,eff,1,6.5,5,5
3.7378786914194815,-97.3964960215078,1.6648435882347152,-193.86606062991206,0.17511874999999996,-86.53311250371821,2.838432768564611,-119.58704820704958,0.2,0.25,-10,2,500,0.7,0.5,eff,1,35,0,5
3.7378786914194815,-96.24059247727779,1.6648435882347152,-192.71015708568203,0.17511874999999996,-85.22330477762414,2.838432768564611,-119.57088633812862,0.2,0.25,-10,2,500,0.7,0.5,eff,1,6.5,0,5
5.327510845438027,-97.19987474980884,1.6648435882347152,-230.51272575350998,0.17511874999999996,-128.0591423824178,2.838432768564611,-120.09944268933981,0.2,0.25,-10,2,500,0.7,0.5,eff,0.5,6.5,5,5
3.7378786914194815,-97.91502633725602,1.6648435882347152,-194.38459094566028,0.17511874999999996,-87.12068316840032,2.838432768564611,-119.59429830939317,0.2,0.25,-10,2,500,0.7,0.5,eff,0.5,6.5,0,5
3.7378786914194815,-100.40969001363109,1.6648435882347152,-196.87925462203535,0.17511874999999996,-89.94750187110579,2.838432768564611,-119.62917875209212,0.2,0.25,-10,2,500,0.7,0.5,eff,0.5,35,0,5
5.327510845438027,-94.80383130978498,1.6648435882347152,-228.1166823134861,0.17511874999999996,-125.34407482731098,2.838432768564611,-120.06594115696734,0.2,0.25,-10,2,500,0.7,0.5,eff,1,35,5,5
5.327510845438027,-94.80383130978498,1.7398467296524174,-226.22702037900632,0.17511874999999996,-117.83632249993187,2.838432768564611,-119.97330213324686,0.2,0.25,-10,2,500,0.7,1,eq,1,6.5,5,5
5.327510845438027,-99.12385130279266,1.6648435882347152,-232.4367023064938,0.17511874999999996,-130.2392891311995,2.838432768564611,-120.12634377205633,0.2,0.25,-10,2,500,0.7,0.5,eff,0.5,35,5,5
5.327510845438027,-94.80383130978498,1.7398467296524174,-226.22702037900632,0.17511874999999996,-117.83632249993187,2.838432768564611,-119.97330213324686,0.2,0.25,-10,2,500,0.7,1,eq,1,35,5,5
3.7378786914194815,-96.24059247727779,1.7398467296524174,-190.23420489025668,0.17511874999999996,-76.80157187290379,2.838432768564611,-119.46696960242542,0.2,0.25,-10,2,500,0.7,1,eq,1,6.5,0,5
3.7378786914194815,-97.91502633725602,1.6648435882347152,-199.450257845645,0.17511874999999996,-86.10595993445345,2.838432768564611,-119.58177752212684,0.2,0.25,-10,2,500,0.7,0.5,eq,0.5,6.5,0,5
3.7378786914194815,-97.3964960215078,1.7398467296524174,-191.39010843448668,0.17511874999999996,-78.11939636210991,2.838432768564611,-119.4832303911132,0.2,0.25,-10,2,500,0.7,1,eq,1,35,0,5
5.327510845438027,-97.19987474980884,1.7398467296524174,-228.62306381903014,0.17511874999999996,-120.56800780206663,2.838432768564611,-120.00700871392056,0.2,0.25,-10,2,500,0.7,1,eq,0.5,6.5,5,5
5.327510845438027,-99.12385130279266,1.7398467296524174,-230.54704037201395,0.17511874999999996,-122.76149828042999,2.838432768564611,-120.03407444645875,0.2,0.25,-10,2,500,0.7,1,eq,0.5,35,5,5
3.7378786914194815,-97.91502633725602,1.7398467296524174,-191.9086387502349,0.17511874999999996,-78.71056329106462,2.838432768564611,-119.49052486817713,0.2,0.25,-10,2,500,0.7,1,eq,0.5,6.5,0,5
3.7378786914194815,-100.40969001363109,1.7398467296524174,-194.40330242660997,0.17511874999999996,-81.55468372092406,2.838432768564611,-119.52561879888724,0.2,0.25,-10,2,500,0.7,1,eq,0.5,35,0,5
5.327510845438027,-94.80383130978498,1.7398467296524174,-220.42979123542017,0.17511874999999996,-117.62332237122871,2.838432768564611,-119.97067390004001,0.2,0.25,-10,2,500,0.7,1,eff,1,6.5,5,5
5.327510845438027,-94.80383130978498,1.7398467296524174,-220.42979123542017,0.17511874999999996,-117.62332237122871,2.838432768564611,-119.97067390004001,0.2,0.25,-10,2,500,0.7,1,eff,1,35,5,5
3.7378786914194815,-96.24059247727779,1.7398467296524174,-185.54716130268756,0.17511874999999996,-78.14048551584285,2.838432768564611,-119.48349061261865,0.2,0.25,-10,2,500,0.7,1,eff,1,6.5,0,5
3.7378786914194815,-96.24059247727779,1.6648435882347152,-197.7758239856668,0.17511874999999996,-84.19445292560897,2.838432768564611,-119.5581912162108,0.2,0.25,-10,2,500,0.8,0.5,eq,1,6.5,0,5
3.7378786914194815,-97.3964960215078,1.6648435882347152,-198.9317275298968,0.17511874999999996,-85.51401398989994,2.838432768564611,-119.57447343269922,0.2,0.25,-10,2,500,0.8,0.5,eq,1,35,0,5
5.327510845438027,-94.80383130978498,1.6648435882347152,-234.2743125713414,0.17511874999999996,-125.86054581305272,2.838432768564611,-120.07231395215456,0.2,0.25,-10,2,500,0.8,0.5,eq,1,35,5,5
5.327510845438027,-97.19987474980884,1.7398467296524174,-222.82583467544404,0.17511874999999996,-120.33534816813697,2.838432768564611,-120.00413789980647,0.2,0.25,-10,2,500,0.7,1,eff,0.5,6.5,5,5
3.7378786914194815,-97.3964960215078,1.7398467296524174,-186.70306484691756,0.17511874999999996,-79.44882583144228,2.838432768564611,-119.499634374992,0.2,0.25,-10,2,500,0.7,1,eff,1,35,0,5
5.327510845438027,-99.12385130279266,1.7398467296524174,-224.74981122842786,0.17511874999999996,-122.51305244395014,2.838432768564611,-120.03100884456686,0.2,0.25,-10,2,500,0.7,1,eff,0.5,35,5,5
3.7378786914194815,-97.91502633725602,1.7398467296524174,-187.22159516266578,0.17511874999999996,-80.03573822604811,2.838432768564611,-119.50687635486501,0.2,0.25,-10,2,500,0.7,1,eff,0.5,6.5,0,5
5.327510845438027,-94.80383130978498,1.6648435882347152,-234.2743125713414,0.17511874999999996,-125.86054581305272,2.838432768564611,-120.07231395215456,0.2,0.25,-10,2,500,0.8,0.5,eq,1,6.5,5,5
3.7378786914194815,-100.40969001363109,1.7398467296524174,-189.71625883904088,0.17511874999999996,-82.85938997279753,2.838432768564611,-119.54171772012833,0.2,0.25,-10,2,500,0.7,1,eff,0.5,35,0,5
5.327510845438027,-97.19987474980884,1.6648435882347152,-236.6703560113653,0.17511874999999996,-128.59583081808782,2.838432768564611,-120.10606494997845,0.2,0.25,-10,2,500,0.8,0.5,eq,0.5,6.5,5,5
5.327510845438027,-99.12385130279266,1.6648435882347152,-238.59433256434912,0.17511874999999996,-130.79221178833996,2.838432768564611,-120.13316634863014,0.2,0.25,-10,2,500,0.8,0.5,eq,0.5,35,5,5
3.7378786914194815,-97.91502633725602,1.6648435882347152,-199.450257845645,0.17511874999999996,-86.10595993445345,2.838432768564611,-119.58177752212684,0.2,0.25,-10,2,500,0.8,0.5,eq,0.5,6.5,0,5
3.7378786914194815,-96.24059247727779,1.6648435882347152,-192.71015708568203,0.17511874999999996,-85.22330477762414,2.838432768564611,-119.57088633812862,0.2,0.25,-10,2,500,0.8,0.5,eff,1,6.5,0,5
5.327510845438027,-94.80383130978498,1.6648435882347152,-228.1166823134861,0.17511874999999996,-125.34407482731098,2.838432768564611,-120.06594115696734,0.2,0.25,-10,2,500,0.8,0.5,eff,1,6.5,5,5
5.327510845438027,-97.19987474980884,1.6648435882347152,-230.51272575350998,0.17511874999999996,-128.0591423824178,2.838432768564611,-120.09944268933981,0.2,0.25,-10,2,500,0.8,0.5,eff,0.5,6.5,5,5
3.7378786914194815,-97.3964960215078,1.6648435882347152,-193.86606062991206,0.17511874999999996,-86.53311250371821,2.838432768564611,-119.58704820704958,0.2,0.25,-10,2,500,0.8,0.5,eff,1,35,0,5
5.327510845438027,-94.80383130978498,1.6648435882347152,-228.1166823134861,0.17511874999999996,-125.34407482731098,2.838432768564611,-120.06594115696734,0.2,0.25,-10,2,500,0.8,0.5,eff,1,35,5,5
3.7378786914194815,-100.40969001363109,1.6648435882347152,-201.94492152202008,0.17511874999999996,-88.95382822952642,2.838432768564611,-119.61691769817895,0.2,0.25,-10,2,500,0.8,0.5,eq,0.5,35,0,5
5.327510845438027,-99.12385130279266,1.6648435882347152,-232.4367023064938,0.17511874999999996,-130.2392891311995,2.838432768564611,-120.12634377205633,0.2,0.25,-10,2,500,0.8,0.5,eff,0.5,35,5,5
5.327510845438027,-94.80383130978498,1.7398467296524174,-226.22702037900632,0.17511874999999996,-117.83632249993187,2.838432768564611,-119.97330213324686,0.2,0.25,-10,2,500,0.8,1,eq,1,35,5,5
5.327510845438027,-94.80383130978498,1.7398467296524174,-226.22702037900632,0.17511874999999996,-117.83632249993187,2.838432768564611,-119.97330213324686,0.2,0.25,-10,2,500,0.8,1,eq,1,6.5,5,5
3.7378786914194815,-100.40969001363109,1.6648435882347152,-196.87925462203535,0.17511874999999996,-89.94750187110579,2.838432768564611,-119.62917875209212,0.2,0.25,-10,2,500,0.8,0.5,eff,0.5,35,0,5
3.7378786914194815,-96.24059247727779,1.7398467296524174,-190.23420489025668,0.17511874999999996,-76.80157187290379,2.838432768564611,-119.46696960242542,0.2,0.25,-10,2,500,0.8,1,eq,1,6.5,0,5
5.327510845438027,-99.12385130279266,1.7398467296524174,-230.54704037201395,0.17511874999999996,-122.76149828042999,2.838432768564611,-120.03407444645875,0.2,0.25,-10,2,500,0.8,1,eq,0.5,35,5,5
3.7378786914194815,-97.91502633725602,1.6648435882347152,-194.38459094566028,0.17511874999999996,-87.12068316840032,2.838432768564611,-119.59429830939317,0.2,0.25,-10,2,500,0.8,0.5,eff,0.5,6.5,0,5
5.327510845438027,-97.19987474980884,1.7398467296524174,-228.62306381903014,0.17511874999999996,-120.56800780206663,2.838432768564611,-120.00700871392056,0.2,0.25,-10,2,500,0.8,1,eq,0.5,6.5,5,5
3.7378786914194815,-97.3964960215078,1.7398467296524174,-191.39010843448668,0.17511874999999996,-78.11939636210991,2.838432768564611,-119.4832303911132,0.2,0.25,-10,2,500,0.8,1,eq,1,35,0,5
3.7378786914194815,-97.91502633725602,1.7398467296524174,-191.9086387502349,0.17511874999999996,-78.71056329106462,2.838432768564611,-119.49052486817713,0.2,0.25,-10,2,500,0.8,1,eq,0.5,6.5,0,5
3.7378786914194815,-97.3964960215078,1.7398467296524174,-186.70306484691756,0.17511874999999996,-79.44882583144228,2.838432768564611,-119.499634374992,0.2,0.25,-10,2,500,0.8,1,eff,1,35,0,5
5.327510845438027,-94.80383130978498,1.7398467296524174,-220.42979123542017,0.17511874999999996,-117.62332237122871,2.838432768564611,-119.97067390004001,0.2,0.25,-10,2,500,0.8,1,eff,1,35,5,5
3.7378786914194815,-100.40969001363109,1.7398467296524174,-194.40330242660997,0.17511874999999996,-81.55468372092406,2.838432768564611,-119.52561879888724,0.2,0.25,-10,2,500,0.8,1,eq,0.5,35,0,5
3.7378786914194815,-96.24059247727779,1.7398467296524174,-185.54716130268756,0.17511874999999996,-78.14048551584285,2.838432768564611,-119.48349061261865,0.2,0.25,-10,2,500,0.8,1,eff,1,6.5,0,5
5.327510845438027,-97.19987474980884,1.7398467296524174,-222.82583467544404,0.17511874999999996,-120.33534816813697,2.838432768564611,-120.00413789980647,0.2,0.25,-10,2,500,0.8,1,eff,0.5,6.5,5,5
5.327510845438027,-94.80383130978498,1.7398467296524174,-220.42979123542017,0.17511874999999996,-117.62332237122871,2.838432768564611,-119.97067390004001,0.2,0.25,-10,2,500,0.8,1,eff,1,6.5,5,5
5.327510845438027,-99.12385130279266,1.7398467296524174,-224.74981122842786,0.17511874999999996,-122.51305244395014,2.838432768564611,-120.03100884456686,0.2,0.25,-10,2,500,0.8,1,eff,0.5,35,5,5
3.7378786914194815,-100.40969001363109,1.7398467296524174,-189.71625883904088,0.17511874999999996,-82.85938997279753,2.838432768564611,-119.54171772012833,0.2,0.25,-10,2,500,0.8,1,eff,0.5,35,0,5
3.7378786914194815,-97.91502633725602,1.7398467296524174,-187.22159516266578,0.17511874999999996,-80.03573822604811,2.838432768564611,-119.50687635486501,0.2,0.25,-10,2,500,0.8,1,eff,0.5,6.5,0,5
3.7378786914194815,-96.24059247727779,0.664380693404857,-339.23199218772845,0.2724069444444444,-225.82459221267055,2.8578904074535,-122.01738693244157,0.2,1,-20,1,400,0.7,0.5,eq,1,6.5,0,5
5.327510845438027,-99.12385130279266,0.664380693404857,-380.05050076641083,0.2724069444444444,-273.64882719753905,2.8578904074535,-122.92908415418557,0.2,1,-20,1,400,0.7,0.5,eq,0.5,35,5,5
5.327510845438027,-94.80383130978498,0.664380693404857,-375.73048077340303,0.2724069444444444,-268.5873573282,2.8578904074535,-122.83259483199815,0.2,1,-20,1,400,0.7,0.5,eq,1,35,5,5
3.7378786914194815,-97.91502633725602,0.664380693404857,-340.90642604770665,0.2724069444444444,-227.7864110332228,2.8578904074535,-122.0547860621679,0.2,1,-20,1,400,0.7,0.5,eq,0.5,6.5,0,5
3.7378786914194815,-97.3964960215078,0.664380693404857,-340.38789573195845,0.2724069444444444,-227.17888477811977,2.8578904074535,-122.04320448644401,0.2,1,-20,1,400,0.7,0.5,eq,1,35,0,5
5.327510845438027,-94.80383130978498,0.664380693404857,-375.73048077340303,0.2724069444444444,-268.5873573282,2.8578904074535,-122.83259483199815,0.2,1,-20,1,400,0.7,0.5,eq,1,6.5,5,5
5.327510845438027,-97.19987474980884,0.664380693404857,-378.126524213427,0.2724069444444444,-271.39463639104684,2.8578904074535,-122.88611139160577,0.2,1,-20,1,400,0.7,0.5,eq,0.5,6.5,5,5
3.7378786914194815,-100.40969001363109,0.664380693404857,-343.4010897240817,0.2724069444444444,-230.70923663507577,2.8578904074535,-122.11050534302403,0.2,1,-20,1,400,0.7,0.5,eq,0.5,35,0,5
3.7378786914194815,-96.24059247727779,0.664380693404857,-324.3272877173037,0.2724069444444444,-217.292598106333,2.8578904074535,-121.85473727740481,0.2,1,-20,1,400,0.7,0.5,eff,1,6.5,0,5
5.327510845438027,-94.80383130978498,0.664380693404857,-359.73381294510773,0.2724069444444444,-258.30798869489075,2.8578904074535,-122.63663410565862,0.2,1,-20,1,400,0.7,0.5,eff,1,6.5,5,5
5.327510845438027,-94.80383130978498,0.664380693404857,-359.73381294510773,0.2724069444444444,-258.30798869489075,2.8578904074535,-122.63663410565862,0.2,1,-20,1,400,0.7,0.5,eff,1,35,5,5
3.7378786914194815,-97.3964960215078,0.664380693404857,-325.4831912615337,0.2724069444444444,-218.6316121732658,2.8578904074535,-121.88026356977699,0.2,1,-20,1,400,0.7,0.5,eff,1,35,0,5
3.7378786914194815,-97.91502633725602,0.6968241909147566,-329.0068685410901,0.2724069444444444,-214.8525340748349,2.8578904074535,-121.80822112091849,0.2,1,-20,1,400,0.7,1,eq,0.5,6.5,0,5
5.327510845438027,-99.12385130279266,0.6968241909147566,-367.6452701628692,0.2724069444444444,-260.0644393857775,2.8578904074535,-122.67011820039674,0.2,1,-20,1,400,0.7,1,eq,0.5,35,5,5
5.327510845438027,-94.80383130978498,0.6968241909147566,-348.0515354700857,0.2724069444444444,-245.59505767681563,2.8578904074535,-122.39428116696405,0.2,1,-20,1,400,0.7,1,eff,1,35,5,5
5.327510845438027,-99.12385130279266,0.664380693404857,-364.0538329381154,0.2724069444444444,-263.3123574160606,2.8578904074535,-122.73203488020556,0.2,1,-20,1,400,0.7,0.5,eff,0.5,35,5,5
5.327510845438027,-97.19987474980884,0.6968241909147566,-365.72129360988544,0.2724069444444444,-257.8131390704561,2.8578904074535,-122.62720054069054,0.2,1,-20,1,400,0.7,1,eq,0.5,6.5,5,5
3.7378786914194815,-100.40969001363109,0.664380693404857,-328.49638525365697,0.2724069444444444,-222.1221362418344,2.8578904074535,-121.94680516938128,0.2,1,-20,1,400,0.7,0.5,eff,0.5,35,0,5
5.327510845438027,-94.80383130978498,0.6968241909147566,-363.32525016986153,0.2724069444444444,-255.0094597102998,2.8578904074535,-122.57375260400893,0.2,1,-20,1,400,0.7,1,eq,1,6.5,5,5
3.7378786914194815,-96.24059247727779,0.6968241909147566,-313.16890553735317,0.2724069444444444,-205.23042986307095,2.8578904074535,-121.6247901537535,0.2,1,-20,1,400,0.7,1,eff,1,6.5,0,5
5.327510845438027,-94.80383130978498,0.6968241909147566,-363.32525016986153,0.2724069444444444,-255.0094597102998,2.8578904074535,-122.57375260400893,0.2,1,-20,1,400,0.7,1,eq,1,35,5,5
3.7378786914194815,-97.91502633725602,0.664380693404857,-326.0017215772819,0.2724069444444444,-219.23228459982536,2.8578904074535,-121.8917144875521,0.2,1,-20,1,400,0.7,0.5,eff,0.5,6.5,0,5
5.327510845438027,-97.19987474980884,0.664380693404857,-362.12985638513163,0.2724069444444444,-261.08359734179624,2.8578904074535,-122.68954691634626,0.2,1,-20,1,400,0.7,0.5,eff,0.5,6.5,5,5
3.7378786914194815,-97.3964960215078,0.6968241909147566,-328.4883382253419,0.2724069444444444,-214.24578683571752,2.8578904074535,-121.79665439596444,0.2,1,-20,1,400,0.7,1,eq,1,35,0,5
3.7378786914194815,-96.24059247727779,0.6968241909147566,-327.3324346811119,0.2724069444444444,-212.8932308442968,2.8578904074535,-121.77086994713804,0.2,1,-20,1,400,0.7,1,eq,1,6.5,0,5
3.7378786914194815,-97.3964960215078,0.6968241909147566,-314.32480908158317,0.2724069444444444,-206.56799003105618,2.8578904074535,-121.65028872972572,0.2,1,-20,1,400,0.7,1,eff,1,35,0,5
5.327510845438027,-94.80383130978498,0.6968241909147566,-348.0515354700857,0.2724069444444444,-245.59505767681563,2.8578904074535,-122.39428116696405,0.2,1,-20,1,400,0.7,1,eff,1,6.5,5,5
3.7378786914194815,-100.40969001363109,0.6968241909147566,-331.5015322174652,0.2724069444444444,-217.77161181094306,2.8578904074535,-121.86386895434242,0.2,1,-20,1,400,0.7,1,eq,0.5,35,0,5
3.7378786914194815,-100.40969001363109,0.6968241909147566,-317.3380030737065,0.2724069444444444,-210.0547240949306,2.8578904074535,-121.71675807858196,0.2,1,-20,1,400,0.7,1,eff,0.5,35,0,5
3.7378786914194815,-97.91502633725602,0.6968241909147566,-314.84333939733136,0.2724069444444444,-207.16801024869412,2.8578904074535,-121.66172721411716,0.2,1,-20,1,400,0.7,1,eff,0.5,6.5,0,5
5.327510845438027,-99.12385130279266,0.6968241909147566,-352.3715554630934,0.2724069444444444,-250.59399266285843,2.8578904074535,-122.48957835551066,0.2,1,-20,1,400,0.7,1,eff,0.5,35,5,5
5.327510845438027,-97.19987474980884,0.6968241909147566,-350.4475789101096,0.2724069444444444,-248.3676525721339,2.8578904074535,-122.44713652500339,0.2,1,-20,1,400,0.7,1,eff,0.5,6.5,5,5
3.7378786914194815,-100.40969001363109,0.664380693404857,-343.4010897240817,0.2724069444444444,-230.70923663507577,2.8578904074535,-122.11050534302403,0.2,1,-20,1,400,0.8,0.5,eq,0.5,35,0,5
5.327510845438027,-94.80383130978498,0.664380693404857,-375.73048077340303,0.2724069444444444,-268.5873573282,2.8578904074535,-122.83259483199815,0.2,1,-20,1,400,0.8,0.5,eq,1,6.5,5,5
5.327510845438027,-97.19987474980884,0.664380693404857,-378.126524213427,0.2724069444444444,-271.39463639104684,2.8578904074535,-122.88611139160577,0.2,1,-20,1,400,0.8,0.5,eq,0.5,6.5,5,5
3.7378786914194815,-96.24059247727779,0.664380693404857,-339.23199218772845,0.2724069444444444,-225.82459221267055,2.8578904074535,-122.01738693244157,0.2,1,-20,1,400,0.8,0.5,eq,1,6.5,0,5
3.7378786914194815,-97.91502633725602,0.664380693404857,-340.90642604770665,0.2724069444444444,-227.7864110332228,2.8578904074535,-122.0547860621679,0.2,1,-20,1,400,0.8,0.5,eq,0.5,6.5,0,5
3.7378786914194815,-97.3964960215078,0.664380693404857,-340.38789573195845,0.2724069444444444,-227.17888477811977,2.8578904074535,-122.04320448644401,0.2,1,-20,1,400,0.8,0.5,eq,1,35,0,5
5.327510845438027,-94.80383130978498,0.664380693404857,-375.73048077340303,0.2724069444444444,-268.5873573282,2.8578904074535,-122.83259483199815,0.2,1,-20,1,400,0.8,0.5,eq,1,35,5,5
5.327510845438027,-99.12385130279266,0.664380693404857,-380.05050076641083,0.2724069444444444,-273.64882719753905,2.8578904074535,-122.92908415418557,0.2,1,-20,1,400,0.8,0.5,eq,0.5,35,5,5
5.327510845438027,-94.80383130978498,0.664380693404857,-359.73381294510773,0.2724069444444444,-258.30798869489075,2.8578904074535,-122.63663410565862,0.2,1,-20,1,400,0.8,0.5,eff,1,6.5,5,5
5.327510845438027,-94.80383130978498,0.664380693404857,-359.73381294510773,0.2724069444444444,-258.30798869489075,2.8578904074535,-122.63663410565862,0.2,1,-20,1,400,0.8,0.5,eff,1,35,5,5
3.7378786914194815,-96.24059247727779,0.664380693404857,-324.3272877173037,0.2724069444444444,-217.292598106333,2.8578904074535,-121.85473727740481,0.2,1,-20,1,400,0.8,0.5,eff,1,6.5,0,5
3.7378786914194815,-97.3964960215078,0.664380693404857,-325.4831912615337,0.2724069444444444,-218.6316121732658,2.8578904074535,-121.88026356977699,0.2,1,-20,1,400,0.8,0.5,eff,1,35,0,5
5.327510845438027,-99.12385130279266,0.6968241909147566,-367.6452701628692,0.2724069444444444,-260.0644393857775,2.8578904074535,-122.67011820039674,0.2,1,-20,1,400,0.8,1,eq,0.5,35,5,5
5.327510845438027,-99.12385130279266,0.664380693404857,-364.0538329381154,0.2724069444444444,-263.3123574160606,2.8578904074535,-122.73203488020556,0.2,1,-20,1,400,0.8,0.5,eff,0.5,35,5,5
3.7378786914194815,-96.24059247727779,0.6968241909147566,-327.3324346811119,0.2724069444444444,-212.8932308442968,2.8578904074535,-121.77086994713804,0.2,1,-20,1,400,0.8,1,eq,1,6.5,0,5
3.7378786914194815,-100.40969001363109,0.6968241909147566,-331.5015322174652,0.2724069444444444,-217.77161181094306,2.8578904074535,-121.86386895434242,0.2,1,-20,1,400,0.8,1,eq,0.5,35,0,5
3.7378786914194815,-97.91502633725602,0.664380693404857,-326.0017215772819,0.2724069444444444,-219.23228459982536,2.8578904074535,-121.8917144875521,0.2,1,-20,1,400,0.8,0.5,eff,0.5,6.5,0,5
3.7378786914194815,-96.24059247727779,0.6968241909147566,-313.16890553735317,0.2724069444444444,-205.23042986307095,2.8578904074535,-121.6247901537535,0.2,1,-20,1,400,0.8,1,eff,1,6.5,0,5
5.327510845438027,-94.80383130978498,0.6968241909147566,-363.32525016986153,0.2724069444444444,-255.0094597102998,2.8578904074535,-122.57375260400893,0.2,1,-20,1,400,0.8,1,eq,1,6.5,5,5
5.327510845438027,-97.19987474980884,0.6968241909147566,-365.72129360988544,0.2724069444444444,-257.8131390704561,2.8578904074535,-122.62720054069054,0.2,1,-20,1,400,0.8,1,eq,0.5,6.5,5,5
5.327510845438027,-94.80383130978498,0.6968241909147566,-348.0515354700857,0.2724069444444444,-245.59505767681563,2.8578904074535,-122.39428116696405,0.2,1,-20,1,400,0.8,1,eff,1,6.5,5,5
3.7378786914194815,-97.3964960215078,0.6968241909147566,-328.4883382253419,0.2724069444444444,-214.24578683571752,2.8578904074535,-121.79665439596444,0.2,1,-20,1,400,0.8,1,eq,1,35,0,5
5.327510845438027,-97.19987474980884,0.664380693404857,-362.12985638513163,0.2724069444444444,-261.08359734179624,2.8578904074535,-122.68954691634626,0.2,1,-20,1,400,0.8,0.5,eff,0.5,6.5,5,5
3.7378786914194815,-100.40969001363109,0.664380693404857,-328.49638525365697,0.2724069444444444,-222.1221362418344,2.8578904074535,-121.94680516938128,0.2,1,-20,1,400,0.8,0.5,eff,0.5,35,0,5
5.327510845438027,-94.80383130978498,0.6968241909147566,-363.32525016986153,0.2724069444444444,-255.0094597102998,2.8578904074535,-122.57375260400893,0.2,1,-20,1,400,0.8,1,eq,1,35,5,5
3.7378786914194815,-97.3964960215078,0.6968241909147566,-314.32480908158317,0.2724069444444444,-206.56799003105618,2.8578904074535,-121.65028872972572,0.2,1,-20,1,400,0.8,1,eff,1,35,0,5
5.327510845438027,-94.80383130978498,0.6968241909147566,-348.0515354700857,0.2724069444444444,-245.59505767681563,2.8578904074535,-122.39428116696405,0.2,1,-20,1,400,0.8,1,eff,1,35,5,5
3.7378786914194815,-97.91502633725602,0.6968241909147566,-329.0068685410901,0.2724069444444444,-214.8525340748349,2.8578904074535,-121.80822112091849,0.2,1,-20,1,400,0.8,1,eq,0.5,6.5,0,5
5.327510845438027,-97.19987474980884,0.6968241909147566,-350.4475789101096,0.2724069444444444,-248.3676525721339,2.8578904074535,-122.44713652500339,0.2,1,-20,1,400,0.8,1,eff,0.5,6.5,5,5
5.327510845438027,-99.12385130279266,0.6968241909147566,-352.3715554630934,0.2724069444444444,-250.59399266285843,2.8578904074535,-122.48957835551066,0.2,1,-20,1,400,0.8,1,eff,0.5,35,5,5
3.7378786914194815,-97.91502633725602,0.6968241909147566,-314.84333939733136,0.2724069444444444,-207.16801024869412,2.8578904074535,-121.66172721411716,0.2,1,-20,1,400,0.8,1,eff,0.5,6.5,0,5
3.7378786914194815,-100.40969001363109,0.6968241909147566,-317.3380030737065,0.2724069444444444,-210.0547240949306,2.8578904074535,-121.71675807858196,0.2,1,-20,1,400,0.8,1,eff,0.5,35,0,5
3.7378786914194815,-96.24059247727779,0.664380693404857,-339.23199218772845,0.3502374999999999,-225.82486486278952,2.873456518564611,-122.57973878274619,0.2,1,-20,1,500,0.7,0.5,eq,1,6.5,0,5
3.7378786914194815,-97.3964960215078,0.664380693404857,-340.38789573195845,0.3502374999999999,-227.17915742876178,2.873456518564611,-122.61275296197671,0.2,1,-20,1,500,0.7,0.5,eq,1,35,0,5
5.327510845438027,-94.80383130978498,0.664380693404857,-359.73381294510773,0.3502374999999999,-258.3082375094182,2.873456518564611,-123.3716000935975,0.2,1,-20,1,500,0.7,0.5,eff,1,35,5,5
5.327510845438027,-94.80383130978498,0.664380693404857,-375.73048077340303,0.3502374999999999,-268.5876299789517,2.873456518564611,-123.62218531712799,0.2,1,-20,1,500,0.7,0.5,eq,1,6.5,5,5
5.327510845438027,-94.80383130978498,0.664380693404857,-375.73048077340303,0.3502374999999999,-268.5876299789517,2.873456518564611,-123.62218531712799,0.2,1,-20,1,500,0.7,0.5,eq,1,35,5,5
5.327510845438027,-99.12385130279266,0.664380693404857,-380.05050076641083,0.3502374999999999,-273.64909984781644,2.873456518564611,-123.7455709707298,0.2,1,-20,1,500,0.7,0.5,eq,0.5,35,5,5
3.7378786914194815,-96.24059247727779,0.664380693404857,-324.3272877173037,0.3502374999999999,-217.29284691939904,2.873456518564611,-122.37175006844735,0.2,1,-20,1,500,0.7,0.5,eff,1,6.5,0,5
3.7378786914194815,-97.3964960215078,0.664380693404857,-325.4831912615337,0.3502374999999999,-218.63186098710375,2.873456518564611,-122.40439179707685,0.2,1,-20,1,500,0.7,0.5,eff,1,35,0,5
3.7378786914194815,-97.91502633725602,0.664380693404857,-340.90642604770665,0.3502374999999999,-227.7866836844701,2.873456518564611,-122.62756289389031,0.2,1,-20,1,500,0.7,0.5,eq,0.5,6.5,0,5
5.327510845438027,-97.19987474980884,0.664380693404857,-378.126524213427,0.3502374999999999,-271.394909041803,2.873456518564611,-123.69061958049143,0.2,1,-20,1,500,0.7,0.5,eq,0.5,6.5,5,5
3.7378786914194815,-97.91502633725602,0.664380693404857,-326.0017215772819,0.3502374999999999,-219.23253341415025,2.873456518564611,-122.41903465022675,0.2,1,-20,1,500,0.7,0.5,eff,0.5,6.5,0,5
5.327510845438027,-99.12385130279266,0.664380693404857,-364.0538329381154,0.3502374999999999,-263.3126062306145,2.873456518564611,-123.49359376767366,0.2,1,-20,1,500,0.7,0.5,eff,0.5,35,5,5
5.327510845438027,-97.19987474980884,0.664380693404857,-362.12985638513163,0.3502374999999999,-261.08384615534095,2.873456518564611,-123.43926231342539,0.2,1,-20,1,500,0.7,0.5,eff,0.5,6.5,5,5
5.327510845438027,-94.80383130978498,0.664380693404857,-359.73381294510773,0.3502374999999999,-258.3082375094182,2.873456518564611,-123.3716000935975,0.2,1,-20,1,500,0.7,0.5,eff,1,6.5,5,5
3.7378786914194815,-96.24059247727779,0.6968241909147566,-327.3324346811119,0.3502374999999999,-212.89348819482214,2.873456518564611,-122.26450498634212,0.2,1,-20,1,500,0.7,1,eq,1,6.5,0,5
3.7378786914194815,-97.91502633725602,0.6968241909147566,-329.0068685410901,0.3502374999999999,-214.8527914251692,2.873456518564611,-122.31226777382153,0.2,1,-20,1,500,0.7,1,eq,0.5,6.5,0,5
3.7378786914194815,-100.40969001363109,0.664380693404857,-328.49638525365697,0.3502374999999999,-222.12238505598884,2.873456518564611,-122.4894818212815,0.2,1,-20,1,500,0.7,0.5,eff,0.5,35,0,5
5.327510845438027,-94.80383130978498,0.6968241909147566,-363.32525016986153,0.3502374999999999,-255.00971706068182,2.873456518564611,-123.29119062519578,0.2,1,-20,1,500,0.7,1,eq,1,35,5,5
5.327510845438027,-94.80383130978498,0.6968241909147566,-363.32525016986153,0.3502374999999999,-255.00971706068182,2.873456518564611,-123.29119062519578,0.2,1,-20,1,500,0.7,1,eq,1,6.5,5,5
3.7378786914194815,-97.3964960215078,0.6968241909147566,-328.4883382253419,0.3502374999999999,-214.24604418604216,2.873456518564611,-122.29747683233406,0.2,1,-20,1,500,0.7,1,eq,1,35,0,5
5.327510845438027,-97.19987474980884,0.6968241909147566,-365.72129360988544,0.3502374999999999,-257.8133964208303,2.873456518564611,-123.35953713704018,0.2,1,-20,1,500,0.7,1,eq,0.5,6.5,5,5
3.7378786914194815,-100.40969001363109,0.664380693404857,-343.4010897240817,0.3502374999999999,-230.70950928498354,2.873456518564611,-122.6988138854851,0.2,1,-20,1,500,0.7,0.5,eq,0.5,35,0,5
5.327510845438027,-99.12385130279266,0.6968241909147566,-367.6452701628692,0.3502374999999999,-260.06469673566426,2.873456518564611,-123.41441806451702,0.2,1,-20,1,500,0.7,1,eq,0.5,35,5,5
5.327510845438027,-94.80383130978498,0.6968241909147566,-348.0515354700857,0.3502374999999999,-245.5952927666864,2.873456518564611,-123.06169110729014,0.2,1,-20,1,500,0.7,1,eff,1,6.5,5,5
3.7378786914194815,-100.40969001363109,0.6968241909147566,-331.5015322174652,0.3502374999999999,-217.77186916127184,2.873456518564611,-122.38342740209451,0.2,1,-20,1,500,0.7,1,eq,0.5,35,0,5
5.327510845438027,-94.80383130978498,0.6968241909147566,-348.0515354700857,0.3502374999999999,-245.5952927666864,2.873456518564611,-123.06169110729014,0.2,1,-20,1,500,0.7,1,eff,1,35,5,5
3.7378786914194815,-97.91502633725602,0.6968241909147566,-314.84333939733136,0.3502374999999999,-207.16824533882954,2.873456518564611,-122.12493824977788,0.2,1,-20,1,500,0.7,1,eff,0.5,6.5,0,5
3.7378786914194815,-97.3964960215078,0.6968241909147566,-314.32480908158317,0.3502374999999999,-206.56822512114056,2.873456518564611,-122.1103112958194,0.2,1,-20,1,500,0.7,1,eff,1,35,0,5
3.7378786914194815,-96.24059247727779,0.6968241909147566,-313.16890553735317,0.3502374999999999,-205.23066495299926,2.873456518564611,-122.0777050095322,0.2,1,-20,1,500,0.7,1,eff,1,6.5,0,5
5.327510845438027,-94.80383130978498,0.664380693404857,-375.73048077340303,0.3502374999999999,-268.5876299789517,2.873456518564611,-123.62218531712799,0.2,1,-20,1,500,0.8,0.5,eq,1,6.5,5,5
5.327510845438027,-94.80383130978498,0.664380693404857,-375.73048077340303,0.3502374999999999,-268.5876299789517,2.873456518564611,-123.62218531712799,0.2,1,-20,1,500,0.8,0.5,eq,1,35,5,5
5.327510845438027,-99.12385130279266,0.664380693404857,-380.05050076641083,0.3502374999999999,-273.64909984781644,2.873456518564611,-123.7455709707298,0.2,1,-20,1,500,0.8,0.5,eq,0.5,35,5,5
3.7378786914194815,-97.3964960215078,0.664380693404857,-340.38789573195845,0.3502374999999999,-227.17915742876178,2.873456518564611,-122.61275296197671,0.2,1,-20,1,500,0.8,0.5,eq,1,35,0,5
3.7378786914194815,-97.91502633725602,0.664380693404857,-340.90642604770665,0.3502374999999999,-227.7866836844701,2.873456518564611,-122.62756289389031,0.2,1,-20,1,500,0.8,0.5,eq,0.5,6.5,0,5
5.327510845438027,-97.19987474980884,0.664380693404857,-378.126524213427,0.3502374999999999,-271.394909041803,2.873456518564611,-123.69061958049143,0.2,1,-20,1,500,0.8,0.5,eq,0.5,6.5,5,5
3.7378786914194815,-100.40969001363109,0.6968241909147566,-317.3380030737065,0.3502374999999999,-210.05495918505147,2.873456518564611,-122.19530892942343,0.2,1,-20,1,500,0.7,1,eff,0.5,35,0,5
5.327510845438027,-99.12385130279266,0.6968241909147566,-352.3715554630934,0.3502374999999999,-250.59422775294067,2.873456518564611,-123.18355232084511,0.2,1,-20,1,500,0.7,1,eff,0.5,35,5,5
5.327510845438027,-97.19987474980884,0.6968241909147566,-350.4475789101096,0.3502374999999999,-248.36788766220775,2.873456518564611,-123.12927985961308,0.2,1,-20,1,500,0.7,1,eff,0.5,6.5,5,5
3.7378786914194815,-96.24059247727779,0.664380693404857,-339.23199218772845,0.3502374999999999,-225.82486486278952,2.873456518564611,-122.57973878274619,0.2,1,-20,1,500,0.8,0.5,eq,1,6.5,0,5
3.7378786914194815,-100.40969001363109,0.664380693404857,-343.4010897240817,0.3502374999999999,-230.70950928498354,2.873456518564611,-122.6988138854851,0.2,1,-20,1,500,0.8,0.5,eq,0.5,35,0,5
5.327510845438027,-94.80383130978498,0.664380693404857,-359.73381294510773,0.3502374999999999,-258.3082375094182,2.873456518564611,-123.3716000935975,0.2,1,-20,1,500,0.8,0.5,eff,1,35,5,5
5.327510845438027,-94.80383130978498,0.664380693404857,-359.73381294510773,0.3502374999999999,-258.3082375094182,2.873456518564611,-123.3716000935975,0.2,1,-20,1,500,0.8,0.5,eff,1,6.5,5,5
3.7378786914194815,-96.24059247727779,0.664380693404857,-324.3272877173037,0.3502374999999999,-217.29284691939904,2.873456518564611,-122.37175006844735,0.2,1,-20,1,500,0.8,0.5,eff,1,6.5,0,5
3.7378786914194815,-97.3964960215078,0.664380693404857,-325.4831912615337,0.3502374999999999,-218.63186098710375,2.873456518564611,-122.40439179707685,0.2,1,-20,1,500,0.8,0.5,eff,1,35,0,5
5.327510845438027,-97.19987474980884,0.664380693404857,-362.12985638513163,0.3502374999999999,-261.08384615534095,2.873456518564611,-123.43926231342539,0.2,1,-20,1,500,0.8,0.5,eff,0.5,6.5,5,5
3.7378786914194815,-97.91502633725602,0.664380693404857,-326.0017215772819,0.3502374999999999,-219.23253341415025,2.873456518564611,-122.41903465022675,0.2,1,-20,1,500,0.8,0.5,eff,0.5,6.5,0,5
3.7378786914194815,-96.24059247727779,0.6968241909147566,-327.3324346811119,0.3502374999999999,-212.89348819482214,2.873456518564611,-122.26450498634212,0.2,1,-20,1,500,0.8,1,eq,1,6.5,0,5
5.327510845438027,-94.80383130978498,0.6968241909147566,-363.32525016986153,0.3502374999999999,-255.00971706068182,2.873456518564611,-123.29119062519578,0.2,1,-20,1,500,0.8,1,eq,1,6.5,5,5
3.7378786914194815,-97.3964960215078,0.6968241909147566,-328.4883382253419,0.3502374999999999,-214.24604418604216,2.873456518564611,-122.29747683233406,0.2,1,-20,1,500,0.8,1,eq,1,35,0,5
5.327510845438027,-94.80383130978498,0.6968241909147566,-363.32525016986153,0.3502374999999999,-255.00971706068182,2.873456518564611,-123.29119062519578,0.2,1,-20,1,500,0.8,1,eq,1,35,5,5
5.327510845438027,-99.12385130279266,0.664380693404857,-364.0538329381154,0.3502374999999999,-263.3126062306145,2.873456518564611,-123.49359376767366,0.2,1,-20,1,500,0.8,0.5,eff,0.5,35,5,5
3.7378786914194815,-100.40969001363109,0.664380693404857,-328.49638525365697,0.3502374999999999,-222.12238505598884,2.873456518564611,-122.4894818212815,0.2,1,-20,1,500,0.8,0.5,eff,0.5,35,0,5
3.7378786914194815,-100.40969001363109,0.6968241909147566,-331.5015322174652,0.3502374999999999,-217.77186916127184,2.873456518564611,-122.38342740209451,0.2,1,-20,1,500,0.8,1,eq,0.5,35,0,5
3.7378786914194815,-97.91502633725602,0.6968241909147566,-329.0068685410901,0.3502374999999999,-214.8527914251692,2.873456518564611,-122.31226777382153,0.2,1,-20,1,500,0.8,1,eq,0.5,6.5,0,5
5.327510845438027,-94.80383130978498,0.6968241909147566,-348.0515354700857,0.3502374999999999,-245.5952927666864,2.873456518564611,-123.06169110729014,0.2,1,-20,1,500,0.8,1,eff,1,6.5,5,5
5.327510845438027,-99.12385130279266,0.6968241909147566,-367.6452701628692,0.3502374999999999,-260.06469673566426,2.873456518564611,-123.41441806451702,0.2,1,-20,1,500,0.8,1,eq,0.5,35,5,5
3.7378786914194815,-96.24059247727779,0.6968241909147566,-313.16890553735317,0.3502374999999999,-205.23066495299926,2.873456518564611,-122.0777050095322,0.2,1,-20,1,500,0.8,1,eff,1,6.5,0,5
5.327510845438027,-97.19987474980884,0.6968241909147566,-365.72129360988544,0.3502374999999999,-257.8133964208303,2.873456518564611,-123.35953713704018,0.2,1,-20,1,500,0.8,1,eq,0.5,6.5,5,5
5.327510845438027,-94.80383130978498,0.6968241909147566,-348.0515354700857,0.3502374999999999,-245.5952927666864,2.873456518564611,-123.06169110729014,0.2,1,-20,1,500,0.8,1,eff,1,35,5,5
5.327510845438027,-97.19987474980884,0.6968241909147566,-350.4475789101096,0.3502374999999999,-248.36788766220775,2.873456518564611,-123.12927985961308,0.2,1,-20,1,500,0.8,1,eff,0.5,6.5,5,5
3.7378786914194815,-97.3964960215078,0.6968241909147566,-314.32480908158317,0.3502374999999999,-206.56822512114056,2.873456518564611,-122.1103112958194,0.2,1,-20,1,500,0.8,1,eff,1,35,0,5
3.7378786914194815,-97.91502633725602,0.6968241909147566,-314.84333939733136,0.3502374999999999,-207.16824533882954,2.873456518564611,-122.12493824977788,0.2,1,-20,1,500,0.8,1,eff,0.5,6.5,0,5
3.7378786914194815,-100.40969001363109,0.6968241909147566,-317.3380030737065,0.3502374999999999,-210.05495918505147,2.873456518564611,-122.19530892942343,0.2,1,-20,1,500,0.8,1,eff,0.5,35,0,5
3.7378786914194815,-96.24059247727779,0.664380693404857,-339.23199218772845,0.5448138888888888,-225.82554648906302,2.9123717963423887,-123.95933153856976,0.2,1,-20,2,400,0.7,0.5,eq,1,6.5,0,5
5.327510845438027,-97.19987474980884,0.664380693404857,-378.126524213427,0.5448138888888888,-271.3955906680651,2.9123717963423887,-125.66427820899018,0.2,1,-20,2,400,0.7,0.5,eq,0.5,6.5,5,5
5.327510845438027,-94.80383130978498,0.664380693404857,-375.73048077340303,0.5448138888888888,-268.5883116052157,2.9123717963423887,-125.55924734546187,0.2,1,-20,2,400,0.7,0.5,eq,1,6.5,5,5
3.7378786914194815,-97.91502633725602,0.664380693404857,-340.90642604770665,0.5448138888888888,-227.78736531073244,2.9123717963423887,-124.03273055602159,0.2,1,-20,2,400,0.7,0.5,eq,0.5,6.5,0,5
5.327510845438027,-94.80383130978498,0.664380693404857,-359.73381294510773,0.5448138888888888,-258.30885954433074,2.9123717963423887,-125.17465439891762,0.2,1,-20,2,400,0.7,0.5,eff,1,35,5,5
3.7378786914194815,-97.3964960215078,0.664380693404857,-325.4831912615337,0.5448138888888888,-218.63248302179124,2.9123717963423887,-123.69021199239438,0.2,1,-20,2,400,0.7,0.5,eff,1,35,0,5
5.327510845438027,-99.12385130279266,0.664380693404857,-380.05050076641083,0.5448138888888888,-273.6497814740879,2.9123717963423887,-125.74861596153042,0.2,1,-20,2,400,0.7,0.5,eq,0.5,35,5,5
5.327510845438027,-94.80383130978498,0.664380693404857,-375.73048077340303,0.5448138888888888,-268.5883116052157,2.9123717963423887,-125.55924734546187,0.2,1,-20,2,400,0.7,0.5,eq,1,35,5,5
3.7378786914194815,-97.3964960215078,0.664380693404857,-340.38789573195845,0.5448138888888888,-227.17983905507086,2.9123717963423887,-124.01000071484091,0.2,1,-20,2,400,0.7,0.5,eq,1,35,0,5
5.327510845438027,-99.12385130279266,0.6968241909147566,-352.3715554630934,0.3502374999999999,-250.59422775294067,2.873456518564611,-123.18355232084511,0.2,1,-20,1,500,0.8,1,eff,0.5,35,5,5
3.7378786914194815,-100.40969001363109,0.664380693404857,-343.4010897240817,0.5448138888888888,-230.71019091124586,2.9123717963423887,-124.14208444991381,0.2,1,-20,2,400,0.7,0.5,eq,0.5,35,0,5
5.327510845438027,-97.19987474980884,0.664380693404857,-362.12985638513163,0.5448138888888888,-261.08446819092745,2.9123717963423887,-125.27850035311094,0.2,1,-20,2,400,0.7,0.5,eff,0.5,6.5,5,5
3.7378786914194815,-96.24059247727779,0.664380693404857,-324.3272877173037,0.5448138888888888,-217.2934689548589,2.9123717963423887,-123.64011444221212,0.2,1,-20,2,400,0.7,0.5,eff,1,6.5,0,5
3.7378786914194815,-97.91502633725602,0.664380693404857,-326.0017215772819,0.5448138888888888,-219.23315544849828,2.9123717963423887,-123.71268540606728,0.2,1,-20,2,400,0.7,0.5,eff,0.5,6.5,0,5
5.327510845438027,-94.80383130978498,0.664380693404857,-359.73381294510773,0.5448138888888888,-258.30885954433074,2.9123717963423887,-125.17465439891762,0.2,1,-20,2,400,0.7,0.5,eff,1,6.5,5,5
3.7378786914194815,-100.40969001363109,0.664380693404857,-328.49638525365697,0.5448138888888888,-222.1230070903587,2.9123717963423887,-123.8208056202027,0.2,1,-20,2,400,0.7,0.5,eff,0.5,35,0,5
5.327510845438027,-94.80383130978498,0.6968241909147566,-363.32525016986153,0.5448138888888888,-255.01036043688475,2.9123717963423887,-125.05124514681032,0.2,1,-20,2,400,0.7,1,eq,1,6.5,5,5
3.7378786914194815,-96.24059247727779,0.6968241909147566,-327.3324346811119,0.5448138888888888,-212.89413157015468,2.9123717963423887,-123.4755186916211,0.2,1,-20,2,400,0.7,1,eq,1,6.5,0,5
5.327510845438027,-99.12385130279266,0.664380693404857,-364.0538329381154,0.5448138888888888,-263.31322826469665,2.9123717963423887,-125.3618866463525,0.2,1,-20,2,400,0.7,0.5,eff,0.5,35,5,5
3.7378786914194815,-97.3964960215078,0.6968241909147566,-328.4883382253419,0.5448138888888888,-214.24668756138544,2.9123717963423887,-123.52612289610133,0.2,1,-20,2,400,0.7,1,eq,1,35,0,5
5.327510845438027,-94.80383130978498,0.6968241909147566,-363.32525016986153,0.5448138888888888,-255.01036043688475,2.9123717963423887,-125.05124514681032,0.2,1,-20,2,400,0.7,1,eq,1,35,5,5
3.7378786914194815,-97.91502633725602,0.6968241909147566,-329.0068685410901,0.5448138888888888,-214.8534348013186,2.9123717963423887,-123.54882359137498,0.2,1,-20,2,400,0.7,1,eq,0.5,6.5,0,5
5.327510845438027,-97.19987474980884,0.6968241909147566,-365.72129360988544,0.5448138888888888,-257.8140397963779,2.9123717963423887,-125.15614133190334,0.2,1,-20,2,400,0.7,1,eq,0.5,6.5,5,5
5.327510845438027,-97.19987474980884,0.6968241909147566,-350.4475789101096,0.5448138888888888,-248.36847538739417,2.9123717963423887,-124.8027472573644,0.2,1,-20,2,400,0.7,1,eff,0.5,6.5,5,5
5.327510845438027,-99.12385130279266,0.6968241909147566,-367.6452701628692,0.5448138888888888,-260.0653401108984,2.9123717963423887,-125.24037094028995,0.2,1,-20,2,400,0.7,1,eq,0.5,35,5,5
3.7378786914194815,-97.91502633725602,0.6968241909147566,-314.84333939733136,0.5448138888888888,-207.168833063975,2.9123717963423887,-123.26131375060922,0.2,1,-20,2,400,0.7,1,eff,0.5,6.5,0,5
3.7378786914194815,-96.24059247727779,0.6968241909147566,-313.16890553735317,0.5448138888888888,-205.23125267897333,2.9123717963423887,-123.18882158419609,0.2,1,-20,2,400,0.7,1,eff,1,6.5,0,5
3.7378786914194815,-100.40969001363109,0.6968241909147566,-331.5015322174652,0.5448138888888888,-217.77251253663246,2.9123717963423887,-123.65803726354008,0.2,1,-20,2,400,0.7,1,eq,0.5,35,0,5
5.327510845438027,-99.12385130279266,0.6968241909147566,-352.3715554630934,0.5448138888888888,-250.5948154782998,2.9123717963423887,-124.8860430099491,0.2,1,-20,2,400,0.7,1,eff,0.5,35,5,5
5.327510845438027,-94.80383130978498,0.6968241909147566,-348.0515354700857,0.5448138888888888,-245.59588049272676,2.9123717963423887,-124.69901405896056,0.2,1,-20,2,400,0.7,1,eff,1,6.5,5,5
5.327510845438027,-94.80383130978498,0.6968241909147566,-348.0515354700857,0.5448138888888888,-245.59588049272676,2.9123717963423887,-124.69901405896056,0.2,1,-20,2,400,0.7,1,eff,1,35,5,5
3.7378786914194815,-97.3964960215078,0.6968241909147566,-314.32480908158317,0.5448138888888888,-206.56881284628304,2.9123717963423887,-123.23886473852752,0.2,1,-20,2,400,0.7,1,eff,1,35,0,5
3.7378786914194815,-96.24059247727779,0.664380693404857,-339.23199218772845,0.5448138888888888,-225.82554648906302,2.9123717963423887,-123.95933153856976,0.2,1,-20,2,400,0.8,0.5,eq,1,6.5,0,5
5.327510845438027,-94.80383130978498,0.664380693404857,-375.73048077340303,0.5448138888888888,-268.5883116052157,2.9123717963423887,-125.55924734546187,0.2,1,-20,2,400,0.8,0.5,eq,1,6.5,5,5
3.7378786914194815,-100.40969001363109,0.6968241909147566,-317.3380030737065,0.5448138888888888,-210.05554691021163,2.9123717963423887,-123.3693165680142,0.2,1,-20,2,400,0.7,1,eff,0.5,35,0,5
5.327510845438027,-99.12385130279266,0.664380693404857,-380.05050076641083,0.5448138888888888,-273.6497814740879,2.9123717963423887,-125.74861596153042,0.2,1,-20,2,400,0.8,0.5,eq,0.5,35,5,5
5.327510845438027,-97.19987474980884,0.664380693404857,-378.126524213427,0.5448138888888888,-271.3955906680651,2.9123717963423887,-125.66427820899018,0.2,1,-20,2,400,0.8,0.5,eq,0.5,6.5,5,5
3.7378786914194815,-96.24059247727779,0.664380693404857,-324.3272877173037,0.5448138888888888,-217.2934689548589,2.9123717963423887,-123.64011444221212,0.2,1,-20,2,400,0.8,0.5,eff,1,6.5,0,5
3.7378786914194815,-97.3964960215078,0.664380693404857,-340.38789573195845,0.5448138888888888,-227.17983905507086,2.9123717963423887,-124.01000071484091,0.2,1,-20,2,400,0.8,0.5,eq,1,35,0,5
5.327510845438027,-94.80383130978498,0.664380693404857,-375.73048077340303,0.5448138888888888,-268.5883116052157,2.9123717963423887,-125.55924734546187,0.2,1,-20,2,400,0.8,0.5,eq,1,35,5,5
5.327510845438027,-97.19987474980884,0.664380693404857,-362.12985638513163,0.5448138888888888,-261.08446819092745,2.9123717963423887,-125.27850035311094,0.2,1,-20,2,400,0.8,0.5,eff,0.5,6.5,5,5
3.7378786914194815,-97.91502633725602,0.664380693404857,-326.0017215772819,0.5448138888888888,-219.23315544849828,2.9123717963423887,-123.71268540606728,0.2,1,-20,2,400,0.8,0.5,eff,0.5,6.5,0,5
3.7378786914194815,-100.40969001363109,0.664380693404857,-343.4010897240817,0.5448138888888888,-230.71019091124586,2.9123717963423887,-124.14208444991381,0.2,1,-20,2,400,0.8,0.5,eq,0.5,35,0,5
5.327510845438027,-94.80383130978498,0.664380693404857,-359.73381294510773,0.5448138888888888,-258.30885954433074,2.9123717963423887,-125.17465439891762,0.2,1,-20,2,400,0.8,0.5,eff,1,35,5,5
5.327510845438027,-94.80383130978498,0.6968241909147566,-363.32525016986153,0.5448138888888888,-255.01036043688475,2.9123717963423887,-125.05124514681032,0.2,1,-20,2,400,0.8,1,eq,1,6.5,5,5
3.7378786914194815,-100.40969001363109,0.664380693404857,-328.49638525365697,0.5448138888888888,-222.1230070903587,2.9123717963423887,-123.8208056202027,0.2,1,-20,2,400,0.8,0.5,eff,0.5,35,0,5
3.7378786914194815,-97.3964960215078,0.664380693404857,-325.4831912615337,0.5448138888888888,-218.63248302179124,2.9123717963423887,-123.69021199239438,0.2,1,-20,2,400,0.8,0.5,eff,1,35,0,5
5.327510845438027,-94.80383130978498,0.664380693404857,-359.73381294510773,0.5448138888888888,-258.30885954433074,2.9123717963423887,-125.17465439891762,0.2,1,-20,2,400,0.8,0.5,eff,1,6.5,5,5
5.327510845438027,-99.12385130279266,0.664380693404857,-364.0538329381154,0.5448138888888888,-263.31322826469665,2.9123717963423887,-125.3618866463525,0.2,1,-20,2,400,0.8,0.5,eff,0.5,35,5,5
3.7378786914194815,-96.24059247727779,0.6968241909147566,-327.3324346811119,0.5448138888888888,-212.89413157015468,2.9123717963423887,-123.4755186916211,0.2,1,-20,2,400,0.8,1,eq,1,6.5,0,5
3.7378786914194815,-97.91502633725602,0.664380693404857,-340.90642604770665,0.5448138888888888,-227.78736531073244,2.9123717963423887,-124.03273055602159,0.2,1,-20,2,400,0.8,0.5,eq,0.5,6.5,0,5
5.327510845438027,-94.80383130978498,0.6968241909147566,-363.32525016986153,0.5448138888888888,-255.01036043688475,2.9123717963423887,-125.05124514681032,0.2,1,-20,2,400,0.8,1,eq,1,35,5,5
3.7378786914194815,-97.3964960215078,0.6968241909147566,-328.4883382253419,0.5448138888888888,-214.24668756138544,2.9123717963423887,-123.52612289610133,0.2,1,-20,2,400,0.8,1,eq,1,35,0,5
5.327510845438027,-97.19987474980884,0.6968241909147566,-365.72129360988544,0.5448138888888888,-257.8140397963779,2.9123717963423887,-125.15614133190334,0.2,1,-20,2,400,0.8,1,eq,0.5,6.5,5,5
5.327510845438027,-99.12385130279266,0.6968241909147566,-367.6452701628692,0.5448138888888888,-260.0653401108984,2.9123717963423887,-125.24037094028995,0.2,1,-20,2,400,0.8,1,eq,0.5,35,5,5
3.7378786914194815,-97.91502633725602,0.6968241909147566,-329.0068685410901,0.5448138888888888,-214.8534348013186,2.9123717963423887,-123.54882359137498,0.2,1,-20,2,400,0.8,1,eq,0.5,6.5,0,5
3.7378786914194815,-100.40969001363109,0.6968241909147566,-331.5015322174652,0.5448138888888888,-217.77251253663246,2.9123717963423887,-123.65803726354008,0.2,1,-20,2,400,0.8,1,eq,0.5,35,0,5
3.7378786914194815,-97.3964960215078,0.6968241909147566,-314.32480908158317,0.5448138888888888,-206.56881284628304,2.9123717963423887,-123.23886473852752,0.2,1,-20,2,400,0.8,1,eff,1,35,0,5
5.327510845438027,-94.80383130978498,0.6968241909147566,-348.0515354700857,0.5448138888888888,-245.59588049272676,2.9123717963423887,-124.69901405896056,0.2,1,-20,2,400,0.8,1,eff,1,6.5,5,5
3.7378786914194815,-96.24059247727779,0.6968241909147566,-313.16890553735317,0.5448138888888888,-205.23125267897333,2.9123717963423887,-123.18882158419609,0.2,1,-20,2,400,0.8,1,eff,1,6.5,0,5
5.327510845438027,-94.80383130978498,0.6968241909147566,-348.0515354700857,0.5448138888888888,-245.59588049272676,2.9123717963423887,-124.69901405896056,0.2,1,-20,2,400,0.8,1,eff,1,35,5,5
5.327510845438027,-94.80383130978498,0.664380693404857,-375.73048077340303,0.7004749999999998,-268.58885690641165,2.943504018564611,-127.07203244059262,0.2,1,-20,2,500,0.7,0.5,eq,1,6.5,5,5
3.7378786914194815,-96.24059247727779,0.664380693404857,-339.23199218772845,0.7004749999999998,-225.82609179009916,2.943504018564611,-125.0367542343509,0.2,1,-20,2,500,0.7,0.5,eq,1,6.5,0,5
5.327510845438027,-94.80383130978498,0.664380693404857,-359.73381294510773,0.7004749999999998,-258.30935717149083,2.943504018564611,-126.58278340057738,0.2,1,-20,2,500,0.7,0.5,eff,1,6.5,5,5
5.327510845438027,-99.12385130279266,0.6968241909147566,-352.3715554630934,0.5448138888888888,-250.5948154782998,2.9123717963423887,-124.8860430099491,0.2,1,-20,2,400,0.8,1,eff,0.5,35,5,5
3.7378786914194815,-97.91502633725602,0.6968241909147566,-314.84333939733136,0.5448138888888888,-207.168833063975,2.9123717963423887,-123.26131375060922,0.2,1,-20,2,400,0.8,1,eff,0.5,6.5,0,5
5.327510845438027,-97.19987474980884,0.6968241909147566,-350.4475789101096,0.5448138888888888,-248.36847538739417,2.9123717963423887,-124.8027472573644,0.2,1,-20,2,400,0.8,1,eff,0.5,6.5,5,5
3.7378786914194815,-100.40969001363109,0.6968241909147566,-317.3380030737065,0.5448138888888888,-210.05554691021163,2.9123717963423887,-123.3693165680142,0.2,1,-20,2,400,0.8,1,eff,0.5,35,0,5
3.7378786914194815,-97.3964960215078,0.664380693404857,-325.4831912615337,0.7004749999999998,-218.63298064990119,2.943504018564611,-124.69440073361481,0.2,1,-20,2,500,0.7,0.5,eff,1,35,0,5
3.7378786914194815,-100.40969001363109,0.664380693404857,-343.4010897240817,0.7004749999999998,-230.71073621252992,2.943504018564611,-125.26923710376248,0.2,1,-20,2,500,0.7,0.5,eq,0.5,35,0,5
5.327510845438027,-97.19987474980884,0.664380693404857,-378.126524213427,0.7004749999999998,-271.3961359692515,2.943504018564611,-127.20564386351852,0.2,1,-20,2,500,0.7,0.5,eq,0.5,6.5,5,5
5.327510845438027,-94.80383130978498,0.664380693404857,-375.73048077340303,0.7004749999999998,-268.58885690641165,2.943504018564611,-127.07203244059262,0.2,1,-20,2,500,0.7,0.5,eq,1,35,5,5
3.7378786914194815,-97.3964960215078,0.664380693404857,-340.38789573195845,0.7004749999999998,-227.18038435626647,2.943504018564611,-125.10121129500395,0.2,1,-20,2,500,0.7,0.5,eq,1,35,0,5
3.7378786914194815,-96.24059247727779,0.664380693404857,-324.3272877173037,0.7004749999999998,-217.29396658217456,2.943504018564611,-124.63067084752156,0.2,1,-20,2,500,0.7,0.5,eff,1,6.5,0,5
5.327510845438027,-99.12385130279266,0.664380693404857,-380.05050076641083,0.7004749999999998,-273.6503267757466,2.943504018564611,-127.31293125264543,0.2,1,-20,2,500,0.7,0.5,eq,0.5,35,5,5
5.327510845438027,-94.80383130978498,0.664380693404857,-359.73381294510773,0.7004749999999998,-258.30935717149083,2.943504018564611,-126.58278340057738,0.2,1,-20,2,500,0.7,0.5,eff,1,35,5,5
3.7378786914194815,-97.91502633725602,0.664380693404857,-340.90642604770665,0.7004749999999998,-227.78791061137326,2.943504018564611,-125.13012628549558,0.2,1,-20,2,500,0.7,0.5,eq,0.5,6.5,0,5
5.327510845438027,-97.19987474980884,0.664380693404857,-362.12985638513163,0.7004749999999998,-261.0849658183945,2.943504018564611,-126.71488748160986,0.2,1,-20,2,500,0.7,0.5,eff,0.5,6.5,5,5
3.7378786914194815,-100.40969001363109,0.664380693404857,-328.49638525365697,0.7004749999999998,-222.12350471827907,2.943504018564611,-124.86053095333772,0.2,1,-20,2,500,0.7,0.5,eff,0.5,35,0,5
5.327510845438027,-94.80383130978498,0.6968241909147566,-363.32525016986153,0.7004749999999998,-255.01087513729792,2.943504018564611,-126.42579335141635,0.2,1,-20,2,500,0.7,1,eq,1,6.5,5,5
5.327510845438027,-94.80383130978498,0.6968241909147566,-363.32525016986153,0.7004749999999998,-255.01087513729792,2.943504018564611,-126.42579335141635,0.2,1,-20,2,500,0.7,1,eq,1,35,5,5
3.7378786914194815,-97.91502633725602,0.664380693404857,-326.0017215772819,0.7004749999999998,-219.23365307641188,2.943504018564611,-124.7229895186348,0.2,1,-20,2,500,0.7,0.5,eff,0.5,6.5,0,5
5.327510845438027,-99.12385130279266,0.664380693404857,-364.0538329381154,0.7004749999999998,-263.3137258926593,2.943504018564611,-126.82096450431301,0.2,1,-20,2,500,0.7,0.5,eff,0.5,35,5,5
3.7378786914194815,-97.3964960215078,0.6968241909147566,-328.4883382253419,0.7004749999999998,-214.2472022618269,2.943504018564611,-124.4856612111267,0.2,1,-20,2,500,0.7,1,eq,1,35,0,5
5.327510845438027,-97.19987474980884,0.6968241909147566,-365.72129360988544,0.7004749999999998,-257.8145544973435,2.943504018564611,-126.55923344780085,0.2,1,-20,2,500,0.7,1,eq,0.5,6.5,5,5
3.7378786914194815,-96.24059247727779,0.6968241909147566,-327.3324346811119,0.7004749999999998,-212.89464627100205,2.943504018564611,-124.42128680214348,0.2,1,-20,2,500,0.7,1,eq,1,6.5,0,5
3.7378786914194815,-97.91502633725602,0.6968241909147566,-329.0068685410901,0.7004749999999998,-214.8539495015675,2.943504018564611,-124.51453912466614,0.2,1,-20,2,500,0.7,1,eq,0.5,6.5,0,5
5.327510845438027,-97.19987474980884,0.6968241909147566,-350.4475789101096,0.7004749999999998,-248.36894556807871,2.943504018564611,-126.10967313648503,0.2,1,-20,2,500,0.7,1,eff,0.5,6.5,5,5
5.327510845438027,-99.12385130279266,0.6968241909147566,-367.6452701628692,0.7004749999999998,-260.06585481181725,2.943504018564611,-126.66638326501433,0.2,1,-20,2,500,0.7,1,eq,0.5,35,5,5
5.327510845438027,-94.80383130978498,0.6968241909147566,-348.0515354700857,0.7004749999999998,-245.59635067271722,2.943504018564611,-125.97771249385781,0.2,1,-20,2,500,0.7,1,eff,1,6.5,5,5
5.327510845438027,-94.80383130978498,0.6968241909147566,-348.0515354700857,0.7004749999999998,-245.59635067271722,2.943504018564611,-125.97771249385781,0.2,1,-20,2,500,0.7,1,eff,1,35,5,5
3.7378786914194815,-97.91502633725602,0.6968241909147566,-314.84333939733136,0.7004749999999998,-207.16930324485753,2.943504018564611,-124.14879118936739,0.2,1,-20,2,500,0.7,1,eff,0.5,6.5,0,5
3.7378786914194815,-100.40969001363109,0.6968241909147566,-331.5015322174652,0.7004749999999998,-217.7730272375381,2.943504018564611,-124.65347156465667,0.2,1,-20,2,500,0.7,1,eq,0.5,35,0,5
5.327510845438027,-99.12385130279266,0.6968241909147566,-352.3715554630934,0.7004749999999998,-250.59528565881067,2.943504018564611,-126.21563498095479,0.2,1,-20,2,500,0.7,1,eff,0.5,35,5,5
3.7378786914194815,-96.24059247727779,0.6968241909147566,-313.16890553735317,0.7004749999999998,-205.2317228590271,2.943504018564611,-124.05657275771553,0.2,1,-20,2,500,0.7,1,eff,1,6.5,0,5
3.7378786914194815,-97.3964960215078,0.6968241909147566,-314.32480908158317,0.7004749999999998,-206.56928302717154,2.943504018564611,-124.12023344598855,0.2,1,-20,2,500,0.7,1,eff,1,35,0,5
3.7378786914194815,-96.24059247727779,0.664380693404857,-339.23199218772845,0.7004749999999998,-225.82609179009916,2.943504018564611,-125.0367542343509,0.2,1,-20,2,500,0.8,0.5,eq,1,6.5,0,5
5.327510845438027,-94.80383130978498,0.664380693404857,-375.73048077340303,0.7004749999999998,-268.58885690641165,2.943504018564611,-127.07203244059262,0.2,1,-20,2,500,0.8,0.5,eq,1,6.5,5,5
5.327510845438027,-94.80383130978498,0.664380693404857,-375.73048077340303,0.7004749999999998,-268.58885690641165,2.943504018564611,-127.07203244059262,0.2,1,-20,2,500,0.8,0.5,eq,1,35,5,5
3.7378786914194815,-100.40969001363109,0.6968241909147566,-317.3380030737065,0.7004749999999998,-210.05601709104118,2.943504018564611,-124.28618328182938,0.2,1,-20,2,500,0.7,1,eff,0.5,35,0,5
5.327510845438027,-97.19987474980884,0.664380693404857,-378.126524213427,0.7004749999999998,-271.3961359692515,2.943504018564611,-127.20564386351852,0.2,1,-20,2,500,0.8,0.5,eq,0.5,6.5,5,5
5.327510845438027,-97.19987474980884,0.664380693404857,-362.12985638513163,0.7004749999999998,-261.0849658183945,2.943504018564611,-126.71488748160986,0.2,1,-20,2,500,0.8,0.5,eff,0.5,6.5,5,5
3.7378786914194815,-97.3964960215078,0.664380693404857,-340.38789573195845,0.7004749999999998,-227.18038435626647,2.943504018564611,-125.10121129500395,0.2,1,-20,2,500,0.8,0.5,eq,1,35,0,5
5.327510845438027,-99.12385130279266,0.664380693404857,-380.05050076641083,0.7004749999999998,-273.6503267757466,2.943504018564611,-127.31293125264543,0.2,1,-20,2,500,0.8,0.5,eq,0.5,35,5,5
3.7378786914194815,-97.91502633725602,0.664380693404857,-340.90642604770665,0.7004749999999998,-227.78791061137326,2.943504018564611,-125.13012628549558,0.2,1,-20,2,500,0.8,0.5,eq,0.5,6.5,0,5
5.327510845438027,-94.80383130978498,0.664380693404857,-359.73381294510773,0.7004749999999998,-258.30935717149083,2.943504018564611,-126.58278340057738,0.2,1,-20,2,500,0.8,0.5,eff,1,35,5,5
5.327510845438027,-99.12385130279266,0.664380693404857,-364.0538329381154,0.7004749999999998,-263.3137258926593,2.943504018564611,-126.82096450431301,0.2,1,-20,2,500,0.8,0.5,eff,0.5,35,5,5
3.7378786914194815,-97.91502633725602,0.664380693404857,-326.0017215772819,0.7004749999999998,-219.23365307641188,2.943504018564611,-124.7229895186348,0.2,1,-20,2,500,0.8,0.5,eff,0.5,6.5,0,5
3.7378786914194815,-100.40969001363109,0.664380693404857,-328.49638525365697,0.7004749999999998,-222.12350471827907,2.943504018564611,-124.86053095333772,0.2,1,-20,2,500,0.8,0.5,eff,0.5,35,0,5
3.7378786914194815,-100.40969001363109,0.664380693404857,-343.4010897240817,0.7004749999999998,-230.71073621252992,2.943504018564611,-125.26923710376248,0.2,1,-20,2,500,0.8,0.5,eq,0.5,35,0,5
3.7378786914194815,-96.24059247727779,0.664380693404857,-324.3272877173037,0.7004749999999998,-217.29396658217456,2.943504018564611,-124.63067084752156,0.2,1,-20,2,500,0.8,0.5,eff,1,6.5,0,5
3.7378786914194815,-97.3964960215078,0.664380693404857,-325.4831912615337,0.7004749999999998,-218.63298064990119,2.943504018564611,-124.69440073361481,0.2,1,-20,2,500,0.8,0.5,eff,1,35,0,5
5.327510845438027,-94.80383130978498,0.6968241909147566,-363.32525016986153,0.7004749999999998,-255.01087513729792,2.943504018564611,-126.42579335141635,0.2,1,-20,2,500,0.8,1,eq,1,6.5,5,5
5.327510845438027,-94.80383130978498,0.664380693404857,-359.73381294510773,0.7004749999999998,-258.30935717149083,2.943504018564611,-126.58278340057738,0.2,1,-20,2,500,0.8,0.5,eff,1,6.5,5,5
5.327510845438027,-94.80383130978498,0.6968241909147566,-363.32525016986153,0.7004749999999998,-255.01087513729792,2.943504018564611,-126.42579335141635,0.2,1,-20,2,500,0.8,1,eq,1,35,5,5
3.7378786914194815,-96.24059247727779,0.6968241909147566,-327.3324346811119,0.7004749999999998,-212.89464627100205,2.943504018564611,-124.42128680214348,0.2,1,-20,2,500,0.8,1,eq,1,6.5,0,5
5.327510845438027,-97.19987474980884,0.6968241909147566,-365.72129360988544,0.7004749999999998,-257.8145544973435,2.943504018564611,-126.55923344780085,0.2,1,-20,2,500,0.8,1,eq,0.5,6.5,5,5
3.7378786914194815,-97.91502633725602,0.6968241909147566,-329.0068685410901,0.7004749999999998,-214.8539495015675,2.943504018564611,-124.51453912466614,0.2,1,-20,2,500,0.8,1,eq,0.5,6.5,0,5
5.327510845438027,-99.12385130279266,0.6968241909147566,-367.6452701628692,0.7004749999999998,-260.06585481181725,2.943504018564611,-126.66638326501433,0.2,1,-20,2,500,0.8,1,eq,0.5,35,5,5
3.7378786914194815,-97.3964960215078,0.6968241909147566,-328.4883382253419,0.7004749999999998,-214.2472022618269,2.943504018564611,-124.4856612111267,0.2,1,-20,2,500,0.8,1,eq,1,35,0,5
3.7378786914194815,-96.24059247727779,0.6968241909147566,-313.16890553735317,0.7004749999999998,-205.2317228590271,2.943504018564611,-124.05657275771553,0.2,1,-20,2,500,0.8,1,eff,1,6.5,0,5
5.327510845438027,-94.80383130978498,0.6968241909147566,-348.0515354700857,0.7004749999999998,-245.59635067271722,2.943504018564611,-125.97771249385781,0.2,1,-20,2,500,0.8,1,eff,1,6.5,5,5
3.7378786914194815,-97.3964960215078,0.6968241909147566,-314.32480908158317,0.7004749999999998,-206.56928302717154,2.943504018564611,-124.12023344598855,0.2,1,-20,2,500,0.8,1,eff,1,35,0,5
5.327510845438027,-99.12385130279266,0.6968241909147566,-352.3715554630934,0.7004749999999998,-250.59528565881067,2.943504018564611,-126.21563498095479,0.2,1,-20,2,500,0.8,1,eff,0.5,35,5,5
3.7378786914194815,-100.40969001363109,0.6968241909147566,-331.5015322174652,0.7004749999999998,-217.7730272375381,2.943504018564611,-124.65347156465667,0.2,1,-20,2,500,0.8,1,eq,0.5,35,0,5
5.327510845438027,-97.19987474980884,0.6968241909147566,-350.4475789101096,0.7004749999999998,-248.36894556807871,2.943504018564611,-126.10967313648503,0.2,1,-20,2,500,0.8,1,eff,0.5,6.5,5,5
5.327510845438027,-94.80383130978498,0.6968241909147566,-348.0515354700857,0.7004749999999998,-245.59635067271722,2.943504018564611,-125.97771249385781,0.2,1,-20,2,500,0.8,1,eff,1,35,5,5
3.7378786914194815,-97.91502633725602,0.6968241909147566,-314.84333939733136,0.7004749999999998,-207.16930324485753,2.943504018564611,-124.14879118936739,0.2,1,-20,2,500,0.8,1,eff,0.5,6.5,0,5
3.7378786914194815,-100.40969001363109,0.6968241909147566,-317.3380030737065,0.7004749999999998,-210.05601709104118,2.943504018564611,-124.28618328182938,0.2,1,-20,2,500,0.8,1,eff,0.5,35,0,5
5.327510845438027,-94.80383130978498,1.6648435882347152,-234.2743125713414,0.2724069444444444,-125.86006481004449,2.8578904074535,-120.1117133354721,0.2,1,-10,1,400,0.7,0.5,eq,1,35,5,5
5.327510845438027,-94.80383130978498,1.6648435882347152,-234.2743125713414,0.2724069444444444,-125.86006481004449,2.8578904074535,-120.1117133354721,0.2,1,-10,1,400,0.7,0.5,eq,1,6.5,5,5
3.7378786914194815,-96.24059247727779,1.6648435882347152,-197.7758239856668,0.2724069444444444,-84.19397192234477,2.8578904074535,-119.31741184505285,0.2,1,-10,1,400,0.7,0.5,eq,1,6.5,0,5
3.7378786914194815,-97.3964960215078,1.6648435882347152,-198.9317275298968,0.2724069444444444,-85.5135329866401,2.8578904074535,-119.34256729514247,0.2,1,-10,1,400,0.7,0.5,eq,1,35,0,5
5.327510845438027,-99.12385130279266,1.6648435882347152,-238.59433256434912,0.2724069444444444,-130.7917307852402,2.8578904074535,-120.20572814134567,0.2,1,-10,1,400,0.7,0.5,eq,0.5,35,5,5
5.327510845438027,-97.19987474980884,1.6648435882347152,-236.6703560113653,0.2724069444444444,-128.5953498149382,2.8578904074535,-120.16385743647918,0.2,1,-10,1,400,0.7,0.5,eq,0.5,6.5,5,5
3.7378786914194815,-97.91502633725602,1.6648435882347152,-199.450257845645,0.2724069444444444,-86.10547893118192,2.8578904074535,-119.35385185564262,0.2,1,-10,1,400,0.7,0.5,eq,0.5,6.5,0,5
5.327510845438027,-94.80383130978498,1.6648435882347152,-228.1166823134861,0.2724069444444444,-125.34362583339457,2.8578904074535,-120.10186820192503,0.2,1,-10,1,400,0.7,0.5,eff,1,6.5,5,5
5.327510845438027,-97.19987474980884,1.6648435882347152,-230.51272575350998,0.2724069444444444,-128.05869338825175,2.8578904074535,-120.153626887608,0.2,1,-10,1,400,0.7,0.5,eff,0.5,6.5,5,5
3.7378786914194815,-97.3964960215078,1.6648435882347152,-193.86606062991206,0.2724069444444444,-86.53266350963628,2.8578904074535,-119.36199548812243,0.2,1,-10,1,400,0.7,0.5,eff,1,35,0,5
3.7378786914194815,-96.24059247727779,1.6648435882347152,-192.71015708568203,0.2724069444444444,-85.22285578353814,2.8578904074535,-119.33702597077878,0.2,1,-10,1,400,0.7,0.5,eff,1,6.5,0,5
3.7378786914194815,-97.91502633725602,1.6648435882347152,-194.38459094566028,0.2724069444444444,-87.12023417434385,2.8578904074535,-119.37319664048307,0.2,1,-10,1,400,0.7,0.5,eff,0.5,6.5,0,5
5.327510845438027,-94.80383130978498,1.6648435882347152,-228.1166823134861,0.2724069444444444,-125.34362583339457,2.8578904074535,-120.10186820192503,0.2,1,-10,1,400,0.7,0.5,eff,1,35,5,5
5.327510845438027,-99.12385130279266,1.6648435882347152,-232.4367023064938,0.2724069444444444,-130.23884013753656,2.8578904074535,-120.19518811142993,0.2,1,-10,1,400,0.7,0.5,eff,0.5,35,5,5
3.7378786914194815,-100.40969001363109,1.6648435882347152,-201.94492152202008,0.2724069444444444,-88.95334722638233,2.8578904074535,-119.40814218801177,0.2,1,-10,1,400,0.7,0.5,eq,0.5,35,0,5
3.7378786914194815,-97.3964960215078,1.7398467296524174,-191.39010843448668,0.2724069444444444,-78.11894157769632,2.8578904074535,-119.20160051447981,0.2,1,-10,1,400,0.7,1,eq,1,35,0,5
5.327510845438027,-94.80383130978498,1.7398467296524174,-226.22702037900632,0.2724069444444444,-117.83586771542953,2.8578904074535,-119.95874406789886,0.2,1,-10,1,400,0.7,1,eq,1,6.5,5,5
3.7378786914194815,-96.24059247727779,1.7398467296524174,-190.23420489025668,0.2724069444444444,-76.80111708851076,2.8578904074535,-119.17647816958687,0.2,1,-10,1,400,0.7,1,eq,1,6.5,0,5
3.7378786914194815,-100.40969001363109,1.6648435882347152,-196.87925462203535,0.2724069444444444,-89.94705287731146,2.8578904074535,-119.42708569398664,0.2,1,-10,1,400,0.7,0.5,eff,0.5,35,0,5
5.327510845438027,-97.19987474980884,1.7398467296524174,-228.62306381903014,0.2724069444444444,-120.5675530180124,2.8578904074535,-120.01081954598702,0.2,1,-10,1,400,0.7,1,eq,0.5,6.5,5,5
5.327510845438027,-99.12385130279266,1.7398467296524174,-230.54704037201395,0.2724069444444444,-122.76104349620121,2.8578904074535,-120.05263514796216,0.2,1,-10,1,400,0.7,1,eq,0.5,35,5,5
3.7378786914194815,-97.91502633725602,1.7398467296524174,-191.9086387502349,0.2724069444444444,-78.71010850682947,2.8578904074535,-119.21287022422122,0.2,1,-10,1,400,0.7,1,eq,0.5,6.5,0,5
5.327510845438027,-94.80383130978498,1.7398467296524174,-226.22702037900632,0.2724069444444444,-117.83586771542953,2.8578904074535,-119.95874406789886,0.2,1,-10,1,400,0.7,1,eq,1,35,5,5
3.7378786914194815,-100.40969001363109,1.7398467296524174,-194.40330242660997,0.2724069444444444,-81.55422893652444,2.8578904074535,-119.26708910916273,0.2,1,-10,1,400,0.7,1,eq,0.5,35,0,5
5.327510845438027,-94.80383130978498,1.7398467296524174,-220.42979123542017,0.2724069444444444,-117.62289730613112,2.8578904074535,-119.95468410686583,0.2,1,-10,1,400,0.7,1,eff,1,6.5,5,5
3.7378786914194815,-96.24059247727779,1.7398467296524174,-185.54716130268756,0.2724069444444444,-78.14006045093726,2.8578904074535,-119.20200311408368,0.2,1,-10,1,400,0.7,1,eff,1,6.5,0,5
3.7378786914194815,-97.91502633725602,1.7398467296524174,-187.22159516266578,0.2724069444444444,-80.03531316086963,2.8578904074535,-119.23813326087429,0.2,1,-10,1,400,0.7,1,eff,0.5,6.5,0,5
5.327510845438027,-94.80383130978498,1.7398467296524174,-220.42979123542017,0.2724069444444444,-117.62289730613112,2.8578904074535,-119.95468410686583,0.2,1,-10,1,400,0.7,1,eff,1,35,5,5
5.327510845438027,-99.12385130279266,1.7398467296524174,-224.74981122842786,0.2724069444444444,-122.51262737863065,2.8578904074535,-120.04789946773009,0.2,1,-10,1,400,0.7,1,eff,0.5,35,5,5
3.7378786914194815,-97.3964960215078,1.7398467296524174,-186.70306484691756,0.2724069444444444,-79.44840076651047,2.8578904074535,-119.22694465744942,0.2,1,-10,1,400,0.7,1,eff,1,35,0,5
5.327510845438027,-94.80383130978498,1.6648435882347152,-234.2743125713414,0.2724069444444444,-125.86006481004449,2.8578904074535,-120.1117133354721,0.2,1,-10,1,400,0.8,0.5,eq,1,35,5,5
3.7378786914194815,-97.3964960215078,1.6648435882347152,-198.9317275298968,0.2724069444444444,-85.5135329866401,2.8578904074535,-119.34256729514247,0.2,1,-10,1,400,0.8,0.5,eq,1,35,0,5
3.7378786914194815,-100.40969001363109,1.7398467296524174,-189.71625883904088,0.2724069444444444,-82.85896490794363,2.8578904074535,-119.29196194111957,0.2,1,-10,1,400,0.7,1,eff,0.5,35,0,5
3.7378786914194815,-97.91502633725602,1.6648435882347152,-199.450257845645,0.2724069444444444,-86.10547893118192,2.8578904074535,-119.35385185564262,0.2,1,-10,1,400,0.8,0.5,eq,0.5,6.5,0,5
5.327510845438027,-97.19987474980884,1.6648435882347152,-236.6703560113653,0.2724069444444444,-128.5953498149382,2.8578904074535,-120.16385743647918,0.2,1,-10,1,400,0.8,0.5,eq,0.5,6.5,5,5
3.7378786914194815,-100.40969001363109,1.6648435882347152,-201.94492152202008,0.2724069444444444,-88.95334722638233,2.8578904074535,-119.40814218801177,0.2,1,-10,1,400,0.8,0.5,eq,0.5,35,0,5
5.327510845438027,-99.12385130279266,1.6648435882347152,-238.59433256434912,0.2724069444444444,-130.7917307852402,2.8578904074535,-120.20572814134567,0.2,1,-10,1,400,0.8,0.5,eq,0.5,35,5,5
5.327510845438027,-94.80383130978498,1.6648435882347152,-234.2743125713414,0.2724069444444444,-125.86006481004449,2.8578904074535,-120.1117133354721,0.2,1,-10,1,400,0.8,0.5,eq,1,6.5,5,5
5.327510845438027,-94.80383130978498,1.6648435882347152,-228.1166823134861,0.2724069444444444,-125.34362583339457,2.8578904074535,-120.10186820192503,0.2,1,-10,1,400,0.8,0.5,eff,1,35,5,5
5.327510845438027,-94.80383130978498,1.6648435882347152,-228.1166823134861,0.2724069444444444,-125.34362583339457,2.8578904074535,-120.10186820192503,0.2,1,-10,1,400,0.8,0.5,eff,1,6.5,5,5
3.7378786914194815,-97.3964960215078,1.6648435882347152,-193.86606062991206,0.2724069444444444,-86.53266350963628,2.8578904074535,-119.36199548812243,0.2,1,-10,1,400,0.8,0.5,eff,1,35,0,5
5.327510845438027,-97.19987474980884,1.6648435882347152,-230.51272575350998,0.2724069444444444,-128.05869338825175,2.8578904074535,-120.153626887608,0.2,1,-10,1,400,0.8,0.5,eff,0.5,6.5,5,5
3.7378786914194815,-100.40969001363109,1.6648435882347152,-196.87925462203535,0.2724069444444444,-89.94705287731146,2.8578904074535,-119.42708569398664,0.2,1,-10,1,400,0.8,0.5,eff,0.5,35,0,5
3.7378786914194815,-97.91502633725602,1.6648435882347152,-194.38459094566028,0.2724069444444444,-87.12023417434385,2.8578904074535,-119.37319664048307,0.2,1,-10,1,400,0.8,0.5,eff,0.5,6.5,0,5
3.7378786914194815,-96.24059247727779,1.6648435882347152,-197.7758239856668,0.2724069444444444,-84.19397192234477,2.8578904074535,-119.31741184505285,0.2,1,-10,1,400,0.8,0.5,eq,1,6.5,0,5
5.327510845438027,-99.12385130279266,1.6648435882347152,-232.4367023064938,0.2724069444444444,-130.23884013753656,2.8578904074535,-120.19518811142993,0.2,1,-10,1,400,0.8,0.5,eff,0.5,35,5,5
5.327510845438027,-97.19987474980884,1.7398467296524174,-222.82583467544404,0.2724069444444444,-120.33492310310696,2.8578904074535,-120.00638480600256,0.2,1,-10,1,400,0.7,1,eff,0.5,6.5,5,5
3.7378786914194815,-96.24059247727779,1.6648435882347152,-192.71015708568203,0.2724069444444444,-85.22285578353814,2.8578904074535,-119.33702597077878,0.2,1,-10,1,400,0.8,0.5,eff,1,6.5,0,5
3.7378786914194815,-96.24059247727779,1.7398467296524174,-190.23420489025668,0.2724069444444444,-76.80111708851076,2.8578904074535,-119.17647816958687,0.2,1,-10,1,400,0.8,1,eq,1,6.5,0,5
3.7378786914194815,-97.91502633725602,1.7398467296524174,-191.9086387502349,0.2724069444444444,-78.71010850682947,2.8578904074535,-119.21287022422122,0.2,1,-10,1,400,0.8,1,eq,0.5,6.5,0,5
5.327510845438027,-94.80383130978498,1.7398467296524174,-226.22702037900632,0.2724069444444444,-117.83586771542953,2.8578904074535,-119.95874406789886,0.2,1,-10,1,400,0.8,1,eq,1,6.5,5,5
5.327510845438027,-99.12385130279266,1.7398467296524174,-230.54704037201395,0.2724069444444444,-122.76104349620121,2.8578904074535,-120.05263514796216,0.2,1,-10,1,400,0.8,1,eq,0.5,35,5,5
3.7378786914194815,-97.3964960215078,1.7398467296524174,-191.39010843448668,0.2724069444444444,-78.11894157769632,2.8578904074535,-119.20160051447981,0.2,1,-10,1,400,0.8,1,eq,1,35,0,5
5.327510845438027,-94.80383130978498,1.7398467296524174,-226.22702037900632,0.2724069444444444,-117.83586771542953,2.8578904074535,-119.95874406789886,0.2,1,-10,1,400,0.8,1,eq,1,35,5,5
5.327510845438027,-97.19987474980884,1.7398467296524174,-228.62306381903014,0.2724069444444444,-120.5675530180124,2.8578904074535,-120.01081954598702,0.2,1,-10,1,400,0.8,1,eq,0.5,6.5,5,5
3.7378786914194815,-100.40969001363109,1.7398467296524174,-194.40330242660997,0.2724069444444444,-81.55422893652444,2.8578904074535,-119.26708910916273,0.2,1,-10,1,400,0.8,1,eq,0.5,35,0,5
3.7378786914194815,-97.3964960215078,1.7398467296524174,-186.70306484691756,0.2724069444444444,-79.44840076651047,2.8578904074535,-119.22694465744942,0.2,1,-10,1,400,0.8,1,eff,1,35,0,5
5.327510845438027,-94.80383130978498,1.7398467296524174,-220.42979123542017,0.2724069444444444,-117.62289730613112,2.8578904074535,-119.95468410686583,0.2,1,-10,1,400,0.8,1,eff,1,6.5,5,5
3.7378786914194815,-97.91502633725602,1.7398467296524174,-187.22159516266578,0.2724069444444444,-80.03531316086963,2.8578904074535,-119.23813326087429,0.2,1,-10,1,400,0.8,1,eff,0.5,6.5,0,5
5.327510845438027,-94.80383130978498,1.6648435882347152,-234.2743125713414,0.3502374999999999,-125.86015226521133,2.873456518564611,-120.14285548194137,0.2,1,-10,1,500,0.7,0.5,eq,1,35,5,5
5.327510845438027,-99.12385130279266,1.7398467296524174,-224.74981122842786,0.2724069444444444,-122.51262737863065,2.8578904074535,-120.04789946773009,0.2,1,-10,1,400,0.8,1,eff,0.5,35,5,5
3.7378786914194815,-97.3964960215078,1.6648435882347152,-198.9317275298968,0.3502374999999999,-85.51362044181903,2.873456518564611,-119.15931051801387,0.2,1,-10,1,500,0.7,0.5,eq,1,35,0,5
5.327510845438027,-97.19987474980884,1.7398467296524174,-222.82583467544404,0.2724069444444444,-120.33492310310696,2.8578904074535,-120.00638480600256,0.2,1,-10,1,400,0.8,1,eff,0.5,6.5,5,5
5.327510845438027,-97.19987474980884,1.6648435882347152,-236.6703560113653,0.3502374999999999,-128.59543727012007,2.873456518564611,-120.20953471482466,0.2,1,-10,1,500,0.7,0.5,eq,0.5,6.5,5,5
5.327510845438027,-94.80383130978498,1.6648435882347152,-234.2743125713414,0.3502374999999999,-125.86015226521133,2.873456518564611,-120.14285548194137,0.2,1,-10,1,500,0.7,0.5,eq,1,6.5,5,5
3.7378786914194815,-96.24059247727779,1.7398467296524174,-185.54716130268756,0.2724069444444444,-78.14006045093726,2.8578904074535,-119.20200311408368,0.2,1,-10,1,400,0.8,1,eff,1,6.5,0,5
5.327510845438027,-94.80383130978498,1.7398467296524174,-220.42979123542017,0.2724069444444444,-117.62289730613112,2.8578904074535,-119.95468410686583,0.2,1,-10,1,400,0.8,1,eff,1,35,5,5
3.7378786914194815,-96.24059247727779,1.6648435882347152,-197.7758239856668,0.3502374999999999,-84.19405937749187,2.873456518564611,-119.12714300371296,0.2,1,-10,1,500,0.7,0.5,eq,1,6.5,0,5
3.7378786914194815,-97.91502633725602,1.6648435882347152,-199.450257845645,0.3502374999999999,-86.10556638633746,2.873456518564611,-119.17374064190145,0.2,1,-10,1,500,0.7,0.5,eq,0.5,6.5,0,5
3.7378786914194815,-100.40969001363109,1.7398467296524174,-189.71625883904088,0.2724069444444444,-82.85896490794363,2.8578904074535,-119.29196194111957,0.2,1,-10,1,400,0.8,1,eff,0.5,35,0,5
3.7378786914194815,-100.40969001363109,1.6648435882347152,-201.94492152202008,0.3502374999999999,-88.95343468156777,2.873456518564611,-119.24316436664594,0.2,1,-10,1,500,0.7,0.5,eq,0.5,35,0,5
5.327510845438027,-99.12385130279266,1.6648435882347152,-238.59433256434912,0.3502374999999999,-130.79181824042246,2.873456518564611,-120.26307684954062,0.2,1,-10,1,500,0.7,0.5,eq,0.5,35,5,5
5.327510845438027,-94.80383130978498,1.6648435882347152,-228.1166823134861,0.3502374999999999,-125.34370746847776,2.873456518564611,-120.13026588238928,0.2,1,-10,1,500,0.7,0.5,eff,1,6.5,5,5
3.7378786914194815,-97.3964960215078,1.7398467296524174,-191.39010843448668,0.3502374999999999,-78.11902426594773,2.873456518564611,-118.97904922911573,0.2,1,-10,1,500,0.7,1,eq,1,35,0,5
5.327510845438027,-97.19987474980884,1.6648435882347152,-230.51272575350998,0.3502374999999999,-128.05877502381293,2.873456518564611,-120.19645226570618,0.2,1,-10,1,500,0.7,0.5,eff,0.5,6.5,5,5
3.7378786914194815,-97.3964960215078,1.6648435882347152,-193.86606062991206,0.3502374999999999,-86.5327451449566,2.873456518564611,-119.18415416439643,0.2,1,-10,1,500,0.7,0.5,eff,1,35,0,5
3.7378786914194815,-96.24059247727779,1.6648435882347152,-192.71015708568203,0.3502374999999999,-85.22293741885825,2.873456518564611,-119.15222441146611,0.2,1,-10,1,500,0.7,0.5,eff,1,6.5,0,5
5.327510845438027,-94.80383130978498,1.7398467296524174,-226.22702037900632,0.3502374999999999,-117.83595040359815,2.873456518564611,-119.94724602125528,0.2,1,-10,1,500,0.7,1,eq,1,35,5,5
3.7378786914194815,-97.91502633725602,1.6648435882347152,-194.38459094566028,0.3502374999999999,-87.1203158096411,2.873456518564611,-119.19847763018355,0.2,1,-10,1,500,0.7,0.5,eff,0.5,6.5,0,5
3.7378786914194815,-96.24059247727779,1.7398467296524174,-190.23420489025668,0.3502374999999999,-76.80119977675743,2.873456518564611,-118.94692404806273,0.2,1,-10,1,500,0.7,1,eq,1,6.5,0,5
5.327510845438027,-94.80383130978498,1.6648435882347152,-228.1166823134861,0.3502374999999999,-125.34370746847776,2.873456518564611,-120.13026588238928,0.2,1,-10,1,500,0.7,0.5,eff,1,35,5,5
3.7378786914194815,-100.40969001363109,1.6648435882347152,-196.87925462203535,0.3502374999999999,-89.94713451260426,2.873456518564611,-119.26738821985717,0.2,1,-10,1,500,0.7,0.5,eff,0.5,35,0,5
5.327510845438027,-99.12385130279266,1.6648435882347152,-232.4367023064938,0.3502374999999999,-130.2389217726157,2.873456518564611,-120.2495986517399,0.2,1,-10,1,500,0.7,0.5,eff,0.5,35,5,5
5.327510845438027,-97.19987474980884,1.7398467296524174,-228.62306381903014,0.3502374999999999,-120.56763570581101,2.873456518564611,-120.01383750261951,0.2,1,-10,1,500,0.7,1,eq,0.5,6.5,5,5
3.7378786914194815,-97.91502633725602,1.7398467296524174,-191.9086387502349,0.3502374999999999,-78.71019119471485,2.873456518564611,-118.99346036259739,0.2,1,-10,1,500,0.7,1,eq,0.5,6.5,0,5
5.327510845438027,-94.80383130978498,1.7398467296524174,-226.22702037900632,0.3502374999999999,-117.83595040359815,2.873456518564611,-119.94724602125528,0.2,1,-10,1,500,0.7,1,eq,1,6.5,5,5
3.7378786914194815,-100.40969001363109,1.7398467296524174,-194.40330242660997,0.3502374999999999,-81.55431162478911,2.873456518564611,-119.06279272400188,0.2,1,-10,1,500,0.7,1,eq,0.5,35,0,5
5.327510845438027,-99.12385130279266,1.7398467296524174,-224.74981122842786,0.3502374999999999,-122.51270466354461,2.873456518564611,-120.06125329504114,0.2,1,-10,1,500,0.7,1,eff,0.5,35,5,5
5.327510845438027,-94.80383130978498,1.7398467296524174,-220.42979123542017,0.3502374999999999,-117.62297459066575,2.873456518564611,-119.9420542171824,0.2,1,-10,1,500,0.7,1,eff,1,6.5,5,5
3.7378786914194815,-96.24059247727779,1.7398467296524174,-185.54716130268756,0.3502374999999999,-78.14013773531872,2.873456518564611,-118.97956392134645,0.2,1,-10,1,500,0.7,1,eff,1,6.5,0,5
5.327510845438027,-99.12385130279266,1.7398467296524174,-230.54704037201395,0.3502374999999999,-122.76112618399662,2.873456518564611,-120.06730917455111,0.2,1,-10,1,500,0.7,1,eq,0.5,35,5,5
3.7378786914194815,-97.3964960215078,1.7398467296524174,-186.70306484691756,0.3502374999999999,-79.44847805089915,2.873456518564611,-119.01145790257195,0.2,1,-10,1,500,0.7,1,eff,1,35,0,5
3.7378786914194815,-100.40969001363109,1.7398467296524174,-189.71625883904088,0.3502374999999999,-82.85904219245124,2.873456518564611,-119.09459870883165,0.2,1,-10,1,500,0.7,1,eff,0.5,35,0,5
5.327510845438027,-94.80383130978498,1.7398467296524174,-220.42979123542017,0.3502374999999999,-117.62297459066575,2.873456518564611,-119.9420542171824,0.2,1,-10,1,500,0.7,1,eff,1,35,5,5
5.327510845438027,-97.19987474980884,1.7398467296524174,-222.82583467544404,0.3502374999999999,-120.33500038762986,2.873456518564611,-120.00816645023183,0.2,1,-10,1,500,0.7,1,eff,0.5,6.5,5,5
5.327510845438027,-94.80383130978498,1.6648435882347152,-234.2743125713414,0.3502374999999999,-125.86015226521133,2.873456518564611,-120.14285548194137,0.2,1,-10,1,500,0.8,0.5,eq,1,35,5,5
5.327510845438027,-94.80383130978498,1.6648435882347152,-234.2743125713414,0.3502374999999999,-125.86015226521133,2.873456518564611,-120.14285548194137,0.2,1,-10,1,500,0.8,0.5,eq,1,6.5,5,5
3.7378786914194815,-97.3964960215078,1.6648435882347152,-198.9317275298968,0.3502374999999999,-85.51362044181903,2.873456518564611,-119.15931051801387,0.2,1,-10,1,500,0.8,0.5,eq,1,35,0,5
3.7378786914194815,-97.91502633725602,1.7398467296524174,-187.22159516266578,0.3502374999999999,-80.03539044538455,2.873456518564611,-119.02576532142007,0.2,1,-10,1,500,0.7,1,eff,0.5,6.5,0,5
3.7378786914194815,-97.91502633725602,1.6648435882347152,-199.450257845645,0.3502374999999999,-86.10556638633746,2.873456518564611,-119.17374064190145,0.2,1,-10,1,500,0.8,0.5,eq,0.5,6.5,0,5
3.7378786914194815,-96.24059247727779,1.6648435882347152,-197.7758239856668,0.3502374999999999,-84.19405937749187,2.873456518564611,-119.12714300371296,0.2,1,-10,1,500,0.8,0.5,eq,1,6.5,0,5
5.327510845438027,-94.80383130978498,1.6648435882347152,-228.1166823134861,0.3502374999999999,-125.34370746847776,2.873456518564611,-120.13026588238928,0.2,1,-10,1,500,0.8,0.5,eff,1,6.5,5,5
3.7378786914194815,-100.40969001363109,1.6648435882347152,-201.94492152202008,0.3502374999999999,-88.95343468156777,2.873456518564611,-119.24316436664594,0.2,1,-10,1,500,0.8,0.5,eq,0.5,35,0,5
5.327510845438027,-97.19987474980884,1.6648435882347152,-236.6703560113653,0.3502374999999999,-128.59543727012007,2.873456518564611,-120.20953471482466,0.2,1,-10,1,500,0.8,0.5,eq,0.5,6.5,5,5
5.327510845438027,-99.12385130279266,1.6648435882347152,-238.59433256434912,0.3502374999999999,-130.79181824042246,2.873456518564611,-120.26307684954062,0.2,1,-10,1,500,0.8,0.5,eq,0.5,35,5,5
3.7378786914194815,-97.3964960215078,1.6648435882347152,-193.86606062991206,0.3502374999999999,-86.5327451449566,2.873456518564611,-119.18415416439643,0.2,1,-10,1,500,0.8,0.5,eff,1,35,0,5
5.327510845438027,-97.19987474980884,1.6648435882347152,-230.51272575350998,0.3502374999999999,-128.05877502381293,2.873456518564611,-120.19645226570618,0.2,1,-10,1,500,0.8,0.5,eff,0.5,6.5,5,5
5.327510845438027,-94.80383130978498,1.6648435882347152,-228.1166823134861,0.3502374999999999,-125.34370746847776,2.873456518564611,-120.13026588238928,0.2,1,-10,1,500,0.8,0.5,eff,1,35,5,5
3.7378786914194815,-96.24059247727779,1.7398467296524174,-190.23420489025668,0.3502374999999999,-76.80119977675743,2.873456518564611,-118.94692404806273,0.2,1,-10,1,500,0.8,1,eq,1,6.5,0,5
3.7378786914194815,-96.24059247727779,1.6648435882347152,-192.71015708568203,0.3502374999999999,-85.22293741885825,2.873456518564611,-119.15222441146611,0.2,1,-10,1,500,0.8,0.5,eff,1,6.5,0,5
5.327510845438027,-94.80383130978498,1.7398467296524174,-226.22702037900632,0.3502374999999999,-117.83595040359815,2.873456518564611,-119.94724602125528,0.2,1,-10,1,500,0.8,1,eq,1,35,5,5
3.7378786914194815,-100.40969001363109,1.6648435882347152,-196.87925462203535,0.3502374999999999,-89.94713451260426,2.873456518564611,-119.26738821985717,0.2,1,-10,1,500,0.8,0.5,eff,0.5,35,0,5
3.7378786914194815,-97.91502633725602,1.6648435882347152,-194.38459094566028,0.3502374999999999,-87.1203158096411,2.873456518564611,-119.19847763018355,0.2,1,-10,1,500,0.8,0.5,eff,0.5,6.5,0,5
3.7378786914194815,-97.91502633725602,1.7398467296524174,-191.9086387502349,0.3502374999999999,-78.71019119471485,2.873456518564611,-118.99346036259739,0.2,1,-10,1,500,0.8,1,eq,0.5,6.5,0,5
5.327510845438027,-97.19987474980884,1.7398467296524174,-228.62306381903014,0.3502374999999999,-120.56763570581101,2.873456518564611,-120.01383750261951,0.2,1,-10,1,500,0.8,1,eq,0.5,6.5,5,5
5.327510845438027,-99.12385130279266,1.6648435882347152,-232.4367023064938,0.3502374999999999,-130.2389217726157,2.873456518564611,-120.2495986517399,0.2,1,-10,1,500,0.8,0.5,eff,0.5,35,5,5
5.327510845438027,-94.80383130978498,1.7398467296524174,-226.22702037900632,0.3502374999999999,-117.83595040359815,2.873456518564611,-119.94724602125528,0.2,1,-10,1,500,0.8,1,eq,1,6.5,5,5
3.7378786914194815,-100.40969001363109,1.7398467296524174,-194.40330242660997,0.3502374999999999,-81.55431162478911,2.873456518564611,-119.06279272400188,0.2,1,-10,1,500,0.8,1,eq,0.5,35,0,5
5.327510845438027,-99.12385130279266,1.7398467296524174,-230.54704037201395,0.3502374999999999,-122.76112618399662,2.873456518564611,-120.06730917455111,0.2,1,-10,1,500,0.8,1,eq,0.5,35,5,5
3.7378786914194815,-96.24059247727779,1.7398467296524174,-185.54716130268756,0.3502374999999999,-78.14013773531872,2.873456518564611,-118.97956392134645,0.2,1,-10,1,500,0.8,1,eff,1,6.5,0,5
5.327510845438027,-94.80383130978498,1.7398467296524174,-220.42979123542017,0.3502374999999999,-117.62297459066575,2.873456518564611,-119.9420542171824,0.2,1,-10,1,500,0.8,1,eff,1,6.5,5,5
3.7378786914194815,-97.3964960215078,1.7398467296524174,-191.39010843448668,0.3502374999999999,-78.11902426594773,2.873456518564611,-118.97904922911573,0.2,1,-10,1,500,0.8,1,eq,1,35,0,5
5.327510845438027,-94.80383130978498,1.7398467296524174,-220.42979123542017,0.3502374999999999,-117.62297459066575,2.873456518564611,-119.9420542171824,0.2,1,-10,1,500,0.8,1,eff,1,35,5,5
3.7378786914194815,-97.3964960215078,1.7398467296524174,-186.70306484691756,0.3502374999999999,-79.44847805089915,2.873456518564611,-119.01145790257195,0.2,1,-10,1,500,0.8,1,eff,1,35,0,5
5.327510845438027,-97.19987474980884,1.7398467296524174,-222.82583467544404,0.3502374999999999,-120.33500038762986,2.873456518564611,-120.00816645023183,0.2,1,-10,1,500,0.8,1,eff,0.5,6.5,5,5
3.7378786914194815,-100.40969001363109,1.7398467296524174,-189.71625883904088,0.3502374999999999,-82.85904219245124,2.873456518564611,-119.09459870883165,0.2,1,-10,1,500,0.8,1,eff,0.5,35,0,5
5.327510845438027,-99.12385130279266,1.7398467296524174,-224.74981122842786,0.3502374999999999,-122.51270466354461,2.873456518564611,-120.06125329504114,0.2,1,-10,1,500,0.8,1,eff,0.5,35,5,5
3.7378786914194815,-96.24059247727779,1.6648435882347152,-197.7758239856668,0.5448138888888888,-84.19427801528789,2.9123717963423887,-118.66037333121649,0.2,1,-10,2,400,0.7,0.5,eq,1,6.5,0,5
5.327510845438027,-94.80383130978498,1.6648435882347152,-234.2743125713414,0.5448138888888888,-125.86037090294522,2.9123717963423887,-120.21925850717096,0.2,1,-10,2,400,0.7,0.5,eq,1,6.5,5,5
5.327510845438027,-97.19987474980884,1.6648435882347152,-236.6703560113653,0.5448138888888888,-128.5956559077416,2.9123717963423887,-120.32159580233048,0.2,1,-10,2,400,0.7,0.5,eq,0.5,6.5,5,5
3.7378786914194815,-97.91502633725602,1.6648435882347152,-199.450257845645,0.5448138888888888,-86.10578502428652,2.9123717963423887,-118.73188999461226,0.2,1,-10,2,400,0.7,0.5,eq,0.5,6.5,0,5
5.327510845438027,-94.80383130978498,1.6648435882347152,-234.2743125713414,0.5448138888888888,-125.86037090294522,2.9123717963423887,-120.21925850717096,0.2,1,-10,2,400,0.7,0.5,eq,1,35,5,5
5.327510845438027,-99.12385130279266,1.6648435882347152,-238.59433256434912,0.5448138888888888,-130.792036878112,2.9123717963423887,-120.40377067158659,0.2,1,-10,2,400,0.7,0.5,eq,0.5,35,5,5
3.7378786914194815,-97.91502633725602,1.7398467296524174,-187.22159516266578,0.3502374999999999,-80.03539044538455,2.873456518564611,-119.02576532142007,0.2,1,-10,1,500,0.8,1,eff,0.5,6.5,0,5
5.327510845438027,-94.80383130978498,1.6648435882347152,-228.1166823134861,0.5448138888888888,-125.34391155697442,2.9123717963423887,-120.19993582144217,0.2,1,-10,2,400,0.7,0.5,eff,1,6.5,5,5
3.7378786914194815,-97.3964960215078,1.6648435882347152,-198.9317275298968,0.5448138888888888,-85.51383907974424,2.9123717963423887,-118.70974307144367,0.2,1,-10,2,400,0.7,0.5,eq,1,35,0,5
3.7378786914194815,-100.40969001363109,1.6648435882347152,-201.94492152202008,0.5448138888888888,-88.95365331948904,2.9123717963423887,-118.83843945391548,0.2,1,-10,2,400,0.7,0.5,eq,0.5,35,0,5
5.327510845438027,-94.80383130978498,1.6648435882347152,-228.1166823134861,0.5448138888888888,-125.34391155697442,2.9123717963423887,-120.19993582144217,0.2,1,-10,2,400,0.7,0.5,eff,1,35,5,5
5.327510845438027,-97.19987474980884,1.6648435882347152,-230.51272575350998,0.5448138888888888,-128.0589791118387,2.9123717963423887,-120.30151670579347,0.2,1,-10,2,400,0.7,0.5,eff,0.5,6.5,5,5
3.7378786914194815,-97.3964960215078,1.6648435882347152,-193.86606062991206,0.5448138888888888,-86.53294923331345,2.9123717963423887,-118.74787181356861,0.2,1,-10,2,400,0.7,0.5,eff,1,35,0,5
3.7378786914194815,-96.24059247727779,1.6648435882347152,-192.71015708568203,0.5448138888888888,-85.2231415072084,2.9123717963423887,-118.69886698239607,0.2,1,-10,2,400,0.7,0.5,eff,1,6.5,0,5
3.7378786914194815,-97.91502633725602,1.6648435882347152,-194.38459094566028,0.5448138888888888,-87.12051989800231,2.9123717963423887,-118.76985504106918,0.2,1,-10,2,400,0.7,0.5,eff,0.5,6.5,0,5
3.7378786914194815,-97.91502633725602,1.7398467296524174,-191.9086387502349,0.5448138888888888,-78.71039791487713,2.9123717963423887,-118.45520076036154,0.2,1,-10,2,400,0.7,1,eq,0.5,6.5,0,5
5.327510845438027,-94.80383130978498,1.7398467296524174,-226.22702037900632,0.5448138888888888,-117.83615712375814,2.9123717963423887,-119.91904250317009,0.2,1,-10,2,400,0.7,1,eq,1,6.5,5,5
5.327510845438027,-99.12385130279266,1.6648435882347152,-232.4367023064938,0.5448138888888888,-130.23912586087002,2.9123717963423887,-120.38308419179788,0.2,1,-10,2,400,0.7,0.5,eff,0.5,35,5,5
3.7378786914194815,-100.40969001363109,1.6648435882347152,-196.87925462203535,0.5448138888888888,-89.94733860067437,2.9123717963423887,-118.87561695598137,0.2,1,-10,2,400,0.7,0.5,eff,0.5,35,0,5
5.327510845438027,-94.80383130978498,1.7398467296524174,-226.22702037900632,0.5448138888888888,-117.83615712375814,2.9123717963423887,-119.91904250317009,0.2,1,-10,2,400,0.7,1,eq,1,35,5,5
5.327510845438027,-97.19987474980884,1.7398467296524174,-228.62306381903014,0.5448138888888888,-120.5678424260081,2.9123717963423887,-120.0212451199244,0.2,1,-10,2,400,0.7,1,eq,0.5,6.5,5,5
3.7378786914194815,-97.3964960215078,1.7398467296524174,-191.39010843448668,0.5448138888888888,-78.1192309859753,2.9123717963423887,-118.43308298309685,0.2,1,-10,2,400,0.7,1,eq,1,35,0,5
3.7378786914194815,-96.24059247727779,1.7398467296524174,-190.23420489025668,0.5448138888888888,-76.80140649678616,2.9123717963423887,-118.38377821467883,0.2,1,-10,2,400,0.7,1,eq,1,6.5,0,5
5.327510845438027,-94.80383130978498,1.7398467296524174,-220.42979123542017,0.5448138888888888,-117.62316780200631,2.9123717963423887,-119.91107377192345,0.2,1,-10,2,400,0.7,1,eff,1,6.5,5,5
5.327510845438027,-99.12385130279266,1.7398467296524174,-230.54704037201395,0.5448138888888888,-122.76133290453501,2.9123717963423887,-120.1033118450141,0.2,1,-10,2,400,0.7,1,eq,0.5,35,5,5
5.327510845438027,-94.80383130978498,1.7398467296524174,-220.42979123542017,0.5448138888888888,-117.62316780200631,2.9123717963423887,-119.91107377192345,0.2,1,-10,2,400,0.7,1,eff,1,35,5,5
3.7378786914194815,-97.3964960215078,1.7398467296524174,-186.70306484691756,0.5448138888888888,-79.44867126228823,2.9123717963423887,-118.48282234177998,0.2,1,-10,2,400,0.7,1,eff,1,35,0,5
3.7378786914194815,-96.24059247727779,1.7398467296524174,-185.54716130268756,0.5448138888888888,-78.14033094660894,2.9123717963423887,-118.43387241194814,0.2,1,-10,2,400,0.7,1,eff,1,6.5,0,5
3.7378786914194815,-100.40969001363109,1.7398467296524174,-194.40330242660997,0.5448138888888888,-81.55451834493827,2.9123717963423887,-118.56160999794018,0.2,1,-10,2,400,0.7,1,eq,0.5,35,0,5
5.327510845438027,-97.19987474980884,1.7398467296524174,-222.82583467544404,0.5448138888888888,-120.3351935989678,2.9123717963423887,-120.01254085267632,0.2,1,-10,2,400,0.7,1,eff,0.5,6.5,5,5
3.7378786914194815,-97.91502633725602,1.7398467296524174,-187.22159516266578,0.5448138888888888,-80.03558365701016,2.9123717963423887,-118.50478094092631,0.2,1,-10,2,400,0.7,1,eff,0.5,6.5,0,5
5.327510845438027,-99.12385130279266,1.7398467296524174,-224.74981122842786,0.5448138888888888,-122.51289787490161,2.9123717963423887,-120.09401695657974,0.2,1,-10,2,400,0.7,1,eff,0.5,35,5,5
5.327510845438027,-94.80383130978498,1.6648435882347152,-234.2743125713414,0.5448138888888888,-125.86037090294522,2.9123717963423887,-120.21925850717096,0.2,1,-10,2,400,0.8,0.5,eq,1,6.5,5,5
3.7378786914194815,-100.40969001363109,1.7398467296524174,-189.71625883904088,0.5448138888888888,-82.85923540370582,2.9123717963423887,-118.61042436810942,0.2,1,-10,2,400,0.7,1,eff,0.5,35,0,5
5.327510845438027,-94.80383130978498,1.6648435882347152,-234.2743125713414,0.5448138888888888,-125.86037090294522,2.9123717963423887,-120.21925850717096,0.2,1,-10,2,400,0.8,0.5,eq,1,35,5,5
3.7378786914194815,-97.91502633725602,1.6648435882347152,-199.450257845645,0.5448138888888888,-86.10578502428652,2.9123717963423887,-118.73188999461226,0.2,1,-10,2,400,0.8,0.5,eq,0.5,6.5,0,5
5.327510845438027,-97.19987474980884,1.6648435882347152,-236.6703560113653,0.5448138888888888,-128.5956559077416,2.9123717963423887,-120.32159580233048,0.2,1,-10,2,400,0.8,0.5,eq,0.5,6.5,5,5
3.7378786914194815,-97.3964960215078,1.6648435882347152,-198.9317275298968,0.5448138888888888,-85.51383907974424,2.9123717963423887,-118.70974307144367,0.2,1,-10,2,400,0.8,0.5,eq,1,35,0,5
3.7378786914194815,-96.24059247727779,1.6648435882347152,-197.7758239856668,0.5448138888888888,-84.19427801528789,2.9123717963423887,-118.66037333121649,0.2,1,-10,2,400,0.8,0.5,eq,1,6.5,0,5
3.7378786914194815,-96.24059247727779,1.6648435882347152,-192.71015708568203,0.5448138888888888,-85.2231415072084,2.9123717963423887,-118.69886698239607,0.2,1,-10,2,400,0.8,0.5,eff,1,6.5,0,5
5.327510845438027,-94.80383130978498,1.6648435882347152,-228.1166823134861,0.5448138888888888,-125.34391155697442,2.9123717963423887,-120.19993582144217,0.2,1,-10,2,400,0.8,0.5,eff,1,35,5,5
3.7378786914194815,-97.3964960215078,1.6648435882347152,-193.86606062991206,0.5448138888888888,-86.53294923331345,2.9123717963423887,-118.74787181356861,0.2,1,-10,2,400,0.8,0.5,eff,1,35,0,5
5.327510845438027,-99.12385130279266,1.6648435882347152,-238.59433256434912,0.5448138888888888,-130.792036878112,2.9123717963423887,-120.40377067158659,0.2,1,-10,2,400,0.8,0.5,eq,0.5,35,5,5
3.7378786914194815,-100.40969001363109,1.6648435882347152,-201.94492152202008,0.5448138888888888,-88.95365331948904,2.9123717963423887,-118.83843945391548,0.2,1,-10,2,400,0.8,0.5,eq,0.5,35,0,5
5.327510845438027,-94.80383130978498,1.6648435882347152,-228.1166823134861,0.5448138888888888,-125.34391155697442,2.9123717963423887,-120.19993582144217,0.2,1,-10,2,400,0.8,0.5,eff,1,6.5,5,5
3.7378786914194815,-97.91502633725602,1.6648435882347152,-194.38459094566028,0.5448138888888888,-87.12051989800231,2.9123717963423887,-118.76985504106918,0.2,1,-10,2,400,0.8,0.5,eff,0.5,6.5,0,5
3.7378786914194815,-100.40969001363109,1.6648435882347152,-196.87925462203535,0.5448138888888888,-89.94733860067437,2.9123717963423887,-118.87561695598137,0.2,1,-10,2,400,0.8,0.5,eff,0.5,35,0,5
5.327510845438027,-97.19987474980884,1.6648435882347152,-230.51272575350998,0.5448138888888888,-128.0589791118387,2.9123717963423887,-120.30151670579347,0.2,1,-10,2,400,0.8,0.5,eff,0.5,6.5,5,5
5.327510845438027,-99.12385130279266,1.6648435882347152,-232.4367023064938,0.5448138888888888,-130.23912586087002,2.9123717963423887,-120.38308419179788,0.2,1,-10,2,400,0.8,0.5,eff,0.5,35,5,5
5.327510845438027,-94.80383130978498,1.7398467296524174,-226.22702037900632,0.5448138888888888,-117.83615712375814,2.9123717963423887,-119.91904250317009,0.2,1,-10,2,400,0.8,1,eq,1,6.5,5,5
3.7378786914194815,-97.3964960215078,1.7398467296524174,-191.39010843448668,0.5448138888888888,-78.1192309859753,2.9123717963423887,-118.43308298309685,0.2,1,-10,2,400,0.8,1,eq,1,35,0,5
3.7378786914194815,-96.24059247727779,1.7398467296524174,-190.23420489025668,0.5448138888888888,-76.80140649678616,2.9123717963423887,-118.38377821467883,0.2,1,-10,2,400,0.8,1,eq,1,6.5,0,5
5.327510845438027,-97.19987474980884,1.7398467296524174,-228.62306381903014,0.5448138888888888,-120.5678424260081,2.9123717963423887,-120.0212451199244,0.2,1,-10,2,400,0.8,1,eq,0.5,6.5,5,5
5.327510845438027,-94.80383130978498,1.7398467296524174,-226.22702037900632,0.5448138888888888,-117.83615712375814,2.9123717963423887,-119.91904250317009,0.2,1,-10,2,400,0.8,1,eq,1,35,5,5
3.7378786914194815,-100.40969001363109,1.7398467296524174,-194.40330242660997,0.5448138888888888,-81.55451834493827,2.9123717963423887,-118.56160999794018,0.2,1,-10,2,400,0.8,1,eq,0.5,35,0,5
3.7378786914194815,-97.91502633725602,1.7398467296524174,-191.9086387502349,0.5448138888888888,-78.71039791487713,2.9123717963423887,-118.45520076036154,0.2,1,-10,2,400,0.8,1,eq,0.5,6.5,0,5
3.7378786914194815,-97.3964960215078,1.7398467296524174,-186.70306484691756,0.5448138888888888,-79.44867126228823,2.9123717963423887,-118.48282234177998,0.2,1,-10,2,400,0.8,1,eff,1,35,0,5
5.327510845438027,-97.19987474980884,1.7398467296524174,-222.82583467544404,0.5448138888888888,-120.3351935989678,2.9123717963423887,-120.01254085267632,0.2,1,-10,2,400,0.8,1,eff,0.5,6.5,5,5
5.327510845438027,-94.80383130978498,1.7398467296524174,-220.42979123542017,0.5448138888888888,-117.62316780200631,2.9123717963423887,-119.91107377192345,0.2,1,-10,2,400,0.8,1,eff,1,35,5,5
5.327510845438027,-99.12385130279266,1.7398467296524174,-230.54704037201395,0.5448138888888888,-122.76133290453501,2.9123717963423887,-120.1033118450141,0.2,1,-10,2,400,0.8,1,eq,0.5,35,5,5
3.7378786914194815,-96.24059247727779,1.7398467296524174,-185.54716130268756,0.5448138888888888,-78.14033094660894,2.9123717963423887,-118.43387241194814,0.2,1,-10,2,400,0.8,1,eff,1,6.5,0,5
3.7378786914194815,-97.91502633725602,1.7398467296524174,-187.22159516266578,0.5448138888888888,-80.03558365701016,2.9123717963423887,-118.50478094092631,0.2,1,-10,2,400,0.8,1,eff,0.5,6.5,0,5
5.327510845438027,-94.80383130978498,1.7398467296524174,-220.42979123542017,0.5448138888888888,-117.62316780200631,2.9123717963423887,-119.91107377192345,0.2,1,-10,2,400,0.8,1,eff,1,6.5,5,5
5.327510845438027,-99.12385130279266,1.7398467296524174,-224.74981122842786,0.5448138888888888,-122.51289787490161,2.9123717963423887,-120.09401695657974,0.2,1,-10,2,400,0.8,1,eff,0.5,35,5,5
3.7378786914194815,-100.40969001363109,1.7398467296524174,-189.71625883904088,0.5448138888888888,-82.85923540370582,2.9123717963423887,-118.61042436810942,0.2,1,-10,2,400,0.8,1,eff,0.5,35,0,5
5.327510845438027,-97.19987474980884,1.6648435882347152,-236.6703560113653,0.7004749999999998,-128.5958308180859,2.943504018564611,-120.40911543210564,0.2,1,-10,2,500,0.7,0.5,eq,0.5,6.5,5,5
5.327510845438027,-94.80383130978498,1.6648435882347152,-234.2743125713414,0.7004749999999998,-125.86054581320968,2.943504018564611,-120.27893054010575,0.2,1,-10,2,500,0.7,0.5,eq,1,6.5,5,5
3.7378786914194815,-97.3964960215078,1.6648435882347152,-198.9317275298968,0.7004749999999998,-85.51401398997609,2.943504018564611,-118.35865207602791,0.2,1,-10,2,500,0.7,0.5,eq,1,35,0,5
5.327510845438027,-99.12385130279266,1.6648435882347152,-238.59433256434912,0.7004749999999998,-130.79221178846205,2.943504018564611,-120.51365138317082,0.2,1,-10,2,500,0.7,0.5,eq,0.5,35,5,5
3.7378786914194815,-96.24059247727779,1.6648435882347152,-197.7758239856668,0.7004749999999998,-84.19445292564572,2.943504018564611,-118.29584804853499,0.2,1,-10,2,500,0.7,0.5,eq,1,6.5,0,5
5.327510845438027,-94.80383130978498,1.6648435882347152,-234.2743125713414,0.7004749999999998,-125.86054581320968,2.943504018564611,-120.27893054010575,0.2,1,-10,2,500,0.7,0.5,eq,1,35,5,5
5.327510845438027,-94.80383130978498,1.6648435882347152,-228.1166823134861,0.7004749999999998,-125.34407482728149,2.943504018564611,-120.25434929193446,0.2,1,-10,2,500,0.7,0.5,eff,1,6.5,5,5
3.7378786914194815,-97.3964960215078,1.6648435882347152,-193.86606062991206,0.7004749999999998,-86.5331125035215,2.943504018564611,-118.4071556980223,0.2,1,-10,2,500,0.7,0.5,eff,1,35,0,5
5.327510845438027,-97.19987474980884,1.6648435882347152,-230.51272575350998,0.7004749999999998,-128.05914238213774,2.943504018564611,-120.38357194177584,0.2,1,-10,2,500,0.7,0.5,eff,0.5,6.5,5,5
3.7378786914194815,-100.40969001363109,1.6648435882347152,-201.94492152202008,0.7004749999999998,-88.95382822970247,2.943504018564611,-118.5223687799547,0.2,1,-10,2,500,0.7,0.5,eq,0.5,35,0,5
3.7378786914194815,-97.91502633725602,1.6648435882347152,-194.38459094566028,0.7004749999999998,-87.12068316823054,2.943504018564611,-118.43512090946872,0.2,1,-10,2,500,0.7,0.5,eff,0.5,6.5,0,5
5.327510845438027,-94.80383130978498,1.6648435882347152,-228.1166823134861,0.7004749999999998,-125.34407482728149,2.943504018564611,-120.25434929193446,0.2,1,-10,2,500,0.7,0.5,eff,1,35,5,5
3.7378786914194815,-96.24059247727779,1.6648435882347152,-192.71015708568203,0.7004749999999998,-85.2233047774253,2.943504018564611,-118.34481587710476,0.2,1,-10,2,500,0.7,0.5,eff,1,6.5,0,5
3.7378786914194815,-97.91502633725602,1.6648435882347152,-199.450257845645,0.7004749999999998,-86.10595993449581,2.943504018564611,-118.38682552732094,0.2,1,-10,2,500,0.7,0.5,eq,0.5,6.5,0,5
5.327510845438027,-99.12385130279266,1.6648435882347152,-232.4367023064938,0.7004749999999998,-130.23928913142353,2.943504018564611,-120.48733523101029,0.2,1,-10,2,500,0.7,0.5,eff,0.5,35,5,5
5.327510845438027,-94.80383130978498,1.7398467296524174,-226.22702037900632,0.7004749999999998,-117.83632250008378,2.943504018564611,-119.89702055868146,0.2,1,-10,2,500,0.7,1,eq,1,6.5,5,5
3.7378786914194815,-97.3964960215078,1.7398467296524174,-191.39010843448668,0.7004749999999998,-78.11939636212219,2.943504018564611,-118.00670794751977,0.2,1,-10,2,500,0.7,1,eq,1,35,0,5
3.7378786914194815,-100.40969001363109,1.6648435882347152,-196.87925462203535,0.7004749999999998,-89.9475018711982,2.943504018564611,-118.56966231443855,0.2,1,-10,2,500,0.7,0.5,eff,0.5,35,0,5
5.327510845438027,-99.12385130279266,1.7398467296524174,-230.54704037201395,0.7004749999999998,-122.76149828047737,2.943504018564611,-120.13143250328973,0.2,1,-10,2,500,0.7,1,eq,0.5,35,5,5
5.327510845438027,-94.80383130978498,1.7398467296524174,-220.42979123542017,0.7004749999999998,-117.62332237118136,2.943504018564611,-119.88688289524686,0.2,1,-10,2,500,0.7,1,eff,1,35,5,5
3.7378786914194815,-96.24059247727779,1.7398467296524174,-190.23420489025668,0.7004749999999998,-76.80157187293298,2.943504018564611,-117.94398657168725,0.2,1,-10,2,500,0.7,1,eq,1,6.5,0,5
5.327510845438027,-94.80383130978498,1.7398467296524174,-226.22702037900632,0.7004749999999998,-117.83632250008378,2.943504018564611,-119.89702055868146,0.2,1,-10,2,500,0.7,1,eq,1,35,5,5
3.7378786914194815,-97.91502633725602,1.7398467296524174,-191.9086387502349,0.7004749999999998,-78.71056329099197,2.943504018564611,-118.03484432184696,0.2,1,-10,2,500,0.7,1,eq,0.5,6.5,0,5
5.327510845438027,-97.19987474980884,1.7398467296524174,-228.62306381903014,0.7004749999999998,-120.56800780195768,2.943504018564611,-120.02703412413007,0.2,1,-10,2,500,0.7,1,eq,0.5,6.5,5,5
3.7378786914194815,-97.3964960215078,1.7398467296524174,-186.70306484691756,0.7004749999999998,-79.44882583155336,2.943504018564611,-118.06998165815352,0.2,1,-10,2,500,0.7,1,eff,1,35,0,5
3.7378786914194815,-100.40969001363109,1.7398467296524174,-194.40330242660997,0.7004749999999998,-81.55468372108531,2.943504018564611,-118.1702091962079,0.2,1,-10,2,500,0.7,1,eq,0.5,35,0,5
5.327510845438027,-94.80383130978498,1.7398467296524174,-220.42979123542017,0.7004749999999998,-117.62332237118136,2.943504018564611,-119.88688289524686,0.2,1,-10,2,500,0.7,1,eff,1,6.5,5,5
3.7378786914194815,-96.24059247727779,1.7398467296524174,-185.54716130268756,0.7004749999999998,-78.14048551587605,2.943504018564611,-118.00771167809965,0.2,1,-10,2,500,0.7,1,eff,1,6.5,0,5
5.327510845438027,-97.19987474980884,1.7398467296524174,-222.82583467544404,0.7004749999999998,-120.3353481681634,2.943504018564611,-120.01596077373178,0.2,1,-10,2,500,0.7,1,eff,0.5,6.5,5,5
3.7378786914194815,-97.91502633725602,1.7398467296524174,-187.22159516266578,0.7004749999999998,-80.03573822593856,2.943504018564611,-118.09791553946403,0.2,1,-10,2,500,0.7,1,eff,0.5,6.5,0,5
5.327510845438027,-99.12385130279266,1.7398467296524174,-224.74981122842786,0.7004749999999998,-122.51305244370269,2.943504018564611,-120.11960781431918,0.2,1,-10,2,500,0.7,1,eff,0.5,35,5,5
5.327510845438027,-94.80383130978498,1.6648435882347152,-234.2743125713414,0.7004749999999998,-125.86054581320968,2.943504018564611,-120.27893054010575,0.2,1,-10,2,500,0.8,0.5,eq,1,6.5,5,5
3.7378786914194815,-100.40969001363109,1.7398467296524174,-189.71625883904088,0.7004749999999998,-82.85938997298051,2.943504018564611,-118.2323062143218,0.2,1,-10,2,500,0.7,1,eff,0.5,35,0,5
3.7378786914194815,-96.24059247727779,1.6648435882347152,-197.7758239856668,0.7004749999999998,-84.19445292564572,2.943504018564611,-118.29584804853499,0.2,1,-10,2,500,0.8,0.5,eq,1,6.5,0,5
5.327510845438027,-97.19987474980884,1.6648435882347152,-236.6703560113653,0.7004749999999998,-128.5958308180859,2.943504018564611,-120.40911543210564,0.2,1,-10,2,500,0.8,0.5,eq,0.5,6.5,5,5
3.7378786914194815,-97.3964960215078,1.6648435882347152,-198.9317275298968,0.7004749999999998,-85.51401398997609,2.943504018564611,-118.35865207602791,0.2,1,-10,2,500,0.8,0.5,eq,1,35,0,5
3.7378786914194815,-97.91502633725602,1.6648435882347152,-199.450257845645,0.7004749999999998,-86.10595993449581,2.943504018564611,-118.38682552732094,0.2,1,-10,2,500,0.8,0.5,eq,0.5,6.5,0,5
5.327510845438027,-99.12385130279266,1.6648435882347152,-238.59433256434912,0.7004749999999998,-130.79221178846205,2.943504018564611,-120.51365138317082,0.2,1,-10,2,500,0.8,0.5,eq,0.5,35,5,5
3.7378786914194815,-100.40969001363109,1.6648435882347152,-201.94492152202008,0.7004749999999998,-88.95382822970247,2.943504018564611,-118.5223687799547,0.2,1,-10,2,500,0.8,0.5,eq,0.5,35,0,5
5.327510845438027,-94.80383130978498,1.6648435882347152,-234.2743125713414,0.7004749999999998,-125.86054581320968,2.943504018564611,-120.27893054010575,0.2,1,-10,2,500,0.8,0.5,eq,1,35,5,5
5.327510845438027,-94.80383130978498,1.6648435882347152,-228.1166823134861,0.7004749999999998,-125.34407482728149,2.943504018564611,-120.25434929193446,0.2,1,-10,2,500,0.8,0.5,eff,1,35,5,5
3.7378786914194815,-97.3964960215078,1.6648435882347152,-193.86606062991206,0.7004749999999998,-86.5331125035215,2.943504018564611,-118.4071556980223,0.2,1,-10,2,500,0.8,0.5,eff,1,35,0,5
5.327510845438027,-97.19987474980884,1.6648435882347152,-230.51272575350998,0.7004749999999998,-128.05914238213774,2.943504018564611,-120.38357194177584,0.2,1,-10,2,500,0.8,0.5,eff,0.5,6.5,5,5
3.7378786914194815,-97.91502633725602,1.6648435882347152,-194.38459094566028,0.7004749999999998,-87.12068316823054,2.943504018564611,-118.43512090946872,0.2,1,-10,2,500,0.8,0.5,eff,0.5,6.5,0,5
3.7378786914194815,-96.24059247727779,1.6648435882347152,-192.71015708568203,0.7004749999999998,-85.2233047774253,2.943504018564611,-118.34481587710476,0.2,1,-10,2,500,0.8,0.5,eff,1,6.5,0,5
5.327510845438027,-99.12385130279266,1.6648435882347152,-232.4367023064938,0.7004749999999998,-130.23928913142353,2.943504018564611,-120.48733523101029,0.2,1,-10,2,500,0.8,0.5,eff,0.5,35,5,5
5.327510845438027,-94.80383130978498,1.6648435882347152,-228.1166823134861,0.7004749999999998,-125.34407482728149,2.943504018564611,-120.25434929193446,0.2,1,-10,2,500,0.8,0.5,eff,1,6.5,5,5
3.7378786914194815,-100.40969001363109,1.6648435882347152,-196.87925462203535,0.7004749999999998,-89.9475018711982,2.943504018564611,-118.56966231443855,0.2,1,-10,2,500,0.8,0.5,eff,0.5,35,0,5
5.327510845438027,-94.80383130978498,1.7398467296524174,-226.22702037900632,0.7004749999999998,-117.83632250008378,2.943504018564611,-119.89702055868146,0.2,1,-10,2,500,0.8,1,eq,1,35,5,5
5.327510845438027,-94.80383130978498,1.7398467296524174,-226.22702037900632,0.7004749999999998,-117.83632250008378,2.943504018564611,-119.89702055868146,0.2,1,-10,2,500,0.8,1,eq,1,6.5,5,5
3.7378786914194815,-97.3964960215078,1.7398467296524174,-191.39010843448668,0.7004749999999998,-78.11939636212219,2.943504018564611,-118.00670794751977,0.2,1,-10,2,500,0.8,1,eq,1,35,0,5
3.7378786914194815,-96.24059247727779,1.7398467296524174,-190.23420489025668,0.7004749999999998,-76.80157187293298,2.943504018564611,-117.94398657168725,0.2,1,-10,2,500,0.8,1,eq,1,6.5,0,5
5.327510845438027,-97.19987474980884,1.7398467296524174,-228.62306381903014,0.7004749999999998,-120.56800780195768,2.943504018564611,-120.02703412413007,0.2,1,-10,2,500,0.8,1,eq,0.5,6.5,5,5
5.327510845438027,-99.12385130279266,1.7398467296524174,-230.54704037201395,0.7004749999999998,-122.76149828047737,2.943504018564611,-120.13143250328973,0.2,1,-10,2,500,0.8,1,eq,0.5,35,5,5
3.7378786914194815,-97.91502633725602,1.7398467296524174,-191.9086387502349,0.7004749999999998,-78.71056329099197,2.943504018564611,-118.03484432184696,0.2,1,-10,2,500,0.8,1,eq,0.5,6.5,0,5
3.7378786914194815,-97.91502633725602,1.7398467296524174,-187.22159516266578,0.7004749999999998,-80.03573822593856,2.943504018564611,-118.09791553946403,0.2,1,-10,2,500,0.8,1,eff,0.5,6.5,0,5
3.7378786914194815,-100.40969001363109,1.7398467296524174,-194.40330242660997,0.7004749999999998,-81.55468372108531,2.943504018564611,-118.1702091962079,0.2,1,-10,2,500,0.8,1,eq,0.5,35,0,5
5.327510845438027,-94.80383130978498,1.7398467296524174,-220.42979123542017,0.7004749999999998,-117.62332237118136,2.943504018564611,-119.88688289524686,0.2,1,-10,2,500,0.8,1,eff,1,35,5,5
3.7378786914194815,-97.3964960215078,1.7398467296524174,-186.70306484691756,0.7004749999999998,-79.44882583155336,2.943504018564611,-118.06998165815352,0.2,1,-10,2,500,0.8,1,eff,1,35,0,5
5.327510845438027,-94.80383130978498,1.7398467296524174,-220.42979123542017,0.7004749999999998,-117.62332237118136,2.943504018564611,-119.88688289524686,0.2,1,-10,2,500,0.8,1,eff,1,6.5,5,5
3.7378786914194815,-96.24059247727779,1.7398467296524174,-185.54716130268756,0.7004749999999998,-78.14048551587605,2.943504018564611,-118.00771167809965,0.2,1,-10,2,500,0.8,1,eff,1,6.5,0,5
5.327510845438027,-97.19987474980884,1.7398467296524174,-222.82583467544404,0.7004749999999998,-120.3353481681634,2.943504018564611,-120.01596077373178,0.2,1,-10,2,500,0.8,1,eff,0.5,6.5,5,5
5.327510845438027,-99.12385130279266,1.7398467296524174,-224.74981122842786,0.7004749999999998,-122.51305244370269,2.943504018564611,-120.11960781431918,0.2,1,-10,2,500,0.8,1,eff,0.5,35,5,5
3.7378786914194815,-100.40969001363109,1.7398467296524174,-189.71625883904088,0.7004749999999998,-82.85938997298051,2.943504018564611,-118.2323062143218,0.2,1,-10,2,500,0.8,1,eff,0.5,35,0,5
3.7378786914194815,-96.24059247727779,0.664380693404857,-339.23199218772845,0.8172208333333333,-225.82459221291018,2.966853185231278,-125.82988479955092,0.2,3,-20,1,400,0.7,0.5,eq,1,6.5,0,5
5.327510845438027,-94.80383130978498,0.664380693404857,-375.73048077340303,0.8172208333333333,-268.58735732778354,2.966853185231278,-128.18568876833336,0.2,3,-20,1,400,0.7,0.5,eq,1,6.5,5,5
3.7378786914194815,-97.91502633725602,0.664380693404857,-340.90642604770665,0.8172208333333333,-227.78641103460416,2.966853185231278,-125.93796154701475,0.2,3,-20,1,400,0.7,0.5,eq,0.5,6.5,0,5
5.327510845438027,-97.19987474980884,0.664380693404857,-378.126524213427,0.8172208333333333,-271.39463638960365,2.966853185231278,-128.3403419844561,0.2,3,-20,1,400,0.7,0.5,eq,0.5,6.5,5,5
5.327510845438027,-99.12385130279266,0.664380693404857,-364.0538329381154,0.8172208333333333,-263.3123574179103,2.966853185231278,-127.8950886238005,0.2,3,-20,1,400,0.7,0.5,eff,0.5,35,5,5
5.327510845438027,-94.80383130978498,0.664380693404857,-359.73381294510773,0.8172208333333333,-258.3079886958606,2.966853185231278,-127.61939757190089,0.2,3,-20,1,400,0.7,0.5,eff,1,35,5,5
3.7378786914194815,-97.3964960215078,0.664380693404857,-340.38789573195845,0.8172208333333333,-227.17888477889173,2.966853185231278,-125.90449287957706,0.2,3,-20,1,400,0.7,0.5,eq,1,35,0,5
3.7378786914194815,-97.91502633725602,0.664380693404857,-326.0017215772819,0.8172208333333333,-219.23228460051345,2.966853185231278,-125.46671407392074,0.2,3,-20,1,400,0.7,0.5,eff,0.5,6.5,0,5
5.327510845438027,-99.12385130279266,0.664380693404857,-380.05050076641083,0.8172208333333333,-273.64882719761664,2.966853185231278,-128.464525526789,0.2,3,-20,1,400,0.7,0.5,eq,0.5,35,5,5
5.327510845438027,-94.80383130978498,0.664380693404857,-375.73048077340303,0.8172208333333333,-268.58735732778354,2.966853185231278,-128.18568876833336,0.2,3,-20,1,400,0.7,0.5,eq,1,35,5,5
3.7378786914194815,-100.40969001363109,0.664380693404857,-343.4010897240817,0.8172208333333333,-230.70923663367952,2.966853185231278,-126.09898023062583,0.2,3,-20,1,400,0.7,0.5,eq,0.5,35,0,5
3.7378786914194815,-96.24059247727779,0.664380693404857,-324.3272877173037,0.8172208333333333,-217.2925981065935,2.966853185231278,-125.35985659807014,0.2,3,-20,1,400,0.7,0.5,eff,1,6.5,0,5
5.327510845438027,-94.80383130978498,0.664380693404857,-359.73381294510773,0.8172208333333333,-258.3079886958606,2.966853185231278,-127.61939757190089,0.2,3,-20,1,400,0.7,0.5,eff,1,6.5,5,5
5.327510845438027,-97.19987474980884,0.664380693404857,-362.12985638513163,0.8172208333333333,-261.0835973408213,2.966853185231278,-127.77230606236034,0.2,3,-20,1,400,0.7,0.5,eff,0.5,6.5,5,5
3.7378786914194815,-97.3964960215078,0.664380693404857,-325.4831912615337,0.8172208333333333,-218.63161217331515,2.966853185231278,-125.43362298441497,0.2,3,-20,1,400,0.7,0.5,eff,1,35,0,5
3.7378786914194815,-100.40969001363109,0.664380693404857,-328.49638525365697,0.8172208333333333,-222.12213624162717,2.966853185231278,-125.62591621969032,0.2,3,-20,1,400,0.7,0.5,eff,0.5,35,0,5
5.327510845438027,-94.80383130978498,0.6968241909147566,-363.32525016986153,0.8172208333333333,-255.00945971008758,2.966853185231278,-127.43768136026323,0.2,3,-20,1,400,0.7,1,eq,1,6.5,5,5
5.327510845438027,-94.80383130978498,0.6968241909147566,-363.32525016986153,0.8172208333333333,-255.00945971008758,2.966853185231278,-127.43768136026323,0.2,3,-20,1,400,0.7,1,eq,1,35,5,5
3.7378786914194815,-96.24059247727779,0.6968241909147566,-327.3324346811119,0.8172208333333333,-212.89323084571112,2.966853185231278,-125.1174951224855,0.2,3,-20,1,400,0.7,1,eq,1,6.5,0,5
3.7378786914194815,-97.3964960215078,0.6968241909147566,-328.4883382253419,0.8172208333333333,-214.24578683429309,2.966853185231278,-125.19200753433124,0.2,3,-20,1,400,0.7,1,eq,1,35,0,5
3.7378786914194815,-97.91502633725602,0.6968241909147566,-329.0068685410901,0.8172208333333333,-214.85253407458012,2.966853185231278,-125.2254332857502,0.2,3,-20,1,400,0.7,1,eq,0.5,6.5,0,5
3.7378786914194815,-100.40969001363109,0.6968241909147566,-331.5015322174652,0.8172208333333333,-217.7716118099407,2.966853185231278,-125.38624549926513,0.2,3,-20,1,400,0.7,1,eq,0.5,35,0,5
5.327510845438027,-94.80383130978498,0.6968241909147566,-348.0515354700857,0.8172208333333333,-245.59505767683007,2.966853185231278,-126.91904123925879,0.2,3,-20,1,400,0.7,1,eff,1,6.5,5,5
5.327510845438027,-99.12385130279266,0.6968241909147566,-367.6452701628692,0.8172208333333333,-260.0644393840844,2.966853185231278,-127.71616057333868,0.2,3,-20,1,400,0.7,1,eq,0.5,35,5,5
3.7378786914194815,-96.24059247727779,0.6968241909147566,-313.16890553735317,0.8172208333333333,-205.23042986312348,2.966853185231278,-124.69535083601868,0.2,3,-20,1,400,0.7,1,eff,1,6.5,0,5
5.327510845438027,-97.19987474980884,0.6968241909147566,-350.4475789101096,0.8172208333333333,-248.36765257304884,2.966853185231278,-127.07178370207173,0.2,3,-20,1,400,0.7,1,eff,0.5,6.5,5,5
3.7378786914194815,-97.91502633725602,0.6968241909147566,-314.84333939733136,0.8172208333333333,-207.16801024748426,2.966853185231278,-124.80209228613415,0.2,3,-20,1,400,0.7,1,eff,0.5,6.5,0,5
5.327510845438027,-97.19987474980884,0.6968241909147566,-365.72129360988544,0.8172208333333333,-257.8131390697492,2.966853185231278,-127.5921362685214,0.2,3,-20,1,400,0.7,1,eq,0.5,6.5,5,5
5.327510845438027,-94.80383130978498,0.6968241909147566,-348.0515354700857,0.8172208333333333,-245.59505767683007,2.966853185231278,-126.91904123925879,0.2,3,-20,1,400,0.7,1,eff,1,35,5,5
3.7378786914194815,-97.3964960215078,0.6968241909147566,-314.32480908158317,0.8172208333333333,-206.5679900315806,2.966853185231278,-124.76903712699794,0.2,3,-20,1,400,0.7,1,eff,1,35,0,5
5.327510845438027,-99.12385130279266,0.6968241909147566,-352.3715554630934,0.8172208333333333,-250.59399266308492,2.966853185231278,-127.194432946242,0.2,3,-20,1,400,0.7,1,eff,0.5,35,5,5
3.7378786914194815,-100.40969001363109,0.6968241909147566,-317.3380030737065,0.8172208333333333,-210.05472409369088,2.966853185231278,-124.96112157054473,0.2,3,-20,1,400,0.7,1,eff,0.5,35,0,5
5.327510845438027,-94.80383130978498,0.664380693404857,-375.73048077340303,0.8172208333333333,-268.58735732778354,2.966853185231278,-128.18568876833336,0.2,3,-20,1,400,0.8,0.5,eq,1,6.5,5,5
3.7378786914194815,-96.24059247727779,0.664380693404857,-339.23199218772845,0.8172208333333333,-225.82459221291018,2.966853185231278,-125.82988479955092,0.2,3,-20,1,400,0.8,0.5,eq,1,6.5,0,5
5.327510845438027,-94.80383130978498,0.664380693404857,-375.73048077340303,0.8172208333333333,-268.58735732778354,2.966853185231278,-128.18568876833336,0.2,3,-20,1,400,0.8,0.5,eq,1,35,5,5
3.7378786914194815,-97.91502633725602,0.664380693404857,-326.0017215772819,0.8172208333333333,-219.23228460051345,2.966853185231278,-125.46671407392074,0.2,3,-20,1,400,0.8,0.5,eff,0.5,6.5,0,5
3.7378786914194815,-97.91502633725602,0.664380693404857,-340.90642604770665,0.8172208333333333,-227.78641103460416,2.966853185231278,-125.93796154701475,0.2,3,-20,1,400,0.8,0.5,eq,0.5,6.5,0,5
5.327510845438027,-94.80383130978498,0.664380693404857,-359.73381294510773,0.8172208333333333,-258.3079886958606,2.966853185231278,-127.61939757190089,0.2,3,-20,1,400,0.8,0.5,eff,1,35,5,5
5.327510845438027,-97.19987474980884,0.664380693404857,-362.12985638513163,0.8172208333333333,-261.0835973408213,2.966853185231278,-127.77230606236034,0.2,3,-20,1,400,0.8,0.5,eff,0.5,6.5,5,5
5.327510845438027,-94.80383130978498,0.664380693404857,-359.73381294510773,0.8172208333333333,-258.3079886958606,2.966853185231278,-127.61939757190089,0.2,3,-20,1,400,0.8,0.5,eff,1,6.5,5,5
5.327510845438027,-99.12385130279266,0.664380693404857,-380.05050076641083,0.8172208333333333,-273.64882719761664,2.966853185231278,-128.464525526789,0.2,3,-20,1,400,0.8,0.5,eq,0.5,35,5,5
3.7378786914194815,-97.3964960215078,0.664380693404857,-340.38789573195845,0.8172208333333333,-227.17888477889173,2.966853185231278,-125.90449287957706,0.2,3,-20,1,400,0.8,0.5,eq,1,35,0,5
5.327510845438027,-97.19987474980884,0.664380693404857,-378.126524213427,0.8172208333333333,-271.39463638960365,2.966853185231278,-128.3403419844561,0.2,3,-20,1,400,0.8,0.5,eq,0.5,6.5,5,5
5.327510845438027,-99.12385130279266,0.664380693404857,-364.0538329381154,0.8172208333333333,-263.3123574179103,2.966853185231278,-127.8950886238005,0.2,3,-20,1,400,0.8,0.5,eff,0.5,35,5,5
3.7378786914194815,-96.24059247727779,0.664380693404857,-324.3272877173037,0.8172208333333333,-217.2925981065935,2.966853185231278,-125.35985659807014,0.2,3,-20,1,400,0.8,0.5,eff,1,6.5,0,5
3.7378786914194815,-100.40969001363109,0.664380693404857,-343.4010897240817,0.8172208333333333,-230.70923663367952,2.966853185231278,-126.09898023062583,0.2,3,-20,1,400,0.8,0.5,eq,0.5,35,0,5
3.7378786914194815,-97.3964960215078,0.664380693404857,-325.4831912615337,0.8172208333333333,-218.63161217331515,2.966853185231278,-125.43362298441497,0.2,3,-20,1,400,0.8,0.5,eff,1,35,0,5
3.7378786914194815,-100.40969001363109,0.664380693404857,-328.49638525365697,0.8172208333333333,-222.12213624162717,2.966853185231278,-125.62591621969032,0.2,3,-20,1,400,0.8,0.5,eff,0.5,35,0,5
5.327510845438027,-94.80383130978498,0.6968241909147566,-363.32525016986153,0.8172208333333333,-255.00945971008758,2.966853185231278,-127.43768136026323,0.2,3,-20,1,400,0.8,1,eq,1,6.5,5,5
3.7378786914194815,-97.3964960215078,0.6968241909147566,-328.4883382253419,0.8172208333333333,-214.24578683429309,2.966853185231278,-125.19200753433124,0.2,3,-20,1,400,0.8,1,eq,1,35,0,5
5.327510845438027,-94.80383130978498,0.6968241909147566,-363.32525016986153,0.8172208333333333,-255.00945971008758,2.966853185231278,-127.43768136026323,0.2,3,-20,1,400,0.8,1,eq,1,35,5,5
5.327510845438027,-94.80383130978498,0.6968241909147566,-348.0515354700857,0.8172208333333333,-245.59505767683007,2.966853185231278,-126.91904123925879,0.2,3,-20,1,400,0.8,1,eff,1,6.5,5,5
5.327510845438027,-97.19987474980884,0.6968241909147566,-365.72129360988544,0.8172208333333333,-257.8131390697492,2.966853185231278,-127.5921362685214,0.2,3,-20,1,400,0.8,1,eq,0.5,6.5,5,5
5.327510845438027,-99.12385130279266,0.6968241909147566,-352.3715554630934,0.8172208333333333,-250.59399266308492,2.966853185231278,-127.194432946242,0.2,3,-20,1,400,0.8,1,eff,0.5,35,5,5
3.7378786914194815,-96.24059247727779,0.6968241909147566,-313.16890553735317,0.8172208333333333,-205.23042986312348,2.966853185231278,-124.69535083601868,0.2,3,-20,1,400,0.8,1,eff,1,6.5,0,5
3.7378786914194815,-100.40969001363109,0.6968241909147566,-331.5015322174652,0.8172208333333333,-217.7716118099407,2.966853185231278,-125.38624549926513,0.2,3,-20,1,400,0.8,1,eq,0.5,35,0,5
3.7378786914194815,-97.91502633725602,0.6968241909147566,-329.0068685410901,0.8172208333333333,-214.85253407458012,2.966853185231278,-125.2254332857502,0.2,3,-20,1,400,0.8,1,eq,0.5,6.5,0,5
3.7378786914194815,-97.91502633725602,0.6968241909147566,-314.84333939733136,0.8172208333333333,-207.16801024748426,2.966853185231278,-124.80209228613415,0.2,3,-20,1,400,0.8,1,eff,0.5,6.5,0,5
5.327510845438027,-99.12385130279266,0.6968241909147566,-367.6452701628692,0.8172208333333333,-260.0644393840844,2.966853185231278,-127.71616057333868,0.2,3,-20,1,400,0.8,1,eq,0.5,35,5,5
3.7378786914194815,-100.40969001363109,0.6968241909147566,-317.3380030737065,0.8172208333333333,-210.05472409369088,2.966853185231278,-124.96112157054473,0.2,3,-20,1,400,0.8,1,eff,0.5,35,0,5
5.327510845438027,-97.19987474980884,0.6968241909147566,-350.4475789101096,0.8172208333333333,-248.36765257304884,2.966853185231278,-127.07178370207173,0.2,3,-20,1,400,0.8,1,eff,0.5,6.5,5,5
3.7378786914194815,-97.3964960215078,0.6968241909147566,-314.32480908158317,0.8172208333333333,-206.5679900315806,2.966853185231278,-124.76903712699794,0.2,3,-20,1,400,0.8,1,eff,1,35,0,5
3.7378786914194815,-96.24059247727779,0.6968241909147566,-327.3324346811119,0.8172208333333333,-212.89323084571112,2.966853185231278,-125.1174951224855,0.2,3,-20,1,400,0.8,1,eq,1,6.5,0,5
5.327510845438027,-94.80383130978498,0.6968241909147566,-348.0515354700857,0.8172208333333333,-245.59505767683007,2.966853185231278,-126.91904123925879,0.2,3,-20,1,400,0.8,1,eff,1,35,5,5
5.327510845438027,-94.80383130978498,0.664380693404857,-375.73048077340303,1.0507124999999997,-268.58762997976714,3.013551518564611,-130.36138783115803,0.2,3,-20,1,500,0.7,0.5,eq,1,6.5,5,5
3.7378786914194815,-96.24059247727779,0.664380693404857,-339.23199218772845,1.0507124999999997,-225.82486486343234,3.013551518564611,-127.3794330468775,0.2,3,-20,1,500,0.7,0.5,eq,1,6.5,0,5
5.327510845438027,-94.80383130978498,0.664380693404857,-375.73048077340303,1.0507124999999997,-268.58762997976714,3.013551518564611,-130.36138783115803,0.2,3,-20,1,500,0.7,0.5,eq,1,35,5,5
5.327510845438027,-97.19987474980884,0.664380693404857,-378.126524213427,1.0507124999999997,-271.39490904066463,3.013551518564611,-130.5571464357216,0.2,3,-20,1,500,0.7,0.5,eq,0.5,6.5,5,5
3.7378786914194815,-97.91502633725602,0.664380693404857,-340.90642604770665,1.0507124999999997,-227.7866836830885,3.013551518564611,-127.51623558991353,0.2,3,-20,1,500,0.7,0.5,eq,0.5,6.5,0,5
3.7378786914194815,-97.3964960215078,0.664380693404857,-340.38789573195845,1.0507124999999997,-227.17915742960042,3.013551518564611,-127.47387126166598,0.2,3,-20,1,500,0.7,0.5,eq,1,35,0,5
5.327510845438027,-99.12385130279266,0.664380693404857,-380.05050076641083,1.0507124999999997,-273.6490998491009,3.013551518564611,-130.71433681028245,0.2,3,-20,1,500,0.7,0.5,eq,0.5,35,5,5
3.7378786914194815,-100.40969001363109,0.664380693404857,-343.4010897240817,1.0507124999999997,-230.70950928417443,3.013551518564611,-127.72005154430899,0.2,3,-20,1,500,0.7,0.5,eq,0.5,35,0,5
3.7378786914194815,-97.3964960215078,0.664380693404857,-325.4831912615337,1.0507124999999997,-218.63186098765186,3.013551518564611,-126.87784685939928,0.2,3,-20,1,500,0.7,0.5,eff,1,35,0,5
5.327510845438027,-99.12385130279266,0.664380693404857,-364.0538329381154,1.0507124999999997,-263.31260622959394,3.013551518564611,-129.99354720471047,0.2,3,-20,1,500,0.7,0.5,eff,0.5,35,5,5
3.7378786914194815,-100.40969001363109,0.664380693404857,-328.49638525365697,1.0507124999999997,-222.1223850569603,3.013551518564611,-127.12124985075879,0.2,3,-20,1,500,0.7,0.5,eff,0.5,35,0,5
5.327510845438027,-94.80383130978498,0.664380693404857,-359.73381294510773,1.0507124999999997,-258.3082375076031,3.013551518564611,-129.64458003169798,0.2,3,-20,1,500,0.7,0.5,eff,1,6.5,5,5
3.7378786914194815,-97.91502633725602,0.664380693404857,-326.0017215772819,1.0507124999999997,-219.23253341282313,3.013551518564611,-126.91973325302119,0.2,3,-20,1,500,0.7,0.5,eff,0.5,6.5,0,5
5.327510845438027,-94.80383130978498,0.664380693404857,-359.73381294510773,1.0507124999999997,-258.3082375076031,3.013551518564611,-129.64458003169798,0.2,3,-20,1,500,0.7,0.5,eff,1,35,5,5
5.327510845438027,-97.19987474980884,0.664380693404857,-362.12985638513163,1.0507124999999997,-261.0838461551726,3.013551518564611,-129.83813017896728,0.2,3,-20,1,500,0.7,0.5,eff,0.5,6.5,5,5
3.7378786914194815,-96.24059247727779,0.664380693404857,-324.3272877173037,1.0507124999999997,-217.29284692065994,3.013551518564611,-126.7844740526497,0.2,3,-20,1,500,0.7,0.5,eff,1,6.5,0,5
5.327510845438027,-94.80383130978498,0.6968241909147566,-363.32525016986153,1.0507124999999997,-255.00971706062882,3.013551518564611,-129.41456593412624,0.2,3,-20,1,500,0.7,1,eq,1,6.5,5,5
5.327510845438027,-94.80383130978498,0.6968241909147566,-363.32525016986153,1.0507124999999997,-255.00971706062882,3.013551518564611,-129.41456593412624,0.2,3,-20,1,500,0.7,1,eq,1,35,5,5
5.327510845438027,-97.19987474980884,0.6968241909147566,-365.72129360988544,1.0507124999999997,-257.81339642028775,3.013551518564611,-129.61007352250087,0.2,3,-20,1,500,0.7,1,eq,0.5,6.5,5,5
3.7378786914194815,-96.24059247727779,0.6968241909147566,-327.3324346811119,1.0507124999999997,-212.89348819334475,3.013551518564611,-126.47769574285151,0.2,3,-20,1,500,0.7,1,eq,1,6.5,0,5
3.7378786914194815,-97.3964960215078,0.6968241909147566,-328.4883382253419,1.0507124999999997,-214.24604418481516,3.013551518564611,-126.57201286193398,0.2,3,-20,1,500,0.7,1,eq,1,35,0,5
3.7378786914194815,-97.91502633725602,0.6968241909147566,-329.0068685410901,1.0507124999999997,-214.8527914251054,3.013551518564611,-126.61432286763896,0.2,3,-20,1,500,0.7,1,eq,0.5,6.5,0,5
3.7378786914194815,-100.40969001363109,0.6968241909147566,-331.5015322174652,1.0507124999999997,-217.77186916046415,3.013551518564611,-126.81787747396444,0.2,3,-20,1,500,0.7,1,eq,0.5,35,0,5
5.327510845438027,-99.12385130279266,0.6968241909147566,-367.6452701628692,1.0507124999999997,-260.0646967344605,3.013551518564611,-129.76706233565272,0.2,3,-20,1,500,0.7,1,eq,0.5,35,5,5
3.7378786914194815,-96.24059247727779,0.6968241909147566,-313.16890553735317,1.0507124999999997,-205.23066495438226,3.013551518564611,-125.94334787370987,0.2,3,-20,1,500,0.7,1,eff,1,6.5,0,5
3.7378786914194815,-97.3964960215078,0.6968241909147566,-314.32480908158317,1.0507124999999997,-206.56822512008284,3.013551518564611,-126.03661929627863,0.2,3,-20,1,500,0.7,1,eff,1,35,0,5
5.327510845438027,-94.80383130978498,0.6968241909147566,-348.0515354700857,1.0507124999999997,-245.59529276843801,3.013551518564611,-128.75807453365283,0.2,3,-20,1,500,0.7,1,eff,1,6.5,5,5
5.327510845438027,-94.80383130978498,0.6968241909147566,-348.0515354700857,1.0507124999999997,-245.59529276843801,3.013551518564611,-128.75807453365283,0.2,3,-20,1,500,0.7,1,eff,1,35,5,5
5.327510845438027,-97.19987474980884,0.6968241909147566,-350.4475789101096,1.0507124999999997,-248.36788766117292,3.013551518564611,-128.9514145242443,0.2,3,-20,1,500,0.7,1,eff,0.5,6.5,5,5
3.7378786914194815,-97.91502633725602,0.6968241909147566,-314.84333939733136,1.0507124999999997,-207.16824533883306,3.013551518564611,-126.07846020991221,0.2,3,-20,1,500,0.7,1,eff,0.5,6.5,0,5
3.7378786914194815,-100.40969001363109,0.6968241909147566,-317.3380030737065,1.0507124999999997,-210.0549591850653,3.013551518564611,-126.27975800113789,0.2,3,-20,1,500,0.7,1,eff,0.5,35,0,5
5.327510845438027,-99.12385130279266,0.6968241909147566,-352.3715554630934,1.0507124999999997,-250.59422775119532,3.013551518564611,-129.10666279841033,0.2,3,-20,1,500,0.7,1,eff,0.5,35,5,5
5.327510845438027,-94.80383130978498,0.664380693404857,-375.73048077340303,1.0507124999999997,-268.58762997976714,3.013551518564611,-130.36138783115803,0.2,3,-20,1,500,0.8,0.5,eq,1,6.5,5,5
3.7378786914194815,-97.3964960215078,0.664380693404857,-340.38789573195845,1.0507124999999997,-227.17915742960042,3.013551518564611,-127.47387126166598,0.2,3,-20,1,500,0.8,0.5,eq,1,35,0,5
5.327510845438027,-97.19987474980884,0.664380693404857,-378.126524213427,1.0507124999999997,-271.39490904066463,3.013551518564611,-130.5571464357216,0.2,3,-20,1,500,0.8,0.5,eq,0.5,6.5,5,5
3.7378786914194815,-97.91502633725602,0.664380693404857,-340.90642604770665,1.0507124999999997,-227.7866836830885,3.013551518564611,-127.51623558991353,0.2,3,-20,1,500,0.8,0.5,eq,0.5,6.5,0,5
5.327510845438027,-94.80383130978498,0.664380693404857,-375.73048077340303,1.0507124999999997,-268.58762997976714,3.013551518564611,-130.36138783115803,0.2,3,-20,1,500,0.8,0.5,eq,1,35,5,5
5.327510845438027,-94.80383130978498,0.664380693404857,-359.73381294510773,1.0507124999999997,-258.3082375076031,3.013551518564611,-129.64458003169798,0.2,3,-20,1,500,0.8,0.5,eff,1,6.5,5,5
5.327510845438027,-99.12385130279266,0.664380693404857,-380.05050076641083,1.0507124999999997,-273.6490998491009,3.013551518564611,-130.71433681028245,0.2,3,-20,1,500,0.8,0.5,eq,0.5,35,5,5
3.7378786914194815,-96.24059247727779,0.664380693404857,-339.23199218772845,1.0507124999999997,-225.82486486343234,3.013551518564611,-127.3794330468775,0.2,3,-20,1,500,0.8,0.5,eq,1,6.5,0,5
3.7378786914194815,-100.40969001363109,0.664380693404857,-343.4010897240817,1.0507124999999997,-230.70950928417443,3.013551518564611,-127.72005154430899,0.2,3,-20,1,500,0.8,0.5,eq,0.5,35,0,5
5.327510845438027,-97.19987474980884,0.664380693404857,-362.12985638513163,1.0507124999999997,-261.0838461551726,3.013551518564611,-129.83813017896728,0.2,3,-20,1,500,0.8,0.5,eff,0.5,6.5,5,5
3.7378786914194815,-96.24059247727779,0.664380693404857,-324.3272877173037,1.0507124999999997,-217.29284692065994,3.013551518564611,-126.7844740526497,0.2,3,-20,1,500,0.8,0.5,eff,1,6.5,0,5
3.7378786914194815,-97.3964960215078,0.664380693404857,-325.4831912615337,1.0507124999999997,-218.63186098765186,3.013551518564611,-126.87784685939928,0.2,3,-20,1,500,0.8,0.5,eff,1,35,0,5
5.327510845438027,-94.80383130978498,0.664380693404857,-359.73381294510773,1.0507124999999997,-258.3082375076031,3.013551518564611,-129.64458003169798,0.2,3,-20,1,500,0.8,0.5,eff,1,35,5,5
3.7378786914194815,-97.91502633725602,0.664380693404857,-326.0017215772819,1.0507124999999997,-219.23253341282313,3.013551518564611,-126.91973325302119,0.2,3,-20,1,500,0.8,0.5,eff,0.5,6.5,0,5
5.327510845438027,-94.80383130978498,0.6968241909147566,-363.32525016986153,1.0507124999999997,-255.00971706062882,3.013551518564611,-129.41456593412624,0.2,3,-20,1,500,0.8,1,eq,1,6.5,5,5
5.327510845438027,-99.12385130279266,0.664380693404857,-364.0538329381154,1.0507124999999997,-263.31260622959394,3.013551518564611,-129.99354720471047,0.2,3,-20,1,500,0.8,0.5,eff,0.5,35,5,5
3.7378786914194815,-100.40969001363109,0.664380693404857,-328.49638525365697,1.0507124999999997,-222.1223850569603,3.013551518564611,-127.12124985075879,0.2,3,-20,1,500,0.8,0.5,eff,0.5,35,0,5
3.7378786914194815,-96.24059247727779,0.6968241909147566,-327.3324346811119,1.0507124999999997,-212.89348819334475,3.013551518564611,-126.47769574285151,0.2,3,-20,1,500,0.8,1,eq,1,6.5,0,5
5.327510845438027,-94.80383130978498,0.6968241909147566,-363.32525016986153,1.0507124999999997,-255.00971706062882,3.013551518564611,-129.41456593412624,0.2,3,-20,1,500,0.8,1,eq,1,35,5,5
5.327510845438027,-97.19987474980884,0.6968241909147566,-365.72129360988544,1.0507124999999997,-257.81339642028775,3.013551518564611,-129.61007352250087,0.2,3,-20,1,500,0.8,1,eq,0.5,6.5,5,5
3.7378786914194815,-97.91502633725602,0.6968241909147566,-329.0068685410901,1.0507124999999997,-214.8527914251054,3.013551518564611,-126.61432286763896,0.2,3,-20,1,500,0.8,1,eq,0.5,6.5,0,5
3.7378786914194815,-97.3964960215078,0.6968241909147566,-328.4883382253419,1.0507124999999997,-214.24604418481516,3.013551518564611,-126.57201286193398,0.2,3,-20,1,500,0.8,1,eq,1,35,0,5
5.327510845438027,-99.12385130279266,0.6968241909147566,-367.6452701628692,1.0507124999999997,-260.0646967344605,3.013551518564611,-129.76706233565272,0.2,3,-20,1,500,0.8,1,eq,0.5,35,5,5
3.7378786914194815,-100.40969001363109,0.6968241909147566,-331.5015322174652,1.0507124999999997,-217.77186916046415,3.013551518564611,-126.81787747396444,0.2,3,-20,1,500,0.8,1,eq,0.5,35,0,5
5.327510845438027,-94.80383130978498,0.6968241909147566,-348.0515354700857,1.0507124999999997,-245.59529276843801,3.013551518564611,-128.75807453365283,0.2,3,-20,1,500,0.8,1,eff,1,6.5,5,5
5.327510845438027,-94.80383130978498,0.6968241909147566,-348.0515354700857,1.0507124999999997,-245.59529276843801,3.013551518564611,-128.75807453365283,0.2,3,-20,1,500,0.8,1,eff,1,35,5,5
3.7378786914194815,-96.24059247727779,0.6968241909147566,-313.16890553735317,1.0507124999999997,-205.23066495438226,3.013551518564611,-125.94334787370987,0.2,3,-20,1,500,0.8,1,eff,1,6.5,0,5
3.7378786914194815,-97.3964960215078,0.6968241909147566,-314.32480908158317,1.0507124999999997,-206.56822512008284,3.013551518564611,-126.03661929627863,0.2,3,-20,1,500,0.8,1,eff,1,35,0,5
5.327510845438027,-97.19987474980884,0.6968241909147566,-350.4475789101096,1.0507124999999997,-248.36788766117292,3.013551518564611,-128.9514145242443,0.2,3,-20,1,500,0.8,1,eff,0.5,6.5,5,5
3.7378786914194815,-97.91502633725602,0.6968241909147566,-314.84333939733136,1.0507124999999997,-207.16824533883306,3.013551518564611,-126.07846020991221,0.2,3,-20,1,500,0.8,1,eff,0.5,6.5,0,5
3.7378786914194815,-100.40969001363109,0.6968241909147566,-317.3380030737065,1.0507124999999997,-210.0549591850653,3.013551518564611,-126.27975800113789,0.2,3,-20,1,500,0.8,1,eff,0.5,35,0,5
5.327510845438027,-94.80383130978498,0.664380693404857,-375.73048077340303,1.6344416666666666,-268.58831160602927,3.1302973518979442,-135.5166682501453,0.2,3,-20,2,400,0.7,0.5,eq,1,6.5,5,5
5.327510845438027,-99.12385130279266,0.6968241909147566,-352.3715554630934,1.0507124999999997,-250.59422775119532,3.013551518564611,-129.10666279841033,0.2,3,-20,1,500,0.8,1,eff,0.5,35,5,5
3.7378786914194815,-96.24059247727779,0.664380693404857,-339.23199218772845,1.6344416666666666,-225.82554648969767,3.1302973518979442,-131.0510704342933,0.2,3,-20,2,400,0.7,0.5,eq,1,6.5,0,5
3.7378786914194815,-97.3964960215078,0.664380693404857,-340.38789573195845,1.6344416666666666,-227.17983905587758,3.1302973518979442,-131.19249547799927,0.2,3,-20,2,400,0.7,0.5,eq,1,35,0,5
5.327510845438027,-97.19987474980884,0.664380693404857,-378.126524213427,1.6344416666666666,-271.3955906669262,3.1302973518979442,-135.80982467276493,0.2,3,-20,2,400,0.7,0.5,eq,0.5,6.5,5,5
5.327510845438027,-94.80383130978498,0.664380693404857,-375.73048077340303,1.6344416666666666,-268.58831160602927,3.1302973518979442,-135.5166682501453,0.2,3,-20,2,400,0.7,0.5,eq,1,35,5,5
3.7378786914194815,-97.91502633725602,0.664380693404857,-340.90642604770665,1.6344416666666666,-227.7873653093501,3.1302973518979442,-131.25593777185463,0.2,3,-20,2,400,0.7,0.5,eq,0.5,6.5,0,5
5.327510845438027,-99.12385130279266,0.664380693404857,-380.05050076641083,1.6344416666666666,-273.64978147536544,3.1302973518979442,-136.0452236120827,0.2,3,-20,2,400,0.7,0.5,eq,0.5,35,5,5
3.7378786914194815,-100.40969001363109,0.664380693404857,-343.4010897240817,1.6344416666666666,-230.710190910436,3.1302973518979442,-131.56116040151423,0.2,3,-20,2,400,0.7,0.5,eq,0.5,35,0,5
5.327510845438027,-94.80383130978498,0.664380693404857,-359.73381294510773,1.6344416666666666,-258.30885954335287,3.1302973518979442,-134.4432133752239,0.2,3,-20,2,400,0.7,0.5,eff,1,6.5,5,5
3.7378786914194815,-96.24059247727779,0.664380693404857,-324.3272877173037,1.6344416666666666,-217.2934689535493,3.1302973518979442,-130.16008906986454,0.2,3,-20,2,400,0.7,0.5,eff,1,6.5,0,5
5.327510845438027,-99.12385130279266,0.664380693404857,-364.0538329381154,1.6344416666666666,-263.31322826453294,3.1302973518979442,-134.96580582148476,0.2,3,-20,2,400,0.7,0.5,eff,0.5,35,5,5
5.327510845438027,-97.19987474980884,0.664380693404857,-362.12985638513163,1.6344416666666666,-261.0844681911469,3.1302973518979442,-134.73306254380623,0.2,3,-20,2,400,0.7,0.5,eff,0.5,6.5,5,5
3.7378786914194815,-100.40969001363109,0.664380693404857,-328.49638525365697,1.6344416666666666,-222.12300709167133,3.1302973518979442,-130.66442443972426,0.2,3,-20,2,400,0.7,0.5,eff,0.5,35,0,5
5.327510845438027,-94.80383130978498,0.664380693404857,-359.73381294510773,1.6344416666666666,-258.30885954335287,3.1302973518979442,-134.4432133752239,0.2,3,-20,2,400,0.7,0.5,eff,1,35,5,5
3.7378786914194815,-96.24059247727779,0.6968241909147566,-327.3324346811119,1.6344416666666666,-212.89413156949027,3.1302973518979442,-129.70067838021404,0.2,3,-20,2,400,0.7,1,eq,1,6.5,0,5
5.327510845438027,-94.80383130978498,0.6968241909147566,-363.32525016986153,1.6344416666666666,-255.01036043700248,3.1302973518979442,-134.0987601958087,0.2,3,-20,2,400,0.7,1,eq,1,35,5,5
5.327510845438027,-94.80383130978498,0.6968241909147566,-363.32525016986153,1.6344416666666666,-255.01036043700248,3.1302973518979442,-134.0987601958087,0.2,3,-20,2,400,0.7,1,eq,1,6.5,5,5
3.7378786914194815,-97.3964960215078,0.6968241909147566,-328.4883382253419,1.6344416666666666,-214.2466875609643,3.1302973518979442,-129.84192207820487,0.2,3,-20,2,400,0.7,1,eq,1,35,0,5
3.7378786914194815,-97.3964960215078,0.664380693404857,-325.4831912615337,1.6344416666666666,-218.63248302025784,3.1302973518979442,-130.29991862193913,0.2,3,-20,2,400,0.7,0.5,eff,1,35,0,5
3.7378786914194815,-97.91502633725602,0.664380693404857,-326.0017215772819,1.6344416666666666,-219.23315544749954,3.1302973518979442,-130.36264518959285,0.2,3,-20,2,400,0.7,0.5,eff,0.5,6.5,0,5
5.327510845438027,-97.19987474980884,0.6968241909147566,-365.72129360988544,1.6344416666666666,-257.8140397963646,3.1302973518979442,-134.3915407115086,0.2,3,-20,2,400,0.7,1,eq,0.5,6.5,5,5
3.7378786914194815,-97.91502633725602,0.6968241909147566,-329.0068685410901,1.6344416666666666,-214.85343480152324,3.1302973518979442,-129.90528302188676,0.2,3,-20,2,400,0.7,1,eq,0.5,6.5,0,5
3.7378786914194815,-100.40969001363109,0.6968241909147566,-331.5015322174652,1.6344416666666666,-217.77251253661905,3.1302973518979442,-130.21011427222064,0.2,3,-20,2,400,0.7,1,eq,0.5,35,0,5
5.327510845438027,-99.12385130279266,0.6968241909147566,-367.6452701628692,1.6344416666666666,-260.0653401102196,3.1302973518979442,-134.62663780443586,0.2,3,-20,2,400,0.7,1,eq,0.5,35,5,5
5.327510845438027,-94.80383130978498,0.6968241909147566,-348.0515354700857,1.6344416666666666,-245.5958804929463,3.1302973518979442,-133.11563197757525,0.2,3,-20,2,400,0.7,1,eff,1,6.5,5,5
3.7378786914194815,-96.24059247727779,0.6968241909147566,-313.16890553735317,1.6344416666666666,-205.23125267923675,3.1302973518979442,-128.90046503707865,0.2,3,-20,2,400,0.7,1,eff,1,6.5,0,5
5.327510845438027,-97.19987474980884,0.6968241909147566,-350.4475789101096,1.6344416666666666,-248.36847538830904,3.1302973518979442,-133.40516642828936,0.2,3,-20,2,400,0.7,1,eff,0.5,6.5,5,5
3.7378786914194815,-97.91502633725602,0.6968241909147566,-314.84333939733136,1.6344416666666666,-207.16883306339037,3.1302973518979442,-129.10280122156004,0.2,3,-20,2,400,0.7,1,eff,0.5,6.5,0,5
5.327510845438027,-94.80383130978498,0.6968241909147566,-348.0515354700857,1.6344416666666666,-245.5958804929463,3.1302973518979442,-133.11563197757525,0.2,3,-20,2,400,0.7,1,eff,1,35,5,5
3.7378786914194815,-97.3964960215078,0.6968241909147566,-314.32480908158317,1.6344416666666666,-206.5688128474687,3.1302973518979442,-129.0401427625386,0.2,3,-20,2,400,0.7,1,eff,1,35,0,5
5.327510845438027,-99.12385130279266,0.6968241909147566,-352.3715554630934,1.6344416666666666,-250.59481547904448,3.1302973518979442,-133.63765699384288,0.2,3,-20,2,400,0.7,1,eff,0.5,35,5,5
5.327510845438027,-94.80383130978498,0.664380693404857,-375.73048077340303,1.6344416666666666,-268.58831160602927,3.1302973518979442,-135.5166682501453,0.2,3,-20,2,400,0.8,0.5,eq,1,6.5,5,5
3.7378786914194815,-96.24059247727779,0.664380693404857,-339.23199218772845,1.6344416666666666,-225.82554648969767,3.1302973518979442,-131.0510704342933,0.2,3,-20,2,400,0.8,0.5,eq,1,6.5,0,5
3.7378786914194815,-100.40969001363109,0.6968241909147566,-317.3380030737065,1.6344416666666666,-210.05554690959698,3.1302973518979442,-129.40425280008984,0.2,3,-20,2,400,0.7,1,eff,0.5,35,0,5
5.327510845438027,-97.19987474980884,0.664380693404857,-378.126524213427,1.6344416666666666,-271.3955906669262,3.1302973518979442,-135.80982467276493,0.2,3,-20,2,400,0.8,0.5,eq,0.5,6.5,5,5
3.7378786914194815,-97.91502633725602,0.664380693404857,-340.90642604770665,1.6344416666666666,-227.7873653093501,3.1302973518979442,-131.25593777185463,0.2,3,-20,2,400,0.8,0.5,eq,0.5,6.5,0,5
3.7378786914194815,-97.3964960215078,0.664380693404857,-340.38789573195845,1.6344416666666666,-227.17983905587758,3.1302973518979442,-131.19249547799927,0.2,3,-20,2,400,0.8,0.5,eq,1,35,0,5
5.327510845438027,-94.80383130978498,0.664380693404857,-375.73048077340303,1.6344416666666666,-268.58831160602927,3.1302973518979442,-135.5166682501453,0.2,3,-20,2,400,0.8,0.5,eq,1,35,5,5
5.327510845438027,-94.80383130978498,0.664380693404857,-359.73381294510773,1.6344416666666666,-258.30885954335287,3.1302973518979442,-134.4432133752239,0.2,3,-20,2,400,0.8,0.5,eff,1,6.5,5,5
3.7378786914194815,-100.40969001363109,0.664380693404857,-343.4010897240817,1.6344416666666666,-230.710190910436,3.1302973518979442,-131.56116040151423,0.2,3,-20,2,400,0.8,0.5,eq,0.5,35,0,5
5.327510845438027,-99.12385130279266,0.664380693404857,-380.05050076641083,1.6344416666666666,-273.64978147536544,3.1302973518979442,-136.0452236120827,0.2,3,-20,2,400,0.8,0.5,eq,0.5,35,5,5
3.7378786914194815,-96.24059247727779,0.664380693404857,-324.3272877173037,1.6344416666666666,-217.2934689535493,3.1302973518979442,-130.16008906986454,0.2,3,-20,2,400,0.8,0.5,eff,1,6.5,0,5
5.327510845438027,-94.80383130978498,0.664380693404857,-359.73381294510773,1.6344416666666666,-258.30885954335287,3.1302973518979442,-134.4432133752239,0.2,3,-20,2,400,0.8,0.5,eff,1,35,5,5
3.7378786914194815,-97.3964960215078,0.664380693404857,-325.4831912615337,1.6344416666666666,-218.63248302025784,3.1302973518979442,-130.29991862193913,0.2,3,-20,2,400,0.8,0.5,eff,1,35,0,5
3.7378786914194815,-97.91502633725602,0.664380693404857,-326.0017215772819,1.6344416666666666,-219.23315544749954,3.1302973518979442,-130.36264518959285,0.2,3,-20,2,400,0.8,0.5,eff,0.5,6.5,0,5
5.327510845438027,-97.19987474980884,0.6968241909147566,-365.72129360988544,1.6344416666666666,-257.8140397963646,3.1302973518979442,-134.3915407115086,0.2,3,-20,2,400,0.8,1,eq,0.5,6.5,5,5
3.7378786914194815,-97.91502633725602,0.6968241909147566,-329.0068685410901,1.6344416666666666,-214.85343480152324,3.1302973518979442,-129.90528302188676,0.2,3,-20,2,400,0.8,1,eq,0.5,6.5,0,5
3.7378786914194815,-97.3964960215078,0.6968241909147566,-328.4883382253419,1.6344416666666666,-214.2466875609643,3.1302973518979442,-129.84192207820487,0.2,3,-20,2,400,0.8,1,eq,1,35,0,5
5.327510845438027,-94.80383130978498,0.6968241909147566,-363.32525016986153,1.6344416666666666,-255.01036043700248,3.1302973518979442,-134.0987601958087,0.2,3,-20,2,400,0.8,1,eq,1,6.5,5,5
3.7378786914194815,-100.40969001363109,0.664380693404857,-328.49638525365697,1.6344416666666666,-222.12300709167133,3.1302973518979442,-130.66442443972426,0.2,3,-20,2,400,0.8,0.5,eff,0.5,35,0,5
5.327510845438027,-99.12385130279266,0.664380693404857,-364.0538329381154,1.6344416666666666,-263.31322826453294,3.1302973518979442,-134.96580582148476,0.2,3,-20,2,400,0.8,0.5,eff,0.5,35,5,5
5.327510845438027,-97.19987474980884,0.664380693404857,-362.12985638513163,1.6344416666666666,-261.0844681911469,3.1302973518979442,-134.73306254380623,0.2,3,-20,2,400,0.8,0.5,eff,0.5,6.5,5,5
5.327510845438027,-99.12385130279266,0.6968241909147566,-367.6452701628692,1.6344416666666666,-260.0653401102196,3.1302973518979442,-134.62663780443586,0.2,3,-20,2,400,0.8,1,eq,0.5,35,5,5
3.7378786914194815,-100.40969001363109,0.6968241909147566,-331.5015322174652,1.6344416666666666,-217.77251253661905,3.1302973518979442,-130.21011427222064,0.2,3,-20,2,400,0.8,1,eq,0.5,35,0,5
5.327510845438027,-94.80383130978498,0.6968241909147566,-348.0515354700857,1.6344416666666666,-245.5958804929463,3.1302973518979442,-133.11563197757525,0.2,3,-20,2,400,0.8,1,eff,1,6.5,5,5
5.327510845438027,-94.80383130978498,0.6968241909147566,-363.32525016986153,1.6344416666666666,-255.01036043700248,3.1302973518979442,-134.0987601958087,0.2,3,-20,2,400,0.8,1,eq,1,35,5,5
3.7378786914194815,-96.24059247727779,0.6968241909147566,-327.3324346811119,1.6344416666666666,-212.89413156949027,3.1302973518979442,-129.70067838021404,0.2,3,-20,2,400,0.8,1,eq,1,6.5,0,5
3.7378786914194815,-96.24059247727779,0.6968241909147566,-313.16890553735317,1.6344416666666666,-205.23125267923675,3.1302973518979442,-128.90046503707865,0.2,3,-20,2,400,0.8,1,eff,1,6.5,0,5
5.327510845438027,-94.80383130978498,0.6968241909147566,-348.0515354700857,1.6344416666666666,-245.5958804929463,3.1302973518979442,-133.11563197757525,0.2,3,-20,2,400,0.8,1,eff,1,35,5,5
5.327510845438027,-97.19987474980884,0.6968241909147566,-350.4475789101096,1.6344416666666666,-248.36847538830904,3.1302973518979442,-133.40516642828936,0.2,3,-20,2,400,0.8,1,eff,0.5,6.5,5,5
3.7378786914194815,-97.91502633725602,0.6968241909147566,-314.84333939733136,1.6344416666666666,-207.16883306339037,3.1302973518979442,-129.10280122156004,0.2,3,-20,2,400,0.8,1,eff,0.5,6.5,0,5
3.7378786914194815,-97.3964960215078,0.6968241909147566,-314.32480908158317,1.6344416666666666,-206.5688128474687,3.1302973518979442,-129.0401427625386,0.2,3,-20,2,400,0.8,1,eff,1,35,0,5
5.327510845438027,-97.19987474980884,0.664380693404857,-378.126524213427,2.1014249999999994,-271.3961359694526,3.223694018564611,-139.73807831620854,0.2,3,-20,2,500,0.7,0.5,eq,0.5,6.5,5,5
5.327510845438027,-94.80383130978498,0.664380693404857,-375.73048077340303,2.1014249999999994,-268.5888569051165,3.223694018564611,-139.37208288526492,0.2,3,-20,2,500,0.7,0.5,eq,1,35,5,5
3.7378786914194815,-97.3964960215078,0.664380693404857,-340.38789573195845,2.1014249999999994,-227.18038435566194,3.223694018564611,-133.97350603981218,0.2,3,-20,2,500,0.7,0.5,eq,1,35,0,5
3.7378786914194815,-100.40969001363109,0.6968241909147566,-317.3380030737065,1.6344416666666666,-210.05554690959698,3.1302973518979442,-129.40425280008984,0.2,3,-20,2,400,0.8,1,eff,0.5,35,0,5
3.7378786914194815,-96.24059247727779,0.664380693404857,-339.23199218772845,2.1014249999999994,-225.82609178945316,3.223694018564611,-133.79694187214898,0.2,3,-20,2,500,0.7,0.5,eq,1,6.5,0,5
5.327510845438027,-94.80383130978498,0.664380693404857,-375.73048077340303,2.1014249999999994,-268.5888569051165,3.223694018564611,-139.37208288526492,0.2,3,-20,2,500,0.7,0.5,eq,1,6.5,5,5
5.327510845438027,-99.12385130279266,0.664380693404857,-380.05050076641083,2.1014249999999994,-273.6503267751699,3.223694018564611,-140.03196557018637,0.2,3,-20,2,500,0.7,0.5,eq,0.5,35,5,5
5.327510845438027,-99.12385130279266,0.6968241909147566,-352.3715554630934,1.6344416666666666,-250.59481547904448,3.1302973518979442,-133.63765699384288,0.2,3,-20,2,400,0.8,1,eff,0.5,35,5,5
5.327510845438027,-94.80383130978498,0.664380693404857,-359.73381294510773,2.1014249999999994,-258.30935717250065,3.223694018564611,-138.03190620588956,0.2,3,-20,2,500,0.7,0.5,eff,1,6.5,5,5
3.7378786914194815,-97.91502633725602,0.664380693404857,-340.90642604770665,2.1014249999999994,-227.78791061137025,3.223694018564611,-134.05271150128283,0.2,3,-20,2,500,0.7,0.5,eq,0.5,6.5,0,5
3.7378786914194815,-96.24059247727779,0.664380693404857,-324.3272877173037,2.1014249999999994,-217.29396658298066,3.223694018564611,-132.68457692009338,0.2,3,-20,2,500,0.7,0.5,eff,1,6.5,0,5
3.7378786914194815,-100.40969001363109,0.664380693404857,-343.4010897240817,2.1014249999999994,-230.7107362134769,3.223694018564611,-134.43377116485732,0.2,3,-20,2,500,0.7,0.5,eq,0.5,35,0,5
5.327510845438027,-94.80383130978498,0.6968241909147566,-363.32525016986153,2.1014249999999994,-255.01087513796793,3.223694018564611,-137.60187081360354,0.2,3,-20,2,500,0.7,1,eq,1,35,5,5
5.327510845438027,-94.80383130978498,0.664380693404857,-359.73381294510773,2.1014249999999994,-258.30935717250065,3.223694018564611,-138.03190620588956,0.2,3,-20,2,500,0.7,0.5,eff,1,35,5,5
5.327510845438027,-94.80383130978498,0.6968241909147566,-363.32525016986153,2.1014249999999994,-255.01087513796793,3.223694018564611,-137.60187081360354,0.2,3,-20,2,500,0.7,1,eq,1,6.5,5,5
3.7378786914194815,-97.91502633725602,0.664380693404857,-326.0017215772819,2.1014249999999994,-219.23365307714894,3.223694018564611,-132.93746107519823,0.2,3,-20,2,500,0.7,0.5,eff,0.5,6.5,0,5
3.7378786914194815,-97.3964960215078,0.664380693404857,-325.4831912615337,2.1014249999999994,-218.63298064996695,3.223694018564611,-132.85914917288866,0.2,3,-20,2,500,0.7,0.5,eff,1,35,0,5
5.327510845438027,-97.19987474980884,0.6968241909147566,-365.72129360988544,2.1014249999999994,-257.8145544975142,3.223694018564611,-137.96739693762183,0.2,3,-20,2,500,0.7,1,eq,0.5,6.5,5,5
3.7378786914194815,-96.24059247727779,0.6968241909147566,-327.3324346811119,2.1014249999999994,-212.89464627060045,3.223694018564611,-132.11102114003458,0.2,3,-20,2,500,0.7,1,eq,1,6.5,0,5
5.327510845438027,-97.19987474980884,0.664380693404857,-362.12985638513163,2.1014249999999994,-261.0849658174608,3.223694018564611,-138.39377264626174,0.2,3,-20,2,500,0.7,0.5,eff,0.5,6.5,5,5
3.7378786914194815,-100.40969001363109,0.664380693404857,-328.49638525365697,2.1014249999999994,-222.1235047182154,3.223694018564611,-133.31422180061801,0.2,3,-20,2,500,0.7,0.5,eff,0.5,35,0,5
5.327510845438027,-99.12385130279266,0.664380693404857,-364.0538329381154,2.1014249999999994,-263.31372589454986,3.223694018564611,-138.68434440139887,0.2,3,-20,2,500,0.7,0.5,eff,0.5,35,5,5
3.7378786914194815,-97.91502633725602,0.6968241909147566,-329.0068685410901,2.1014249999999994,-214.85394950243398,3.223694018564611,-132.36646280231668,0.2,3,-20,2,500,0.7,1,eq,0.5,6.5,0,5
3.7378786914194815,-97.3964960215078,0.6968241909147566,-328.4883382253419,2.1014249999999994,-214.2472022610052,3.223694018564611,-132.28735890384024,0.2,3,-20,2,500,0.7,1,eq,1,35,0,5
5.327510845438027,-99.12385130279266,0.6968241909147566,-367.6452701628692,2.1014249999999994,-260.06585481135363,3.223694018564611,-138.26090734740427,0.2,3,-20,2,500,0.7,1,eq,0.5,35,5,5
5.327510845438027,-94.80383130978498,0.6968241909147566,-348.0515354700857,2.1014249999999994,-245.59635067271444,3.223694018564611,-136.37446418254828,0.2,3,-20,2,500,0.7,1,eff,1,6.5,5,5
3.7378786914194815,-100.40969001363109,0.6968241909147566,-331.5015322174652,2.1014249999999994,-217.77302723774866,3.223694018564611,-132.74703384253382,0.2,3,-20,2,500,0.7,1,eq,0.5,35,0,5
3.7378786914194815,-96.24059247727779,0.6968241909147566,-313.16890553735317,2.1014249999999994,-205.231722859026,3.223694018564611,-131.11197726444135,0.2,3,-20,2,500,0.7,1,eff,1,6.5,0,5
5.327510845438027,-94.80383130978498,0.6968241909147566,-348.0515354700857,2.1014249999999994,-245.59635067271444,3.223694018564611,-136.37446418254828,0.2,3,-20,2,500,0.7,1,eff,1,35,5,5
5.327510845438027,-99.12385130279266,0.6968241909147566,-352.3715554630934,2.1014249999999994,-250.59528565898609,3.223694018564611,-137.02619396167935,0.2,3,-20,2,500,0.7,1,eff,0.5,35,5,5
5.327510845438027,-97.19987474980884,0.6968241909147566,-350.4475789101096,2.1014249999999994,-248.3689455689476,3.223694018564611,-136.7359377092704,0.2,3,-20,2,500,0.7,1,eff,0.5,6.5,5,5
3.7378786914194815,-100.40969001363109,0.6968241909147566,-317.3380030737065,2.1014249999999994,-210.05601708964483,3.223694018564611,-131.74093847758363,0.2,3,-20,2,500,0.7,1,eff,0.5,35,0,5
3.7378786914194815,-97.91502633725602,0.6968241909147566,-314.84333939733136,2.1014249999999994,-207.16930324345586,3.223694018564611,-131.36458683817276,0.2,3,-20,2,500,0.7,1,eff,0.5,6.5,0,5
3.7378786914194815,-97.3964960215078,0.6968241909147566,-314.32480908158317,2.1014249999999994,-206.5692830275362,3.223694018564611,-131.28635996707538,0.2,3,-20,2,500,0.7,1,eff,1,35,0,5
3.7378786914194815,-97.3964960215078,0.664380693404857,-340.38789573195845,2.1014249999999994,-227.18038435566194,3.223694018564611,-133.97350603981218,0.2,3,-20,2,500,0.8,0.5,eq,1,35,0,5
3.7378786914194815,-97.91502633725602,0.664380693404857,-340.90642604770665,2.1014249999999994,-227.78791061137025,3.223694018564611,-134.05271150128283,0.2,3,-20,2,500,0.8,0.5,eq,0.5,6.5,0,5
5.327510845438027,-97.19987474980884,0.664380693404857,-378.126524213427,2.1014249999999994,-271.3961359694526,3.223694018564611,-139.73807831620854,0.2,3,-20,2,500,0.8,0.5,eq,0.5,6.5,5,5
3.7378786914194815,-96.24059247727779,0.664380693404857,-339.23199218772845,2.1014249999999994,-225.82609178945316,3.223694018564611,-133.79694187214898,0.2,3,-20,2,500,0.8,0.5,eq,1,6.5,0,5
5.327510845438027,-99.12385130279266,0.664380693404857,-380.05050076641083,2.1014249999999994,-273.6503267751699,3.223694018564611,-140.03196557018637,0.2,3,-20,2,500,0.8,0.5,eq,0.5,35,5,5
5.327510845438027,-94.80383130978498,0.664380693404857,-375.73048077340303,2.1014249999999994,-268.5888569051165,3.223694018564611,-139.37208288526492,0.2,3,-20,2,500,0.8,0.5,eq,1,35,5,5
3.7378786914194815,-100.40969001363109,0.664380693404857,-343.4010897240817,2.1014249999999994,-230.7107362134769,3.223694018564611,-134.43377116485732,0.2,3,-20,2,500,0.8,0.5,eq,0.5,35,0,5
5.327510845438027,-94.80383130978498,0.664380693404857,-375.73048077340303,2.1014249999999994,-268.5888569051165,3.223694018564611,-139.37208288526492,0.2,3,-20,2,500,0.8,0.5,eq,1,6.5,5,5
5.327510845438027,-94.80383130978498,0.664380693404857,-359.73381294510773,2.1014249999999994,-258.30935717250065,3.223694018564611,-138.03190620588956,0.2,3,-20,2,500,0.8,0.5,eff,1,6.5,5,5
3.7378786914194815,-96.24059247727779,0.664380693404857,-324.3272877173037,2.1014249999999994,-217.29396658298066,3.223694018564611,-132.68457692009338,0.2,3,-20,2,500,0.8,0.5,eff,1,6.5,0,5
5.327510845438027,-99.12385130279266,0.664380693404857,-364.0538329381154,2.1014249999999994,-263.31372589454986,3.223694018564611,-138.68434440139887,0.2,3,-20,2,500,0.8,0.5,eff,0.5,35,5,5
5.327510845438027,-94.80383130978498,0.664380693404857,-359.73381294510773,2.1014249999999994,-258.30935717250065,3.223694018564611,-138.03190620588956,0.2,3,-20,2,500,0.8,0.5,eff,1,35,5,5
3.7378786914194815,-97.3964960215078,0.664380693404857,-325.4831912615337,2.1014249999999994,-218.63298064996695,3.223694018564611,-132.85914917288866,0.2,3,-20,2,500,0.8,0.5,eff,1,35,0,5
5.327510845438027,-97.19987474980884,0.664380693404857,-362.12985638513163,2.1014249999999994,-261.0849658174608,3.223694018564611,-138.39377264626174,0.2,3,-20,2,500,0.8,0.5,eff,0.5,6.5,5,5
3.7378786914194815,-97.91502633725602,0.664380693404857,-326.0017215772819,2.1014249999999994,-219.23365307714894,3.223694018564611,-132.93746107519823,0.2,3,-20,2,500,0.8,0.5,eff,0.5,6.5,0,5
3.7378786914194815,-100.40969001363109,0.664380693404857,-328.49638525365697,2.1014249999999994,-222.1235047182154,3.223694018564611,-133.31422180061801,0.2,3,-20,2,500,0.8,0.5,eff,0.5,35,0,5
5.327510845438027,-94.80383130978498,0.6968241909147566,-363.32525016986153,2.1014249999999994,-255.01087513796793,3.223694018564611,-137.60187081360354,0.2,3,-20,2,500,0.8,1,eq,1,6.5,5,5
5.327510845438027,-97.19987474980884,0.6968241909147566,-365.72129360988544,2.1014249999999994,-257.8145544975142,3.223694018564611,-137.96739693762183,0.2,3,-20,2,500,0.8,1,eq,0.5,6.5,5,5
3.7378786914194815,-97.91502633725602,0.6968241909147566,-329.0068685410901,2.1014249999999994,-214.85394950243398,3.223694018564611,-132.36646280231668,0.2,3,-20,2,500,0.8,1,eq,0.5,6.5,0,5
3.7378786914194815,-97.3964960215078,0.6968241909147566,-328.4883382253419,2.1014249999999994,-214.2472022610052,3.223694018564611,-132.28735890384024,0.2,3,-20,2,500,0.8,1,eq,1,35,0,5
3.7378786914194815,-100.40969001363109,0.6968241909147566,-331.5015322174652,2.1014249999999994,-217.77302723774866,3.223694018564611,-132.74703384253382,0.2,3,-20,2,500,0.8,1,eq,0.5,35,0,5
5.327510845438027,-94.80383130978498,0.6968241909147566,-363.32525016986153,2.1014249999999994,-255.01087513796793,3.223694018564611,-137.60187081360354,0.2,3,-20,2,500,0.8,1,eq,1,35,5,5
5.327510845438027,-99.12385130279266,0.6968241909147566,-367.6452701628692,2.1014249999999994,-260.06585481135363,3.223694018564611,-138.26090734740427,0.2,3,-20,2,500,0.8,1,eq,0.5,35,5,5
3.7378786914194815,-96.24059247727779,0.6968241909147566,-327.3324346811119,2.1014249999999994,-212.89464627060045,3.223694018564611,-132.11102114003458,0.2,3,-20,2,500,0.8,1,eq,1,6.5,0,5
5.327510845438027,-94.80383130978498,0.6968241909147566,-348.0515354700857,2.1014249999999994,-245.59635067271444,3.223694018564611,-136.37446418254828,0.2,3,-20,2,500,0.8,1,eff,1,6.5,5,5
3.7378786914194815,-96.24059247727779,0.6968241909147566,-313.16890553735317,2.1014249999999994,-205.231722859026,3.223694018564611,-131.11197726444135,0.2,3,-20,2,500,0.8,1,eff,1,6.5,0,5
5.327510845438027,-94.80383130978498,0.6968241909147566,-348.0515354700857,2.1014249999999994,-245.59635067271444,3.223694018564611,-136.37446418254828,0.2,3,-20,2,500,0.8,1,eff,1,35,5,5
3.7378786914194815,-97.3964960215078,0.6968241909147566,-314.32480908158317,2.1014249999999994,-206.5692830275362,3.223694018564611,-131.28635996707538,0.2,3,-20,2,500,0.8,1,eff,1,35,0,5
5.327510845438027,-97.19987474980884,0.6968241909147566,-350.4475789101096,2.1014249999999994,-248.3689455689476,3.223694018564611,-136.7359377092704,0.2,3,-20,2,500,0.8,1,eff,0.5,6.5,5,5
3.7378786914194815,-97.91502633725602,0.6968241909147566,-314.84333939733136,2.1014249999999994,-207.16930324345586,3.223694018564611,-131.36458683817276,0.2,3,-20,2,500,0.8,1,eff,0.5,6.5,0,5
5.327510845438027,-99.12385130279266,0.6968241909147566,-352.3715554630934,2.1014249999999994,-250.59528565898609,3.223694018564611,-137.02619396167935,0.2,3,-20,2,500,0.8,1,eff,0.5,35,5,5
3.7378786914194815,-100.40969001363109,0.6968241909147566,-317.3380030737065,2.1014249999999994,-210.05601708964483,3.223694018564611,-131.74093847758363,0.2,3,-20,2,500,0.8,1,eff,0.5,35,0,5
5.327510845438027,-94.80383130978498,1.6648435882347152,-234.2743125713414,0.8172208333333333,-125.8600648104781,2.966853185231278,-120.32283141421662,0.2,3,-10,1,400,0.7,0.5,eq,1,6.5,5,5
3.7378786914194815,-96.24059247727779,1.6648435882347152,-197.7758239856668,0.8172208333333333,-84.19397192229935,2.966853185231278,-118.02744320145831,0.2,3,-10,1,400,0.7,0.5,eq,1,6.5,0,5
5.327510845438027,-97.19987474980884,1.6648435882347152,-236.6703560113653,0.8172208333333333,-128.5953498152736,2.966853185231278,-120.47351847228538,0.2,3,-10,1,400,0.7,0.5,eq,0.5,6.5,5,5
5.327510845438027,-94.80383130978498,1.6648435882347152,-234.2743125713414,0.8172208333333333,-125.8600648104781,2.966853185231278,-120.32283141421662,0.2,3,-10,1,400,0.7,0.5,eq,1,35,5,5
5.327510845438027,-99.12385130279266,1.6648435882347152,-238.59433256434912,0.8172208333333333,-130.79173078565262,2.966853185231278,-120.59451726628478,0.2,3,-10,1,400,0.7,0.5,eq,0.5,35,5,5
3.7378786914194815,-100.40969001363109,1.6648435882347152,-201.94492152202008,0.8172208333333333,-88.95334722644021,2.966853185231278,-118.28963754741085,0.2,3,-10,1,400,0.7,0.5,eq,0.5,35,0,5
3.7378786914194815,-97.91502633725602,1.6648435882347152,-199.450257845645,0.8172208333333333,-86.10547893114803,2.966853185231278,-118.13274826734221,0.2,3,-10,1,400,0.7,0.5,eq,0.5,6.5,0,5
3.7378786914194815,-97.3964960215078,1.6648435882347152,-198.9317275298968,0.8172208333333333,-85.51353298720295,2.966853185231278,-118.10013792045982,0.2,3,-10,1,400,0.7,0.5,eq,1,35,0,5
5.327510845438027,-94.80383130978498,1.6648435882347152,-228.1166823134861,0.8172208333333333,-125.3436258337453,2.966853185231278,-120.29438075187626,0.2,3,-10,1,400,0.7,0.5,eff,1,6.5,5,5
3.7378786914194815,-96.24059247727779,1.6648435882347152,-192.71015708568203,0.8172208333333333,-85.22285578383985,2.966853185231278,-118.08412449131222,0.2,3,-10,1,400,0.7,0.5,eff,1,6.5,0,5
5.327510845438027,-94.80383130978498,1.6648435882347152,-228.1166823134861,0.8172208333333333,-125.3436258337453,2.966853185231278,-120.29438075187626,0.2,3,-10,1,400,0.7,0.5,eff,1,35,5,5
5.327510845438027,-97.19987474980884,1.6648435882347152,-230.51272575350998,0.8172208333333333,-128.0586933890145,2.966853185231278,-120.44395402911957,0.2,3,-10,1,400,0.7,0.5,eff,0.5,6.5,5,5
3.7378786914194815,-97.91502633725602,1.6648435882347152,-194.38459094566028,0.8172208333333333,-87.12023417426708,2.966853185231278,-118.18865121053734,0.2,3,-10,1,400,0.7,0.5,eff,0.5,6.5,0,5
3.7378786914194815,-97.3964960215078,1.6648435882347152,-193.86606062991206,0.8172208333333333,-86.53266351004801,2.966853185231278,-118.1562818981463,0.2,3,-10,1,400,0.7,0.5,eff,1,35,0,5
5.327510845438027,-99.12385130279266,1.6648435882347152,-232.4367023064938,0.8172208333333333,-130.23884013797246,2.966853185231278,-120.56405847863138,0.2,3,-10,1,400,0.7,0.5,eff,0.5,35,5,5
3.7378786914194815,-100.40969001363109,1.6648435882347152,-196.87925462203535,0.8172208333333333,-89.94705287739158,2.966853185231278,-118.3443808669794,0.2,3,-10,1,400,0.7,0.5,eff,0.5,35,0,5
5.327510845438027,-94.80383130978498,1.7398467296524174,-226.22702037900632,0.8172208333333333,-117.83586771615798,2.966853185231278,-119.8807777885843,0.2,3,-10,1,400,0.7,1,eq,1,6.5,5,5
3.7378786914194815,-96.24059247727779,1.7398467296524174,-190.23420489025668,0.8172208333333333,-76.8011170887219,2.966853185231278,-117.62017026878446,0.2,3,-10,1,400,0.7,1,eq,1,6.5,0,5
5.327510845438027,-94.80383130978498,1.7398467296524174,-226.22702037900632,0.8172208333333333,-117.83586771615798,2.966853185231278,-119.8807777885843,0.2,3,-10,1,400,0.7,1,eq,1,35,5,5
3.7378786914194815,-97.91502633725602,1.7398467296524174,-191.9086387502349,0.8172208333333333,-78.71010850678304,2.966853185231278,-117.7253367505815,0.2,3,-10,1,400,0.7,1,eq,0.5,6.5,0,5
3.7378786914194815,-97.3964960215078,1.7398467296524174,-191.39010843448668,0.8172208333333333,-78.11894157790334,2.966853185231278,-117.69276931969796,0.2,3,-10,1,400,0.7,1,eq,1,35,0,5
5.327510845438027,-97.19987474980884,1.7398467296524174,-228.62306381903014,0.8172208333333333,-120.56755301813124,2.966853185231278,-120.03126653875196,0.2,3,-10,1,400,0.7,1,eq,0.5,6.5,5,5
5.327510845438027,-94.80383130978498,1.7398467296524174,-220.42979123542017,0.8172208333333333,-117.62289730565,2.966853185231278,-119.86904523254027,0.2,3,-10,1,400,0.7,1,eff,1,6.5,5,5
5.327510845438027,-99.12385130279266,1.7398467296524174,-230.54704037201395,0.8172208333333333,-122.76104349532577,2.966853185231278,-120.15210609526305,0.2,3,-10,1,400,0.7,1,eq,0.5,35,5,5
3.7378786914194815,-100.40969001363109,1.7398467296524174,-194.40330242660997,0.8172208333333333,-81.55422893692479,2.966853185231278,-117.88201956047517,0.2,3,-10,1,400,0.7,1,eq,0.5,35,0,5
3.7378786914194815,-96.24059247727779,1.7398467296524174,-185.54716130268756,0.8172208333333333,-78.14006045044106,2.966853185231278,-117.69393275998542,0.2,3,-10,1,400,0.7,1,eff,1,6.5,0,5
5.327510845438027,-94.80383130978498,1.7398467296524174,-220.42979123542017,0.8172208333333333,-117.62289730565,2.966853185231278,-119.86904523254027,0.2,3,-10,1,400,0.7,1,eff,1,35,5,5
3.7378786914194815,-97.91502633725602,1.7398467296524174,-187.22159516266578,0.8172208333333333,-80.03531316099533,2.966853185231278,-117.79834237534537,0.2,3,-10,1,400,0.7,1,eff,0.5,6.5,0,5
3.7378786914194815,-97.3964960215078,1.7398467296524174,-186.70306484691756,0.8172208333333333,-79.44840076634308,2.966853185231278,-117.7660093270746,0.2,3,-10,1,400,0.7,1,eff,1,35,0,5
5.327510845438027,-99.12385130279266,1.7398467296524174,-224.74981122842786,0.8172208333333333,-122.51262737851378,2.966853185231278,-120.13842083257408,0.2,3,-10,1,400,0.7,1,eff,0.5,35,5,5
5.327510845438027,-97.19987474980884,1.7398467296524174,-222.82583467544404,0.8172208333333333,-120.33492310347262,2.966853185231278,-120.01845093913543,0.2,3,-10,1,400,0.7,1,eff,0.5,6.5,5,5
3.7378786914194815,-100.40969001363109,1.7398467296524174,-189.71625883904088,0.8172208333333333,-82.85896490765322,2.966853185231278,-117.95389756391572,0.2,3,-10,1,400,0.7,1,eff,0.5,35,0,5
5.327510845438027,-94.80383130978498,1.6648435882347152,-234.2743125713414,0.8172208333333333,-125.8600648104781,2.966853185231278,-120.32283141421662,0.2,3,-10,1,400,0.8,0.5,eq,1,6.5,5,5
3.7378786914194815,-96.24059247727779,1.6648435882347152,-197.7758239856668,0.8172208333333333,-84.19397192229935,2.966853185231278,-118.02744320145831,0.2,3,-10,1,400,0.8,0.5,eq,1,6.5,0,5
5.327510845438027,-94.80383130978498,1.6648435882347152,-234.2743125713414,0.8172208333333333,-125.8600648104781,2.966853185231278,-120.32283141421662,0.2,3,-10,1,400,0.8,0.5,eq,1,35,5,5
3.7378786914194815,-97.3964960215078,1.6648435882347152,-198.9317275298968,0.8172208333333333,-85.51353298720295,2.966853185231278,-118.10013792045982,0.2,3,-10,1,400,0.8,0.5,eq,1,35,0,5
5.327510845438027,-97.19987474980884,1.6648435882347152,-236.6703560113653,0.8172208333333333,-128.5953498152736,2.966853185231278,-120.47351847228538,0.2,3,-10,1,400,0.8,0.5,eq,0.5,6.5,5,5
3.7378786914194815,-97.91502633725602,1.6648435882347152,-199.450257845645,0.8172208333333333,-86.10547893114803,2.966853185231278,-118.13274826734221,0.2,3,-10,1,400,0.8,0.5,eq,0.5,6.5,0,5
3.7378786914194815,-100.40969001363109,1.6648435882347152,-201.94492152202008,0.8172208333333333,-88.95334722644021,2.966853185231278,-118.28963754741085,0.2,3,-10,1,400,0.8,0.5,eq,0.5,35,0,5
5.327510845438027,-94.80383130978498,1.6648435882347152,-228.1166823134861,0.8172208333333333,-125.3436258337453,2.966853185231278,-120.29438075187626,0.2,3,-10,1,400,0.8,0.5,eff,1,6.5,5,5
5.327510845438027,-99.12385130279266,1.6648435882347152,-238.59433256434912,0.8172208333333333,-130.79173078565262,2.966853185231278,-120.59451726628478,0.2,3,-10,1,400,0.8,0.5,eq,0.5,35,5,5
3.7378786914194815,-96.24059247727779,1.6648435882347152,-192.71015708568203,0.8172208333333333,-85.22285578383985,2.966853185231278,-118.08412449131222,0.2,3,-10,1,400,0.8,0.5,eff,1,6.5,0,5
5.327510845438027,-94.80383130978498,1.6648435882347152,-228.1166823134861,0.8172208333333333,-125.3436258337453,2.966853185231278,-120.29438075187626,0.2,3,-10,1,400,0.8,0.5,eff,1,35,5,5
3.7378786914194815,-97.3964960215078,1.6648435882347152,-193.86606062991206,0.8172208333333333,-86.53266351004801,2.966853185231278,-118.1562818981463,0.2,3,-10,1,400,0.8,0.5,eff,1,35,0,5
5.327510845438027,-97.19987474980884,1.6648435882347152,-230.51272575350998,0.8172208333333333,-128.0586933890145,2.966853185231278,-120.44395402911957,0.2,3,-10,1,400,0.8,0.5,eff,0.5,6.5,5,5
3.7378786914194815,-97.91502633725602,1.6648435882347152,-194.38459094566028,0.8172208333333333,-87.12023417426708,2.966853185231278,-118.18865121053734,0.2,3,-10,1,400,0.8,0.5,eff,0.5,6.5,0,5
5.327510845438027,-99.12385130279266,1.6648435882347152,-232.4367023064938,0.8172208333333333,-130.23884013797246,2.966853185231278,-120.56405847863138,0.2,3,-10,1,400,0.8,0.5,eff,0.5,35,5,5
5.327510845438027,-97.19987474980884,1.7398467296524174,-228.62306381903014,0.8172208333333333,-120.56755301813124,2.966853185231278,-120.03126653875196,0.2,3,-10,1,400,0.8,1,eq,0.5,6.5,5,5
3.7378786914194815,-100.40969001363109,1.6648435882347152,-196.87925462203535,0.8172208333333333,-89.94705287739158,2.966853185231278,-118.3443808669794,0.2,3,-10,1,400,0.8,0.5,eff,0.5,35,0,5
3.7378786914194815,-96.24059247727779,1.7398467296524174,-190.23420489025668,0.8172208333333333,-76.8011170887219,2.966853185231278,-117.62017026878446,0.2,3,-10,1,400,0.8,1,eq,1,6.5,0,5
5.327510845438027,-94.80383130978498,1.7398467296524174,-226.22702037900632,0.8172208333333333,-117.83586771615798,2.966853185231278,-119.8807777885843,0.2,3,-10,1,400,0.8,1,eq,1,35,5,5
5.327510845438027,-94.80383130978498,1.7398467296524174,-226.22702037900632,0.8172208333333333,-117.83586771615798,2.966853185231278,-119.8807777885843,0.2,3,-10,1,400,0.8,1,eq,1,6.5,5,5
3.7378786914194815,-97.3964960215078,1.7398467296524174,-191.39010843448668,0.8172208333333333,-78.11894157790334,2.966853185231278,-117.69276931969796,0.2,3,-10,1,400,0.8,1,eq,1,35,0,5
3.7378786914194815,-97.91502633725602,1.7398467296524174,-191.9086387502349,0.8172208333333333,-78.71010850678304,2.966853185231278,-117.7253367505815,0.2,3,-10,1,400,0.8,1,eq,0.5,6.5,0,5
5.327510845438027,-99.12385130279266,1.7398467296524174,-230.54704037201395,0.8172208333333333,-122.76104349532577,2.966853185231278,-120.15210609526305,0.2,3,-10,1,400,0.8,1,eq,0.5,35,5,5
5.327510845438027,-94.80383130978498,1.7398467296524174,-220.42979123542017,0.8172208333333333,-117.62289730565,2.966853185231278,-119.86904523254027,0.2,3,-10,1,400,0.8,1,eff,1,6.5,5,5
3.7378786914194815,-100.40969001363109,1.7398467296524174,-194.40330242660997,0.8172208333333333,-81.55422893692479,2.966853185231278,-117.88201956047517,0.2,3,-10,1,400,0.8,1,eq,0.5,35,0,5
3.7378786914194815,-96.24059247727779,1.7398467296524174,-185.54716130268756,0.8172208333333333,-78.14006045044106,2.966853185231278,-117.69393275998542,0.2,3,-10,1,400,0.8,1,eff,1,6.5,0,5
5.327510845438027,-94.80383130978498,1.7398467296524174,-220.42979123542017,0.8172208333333333,-117.62289730565,2.966853185231278,-119.86904523254027,0.2,3,-10,1,400,0.8,1,eff,1,35,5,5
3.7378786914194815,-97.3964960215078,1.7398467296524174,-186.70306484691756,0.8172208333333333,-79.44840076634308,2.966853185231278,-117.7660093270746,0.2,3,-10,1,400,0.8,1,eff,1,35,0,5
5.327510845438027,-97.19987474980884,1.7398467296524174,-222.82583467544404,0.8172208333333333,-120.33492310347262,2.966853185231278,-120.01845093913543,0.2,3,-10,1,400,0.8,1,eff,0.5,6.5,5,5
5.327510845438027,-99.12385130279266,1.7398467296524174,-224.74981122842786,0.8172208333333333,-122.51262737851378,2.966853185231278,-120.13842083257408,0.2,3,-10,1,400,0.8,1,eff,0.5,35,5,5
3.7378786914194815,-97.91502633725602,1.7398467296524174,-187.22159516266578,0.8172208333333333,-80.03531316099533,2.966853185231278,-117.79834237534537,0.2,3,-10,1,400,0.8,1,eff,0.5,6.5,0,5
5.327510845438027,-94.80383130978498,1.6648435882347152,-234.2743125713414,1.0507124999999997,-125.86015226475594,3.013551518564611,-120.40864310422772,0.2,3,-10,1,500,0.7,0.5,eq,1,35,5,5
3.7378786914194815,-100.40969001363109,1.7398467296524174,-189.71625883904088,0.8172208333333333,-82.85896490765322,2.966853185231278,-117.95389756391572,0.2,3,-10,1,400,0.8,1,eff,0.5,35,0,5
3.7378786914194815,-96.24059247727779,1.6648435882347152,-197.7758239856668,1.0507124999999997,-84.19405937792942,3.013551518564611,-117.50316202300814,0.2,3,-10,1,500,0.7,0.5,eq,1,6.5,0,5
5.327510845438027,-94.80383130978498,1.6648435882347152,-234.2743125713414,1.0507124999999997,-125.86015226475594,3.013551518564611,-120.40864310422772,0.2,3,-10,1,500,0.7,0.5,eq,1,6.5,5,5
3.7378786914194815,-100.40969001363109,1.6648435882347152,-201.94492152202008,1.0507124999999997,-88.95343468150986,3.013551518564611,-117.83504519094845,0.2,3,-10,1,500,0.7,0.5,eq,0.5,35,0,5
3.7378786914194815,-97.3964960215078,1.6648435882347152,-198.9317275298968,1.0507124999999997,-85.51362044191585,3.013551518564611,-117.59517832310473,0.2,3,-10,1,500,0.7,0.5,eq,1,35,0,5
5.327510845438027,-97.19987474980884,1.6648435882347152,-236.6703560113653,1.0507124999999997,-128.5954372695986,3.013551518564611,-120.59938138282989,0.2,3,-10,1,500,0.7,0.5,eq,0.5,6.5,5,5
3.7378786914194815,-97.91502633725602,1.6648435882347152,-199.450257845645,1.0507124999999997,-86.10556638681123,3.013551518564611,-117.63645619738661,0.2,3,-10,1,500,0.7,0.5,eq,0.5,6.5,0,5
5.327510845438027,-94.80383130978498,1.6648435882347152,-228.1166823134861,1.0507124999999997,-125.34370746929169,3.013551518564611,-120.37263011431787,0.2,3,-10,1,500,0.7,0.5,eff,1,35,5,5
5.327510845438027,-99.12385130279266,1.6648435882347152,-238.59433256434912,1.0507124999999997,-130.79181824002276,3.013551518564611,-120.7525405325024,0.2,3,-10,1,500,0.7,0.5,eq,0.5,35,5,5
5.327510845438027,-94.80383130978498,1.6648435882347152,-228.1166823134861,1.0507124999999997,-125.34370746929169,3.013551518564611,-120.37263011431787,0.2,3,-10,1,500,0.7,0.5,eff,1,6.5,5,5
3.7378786914194815,-96.24059247727779,1.6648435882347152,-192.71015708568203,1.0507124999999997,-85.22293741880235,3.013551518564611,-117.5749082673886,0.2,3,-10,1,500,0.7,0.5,eff,1,6.5,0,5
3.7378786914194815,-97.3964960215078,1.6648435882347152,-193.86606062991206,1.0507124999999997,-86.53274514529105,3.013551518564611,-117.66624444281749,0.2,3,-10,1,500,0.7,0.5,eff,1,35,0,5
5.327510845438027,-97.19987474980884,1.6648435882347152,-230.51272575350998,1.0507124999999997,-128.05877502323554,3.013551518564611,-120.56195857939966,0.2,3,-10,1,500,0.7,0.5,eff,0.5,6.5,5,5
3.7378786914194815,-97.91502633725602,1.6648435882347152,-194.38459094566028,1.0507124999999997,-87.12031580950912,3.013551518564611,-117.7072172178123,0.2,3,-10,1,500,0.7,0.5,eff,0.5,6.5,0,5
5.327510845438027,-99.12385130279266,1.6648435882347152,-232.4367023064938,1.0507124999999997,-130.2389217717863,3.013551518564611,-120.71398567609437,0.2,3,-10,1,500,0.7,0.5,eff,0.5,35,5,5
5.327510845438027,-94.80383130978498,1.7398467296524174,-226.22702037900632,1.0507124999999997,-117.83595040396105,3.013551518564611,-119.84909539809274,0.2,3,-10,1,500,0.7,1,eq,1,6.5,5,5
3.7378786914194815,-100.40969001363109,1.6648435882347152,-196.87925462203535,1.0507124999999997,-89.947134512221,3.013551518564611,-117.90433837057013,0.2,3,-10,1,500,0.7,0.5,eff,0.5,35,0,5
3.7378786914194815,-96.24059247727779,1.7398467296524174,-190.23420489025668,1.0507124999999997,-76.80119977662207,3.013551518564611,-116.9876393949073,0.2,3,-10,1,500,0.7,1,eq,1,6.5,0,5
5.327510845438027,-94.80383130978498,1.7398467296524174,-226.22702037900632,1.0507124999999997,-117.83595040396105,3.013551518564611,-119.84909539809274,0.2,3,-10,1,500,0.7,1,eq,1,35,5,5
3.7378786914194815,-97.3964960215078,1.7398467296524174,-191.39010843448668,1.0507124999999997,-78.1190242657988,3.013551518564611,-117.07953459929021,0.2,3,-10,1,500,0.7,1,eq,1,35,0,5
5.327510845438027,-99.12385130279266,1.7398467296524174,-230.54704037201395,1.0507124999999997,-122.76112618476922,3.013551518564611,-120.19254024884208,0.2,3,-10,1,500,0.7,1,eq,0.5,35,5,5
5.327510845438027,-94.80383130978498,1.7398467296524174,-220.42979123542017,1.0507124999999997,-117.62297459064273,3.013551518564611,-119.83424406086674,0.2,3,-10,1,500,0.7,1,eff,1,6.5,5,5
3.7378786914194815,-97.91502633725602,1.7398467296524174,-191.9086387502349,1.0507124999999997,-78.71019119522208,3.013551518564611,-117.12075815087087,0.2,3,-10,1,500,0.7,1,eq,0.5,6.5,0,5
5.327510845438027,-94.80383130978498,1.7398467296524174,-220.42979123542017,1.0507124999999997,-117.62297459064273,3.013551518564611,-119.83424406086674,0.2,3,-10,1,500,0.7,1,eff,1,35,5,5
3.7378786914194815,-96.24059247727779,1.7398467296524174,-185.54716130268756,1.0507124999999997,-78.14013773531804,3.013551518564611,-117.08100689443468,0.2,3,-10,1,500,0.7,1,eff,1,6.5,0,5
3.7378786914194815,-100.40969001363109,1.7398467296524174,-194.40330242660997,1.0507124999999997,-81.55431162480917,3.013551518564611,-117.31908579640549,0.2,3,-10,1,500,0.7,1,eq,0.5,35,0,5
5.327510845438027,-97.19987474980884,1.7398467296524174,-228.62306381903014,1.0507124999999997,-120.56763570581099,3.013551518564611,-120.03958266038373,0.2,3,-10,1,500,0.7,1,eq,0.5,6.5,5,5
3.7378786914194815,-97.3964960215078,1.7398467296524174,-186.70306484691756,1.0507124999999997,-79.44847805122853,3.013551518564611,-117.1722407436463,0.2,3,-10,1,500,0.7,1,eff,1,35,0,5
3.7378786914194815,-97.91502633725602,1.7398467296524174,-187.22159516266578,1.0507124999999997,-80.03539044520721,3.013551518564611,-117.21316761580746,0.2,3,-10,1,500,0.7,1,eff,0.5,6.5,0,5
5.327510845438027,-97.19987474980884,1.7398467296524174,-222.82583467544404,1.0507124999999997,-120.33500038811229,3.013551518564611,-120.0233604166463,0.2,3,-10,1,500,0.7,1,eff,0.5,6.5,5,5
5.327510845438027,-99.12385130279266,1.7398467296524174,-224.74981122842786,1.0507124999999997,-122.51270466363296,3.013551518564611,-120.17521719357526,0.2,3,-10,1,500,0.7,1,eff,0.5,35,5,5
3.7378786914194815,-100.40969001363109,1.7398467296524174,-189.71625883904088,1.0507124999999997,-82.85904219189936,3.013551518564611,-117.41006792878505,0.2,3,-10,1,500,0.7,1,eff,0.5,35,0,5
5.327510845438027,-94.80383130978498,1.6648435882347152,-234.2743125713414,1.0507124999999997,-125.86015226475594,3.013551518564611,-120.40864310422772,0.2,3,-10,1,500,0.8,0.5,eq,1,6.5,5,5
3.7378786914194815,-96.24059247727779,1.6648435882347152,-197.7758239856668,1.0507124999999997,-84.19405937792942,3.013551518564611,-117.50316202300814,0.2,3,-10,1,500,0.8,0.5,eq,1,6.5,0,5
5.327510845438027,-94.80383130978498,1.6648435882347152,-234.2743125713414,1.0507124999999997,-125.86015226475594,3.013551518564611,-120.40864310422772,0.2,3,-10,1,500,0.8,0.5,eq,1,35,5,5
5.327510845438027,-97.19987474980884,1.6648435882347152,-236.6703560113653,1.0507124999999997,-128.5954372695986,3.013551518564611,-120.59938138282989,0.2,3,-10,1,500,0.8,0.5,eq,0.5,6.5,5,5
3.7378786914194815,-97.3964960215078,1.6648435882347152,-198.9317275298968,1.0507124999999997,-85.51362044191585,3.013551518564611,-117.59517832310473,0.2,3,-10,1,500,0.8,0.5,eq,1,35,0,5
5.327510845438027,-94.80383130978498,1.6648435882347152,-228.1166823134861,1.0507124999999997,-125.34370746929169,3.013551518564611,-120.37263011431787,0.2,3,-10,1,500,0.8,0.5,eff,1,6.5,5,5
3.7378786914194815,-97.91502633725602,1.6648435882347152,-199.450257845645,1.0507124999999997,-86.10556638681123,3.013551518564611,-117.63645619738661,0.2,3,-10,1,500,0.8,0.5,eq,0.5,6.5,0,5
3.7378786914194815,-96.24059247727779,1.6648435882347152,-192.71015708568203,1.0507124999999997,-85.22293741880235,3.013551518564611,-117.5749082673886,0.2,3,-10,1,500,0.8,0.5,eff,1,6.5,0,5
5.327510845438027,-99.12385130279266,1.6648435882347152,-238.59433256434912,1.0507124999999997,-130.79181824002276,3.013551518564611,-120.7525405325024,0.2,3,-10,1,500,0.8,0.5,eq,0.5,35,5,5
3.7378786914194815,-97.3964960215078,1.6648435882347152,-193.86606062991206,1.0507124999999997,-86.53274514529105,3.013551518564611,-117.66624444281749,0.2,3,-10,1,500,0.8,0.5,eff,1,35,0,5
3.7378786914194815,-100.40969001363109,1.6648435882347152,-201.94492152202008,1.0507124999999997,-88.95343468150986,3.013551518564611,-117.83504519094845,0.2,3,-10,1,500,0.8,0.5,eq,0.5,35,0,5
5.327510845438027,-94.80383130978498,1.6648435882347152,-228.1166823134861,1.0507124999999997,-125.34370746929169,3.013551518564611,-120.37263011431787,0.2,3,-10,1,500,0.8,0.5,eff,1,35,5,5
3.7378786914194815,-97.91502633725602,1.6648435882347152,-194.38459094566028,1.0507124999999997,-87.12031580950912,3.013551518564611,-117.7072172178123,0.2,3,-10,1,500,0.8,0.5,eff,0.5,6.5,0,5
5.327510845438027,-97.19987474980884,1.6648435882347152,-230.51272575350998,1.0507124999999997,-128.05877502323554,3.013551518564611,-120.56195857939966,0.2,3,-10,1,500,0.8,0.5,eff,0.5,6.5,5,5
5.327510845438027,-99.12385130279266,1.6648435882347152,-232.4367023064938,1.0507124999999997,-130.2389217717863,3.013551518564611,-120.71398567609437,0.2,3,-10,1,500,0.8,0.5,eff,0.5,35,5,5
5.327510845438027,-94.80383130978498,1.7398467296524174,-226.22702037900632,1.0507124999999997,-117.83595040396105,3.013551518564611,-119.84909539809274,0.2,3,-10,1,500,0.8,1,eq,1,6.5,5,5
3.7378786914194815,-100.40969001363109,1.6648435882347152,-196.87925462203535,1.0507124999999997,-89.947134512221,3.013551518564611,-117.90433837057013,0.2,3,-10,1,500,0.8,0.5,eff,0.5,35,0,5
3.7378786914194815,-96.24059247727779,1.7398467296524174,-190.23420489025668,1.0507124999999997,-76.80119977662207,3.013551518564611,-116.9876393949073,0.2,3,-10,1,500,0.8,1,eq,1,6.5,0,5
5.327510845438027,-94.80383130978498,1.7398467296524174,-226.22702037900632,1.0507124999999997,-117.83595040396105,3.013551518564611,-119.84909539809274,0.2,3,-10,1,500,0.8,1,eq,1,35,5,5
5.327510845438027,-94.80383130978498,1.7398467296524174,-220.42979123542017,1.0507124999999997,-117.62297459064273,3.013551518564611,-119.83424406086674,0.2,3,-10,1,500,0.8,1,eff,1,6.5,5,5
5.327510845438027,-97.19987474980884,1.7398467296524174,-228.62306381903014,1.0507124999999997,-120.56763570581099,3.013551518564611,-120.03958266038373,0.2,3,-10,1,500,0.8,1,eq,0.5,6.5,5,5
3.7378786914194815,-100.40969001363109,1.7398467296524174,-194.40330242660997,1.0507124999999997,-81.55431162480917,3.013551518564611,-117.31908579640549,0.2,3,-10,1,500,0.8,1,eq,0.5,35,0,5
3.7378786914194815,-97.91502633725602,1.7398467296524174,-191.9086387502349,1.0507124999999997,-78.71019119522208,3.013551518564611,-117.12075815087087,0.2,3,-10,1,500,0.8,1,eq,0.5,6.5,0,5
3.7378786914194815,-97.3964960215078,1.7398467296524174,-191.39010843448668,1.0507124999999997,-78.1190242657988,3.013551518564611,-117.07953459929021,0.2,3,-10,1,500,0.8,1,eq,1,35,0,5
5.327510845438027,-99.12385130279266,1.7398467296524174,-230.54704037201395,1.0507124999999997,-122.76112618476922,3.013551518564611,-120.19254024884208,0.2,3,-10,1,500,0.8,1,eq,0.5,35,5,5
5.327510845438027,-94.80383130978498,1.7398467296524174,-220.42979123542017,1.0507124999999997,-117.62297459064273,3.013551518564611,-119.83424406086674,0.2,3,-10,1,500,0.8,1,eff,1,35,5,5
3.7378786914194815,-96.24059247727779,1.7398467296524174,-185.54716130268756,1.0507124999999997,-78.14013773531804,3.013551518564611,-117.08100689443468,0.2,3,-10,1,500,0.8,1,eff,1,6.5,0,5
3.7378786914194815,-97.3964960215078,1.7398467296524174,-186.70306484691756,1.0507124999999997,-79.44847805122853,3.013551518564611,-117.1722407436463,0.2,3,-10,1,500,0.8,1,eff,1,35,0,5
5.327510845438027,-97.19987474980884,1.7398467296524174,-222.82583467544404,1.0507124999999997,-120.33500038811229,3.013551518564611,-120.0233604166463,0.2,3,-10,1,500,0.8,1,eff,0.5,6.5,5,5
3.7378786914194815,-97.91502633725602,1.7398467296524174,-187.22159516266578,1.0507124999999997,-80.03539044520721,3.013551518564611,-117.21316761580746,0.2,3,-10,1,500,0.8,1,eff,0.5,6.5,0,5
5.327510845438027,-99.12385130279266,1.7398467296524174,-224.74981122842786,1.0507124999999997,-122.51270466363296,3.013551518564611,-120.17521719357526,0.2,3,-10,1,500,0.8,1,eff,0.5,35,5,5
5.327510845438027,-94.80383130978498,1.6648435882347152,-234.2743125713414,1.6344416666666666,-125.86037090295224,3.1302973518979442,-120.61198239714166,0.2,3,-10,2,400,0.7,0.5,eq,1,6.5,5,5
5.327510845438027,-94.80383130978498,1.6648435882347152,-234.2743125713414,1.6344416666666666,-125.86037090295224,3.1302973518979442,-120.61198239714166,0.2,3,-10,2,400,0.7,0.5,eq,1,35,5,5
3.7378786914194815,-96.24059247727779,1.6648435882347152,-197.7758239856668,1.6344416666666666,-84.19427801573259,3.1302973518979442,-116.26090704254099,0.2,3,-10,2,400,0.7,0.5,eq,1,6.5,0,5
3.7378786914194815,-97.3964960215078,1.6648435882347152,-198.9317275298968,1.6344416666666666,-85.51383907977787,3.1302973518979442,-116.3987051711104,0.2,3,-10,2,400,0.7,0.5,eq,1,35,0,5
3.7378786914194815,-100.40969001363109,1.7398467296524174,-189.71625883904088,1.0507124999999997,-82.85904219189936,3.013551518564611,-117.41006792878505,0.2,3,-10,1,500,0.8,1,eff,0.5,35,0,5
3.7378786914194815,-97.91502633725602,1.6648435882347152,-199.450257845645,1.6344416666666666,-86.10578502372081,3.1302973518979442,-116.4605204561413,0.2,3,-10,2,400,0.7,0.5,eq,0.5,6.5,0,5
5.327510845438027,-99.12385130279266,1.6648435882347152,-238.59433256434912,1.6344416666666666,-130.7920368781171,3.1302973518979442,-121.12698269581979,0.2,3,-10,2,400,0.7,0.5,eq,0.5,35,5,5
5.327510845438027,-97.19987474980884,1.6648435882347152,-236.6703560113653,1.6344416666666666,-128.5956559077153,3.1302973518979442,-120.89762067871158,0.2,3,-10,2,400,0.7,0.5,eq,0.5,6.5,5,5
3.7378786914194815,-100.40969001363109,1.6648435882347152,-201.94492152202008,1.6344416666666666,-88.95365331900301,3.1302973518979442,-116.75791550074722,0.2,3,-10,2,400,0.7,0.5,eq,0.5,35,0,5
5.327510845438027,-94.80383130978498,1.6648435882347152,-228.1166823134861,1.6344416666666666,-125.3439115570836,3.1302973518979442,-120.55804996969898,0.2,3,-10,2,400,0.7,0.5,eff,1,6.5,5,5
3.7378786914194815,-96.24059247727779,1.6648435882347152,-192.71015708568203,1.6344416666666666,-85.2231415072424,3.1302973518979442,-116.36834842403255,0.2,3,-10,2,400,0.7,0.5,eff,1,6.5,0,5
5.327510845438027,-94.80383130978498,1.6648435882347152,-228.1166823134861,1.6344416666666666,-125.3439115570836,3.1302973518979442,-120.55804996969898,0.2,3,-10,2,400,0.7,0.5,eff,1,35,5,5
3.7378786914194815,-97.3964960215078,1.6648435882347152,-193.86606062991206,1.6344416666666666,-86.53294923344778,3.1302973518979442,-116.50512803838664,0.2,3,-10,2,400,0.7,0.5,eff,1,35,0,5
5.327510845438027,-97.19987474980884,1.6648435882347152,-230.51272575350998,1.6344416666666666,-128.05897911240177,3.1302973518979442,-120.84157699869114,0.2,3,-10,2,400,0.7,0.5,eff,0.5,6.5,5,5
3.7378786914194815,-97.91502633725602,1.6648435882347152,-194.38459094566028,1.6344416666666666,-87.12051989765834,3.1302973518979442,-116.56648642500222,0.2,3,-10,2,400,0.7,0.5,eff,0.5,6.5,0,5
5.327510845438027,-99.12385130279266,1.6648435882347152,-232.4367023064938,1.6344416666666666,-130.23912586112195,3.1302973518979442,-121.06924372072925,0.2,3,-10,2,400,0.7,0.5,eff,0.5,35,5,5
3.7378786914194815,-100.40969001363109,1.6648435882347152,-196.87925462203535,1.6344416666666666,-89.94733860065759,3.1302973518979442,-116.8616833186451,0.2,3,-10,2,400,0.7,0.5,eff,0.5,35,0,5
3.7378786914194815,-97.3964960215078,1.7398467296524174,-191.39010843448668,1.6344416666666666,-78.11923098562873,3.1302973518979442,-115.62650660854135,0.2,3,-10,2,400,0.7,1,eq,1,35,0,5
5.327510845438027,-94.80383130978498,1.7398467296524174,-226.22702037900632,1.6344416666666666,-117.83615712459422,3.1302973518979442,-119.7740358465601,0.2,3,-10,2,400,0.7,1,eq,1,6.5,5,5
5.327510845438027,-94.80383130978498,1.7398467296524174,-226.22702037900632,1.6344416666666666,-117.83615712459422,3.1302973518979442,-119.7740358465601,0.2,3,-10,2,400,0.7,1,eq,1,35,5,5
3.7378786914194815,-97.91502633725602,1.7398467296524174,-191.9086387502349,1.6344416666666666,-78.71039791506361,3.1302973518979442,-115.68824054323201,0.2,3,-10,2,400,0.7,1,eq,0.5,6.5,0,5
5.327510845438027,-99.12385130279266,1.7398467296524174,-230.54704037201395,1.6344416666666666,-122.76133290376374,3.1302973518979442,-120.28835839194075,0.2,3,-10,2,400,0.7,1,eq,0.5,35,5,5
3.7378786914194815,-96.24059247727779,1.7398467296524174,-190.23420489025668,1.6344416666666666,-76.80140649639185,3.1302973518979442,-115.48888982569761,0.2,3,-10,2,400,0.7,1,eq,1,6.5,0,5
3.7378786914194815,-100.40969001363109,1.7398467296524174,-194.40330242660997,1.6344416666666666,-81.55451834457111,3.1302973518979442,-115.98524420853474,0.2,3,-10,2,400,0.7,1,eq,0.5,35,0,5
5.327510845438027,-94.80383130978498,1.7398467296524174,-220.42979123542017,1.6344416666666666,-117.62316780275468,3.1302973518979442,-119.7517939581364,0.2,3,-10,2,400,0.7,1,eff,1,6.5,5,5
5.327510845438027,-97.19987474980884,1.7398467296524174,-228.62306381903014,1.6344416666666666,-120.56784242645652,3.1302973518979442,-120.05929822106754,0.2,3,-10,2,400,0.7,1,eq,0.5,6.5,5,5
3.7378786914194815,-96.24059247727779,1.7398467296524174,-185.54716130268756,1.6344416666666666,-78.1403309469193,3.1302973518979442,-115.62871001940111,0.2,3,-10,2,400,0.7,1,eff,1,6.5,0,5
5.327510845438027,-94.80383130978498,1.7398467296524174,-220.42979123542017,1.6344416666666666,-117.62316780275468,3.1302973518979442,-119.7517939581364,0.2,3,-10,2,400,0.7,1,eff,1,35,5,5
3.7378786914194815,-97.3964960215078,1.7398467296524174,-186.70306484691756,1.6344416666666666,-79.44867126214342,3.1302973518979442,-115.76533639606701,0.2,3,-10,2,400,0.7,1,eff,1,35,0,5
5.327510845438027,-97.19987474980884,1.7398467296524174,-222.82583467544404,1.6344416666666666,-120.3351935985184,3.1302973518979442,-120.03500334455353,0.2,3,-10,2,400,0.7,1,eff,0.5,6.5,5,5
5.327510845438027,-99.12385130279266,1.7398467296524174,-224.74981122842786,1.6344416666666666,-122.51289787402844,3.1302973518979442,-120.26241500583946,0.2,3,-10,2,400,0.7,1,eff,0.5,35,5,5
3.7378786914194815,-97.91502633725602,1.7398467296524174,-187.22159516266578,1.6344416666666666,-80.0355836570111,3.1302973518979442,-115.82662604142746,0.2,3,-10,2,400,0.7,1,eff,0.5,6.5,0,5
5.327510845438027,-94.80383130978498,1.6648435882347152,-234.2743125713414,1.6344416666666666,-125.86037090295224,3.1302973518979442,-120.61198239714166,0.2,3,-10,2,400,0.8,0.5,eq,1,6.5,5,5
3.7378786914194815,-100.40969001363109,1.7398467296524174,-189.71625883904088,1.6344416666666666,-82.85923540426637,3.1302973518979442,-116.12149221860213,0.2,3,-10,2,400,0.7,1,eff,0.5,35,0,5
3.7378786914194815,-96.24059247727779,1.6648435882347152,-197.7758239856668,1.6344416666666666,-84.19427801573259,3.1302973518979442,-116.26090704254099,0.2,3,-10,2,400,0.8,0.5,eq,1,6.5,0,5
5.327510845438027,-97.19987474980884,1.6648435882347152,-236.6703560113653,1.6344416666666666,-128.5956559077153,3.1302973518979442,-120.89762067871158,0.2,3,-10,2,400,0.8,0.5,eq,0.5,6.5,5,5
3.7378786914194815,-97.91502633725602,1.6648435882347152,-199.450257845645,1.6344416666666666,-86.10578502372081,3.1302973518979442,-116.4605204561413,0.2,3,-10,2,400,0.8,0.5,eq,0.5,6.5,0,5
3.7378786914194815,-96.24059247727779,1.6648435882347152,-192.71015708568203,1.6344416666666666,-85.2231415072424,3.1302973518979442,-116.36834842403255,0.2,3,-10,2,400,0.8,0.5,eff,1,6.5,0,5
5.327510845438027,-94.80383130978498,1.6648435882347152,-234.2743125713414,1.6344416666666666,-125.86037090295224,3.1302973518979442,-120.61198239714166,0.2,3,-10,2,400,0.8,0.5,eq,1,35,5,5
5.327510845438027,-99.12385130279266,1.6648435882347152,-238.59433256434912,1.6344416666666666,-130.7920368781171,3.1302973518979442,-121.12698269581979,0.2,3,-10,2,400,0.8,0.5,eq,0.5,35,5,5
5.327510845438027,-94.80383130978498,1.6648435882347152,-228.1166823134861,1.6344416666666666,-125.3439115570836,3.1302973518979442,-120.55804996969898,0.2,3,-10,2,400,0.8,0.5,eff,1,6.5,5,5
3.7378786914194815,-100.40969001363109,1.6648435882347152,-201.94492152202008,1.6344416666666666,-88.95365331900301,3.1302973518979442,-116.75791550074722,0.2,3,-10,2,400,0.8,0.5,eq,0.5,35,0,5
3.7378786914194815,-97.3964960215078,1.6648435882347152,-198.9317275298968,1.6344416666666666,-85.51383907977787,3.1302973518979442,-116.3987051711104,0.2,3,-10,2,400,0.8,0.5,eq,1,35,0,5
5.327510845438027,-94.80383130978498,1.6648435882347152,-228.1166823134861,1.6344416666666666,-125.3439115570836,3.1302973518979442,-120.55804996969898,0.2,3,-10,2,400,0.8,0.5,eff,1,35,5,5
3.7378786914194815,-97.3964960215078,1.6648435882347152,-193.86606062991206,1.6344416666666666,-86.53294923344778,3.1302973518979442,-116.50512803838664,0.2,3,-10,2,400,0.8,0.5,eff,1,35,0,5
5.327510845438027,-97.19987474980884,1.6648435882347152,-230.51272575350998,1.6344416666666666,-128.05897911240177,3.1302973518979442,-120.84157699869114,0.2,3,-10,2,400,0.8,0.5,eff,0.5,6.5,5,5
5.327510845438027,-99.12385130279266,1.6648435882347152,-232.4367023064938,1.6344416666666666,-130.23912586112195,3.1302973518979442,-121.06924372072925,0.2,3,-10,2,400,0.8,0.5,eff,0.5,35,5,5
3.7378786914194815,-97.91502633725602,1.6648435882347152,-194.38459094566028,1.6344416666666666,-87.12051989765834,3.1302973518979442,-116.56648642500222,0.2,3,-10,2,400,0.8,0.5,eff,0.5,6.5,0,5
5.327510845438027,-94.80383130978498,1.7398467296524174,-226.22702037900632,1.6344416666666666,-117.83615712459422,3.1302973518979442,-119.7740358465601,0.2,3,-10,2,400,0.8,1,eq,1,6.5,5,5
3.7378786914194815,-96.24059247727779,1.7398467296524174,-190.23420489025668,1.6344416666666666,-76.80140649639185,3.1302973518979442,-115.48888982569761,0.2,3,-10,2,400,0.8,1,eq,1,6.5,0,5
3.7378786914194815,-100.40969001363109,1.6648435882347152,-196.87925462203535,1.6344416666666666,-89.94733860065759,3.1302973518979442,-116.8616833186451,0.2,3,-10,2,400,0.8,0.5,eff,0.5,35,0,5
5.327510845438027,-94.80383130978498,1.7398467296524174,-226.22702037900632,1.6344416666666666,-117.83615712459422,3.1302973518979442,-119.7740358465601,0.2,3,-10,2,400,0.8,1,eq,1,35,5,5
3.7378786914194815,-97.91502633725602,1.7398467296524174,-191.9086387502349,1.6344416666666666,-78.71039791506361,3.1302973518979442,-115.68824054323201,0.2,3,-10,2,400,0.8,1,eq,0.5,6.5,0,5
3.7378786914194815,-97.3964960215078,1.7398467296524174,-191.39010843448668,1.6344416666666666,-78.11923098562873,3.1302973518979442,-115.62650660854135,0.2,3,-10,2,400,0.8,1,eq,1,35,0,5
5.327510845438027,-99.12385130279266,1.7398467296524174,-230.54704037201395,1.6344416666666666,-122.76133290376374,3.1302973518979442,-120.28835839194075,0.2,3,-10,2,400,0.8,1,eq,0.5,35,5,5
3.7378786914194815,-96.24059247727779,1.7398467296524174,-185.54716130268756,1.6344416666666666,-78.1403309469193,3.1302973518979442,-115.62871001940111,0.2,3,-10,2,400,0.8,1,eff,1,6.5,0,5
5.327510845438027,-97.19987474980884,1.7398467296524174,-228.62306381903014,1.6344416666666666,-120.56784242645652,3.1302973518979442,-120.05929822106754,0.2,3,-10,2,400,0.8,1,eq,0.5,6.5,5,5
3.7378786914194815,-100.40969001363109,1.7398467296524174,-194.40330242660997,1.6344416666666666,-81.55451834457111,3.1302973518979442,-115.98524420853474,0.2,3,-10,2,400,0.8,1,eq,0.5,35,0,5
5.327510845438027,-94.80383130978498,1.7398467296524174,-220.42979123542017,1.6344416666666666,-117.62316780275468,3.1302973518979442,-119.7517939581364,0.2,3,-10,2,400,0.8,1,eff,1,6.5,5,5
3.7378786914194815,-97.3964960215078,1.7398467296524174,-186.70306484691756,1.6344416666666666,-79.44867126214342,3.1302973518979442,-115.76533639606701,0.2,3,-10,2,400,0.8,1,eff,1,35,0,5
5.327510845438027,-94.80383130978498,1.7398467296524174,-220.42979123542017,1.6344416666666666,-117.62316780275468,3.1302973518979442,-119.7517939581364,0.2,3,-10,2,400,0.8,1,eff,1,35,5,5
5.327510845438027,-97.19987474980884,1.7398467296524174,-222.82583467544404,1.6344416666666666,-120.3351935985184,3.1302973518979442,-120.03500334455353,0.2,3,-10,2,400,0.8,1,eff,0.5,6.5,5,5
5.327510845438027,-99.12385130279266,1.7398467296524174,-224.74981122842786,1.6344416666666666,-122.51289787402844,3.1302973518979442,-120.26241500583946,0.2,3,-10,2,400,0.8,1,eff,0.5,35,5,5
3.7378786914194815,-97.91502633725602,1.7398467296524174,-187.22159516266578,1.6344416666666666,-80.0355836570111,3.1302973518979442,-115.82662604142746,0.2,3,-10,2,400,0.8,1,eff,0.5,6.5,0,5
5.327510845438027,-94.80383130978498,1.6648435882347152,-234.2743125713414,2.1014249999999994,-125.86054581329579,3.223694018564611,-120.76406119282923,0.2,3,-10,2,500,0.7,0.5,eq,1,6.5,5,5
3.7378786914194815,-100.40969001363109,1.7398467296524174,-189.71625883904088,1.6344416666666666,-82.85923540426637,3.1302973518979442,-116.12149221860213,0.2,3,-10,2,400,0.8,1,eff,0.5,35,0,5
5.327510845438027,-94.80383130978498,1.6648435882347152,-234.2743125713414,2.1014249999999994,-125.86054581329579,3.223694018564611,-120.76406119282923,0.2,3,-10,2,500,0.7,0.5,eq,1,35,5,5
3.7378786914194815,-97.3964960215078,1.6648435882347152,-198.9317275298968,2.1014249999999994,-85.51401399011056,3.223694018564611,-115.50393351642596,0.2,3,-10,2,500,0.7,0.5,eq,1,35,0,5
3.7378786914194815,-97.91502633725602,1.6648435882347152,-199.450257845645,2.1014249999999994,-86.10595993404593,3.223694018564611,-115.58110771460173,0.2,3,-10,2,500,0.7,0.5,eq,0.5,6.5,0,5
5.327510845438027,-99.12385130279266,1.6648435882347152,-238.59433256434912,2.1014249999999994,-130.79221178836755,3.223694018564611,-121.40702086034005,0.2,3,-10,2,500,0.7,0.5,eq,0.5,35,5,5
3.7378786914194815,-96.24059247727779,1.6648435882347152,-192.71015708568203,2.1014249999999994,-85.22330477725733,3.223694018564611,-115.46603267322541,0.2,3,-10,2,500,0.7,0.5,eff,1,6.5,0,5
5.327510845438027,-97.19987474980884,1.6648435882347152,-236.6703560113653,2.1014249999999994,-128.59583081814702,3.223694018564611,-121.12067049000308,0.2,3,-10,2,500,0.7,0.5,eq,0.5,6.5,5,5
3.7378786914194815,-96.24059247727779,1.6648435882347152,-197.7758239856668,2.1014249999999994,-84.19445292520054,3.223694018564611,-115.33189742398919,0.2,3,-10,2,500,0.7,0.5,eq,1,6.5,0,5
3.7378786914194815,-100.40969001363109,1.6648435882347152,-201.94492152202008,2.1014249999999994,-88.95382822932953,3.223694018564611,-115.9523949148108,0.2,3,-10,2,500,0.7,0.5,eq,0.5,35,0,5
5.327510845438027,-94.80383130978498,1.6648435882347152,-228.1166823134861,2.1014249999999994,-125.34407482673085,3.223694018564611,-120.6967269460495,0.2,3,-10,2,500,0.7,0.5,eff,1,6.5,5,5
5.327510845438027,-94.80383130978498,1.6648435882347152,-228.1166823134861,2.1014249999999994,-125.34407482673085,3.223694018564611,-120.6967269460495,0.2,3,-10,2,500,0.7,0.5,eff,1,35,5,5
3.7378786914194815,-97.3964960215078,1.6648435882347152,-193.86606062991206,2.1014249999999994,-86.53311250344443,3.223694018564611,-115.63679718655406,0.2,3,-10,2,500,0.7,0.5,eff,1,35,0,5
5.327510845438027,-97.19987474980884,1.6648435882347152,-230.51272575350998,2.1014249999999994,-128.05914238207347,3.223694018564611,-121.05070041900501,0.2,3,-10,2,500,0.7,0.5,eff,0.5,6.5,5,5
3.7378786914194815,-97.91502633725602,1.6648435882347152,-194.38459094566028,2.1014249999999994,-87.12068316865346,3.223694018564611,-115.71340096334093,0.2,3,-10,2,500,0.7,0.5,eff,0.5,6.5,0,5
3.7378786914194815,-100.40969001363109,1.6648435882347152,-196.87925462203535,2.1014249999999994,-89.94750187073807,3.223694018564611,-116.0819438496583,0.2,3,-10,2,500,0.7,0.5,eff,0.5,35,0,5
5.327510845438027,-94.80383130978498,1.7398467296524174,-226.22702037900632,2.1014249999999994,-117.83632250056593,3.223694018564611,-119.71791330299564,0.2,3,-10,2,500,0.7,1,eq,1,6.5,5,5
5.327510845438027,-99.12385130279266,1.6648435882347152,-232.4367023064938,2.1014249999999994,-130.23928913092357,3.223694018564611,-121.33493427341658,0.2,3,-10,2,500,0.7,0.5,eff,0.5,35,5,5
5.327510845438027,-97.19987474980884,1.7398467296524174,-228.62306381903014,2.1014249999999994,-120.56800780193346,3.223694018564611,-120.07405329341458,0.2,3,-10,2,500,0.7,1,eq,0.5,6.5,5,5
3.7378786914194815,-100.40969001363109,1.7398467296524174,-194.40330242660997,2.1014249999999994,-81.55468372098149,3.223694018564611,-114.98774087761521,0.2,3,-10,2,500,0.7,1,eq,0.5,35,0,5
3.7378786914194815,-97.91502633725602,1.7398467296524174,-191.9086387502349,2.1014249999999994,-78.71056329138804,3.223694018564611,-114.61694230062002,0.2,3,-10,2,500,0.7,1,eq,0.5,6.5,0,5
5.327510845438027,-99.12385130279266,1.7398467296524174,-230.54704037201395,2.1014249999999994,-122.76149828100306,3.223694018564611,-120.36002681965086,0.2,3,-10,2,500,0.7,1,eq,0.5,35,5,5
3.7378786914194815,-96.24059247727779,1.7398467296524174,-190.23420489025668,2.1014249999999994,-76.80157187275415,3.223694018564611,-114.36805997687594,0.2,3,-10,2,500,0.7,1,eq,1,6.5,0,5
5.327510845438027,-94.80383130978498,1.7398467296524174,-226.22702037900632,2.1014249999999994,-117.83632250056593,3.223694018564611,-119.71791330299564,0.2,3,-10,2,500,0.7,1,eq,1,35,5,5
3.7378786914194815,-96.24059247727779,1.7398467296524174,-185.54716130268756,2.1014249999999994,-78.14048551547519,3.223694018564611,-114.5426191369855,0.2,3,-10,2,500,0.7,1,eff,1,6.5,0,5
5.327510845438027,-94.80383130978498,1.7398467296524174,-220.42979123542017,2.1014249999999994,-117.62332237072127,3.223694018564611,-119.69014368247444,0.2,3,-10,2,500,0.7,1,eff,1,6.5,5,5
3.7378786914194815,-97.3964960215078,1.7398467296524174,-191.39010843448668,2.1014249999999994,-78.11939636193055,3.223694018564611,-114.53986966546425,0.2,3,-10,2,500,0.7,1,eq,1,35,0,5
5.327510845438027,-94.80383130978498,1.7398467296524174,-220.42979123542017,2.1014249999999994,-117.62332237072127,3.223694018564611,-119.69014368247444,0.2,3,-10,2,500,0.7,1,eff,1,35,5,5
3.7378786914194815,-97.3964960215078,1.7398467296524174,-186.70306484691756,2.1014249999999994,-79.44882583141194,3.223694018564611,-114.71319233857258,0.2,3,-10,2,500,0.7,1,eff,1,35,0,5
3.7378786914194815,-97.91502633725602,1.7398467296524174,-187.22159516266578,2.1014249999999994,-80.03573822607284,3.223694018564611,-114.78971029417562,0.2,3,-10,2,500,0.7,1,eff,0.5,6.5,0,5
5.327510845438027,-97.19987474980884,1.7398467296524174,-222.82583467544404,2.1014249999999994,-120.33534816854596,3.223694018564611,-120.04372059016943,0.2,3,-10,2,500,0.7,1,eff,0.5,6.5,5,5
5.327510845438027,-99.12385130279266,1.7398467296524174,-224.74981122842786,2.1014249999999994,-122.51305244359236,3.223694018564611,-120.32763601017105,0.2,3,-10,2,500,0.7,1,eff,0.5,35,5,5
5.327510845438027,-94.80383130978498,1.6648435882347152,-234.2743125713414,2.1014249999999994,-125.86054581329579,3.223694018564611,-120.76406119282923,0.2,3,-10,2,500,0.8,0.5,eq,1,6.5,5,5
3.7378786914194815,-100.40969001363109,1.7398467296524174,-189.71625883904088,2.1014249999999994,-82.85938997272004,3.223694018564611,-115.15784029271315,0.2,3,-10,2,500,0.7,1,eff,0.5,35,0,5
5.327510845438027,-99.12385130279266,1.6648435882347152,-238.59433256434912,2.1014249999999994,-130.79221178836755,3.223694018564611,-121.40702086034005,0.2,3,-10,2,500,0.8,0.5,eq,0.5,35,5,5
3.7378786914194815,-96.24059247727779,1.6648435882347152,-197.7758239856668,2.1014249999999994,-84.19445292520054,3.223694018564611,-115.33189742398919,0.2,3,-10,2,500,0.8,0.5,eq,1,6.5,0,5
3.7378786914194815,-100.40969001363109,1.6648435882347152,-201.94492152202008,2.1014249999999994,-88.95382822932953,3.223694018564611,-115.9523949148108,0.2,3,-10,2,500,0.8,0.5,eq,0.5,35,0,5
3.7378786914194815,-97.3964960215078,1.6648435882347152,-198.9317275298968,2.1014249999999994,-85.51401399011056,3.223694018564611,-115.50393351642596,0.2,3,-10,2,500,0.8,0.5,eq,1,35,0,5
5.327510845438027,-97.19987474980884,1.6648435882347152,-236.6703560113653,2.1014249999999994,-128.59583081814702,3.223694018564611,-121.12067049000308,0.2,3,-10,2,500,0.8,0.5,eq,0.5,6.5,5,5
3.7378786914194815,-97.91502633725602,1.6648435882347152,-199.450257845645,2.1014249999999994,-86.10595993404593,3.223694018564611,-115.58110771460173,0.2,3,-10,2,500,0.8,0.5,eq,0.5,6.5,0,5
5.327510845438027,-94.80383130978498,1.6648435882347152,-234.2743125713414,2.1014249999999994,-125.86054581329579,3.223694018564611,-120.76406119282923,0.2,3,-10,2,500,0.8,0.5,eq,1,35,5,5
3.7378786914194815,-96.24059247727779,1.6648435882347152,-192.71015708568203,2.1014249999999994,-85.22330477725733,3.223694018564611,-115.46603267322541,0.2,3,-10,2,500,0.8,0.5,eff,1,6.5,0,5
5.327510845438027,-94.80383130978498,1.6648435882347152,-228.1166823134861,2.1014249999999994,-125.34407482673085,3.223694018564611,-120.6967269460495,0.2,3,-10,2,500,0.8,0.5,eff,1,6.5,5,5
3.7378786914194815,-97.3964960215078,1.6648435882347152,-193.86606062991206,2.1014249999999994,-86.53311250344443,3.223694018564611,-115.63679718655406,0.2,3,-10,2,500,0.8,0.5,eff,1,35,0,5
5.327510845438027,-94.80383130978498,1.6648435882347152,-228.1166823134861,2.1014249999999994,-125.34407482673085,3.223694018564611,-120.6967269460495,0.2,3,-10,2,500,0.8,0.5,eff,1,35,5,5
3.7378786914194815,-97.91502633725602,1.6648435882347152,-194.38459094566028,2.1014249999999994,-87.12068316865346,3.223694018564611,-115.71340096334093,0.2,3,-10,2,500,0.8,0.5,eff,0.5,6.5,0,5
5.327510845438027,-97.19987474980884,1.6648435882347152,-230.51272575350998,2.1014249999999994,-128.05914238207347,3.223694018564611,-121.05070041900501,0.2,3,-10,2,500,0.8,0.5,eff,0.5,6.5,5,5
3.7378786914194815,-100.40969001363109,1.6648435882347152,-196.87925462203535,2.1014249999999994,-89.94750187073807,3.223694018564611,-116.0819438496583,0.2,3,-10,2,500,0.8,0.5,eff,0.5,35,0,5
5.327510845438027,-99.12385130279266,1.6648435882347152,-232.4367023064938,2.1014249999999994,-130.23928913092357,3.223694018564611,-121.33493427341658,0.2,3,-10,2,500,0.8,0.5,eff,0.5,35,5,5
5.327510845438027,-94.80383130978498,1.7398467296524174,-226.22702037900632,2.1014249999999994,-117.83632250056593,3.223694018564611,-119.71791330299564,0.2,3,-10,2,500,0.8,1,eq,1,35,5,5
5.327510845438027,-94.80383130978498,1.7398467296524174,-226.22702037900632,2.1014249999999994,-117.83632250056593,3.223694018564611,-119.71791330299564,0.2,3,-10,2,500,0.8,1,eq,1,6.5,5,5
5.327510845438027,-97.19987474980884,1.7398467296524174,-228.62306381903014,2.1014249999999994,-120.56800780193346,3.223694018564611,-120.07405329341458,0.2,3,-10,2,500,0.8,1,eq,0.5,6.5,5,5
3.7378786914194815,-97.91502633725602,1.7398467296524174,-191.9086387502349,2.1014249999999994,-78.71056329138804,3.223694018564611,-114.61694230062002,0.2,3,-10,2,500,0.8,1,eq,0.5,6.5,0,5
3.7378786914194815,-96.24059247727779,1.7398467296524174,-190.23420489025668,2.1014249999999994,-76.80157187275415,3.223694018564611,-114.36805997687594,0.2,3,-10,2,500,0.8,1,eq,1,6.5,0,5
5.327510845438027,-94.80383130978498,0.664380693404857,-375.73048077340303,0.10896277777777777,-268.5879298942332,2.8578904074535,-122.83260574710985,0.5,0.25,-20,1,400,0.7,0.5,eq,1,6.5,5,5
5.327510845438027,-99.12385130279266,1.7398467296524174,-230.54704037201395,2.1014249999999994,-122.76149828100306,3.223694018564611,-120.36002681965086,0.2,3,-10,2,500,0.8,1,eq,0.5,35,5,5
3.7378786914194815,-97.3964960215078,1.7398467296524174,-191.39010843448668,2.1014249999999994,-78.11939636193055,3.223694018564611,-114.53986966546425,0.2,3,-10,2,500,0.8,1,eq,1,35,0,5
3.7378786914194815,-100.40969001363109,1.7398467296524174,-194.40330242660997,2.1014249999999994,-81.55468372098149,3.223694018564611,-114.98774087761521,0.2,3,-10,2,500,0.8,1,eq,0.5,35,0,5
3.7378786914194815,-96.24059247727779,1.7398467296524174,-185.54716130268756,2.1014249999999994,-78.14048551547519,3.223694018564611,-114.5426191369855,0.2,3,-10,2,500,0.8,1,eff,1,6.5,0,5
5.327510845438027,-94.80383130978498,1.7398467296524174,-220.42979123542017,2.1014249999999994,-117.62332237072127,3.223694018564611,-119.69014368247444,0.2,3,-10,2,500,0.8,1,eff,1,6.5,5,5
5.327510845438027,-97.19987474980884,0.664380693404857,-378.126524213427,0.10896277777777777,-271.3952089570729,2.8578904074535,-122.88612230671735,0.5,0.25,-20,1,400,0.7,0.5,eq,0.5,6.5,5,5
3.7378786914194815,-97.3964960215078,0.664380693404857,-340.38789573195845,0.10896277777777777,-227.1794573443679,2.8578904074535,-122.0432154015597,0.5,0.25,-20,1,400,0.7,0.5,eq,1,35,0,5
3.7378786914194815,-96.24059247727779,0.664380693404857,-339.23199218772845,0.10896277777777777,-225.82516477843032,2.8578904074535,-122.01739784754795,0.5,0.25,-20,1,400,0.7,0.5,eq,1,6.5,0,5
5.327510845438027,-94.80383130978498,0.664380693404857,-375.73048077340303,0.10896277777777777,-268.5879298942332,2.8578904074535,-122.83260574710985,0.5,0.25,-20,1,400,0.7,0.5,eq,1,35,5,5
5.327510845438027,-94.80383130978498,1.7398467296524174,-220.42979123542017,2.1014249999999994,-117.62332237072127,3.223694018564611,-119.69014368247444,0.2,3,-10,2,500,0.8,1,eff,1,35,5,5
3.7378786914194815,-100.40969001363109,0.664380693404857,-343.4010897240817,0.10896277777777777,-230.70980920058503,2.8578904074535,-122.11051625812563,0.5,0.25,-20,1,400,0.7,0.5,eq,0.5,35,0,5
3.7378786914194815,-97.3964960215078,1.7398467296524174,-186.70306484691756,2.1014249999999994,-79.44882583141194,3.223694018564611,-114.71319233857258,0.2,3,-10,2,500,0.8,1,eff,1,35,0,5
3.7378786914194815,-97.91502633725602,0.664380693404857,-340.90642604770665,0.10896277777777777,-227.7869835997279,2.8578904074535,-122.05479697728849,0.5,0.25,-20,1,400,0.7,0.5,eq,0.5,6.5,0,5
5.327510845438027,-94.80383130978498,0.664380693404857,-359.73381294510773,0.10896277777777777,-258.3085112045691,2.8578904074535,-122.63664406652086,0.5,0.25,-20,1,400,0.7,0.5,eff,1,6.5,5,5
5.327510845438027,-99.12385130279266,0.664380693404857,-380.05050076641083,0.10896277777777777,-273.6493997636001,2.8578904074535,-122.92909506929762,0.5,0.25,-20,1,400,0.7,0.5,eq,0.5,35,5,5
5.327510845438027,-94.80383130978498,0.664380693404857,-359.73381294510773,0.10896277777777777,-258.3085112045691,2.8578904074535,-122.63664406652086,0.5,0.25,-20,1,400,0.7,0.5,eff,1,35,5,5
3.7378786914194815,-97.3964960215078,0.664380693404857,-325.4831912615337,0.10896277777777777,-218.63213468227798,2.8578904074535,-121.8802735306267,0.5,0.25,-20,1,400,0.7,0.5,eff,1,35,0,5
5.327510845438027,-97.19987474980884,0.664380693404857,-362.12985638513163,0.10896277777777777,-261.08411985106545,2.8578904074535,-122.68955687720073,0.5,0.25,-20,1,400,0.7,0.5,eff,0.5,6.5,5,5
3.7378786914194815,-96.24059247727779,0.664380693404857,-324.3272877173037,0.10896277777777777,-217.29312061507287,2.8578904074535,-121.85474723824919,0.5,0.25,-20,1,400,0.7,0.5,eff,1,6.5,0,5
3.7378786914194815,-97.91502633725602,0.664380693404857,-326.0017215772819,0.10896277777777777,-219.23280710908386,2.8578904074535,-121.89172444840646,0.5,0.25,-20,1,400,0.7,0.5,eff,0.5,6.5,0,5
5.327510845438027,-99.12385130279266,0.664380693404857,-364.0538329381154,0.10896277777777777,-263.3128799253298,2.8578904074535,-122.73204484106014,0.5,0.25,-20,1,400,0.7,0.5,eff,0.5,35,5,5
5.327510845438027,-97.19987474980884,0.6968241909147566,-365.72129360988544,0.10896277777777777,-257.8136795063189,2.8578904074535,-122.62721084328865,0.5,0.25,-20,1,400,0.7,1,eq,0.5,6.5,5,5
3.7378786914194815,-97.3964960215078,0.6968241909147566,-328.4883382253419,0.10896277777777777,-214.24632727088633,2.8578904074535,-121.79666469854934,0.5,0.25,-20,1,400,0.7,1,eq,1,35,0,5
3.7378786914194815,-100.40969001363109,0.664380693404857,-328.49638525365697,0.10896277777777777,-222.1226587513215,2.8578904074535,-121.94681513023997,0.5,0.25,-20,1,400,0.7,0.5,eff,0.5,35,0,5
5.327510845438027,-94.80383130978498,0.6968241909147566,-363.32525016986153,0.10896277777777777,-255.01000014627994,2.8578904074535,-122.57376290660937,0.5,0.25,-20,1,400,0.7,1,eq,1,35,5,5
3.7378786914194815,-96.24059247727779,0.6968241909147566,-327.3324346811119,0.10896277777777777,-212.89377128010162,2.8578904074535,-121.77088024973514,0.5,0.25,-20,1,400,0.7,1,eq,1,6.5,0,5
5.327510845438027,-94.80383130978498,0.6968241909147566,-363.32525016986153,0.10896277777777777,-255.01000014627994,2.8578904074535,-122.57376290660937,0.5,0.25,-20,1,400,0.7,1,eq,1,6.5,5,5
3.7378786914194815,-97.91502633725602,0.6968241909147566,-329.0068685410901,0.10896277777777777,-214.85307451075514,2.8578904074535,-121.80823142351771,0.5,0.25,-20,1,400,0.7,1,eq,0.5,6.5,0,5
3.7378786914194815,-100.40969001363109,0.6968241909147566,-331.5015322174652,0.10896277777777777,-217.77215224655404,2.8578904074535,-121.86387925693576,0.5,0.25,-20,1,400,0.7,1,eq,0.5,35,0,5
5.327510845438027,-97.19987474980884,1.7398467296524174,-222.82583467544404,2.1014249999999994,-120.33534816854596,3.223694018564611,-120.04372059016943,0.2,3,-10,2,500,0.8,1,eff,0.5,6.5,5,5
5.327510845438027,-99.12385130279266,0.6968241909147566,-367.6452701628692,0.10896277777777777,-260.0649798208573,2.8578904074535,-122.67012850297998,0.5,0.25,-20,1,400,0.7,1,eq,0.5,35,5,5
5.327510845438027,-97.19987474980884,0.6968241909147566,-350.4475789101096,0.10896277777777777,-248.3681462612027,2.8578904074535,-122.44714593644413,0.5,0.25,-20,1,400,0.7,1,eff,0.5,6.5,5,5
5.327510845438027,-94.80383130978498,0.6968241909147566,-348.0515354700857,0.10896277777777777,-245.59555136602805,2.8578904074535,-122.39429057840756,0.5,0.25,-20,1,400,0.7,1,eff,1,6.5,5,5
5.327510845438027,-94.80383130978498,0.664380693404857,-375.73048077340303,0.10896277777777777,-268.5879298942332,2.8578904074535,-122.83260574710985,0.5,0.25,-20,1,400,0.8,0.5,eq,1,6.5,5,5
3.7378786914194815,-100.40969001363109,0.6968241909147566,-317.3380030737065,0.10896277777777777,-210.05521778410213,2.8578904074535,-121.71676749002458,0.5,0.25,-20,1,400,0.7,1,eff,0.5,35,0,5
3.7378786914194815,-97.91502633725602,0.6968241909147566,-314.84333939733136,0.10896277777777777,-207.16850393808934,2.8578904074535,-121.66173662556412,0.5,0.25,-20,1,400,0.7,1,eff,0.5,6.5,0,5
5.327510845438027,-94.80383130978498,0.6968241909147566,-348.0515354700857,0.10896277777777777,-245.59555136602805,2.8578904074535,-122.39429057840756,0.5,0.25,-20,1,400,0.7,1,eff,1,35,5,5
5.327510845438027,-99.12385130279266,0.6968241909147566,-352.3715554630934,0.10896277777777777,-250.5944863517538,2.8578904074535,-122.48958776694818,0.5,0.25,-20,1,400,0.7,1,eff,0.5,35,5,5
3.7378786914194815,-97.3964960215078,0.6968241909147566,-314.32480908158317,0.10896277777777777,-206.56848372031774,2.8578904074535,-121.6502981411699,0.5,0.25,-20,1,400,0.7,1,eff,1,35,0,5
3.7378786914194815,-97.91502633725602,1.7398467296524174,-187.22159516266578,2.1014249999999994,-80.03573822607284,3.223694018564611,-114.78971029417562,0.2,3,-10,2,500,0.8,1,eff,0.5,6.5,0,5
5.327510845438027,-94.80383130978498,0.664380693404857,-375.73048077340303,0.10896277777777777,-268.5879298942332,2.8578904074535,-122.83260574710985,0.5,0.25,-20,1,400,0.8,0.5,eq,1,35,5,5
3.7378786914194815,-97.3964960215078,0.664380693404857,-340.38789573195845,0.10896277777777777,-227.1794573443679,2.8578904074535,-122.0432154015597,0.5,0.25,-20,1,400,0.8,0.5,eq,1,35,0,5
3.7378786914194815,-96.24059247727779,0.664380693404857,-339.23199218772845,0.10896277777777777,-225.82516477843032,2.8578904074535,-122.01739784754795,0.5,0.25,-20,1,400,0.8,0.5,eq,1,6.5,0,5
5.327510845438027,-99.12385130279266,1.7398467296524174,-224.74981122842786,2.1014249999999994,-122.51305244359236,3.223694018564611,-120.32763601017105,0.2,3,-10,2,500,0.8,1,eff,0.5,35,5,5
5.327510845438027,-97.19987474980884,0.664380693404857,-378.126524213427,0.10896277777777777,-271.3952089570729,2.8578904074535,-122.88612230671735,0.5,0.25,-20,1,400,0.8,0.5,eq,0.5,6.5,5,5
3.7378786914194815,-97.91502633725602,0.664380693404857,-340.90642604770665,0.10896277777777777,-227.7869835997279,2.8578904074535,-122.05479697728849,0.5,0.25,-20,1,400,0.8,0.5,eq,0.5,6.5,0,5
5.327510845438027,-94.80383130978498,0.664380693404857,-359.73381294510773,0.10896277777777777,-258.3085112045691,2.8578904074535,-122.63664406652086,0.5,0.25,-20,1,400,0.8,0.5,eff,1,6.5,5,5
5.327510845438027,-94.80383130978498,0.664380693404857,-359.73381294510773,0.10896277777777777,-258.3085112045691,2.8578904074535,-122.63664406652086,0.5,0.25,-20,1,400,0.8,0.5,eff,1,35,5,5
5.327510845438027,-99.12385130279266,0.664380693404857,-380.05050076641083,0.10896277777777777,-273.6493997636001,2.8578904074535,-122.92909506929762,0.5,0.25,-20,1,400,0.8,0.5,eq,0.5,35,5,5
3.7378786914194815,-96.24059247727779,0.6968241909147566,-313.16890553735317,0.10896277777777777,-205.23092355233695,2.8578904074535,-121.62479956519812,0.5,0.25,-20,1,400,0.7,1,eff,1,6.5,0,5
3.7378786914194815,-97.3964960215078,0.664380693404857,-325.4831912615337,0.10896277777777777,-218.63213468227798,2.8578904074535,-121.8802735306267,0.5,0.25,-20,1,400,0.8,0.5,eff,1,35,0,5
3.7378786914194815,-100.40969001363109,0.664380693404857,-343.4010897240817,0.10896277777777777,-230.70980920058503,2.8578904074535,-122.11051625812563,0.5,0.25,-20,1,400,0.8,0.5,eq,0.5,35,0,5
3.7378786914194815,-96.24059247727779,0.664380693404857,-324.3272877173037,0.10896277777777777,-217.29312061507287,2.8578904074535,-121.85474723824919,0.5,0.25,-20,1,400,0.8,0.5,eff,1,6.5,0,5
5.327510845438027,-97.19987474980884,0.664380693404857,-362.12985638513163,0.10896277777777777,-261.08411985106545,2.8578904074535,-122.68955687720073,0.5,0.25,-20,1,400,0.8,0.5,eff,0.5,6.5,5,5
3.7378786914194815,-100.40969001363109,1.7398467296524174,-189.71625883904088,2.1014249999999994,-82.85938997272004,3.223694018564611,-115.15784029271315,0.2,3,-10,2,500,0.8,1,eff,0.5,35,0,5
3.7378786914194815,-97.91502633725602,0.664380693404857,-326.0017215772819,0.10896277777777777,-219.23280710908386,2.8578904074535,-121.89172444840646,0.5,0.25,-20,1,400,0.8,0.5,eff,0.5,6.5,0,5
5.327510845438027,-99.12385130279266,0.664380693404857,-364.0538329381154,0.10896277777777777,-263.3128799253298,2.8578904074535,-122.73204484106014,0.5,0.25,-20,1,400,0.8,0.5,eff,0.5,35,5,5
5.327510845438027,-94.80383130978498,0.6968241909147566,-363.32525016986153,0.10896277777777777,-255.01000014627994,2.8578904074535,-122.57376290660937,0.5,0.25,-20,1,400,0.8,1,eq,1,6.5,5,5
3.7378786914194815,-96.24059247727779,0.6968241909147566,-327.3324346811119,0.10896277777777777,-212.89377128010162,2.8578904074535,-121.77088024973514,0.5,0.25,-20,1,400,0.8,1,eq,1,6.5,0,5
5.327510845438027,-97.19987474980884,0.6968241909147566,-365.72129360988544,0.10896277777777777,-257.8136795063189,2.8578904074535,-122.62721084328865,0.5,0.25,-20,1,400,0.8,1,eq,0.5,6.5,5,5
3.7378786914194815,-100.40969001363109,0.664380693404857,-328.49638525365697,0.10896277777777777,-222.1226587513215,2.8578904074535,-121.94681513023997,0.5,0.25,-20,1,400,0.8,0.5,eff,0.5,35,0,5
5.327510845438027,-94.80383130978498,0.6968241909147566,-363.32525016986153,0.10896277777777777,-255.01000014627994,2.8578904074535,-122.57376290660937,0.5,0.25,-20,1,400,0.8,1,eq,1,35,5,5
5.327510845438027,-99.12385130279266,0.6968241909147566,-367.6452701628692,0.10896277777777777,-260.0649798208573,2.8578904074535,-122.67012850297998,0.5,0.25,-20,1,400,0.8,1,eq,0.5,35,5,5
3.7378786914194815,-97.3964960215078,0.6968241909147566,-328.4883382253419,0.10896277777777777,-214.24632727088633,2.8578904074535,-121.79666469854934,0.5,0.25,-20,1,400,0.8,1,eq,1,35,0,5
3.7378786914194815,-97.91502633725602,0.6968241909147566,-329.0068685410901,0.10896277777777777,-214.85307451075514,2.8578904074535,-121.80823142351771,0.5,0.25,-20,1,400,0.8,1,eq,0.5,6.5,0,5
5.327510845438027,-94.80383130978498,0.6968241909147566,-348.0515354700857,0.10896277777777777,-245.59555136602805,2.8578904074535,-122.39429057840756,0.5,0.25,-20,1,400,0.8,1,eff,1,6.5,5,5
5.327510845438027,-99.12385130279266,0.6968241909147566,-352.3715554630934,0.10896277777777777,-250.5944863517538,2.8578904074535,-122.48958776694818,0.5,0.25,-20,1,400,0.8,1,eff,0.5,35,5,5
5.327510845438027,-94.80383130978498,0.6968241909147566,-348.0515354700857,0.10896277777777777,-245.59555136602805,2.8578904074535,-122.39429057840756,0.5,0.25,-20,1,400,0.8,1,eff,1,35,5,5
3.7378786914194815,-96.24059247727779,0.6968241909147566,-313.16890553735317,0.10896277777777777,-205.23092355233695,2.8578904074535,-121.62479956519812,0.5,0.25,-20,1,400,0.8,1,eff,1,6.5,0,5
3.7378786914194815,-100.40969001363109,0.6968241909147566,-331.5015322174652,0.10896277777777777,-217.77215224655404,2.8578904074535,-121.86387925693576,0.5,0.25,-20,1,400,0.8,1,eq,0.5,35,0,5
5.327510845438027,-97.19987474980884,0.6968241909147566,-350.4475789101096,0.10896277777777777,-248.3681462612027,2.8578904074535,-122.44714593644413,0.5,0.25,-20,1,400,0.8,1,eff,0.5,6.5,5,5
3.7378786914194815,-97.3964960215078,0.6968241909147566,-314.32480908158317,0.10896277777777777,-206.56848372031774,2.8578904074535,-121.6502981411699,0.5,0.25,-20,1,400,0.8,1,eff,1,35,0,5
3.7378786914194815,-97.91502633725602,0.6968241909147566,-314.84333939733136,0.10896277777777777,-207.16850393808934,2.8578904074535,-121.66173662556412,0.5,0.25,-20,1,400,0.8,1,eff,0.5,6.5,0,5
3.7378786914194815,-100.40969001363109,0.6968241909147566,-317.3380030737065,0.10896277777777777,-210.05521778410213,2.8578904074535,-121.71676749002458,0.5,0.25,-20,1,400,0.8,1,eff,0.5,35,0,5
3.7378786914194815,-97.3964960215078,0.664380693404857,-340.38789573195845,0.14009499999999997,-227.17989358524906,2.873456518564611,-122.61277090758382,0.5,0.25,-20,1,500,0.7,0.5,eq,1,35,0,5
5.327510845438027,-94.80383130978498,0.664380693404857,-375.73048077340303,0.14009499999999997,-268.58836613511534,2.873456518564611,-123.6222032627271,0.5,0.25,-20,1,500,0.7,0.5,eq,1,6.5,5,5
3.7378786914194815,-96.24059247727779,0.664380693404857,-339.23199218772845,0.14009499999999997,-225.82560101916783,2.873456518564611,-122.57975672835053,0.5,0.25,-20,1,500,0.7,0.5,eq,1,6.5,0,5
3.7378786914194815,-97.91502633725602,0.664380693404857,-340.90642604770665,0.14009499999999997,-227.78741984046655,2.873456518564611,-122.62758083948543,0.5,0.25,-20,1,500,0.7,0.5,eq,0.5,6.5,0,5
5.327510845438027,-97.19987474980884,0.664380693404857,-378.126524213427,0.14009499999999997,-271.39564519796323,2.873456518564611,-123.69063752609055,0.5,0.25,-20,1,500,0.7,0.5,eq,0.5,6.5,5,5
5.327510845438027,-94.80383130978498,0.664380693404857,-375.73048077340303,0.14009499999999997,-268.58836613511534,2.873456518564611,-123.6222032627271,0.5,0.25,-20,1,500,0.7,0.5,eq,1,35,5,5
5.327510845438027,-94.80383130978498,0.664380693404857,-359.73381294510773,0.14009499999999997,-258.3089093068142,2.873456518564611,-123.37161647029492,0.5,0.25,-20,1,500,0.7,0.5,eff,1,35,5,5
5.327510845438027,-99.12385130279266,0.664380693404857,-380.05050076641083,0.14009499999999997,-273.6498360045322,2.873456518564611,-123.74558891634236,0.5,0.25,-20,1,500,0.7,0.5,eq,0.5,35,5,5
3.7378786914194815,-100.40969001363109,0.664380693404857,-343.4010897240817,0.14009499999999997,-230.71024544151328,2.873456518564611,-122.69883183109309,0.5,0.25,-20,1,500,0.7,0.5,eq,0.5,35,0,5
5.327510845438027,-97.19987474980884,0.664380693404857,-362.12985638513163,0.14009499999999997,-261.08451795327136,2.873456518564611,-123.43927869013594,0.5,0.25,-20,1,500,0.7,0.5,eff,0.5,6.5,5,5
3.7378786914194815,-100.40969001363109,0.664380693404857,-328.49638525365697,0.14009499999999997,-222.1230568535743,2.873456518564611,-122.4894981979835,0.5,0.25,-20,1,500,0.7,0.5,eff,0.5,35,0,5
3.7378786914194815,-97.3964960215078,0.664380693404857,-325.4831912615337,0.14009499999999997,-218.63253278449457,2.873456518564611,-122.4044081737743,0.5,0.25,-20,1,500,0.7,0.5,eff,1,35,0,5
5.327510845438027,-99.12385130279266,0.664380693404857,-364.0538329381154,0.14009499999999997,-263.3132780276993,2.873456518564611,-123.49361014436366,0.5,0.25,-20,1,500,0.7,0.5,eff,0.5,35,5,5
3.7378786914194815,-97.91502633725602,0.664380693404857,-326.0017215772819,0.14009499999999997,-219.23320521129983,2.873456518564611,-122.41905102691808,0.5,0.25,-20,1,500,0.7,0.5,eff,0.5,6.5,0,5
3.7378786914194815,-96.24059247727779,0.664380693404857,-324.3272877173037,0.14009499999999997,-217.29351871728954,2.873456518564611,-122.37176644515702,0.5,0.25,-20,1,500,0.7,0.5,eff,1,6.5,0,5
5.327510845438027,-97.19987474980884,0.6968241909147566,-365.72129360988544,0.14009499999999997,-257.81409126654495,2.873456518564611,-123.35955407559662,0.5,0.25,-20,1,500,0.7,1,eq,0.5,6.5,5,5
5.327510845438027,-94.80383130978498,0.6968241909147566,-363.32525016986153,0.14009499999999997,-255.0104119066239,2.873456518564611,-123.29120756375778,0.5,0.25,-20,1,500,0.7,1,eq,1,6.5,5,5
5.327510845438027,-94.80383130978498,0.6968241909147566,-363.32525016986153,0.14009499999999997,-255.0104119066239,2.873456518564611,-123.29120756375778,0.5,0.25,-20,1,500,0.7,1,eq,1,35,5,5
5.327510845438027,-94.80383130978498,0.664380693404857,-359.73381294510773,0.14009499999999997,-258.3089093068142,2.873456518564611,-123.37161647029492,0.5,0.25,-20,1,500,0.7,0.5,eff,1,6.5,5,5
3.7378786914194815,-97.3964960215078,0.6968241909147566,-328.4883382253419,0.14009499999999997,-214.24673903129545,2.873456518564611,-122.29749377087929,0.5,0.25,-20,1,500,0.7,1,eq,1,35,0,5
5.327510845438027,-99.12385130279266,0.6968241909147566,-367.6452701628692,0.14009499999999997,-260.06539158145273,2.873456518564611,-123.41443500307514,0.5,0.25,-20,1,500,0.7,1,eq,0.5,35,5,5
5.327510845438027,-94.80383130978498,0.6968241909147566,-348.0515354700857,0.14009499999999997,-245.59592751031605,2.873456518564611,-123.06170658071191,0.5,0.25,-20,1,500,0.7,1,eff,1,6.5,5,5
3.7378786914194815,-97.3964960215078,0.6968241909147566,-314.32480908158317,0.14009499999999997,-206.56885986460952,2.873456518564611,-122.11032676923716,0.5,0.25,-20,1,500,0.7,1,eff,1,35,0,5
5.327510845438027,-94.80383130978498,0.6968241909147566,-348.0515354700857,0.14009499999999997,-245.59592751031605,2.873456518564611,-123.06170658071191,0.5,0.25,-20,1,500,0.7,1,eff,1,35,5,5
3.7378786914194815,-96.24059247727779,0.6968241909147566,-313.16890553735317,0.14009499999999997,-205.2312996966313,2.873456518564611,-122.07772048295395,0.5,0.25,-20,1,500,0.7,1,eff,1,6.5,0,5
3.7378786914194815,-100.40969001363109,0.6968241909147566,-331.5015322174652,0.14009499999999997,-217.7725640067598,2.873456518564611,-122.3834443406453,0.5,0.25,-20,1,500,0.7,1,eq,0.5,35,0,5
3.7378786914194815,-97.91502633725602,0.6968241909147566,-329.0068685410901,0.14009499999999997,-214.85348627116014,2.873456518564611,-122.31228471238454,0.5,0.25,-20,1,500,0.7,1,eq,0.5,6.5,0,5
3.7378786914194815,-96.24059247727779,0.6968241909147566,-327.3324346811119,0.14009499999999997,-212.89418304051205,2.873456518564611,-122.26452192489768,0.5,0.25,-20,1,500,0.7,1,eq,1,6.5,0,5
3.7378786914194815,-97.91502633725602,0.6968241909147566,-314.84333939733136,0.14009499999999997,-207.16888008238348,2.873456518564611,-122.12495372319776,0.5,0.25,-20,1,500,0.7,1,eff,0.5,6.5,0,5
5.327510845438027,-97.19987474980884,0.6968241909147566,-350.4475789101096,0.14009499999999997,-248.368522405491,2.873456518564611,-123.1292953330264,0.5,0.25,-20,1,500,0.7,1,eff,0.5,6.5,5,5
5.327510845438027,-99.12385130279266,0.6968241909147566,-352.3715554630934,0.14009499999999997,-250.59486249608426,2.873456518564611,-123.18356779425488,0.5,0.25,-20,1,500,0.7,1,eff,0.5,35,5,5
3.7378786914194815,-100.40969001363109,0.6968241909147566,-317.3380030737065,0.14009499999999997,-210.05559392859803,2.873456518564611,-122.19532440284297,0.5,0.25,-20,1,500,0.7,1,eff,0.5,35,0,5
5.327510845438027,-97.19987474980884,0.664380693404857,-378.126524213427,0.14009499999999997,-271.39564519796323,2.873456518564611,-123.69063752609055,0.5,0.25,-20,1,500,0.8,0.5,eq,0.5,6.5,5,5
5.327510845438027,-94.80383130978498,0.664380693404857,-375.73048077340303,0.14009499999999997,-268.58836613511534,2.873456518564611,-123.6222032627271,0.5,0.25,-20,1,500,0.8,0.5,eq,1,6.5,5,5
3.7378786914194815,-97.3964960215078,0.664380693404857,-340.38789573195845,0.14009499999999997,-227.17989358524906,2.873456518564611,-122.61277090758382,0.5,0.25,-20,1,500,0.8,0.5,eq,1,35,0,5
5.327510845438027,-94.80383130978498,0.664380693404857,-375.73048077340303,0.14009499999999997,-268.58836613511534,2.873456518564611,-123.6222032627271,0.5,0.25,-20,1,500,0.8,0.5,eq,1,35,5,5
3.7378786914194815,-97.91502633725602,0.664380693404857,-340.90642604770665,0.14009499999999997,-227.78741984046655,2.873456518564611,-122.62758083948543,0.5,0.25,-20,1,500,0.8,0.5,eq,0.5,6.5,0,5
3.7378786914194815,-100.40969001363109,0.664380693404857,-343.4010897240817,0.14009499999999997,-230.71024544151328,2.873456518564611,-122.69883183109309,0.5,0.25,-20,1,500,0.8,0.5,eq,0.5,35,0,5
5.327510845438027,-99.12385130279266,0.664380693404857,-380.05050076641083,0.14009499999999997,-273.6498360045322,2.873456518564611,-123.74558891634236,0.5,0.25,-20,1,500,0.8,0.5,eq,0.5,35,5,5
3.7378786914194815,-96.24059247727779,0.664380693404857,-339.23199218772845,0.14009499999999997,-225.82560101916783,2.873456518564611,-122.57975672835053,0.5,0.25,-20,1,500,0.8,0.5,eq,1,6.5,0,5
3.7378786914194815,-96.24059247727779,0.664380693404857,-324.3272877173037,0.14009499999999997,-217.29351871728954,2.873456518564611,-122.37176644515702,0.5,0.25,-20,1,500,0.8,0.5,eff,1,6.5,0,5
5.327510845438027,-94.80383130978498,0.664380693404857,-359.73381294510773,0.14009499999999997,-258.3089093068142,2.873456518564611,-123.37161647029492,0.5,0.25,-20,1,500,0.8,0.5,eff,1,6.5,5,5
3.7378786914194815,-97.3964960215078,0.664380693404857,-325.4831912615337,0.14009499999999997,-218.63253278449457,2.873456518564611,-122.4044081737743,0.5,0.25,-20,1,500,0.8,0.5,eff,1,35,0,5
5.327510845438027,-97.19987474980884,0.664380693404857,-362.12985638513163,0.14009499999999997,-261.08451795327136,2.873456518564611,-123.43927869013594,0.5,0.25,-20,1,500,0.8,0.5,eff,0.5,6.5,5,5
5.327510845438027,-94.80383130978498,0.664380693404857,-359.73381294510773,0.14009499999999997,-258.3089093068142,2.873456518564611,-123.37161647029492,0.5,0.25,-20,1,500,0.8,0.5,eff,1,35,5,5
5.327510845438027,-99.12385130279266,0.664380693404857,-364.0538329381154,0.14009499999999997,-263.3132780276993,2.873456518564611,-123.49361014436366,0.5,0.25,-20,1,500,0.8,0.5,eff,0.5,35,5,5
3.7378786914194815,-96.24059247727779,0.6968241909147566,-327.3324346811119,0.14009499999999997,-212.89418304051205,2.873456518564611,-122.26452192489768,0.5,0.25,-20,1,500,0.8,1,eq,1,6.5,0,5
3.7378786914194815,-100.40969001363109,0.664380693404857,-328.49638525365697,0.14009499999999997,-222.1230568535743,2.873456518564611,-122.4894981979835,0.5,0.25,-20,1,500,0.8,0.5,eff,0.5,35,0,5
5.327510845438027,-94.80383130978498,0.6968241909147566,-363.32525016986153,0.14009499999999997,-255.0104119066239,2.873456518564611,-123.29120756375778,0.5,0.25,-20,1,500,0.8,1,eq,1,6.5,5,5
3.7378786914194815,-97.91502633725602,0.664380693404857,-326.0017215772819,0.14009499999999997,-219.23320521129983,2.873456518564611,-122.41905102691808,0.5,0.25,-20,1,500,0.8,0.5,eff,0.5,6.5,0,5
5.327510845438027,-94.80383130978498,0.6968241909147566,-363.32525016986153,0.14009499999999997,-255.0104119066239,2.873456518564611,-123.29120756375778,0.5,0.25,-20,1,500,0.8,1,eq,1,35,5,5
5.327510845438027,-94.80383130978498,0.6968241909147566,-348.0515354700857,0.14009499999999997,-245.59592751031605,2.873456518564611,-123.06170658071191,0.5,0.25,-20,1,500,0.8,1,eff,1,6.5,5,5
5.327510845438027,-99.12385130279266,0.6968241909147566,-367.6452701628692,0.14009499999999997,-260.06539158145273,2.873456518564611,-123.41443500307514,0.5,0.25,-20,1,500,0.8,1,eq,0.5,35,5,5
5.327510845438027,-97.19987474980884,0.6968241909147566,-365.72129360988544,0.14009499999999997,-257.81409126654495,2.873456518564611,-123.35955407559662,0.5,0.25,-20,1,500,0.8,1,eq,0.5,6.5,5,5
3.7378786914194815,-97.91502633725602,0.6968241909147566,-329.0068685410901,0.14009499999999997,-214.85348627116014,2.873456518564611,-122.31228471238454,0.5,0.25,-20,1,500,0.8,1,eq,0.5,6.5,0,5
5.327510845438027,-94.80383130978498,0.6968241909147566,-348.0515354700857,0.14009499999999997,-245.59592751031605,2.873456518564611,-123.06170658071191,0.5,0.25,-20,1,500,0.8,1,eff,1,35,5,5
5.327510845438027,-97.19987474980884,0.6968241909147566,-350.4475789101096,0.14009499999999997,-248.368522405491,2.873456518564611,-123.1292953330264,0.5,0.25,-20,1,500,0.8,1,eff,0.5,6.5,5,5
3.7378786914194815,-100.40969001363109,0.6968241909147566,-317.3380030737065,0.14009499999999997,-210.05559392859803,2.873456518564611,-122.19532440284297,0.5,0.25,-20,1,500,0.8,1,eff,0.5,35,0,5
5.327510845438027,-99.12385130279266,0.6968241909147566,-352.3715554630934,0.14009499999999997,-250.59486249608426,2.873456518564611,-123.18356779425488,0.5,0.25,-20,1,500,0.8,1,eff,0.5,35,5,5
3.7378786914194815,-97.91502633725602,0.6968241909147566,-314.84333939733136,0.14009499999999997,-207.16888008238348,2.873456518564611,-122.12495372319776,0.5,0.25,-20,1,500,0.8,1,eff,0.5,6.5,0,5
3.7378786914194815,-100.40969001363109,0.6968241909147566,-331.5015322174652,0.14009499999999997,-217.7725640067598,2.873456518564611,-122.3834443406453,0.5,0.25,-20,1,500,0.8,1,eq,0.5,35,0,5
3.7378786914194815,-97.3964960215078,0.6968241909147566,-328.4883382253419,0.14009499999999997,-214.24673903129545,2.873456518564611,-122.29749377087929,0.5,0.25,-20,1,500,0.8,1,eq,1,35,0,5
3.7378786914194815,-96.24059247727779,0.6968241909147566,-313.16890553735317,0.14009499999999997,-205.2312996966313,2.873456518564611,-122.07772048295395,0.5,0.25,-20,1,500,0.8,1,eff,1,6.5,0,5
3.7378786914194815,-97.3964960215078,0.6968241909147566,-314.32480908158317,0.14009499999999997,-206.56885986460952,2.873456518564611,-122.11032676923716,0.5,0.25,-20,1,500,0.8,1,eff,1,35,0,5
5.327510845438027,-94.80383130978498,0.664380693404857,-375.73048077340303,0.21792555555555554,-268.58945673697946,2.9123717963423887,-125.55929018914614,0.5,0.25,-20,2,400,0.7,0.5,eq,1,35,5,5
5.327510845438027,-94.80383130978498,0.664380693404857,-375.73048077340303,0.21792555555555554,-268.58945673697946,2.9123717963423887,-125.55929018914614,0.5,0.25,-20,2,400,0.7,0.5,eq,1,6.5,5,5
3.7378786914194815,-96.24059247727779,0.664380693404857,-339.23199218772845,0.21792555555555554,-225.82669162138387,2.9123717963423887,-123.959374382275,0.5,0.25,-20,2,400,0.7,0.5,eq,1,6.5,0,5
3.7378786914194815,-97.3964960215078,0.664380693404857,-340.38789573195845,0.21792555555555554,-227.18098418717346,2.9123717963423887,-124.01004355853796,0.5,0.25,-20,2,400,0.7,0.5,eq,1,35,0,5
5.327510845438027,-97.19987474980884,0.664380693404857,-378.126524213427,0.21792555555555554,-271.3967357998163,2.9123717963423887,-125.664321052674,0.5,0.25,-20,2,400,0.7,0.5,eq,0.5,6.5,5,5
5.327510845438027,-94.80383130978498,0.664380693404857,-359.73381294510773,0.21792555555555554,-258.30990456233855,2.9123717963423887,-125.17469349696997,0.5,0.25,-20,2,400,0.7,0.5,eff,1,35,5,5
5.327510845438027,-99.12385130279266,0.664380693404857,-364.0538329381154,0.21792555555555554,-263.3142732832234,2.9123717963423887,-125.3619257444244,0.5,0.25,-20,2,400,0.7,0.5,eff,0.5,35,5,5
5.327510845438027,-99.12385130279266,0.664380693404857,-380.05050076641083,0.21792555555555554,-273.6509266066222,2.9123717963423887,-125.74865880524355,0.5,0.25,-20,2,400,0.7,0.5,eq,0.5,35,5,5
5.327510845438027,-94.80383130978498,0.6968241909147566,-363.32525016986153,0.21792555555555554,-255.01144130762566,2.9123717963423887,-125.05128558624823,0.5,0.25,-20,2,400,0.7,1,eq,1,35,5,5
3.7378786914194815,-100.40969001363109,0.664380693404857,-328.49638525365697,0.21792555555555554,-222.124052109102,2.9123717963423887,-123.82084471828259,0.5,0.25,-20,2,400,0.7,0.5,eff,0.5,35,0,5
3.7378786914194815,-96.24059247727779,0.6968241909147566,-327.3324346811119,0.21792555555555554,-212.8952124413488,2.9123717963423887,-123.475559131076,0.5,0.25,-20,2,400,0.7,1,eq,1,6.5,0,5
5.327510845438027,-94.80383130978498,0.6968241909147566,-363.32525016986153,0.21792555555555554,-255.01144130762566,2.9123717963423887,-125.05128558624823,0.5,0.25,-20,2,400,0.7,1,eq,1,6.5,5,5
5.327510845438027,-94.80383130978498,0.664380693404857,-359.73381294510773,0.21792555555555554,-258.30990456233855,2.9123717963423887,-125.17469349696997,0.5,0.25,-20,2,400,0.7,0.5,eff,1,6.5,5,5
3.7378786914194815,-97.3964960215078,0.664380693404857,-325.4831912615337,0.21792555555555554,-218.63352804020747,2.9123717963423887,-123.69025109046206,0.5,0.25,-20,2,400,0.7,0.5,eff,1,35,0,5
3.7378786914194815,-97.3964960215078,0.6968241909147566,-328.4883382253419,0.21792555555555554,-214.24776843228128,2.9123717963423887,-123.5261633355451,0.5,0.25,-20,2,400,0.7,1,eq,1,35,0,5
5.327510845438027,-97.19987474980884,0.6968241909147566,-365.72129360988544,0.21792555555555554,-257.8151206674796,2.9123717963423887,-125.15618177135457,0.5,0.25,-20,2,400,0.7,1,eq,0.5,6.5,5,5
3.7378786914194815,-97.91502633725602,0.6968241909147566,-329.0068685410901,0.21792555555555554,-214.85451567209256,2.9123717963423887,-123.54886403081412,0.5,0.25,-20,2,400,0.7,1,eq,0.5,6.5,0,5
3.7378786914194815,-97.91502633725602,0.664380693404857,-340.90642604770665,0.21792555555555554,-227.78851044257888,2.9123717963423887,-124.03277339970897,0.5,0.25,-20,2,400,0.7,0.5,eq,0.5,6.5,0,5
3.7378786914194815,-96.24059247727779,0.6968241909147566,-313.16890553735317,0.21792555555555554,-205.23224005763603,2.9123717963423887,-123.1888585257438,0.5,0.25,-20,2,400,0.7,1,eff,1,6.5,0,5
5.327510845438027,-94.80383130978498,0.6968241909147566,-348.0515354700857,0.21792555555555554,-245.59686787134376,2.9123717963423887,-124.6990510005066,0.5,0.25,-20,2,400,0.7,1,eff,1,6.5,5,5
5.327510845438027,-94.80383130978498,0.6968241909147566,-348.0515354700857,0.21792555555555554,-245.59686787134376,2.9123717963423887,-124.6990510005066,0.5,0.25,-20,2,400,0.7,1,eff,1,35,5,5
3.7378786914194815,-100.40969001363109,0.6968241909147566,-331.5015322174652,0.21792555555555554,-217.77359340779063,2.9123717963423887,-123.65807770299375,0.5,0.25,-20,2,400,0.7,1,eq,0.5,35,0,5
3.7378786914194815,-97.91502633725602,0.664380693404857,-326.0017215772819,0.21792555555555554,-219.2342004669389,2.9123717963423887,-123.71272450413574,0.5,0.25,-20,2,400,0.7,0.5,eff,0.5,6.5,0,5
3.7378786914194815,-100.40969001363109,0.664380693404857,-343.4010897240817,0.21792555555555554,-230.71133604359255,2.9123717963423887,-124.14212729361995,0.5,0.25,-20,2,400,0.7,0.5,eq,0.5,35,0,5
5.327510845438027,-97.19987474980884,0.664380693404857,-362.12985638513163,0.21792555555555554,-261.08551320883424,2.9123717963423887,-125.27853945115952,0.5,0.25,-20,2,400,0.7,0.5,eff,0.5,6.5,5,5
3.7378786914194815,-96.24059247727779,0.664380693404857,-324.3272877173037,0.21792555555555554,-217.2945139728548,2.9123717963423887,-123.64015354026404,0.5,0.25,-20,2,400,0.7,0.5,eff,1,6.5,0,5
5.327510845438027,-99.12385130279266,0.6968241909147566,-367.6452701628692,0.21792555555555554,-260.0664209822504,2.9123717963423887,-125.24041137975073,0.5,0.25,-20,2,400,0.7,1,eq,0.5,35,5,5
3.7378786914194815,-97.91502633725602,0.6968241909147566,-314.84333939733136,0.21792555555555554,-207.16982044318115,2.9123717963423887,-123.26135069217736,0.5,0.25,-20,2,400,0.7,1,eff,0.5,6.5,0,5
5.327510845438027,-99.12385130279266,0.6968241909147566,-352.3715554630934,0.21792555555555554,-250.59580285689987,2.9123717963423887,-124.88607995149448,0.5,0.25,-20,2,400,0.7,1,eff,0.5,35,5,5
3.7378786914194815,-97.3964960215078,0.6968241909147566,-314.32480908158317,0.21792555555555554,-206.56980022554282,2.9123717963423887,-123.23890168009754,0.5,0.25,-20,2,400,0.7,1,eff,1,35,0,5
5.327510845438027,-94.80383130978498,0.664380693404857,-375.73048077340303,0.21792555555555554,-268.58945673697946,2.9123717963423887,-125.55929018914614,0.5,0.25,-20,2,400,0.8,0.5,eq,1,35,5,5
3.7378786914194815,-100.40969001363109,0.6968241909147566,-317.3380030737065,0.21792555555555554,-210.05653428931527,2.9123717963423887,-123.36935350957845,0.5,0.25,-20,2,400,0.7,1,eff,0.5,35,0,5
3.7378786914194815,-97.3964960215078,0.664380693404857,-340.38789573195845,0.21792555555555554,-227.18098418717346,2.9123717963423887,-124.01004355853796,0.5,0.25,-20,2,400,0.8,0.5,eq,1,35,0,5
5.327510845438027,-97.19987474980884,0.6968241909147566,-350.4475789101096,0.21792555555555554,-248.36946276634643,2.9123717963423887,-124.80278419892288,0.5,0.25,-20,2,400,0.7,1,eff,0.5,6.5,5,5
3.7378786914194815,-96.24059247727779,0.664380693404857,-339.23199218772845,0.21792555555555554,-225.82669162138387,2.9123717963423887,-123.959374382275,0.5,0.25,-20,2,400,0.8,0.5,eq,1,6.5,0,5
5.327510845438027,-94.80383130978498,0.664380693404857,-375.73048077340303,0.21792555555555554,-268.58945673697946,2.9123717963423887,-125.55929018914614,0.5,0.25,-20,2,400,0.8,0.5,eq,1,6.5,5,5
5.327510845438027,-97.19987474980884,0.664380693404857,-378.126524213427,0.21792555555555554,-271.3967357998163,2.9123717963423887,-125.664321052674,0.5,0.25,-20,2,400,0.8,0.5,eq,0.5,6.5,5,5
3.7378786914194815,-97.91502633725602,0.664380693404857,-340.90642604770665,0.21792555555555554,-227.78851044257888,2.9123717963423887,-124.03277339970897,0.5,0.25,-20,2,400,0.8,0.5,eq,0.5,6.5,0,5
3.7378786914194815,-100.40969001363109,0.664380693404857,-343.4010897240817,0.21792555555555554,-230.71133604359255,2.9123717963423887,-124.14212729361995,0.5,0.25,-20,2,400,0.8,0.5,eq,0.5,35,0,5
5.327510845438027,-94.80383130978498,0.664380693404857,-359.73381294510773,0.21792555555555554,-258.30990456233855,2.9123717963423887,-125.17469349696997,0.5,0.25,-20,2,400,0.8,0.5,eff,1,35,5,5
3.7378786914194815,-100.40969001363109,0.664380693404857,-328.49638525365697,0.21792555555555554,-222.124052109102,2.9123717963423887,-123.82084471828259,0.5,0.25,-20,2,400,0.8,0.5,eff,0.5,35,0,5
3.7378786914194815,-97.3964960215078,0.664380693404857,-325.4831912615337,0.21792555555555554,-218.63352804020747,2.9123717963423887,-123.69025109046206,0.5,0.25,-20,2,400,0.8,0.5,eff,1,35,0,5
3.7378786914194815,-97.91502633725602,0.664380693404857,-326.0017215772819,0.21792555555555554,-219.2342004669389,2.9123717963423887,-123.71272450413574,0.5,0.25,-20,2,400,0.8,0.5,eff,0.5,6.5,0,5
5.327510845438027,-94.80383130978498,0.664380693404857,-359.73381294510773,0.21792555555555554,-258.30990456233855,2.9123717963423887,-125.17469349696997,0.5,0.25,-20,2,400,0.8,0.5,eff,1,6.5,5,5
3.7378786914194815,-96.24059247727779,0.664380693404857,-324.3272877173037,0.21792555555555554,-217.2945139728548,2.9123717963423887,-123.64015354026404,0.5,0.25,-20,2,400,0.8,0.5,eff,1,6.5,0,5
5.327510845438027,-97.19987474980884,0.664380693404857,-362.12985638513163,0.21792555555555554,-261.08551320883424,2.9123717963423887,-125.27853945115952,0.5,0.25,-20,2,400,0.8,0.5,eff,0.5,6.5,5,5
5.327510845438027,-94.80383130978498,0.6968241909147566,-363.32525016986153,0.21792555555555554,-255.01144130762566,2.9123717963423887,-125.05128558624823,0.5,0.25,-20,2,400,0.8,1,eq,1,6.5,5,5
5.327510845438027,-99.12385130279266,0.664380693404857,-364.0538329381154,0.21792555555555554,-263.3142732832234,2.9123717963423887,-125.3619257444244,0.5,0.25,-20,2,400,0.8,0.5,eff,0.5,35,5,5
5.327510845438027,-99.12385130279266,0.664380693404857,-380.05050076641083,0.21792555555555554,-273.6509266066222,2.9123717963423887,-125.74865880524355,0.5,0.25,-20,2,400,0.8,0.5,eq,0.5,35,5,5
3.7378786914194815,-96.24059247727779,0.6968241909147566,-327.3324346811119,0.21792555555555554,-212.8952124413488,2.9123717963423887,-123.475559131076,0.5,0.25,-20,2,400,0.8,1,eq,1,6.5,0,5
3.7378786914194815,-97.91502633725602,0.6968241909147566,-329.0068685410901,0.21792555555555554,-214.85451567209256,2.9123717963423887,-123.54886403081412,0.5,0.25,-20,2,400,0.8,1,eq,0.5,6.5,0,5
3.7378786914194815,-97.3964960215078,0.6968241909147566,-328.4883382253419,0.21792555555555554,-214.24776843228128,2.9123717963423887,-123.5261633355451,0.5,0.25,-20,2,400,0.8,1,eq,1,35,0,5
3.7378786914194815,-100.40969001363109,0.6968241909147566,-331.5015322174652,0.21792555555555554,-217.77359340779063,2.9123717963423887,-123.65807770299375,0.5,0.25,-20,2,400,0.8,1,eq,0.5,35,0,5
3.7378786914194815,-96.24059247727779,0.6968241909147566,-313.16890553735317,0.21792555555555554,-205.23224005763603,2.9123717963423887,-123.1888585257438,0.5,0.25,-20,2,400,0.8,1,eff,1,6.5,0,5
5.327510845438027,-94.80383130978498,0.6968241909147566,-348.0515354700857,0.21792555555555554,-245.59686787134376,2.9123717963423887,-124.6990510005066,0.5,0.25,-20,2,400,0.8,1,eff,1,6.5,5,5
3.7378786914194815,-97.3964960215078,0.6968241909147566,-314.32480908158317,0.21792555555555554,-206.56980022554282,2.9123717963423887,-123.23890168009754,0.5,0.25,-20,2,400,0.8,1,eff,1,35,0,5
5.327510845438027,-97.19987474980884,0.6968241909147566,-350.4475789101096,0.21792555555555554,-248.36946276634643,2.9123717963423887,-124.80278419892288,0.5,0.25,-20,2,400,0.8,1,eff,0.5,6.5,5,5
5.327510845438027,-99.12385130279266,0.6968241909147566,-352.3715554630934,0.21792555555555554,-250.59580285689987,2.9123717963423887,-124.88607995149448,0.5,0.25,-20,2,400,0.8,1,eff,0.5,35,5,5
5.327510845438027,-94.80383130978498,0.6968241909147566,-348.0515354700857,0.21792555555555554,-245.59686787134376,2.9123717963423887,-124.6990510005066,0.5,0.25,-20,2,400,0.8,1,eff,1,35,5,5
5.327510845438027,-97.19987474980884,0.6968241909147566,-365.72129360988544,0.21792555555555554,-257.8151206674796,2.9123717963423887,-125.15618177135457,0.5,0.25,-20,2,400,0.8,1,eq,0.5,6.5,5,5
5.327510845438027,-94.80383130978498,0.6968241909147566,-363.32525016986153,0.21792555555555554,-255.01144130762566,2.9123717963423887,-125.05128558624823,0.5,0.25,-20,2,400,0.8,1,eq,1,35,5,5
3.7378786914194815,-100.40969001363109,0.6968241909147566,-317.3380030737065,0.21792555555555554,-210.05653428931527,2.9123717963423887,-123.36935350957845,0.5,0.25,-20,2,400,0.8,1,eff,0.5,35,0,5
3.7378786914194815,-96.24059247727779,0.664380693404857,-339.23199218772845,0.28018999999999994,-225.82756410285566,2.943504018564611,-125.03682430853935,0.5,0.25,-20,2,500,0.7,0.5,eq,1,6.5,0,5
3.7378786914194815,-97.91502633725602,0.6968241909147566,-314.84333939733136,0.21792555555555554,-207.16982044318115,2.9123717963423887,-123.26135069217736,0.5,0.25,-20,2,400,0.8,1,eff,0.5,6.5,0,5
5.327510845438027,-94.80383130978498,0.664380693404857,-375.73048077340303,0.28018999999999994,-268.5903292186328,2.943504018564611,-127.07210251475576,0.5,0.25,-20,2,500,0.7,0.5,eq,1,35,5,5
5.327510845438027,-94.80383130978498,0.664380693404857,-375.73048077340303,0.28018999999999994,-268.5903292186328,2.943504018564611,-127.07210251475576,0.5,0.25,-20,2,500,0.7,0.5,eq,1,6.5,5,5
5.327510845438027,-99.12385130279266,0.6968241909147566,-367.6452701628692,0.21792555555555554,-260.0664209822504,2.9123717963423887,-125.24041137975073,0.5,0.25,-20,2,400,0.8,1,eq,0.5,35,5,5
3.7378786914194815,-97.91502633725602,0.664380693404857,-340.90642604770665,0.28018999999999994,-227.7893829241516,2.943504018564611,-125.13019635968514,0.5,0.25,-20,2,500,0.7,0.5,eq,0.5,6.5,0,5
3.7378786914194815,-97.3964960215078,0.664380693404857,-340.38789573195845,0.28018999999999994,-227.1818566687453,2.943504018564611,-125.10128136917919,0.5,0.25,-20,2,500,0.7,0.5,eq,1,35,0,5
5.327510845438027,-97.19987474980884,0.664380693404857,-378.126524213427,0.28018999999999994,-271.39760828147973,2.943504018564611,-127.20571393768199,0.5,0.25,-20,2,500,0.7,0.5,eq,0.5,6.5,5,5
5.327510845438027,-97.19987474980884,0.664380693404857,-362.12985638513163,0.28018999999999994,-261.0863094132544,2.943504018564611,-126.71495142951716,0.5,0.25,-20,2,500,0.7,0.5,eff,0.5,6.5,5,5
5.327510845438027,-94.80383130978498,0.664380693404857,-359.73381294510773,0.28018999999999994,-258.3107007667589,2.943504018564611,-126.58284734850412,0.5,0.25,-20,2,500,0.7,0.5,eff,1,35,5,5
3.7378786914194815,-96.24059247727779,0.664380693404857,-324.3272877173037,0.28018999999999994,-217.29531017747593,2.943504018564611,-124.63073479544984,0.5,0.25,-20,2,500,0.7,0.5,eff,1,6.5,0,5
5.327510845438027,-94.80383130978498,0.6968241909147566,-363.32525016986153,0.28018999999999994,-255.01226482836825,2.943504018564611,-126.42585949325591,0.5,0.25,-20,2,500,0.7,1,eq,1,35,5,5
5.327510845438027,-94.80383130978498,0.6968241909147566,-363.32525016986153,0.28018999999999994,-255.01226482836825,2.943504018564611,-126.42585949325591,0.5,0.25,-20,2,500,0.7,1,eq,1,6.5,5,5
3.7378786914194815,-97.3964960215078,0.664380693404857,-325.4831912615337,0.28018999999999994,-218.63432424467942,2.943504018564611,-124.69446468151824,0.5,0.25,-20,2,500,0.7,0.5,eff,1,35,0,5
3.7378786914194815,-97.91502633725602,0.664380693404857,-326.0017215772819,0.28018999999999994,-219.2349966714106,2.943504018564611,-124.72305346654855,0.5,0.25,-20,2,500,0.7,0.5,eff,0.5,6.5,0,5
3.7378786914194815,-96.24059247727779,0.6968241909147566,-327.3324346811119,0.28018999999999994,-212.8960359622546,2.943504018564611,-124.4213529439917,0.5,0.25,-20,2,500,0.7,1,eq,1,6.5,0,5
3.7378786914194815,-100.40969001363109,0.664380693404857,-328.49638525365697,0.28018999999999994,-222.1248483137184,2.943504018564611,-124.86059490127255,0.5,0.25,-20,2,500,0.7,0.5,eff,0.5,35,0,5
5.327510845438027,-99.12385130279266,0.664380693404857,-380.05050076641083,0.28018999999999994,-273.65179908816583,2.943504018564611,-127.31300132681778,0.5,0.25,-20,2,500,0.7,0.5,eq,0.5,35,5,5
3.7378786914194815,-100.40969001363109,0.664380693404857,-343.4010897240817,0.28018999999999994,-230.71220852519454,2.943504018564611,-125.2693071779466,0.5,0.25,-20,2,500,0.7,0.5,eq,0.5,35,0,5
5.327510845438027,-99.12385130279266,0.664380693404857,-364.0538329381154,0.28018999999999994,-263.3150694876742,2.943504018564611,-126.82102845222765,0.5,0.25,-20,2,500,0.7,0.5,eff,0.5,35,5,5
5.327510845438027,-94.80383130978498,0.664380693404857,-359.73381294510773,0.28018999999999994,-258.3107007667589,2.943504018564611,-126.58284734850412,0.5,0.25,-20,2,500,0.7,0.5,eff,1,6.5,5,5
5.327510845438027,-97.19987474980884,0.6968241909147566,-365.72129360988544,0.28018999999999994,-257.8159441882873,2.943504018564611,-126.55929958963452,0.5,0.25,-20,2,500,0.7,1,eq,0.5,6.5,5,5
3.7378786914194815,-97.91502633725602,0.6968241909147566,-329.0068685410901,0.28018999999999994,-214.85533919290265,2.943504018564611,-124.51460526651836,0.5,0.25,-20,2,500,0.7,1,eq,0.5,6.5,0,5
3.7378786914194815,-97.3964960215078,0.6968241909147566,-328.4883382253419,0.28018999999999994,-214.2485919530373,2.943504018564611,-124.4857273529728,0.5,0.25,-20,2,500,0.7,1,eq,1,35,0,5
3.7378786914194815,-97.3964960215078,0.6968241909147566,-314.32480908158317,0.28018999999999994,-206.5705525141649,2.943504018564611,-124.12029386675894,0.5,0.25,-20,2,500,0.7,1,eff,1,35,0,5
3.7378786914194815,-96.24059247727779,0.6968241909147566,-313.16890553735317,0.28018999999999994,-205.23299234626106,2.943504018564611,-124.05663317849735,0.5,0.25,-20,2,500,0.7,1,eff,1,6.5,0,5
3.7378786914194815,-100.40969001363109,0.6968241909147566,-317.3380030737065,0.28018999999999994,-210.05728657798517,2.943504018564611,-124.28624370259745,0.5,0.25,-20,2,500,0.7,1,eff,0.5,35,0,5
5.327510845438027,-99.12385130279266,0.6968241909147566,-352.3715554630934,0.28018999999999994,-250.59655514567936,2.943504018564611,-126.21569540171917,0.5,0.25,-20,2,500,0.7,1,eff,0.5,35,5,5
5.327510845438027,-94.80383130978498,0.664380693404857,-375.73048077340303,0.28018999999999994,-268.5903292186328,2.943504018564611,-127.07210251475576,0.5,0.25,-20,2,500,0.8,0.5,eq,1,6.5,5,5
3.7378786914194815,-100.40969001363109,0.6968241909147566,-331.5015322174652,0.28018999999999994,-217.77441692850232,2.943504018564611,-124.65353770649124,0.5,0.25,-20,2,500,0.7,1,eq,0.5,35,0,5
5.327510845438027,-99.12385130279266,0.6968241909147566,-367.6452701628692,0.28018999999999994,-260.0672445031951,2.943504018564611,-126.66644940686855,0.5,0.25,-20,2,500,0.7,1,eq,0.5,35,5,5
5.327510845438027,-94.80383130978498,0.6968241909147566,-348.0515354700857,0.28018999999999994,-245.5976201599532,2.943504018564611,-125.97777291463974,0.5,0.25,-20,2,500,0.7,1,eff,1,35,5,5
3.7378786914194815,-97.91502633725602,0.6968241909147566,-314.84333939733136,0.28018999999999994,-207.17057273180544,2.943504018564611,-124.14885161013555,0.5,0.25,-20,2,500,0.7,1,eff,0.5,6.5,0,5
3.7378786914194815,-97.91502633725602,0.664380693404857,-340.90642604770665,0.28018999999999994,-227.7893829241516,2.943504018564611,-125.13019635968514,0.5,0.25,-20,2,500,0.8,0.5,eq,0.5,6.5,0,5
5.327510845438027,-99.12385130279266,0.664380693404857,-380.05050076641083,0.28018999999999994,-273.65179908816583,2.943504018564611,-127.31300132681778,0.5,0.25,-20,2,500,0.8,0.5,eq,0.5,35,5,5
3.7378786914194815,-96.24059247727779,0.664380693404857,-324.3272877173037,0.28018999999999994,-217.29531017747593,2.943504018564611,-124.63073479544984,0.5,0.25,-20,2,500,0.8,0.5,eff,1,6.5,0,5
5.327510845438027,-94.80383130978498,0.664380693404857,-359.73381294510773,0.28018999999999994,-258.3107007667589,2.943504018564611,-126.58284734850412,0.5,0.25,-20,2,500,0.8,0.5,eff,1,6.5,5,5
5.327510845438027,-94.80383130978498,0.6968241909147566,-348.0515354700857,0.28018999999999994,-245.5976201599532,2.943504018564611,-125.97777291463974,0.5,0.25,-20,2,500,0.7,1,eff,1,6.5,5,5
5.327510845438027,-97.19987474980884,0.6968241909147566,-350.4475789101096,0.28018999999999994,-248.37021505508528,2.943504018564611,-126.10973355725608,0.5,0.25,-20,2,500,0.7,1,eff,0.5,6.5,5,5
5.327510845438027,-94.80383130978498,0.664380693404857,-359.73381294510773,0.28018999999999994,-258.3107007667589,2.943504018564611,-126.58284734850412,0.5,0.25,-20,2,500,0.8,0.5,eff,1,35,5,5
3.7378786914194815,-96.24059247727779,0.664380693404857,-339.23199218772845,0.28018999999999994,-225.82756410285566,2.943504018564611,-125.03682430853935,0.5,0.25,-20,2,500,0.8,0.5,eq,1,6.5,0,5
3.7378786914194815,-100.40969001363109,0.664380693404857,-343.4010897240817,0.28018999999999994,-230.71220852519454,2.943504018564611,-125.2693071779466,0.5,0.25,-20,2,500,0.8,0.5,eq,0.5,35,0,5
5.327510845438027,-94.80383130978498,0.664380693404857,-375.73048077340303,0.28018999999999994,-268.5903292186328,2.943504018564611,-127.07210251475576,0.5,0.25,-20,2,500,0.8,0.5,eq,1,35,5,5
5.327510845438027,-97.19987474980884,0.664380693404857,-378.126524213427,0.28018999999999994,-271.39760828147973,2.943504018564611,-127.20571393768199,0.5,0.25,-20,2,500,0.8,0.5,eq,0.5,6.5,5,5
3.7378786914194815,-97.3964960215078,0.664380693404857,-340.38789573195845,0.28018999999999994,-227.1818566687453,2.943504018564611,-125.10128136917919,0.5,0.25,-20,2,500,0.8,0.5,eq,1,35,0,5
3.7378786914194815,-97.3964960215078,0.664380693404857,-325.4831912615337,0.28018999999999994,-218.63432424467942,2.943504018564611,-124.69446468151824,0.5,0.25,-20,2,500,0.8,0.5,eff,1,35,0,5
3.7378786914194815,-97.91502633725602,0.664380693404857,-326.0017215772819,0.28018999999999994,-219.2349966714106,2.943504018564611,-124.72305346654855,0.5,0.25,-20,2,500,0.8,0.5,eff,0.5,6.5,0,5
5.327510845438027,-97.19987474980884,0.664380693404857,-362.12985638513163,0.28018999999999994,-261.0863094132544,2.943504018564611,-126.71495142951716,0.5,0.25,-20,2,500,0.8,0.5,eff,0.5,6.5,5,5
3.7378786914194815,-96.24059247727779,0.6968241909147566,-327.3324346811119,0.28018999999999994,-212.8960359622546,2.943504018564611,-124.4213529439917,0.5,0.25,-20,2,500,0.8,1,eq,1,6.5,0,5
5.327510845438027,-94.80383130978498,0.6968241909147566,-363.32525016986153,0.28018999999999994,-255.01226482836825,2.943504018564611,-126.42585949325591,0.5,0.25,-20,2,500,0.8,1,eq,1,6.5,5,5
5.327510845438027,-99.12385130279266,0.664380693404857,-364.0538329381154,0.28018999999999994,-263.3150694876742,2.943504018564611,-126.82102845222765,0.5,0.25,-20,2,500,0.8,0.5,eff,0.5,35,5,5
3.7378786914194815,-97.3964960215078,0.6968241909147566,-328.4883382253419,0.28018999999999994,-214.2485919530373,2.943504018564611,-124.4857273529728,0.5,0.25,-20,2,500,0.8,1,eq,1,35,0,5
5.327510845438027,-94.80383130978498,0.6968241909147566,-363.32525016986153,0.28018999999999994,-255.01226482836825,2.943504018564611,-126.42585949325591,0.5,0.25,-20,2,500,0.8,1,eq,1,35,5,5
3.7378786914194815,-100.40969001363109,0.664380693404857,-328.49638525365697,0.28018999999999994,-222.1248483137184,2.943504018564611,-124.86059490127255,0.5,0.25,-20,2,500,0.8,0.5,eff,0.5,35,0,5
5.327510845438027,-99.12385130279266,0.6968241909147566,-367.6452701628692,0.28018999999999994,-260.0672445031951,2.943504018564611,-126.66644940686855,0.5,0.25,-20,2,500,0.8,1,eq,0.5,35,5,5
3.7378786914194815,-100.40969001363109,0.6968241909147566,-331.5015322174652,0.28018999999999994,-217.77441692850232,2.943504018564611,-124.65353770649124,0.5,0.25,-20,2,500,0.8,1,eq,0.5,35,0,5
5.327510845438027,-97.19987474980884,0.6968241909147566,-365.72129360988544,0.28018999999999994,-257.8159441882873,2.943504018564611,-126.55929958963452,0.5,0.25,-20,2,500,0.8,1,eq,0.5,6.5,5,5
5.327510845438027,-94.80383130978498,0.6968241909147566,-348.0515354700857,0.28018999999999994,-245.5976201599532,2.943504018564611,-125.97777291463974,0.5,0.25,-20,2,500,0.8,1,eff,1,35,5,5
3.7378786914194815,-97.91502633725602,0.6968241909147566,-329.0068685410901,0.28018999999999994,-214.85533919290265,2.943504018564611,-124.51460526651836,0.5,0.25,-20,2,500,0.8,1,eq,0.5,6.5,0,5
5.327510845438027,-94.80383130978498,0.6968241909147566,-348.0515354700857,0.28018999999999994,-245.5976201599532,2.943504018564611,-125.97777291463974,0.5,0.25,-20,2,500,0.8,1,eff,1,6.5,5,5
3.7378786914194815,-97.3964960215078,0.6968241909147566,-314.32480908158317,0.28018999999999994,-206.5705525141649,2.943504018564611,-124.12029386675894,0.5,0.25,-20,2,500,0.8,1,eff,1,35,0,5
3.7378786914194815,-96.24059247727779,0.6968241909147566,-313.16890553735317,0.28018999999999994,-205.23299234626106,2.943504018564611,-124.05663317849735,0.5,0.25,-20,2,500,0.8,1,eff,1,6.5,0,5
5.327510845438027,-97.19987474980884,0.6968241909147566,-350.4475789101096,0.28018999999999994,-248.37021505508528,2.943504018564611,-126.10973355725608,0.5,0.25,-20,2,500,0.8,1,eff,0.5,6.5,5,5
3.7378786914194815,-97.91502633725602,0.6968241909147566,-314.84333939733136,0.28018999999999994,-207.17057273180544,2.943504018564611,-124.14885161013555,0.5,0.25,-20,2,500,0.8,1,eff,0.5,6.5,0,5
5.327510845438027,-94.80383130978498,1.6648435882347152,-234.2743125713414,0.10896277777777777,-125.86024846570876,2.8578904074535,-120.1117168365915,0.5,0.25,-10,1,400,0.7,0.5,eq,1,6.5,5,5
3.7378786914194815,-100.40969001363109,0.6968241909147566,-317.3380030737065,0.28018999999999994,-210.05728657798517,2.943504018564611,-124.28624370259745,0.5,0.25,-20,2,500,0.8,1,eff,0.5,35,0,5
5.327510845438027,-99.12385130279266,0.6968241909147566,-352.3715554630934,0.28018999999999994,-250.59655514567936,2.943504018564611,-126.21569540171917,0.5,0.25,-20,2,500,0.8,1,eff,0.5,35,5,5
5.327510845438027,-99.12385130279266,1.6648435882347152,-238.59433256434912,0.10896277777777777,-130.79191444090776,2.8578904074535,-120.20573164246507,0.5,0.25,-10,1,400,0.7,0.5,eq,0.5,35,5,5
3.7378786914194815,-96.24059247727779,1.6648435882347152,-197.7758239856668,0.10896277777777777,-84.19415557818891,2.8578904074535,-119.31741534617568,0.5,0.25,-10,1,400,0.7,0.5,eq,1,6.5,0,5
5.327510845438027,-94.80383130978498,1.6648435882347152,-234.2743125713414,0.10896277777777777,-125.86024846570876,2.8578904074535,-120.1117168365915,0.5,0.25,-10,1,400,0.7,0.5,eq,1,35,5,5
3.7378786914194815,-97.3964960215078,1.6648435882347152,-198.9317275298968,0.10896277777777777,-85.51371664248106,2.8578904074535,-119.3425707962653,0.5,0.25,-10,1,400,0.7,0.5,eq,1,35,0,5
3.7378786914194815,-97.91502633725602,1.6648435882347152,-199.450257845645,0.10896277777777777,-86.10566258700342,2.8578904074535,-119.35385535676501,0.5,0.25,-10,1,400,0.7,0.5,eq,0.5,6.5,0,5
5.327510845438027,-97.19987474980884,1.6648435882347152,-236.6703560113653,0.10896277777777777,-128.59553347065722,2.8578904074535,-120.16386093759968,0.5,0.25,-10,1,400,0.7,0.5,eq,0.5,6.5,5,5
3.7378786914194815,-97.3964960215078,1.6648435882347152,-193.86606062991206,0.10896277777777777,-86.53283494386267,2.8578904074535,-119.36199875625863,0.5,0.25,-10,1,400,0.7,0.5,eff,1,35,0,5
3.7378786914194815,-96.24059247727779,1.6648435882347152,-192.71015708568203,0.10896277777777777,-85.22302721776016,2.8578904074535,-119.33702923891487,0.5,0.25,-10,1,400,0.7,0.5,eff,1,6.5,0,5
5.327510845438027,-94.80383130978498,1.6648435882347152,-228.1166823134861,0.10896277777777777,-125.34379726734635,2.8578904074535,-120.1018714700558,0.5,0.25,-10,1,400,0.7,0.5,eff,1,6.5,5,5
5.327510845438027,-94.80383130978498,1.6648435882347152,-228.1166823134861,0.10896277777777777,-125.34379726734635,2.8578904074535,-120.1018714700558,0.5,0.25,-10,1,400,0.7,0.5,eff,1,35,5,5
3.7378786914194815,-100.40969001363109,1.6648435882347152,-196.87925462203535,0.10896277777777777,-89.94722431117403,2.8578904074535,-119.42708896211585,0.5,0.25,-10,1,400,0.7,0.5,eff,0.5,35,0,5
3.7378786914194815,-100.40969001363109,1.6648435882347152,-201.94492152202008,0.10896277777777777,-88.95353088218755,2.8578904074535,-119.40814568913393,0.5,0.25,-10,1,400,0.7,0.5,eq,0.5,35,0,5
5.327510845438027,-97.19987474980884,1.6648435882347152,-230.51272575350998,0.10896277777777777,-128.05886482251455,2.8578904074535,-120.15363015574476,0.5,0.25,-10,1,400,0.7,0.5,eff,0.5,6.5,5,5
3.7378786914194815,-97.91502633725602,1.6648435882347152,-194.38459094566028,0.10896277777777777,-87.12040560856822,2.8578904074535,-119.37319990861917,0.5,0.25,-10,1,400,0.7,0.5,eff,0.5,6.5,0,5
5.327510845438027,-94.80383130978498,1.7398467296524174,-226.22702037900632,0.10896277777777777,-117.83604136053543,2.8578904074535,-119.95874737818201,0.5,0.25,-10,1,400,0.7,1,eq,1,6.5,5,5
5.327510845438027,-99.12385130279266,1.6648435882347152,-232.4367023064938,0.10896277777777777,-130.2390115714176,2.8578904074535,-120.19519137955936,0.5,0.25,-10,1,400,0.7,0.5,eff,0.5,35,5,5
3.7378786914194815,-97.91502633725602,1.7398467296524174,-191.9086387502349,0.10896277777777777,-78.7102821516842,2.8578904074535,-119.21287353449961,0.5,0.25,-10,1,400,0.7,1,eq,0.5,6.5,0,5
3.7378786914194815,-97.3964960215078,1.7398467296524174,-191.39010843448668,0.10896277777777777,-78.11911522269712,2.8578904074535,-119.20160382476108,0.5,0.25,-10,1,400,0.7,1,eq,1,35,0,5
5.327510845438027,-94.80383130978498,1.7398467296524174,-220.42979123542017,0.10896277777777777,-117.62305960379439,2.8578904074535,-119.95468720082702,0.5,0.25,-10,1,400,0.7,1,eff,1,6.5,5,5
3.7378786914194815,-97.3964960215078,1.7398467296524174,-186.70306484691756,0.10896277777777777,-79.44856306402977,2.8578904074535,-119.22694775140785,0.5,0.25,-10,1,400,0.7,1,eff,1,35,0,5
3.7378786914194815,-96.24059247727779,1.7398467296524174,-185.54716130268756,0.10896277777777777,-78.14022274830582,2.8578904074535,-119.20200620803934,0.5,0.25,-10,1,400,0.7,1,eff,1,6.5,0,5
3.7378786914194815,-97.91502633725602,1.7398467296524174,-187.22159516266578,0.10896277777777777,-80.03547545854394,2.8578904074535,-119.23813635483582,0.5,0.25,-10,1,400,0.7,1,eff,0.5,6.5,0,5
5.327510845438027,-97.19987474980884,1.7398467296524174,-222.82583467544404,0.10896277777777777,-120.33508540067753,2.8578904074535,-120.00638789996209,0.5,0.25,-10,1,400,0.7,1,eff,0.5,6.5,5,5
3.7378786914194815,-100.40969001363109,1.7398467296524174,-189.71625883904088,0.10896277777777777,-82.85912720538632,2.8578904074535,-119.29196503507666,0.5,0.25,-10,1,400,0.7,1,eff,0.5,35,0,5
5.327510845438027,-99.12385130279266,1.7398467296524174,-224.74981122842786,0.10896277777777777,-122.51278967642135,2.8578904074535,-120.04790256169385,0.5,0.25,-10,1,400,0.7,1,eff,0.5,35,5,5
5.327510845438027,-97.19987474980884,1.6648435882347152,-236.6703560113653,0.10896277777777777,-128.59553347065722,2.8578904074535,-120.16386093759968,0.5,0.25,-10,1,400,0.8,0.5,eq,0.5,6.5,5,5
5.327510845438027,-94.80383130978498,1.6648435882347152,-234.2743125713414,0.10896277777777777,-125.86024846570876,2.8578904074535,-120.1117168365915,0.5,0.25,-10,1,400,0.8,0.5,eq,1,6.5,5,5
5.327510845438027,-99.12385130279266,1.6648435882347152,-238.59433256434912,0.10896277777777777,-130.79191444090776,2.8578904074535,-120.20573164246507,0.5,0.25,-10,1,400,0.8,0.5,eq,0.5,35,5,5
3.7378786914194815,-97.91502633725602,1.6648435882347152,-199.450257845645,0.10896277777777777,-86.10566258700342,2.8578904074535,-119.35385535676501,0.5,0.25,-10,1,400,0.8,0.5,eq,0.5,6.5,0,5
3.7378786914194815,-100.40969001363109,1.6648435882347152,-201.94492152202008,0.10896277777777777,-88.95353088218755,2.8578904074535,-119.40814568913393,0.5,0.25,-10,1,400,0.8,0.5,eq,0.5,35,0,5
5.327510845438027,-99.12385130279266,1.7398467296524174,-230.54704037201395,0.10896277777777777,-122.76121714103353,2.8578904074535,-120.0526384582401,0.5,0.25,-10,1,400,0.7,1,eq,0.5,35,5,5
3.7378786914194815,-100.40969001363109,1.7398467296524174,-194.40330242660997,0.10896277777777777,-81.55440258154636,2.8578904074535,-119.26709241944423,0.5,0.25,-10,1,400,0.7,1,eq,0.5,35,0,5
5.327510845438027,-94.80383130978498,1.6648435882347152,-228.1166823134861,0.10896277777777777,-125.34379726734635,2.8578904074535,-120.1018714700558,0.5,0.25,-10,1,400,0.8,0.5,eff,1,6.5,5,5
5.327510845438027,-94.80383130978498,1.7398467296524174,-220.42979123542017,0.10896277777777777,-117.62305960379439,2.8578904074535,-119.95468720082702,0.5,0.25,-10,1,400,0.7,1,eff,1,35,5,5
5.327510845438027,-97.19987474980884,1.7398467296524174,-228.62306381903014,0.10896277777777777,-120.56772666269188,2.8578904074535,-120.0108228562622,0.5,0.25,-10,1,400,0.7,1,eq,0.5,6.5,5,5
3.7378786914194815,-97.3964960215078,1.6648435882347152,-193.86606062991206,0.10896277777777777,-86.53283494386267,2.8578904074535,-119.36199875625863,0.5,0.25,-10,1,400,0.8,0.5,eff,1,35,0,5
5.327510845438027,-94.80383130978498,1.6648435882347152,-234.2743125713414,0.10896277777777777,-125.86024846570876,2.8578904074535,-120.1117168365915,0.5,0.25,-10,1,400,0.8,0.5,eq,1,35,5,5
3.7378786914194815,-97.3964960215078,1.6648435882347152,-198.9317275298968,0.10896277777777777,-85.51371664248106,2.8578904074535,-119.3425707962653,0.5,0.25,-10,1,400,0.8,0.5,eq,1,35,0,5
3.7378786914194815,-96.24059247727779,1.7398467296524174,-190.23420489025668,0.10896277777777777,-76.80129073349016,2.8578904074535,-119.17648147986759,0.5,0.25,-10,1,400,0.7,1,eq,1,6.5,0,5
5.327510845438027,-94.80383130978498,1.7398467296524174,-226.22702037900632,0.10896277777777777,-117.83604136053543,2.8578904074535,-119.95874737818201,0.5,0.25,-10,1,400,0.7,1,eq,1,35,5,5
5.327510845438027,-97.19987474980884,1.6648435882347152,-230.51272575350998,0.10896277777777777,-128.05886482251455,2.8578904074535,-120.15363015574476,0.5,0.25,-10,1,400,0.8,0.5,eff,0.5,6.5,5,5
5.327510845438027,-94.80383130978498,1.6648435882347152,-228.1166823134861,0.10896277777777777,-125.34379726734635,2.8578904074535,-120.1018714700558,0.5,0.25,-10,1,400,0.8,0.5,eff,1,35,5,5
5.327510845438027,-94.80383130978498,1.7398467296524174,-226.22702037900632,0.10896277777777777,-117.83604136053543,2.8578904074535,-119.95874737818201,0.5,0.25,-10,1,400,0.8,1,eq,1,6.5,5,5
3.7378786914194815,-96.24059247727779,1.6648435882347152,-192.71015708568203,0.10896277777777777,-85.22302721776016,2.8578904074535,-119.33702923891487,0.5,0.25,-10,1,400,0.8,0.5,eff,1,6.5,0,5
3.7378786914194815,-97.91502633725602,1.7398467296524174,-191.9086387502349,0.10896277777777777,-78.7102821516842,2.8578904074535,-119.21287353449961,0.5,0.25,-10,1,400,0.8,1,eq,0.5,6.5,0,5
3.7378786914194815,-96.24059247727779,1.6648435882347152,-197.7758239856668,0.10896277777777777,-84.19415557818891,2.8578904074535,-119.31741534617568,0.5,0.25,-10,1,400,0.8,0.5,eq,1,6.5,0,5
5.327510845438027,-97.19987474980884,1.7398467296524174,-228.62306381903014,0.10896277777777777,-120.56772666269188,2.8578904074535,-120.0108228562622,0.5,0.25,-10,1,400,0.8,1,eq,0.5,6.5,5,5
3.7378786914194815,-97.91502633725602,1.6648435882347152,-194.38459094566028,0.10896277777777777,-87.12040560856822,2.8578904074535,-119.37319990861917,0.5,0.25,-10,1,400,0.8,0.5,eff,0.5,6.5,0,5
3.7378786914194815,-97.3964960215078,1.7398467296524174,-191.39010843448668,0.10896277777777777,-78.11911522269712,2.8578904074535,-119.20160382476108,0.5,0.25,-10,1,400,0.8,1,eq,1,35,0,5
5.327510845438027,-99.12385130279266,1.7398467296524174,-230.54704037201395,0.10896277777777777,-122.76121714103353,2.8578904074535,-120.0526384582401,0.5,0.25,-10,1,400,0.8,1,eq,0.5,35,5,5
3.7378786914194815,-96.24059247727779,1.7398467296524174,-190.23420489025668,0.10896277777777777,-76.80129073349016,2.8578904074535,-119.17648147986759,0.5,0.25,-10,1,400,0.8,1,eq,1,6.5,0,5
5.327510845438027,-94.80383130978498,1.7398467296524174,-226.22702037900632,0.10896277777777777,-117.83604136053543,2.8578904074535,-119.95874737818201,0.5,0.25,-10,1,400,0.8,1,eq,1,35,5,5
3.7378786914194815,-100.40969001363109,1.7398467296524174,-194.40330242660997,0.10896277777777777,-81.55440258154636,2.8578904074535,-119.26709241944423,0.5,0.25,-10,1,400,0.8,1,eq,0.5,35,0,5
5.327510845438027,-99.12385130279266,1.6648435882347152,-232.4367023064938,0.10896277777777777,-130.2390115714176,2.8578904074535,-120.19519137955936,0.5,0.25,-10,1,400,0.8,0.5,eff,0.5,35,5,5
3.7378786914194815,-100.40969001363109,1.6648435882347152,-196.87925462203535,0.10896277777777777,-89.94722431117403,2.8578904074535,-119.42708896211585,0.5,0.25,-10,1,400,0.8,0.5,eff,0.5,35,0,5
3.7378786914194815,-96.24059247727779,1.7398467296524174,-185.54716130268756,0.10896277777777777,-78.14022274830582,2.8578904074535,-119.20200620803934,0.5,0.25,-10,1,400,0.8,1,eff,1,6.5,0,5
5.327510845438027,-94.80383130978498,1.7398467296524174,-220.42979123542017,0.10896277777777777,-117.62305960379439,2.8578904074535,-119.95468720082702,0.5,0.25,-10,1,400,0.8,1,eff,1,6.5,5,5
5.327510845438027,-99.12385130279266,1.7398467296524174,-224.74981122842786,0.10896277777777777,-122.51278967642135,2.8578904074535,-120.04790256169385,0.5,0.25,-10,1,400,0.8,1,eff,0.5,35,5,5
5.327510845438027,-97.19987474980884,1.7398467296524174,-222.82583467544404,0.10896277777777777,-120.33508540067753,2.8578904074535,-120.00638789996209,0.5,0.25,-10,1,400,0.8,1,eff,0.5,6.5,5,5
3.7378786914194815,-97.91502633725602,1.7398467296524174,-187.22159516266578,0.10896277777777777,-80.03547545854394,2.8578904074535,-119.23813635483582,0.5,0.25,-10,1,400,0.8,1,eff,0.5,6.5,0,5
3.7378786914194815,-97.3964960215078,1.7398467296524174,-186.70306484691756,0.10896277777777777,-79.44856306402977,2.8578904074535,-119.22694775140785,0.5,0.25,-10,1,400,0.8,1,eff,1,35,0,5
5.327510845438027,-94.80383130978498,1.7398467296524174,-220.42979123542017,0.10896277777777777,-117.62305960379439,2.8578904074535,-119.95468720082702,0.5,0.25,-10,1,400,0.8,1,eff,1,35,5,5
3.7378786914194815,-100.40969001363109,1.7398467296524174,-189.71625883904088,0.10896277777777777,-82.85912720538632,2.8578904074535,-119.29196503507666,0.5,0.25,-10,1,400,0.8,1,eff,0.5,35,0,5
5.327510845438027,-94.80383130978498,1.6648435882347152,-234.2743125713414,0.14009499999999997,-125.86038839390045,2.873456518564611,-120.14286123815322,0.5,0.25,-10,1,500,0.7,0.5,eq,1,6.5,5,5
3.7378786914194815,-96.24059247727779,1.6648435882347152,-197.7758239856668,0.14009499999999997,-84.19429550640068,2.873456518564611,-119.12714875993025,0.5,0.25,-10,1,500,0.7,0.5,eq,1,6.5,0,5
5.327510845438027,-94.80383130978498,1.6648435882347152,-234.2743125713414,0.14009499999999997,-125.86038839390045,2.873456518564611,-120.14286123815322,0.5,0.25,-10,1,500,0.7,0.5,eq,1,35,5,5
3.7378786914194815,-97.91502633725602,1.6648435882347152,-199.450257845645,0.14009499999999997,-86.10580251524512,2.873456518564611,-119.17374639811862,0.5,0.25,-10,1,500,0.7,0.5,eq,0.5,6.5,0,5
3.7378786914194815,-97.3964960215078,1.6648435882347152,-198.9317275298968,0.14009499999999997,-85.5138565706916,2.873456518564611,-119.15931627423015,0.5,0.25,-10,1,500,0.7,0.5,eq,1,35,0,5
5.327510845438027,-97.19987474980884,1.6648435882347152,-236.6703560113653,0.14009499999999997,-128.5956733989392,2.873456518564611,-120.2095404710396,0.5,0.25,-10,1,500,0.7,0.5,eq,0.5,6.5,5,5
3.7378786914194815,-100.40969001363109,1.6648435882347152,-201.94492152202008,0.14009499999999997,-88.95367081031812,2.873456518564611,-119.24317012285934,0.5,0.25,-10,1,500,0.7,0.5,eq,0.5,35,0,5
5.327510845438027,-99.12385130279266,1.6648435882347152,-238.59433256434912,0.14009499999999997,-130.7920543690691,2.873456518564611,-120.26308260575136,0.5,0.25,-10,1,500,0.7,0.5,eq,0.5,35,5,5
3.7378786914194815,-96.24059247727779,1.6648435882347152,-192.71015708568203,0.14009499999999997,-85.22315783415965,2.873456518564611,-119.1522297846258,0.5,0.25,-10,1,500,0.7,0.5,eff,1,6.5,0,5
5.327510845438027,-94.80383130978498,1.6648435882347152,-228.1166823134861,0.14009499999999997,-125.34392788380119,2.873456518564611,-120.13027125554943,0.5,0.25,-10,1,500,0.7,0.5,eff,1,6.5,5,5
3.7378786914194815,-97.91502633725602,1.6648435882347152,-194.38459094566028,0.14009499999999997,-87.12053622496772,2.873456518564611,-119.1984830033438,0.5,0.25,-10,1,500,0.7,0.5,eff,0.5,6.5,0,5
5.327510845438027,-94.80383130978498,1.6648435882347152,-228.1166823134861,0.14009499999999997,-125.34392788380119,2.873456518564611,-120.13027125554943,0.5,0.25,-10,1,500,0.7,0.5,eff,1,35,5,5
3.7378786914194815,-97.3964960215078,1.6648435882347152,-193.86606062991206,0.14009499999999997,-86.53296556026218,2.873456518564611,-119.18415953755624,0.5,0.25,-10,1,500,0.7,0.5,eff,1,35,0,5
3.7378786914194815,-100.40969001363109,1.6648435882347152,-196.87925462203535,0.14009499999999997,-89.9473549275735,2.873456518564611,-119.26739359300886,0.5,0.25,-10,1,500,0.7,0.5,eff,0.5,35,0,5
5.327510845438027,-99.12385130279266,1.6648435882347152,-232.4367023064938,0.14009499999999997,-130.23914218775522,2.873456518564611,-120.2496040248957,0.5,0.25,-10,1,500,0.7,0.5,eff,0.5,35,5,5
5.327510845438027,-97.19987474980884,1.6648435882347152,-230.51272575350998,0.14009499999999997,-128.0589954389731,2.873456518564611,-120.19645763886255,0.5,0.25,-10,1,500,0.7,0.5,eff,0.5,6.5,5,5
5.327510845438027,-94.80383130978498,1.7398467296524174,-226.22702037900632,0.14009499999999997,-117.83617366150075,2.873456518564611,-119.94725146371033,0.5,0.25,-10,1,500,0.7,1,eq,1,6.5,5,5
3.7378786914194815,-96.24059247727779,1.7398467296524174,-190.23420489025668,0.14009499999999997,-76.80142303434403,2.873456518564611,-118.94692949051,0.5,0.25,-10,1,500,0.7,1,eq,1,6.5,0,5
5.327510845438027,-94.80383130978498,1.7398467296524174,-226.22702037900632,0.14009499999999997,-117.83617366150075,2.873456518564611,-119.94725146371033,0.5,0.25,-10,1,500,0.7,1,eq,1,35,5,5
3.7378786914194815,-97.3964960215078,1.7398467296524174,-191.39010843448668,0.14009499999999997,-78.1192475235498,2.873456518564611,-118.97905467156333,0.5,0.25,-10,1,500,0.7,1,eq,1,35,0,5
5.327510845438027,-97.19987474980884,1.7398467296524174,-228.62306381903014,0.14009499999999997,-120.56785896356884,2.873456518564611,-120.013842945071,0.5,0.25,-10,1,500,0.7,1,eq,0.5,6.5,5,5
3.7378786914194815,-97.91502633725602,1.7398467296524174,-191.9086387502349,0.14009499999999997,-78.71041445262676,2.873456518564611,-118.99346580505255,0.5,0.25,-10,1,500,0.7,1,eq,0.5,6.5,0,5
5.327510845438027,-99.12385130279266,1.7398467296524174,-230.54704037201395,0.14009499999999997,-122.76134944200065,2.873456518564611,-120.06731461700859,0.5,0.25,-10,1,500,0.7,1,eq,0.5,35,5,5
3.7378786914194815,-97.3964960215078,1.7398467296524174,-186.70306484691756,0.14009499999999997,-79.44868671932142,2.873456518564611,-119.01146298937304,0.5,0.25,-10,1,500,0.7,1,eff,1,35,0,5
3.7378786914194815,-100.40969001363109,1.7398467296524174,-194.40330242660997,0.14009499999999997,-81.55453488239611,2.873456518564611,-119.06279816644982,0.5,0.25,-10,1,500,0.7,1,eq,0.5,35,0,5
5.327510845438027,-99.12385130279266,1.7398467296524174,-224.74981122842786,0.14009499999999997,-122.51291333174187,2.873456518564611,-120.06125838183657,0.5,0.25,-10,1,500,0.7,1,eff,0.5,35,5,5
3.7378786914194815,-97.91502633725602,1.7398467296524174,-187.22159516266578,0.14009499999999997,-80.03559911384392,2.873456518564611,-119.02577040822193,0.5,0.25,-10,1,500,0.7,1,eff,0.5,6.5,0,5
5.327510845438027,-97.19987474980884,1.7398467296524174,-222.82583467544404,0.14009499999999997,-120.33520905592862,2.873456518564611,-120.00817153702981,0.5,0.25,-10,1,500,0.7,1,eff,0.5,6.5,5,5
5.327510845438027,-94.80383130978498,1.7398467296524174,-220.42979123542017,0.14009499999999997,-117.62318325903767,2.873456518564611,-119.94205930398205,0.5,0.25,-10,1,500,0.7,1,eff,1,6.5,5,5
3.7378786914194815,-96.24059247727779,1.7398467296524174,-185.54716130268756,0.14009499999999997,-78.14034640363947,2.873456518564611,-118.97956900814499,0.5,0.25,-10,1,500,0.7,1,eff,1,6.5,0,5
5.327510845438027,-94.80383130978498,1.7398467296524174,-220.42979123542017,0.14009499999999997,-117.62318325903767,2.873456518564611,-119.94205930398205,0.5,0.25,-10,1,500,0.7,1,eff,1,35,5,5
3.7378786914194815,-96.24059247727779,1.6648435882347152,-197.7758239856668,0.14009499999999997,-84.19429550640068,2.873456518564611,-119.12714875993025,0.5,0.25,-10,1,500,0.8,0.5,eq,1,6.5,0,5
3.7378786914194815,-100.40969001363109,1.7398467296524174,-189.71625883904088,0.14009499999999997,-82.8592508606173,2.873456518564611,-119.09460379562643,0.5,0.25,-10,1,500,0.7,1,eff,0.5,35,0,5
5.327510845438027,-94.80383130978498,1.6648435882347152,-234.2743125713414,0.14009499999999997,-125.86038839390045,2.873456518564611,-120.14286123815322,0.5,0.25,-10,1,500,0.8,0.5,eq,1,35,5,5
5.327510845438027,-97.19987474980884,1.6648435882347152,-236.6703560113653,0.14009499999999997,-128.5956733989392,2.873456518564611,-120.2095404710396,0.5,0.25,-10,1,500,0.8,0.5,eq,0.5,6.5,5,5
5.327510845438027,-94.80383130978498,1.6648435882347152,-234.2743125713414,0.14009499999999997,-125.86038839390045,2.873456518564611,-120.14286123815322,0.5,0.25,-10,1,500,0.8,0.5,eq,1,6.5,5,5
5.327510845438027,-94.80383130978498,1.6648435882347152,-228.1166823134861,0.14009499999999997,-125.34392788380119,2.873456518564611,-120.13027125554943,0.5,0.25,-10,1,500,0.8,0.5,eff,1,6.5,5,5
3.7378786914194815,-97.91502633725602,1.6648435882347152,-199.450257845645,0.14009499999999997,-86.10580251524512,2.873456518564611,-119.17374639811862,0.5,0.25,-10,1,500,0.8,0.5,eq,0.5,6.5,0,5
5.327510845438027,-94.80383130978498,1.6648435882347152,-228.1166823134861,0.14009499999999997,-125.34392788380119,2.873456518564611,-120.13027125554943,0.5,0.25,-10,1,500,0.8,0.5,eff,1,35,5,5
3.7378786914194815,-96.24059247727779,1.6648435882347152,-192.71015708568203,0.14009499999999997,-85.22315783415965,2.873456518564611,-119.1522297846258,0.5,0.25,-10,1,500,0.8,0.5,eff,1,6.5,0,5
5.327510845438027,-99.12385130279266,1.6648435882347152,-238.59433256434912,0.14009499999999997,-130.7920543690691,2.873456518564611,-120.26308260575136,0.5,0.25,-10,1,500,0.8,0.5,eq,0.5,35,5,5
3.7378786914194815,-100.40969001363109,1.6648435882347152,-201.94492152202008,0.14009499999999997,-88.95367081031812,2.873456518564611,-119.24317012285934,0.5,0.25,-10,1,500,0.8,0.5,eq,0.5,35,0,5
3.7378786914194815,-97.3964960215078,1.6648435882347152,-198.9317275298968,0.14009499999999997,-85.5138565706916,2.873456518564611,-119.15931627423015,0.5,0.25,-10,1,500,0.8,0.5,eq,1,35,0,5
3.7378786914194815,-97.3964960215078,1.6648435882347152,-193.86606062991206,0.14009499999999997,-86.53296556026218,2.873456518564611,-119.18415953755624,0.5,0.25,-10,1,500,0.8,0.5,eff,1,35,0,5
5.327510845438027,-97.19987474980884,1.7398467296524174,-228.62306381903014,0.14009499999999997,-120.56785896356884,2.873456518564611,-120.013842945071,0.5,0.25,-10,1,500,0.8,1,eq,0.5,6.5,5,5
5.327510845438027,-99.12385130279266,1.6648435882347152,-232.4367023064938,0.14009499999999997,-130.23914218775522,2.873456518564611,-120.2496040248957,0.5,0.25,-10,1,500,0.8,0.5,eff,0.5,35,5,5
5.327510845438027,-94.80383130978498,1.7398467296524174,-226.22702037900632,0.14009499999999997,-117.83617366150075,2.873456518564611,-119.94725146371033,0.5,0.25,-10,1,500,0.8,1,eq,1,35,5,5
3.7378786914194815,-96.24059247727779,1.7398467296524174,-190.23420489025668,0.14009499999999997,-76.80142303434403,2.873456518564611,-118.94692949051,0.5,0.25,-10,1,500,0.8,1,eq,1,6.5,0,5
5.327510845438027,-99.12385130279266,1.7398467296524174,-230.54704037201395,0.14009499999999997,-122.76134944200065,2.873456518564611,-120.06731461700859,0.5,0.25,-10,1,500,0.8,1,eq,0.5,35,5,5
3.7378786914194815,-97.91502633725602,1.7398467296524174,-191.9086387502349,0.14009499999999997,-78.71041445262676,2.873456518564611,-118.99346580505255,0.5,0.25,-10,1,500,0.8,1,eq,0.5,6.5,0,5
3.7378786914194815,-100.40969001363109,1.6648435882347152,-196.87925462203535,0.14009499999999997,-89.9473549275735,2.873456518564611,-119.26739359300886,0.5,0.25,-10,1,500,0.8,0.5,eff,0.5,35,0,5
3.7378786914194815,-96.24059247727779,1.7398467296524174,-185.54716130268756,0.14009499999999997,-78.14034640363947,2.873456518564611,-118.97956900814499,0.5,0.25,-10,1,500,0.8,1,eff,1,6.5,0,5
3.7378786914194815,-97.3964960215078,1.7398467296524174,-186.70306484691756,0.14009499999999997,-79.44868671932142,2.873456518564611,-119.01146298937304,0.5,0.25,-10,1,500,0.8,1,eff,1,35,0,5
5.327510845438027,-94.80383130978498,1.7398467296524174,-226.22702037900632,0.14009499999999997,-117.83617366150075,2.873456518564611,-119.94725146371033,0.5,0.25,-10,1,500,0.8,1,eq,1,6.5,5,5
3.7378786914194815,-97.91502633725602,1.7398467296524174,-187.22159516266578,0.14009499999999997,-80.03559911384392,2.873456518564611,-119.02577040822193,0.5,0.25,-10,1,500,0.8,1,eff,0.5,6.5,0,5
5.327510845438027,-97.19987474980884,1.7398467296524174,-222.82583467544404,0.14009499999999997,-120.33520905592862,2.873456518564611,-120.00817153702981,0.5,0.25,-10,1,500,0.8,1,eff,0.5,6.5,5,5
5.327510845438027,-97.19987474980884,1.6648435882347152,-230.51272575350998,0.14009499999999997,-128.0589954389731,2.873456518564611,-120.19645763886255,0.5,0.25,-10,1,500,0.8,0.5,eff,0.5,6.5,5,5
3.7378786914194815,-96.24059247727779,1.6648435882347152,-197.7758239856668,0.21792555555555554,-84.19464532681283,2.9123717963423887,-118.66038707372162,0.5,0.25,-10,2,400,0.7,0.5,eq,1,6.5,0,5
3.7378786914194815,-97.3964960215078,1.7398467296524174,-191.39010843448668,0.14009499999999997,-78.1192475235498,2.873456518564611,-118.97905467156333,0.5,0.25,-10,1,500,0.8,1,eq,1,35,0,5
3.7378786914194815,-100.40969001363109,1.7398467296524174,-194.40330242660997,0.14009499999999997,-81.55453488239611,2.873456518564611,-119.06279816644982,0.5,0.25,-10,1,500,0.8,1,eq,0.5,35,0,5
5.327510845438027,-94.80383130978498,1.7398467296524174,-220.42979123542017,0.14009499999999997,-117.62318325903767,2.873456518564611,-119.94205930398205,0.5,0.25,-10,1,500,0.8,1,eff,1,6.5,5,5
5.327510845438027,-94.80383130978498,1.7398467296524174,-220.42979123542017,0.14009499999999997,-117.62318325903767,2.873456518564611,-119.94205930398205,0.5,0.25,-10,1,500,0.8,1,eff,1,35,5,5
3.7378786914194815,-97.91502633725602,1.6648435882347152,-194.38459094566028,0.14009499999999997,-87.12053622496772,2.873456518564611,-119.1984830033438,0.5,0.25,-10,1,500,0.8,0.5,eff,0.5,6.5,0,5
5.327510845438027,-94.80383130978498,1.6648435882347152,-234.2743125713414,0.21792555555555554,-125.8607382143436,2.9123717963423887,-120.21927224967132,0.5,0.25,-10,2,400,0.7,0.5,eq,1,35,5,5
3.7378786914194815,-100.40969001363109,1.7398467296524174,-189.71625883904088,0.14009499999999997,-82.8592508606173,2.873456518564611,-119.09460379562643,0.5,0.25,-10,1,500,0.8,1,eff,0.5,35,0,5
5.327510845438027,-94.80383130978498,1.6648435882347152,-234.2743125713414,0.21792555555555554,-125.8607382143436,2.9123717963423887,-120.21927224967132,0.5,0.25,-10,2,400,0.7,0.5,eq,1,6.5,5,5
5.327510845438027,-99.12385130279266,1.7398467296524174,-224.74981122842786,0.14009499999999997,-122.51291333174187,2.873456518564611,-120.06125838183657,0.5,0.25,-10,1,500,0.8,1,eff,0.5,35,5,5
5.327510845438027,-97.19987474980884,1.6648435882347152,-236.6703560113653,0.21792555555555554,-128.59602321940534,2.9123717963423887,-120.32160954484073,0.5,0.25,-10,2,400,0.7,0.5,eq,0.5,6.5,5,5
3.7378786914194815,-97.3964960215078,1.6648435882347152,-198.9317275298968,0.21792555555555554,-85.51420639110373,2.9123717963423887,-118.70975681394258,0.5,0.25,-10,2,400,0.7,0.5,eq,1,35,0,5
3.7378786914194815,-96.24059247727779,1.6648435882347152,-192.71015708568203,0.21792555555555554,-85.22348437513953,2.9123717963423887,-118.69887981037441,0.5,0.25,-10,2,400,0.7,0.5,eff,1,6.5,0,5
5.327510845438027,-97.19987474980884,1.6648435882347152,-230.51272575350998,0.21792555555555554,-128.05932197990026,2.9123717963423887,-120.3015295337766,0.5,0.25,-10,2,400,0.7,0.5,eff,0.5,6.5,5,5
3.7378786914194815,-97.91502633725602,1.6648435882347152,-194.38459094566028,0.21792555555555554,-87.12086276591508,2.9123717963423887,-118.76986786904686,0.5,0.25,-10,2,400,0.7,0.5,eff,0.5,6.5,0,5
3.7378786914194815,-97.3964960215078,1.6648435882347152,-193.86606062991206,0.21792555555555554,-86.53329210120961,2.9123717963423887,-118.74788464154551,0.5,0.25,-10,2,400,0.7,0.5,eff,1,35,0,5
5.327510845438027,-99.12385130279266,1.6648435882347152,-238.59433256434912,0.21792555555555554,-130.79240418951235,2.9123717963423887,-120.40378441408694,0.5,0.25,-10,2,400,0.7,0.5,eq,0.5,35,5,5
5.327510845438027,-94.80383130978498,1.6648435882347152,-228.1166823134861,0.21792555555555554,-125.34425442481528,2.9123717963423887,-120.19994864941697,0.5,0.25,-10,2,400,0.7,0.5,eff,1,35,5,5
3.7378786914194815,-100.40969001363109,1.6648435882347152,-201.94492152202008,0.21792555555555554,-88.95402063080836,2.9123717963423887,-118.83845319641296,0.5,0.25,-10,2,400,0.7,0.5,eq,0.5,35,0,5
5.327510845438027,-94.80383130978498,1.6648435882347152,-228.1166823134861,0.21792555555555554,-125.34425442481528,2.9123717963423887,-120.19994864941697,0.5,0.25,-10,2,400,0.7,0.5,eff,1,6.5,5,5
5.327510845438027,-99.12385130279266,1.6648435882347152,-232.4367023064938,0.21792555555555554,-130.2394687287644,2.9123717963423887,-120.3830970197748,0.5,0.25,-10,2,400,0.7,0.5,eff,0.5,35,5,5
3.7378786914194815,-96.24059247727779,1.7398467296524174,-190.23420489025668,0.21792555555555554,-76.80175378662673,2.9123717963423887,-118.3837912080975,0.5,0.25,-10,2,400,0.7,1,eq,1,6.5,0,5
3.7378786914194815,-97.91502633725602,1.6648435882347152,-199.450257845645,0.21792555555555554,-86.10615233572791,2.9123717963423887,-118.73190373711407,0.5,0.25,-10,2,400,0.7,0.5,eq,0.5,6.5,0,5
5.327510845438027,-94.80383130978498,1.7398467296524174,-226.22702037900632,0.21792555555555554,-117.83650441369817,2.9123717963423887,-119.91905549659232,0.5,0.25,-10,2,400,0.7,1,eq,1,6.5,5,5
5.327510845438027,-94.80383130978498,1.7398467296524174,-226.22702037900632,0.21792555555555554,-117.83650441369817,2.9123717963423887,-119.91905549659232,0.5,0.25,-10,2,400,0.7,1,eq,1,35,5,5
5.327510845438027,-97.19987474980884,1.7398467296524174,-228.62306381903014,0.21792555555555554,-120.56818971585926,2.9123717963423887,-120.0212581133433,0.5,0.25,-10,2,400,0.7,1,eq,0.5,6.5,5,5
3.7378786914194815,-97.3964960215078,1.7398467296524174,-191.39010843448668,0.21792555555555554,-78.11957827583291,2.9123717963423887,-118.43309597651609,0.5,0.25,-10,2,400,0.7,1,eq,1,35,0,5
3.7378786914194815,-100.40969001363109,1.6648435882347152,-196.87925462203535,0.21792555555555554,-89.94768146862602,2.9123717963423887,-118.87562978396049,0.5,0.25,-10,2,400,0.7,0.5,eff,0.5,35,0,5
5.327510845438027,-99.12385130279266,1.7398467296524174,-230.54704037201395,0.21792555555555554,-122.76168019420346,2.9123717963423887,-120.10332483842623,0.5,0.25,-10,2,400,0.7,1,eq,0.5,35,5,5
3.7378786914194815,-100.40969001363109,1.7398467296524174,-194.40330242660997,0.21792555555555554,-81.55486563464682,2.9123717963423887,-118.56162299135364,0.5,0.25,-10,2,400,0.7,1,eq,0.5,35,0,5
3.7378786914194815,-97.91502633725602,1.7398467296524174,-191.9086387502349,0.21792555555555554,-78.71074520487578,2.9123717963423887,-118.45521375378598,0.5,0.25,-10,2,400,0.7,1,eq,0.5,6.5,0,5
5.327510845438027,-94.80383130978498,1.7398467296524174,-220.42979123542017,0.21792555555555554,-117.62349239729667,2.9123717963423887,-119.91108591625365,0.5,0.25,-10,2,400,0.7,1,eff,1,6.5,5,5
3.7378786914194815,-97.91502633725602,1.7398467296524174,-187.22159516266578,0.21792555555555554,-80.03590825204117,2.9123717963423887,-118.50479308524665,0.5,0.25,-10,2,400,0.7,1,eff,0.5,6.5,0,5
3.7378786914194815,-96.24059247727779,1.7398467296524174,-185.54716130268756,0.21792555555555554,-78.14065554180267,2.9123717963423887,-118.43388455627458,0.5,0.25,-10,2,400,0.7,1,eff,1,6.5,0,5
5.327510845438027,-97.19987474980884,1.7398467296524174,-222.82583467544404,0.21792555555555554,-120.33551819418005,2.9123717963423887,-120.01255299700364,0.5,0.25,-10,2,400,0.7,1,eff,0.5,6.5,5,5
3.7378786914194815,-100.40969001363109,1.7398467296524174,-189.71625883904088,0.21792555555555554,-82.85955999878884,2.9123717963423887,-118.61043651243163,0.5,0.25,-10,2,400,0.7,1,eff,0.5,35,0,5
3.7378786914194815,-97.3964960215078,1.7398467296524174,-186.70306484691756,0.21792555555555554,-79.4489958574951,2.9123717963423887,-118.48283448610685,0.5,0.25,-10,2,400,0.7,1,eff,1,35,0,5
5.327510845438027,-94.80383130978498,1.7398467296524174,-220.42979123542017,0.21792555555555554,-117.62349239729667,2.9123717963423887,-119.91108591625365,0.5,0.25,-10,2,400,0.7,1,eff,1,35,5,5
5.327510845438027,-99.12385130279266,1.7398467296524174,-224.74981122842786,0.21792555555555554,-122.51322246992541,2.9123717963423887,-120.09402910089995,0.5,0.25,-10,2,400,0.7,1,eff,0.5,35,5,5
5.327510845438027,-94.80383130978498,1.6648435882347152,-234.2743125713414,0.21792555555555554,-125.8607382143436,2.9123717963423887,-120.21927224967132,0.5,0.25,-10,2,400,0.8,0.5,eq,1,6.5,5,5
3.7378786914194815,-97.3964960215078,1.6648435882347152,-198.9317275298968,0.21792555555555554,-85.51420639110373,2.9123717963423887,-118.70975681394258,0.5,0.25,-10,2,400,0.8,0.5,eq,1,35,0,5
3.7378786914194815,-100.40969001363109,1.6648435882347152,-201.94492152202008,0.21792555555555554,-88.95402063080836,2.9123717963423887,-118.83845319641296,0.5,0.25,-10,2,400,0.8,0.5,eq,0.5,35,0,5
3.7378786914194815,-97.91502633725602,1.6648435882347152,-199.450257845645,0.21792555555555554,-86.10615233572791,2.9123717963423887,-118.73190373711407,0.5,0.25,-10,2,400,0.8,0.5,eq,0.5,6.5,0,5
3.7378786914194815,-97.3964960215078,1.6648435882347152,-193.86606062991206,0.21792555555555554,-86.53329210120961,2.9123717963423887,-118.74788464154551,0.5,0.25,-10,2,400,0.8,0.5,eff,1,35,0,5
5.327510845438027,-99.12385130279266,1.6648435882347152,-238.59433256434912,0.21792555555555554,-130.79240418951235,2.9123717963423887,-120.40378441408694,0.5,0.25,-10,2,400,0.8,0.5,eq,0.5,35,5,5
5.327510845438027,-94.80383130978498,1.6648435882347152,-228.1166823134861,0.21792555555555554,-125.34425442481528,2.9123717963423887,-120.19994864941697,0.5,0.25,-10,2,400,0.8,0.5,eff,1,6.5,5,5
3.7378786914194815,-96.24059247727779,1.6648435882347152,-197.7758239856668,0.21792555555555554,-84.19464532681283,2.9123717963423887,-118.66038707372162,0.5,0.25,-10,2,400,0.8,0.5,eq,1,6.5,0,5
3.7378786914194815,-96.24059247727779,1.6648435882347152,-192.71015708568203,0.21792555555555554,-85.22348437513953,2.9123717963423887,-118.69887981037441,0.5,0.25,-10,2,400,0.8,0.5,eff,1,6.5,0,5
5.327510845438027,-94.80383130978498,1.6648435882347152,-228.1166823134861,0.21792555555555554,-125.34425442481528,2.9123717963423887,-120.19994864941697,0.5,0.25,-10,2,400,0.8,0.5,eff,1,35,5,5
5.327510845438027,-94.80383130978498,1.6648435882347152,-234.2743125713414,0.21792555555555554,-125.8607382143436,2.9123717963423887,-120.21927224967132,0.5,0.25,-10,2,400,0.8,0.5,eq,1,35,5,5
5.327510845438027,-97.19987474980884,1.6648435882347152,-230.51272575350998,0.21792555555555554,-128.05932197990026,2.9123717963423887,-120.3015295337766,0.5,0.25,-10,2,400,0.8,0.5,eff,0.5,6.5,5,5
5.327510845438027,-97.19987474980884,1.6648435882347152,-236.6703560113653,0.21792555555555554,-128.59602321940534,2.9123717963423887,-120.32160954484073,0.5,0.25,-10,2,400,0.8,0.5,eq,0.5,6.5,5,5
3.7378786914194815,-97.91502633725602,1.6648435882347152,-194.38459094566028,0.21792555555555554,-87.12086276591508,2.9123717963423887,-118.76986786904686,0.5,0.25,-10,2,400,0.8,0.5,eff,0.5,6.5,0,5
5.327510845438027,-99.12385130279266,1.6648435882347152,-232.4367023064938,0.21792555555555554,-130.2394687287644,2.9123717963423887,-120.3830970197748,0.5,0.25,-10,2,400,0.8,0.5,eff,0.5,35,5,5
3.7378786914194815,-100.40969001363109,1.6648435882347152,-196.87925462203535,0.21792555555555554,-89.94768146862602,2.9123717963423887,-118.87562978396049,0.5,0.25,-10,2,400,0.8,0.5,eff,0.5,35,0,5
3.7378786914194815,-96.24059247727779,1.7398467296524174,-190.23420489025668,0.21792555555555554,-76.80175378662673,2.9123717963423887,-118.3837912080975,0.5,0.25,-10,2,400,0.8,1,eq,1,6.5,0,5
5.327510845438027,-94.80383130978498,1.7398467296524174,-226.22702037900632,0.21792555555555554,-117.83650441369817,2.9123717963423887,-119.91905549659232,0.5,0.25,-10,2,400,0.8,1,eq,1,6.5,5,5
5.327510845438027,-97.19987474980884,1.7398467296524174,-228.62306381903014,0.21792555555555554,-120.56818971585926,2.9123717963423887,-120.0212581133433,0.5,0.25,-10,2,400,0.8,1,eq,0.5,6.5,5,5
3.7378786914194815,-96.24059247727779,1.7398467296524174,-185.54716130268756,0.21792555555555554,-78.14065554180267,2.9123717963423887,-118.43388455627458,0.5,0.25,-10,2,400,0.8,1,eff,1,6.5,0,5
5.327510845438027,-94.80383130978498,1.7398467296524174,-220.42979123542017,0.21792555555555554,-117.62349239729667,2.9123717963423887,-119.91108591625365,0.5,0.25,-10,2,400,0.8,1,eff,1,35,5,5
5.327510845438027,-97.19987474980884,1.7398467296524174,-222.82583467544404,0.21792555555555554,-120.33551819418005,2.9123717963423887,-120.01255299700364,0.5,0.25,-10,2,400,0.8,1,eff,0.5,6.5,5,5
5.327510845438027,-99.12385130279266,1.7398467296524174,-230.54704037201395,0.21792555555555554,-122.76168019420346,2.9123717963423887,-120.10332483842623,0.5,0.25,-10,2,400,0.8,1,eq,0.5,35,5,5
5.327510845438027,-99.12385130279266,1.7398467296524174,-224.74981122842786,0.21792555555555554,-122.51322246992541,2.9123717963423887,-120.09402910089995,0.5,0.25,-10,2,400,0.8,1,eff,0.5,35,5,5
3.7378786914194815,-100.40969001363109,1.7398467296524174,-189.71625883904088,0.21792555555555554,-82.85955999878884,2.9123717963423887,-118.61043651243163,0.5,0.25,-10,2,400,0.8,1,eff,0.5,35,0,5
3.7378786914194815,-97.3964960215078,1.7398467296524174,-186.70306484691756,0.21792555555555554,-79.4489958574951,2.9123717963423887,-118.48283448610685,0.5,0.25,-10,2,400,0.8,1,eff,1,35,0,5
3.7378786914194815,-100.40969001363109,1.7398467296524174,-194.40330242660997,0.21792555555555554,-81.55486563464682,2.9123717963423887,-118.56162299135364,0.5,0.25,-10,2,400,0.8,1,eq,0.5,35,0,5
5.327510845438027,-94.80383130978498,1.7398467296524174,-226.22702037900632,0.21792555555555554,-117.83650441369817,2.9123717963423887,-119.91905549659232,0.5,0.25,-10,2,400,0.8,1,eq,1,35,5,5
3.7378786914194815,-97.3964960215078,1.7398467296524174,-191.39010843448668,0.21792555555555554,-78.11957827583291,2.9123717963423887,-118.43309597651609,0.5,0.25,-10,2,400,0.8,1,eq,1,35,0,5
5.327510845438027,-94.80383130978498,1.7398467296524174,-220.42979123542017,0.21792555555555554,-117.62349239729667,2.9123717963423887,-119.91108591625365,0.5,0.25,-10,2,400,0.8,1,eff,1,6.5,5,5
5.327510845438027,-99.12385130279266,1.6648435882347152,-238.59433256434912,0.28018999999999994,-130.79268404590235,2.943504018564611,-120.51367386009149,0.5,0.25,-10,2,500,0.7,0.5,eq,0.5,35,5,5
3.7378786914194815,-97.91502633725602,1.6648435882347152,-199.450257845645,0.28018999999999994,-86.10643219207842,2.943504018564611,-118.38684800424815,0.5,0.25,-10,2,500,0.7,0.5,eq,0.5,6.5,0,5
5.327510845438027,-97.19987474980884,1.6648435882347152,-236.6703560113653,0.28018999999999994,-128.59630307577245,2.943504018564611,-120.40913790903784,0.5,0.25,-10,2,500,0.7,0.5,eq,0.5,6.5,5,5
3.7378786914194815,-96.24059247727779,1.6648435882347152,-197.7758239856668,0.28018999999999994,-84.19492518323396,2.943504018564611,-118.29587052546276,0.5,0.25,-10,2,500,0.7,0.5,eq,1,6.5,0,5
5.327510845438027,-94.80383130978498,1.6648435882347152,-228.1166823134861,0.28018999999999994,-125.34451565761425,2.943504018564611,-120.25437027309327,0.5,0.25,-10,2,500,0.7,0.5,eff,1,6.5,5,5
3.7378786914194815,-100.40969001363109,1.6648435882347152,-201.94492152202008,0.28018999999999994,-88.95430048715141,2.943504018564611,-118.5223912568757,0.5,0.25,-10,2,500,0.7,0.5,eq,0.5,35,0,5
3.7378786914194815,-97.91502633725602,1.7398467296524174,-187.22159516266578,0.21792555555555554,-80.03590825204117,2.9123717963423887,-118.50479308524665,0.5,0.25,-10,2,400,0.8,1,eff,0.5,6.5,0,5
5.327510845438027,-94.80383130978498,1.6648435882347152,-234.2743125713414,0.28018999999999994,-125.86101807073379,2.943504018564611,-120.27895301703029,0.5,0.25,-10,2,500,0.7,0.5,eq,1,6.5,5,5
5.327510845438027,-94.80383130978498,1.6648435882347152,-228.1166823134861,0.28018999999999994,-125.34451565761425,2.943504018564611,-120.25437027309327,0.5,0.25,-10,2,500,0.7,0.5,eff,1,35,5,5
3.7378786914194815,-96.24059247727779,1.6648435882347152,-192.71015708568203,0.28018999999999994,-85.22374560793853,2.943504018564611,-118.34483685827213,0.5,0.25,-10,2,500,0.7,0.5,eff,1,6.5,0,5
5.327510845438027,-97.19987474980884,1.6648435882347152,-230.51272575350998,0.28018999999999994,-128.05958321269952,2.943504018564611,-120.38359292294543,0.5,0.25,-10,2,500,0.7,0.5,eff,0.5,6.5,5,5
5.327510845438027,-94.80383130978498,1.7398467296524174,-226.22702037900632,0.28018999999999994,-117.83676901544845,2.943504018564611,-119.89704181041728,0.5,0.25,-10,2,500,0.7,1,eq,1,6.5,5,5
3.7378786914194815,-100.40969001363109,1.6648435882347152,-196.87925462203535,0.28018999999999994,-89.94794270142543,2.943504018564611,-118.56968329559248,0.5,0.25,-10,2,500,0.7,0.5,eff,0.5,35,0,5
5.327510845438027,-99.12385130279266,1.6648435882347152,-232.4367023064938,0.28018999999999994,-130.23972996156368,2.943504018564611,-120.4873562121599,0.5,0.25,-10,2,500,0.7,0.5,eff,0.5,35,5,5
3.7378786914194815,-97.3964960215078,1.6648435882347152,-198.9317275298968,0.28018999999999994,-85.51448624752443,2.943504018564611,-118.35867455295369,0.5,0.25,-10,2,500,0.7,0.5,eq,1,35,0,5
3.7378786914194815,-97.91502633725602,1.7398467296524174,-191.9086387502349,0.21792555555555554,-78.71074520487578,2.9123717963423887,-118.45521375378598,0.5,0.25,-10,2,400,0.8,1,eq,0.5,6.5,0,5
5.327510845438027,-94.80383130978498,1.6648435882347152,-234.2743125713414,0.28018999999999994,-125.86101807073379,2.943504018564611,-120.27895301703029,0.5,0.25,-10,2,500,0.7,0.5,eq,1,35,5,5
3.7378786914194815,-97.91502633725602,1.6648435882347152,-194.38459094566028,0.28018999999999994,-87.12112399871408,2.943504018564611,-118.43514189063475,0.5,0.25,-10,2,500,0.7,0.5,eff,0.5,6.5,0,5
3.7378786914194815,-96.24059247727779,1.7398467296524174,-190.23420489025668,0.28018999999999994,-76.8020183884302,2.943504018564611,-117.9440078234294,0.5,0.25,-10,2,500,0.7,1,eq,1,6.5,0,5
3.7378786914194815,-97.3964960215078,1.6648435882347152,-193.86606062991206,0.28018999999999994,-86.5335533340086,2.943504018564611,-118.40717667918842,0.5,0.25,-10,2,500,0.7,0.5,eff,1,35,0,5
5.327510845438027,-99.12385130279266,1.7398467296524174,-230.54704037201395,0.28018999999999994,-122.76194479594643,2.943504018564611,-120.13145375503065,0.5,0.25,-10,2,500,0.7,1,eq,0.5,35,5,5
3.7378786914194815,-97.91502633725602,1.7398467296524174,-191.9086387502349,0.28018999999999994,-78.71100980667053,2.943504018564611,-118.03486557359777,0.5,0.25,-10,2,500,0.7,1,eq,0.5,6.5,0,5
3.7378786914194815,-100.40969001363109,1.7398467296524174,-194.40330242660997,0.28018999999999994,-81.55513023644163,2.943504018564611,-118.1702304479434,0.5,0.25,-10,2,500,0.7,1,eq,0.5,35,0,5
3.7378786914194815,-97.91502633725602,1.7398467296524174,-187.22159516266578,0.28018999999999994,-80.03615556254263,2.943504018564611,-118.09793540244739,0.5,0.25,-10,2,500,0.7,1,eff,0.5,6.5,0,5
3.7378786914194815,-97.3964960215078,1.7398467296524174,-191.39010843448668,0.28018999999999994,-78.11984287762766,2.943504018564611,-118.00672919926247,0.5,0.25,-10,2,500,0.7,1,eq,1,35,0,5
5.327510845438027,-97.19987474980884,1.7398467296524174,-228.62306381903014,0.28018999999999994,-120.56845431760543,2.943504018564611,-120.02705537587954,0.5,0.25,-10,2,500,0.7,1,eq,0.5,6.5,5,5
3.7378786914194815,-96.24059247727779,1.7398467296524174,-185.54716130268756,0.28018999999999994,-78.14090285234771,2.943504018564611,-118.0077315410767,0.5,0.25,-10,2,500,0.7,1,eff,1,6.5,0,5
5.327510845438027,-94.80383130978498,1.7398467296524174,-226.22702037900632,0.28018999999999994,-117.83676901544845,2.943504018564611,-119.89704181041728,0.5,0.25,-10,2,500,0.7,1,eq,1,35,5,5
5.327510845438027,-94.80383130978498,1.7398467296524174,-220.42979123542017,0.28018999999999994,-117.62373970777054,2.943504018564611,-119.88690275822955,0.5,0.25,-10,2,500,0.7,1,eff,1,6.5,5,5
5.327510845438027,-94.80383130978498,1.7398467296524174,-220.42979123542017,0.28018999999999994,-117.62373970777054,2.943504018564611,-119.88690275822955,0.5,0.25,-10,2,500,0.7,1,eff,1,35,5,5
5.327510845438027,-97.19987474980884,1.7398467296524174,-222.82583467544404,0.28018999999999994,-120.33576550464906,2.943504018564611,-120.01598063670949,0.5,0.25,-10,2,500,0.7,1,eff,0.5,6.5,5,5
3.7378786914194815,-97.3964960215078,1.7398467296524174,-186.70306484691756,0.28018999999999994,-79.44924316802852,2.943504018564611,-118.07000152113079,0.5,0.25,-10,2,500,0.7,1,eff,1,35,0,5
3.7378786914194815,-100.40969001363109,1.7398467296524174,-189.71625883904088,0.28018999999999994,-82.8598073094174,2.943504018564611,-118.23232607729739,0.5,0.25,-10,2,500,0.7,1,eff,0.5,35,0,5
5.327510845438027,-94.80383130978498,1.6648435882347152,-234.2743125713414,0.28018999999999994,-125.86101807073379,2.943504018564611,-120.27895301703029,0.5,0.25,-10,2,500,0.8,0.5,eq,1,35,5,5
5.327510845438027,-99.12385130279266,1.7398467296524174,-224.74981122842786,0.28018999999999994,-122.51346978047684,2.943504018564611,-120.11962767731077,0.5,0.25,-10,2,500,0.7,1,eff,0.5,35,5,5
3.7378786914194815,-97.3964960215078,1.6648435882347152,-198.9317275298968,0.28018999999999994,-85.51448624752443,2.943504018564611,-118.35867455295369,0.5,0.25,-10,2,500,0.8,0.5,eq,1,35,0,5
5.327510845438027,-94.80383130978498,1.6648435882347152,-234.2743125713414,0.28018999999999994,-125.86101807073379,2.943504018564611,-120.27895301703029,0.5,0.25,-10,2,500,0.8,0.5,eq,1,6.5,5,5
3.7378786914194815,-96.24059247727779,1.6648435882347152,-197.7758239856668,0.28018999999999994,-84.19492518323396,2.943504018564611,-118.29587052546276,0.5,0.25,-10,2,500,0.8,0.5,eq,1,6.5,0,5
5.327510845438027,-97.19987474980884,1.6648435882347152,-236.6703560113653,0.28018999999999994,-128.59630307577245,2.943504018564611,-120.40913790903784,0.5,0.25,-10,2,500,0.8,0.5,eq,0.5,6.5,5,5
3.7378786914194815,-97.91502633725602,1.6648435882347152,-199.450257845645,0.28018999999999994,-86.10643219207842,2.943504018564611,-118.38684800424815,0.5,0.25,-10,2,500,0.8,0.5,eq,0.5,6.5,0,5
3.7378786914194815,-100.40969001363109,1.6648435882347152,-201.94492152202008,0.28018999999999994,-88.95430048715141,2.943504018564611,-118.5223912568757,0.5,0.25,-10,2,500,0.8,0.5,eq,0.5,35,0,5
5.327510845438027,-99.12385130279266,1.6648435882347152,-238.59433256434912,0.28018999999999994,-130.79268404590235,2.943504018564611,-120.51367386009149,0.5,0.25,-10,2,500,0.8,0.5,eq,0.5,35,5,5
5.327510845438027,-94.80383130978498,1.6648435882347152,-228.1166823134861,0.28018999999999994,-125.34451565761425,2.943504018564611,-120.25437027309327,0.5,0.25,-10,2,500,0.8,0.5,eff,1,6.5,5,5
3.7378786914194815,-96.24059247727779,1.6648435882347152,-192.71015708568203,0.28018999999999994,-85.22374560793853,2.943504018564611,-118.34483685827213,0.5,0.25,-10,2,500,0.8,0.5,eff,1,6.5,0,5
5.327510845438027,-97.19987474980884,1.6648435882347152,-230.51272575350998,0.28018999999999994,-128.05958321269952,2.943504018564611,-120.38359292294543,0.5,0.25,-10,2,500,0.8,0.5,eff,0.5,6.5,5,5
5.327510845438027,-94.80383130978498,1.6648435882347152,-228.1166823134861,0.28018999999999994,-125.34451565761425,2.943504018564611,-120.25437027309327,0.5,0.25,-10,2,500,0.8,0.5,eff,1,35,5,5
3.7378786914194815,-97.3964960215078,1.6648435882347152,-193.86606062991206,0.28018999999999994,-86.5335533340086,2.943504018564611,-118.40717667918842,0.5,0.25,-10,2,500,0.8,0.5,eff,1,35,0,5
3.7378786914194815,-97.91502633725602,1.6648435882347152,-194.38459094566028,0.28018999999999994,-87.12112399871408,2.943504018564611,-118.43514189063475,0.5,0.25,-10,2,500,0.8,0.5,eff,0.5,6.5,0,5
5.327510845438027,-99.12385130279266,1.6648435882347152,-232.4367023064938,0.28018999999999994,-130.23972996156368,2.943504018564611,-120.4873562121599,0.5,0.25,-10,2,500,0.8,0.5,eff,0.5,35,5,5
5.327510845438027,-94.80383130978498,1.7398467296524174,-226.22702037900632,0.28018999999999994,-117.83676901544845,2.943504018564611,-119.89704181041728,0.5,0.25,-10,2,500,0.8,1,eq,1,6.5,5,5
5.327510845438027,-94.80383130978498,1.7398467296524174,-226.22702037900632,0.28018999999999994,-117.83676901544845,2.943504018564611,-119.89704181041728,0.5,0.25,-10,2,500,0.8,1,eq,1,35,5,5
5.327510845438027,-97.19987474980884,1.7398467296524174,-228.62306381903014,0.28018999999999994,-120.56845431760543,2.943504018564611,-120.02705537587954,0.5,0.25,-10,2,500,0.8,1,eq,0.5,6.5,5,5
5.327510845438027,-99.12385130279266,1.7398467296524174,-230.54704037201395,0.28018999999999994,-122.76194479594643,2.943504018564611,-120.13145375503065,0.5,0.25,-10,2,500,0.8,1,eq,0.5,35,5,5
3.7378786914194815,-96.24059247727779,1.7398467296524174,-190.23420489025668,0.28018999999999994,-76.8020183884302,2.943504018564611,-117.9440078234294,0.5,0.25,-10,2,500,0.8,1,eq,1,6.5,0,5
3.7378786914194815,-100.40969001363109,1.6648435882347152,-196.87925462203535,0.28018999999999994,-89.94794270142543,2.943504018564611,-118.56968329559248,0.5,0.25,-10,2,500,0.8,0.5,eff,0.5,35,0,5
3.7378786914194815,-97.91502633725602,1.7398467296524174,-191.9086387502349,0.28018999999999994,-78.71100980667053,2.943504018564611,-118.03486557359777,0.5,0.25,-10,2,500,0.8,1,eq,0.5,6.5,0,5
3.7378786914194815,-100.40969001363109,1.7398467296524174,-194.40330242660997,0.28018999999999994,-81.55513023644163,2.943504018564611,-118.1702304479434,0.5,0.25,-10,2,500,0.8,1,eq,0.5,35,0,5
3.7378786914194815,-97.3964960215078,1.7398467296524174,-191.39010843448668,0.28018999999999994,-78.11984287762766,2.943504018564611,-118.00672919926247,0.5,0.25,-10,2,500,0.8,1,eq,1,35,0,5
5.327510845438027,-94.80383130978498,1.7398467296524174,-220.42979123542017,0.28018999999999994,-117.62373970777054,2.943504018564611,-119.88690275822955,0.5,0.25,-10,2,500,0.8,1,eff,1,6.5,5,5
3.7378786914194815,-97.3964960215078,1.7398467296524174,-186.70306484691756,0.28018999999999994,-79.44924316802852,2.943504018564611,-118.07000152113079,0.5,0.25,-10,2,500,0.8,1,eff,1,35,0,5
5.327510845438027,-94.80383130978498,1.7398467296524174,-220.42979123542017,0.28018999999999994,-117.62373970777054,2.943504018564611,-119.88690275822955,0.5,0.25,-10,2,500,0.8,1,eff,1,35,5,5
3.7378786914194815,-100.40969001363109,1.7398467296524174,-189.71625883904088,0.28018999999999994,-82.8598073094174,2.943504018564611,-118.23232607729739,0.5,0.25,-10,2,500,0.8,1,eff,0.5,35,0,5
5.327510845438027,-97.19987474980884,1.7398467296524174,-222.82583467544404,0.28018999999999994,-120.33576550464906,2.943504018564611,-120.01598063670949,0.5,0.25,-10,2,500,0.8,1,eff,0.5,6.5,5,5
3.7378786914194815,-97.91502633725602,1.7398467296524174,-187.22159516266578,0.28018999999999994,-80.03615556254263,2.943504018564611,-118.09793540244739,0.5,0.25,-10,2,500,0.8,1,eff,0.5,6.5,0,5
3.7378786914194815,-96.24059247727779,1.7398467296524174,-185.54716130268756,0.28018999999999994,-78.14090285234771,2.943504018564611,-118.0077315410767,0.5,0.25,-10,2,500,0.8,1,eff,1,6.5,0,5
5.327510845438027,-99.12385130279266,1.7398467296524174,-224.74981122842786,0.28018999999999994,-122.51346978047684,2.943504018564611,-120.11962767731077,0.5,0.25,-10,2,500,0.8,1,eff,0.5,35,5,5
5.327510845438027,-94.80383130978498,0.664380693404857,-375.73048077340303,0.4358511111111111,-268.5879298941832,3.0213345741201665,-130.71748473287482,0.5,1,-20,1,400,0.7,0.5,eq,1,6.5,5,5
5.327510845438027,-94.80383130978498,0.664380693404857,-375.73048077340303,0.4358511111111111,-268.5879298941832,3.0213345741201665,-130.71748473287482,0.5,1,-20,1,400,0.7,0.5,eq,1,35,5,5
3.7378786914194815,-96.24059247727779,0.664380693404857,-339.23199218772845,0.4358511111111111,-225.82516477850675,3.0213345741201665,-127.63305329494334,0.5,1,-20,1,400,0.7,0.5,eq,1,6.5,0,5
5.327510845438027,-97.19987474980884,0.664380693404857,-378.126524213427,0.4358511111111111,-271.3952089570299,3.0213345741201665,-130.91997069871607,0.5,1,-20,1,400,0.7,0.5,eq,0.5,6.5,5,5
3.7378786914194815,-97.3964960215078,0.664380693404857,-340.38789573195845,0.4358511111111111,-227.17945734408477,3.0213345741201665,-127.73073693523473,0.5,1,-20,1,400,0.7,0.5,eq,1,35,0,5
3.7378786914194815,-97.91502633725602,0.664380693404857,-340.90642604770665,0.4358511111111111,-227.78698359978122,3.0213345741201665,-127.77455713903507,0.5,1,-20,1,400,0.7,0.5,eq,0.5,6.5,0,5
3.7378786914194815,-97.3964960215078,0.664380693404857,-325.4831912615337,0.4358511111111111,-218.63213468199956,3.0213345741201665,-127.11422790786564,0.5,1,-20,1,400,0.7,0.5,eff,1,35,0,5
5.327510845438027,-94.80383130978498,0.664380693404857,-359.73381294510773,0.4358511111111111,-258.30851120452417,3.0213345741201665,-129.9760415150596,0.5,1,-20,1,400,0.7,0.5,eff,1,6.5,5,5
3.7378786914194815,-97.91502633725602,0.664380693404857,-326.0017215772819,0.4358511111111111,-219.23280710904942,3.0213345741201665,-127.15755375250825,0.5,1,-20,1,400,0.7,0.5,eff,0.5,6.5,0,5
5.327510845438027,-97.19987474980884,0.664380693404857,-362.12985638513163,0.4358511111111111,-261.08411985112735,3.0213345741201665,-130.1762431284449,0.5,1,-20,1,400,0.7,0.5,eff,0.5,6.5,5,5
3.7378786914194815,-100.40969001363109,0.664380693404857,-328.49638525365697,0.4358511111111111,-222.12265875132928,3.0213345741201665,-127.36599558811679,0.5,1,-20,1,400,0.7,0.5,eff,0.5,35,0,5
3.7378786914194815,-100.40969001363109,0.664380693404857,-343.4010897240817,0.4358511111111111,-230.70980920089147,3.0213345741201665,-127.98537735019944,0.5,1,-20,1,400,0.7,0.5,eq,0.5,35,0,5
5.327510845438027,-94.80383130978498,0.664380693404857,-359.73381294510773,0.4358511111111111,-258.30851120452417,3.0213345741201665,-129.9760415150596,0.5,1,-20,1,400,0.7,0.5,eff,1,35,5,5
3.7378786914194815,-96.24059247727779,0.664380693404857,-324.3272877173037,0.4358511111111111,-217.29312061506917,3.0213345741201665,-127.01764628895718,0.5,1,-20,1,400,0.7,0.5,eff,1,6.5,0,5
5.327510845438027,-99.12385130279266,0.664380693404857,-364.0538329381154,0.4358511111111111,-263.31287992534425,3.0213345741201665,-130.3370011529068,0.5,1,-20,1,400,0.7,0.5,eff,0.5,35,5,5
5.327510845438027,-99.12385130279266,0.664380693404857,-380.05050076641083,0.4358511111111111,-273.6493997641577,3.0213345741201665,-131.08256301410526,0.5,1,-20,1,400,0.7,0.5,eq,0.5,35,5,5
5.327510845438027,-94.80383130978498,0.6968241909147566,-363.32525016986153,0.4358511111111111,-255.01000014628383,3.0213345741201665,-129.7381235231131,0.5,1,-20,1,400,0.7,1,eq,1,35,5,5
3.7378786914194815,-96.24059247727779,0.6968241909147566,-327.3324346811119,0.4358511111111111,-212.89377128040448,3.0213345741201665,-126.70032603715453,0.5,1,-20,1,400,0.7,1,eq,1,6.5,0,5
5.327510845438027,-94.80383130978498,0.6968241909147566,-348.0515354700857,0.4358511111111111,-245.59555136616802,3.0213345741201665,-129.05906963804193,0.5,1,-20,1,400,0.7,1,eff,1,6.5,5,5
5.327510845438027,-94.80383130978498,0.6968241909147566,-363.32525016986153,0.4358511111111111,-255.01000014628383,3.0213345741201665,-129.7381235231131,0.5,1,-20,1,400,0.7,1,eq,1,6.5,5,5
5.327510845438027,-97.19987474980884,0.6968241909147566,-365.72129360988544,0.4358511111111111,-257.81367950580346,3.0213345741201665,-129.94034984629377,0.5,1,-20,1,400,0.7,1,eq,0.5,6.5,5,5
5.327510845438027,-99.12385130279266,0.6968241909147566,-367.6452701628692,0.4358511111111111,-260.0649798211021,3.0213345741201665,-130.10273367367142,0.5,1,-20,1,400,0.7,1,eq,0.5,35,5,5
3.7378786914194815,-97.91502633725602,0.6968241909147566,-329.0068685410901,0.4358511111111111,-214.85307451075607,3.0213345741201665,-126.8416484344268,0.5,1,-20,1,400,0.7,1,eq,0.5,6.5,0,5
5.327510845438027,-97.19987474980884,0.6968241909147566,-350.4475789101096,0.4358511111111111,-248.36814626151764,3.0213345741201665,-129.2590538728483,0.5,1,-20,1,400,0.7,1,eff,0.5,6.5,5,5
3.7378786914194815,-97.91502633725602,0.6968241909147566,-314.84333939733136,0.4358511111111111,-207.168503937673,3.0213345741201665,-126.2873687708338,0.5,1,-20,1,400,0.7,1,eff,0.5,6.5,0,5
3.7378786914194815,-100.40969001363109,0.6968241909147566,-331.5015322174652,0.4358511111111111,-217.77215224611453,3.0213345741201665,-127.0521983161369,0.5,1,-20,1,400,0.7,1,eq,0.5,35,0,5
3.7378786914194815,-97.3964960215078,0.6968241909147566,-328.4883382253419,0.4358511111111111,-214.24632727083264,3.0213345741201665,-126.79788442018125,0.5,1,-20,1,400,0.7,1,eq,1,35,0,5
3.7378786914194815,-97.3964960215078,0.6968241909147566,-314.32480908158317,0.4358511111111111,-206.56848372028406,3.0213345741201665,-126.24408996936009,0.5,1,-20,1,400,0.7,1,eff,1,35,0,5
3.7378786914194815,-96.24059247727779,0.6968241909147566,-313.16890553735317,0.4358511111111111,-205.23092355268676,3.0213345741201665,-126.14761321861911,0.5,1,-20,1,400,0.7,1,eff,1,6.5,0,5
5.327510845438027,-94.80383130978498,0.6968241909147566,-348.0515354700857,0.4358511111111111,-245.59555136616802,3.0213345741201665,-129.05906963804193,0.5,1,-20,1,400,0.7,1,eff,1,35,5,5
5.327510845438027,-99.12385130279266,0.664380693404857,-380.05050076641083,0.4358511111111111,-273.6493997641577,3.0213345741201665,-131.08256301410526,0.5,1,-20,1,400,0.8,0.5,eq,0.5,35,5,5
3.7378786914194815,-96.24059247727779,0.664380693404857,-339.23199218772845,0.4358511111111111,-225.82516477850675,3.0213345741201665,-127.63305329494334,0.5,1,-20,1,400,0.8,0.5,eq,1,6.5,0,5
3.7378786914194815,-96.24059247727779,0.664380693404857,-324.3272877173037,0.4358511111111111,-217.29312061506917,3.0213345741201665,-127.01764628895718,0.5,1,-20,1,400,0.8,0.5,eff,1,6.5,0,5
3.7378786914194815,-97.91502633725602,0.664380693404857,-340.90642604770665,0.4358511111111111,-227.78698359978122,3.0213345741201665,-127.77455713903507,0.5,1,-20,1,400,0.8,0.5,eq,0.5,6.5,0,5
3.7378786914194815,-100.40969001363109,0.6968241909147566,-317.3380030737065,0.4358511111111111,-210.05521778384852,3.0213345741201665,-126.49558428064411,0.5,1,-20,1,400,0.7,1,eff,0.5,35,0,5
5.327510845438027,-99.12385130279266,0.6968241909147566,-352.3715554630934,0.4358511111111111,-250.59448635154408,3.0213345741201665,-129.41963734649943,0.5,1,-20,1,400,0.7,1,eff,0.5,35,5,5
3.7378786914194815,-100.40969001363109,0.664380693404857,-343.4010897240817,0.4358511111111111,-230.70980920089147,3.0213345741201665,-127.98537735019944,0.5,1,-20,1,400,0.8,0.5,eq,0.5,35,0,5
5.327510845438027,-94.80383130978498,0.664380693404857,-375.73048077340303,0.4358511111111111,-268.5879298941832,3.0213345741201665,-130.71748473287482,0.5,1,-20,1,400,0.8,0.5,eq,1,6.5,5,5
3.7378786914194815,-97.3964960215078,0.664380693404857,-340.38789573195845,0.4358511111111111,-227.17945734408477,3.0213345741201665,-127.73073693523473,0.5,1,-20,1,400,0.8,0.5,eq,1,35,0,5
5.327510845438027,-97.19987474980884,0.664380693404857,-378.126524213427,0.4358511111111111,-271.3952089570299,3.0213345741201665,-130.91997069871607,0.5,1,-20,1,400,0.8,0.5,eq,0.5,6.5,5,5
5.327510845438027,-94.80383130978498,0.664380693404857,-375.73048077340303,0.4358511111111111,-268.5879298941832,3.0213345741201665,-130.71748473287482,0.5,1,-20,1,400,0.8,0.5,eq,1,35,5,5
5.327510845438027,-94.80383130978498,0.664380693404857,-359.73381294510773,0.4358511111111111,-258.30851120452417,3.0213345741201665,-129.9760415150596,0.5,1,-20,1,400,0.8,0.5,eff,1,6.5,5,5
3.7378786914194815,-97.3964960215078,0.664380693404857,-325.4831912615337,0.4358511111111111,-218.63213468199956,3.0213345741201665,-127.11422790786564,0.5,1,-20,1,400,0.8,0.5,eff,1,35,0,5
5.327510845438027,-94.80383130978498,0.664380693404857,-359.73381294510773,0.4358511111111111,-258.30851120452417,3.0213345741201665,-129.9760415150596,0.5,1,-20,1,400,0.8,0.5,eff,1,35,5,5
5.327510845438027,-97.19987474980884,0.664380693404857,-362.12985638513163,0.4358511111111111,-261.08411985112735,3.0213345741201665,-130.1762431284449,0.5,1,-20,1,400,0.8,0.5,eff,0.5,6.5,5,5
3.7378786914194815,-97.91502633725602,0.664380693404857,-326.0017215772819,0.4358511111111111,-219.23280710904942,3.0213345741201665,-127.15755375250825,0.5,1,-20,1,400,0.8,0.5,eff,0.5,6.5,0,5
5.327510845438027,-94.80383130978498,0.6968241909147566,-363.32525016986153,0.4358511111111111,-255.01000014628383,3.0213345741201665,-129.7381235231131,0.5,1,-20,1,400,0.8,1,eq,1,6.5,5,5
3.7378786914194815,-100.40969001363109,0.664380693404857,-328.49638525365697,0.4358511111111111,-222.12265875132928,3.0213345741201665,-127.36599558811679,0.5,1,-20,1,400,0.8,0.5,eff,0.5,35,0,5
3.7378786914194815,-96.24059247727779,0.6968241909147566,-327.3324346811119,0.4358511111111111,-212.89377128040448,3.0213345741201665,-126.70032603715453,0.5,1,-20,1,400,0.8,1,eq,1,6.5,0,5
5.327510845438027,-94.80383130978498,0.6968241909147566,-363.32525016986153,0.4358511111111111,-255.01000014628383,3.0213345741201665,-129.7381235231131,0.5,1,-20,1,400,0.8,1,eq,1,35,5,5
5.327510845438027,-99.12385130279266,0.664380693404857,-364.0538329381154,0.4358511111111111,-263.31287992534425,3.0213345741201665,-130.3370011529068,0.5,1,-20,1,400,0.8,0.5,eff,0.5,35,5,5
3.7378786914194815,-97.3964960215078,0.6968241909147566,-328.4883382253419,0.4358511111111111,-214.24632727083264,3.0213345741201665,-126.79788442018125,0.5,1,-20,1,400,0.8,1,eq,1,35,0,5
5.327510845438027,-97.19987474980884,0.6968241909147566,-365.72129360988544,0.4358511111111111,-257.81367950580346,3.0213345741201665,-129.94034984629377,0.5,1,-20,1,400,0.8,1,eq,0.5,6.5,5,5
3.7378786914194815,-97.91502633725602,0.6968241909147566,-329.0068685410901,0.4358511111111111,-214.85307451075607,3.0213345741201665,-126.8416484344268,0.5,1,-20,1,400,0.8,1,eq,0.5,6.5,0,5
3.7378786914194815,-100.40969001363109,0.6968241909147566,-331.5015322174652,0.4358511111111111,-217.77215224611453,3.0213345741201665,-127.0521983161369,0.5,1,-20,1,400,0.8,1,eq,0.5,35,0,5
3.7378786914194815,-96.24059247727779,0.6968241909147566,-313.16890553735317,0.4358511111111111,-205.23092355268676,3.0213345741201665,-126.14761321861911,0.5,1,-20,1,400,0.8,1,eff,1,6.5,0,5
5.327510845438027,-94.80383130978498,0.6968241909147566,-348.0515354700857,0.4358511111111111,-245.59555136616802,3.0213345741201665,-129.05906963804193,0.5,1,-20,1,400,0.8,1,eff,1,6.5,5,5
5.327510845438027,-94.80383130978498,0.6968241909147566,-348.0515354700857,0.4358511111111111,-245.59555136616802,3.0213345741201665,-129.05906963804193,0.5,1,-20,1,400,0.8,1,eff,1,35,5,5
3.7378786914194815,-97.3964960215078,0.6968241909147566,-314.32480908158317,0.4358511111111111,-206.56848372028406,3.0213345741201665,-126.24408996936009,0.5,1,-20,1,400,0.8,1,eff,1,35,0,5
5.327510845438027,-97.19987474980884,0.6968241909147566,-350.4475789101096,0.4358511111111111,-248.36814626151764,3.0213345741201665,-129.2590538728483,0.5,1,-20,1,400,0.8,1,eff,0.5,6.5,5,5
5.327510845438027,-99.12385130279266,0.6968241909147566,-367.6452701628692,0.4358511111111111,-260.0649798211021,3.0213345741201665,-130.10273367367142,0.5,1,-20,1,400,0.8,1,eq,0.5,35,5,5
3.7378786914194815,-97.91502633725602,0.6968241909147566,-314.84333939733136,0.4358511111111111,-207.168503937673,3.0213345741201665,-126.2873687708338,0.5,1,-20,1,400,0.8,1,eff,0.5,6.5,0,5
5.327510845438027,-99.12385130279266,0.6968241909147566,-352.3715554630934,0.4358511111111111,-250.59448635154408,3.0213345741201665,-129.41963734649943,0.5,1,-20,1,400,0.8,1,eff,0.5,35,5,5
3.7378786914194815,-96.24059247727779,0.664380693404857,-339.23199218772845,0.5603799999999999,-225.8256010194057,3.0835990185646107,-129.61580120213867,0.5,1,-20,1,500,0.7,0.5,eq,1,6.5,0,5
5.327510845438027,-94.80383130978498,0.664380693404857,-375.73048077340303,0.5603799999999999,-268.5883661351183,3.0835990185646107,-133.50142286878085,0.5,1,-20,1,500,0.7,0.5,eq,1,6.5,5,5
3.7378786914194815,-100.40969001363109,0.6968241909147566,-317.3380030737065,0.4358511111111111,-210.05521778384852,3.0213345741201665,-126.49558428064411,0.5,1,-20,1,400,0.8,1,eff,0.5,35,0,5
3.7378786914194815,-97.3964960215078,0.664380693404857,-340.38789573195845,0.5603799999999999,-227.17989358501958,3.0835990185646107,-129.73885845818089,0.5,1,-20,1,500,0.7,0.5,eq,1,35,0,5
5.327510845438027,-97.19987474980884,0.664380693404857,-378.126524213427,0.5603799999999999,-271.39564519796704,3.0835990185646107,-133.75650516576044,0.5,1,-20,1,500,0.7,0.5,eq,0.5,6.5,5,5
5.327510845438027,-99.12385130279266,0.664380693404857,-380.05050076641083,0.5603799999999999,-273.6498360039883,3.0835990185646107,-133.96133131797305,0.5,1,-20,1,500,0.7,0.5,eq,0.5,35,5,5
3.7378786914194815,-96.24059247727779,0.664380693404857,-324.3272877173037,0.5603799999999999,-217.29351871750626,3.0835990185646107,-128.84053693276476,0.5,1,-20,1,500,0.7,0.5,eff,1,6.5,0,5
5.327510845438027,-94.80383130978498,0.664380693404857,-375.73048077340303,0.5603799999999999,-268.5883661351183,3.0835990185646107,-133.50142286878085,0.5,1,-20,1,500,0.7,0.5,eq,1,35,5,5
5.327510845438027,-99.12385130279266,0.664380693404857,-364.0538329381154,0.5603799999999999,-263.31327802809705,3.0835990185646107,-133.02210408322935,0.5,1,-20,1,500,0.7,0.5,eff,0.5,35,5,5
3.7378786914194815,-97.3964960215078,0.664380693404857,-325.4831912615337,0.5603799999999999,-218.63253278444637,3.0835990185646107,-128.96220591409391,0.5,1,-20,1,500,0.7,0.5,eff,1,35,0,5
5.327510845438027,-94.80383130978498,0.664380693404857,-359.73381294510773,0.5603799999999999,-258.30890930625327,3.0835990185646107,-132.5673841070808,0.5,1,-20,1,500,0.7,0.5,eff,1,6.5,5,5
3.7378786914194815,-97.91502633725602,0.664380693404857,-340.90642604770665,0.5603799999999999,-227.7874198406804,3.0835990185646107,-129.79406109008895,0.5,1,-20,1,500,0.7,0.5,eq,0.5,6.5,0,5
3.7378786914194815,-100.40969001363109,0.664380693404857,-343.4010897240817,0.5603799999999999,-230.71024544119024,3.0835990185646107,-130.0596424773174,0.5,1,-20,1,500,0.7,0.5,eq,0.5,35,0,5
5.327510845438027,-94.80383130978498,0.664380693404857,-359.73381294510773,0.5603799999999999,-258.30890930625327,3.0835990185646107,-132.5673841070808,0.5,1,-20,1,500,0.7,0.5,eff,1,35,5,5
3.7378786914194815,-100.40969001363109,0.664380693404857,-328.49638525365697,0.5603799999999999,-222.12305685380997,3.0835990185646107,-129.279370997202,0.5,1,-20,1,500,0.7,0.5,eff,0.5,35,0,5
5.327510845438027,-97.19987474980884,0.664380693404857,-362.12985638513163,0.5603799999999999,-261.0845179528324,3.0835990185646107,-132.8195886842658,0.5,1,-20,1,500,0.7,0.5,eff,0.5,6.5,5,5
3.7378786914194815,-97.91502633725602,0.664380693404857,-326.0017215772819,0.5603799999999999,-219.23320521100916,3.0835990185646107,-129.0167857755432,0.5,1,-20,1,500,0.7,0.5,eff,0.5,6.5,0,5
5.327510845438027,-94.80383130978498,0.6968241909147566,-363.32525016986153,0.5603799999999999,-255.01041190700403,3.0835990185646107,-132.26766745107855,0.5,1,-20,1,500,0.7,1,eq,1,6.5,5,5
5.327510845438027,-97.19987474980884,0.6968241909147566,-365.72129360988544,0.5603799999999999,-257.8140912664978,3.0835990185646107,-132.52242266244275,0.5,1,-20,1,500,0.7,1,eq,0.5,6.5,5,5
3.7378786914194815,-96.24059247727779,0.6968241909147566,-327.3324346811119,0.5603799999999999,-212.8941830402643,3.0835990185646107,-128.44079304389177,0.5,1,-20,1,500,0.7,1,eq,1,6.5,0,5
5.327510845438027,-94.80383130978498,0.6968241909147566,-363.32525016986153,0.5603799999999999,-255.01041190700403,3.0835990185646107,-132.26766745107855,0.5,1,-20,1,500,0.7,1,eq,1,35,5,5
3.7378786914194815,-97.3964960215078,0.6968241909147566,-328.4883382253419,0.5603799999999999,-214.24673903108678,3.0835990185646107,-128.56369250675536,0.5,1,-20,1,500,0.7,1,eq,1,35,0,5
3.7378786914194815,-97.91502633725602,0.6968241909147566,-329.0068685410901,0.5603799999999999,-214.8534862714283,3.0835990185646107,-128.6188243537457,0.5,1,-20,1,500,0.7,1,eq,0.5,6.5,0,5
5.327510845438027,-99.12385130279266,0.6968241909147566,-367.6452701628692,0.5603799999999999,-260.0653915810106,3.0835990185646107,-132.72698617129254,0.5,1,-20,1,500,0.7,1,eq,0.5,35,5,5
3.7378786914194815,-96.24059247727779,0.6968241909147566,-313.16890553735317,0.5603799999999999,-205.23129969661278,3.0835990185646107,-127.74450819260863,0.5,1,-20,1,500,0.7,1,eff,1,6.5,0,5
3.7378786914194815,-100.40969001363109,0.6968241909147566,-331.5015322174652,0.5603799999999999,-217.77256400674236,3.0835990185646107,-128.88406519269202,0.5,1,-20,1,500,0.7,1,eq,0.5,35,0,5
3.7378786914194815,-97.3964960215078,0.6968241909147566,-314.32480908158317,0.5603799999999999,-206.5688598647542,3.0835990185646107,-127.86604506600085,0.5,1,-20,1,500,0.7,1,eff,1,35,0,5
3.7378786914194815,-100.40969001363109,0.6968241909147566,-317.3380030737065,0.5603799999999999,-210.0555939286749,3.0835990185646107,-128.18286577176974,0.5,1,-20,1,500,0.7,1,eff,0.5,35,0,5
3.7378786914194815,-97.91502633725602,0.6968241909147566,-314.84333939733136,0.5603799999999999,-207.16888008244322,3.0835990185646107,-127.92056566474996,0.5,1,-20,1,500,0.7,1,eff,0.5,6.5,0,5
5.327510845438027,-97.19987474980884,0.6968241909147566,-350.4475789101096,0.5603799999999999,-248.36852240566108,3.0835990185646107,-131.66415479973293,0.5,1,-20,1,500,0.7,1,eff,0.5,6.5,5,5
5.327510845438027,-94.80383130978498,0.6968241909147566,-348.0515354700857,0.5603799999999999,-245.5959275102996,3.0835990185646107,-131.4122240658553,0.5,1,-20,1,500,0.7,1,eff,1,35,5,5
5.327510845438027,-99.12385130279266,0.6968241909147566,-352.3715554630934,0.5603799999999999,-250.59486249639556,3.0835990185646107,-131.86645030776344,0.5,1,-20,1,500,0.7,1,eff,0.5,35,5,5
5.327510845438027,-94.80383130978498,0.6968241909147566,-348.0515354700857,0.5603799999999999,-245.5959275102996,3.0835990185646107,-131.4122240658553,0.5,1,-20,1,500,0.7,1,eff,1,6.5,5,5
3.7378786914194815,-96.24059247727779,0.664380693404857,-339.23199218772845,0.5603799999999999,-225.8256010194057,3.0835990185646107,-129.61580120213867,0.5,1,-20,1,500,0.8,0.5,eq,1,6.5,0,5
3.7378786914194815,-97.3964960215078,0.664380693404857,-340.38789573195845,0.5603799999999999,-227.17989358501958,3.0835990185646107,-129.73885845818089,0.5,1,-20,1,500,0.8,0.5,eq,1,35,0,5
5.327510845438027,-94.80383130978498,0.664380693404857,-375.73048077340303,0.5603799999999999,-268.5883661351183,3.0835990185646107,-133.50142286878085,0.5,1,-20,1,500,0.8,0.5,eq,1,6.5,5,5
5.327510845438027,-94.80383130978498,0.664380693404857,-375.73048077340303,0.5603799999999999,-268.5883661351183,3.0835990185646107,-133.50142286878085,0.5,1,-20,1,500,0.8,0.5,eq,1,35,5,5
3.7378786914194815,-97.91502633725602,0.664380693404857,-340.90642604770665,0.5603799999999999,-227.7874198406804,3.0835990185646107,-129.79406109008895,0.5,1,-20,1,500,0.8,0.5,eq,0.5,6.5,0,5
5.327510845438027,-99.12385130279266,0.664380693404857,-380.05050076641083,0.5603799999999999,-273.6498360039883,3.0835990185646107,-133.96133131797305,0.5,1,-20,1,500,0.8,0.5,eq,0.5,35,5,5
5.327510845438027,-94.80383130978498,0.664380693404857,-359.73381294510773,0.5603799999999999,-258.30890930625327,3.0835990185646107,-132.5673841070808,0.5,1,-20,1,500,0.8,0.5,eff,1,6.5,5,5
5.327510845438027,-97.19987474980884,0.664380693404857,-378.126524213427,0.5603799999999999,-271.39564519796704,3.0835990185646107,-133.75650516576044,0.5,1,-20,1,500,0.8,0.5,eq,0.5,6.5,5,5
5.327510845438027,-94.80383130978498,0.664380693404857,-359.73381294510773,0.5603799999999999,-258.30890930625327,3.0835990185646107,-132.5673841070808,0.5,1,-20,1,500,0.8,0.5,eff,1,35,5,5
3.7378786914194815,-96.24059247727779,0.664380693404857,-324.3272877173037,0.5603799999999999,-217.29351871750626,3.0835990185646107,-128.84053693276476,0.5,1,-20,1,500,0.8,0.5,eff,1,6.5,0,5
3.7378786914194815,-100.40969001363109,0.664380693404857,-343.4010897240817,0.5603799999999999,-230.71024544119024,3.0835990185646107,-130.0596424773174,0.5,1,-20,1,500,0.8,0.5,eq,0.5,35,0,5
5.327510845438027,-97.19987474980884,0.664380693404857,-362.12985638513163,0.5603799999999999,-261.0845179528324,3.0835990185646107,-132.8195886842658,0.5,1,-20,1,500,0.8,0.5,eff,0.5,6.5,5,5
3.7378786914194815,-97.91502633725602,0.664380693404857,-326.0017215772819,0.5603799999999999,-219.23320521100916,3.0835990185646107,-129.0167857755432,0.5,1,-20,1,500,0.8,0.5,eff,0.5,6.5,0,5
3.7378786914194815,-97.3964960215078,0.664380693404857,-325.4831912615337,0.5603799999999999,-218.63253278444637,3.0835990185646107,-128.96220591409391,0.5,1,-20,1,500,0.8,0.5,eff,1,35,0,5
5.327510845438027,-97.19987474980884,0.6968241909147566,-365.72129360988544,0.5603799999999999,-257.8140912664978,3.0835990185646107,-132.52242266244275,0.5,1,-20,1,500,0.8,1,eq,0.5,6.5,5,5
3.7378786914194815,-96.24059247727779,0.6968241909147566,-327.3324346811119,0.5603799999999999,-212.8941830402643,3.0835990185646107,-128.44079304389177,0.5,1,-20,1,500,0.8,1,eq,1,6.5,0,5
5.327510845438027,-99.12385130279266,0.664380693404857,-364.0538329381154,0.5603799999999999,-263.31327802809705,3.0835990185646107,-133.02210408322935,0.5,1,-20,1,500,0.8,0.5,eff,0.5,35,5,5
5.327510845438027,-99.12385130279266,0.6968241909147566,-367.6452701628692,0.5603799999999999,-260.0653915810106,3.0835990185646107,-132.72698617129254,0.5,1,-20,1,500,0.8,1,eq,0.5,35,5,5
3.7378786914194815,-100.40969001363109,0.664380693404857,-328.49638525365697,0.5603799999999999,-222.12305685380997,3.0835990185646107,-129.279370997202,0.5,1,-20,1,500,0.8,0.5,eff,0.5,35,0,5
5.327510845438027,-94.80383130978498,0.6968241909147566,-363.32525016986153,0.5603799999999999,-255.01041190700403,3.0835990185646107,-132.26766745107855,0.5,1,-20,1,500,0.8,1,eq,1,35,5,5
5.327510845438027,-94.80383130978498,0.6968241909147566,-348.0515354700857,0.5603799999999999,-245.5959275102996,3.0835990185646107,-131.4122240658553,0.5,1,-20,1,500,0.8,1,eff,1,35,5,5
3.7378786914194815,-97.3964960215078,0.6968241909147566,-314.32480908158317,0.5603799999999999,-206.5688598647542,3.0835990185646107,-127.86604506600085,0.5,1,-20,1,500,0.8,1,eff,1,35,0,5
3.7378786914194815,-97.91502633725602,0.6968241909147566,-329.0068685410901,0.5603799999999999,-214.8534862714283,3.0835990185646107,-128.6188243537457,0.5,1,-20,1,500,0.8,1,eq,0.5,6.5,0,5
3.7378786914194815,-97.3964960215078,0.6968241909147566,-328.4883382253419,0.5603799999999999,-214.24673903108678,3.0835990185646107,-128.56369250675536,0.5,1,-20,1,500,0.8,1,eq,1,35,0,5
3.7378786914194815,-100.40969001363109,0.6968241909147566,-331.5015322174652,0.5603799999999999,-217.77256400674236,3.0835990185646107,-128.88406519269202,0.5,1,-20,1,500,0.8,1,eq,0.5,35,0,5
5.327510845438027,-94.80383130978498,0.6968241909147566,-363.32525016986153,0.5603799999999999,-255.01041190700403,3.0835990185646107,-132.26766745107855,0.5,1,-20,1,500,0.8,1,eq,1,6.5,5,5
3.7378786914194815,-96.24059247727779,0.6968241909147566,-313.16890553735317,0.5603799999999999,-205.23129969661278,3.0835990185646107,-127.74450819260863,0.5,1,-20,1,500,0.8,1,eff,1,6.5,0,5
5.327510845438027,-94.80383130978498,0.6968241909147566,-348.0515354700857,0.5603799999999999,-245.5959275102996,3.0835990185646107,-131.4122240658553,0.5,1,-20,1,500,0.8,1,eff,1,6.5,5,5
3.7378786914194815,-97.91502633725602,0.6968241909147566,-314.84333939733136,0.5603799999999999,-207.16888008244322,3.0835990185646107,-127.92056566474996,0.5,1,-20,1,500,0.8,1,eff,0.5,6.5,0,5
3.7378786914194815,-100.40969001363109,0.6968241909147566,-317.3380030737065,0.5603799999999999,-210.0555939286749,3.0835990185646107,-128.18286577176974,0.5,1,-20,1,500,0.8,1,eff,0.5,35,0,5
5.327510845438027,-97.19987474980884,0.6968241909147566,-350.4475789101096,0.5603799999999999,-248.36852240566108,3.0835990185646107,-131.66415479973293,0.5,1,-20,1,500,0.8,1,eff,0.5,6.5,5,5
5.327510845438027,-94.80383130978498,0.664380693404857,-375.73048077340303,0.8717022222222222,-268.58945673674225,3.239260129675722,-139.99310868083592,0.5,1,-20,2,400,0.7,0.5,eq,1,6.5,5,5
3.7378786914194815,-97.3964960215078,0.664380693404857,-340.38789573195845,0.8717022222222222,-227.18098418743543,3.239260129675722,-134.4214879873672,0.5,1,-20,2,400,0.7,0.5,eq,1,35,0,5
5.327510845438027,-99.12385130279266,0.6968241909147566,-352.3715554630934,0.5603799999999999,-250.59486249639556,3.0835990185646107,-131.86645030776344,0.5,1,-20,1,500,0.8,1,eff,0.5,35,5,5
5.327510845438027,-97.19987474980884,0.664380693404857,-378.126524213427,0.8717022222222222,-271.3967357995782,3.239260129675722,-140.37083558443553,0.5,1,-20,2,400,0.7,0.5,eq,0.5,6.5,5,5
3.7378786914194815,-96.24059247727779,0.664380693404857,-339.23199218772845,0.8717022222222222,-225.82669162145442,3.239260129675722,-134.23926430170374,0.5,1,-20,2,400,0.7,0.5,eq,1,6.5,0,5
3.7378786914194815,-97.91502633725602,0.664380693404857,-340.90642604770665,0.8717022222222222,-227.78851044253886,3.239260129675722,-134.50323226930695,0.5,1,-20,2,400,0.7,0.5,eq,0.5,6.5,0,5
5.327510845438027,-94.80383130978498,0.664380693404857,-375.73048077340303,0.8717022222222222,-268.58945673674225,3.239260129675722,-139.99310868083592,0.5,1,-20,2,400,0.7,0.5,eq,1,35,5,5
3.7378786914194815,-96.24059247727779,0.664380693404857,-324.3272877173037,0.8717022222222222,-217.2945139730756,3.239260129675722,-133.09123698701697,0.5,1,-20,2,400,0.7,0.5,eff,1,6.5,0,5
5.327510845438027,-94.80383130978498,0.664380693404857,-359.73381294510773,0.8717022222222222,-258.30990456233855,3.239260129675722,-138.60996745179642,0.5,1,-20,2,400,0.7,0.5,eff,1,6.5,5,5
5.327510845438027,-97.19987474980884,0.664380693404857,-362.12985638513163,0.8717022222222222,-261.0855132082703,3.239260129675722,-138.9834330161257,0.5,1,-20,2,400,0.7,0.5,eff,0.5,6.5,5,5
5.327510845438027,-99.12385130279266,0.664380693404857,-380.05050076641083,0.8717022222222222,-273.65092660685553,3.239260129675722,-140.67414298448256,0.5,1,-20,2,400,0.7,0.5,eq,0.5,35,5,5
3.7378786914194815,-97.3964960215078,0.664380693404857,-325.4831912615337,0.8717022222222222,-218.63352804003557,3.239260129675722,-133.27140490978772,0.5,1,-20,2,400,0.7,0.5,eff,1,35,0,5
5.327510845438027,-94.80383130978498,0.6968241909147566,-363.32525016986153,0.8717022222222222,-255.01144130739712,3.239260129675722,-138.16615040189205,0.5,1,-20,2,400,0.7,1,eq,1,35,5,5
3.7378786914194815,-100.40969001363109,0.664380693404857,-343.4010897240817,0.8717022222222222,-230.71133604382024,3.239260129675722,-134.89650626858574,0.5,1,-20,2,400,0.7,0.5,eq,0.5,35,0,5
3.7378786914194815,-97.91502633725602,0.664380693404857,-326.0017215772819,0.8717022222222222,-219.23420046722956,3.239260129675722,-133.35222699085736,0.5,1,-20,2,400,0.7,0.5,eff,0.5,6.5,0,5
5.327510845438027,-94.80383130978498,0.664380693404857,-359.73381294510773,0.8717022222222222,-258.30990456233855,3.239260129675722,-138.60996745179642,0.5,1,-20,2,400,0.7,0.5,eff,1,35,5,5
5.327510845438027,-94.80383130978498,0.6968241909147566,-363.32525016986153,0.8717022222222222,-255.01144130739712,3.239260129675722,-138.16615040189205,0.5,1,-20,2,400,0.7,1,eq,1,6.5,5,5
5.327510845438027,-99.12385130279266,0.664380693404857,-364.0538329381154,0.8717022222222222,-263.3142732835336,3.239260129675722,-139.28331864318733,0.5,1,-20,2,400,0.7,0.5,eff,0.5,35,5,5
3.7378786914194815,-97.3964960215078,0.6968241909147566,-328.4883382253419,0.8717022222222222,-214.24776843204043,3.239260129675722,-132.68128922852506,0.5,1,-20,2,400,0.7,1,eq,1,35,0,5
3.7378786914194815,-96.24059247727779,0.6968241909147566,-327.3324346811119,0.8717022222222222,-212.89521244158303,3.239260129675722,-132.49929920374126,0.5,1,-20,2,400,0.7,1,eq,1,6.5,0,5
3.7378786914194815,-100.40969001363109,0.664380693404857,-328.49638525365697,0.8717022222222222,-222.12405210906527,3.239260129675722,-133.74106425573206,0.5,1,-20,2,400,0.7,0.5,eff,0.5,35,0,5
3.7378786914194815,-97.91502633725602,0.6968241909147566,-329.0068685410901,0.8717022222222222,-214.85451567212007,3.239260129675722,-132.76292869191042,0.5,1,-20,2,400,0.7,1,eq,0.5,6.5,0,5
5.327510845438027,-97.19987474980884,0.6968241909147566,-365.72129360988544,0.8717022222222222,-257.8151206677108,3.239260129675722,-138.54339295589278,0.5,1,-20,2,400,0.7,1,eq,0.5,6.5,5,5
5.327510845438027,-99.12385130279266,0.6968241909147566,-367.6452701628692,0.8717022222222222,-260.0664209822009,3.239260129675722,-138.84631143240722,0.5,1,-20,2,400,0.7,1,eq,0.5,35,5,5
5.327510845438027,-99.12385130279266,0.6968241909147566,-352.3715554630934,0.8717022222222222,-250.59580285700667,3.239260129675722,-137.5720144424992,0.5,1,-20,2,400,0.7,1,eff,0.5,35,5,5
3.7378786914194815,-100.40969001363109,0.6968241909147566,-331.5015322174652,0.8717022222222222,-217.77359340773333,3.239260129675722,-133.15569840584317,0.5,1,-20,2,400,0.7,1,eq,0.5,35,0,5
3.7378786914194815,-97.3964960215078,0.6968241909147566,-314.32480908158317,0.8717022222222222,-206.56980022579629,3.239260129675722,-131.64819807813876,0.5,1,-20,2,400,0.7,1,eff,1,35,0,5
5.327510845438027,-97.19987474980884,0.6968241909147566,-350.4475789101096,0.8717022222222222,-248.36946276629448,3.239260129675722,-137.27245443082924,0.5,1,-20,2,400,0.7,1,eff,0.5,6.5,5,5
5.327510845438027,-94.80383130978498,0.6968241909147566,-348.0515354700857,0.8717022222222222,-245.59686787099173,3.239260129675722,-136.89939437470466,0.5,1,-20,2,400,0.7,1,eff,1,35,5,5
3.7378786914194815,-96.24059247727779,0.664380693404857,-339.23199218772845,0.8717022222222222,-225.82669162145442,3.239260129675722,-134.23926430170374,0.5,1,-20,2,400,0.8,0.5,eq,1,6.5,0,5
5.327510845438027,-94.80383130978498,0.6968241909147566,-348.0515354700857,0.8717022222222222,-245.59686787099173,3.239260129675722,-136.89939437470466,0.5,1,-20,2,400,0.7,1,eff,1,6.5,5,5
3.7378786914194815,-96.24059247727779,0.6968241909147566,-313.16890553735317,0.8717022222222222,-205.23224005757538,3.239260129675722,-131.46822578133055,0.5,1,-20,2,400,0.7,1,eff,1,6.5,0,5
3.7378786914194815,-97.91502633725602,0.6968241909147566,-314.84333939733136,0.8717022222222222,-207.16982044333835,3.239260129675722,-131.72893240265594,0.5,1,-20,2,400,0.7,1,eff,0.5,6.5,0,5
5.327510845438027,-94.80383130978498,0.664380693404857,-375.73048077340303,0.8717022222222222,-268.58945673674225,3.239260129675722,-139.99310868083592,0.5,1,-20,2,400,0.8,0.5,eq,1,6.5,5,5
5.327510845438027,-97.19987474980884,0.664380693404857,-378.126524213427,0.8717022222222222,-271.3967357995782,3.239260129675722,-140.37083558443553,0.5,1,-20,2,400,0.8,0.5,eq,0.5,6.5,5,5
3.7378786914194815,-97.91502633725602,0.664380693404857,-340.90642604770665,0.8717022222222222,-227.78851044253886,3.239260129675722,-134.50323226930695,0.5,1,-20,2,400,0.8,0.5,eq,0.5,6.5,0,5
5.327510845438027,-94.80383130978498,0.664380693404857,-375.73048077340303,0.8717022222222222,-268.58945673674225,3.239260129675722,-139.99310868083592,0.5,1,-20,2,400,0.8,0.5,eq,1,35,5,5
3.7378786914194815,-100.40969001363109,0.6968241909147566,-317.3380030737065,0.8717022222222222,-210.0565342893439,3.239260129675722,-132.11734746871207,0.5,1,-20,2,400,0.7,1,eff,0.5,35,0,5
3.7378786914194815,-97.3964960215078,0.664380693404857,-340.38789573195845,0.8717022222222222,-227.18098418743543,3.239260129675722,-134.4214879873672,0.5,1,-20,2,400,0.8,0.5,eq,1,35,0,5
5.327510845438027,-97.19987474980884,0.664380693404857,-362.12985638513163,0.8717022222222222,-261.0855132082703,3.239260129675722,-138.9834330161257,0.5,1,-20,2,400,0.8,0.5,eff,0.5,6.5,5,5
5.327510845438027,-94.80383130978498,0.664380693404857,-359.73381294510773,0.8717022222222222,-258.30990456233855,3.239260129675722,-138.60996745179642,0.5,1,-20,2,400,0.8,0.5,eff,1,6.5,5,5
5.327510845438027,-99.12385130279266,0.664380693404857,-380.05050076641083,0.8717022222222222,-273.65092660685553,3.239260129675722,-140.67414298448256,0.5,1,-20,2,400,0.8,0.5,eq,0.5,35,5,5
5.327510845438027,-94.80383130978498,0.664380693404857,-359.73381294510773,0.8717022222222222,-258.30990456233855,3.239260129675722,-138.60996745179642,0.5,1,-20,2,400,0.8,0.5,eff,1,35,5,5
5.327510845438027,-99.12385130279266,0.664380693404857,-364.0538329381154,0.8717022222222222,-263.3142732835336,3.239260129675722,-139.28331864318733,0.5,1,-20,2,400,0.8,0.5,eff,0.5,35,5,5
3.7378786914194815,-97.3964960215078,0.664380693404857,-325.4831912615337,0.8717022222222222,-218.63352804003557,3.239260129675722,-133.27140490978772,0.5,1,-20,2,400,0.8,0.5,eff,1,35,0,5
3.7378786914194815,-100.40969001363109,0.664380693404857,-343.4010897240817,0.8717022222222222,-230.71133604382024,3.239260129675722,-134.89650626858574,0.5,1,-20,2,400,0.8,0.5,eq,0.5,35,0,5
3.7378786914194815,-96.24059247727779,0.664380693404857,-324.3272877173037,0.8717022222222222,-217.2945139730756,3.239260129675722,-133.09123698701697,0.5,1,-20,2,400,0.8,0.5,eff,1,6.5,0,5
3.7378786914194815,-100.40969001363109,0.664380693404857,-328.49638525365697,0.8717022222222222,-222.12405210906527,3.239260129675722,-133.74106425573206,0.5,1,-20,2,400,0.8,0.5,eff,0.5,35,0,5
3.7378786914194815,-97.3964960215078,0.6968241909147566,-328.4883382253419,0.8717022222222222,-214.24776843204043,3.239260129675722,-132.68128922852506,0.5,1,-20,2,400,0.8,1,eq,1,35,0,5
5.327510845438027,-94.80383130978498,0.6968241909147566,-363.32525016986153,0.8717022222222222,-255.01144130739712,3.239260129675722,-138.16615040189205,0.5,1,-20,2,400,0.8,1,eq,1,35,5,5
5.327510845438027,-94.80383130978498,0.6968241909147566,-363.32525016986153,0.8717022222222222,-255.01144130739712,3.239260129675722,-138.16615040189205,0.5,1,-20,2,400,0.8,1,eq,1,6.5,5,5
3.7378786914194815,-96.24059247727779,0.6968241909147566,-327.3324346811119,0.8717022222222222,-212.89521244158303,3.239260129675722,-132.49929920374126,0.5,1,-20,2,400,0.8,1,eq,1,6.5,0,5
3.7378786914194815,-97.91502633725602,0.664380693404857,-326.0017215772819,0.8717022222222222,-219.23420046722956,3.239260129675722,-133.35222699085736,0.5,1,-20,2,400,0.8,0.5,eff,0.5,6.5,0,5
5.327510845438027,-99.12385130279266,0.6968241909147566,-367.6452701628692,0.8717022222222222,-260.0664209822009,3.239260129675722,-138.84631143240722,0.5,1,-20,2,400,0.8,1,eq,0.5,35,5,5
5.327510845438027,-97.19987474980884,0.6968241909147566,-365.72129360988544,0.8717022222222222,-257.8151206677108,3.239260129675722,-138.54339295589278,0.5,1,-20,2,400,0.8,1,eq,0.5,6.5,5,5
3.7378786914194815,-100.40969001363109,0.6968241909147566,-331.5015322174652,0.8717022222222222,-217.77359340773333,3.239260129675722,-133.15569840584317,0.5,1,-20,2,400,0.8,1,eq,0.5,35,0,5
3.7378786914194815,-97.91502633725602,0.6968241909147566,-329.0068685410901,0.8717022222222222,-214.85451567212007,3.239260129675722,-132.76292869191042,0.5,1,-20,2,400,0.8,1,eq,0.5,6.5,0,5
3.7378786914194815,-96.24059247727779,0.6968241909147566,-313.16890553735317,0.8717022222222222,-205.23224005757538,3.239260129675722,-131.46822578133055,0.5,1,-20,2,400,0.8,1,eff,1,6.5,0,5
5.327510845438027,-94.80383130978498,0.6968241909147566,-348.0515354700857,0.8717022222222222,-245.59686787099173,3.239260129675722,-136.89939437470466,0.5,1,-20,2,400,0.8,1,eff,1,6.5,5,5
5.327510845438027,-94.80383130978498,0.6968241909147566,-348.0515354700857,0.8717022222222222,-245.59686787099173,3.239260129675722,-136.89939437470466,0.5,1,-20,2,400,0.8,1,eff,1,35,5,5
3.7378786914194815,-97.3964960215078,0.6968241909147566,-314.32480908158317,0.8717022222222222,-206.56980022579629,3.239260129675722,-131.64819807813876,0.5,1,-20,2,400,0.8,1,eff,1,35,0,5
5.327510845438027,-99.12385130279266,0.6968241909147566,-352.3715554630934,0.8717022222222222,-250.59580285700667,3.239260129675722,-137.5720144424992,0.5,1,-20,2,400,0.8,1,eff,0.5,35,5,5
5.327510845438027,-97.19987474980884,0.6968241909147566,-350.4475789101096,0.8717022222222222,-248.36946276629448,3.239260129675722,-137.27245443082924,0.5,1,-20,2,400,0.8,1,eff,0.5,6.5,5,5
5.327510845438027,-94.80383130978498,0.664380693404857,-375.73048077340303,1.1207599999999998,-268.5903292185846,3.363789018564611,-144.75394509821004,0.5,1,-20,2,500,0.7,0.5,eq,1,35,5,5
3.7378786914194815,-96.24059247727779,0.664380693404857,-339.23199218772845,1.1207599999999998,-225.82756410309693,3.363789018564611,-137.63001485669858,0.5,1,-20,2,500,0.7,0.5,eq,1,6.5,0,5
3.7378786914194815,-100.40969001363109,0.6968241909147566,-317.3380030737065,0.8717022222222222,-210.0565342893439,3.239260129675722,-132.11734746871207,0.5,1,-20,2,400,0.8,1,eff,0.5,35,0,5
3.7378786914194815,-97.91502633725602,0.6968241909147566,-314.84333939733136,0.8717022222222222,-207.16982044333835,3.239260129675722,-131.72893240265594,0.5,1,-20,2,400,0.8,1,eff,0.5,6.5,0,5
5.327510845438027,-94.80383130978498,0.664380693404857,-375.73048077340303,1.1207599999999998,-268.5903292185846,3.363789018564611,-144.75394509821004,0.5,1,-20,2,500,0.7,0.5,eq,1,6.5,5,5
5.327510845438027,-97.19987474980884,0.664380693404857,-378.126524213427,1.1207599999999998,-271.3976082814232,3.363789018564611,-145.22161504794573,0.5,1,-20,2,500,0.7,0.5,eq,0.5,6.5,5,5
3.7378786914194815,-97.3964960215078,0.664380693404857,-340.38789573195845,1.1207599999999998,-227.18185666925746,3.363789018564611,-137.85562902692038,0.5,1,-20,2,500,0.7,0.5,eq,1,35,0,5
3.7378786914194815,-97.91502633725602,0.664380693404857,-340.90642604770665,1.1207599999999998,-227.7893829243611,3.363789018564611,-137.95683797937141,0.5,1,-20,2,500,0.7,0.5,eq,0.5,6.5,0,5
5.327510845438027,-99.12385130279266,0.664380693404857,-380.05050076641083,1.1207599999999998,-273.6517990885828,3.363789018564611,-145.59714497492527,0.5,1,-20,2,500,0.7,0.5,eq,0.5,35,5,5
3.7378786914194815,-96.24059247727779,0.664380693404857,-324.3272877173037,1.1207599999999998,-217.29531017753368,3.363789018564611,-136.20861047359978,0.5,1,-20,2,500,0.7,0.5,eff,1,6.5,0,5
3.7378786914194815,-100.40969001363109,0.664380693404857,-343.4010897240817,1.1207599999999998,-230.7122085255034,3.363789018564611,-138.44375704633083,0.5,1,-20,2,500,0.7,0.5,eq,0.5,35,0,5
5.327510845438027,-94.80383130978498,0.664380693404857,-359.73381294510773,1.1207599999999998,-258.3107007667464,3.363789018564611,-143.04144227474248,0.5,1,-20,2,500,0.7,0.5,eff,1,6.5,5,5
3.7378786914194815,-97.3964960215078,0.664380693404857,-325.4831912615337,1.1207599999999998,-218.63432424445634,3.363789018564611,-136.43167936962175,0.5,1,-20,2,500,0.7,0.5,eff,1,35,0,5
5.327510845438027,-94.80383130978498,0.664380693404857,-359.73381294510773,1.1207599999999998,-258.3107007667464,3.363789018564611,-143.04144227474248,0.5,1,-20,2,500,0.7,0.5,eff,1,35,5,5
5.327510845438027,-97.19987474980884,0.664380693404857,-362.12985638513163,1.1207599999999998,-261.0863094126781,3.363789018564611,-143.50383618958773,0.5,1,-20,2,500,0.7,0.5,eff,0.5,6.5,5,5
3.7378786914194815,-97.91502633725602,0.664380693404857,-326.0017215772819,1.1207599999999998,-219.23499667165026,3.363789018564611,-136.53174652986678,0.5,1,-20,2,500,0.7,0.5,eff,0.5,6.5,0,5
5.327510845438027,-99.12385130279266,0.664380693404857,-364.0538329381154,1.1207599999999998,-263.3150694879491,3.363789018564611,-143.87512956265226,0.5,1,-20,2,500,0.7,0.5,eff,0.5,35,5,5
3.7378786914194815,-97.3964960215078,0.6968241909147566,-328.4883382253419,1.1207599999999998,-214.24859195354426,3.363789018564611,-135.70105189934412,0.5,1,-20,2,500,0.7,1,eq,1,35,0,5
5.327510845438027,-94.80383130978498,0.6968241909147566,-363.32525016986153,1.1207599999999998,-255.01226482817486,3.363789018564611,-142.49194956843547,0.5,1,-20,2,500,0.7,1,eq,1,6.5,5,5
3.7378786914194815,-96.24059247727779,0.6968241909147566,-327.3324346811119,1.1207599999999998,-212.8960359623116,3.363789018564611,-135.47572702843712,0.5,1,-20,2,500,0.7,1,eq,1,6.5,0,5
3.7378786914194815,-100.40969001363109,0.664380693404857,-328.49638525365697,1.1207599999999998,-222.12484831352214,3.363789018564611,-137.0131724023381,0.5,1,-20,2,500,0.7,0.5,eff,0.5,35,0,5
5.327510845438027,-97.19987474980884,0.6968241909147566,-365.72129360988544,1.1207599999999998,-257.81594418833345,3.363789018564611,-142.95901983686642,0.5,1,-20,2,500,0.7,1,eq,0.5,6.5,5,5
5.327510845438027,-94.80383130978498,0.6968241909147566,-363.32525016986153,1.1207599999999998,-255.01226482817486,3.363789018564611,-142.49194956843547,0.5,1,-20,2,500,0.7,1,eq,1,35,5,5
3.7378786914194815,-97.91502633725602,0.6968241909147566,-329.0068685410901,1.1207599999999998,-214.8553391926619,3.363789018564611,-135.8021310740427,0.5,1,-20,2,500,0.7,1,eq,0.5,6.5,0,5
3.7378786914194815,-96.24059247727779,0.6968241909147566,-313.16890553735317,1.1207599999999998,-205.23299234627683,3.363789018564611,-134.19912604131977,0.5,1,-20,2,500,0.7,1,eff,1,6.5,0,5
5.327510845438027,-94.80383130978498,0.6968241909147566,-348.0515354700857,1.1207599999999998,-245.59762015996552,3.363789018564611,-140.92354603597423,0.5,1,-20,2,500,0.7,1,eff,1,6.5,5,5
3.7378786914194815,-97.3964960215078,0.6968241909147566,-314.32480908158317,1.1207599999999998,-206.57055251420957,3.363789018564611,-134.42195272954837,0.5,1,-20,2,500,0.7,1,eff,1,35,0,5
5.327510845438027,-99.12385130279266,0.6968241909147566,-367.6452701628692,1.1207599999999998,-260.0672445031596,3.363789018564611,-143.3340682312394,0.5,1,-20,2,500,0.7,1,eq,0.5,35,5,5
5.327510845438027,-99.12385130279266,0.6968241909147566,-352.3715554630934,1.1207599999999998,-250.59655514605095,3.363789018564611,-141.75632810763284,0.5,1,-20,2,500,0.7,1,eff,0.5,35,5,5
3.7378786914194815,-100.40969001363109,0.6968241909147566,-331.5015322174652,1.1207599999999998,-217.77441692876243,3.363789018564611,-136.28842577704825,0.5,1,-20,2,500,0.7,1,eq,0.5,35,0,5
5.327510845438027,-94.80383130978498,0.6968241909147566,-348.0515354700857,1.1207599999999998,-245.59762015996552,3.363789018564611,-140.92354603597423,0.5,1,-20,2,500,0.7,1,eff,1,35,5,5
5.327510845438027,-97.19987474980884,0.6968241909147566,-350.4475789101096,1.1207599999999998,-248.37021505531632,3.363789018564611,-141.3854378843875,0.5,1,-20,2,500,0.7,1,eff,0.5,6.5,5,5
3.7378786914194815,-100.40969001363109,0.6968241909147566,-317.3380030737065,1.1207599999999998,-210.05728657827837,3.363789018564611,-135.00281437813555,0.5,1,-20,2,500,0.7,1,eff,0.5,35,0,5
5.327510845438027,-94.80383130978498,0.664380693404857,-375.73048077340303,1.1207599999999998,-268.5903292185846,3.363789018564611,-144.75394509821004,0.5,1,-20,2,500,0.8,0.5,eq,1,6.5,5,5
3.7378786914194815,-97.91502633725602,0.6968241909147566,-314.84333939733136,1.1207599999999998,-207.17057273205535,3.363789018564611,-134.52191123699964,0.5,1,-20,2,500,0.7,1,eff,0.5,6.5,0,5
3.7378786914194815,-96.24059247727779,0.664380693404857,-339.23199218772845,1.1207599999999998,-225.82756410309693,3.363789018564611,-137.63001485669858,0.5,1,-20,2,500,0.8,0.5,eq,1,6.5,0,5
3.7378786914194815,-97.3964960215078,0.664380693404857,-340.38789573195845,1.1207599999999998,-227.18185666925746,3.363789018564611,-137.85562902692038,0.5,1,-20,2,500,0.8,0.5,eq,1,35,0,5
5.327510845438027,-94.80383130978498,0.664380693404857,-375.73048077340303,1.1207599999999998,-268.5903292185846,3.363789018564611,-144.75394509821004,0.5,1,-20,2,500,0.8,0.5,eq,1,35,5,5
5.327510845438027,-97.19987474980884,0.664380693404857,-378.126524213427,1.1207599999999998,-271.3976082814232,3.363789018564611,-145.22161504794573,0.5,1,-20,2,500,0.8,0.5,eq,0.5,6.5,5,5
3.7378786914194815,-97.91502633725602,0.664380693404857,-340.90642604770665,1.1207599999999998,-227.7893829243611,3.363789018564611,-137.95683797937141,0.5,1,-20,2,500,0.8,0.5,eq,0.5,6.5,0,5
5.327510845438027,-99.12385130279266,0.664380693404857,-380.05050076641083,1.1207599999999998,-273.6517990885828,3.363789018564611,-145.59714497492527,0.5,1,-20,2,500,0.8,0.5,eq,0.5,35,5,5
3.7378786914194815,-96.24059247727779,0.664380693404857,-324.3272877173037,1.1207599999999998,-217.29531017753368,3.363789018564611,-136.20861047359978,0.5,1,-20,2,500,0.8,0.5,eff,1,6.5,0,5
5.327510845438027,-94.80383130978498,0.664380693404857,-359.73381294510773,1.1207599999999998,-258.3107007667464,3.363789018564611,-143.04144227474248,0.5,1,-20,2,500,0.8,0.5,eff,1,6.5,5,5
3.7378786914194815,-100.40969001363109,0.664380693404857,-343.4010897240817,1.1207599999999998,-230.7122085255034,3.363789018564611,-138.44375704633083,0.5,1,-20,2,500,0.8,0.5,eq,0.5,35,0,5
5.327510845438027,-99.12385130279266,0.664380693404857,-364.0538329381154,1.1207599999999998,-263.3150694879491,3.363789018564611,-143.87512956265226,0.5,1,-20,2,500,0.8,0.5,eff,0.5,35,5,5
5.327510845438027,-94.80383130978498,0.664380693404857,-359.73381294510773,1.1207599999999998,-258.3107007667464,3.363789018564611,-143.04144227474248,0.5,1,-20,2,500,0.8,0.5,eff,1,35,5,5
3.7378786914194815,-97.91502633725602,0.664380693404857,-326.0017215772819,1.1207599999999998,-219.23499667165026,3.363789018564611,-136.53174652986678,0.5,1,-20,2,500,0.8,0.5,eff,0.5,6.5,0,5
3.7378786914194815,-97.3964960215078,0.664380693404857,-325.4831912615337,1.1207599999999998,-218.63432424445634,3.363789018564611,-136.43167936962175,0.5,1,-20,2,500,0.8,0.5,eff,1,35,0,5
3.7378786914194815,-97.3964960215078,0.6968241909147566,-328.4883382253419,1.1207599999999998,-214.24859195354426,3.363789018564611,-135.70105189934412,0.5,1,-20,2,500,0.8,1,eq,1,35,0,5
5.327510845438027,-97.19987474980884,0.664380693404857,-362.12985638513163,1.1207599999999998,-261.0863094126781,3.363789018564611,-143.50383618958773,0.5,1,-20,2,500,0.8,0.5,eff,0.5,6.5,5,5
3.7378786914194815,-96.24059247727779,0.6968241909147566,-327.3324346811119,1.1207599999999998,-212.8960359623116,3.363789018564611,-135.47572702843712,0.5,1,-20,2,500,0.8,1,eq,1,6.5,0,5
3.7378786914194815,-100.40969001363109,0.664380693404857,-328.49638525365697,1.1207599999999998,-222.12484831352214,3.363789018564611,-137.0131724023381,0.5,1,-20,2,500,0.8,0.5,eff,0.5,35,0,5
5.327510845438027,-94.80383130978498,0.6968241909147566,-363.32525016986153,1.1207599999999998,-255.01226482817486,3.363789018564611,-142.49194956843547,0.5,1,-20,2,500,0.8,1,eq,1,6.5,5,5
5.327510845438027,-94.80383130978498,0.6968241909147566,-363.32525016986153,1.1207599999999998,-255.01226482817486,3.363789018564611,-142.49194956843547,0.5,1,-20,2,500,0.8,1,eq,1,35,5,5
5.327510845438027,-97.19987474980884,0.6968241909147566,-365.72129360988544,1.1207599999999998,-257.81594418833345,3.363789018564611,-142.95901983686642,0.5,1,-20,2,500,0.8,1,eq,0.5,6.5,5,5
5.327510845438027,-99.12385130279266,0.6968241909147566,-367.6452701628692,1.1207599999999998,-260.0672445031596,3.363789018564611,-143.3340682312394,0.5,1,-20,2,500,0.8,1,eq,0.5,35,5,5
5.327510845438027,-94.80383130978498,0.6968241909147566,-348.0515354700857,1.1207599999999998,-245.59762015996552,3.363789018564611,-140.92354603597423,0.5,1,-20,2,500,0.8,1,eff,1,6.5,5,5
3.7378786914194815,-97.91502633725602,0.6968241909147566,-329.0068685410901,1.1207599999999998,-214.8553391926619,3.363789018564611,-135.8021310740427,0.5,1,-20,2,500,0.8,1,eq,0.5,6.5,0,5
3.7378786914194815,-96.24059247727779,0.6968241909147566,-313.16890553735317,1.1207599999999998,-205.23299234627683,3.363789018564611,-134.19912604131977,0.5,1,-20,2,500,0.8,1,eff,1,6.5,0,5
3.7378786914194815,-96.24059247727779,1.6648435882347152,-197.7758239856668,0.4358511111111111,-84.19415557818873,3.0213345741201665,-117.41736363638854,0.5,1,-10,1,400,0.7,0.5,eq,1,6.5,0,5
5.327510845438027,-94.80383130978498,1.6648435882347152,-234.2743125713414,0.4358511111111111,-125.86024846560498,3.0213345741201665,-120.42269330695765,0.5,1,-10,1,400,0.7,0.5,eq,1,6.5,5,5
5.327510845438027,-94.80383130978498,0.6968241909147566,-348.0515354700857,1.1207599999999998,-245.59762015996552,3.363789018564611,-140.92354603597423,0.5,1,-20,2,500,0.8,1,eff,1,35,5,5
5.327510845438027,-94.80383130978498,1.6648435882347152,-234.2743125713414,0.4358511111111111,-125.86024846560498,3.0213345741201665,-120.42269330695765,0.5,1,-10,1,400,0.7,0.5,eq,1,35,5,5
3.7378786914194815,-100.40969001363109,0.6968241909147566,-331.5015322174652,1.1207599999999998,-217.77441692876243,3.363789018564611,-136.28842577704825,0.5,1,-20,2,500,0.8,1,eq,0.5,35,0,5
3.7378786914194815,-97.91502633725602,1.6648435882347152,-199.450257845645,0.4358511111111111,-86.1056625871565,3.0213345741201665,-117.55523854453209,0.5,1,-10,1,400,0.7,0.5,eq,0.5,6.5,0,5
5.327510845438027,-97.19987474980884,0.6968241909147566,-350.4475789101096,1.1207599999999998,-248.37021505531632,3.363789018564611,-141.3854378843875,0.5,1,-20,2,500,0.8,1,eff,0.5,6.5,5,5
3.7378786914194815,-100.40969001363109,0.6968241909147566,-317.3380030737065,1.1207599999999998,-210.05728657827837,3.363789018564611,-135.00281437813555,0.5,1,-20,2,500,0.8,1,eff,0.5,35,0,5
5.327510845438027,-99.12385130279266,0.6968241909147566,-352.3715554630934,1.1207599999999998,-250.59655514605095,3.363789018564611,-141.75632810763284,0.5,1,-20,2,500,0.8,1,eff,0.5,35,5,5
3.7378786914194815,-97.3964960215078,0.6968241909147566,-314.32480908158317,1.1207599999999998,-206.57055251420957,3.363789018564611,-134.42195272954837,0.5,1,-20,2,500,0.8,1,eff,1,35,0,5
3.7378786914194815,-97.3964960215078,1.6648435882347152,-198.9317275298968,0.4358511111111111,-85.51371664251937,3.0213345741201665,-117.51254213151353,0.5,1,-10,1,400,0.7,0.5,eq,1,35,0,5
5.327510845438027,-97.19987474980884,1.6648435882347152,-236.6703560113653,0.4358511111111111,-128.59553347086518,3.0213345741201665,-120.61998642023298,0.5,1,-10,1,400,0.7,0.5,eq,0.5,6.5,5,5
3.7378786914194815,-97.91502633725602,0.6968241909147566,-314.84333939733136,1.1207599999999998,-207.17057273205535,3.363789018564611,-134.52191123699964,0.5,1,-20,2,500,0.8,1,eff,0.5,6.5,0,5
5.327510845438027,-99.12385130279266,1.6648435882347152,-238.59433256434912,0.4358511111111111,-130.79191444075184,3.0213345741201665,-120.77840897534287,0.5,1,-10,1,400,0.7,0.5,eq,0.5,35,5,5
3.7378786914194815,-96.24059247727779,1.6648435882347152,-192.71015708568203,0.4358511111111111,-85.22302721763161,3.0213345741201665,-117.49157502149687,0.5,1,-10,1,400,0.7,0.5,eff,1,6.5,0,5
3.7378786914194815,-97.91502633725602,1.6648435882347152,-194.38459094566028,0.4358511111111111,-87.12040560844896,3.0213345741201665,-117.62843084787889,0.5,1,-10,1,400,0.7,0.5,eff,0.5,6.5,0,5
5.327510845438027,-97.19987474980884,1.6648435882347152,-230.51272575350998,0.4358511111111111,-128.05886482241243,3.0213345741201665,-120.5812770980792,0.5,1,-10,1,400,0.7,0.5,eff,0.5,6.5,5,5
5.327510845438027,-99.12385130279266,1.6648435882347152,-232.4367023064938,0.4358511111111111,-130.23901157128844,3.0213345741201665,-120.73852869659841,0.5,1,-10,1,400,0.7,0.5,eff,0.5,35,5,5
3.7378786914194815,-96.24059247727779,1.7398467296524174,-190.23420489025668,0.4358511111111111,-76.80129073355639,3.0213345741201665,-116.88412438767581,0.5,1,-10,1,400,0.7,1,eq,1,6.5,0,5
3.7378786914194815,-97.3964960215078,1.6648435882347152,-193.86606062991206,0.4358511111111111,-86.5328349437328,3.0213345741201665,-117.58605001901168,0.5,1,-10,1,400,0.7,0.5,eff,1,35,0,5
5.327510845438027,-94.80383130978498,1.6648435882347152,-228.1166823134861,0.4358511111111111,-125.34379726753723,3.0213345741201665,-120.38544224736947,0.5,1,-10,1,400,0.7,0.5,eff,1,35,5,5
5.327510845438027,-94.80383130978498,1.6648435882347152,-228.1166823134861,0.4358511111111111,-125.34379726753723,3.0213345741201665,-120.38544224736947,0.5,1,-10,1,400,0.7,0.5,eff,1,6.5,5,5
3.7378786914194815,-100.40969001363109,1.6648435882347152,-201.94492152202008,0.4358511111111111,-88.9535308822695,3.0213345741201665,-117.76065216726617,0.5,1,-10,1,400,0.7,0.5,eq,0.5,35,0,5
3.7378786914194815,-100.40969001363109,1.6648435882347152,-196.87925462203535,0.4358511111111111,-89.94722431108416,3.0213345741201665,-117.83232618654927,0.5,1,-10,1,400,0.7,0.5,eff,0.5,35,0,5
5.327510845438027,-94.80383130978498,1.7398467296524174,-226.22702037900632,0.4358511111111111,-117.8360413607115,3.0213345741201665,-119.84391603210531,0.5,1,-10,1,400,0.7,1,eq,1,6.5,5,5
3.7378786914194815,-97.91502633725602,1.7398467296524174,-191.9086387502349,0.4358511111111111,-78.71028215162367,3.0213345741201665,-117.02181784900145,0.5,1,-10,1,400,0.7,1,eq,0.5,6.5,0,5
5.327510845438027,-97.19987474980884,1.7398467296524174,-228.62306381903014,0.4358511111111111,-120.56772666259081,3.0213345741201665,-120.04094950271593,0.5,1,-10,1,400,0.7,1,eq,0.5,6.5,5,5
5.327510845438027,-94.80383130978498,1.7398467296524174,-226.22702037900632,0.4358511111111111,-117.8360413607115,3.0213345741201665,-119.84391603210531,0.5,1,-10,1,400,0.7,1,eq,1,35,5,5
3.7378786914194815,-97.3964960215078,1.7398467296524174,-191.39010843448668,0.4358511111111111,-78.1191152227458,3.0213345741201665,-116.97917762553678,0.5,1,-10,1,400,0.7,1,eq,1,35,0,5
3.7378786914194815,-97.3964960215078,1.7398467296524174,-186.70306484691756,0.4358511111111111,-79.4485630640328,3.0213345741201665,-117.07506924306121,0.5,1,-10,1,400,0.7,1,eff,1,35,0,5
3.7378786914194815,-100.40969001363109,1.7398467296524174,-194.40330242660997,0.4358511111111111,-81.55440258158552,3.0213345741201665,-117.22696114232467,0.5,1,-10,1,400,0.7,1,eq,0.5,35,0,5
5.327510845438027,-99.12385130279266,1.7398467296524174,-230.54704037201395,0.4358511111111111,-122.7612171411051,3.0213345741201665,-120.19916356984717,0.5,1,-10,1,400,0.7,1,eq,0.5,35,5,5
5.327510845438027,-94.80383130978498,1.6648435882347152,-234.2743125713414,0.4358511111111111,-125.86024846560498,3.0213345741201665,-120.42269330695765,0.5,1,-10,1,400,0.8,0.5,eq,1,6.5,5,5
3.7378786914194815,-97.91502633725602,1.7398467296524174,-187.22159516266578,0.4358511111111111,-80.03547545838407,3.0213345741201665,-117.11740259160752,0.5,1,-10,1,400,0.7,1,eff,0.5,6.5,0,5
3.7378786914194815,-100.40969001363109,1.7398467296524174,-189.71625883904088,0.4358511111111111,-82.85912720545745,3.0213345741201665,-117.32106950123978,0.5,1,-10,1,400,0.7,1,eff,0.5,35,0,5
5.327510845438027,-99.12385130279266,1.7398467296524174,-224.74981122842786,0.4358511111111111,-122.51278967649398,3.0213345741201665,-120.18124476876369,0.5,1,-10,1,400,0.7,1,eff,0.5,35,5,5
3.7378786914194815,-96.24059247727779,1.6648435882347152,-197.7758239856668,0.4358511111111111,-84.19415557818873,3.0213345741201665,-117.41736363638854,0.5,1,-10,1,400,0.8,0.5,eq,1,6.5,0,5
5.327510845438027,-94.80383130978498,1.7398467296524174,-220.42979123542017,0.4358511111111111,-117.62305960364435,3.0213345741201665,-119.82855389110647,0.5,1,-10,1,400,0.7,1,eff,1,6.5,5,5
3.7378786914194815,-96.24059247727779,1.7398467296524174,-185.54716130268756,0.4358511111111111,-78.14022274845128,3.0213345741201665,-116.98070008826078,0.5,1,-10,1,400,0.7,1,eff,1,6.5,0,5
5.327510845438027,-94.80383130978498,1.7398467296524174,-220.42979123542017,0.4358511111111111,-117.62305960364435,3.0213345741201665,-119.82855389110647,0.5,1,-10,1,400,0.7,1,eff,1,35,5,5
3.7378786914194815,-97.91502633725602,1.6648435882347152,-199.450257845645,0.4358511111111111,-86.1056625871565,3.0213345741201665,-117.55523854453209,0.5,1,-10,1,400,0.8,0.5,eq,0.5,6.5,0,5
5.327510845438027,-97.19987474980884,1.7398467296524174,-222.82583467544404,0.4358511111111111,-120.33508540062012,3.0213345741201665,-120.02416934314853,0.5,1,-10,1,400,0.7,1,eff,0.5,6.5,5,5
5.327510845438027,-94.80383130978498,1.6648435882347152,-234.2743125713414,0.4358511111111111,-125.86024846560498,3.0213345741201665,-120.42269330695765,0.5,1,-10,1,400,0.8,0.5,eq,1,35,5,5
3.7378786914194815,-97.3964960215078,1.6648435882347152,-198.9317275298968,0.4358511111111111,-85.51371664251937,3.0213345741201665,-117.51254213151353,0.5,1,-10,1,400,0.8,0.5,eq,1,35,0,5
5.327510845438027,-97.19987474980884,1.6648435882347152,-236.6703560113653,0.4358511111111111,-128.59553347086518,3.0213345741201665,-120.61998642023298,0.5,1,-10,1,400,0.8,0.5,eq,0.5,6.5,5,5
5.327510845438027,-99.12385130279266,1.6648435882347152,-238.59433256434912,0.4358511111111111,-130.79191444075184,3.0213345741201665,-120.77840897534287,0.5,1,-10,1,400,0.8,0.5,eq,0.5,35,5,5
3.7378786914194815,-96.24059247727779,1.6648435882347152,-192.71015708568203,0.4358511111111111,-85.22302721763161,3.0213345741201665,-117.49157502149687,0.5,1,-10,1,400,0.8,0.5,eff,1,6.5,0,5
3.7378786914194815,-100.40969001363109,1.6648435882347152,-201.94492152202008,0.4358511111111111,-88.9535308822695,3.0213345741201665,-117.76065216726617,0.5,1,-10,1,400,0.8,0.5,eq,0.5,35,0,5
5.327510845438027,-94.80383130978498,1.6648435882347152,-228.1166823134861,0.4358511111111111,-125.34379726753723,3.0213345741201665,-120.38544224736947,0.5,1,-10,1,400,0.8,0.5,eff,1,6.5,5,5
3.7378786914194815,-97.3964960215078,1.6648435882347152,-193.86606062991206,0.4358511111111111,-86.5328349437328,3.0213345741201665,-117.58605001901168,0.5,1,-10,1,400,0.8,0.5,eff,1,35,0,5
5.327510845438027,-94.80383130978498,1.6648435882347152,-228.1166823134861,0.4358511111111111,-125.34379726753723,3.0213345741201665,-120.38544224736947,0.5,1,-10,1,400,0.8,0.5,eff,1,35,5,5
3.7378786914194815,-97.91502633725602,1.6648435882347152,-194.38459094566028,0.4358511111111111,-87.12040560844896,3.0213345741201665,-117.62843084787889,0.5,1,-10,1,400,0.8,0.5,eff,0.5,6.5,0,5
5.327510845438027,-97.19987474980884,1.6648435882347152,-230.51272575350998,0.4358511111111111,-128.05886482241243,3.0213345741201665,-120.5812770980792,0.5,1,-10,1,400,0.8,0.5,eff,0.5,6.5,5,5
3.7378786914194815,-97.3964960215078,1.7398467296524174,-191.39010843448668,0.4358511111111111,-78.1191152227458,3.0213345741201665,-116.97917762553678,0.5,1,-10,1,400,0.8,1,eq,1,35,0,5
5.327510845438027,-99.12385130279266,1.6648435882347152,-232.4367023064938,0.4358511111111111,-130.23901157128844,3.0213345741201665,-120.73852869659841,0.5,1,-10,1,400,0.8,0.5,eff,0.5,35,5,5
3.7378786914194815,-96.24059247727779,1.7398467296524174,-185.54716130268756,0.4358511111111111,-78.14022274845128,3.0213345741201665,-116.98070008826078,0.5,1,-10,1,400,0.8,1,eff,1,6.5,0,5
5.327510845438027,-94.80383130978498,1.7398467296524174,-226.22702037900632,0.4358511111111111,-117.8360413607115,3.0213345741201665,-119.84391603210531,0.5,1,-10,1,400,0.8,1,eq,1,6.5,5,5
3.7378786914194815,-100.40969001363109,1.6648435882347152,-196.87925462203535,0.4358511111111111,-89.94722431108416,3.0213345741201665,-117.83232618654927,0.5,1,-10,1,400,0.8,0.5,eff,0.5,35,0,5
3.7378786914194815,-100.40969001363109,1.7398467296524174,-194.40330242660997,0.4358511111111111,-81.55440258158552,3.0213345741201665,-117.22696114232467,0.5,1,-10,1,400,0.8,1,eq,0.5,35,0,5
5.327510845438027,-94.80383130978498,1.7398467296524174,-226.22702037900632,0.4358511111111111,-117.8360413607115,3.0213345741201665,-119.84391603210531,0.5,1,-10,1,400,0.8,1,eq,1,35,5,5
5.327510845438027,-94.80383130978498,1.7398467296524174,-220.42979123542017,0.4358511111111111,-117.62305960364435,3.0213345741201665,-119.82855389110647,0.5,1,-10,1,400,0.8,1,eff,1,6.5,5,5
5.327510845438027,-97.19987474980884,1.7398467296524174,-228.62306381903014,0.4358511111111111,-120.56772666259081,3.0213345741201665,-120.04094950271593,0.5,1,-10,1,400,0.8,1,eq,0.5,6.5,5,5
5.327510845438027,-94.80383130978498,1.7398467296524174,-220.42979123542017,0.4358511111111111,-117.62305960364435,3.0213345741201665,-119.82855389110647,0.5,1,-10,1,400,0.8,1,eff,1,35,5,5
3.7378786914194815,-97.91502633725602,1.7398467296524174,-191.9086387502349,0.4358511111111111,-78.71028215162367,3.0213345741201665,-117.02181784900145,0.5,1,-10,1,400,0.8,1,eq,0.5,6.5,0,5
5.327510845438027,-99.12385130279266,1.7398467296524174,-230.54704037201395,0.4358511111111111,-122.7612171411051,3.0213345741201665,-120.19916356984717,0.5,1,-10,1,400,0.8,1,eq,0.5,35,5,5
3.7378786914194815,-96.24059247727779,1.7398467296524174,-190.23420489025668,0.4358511111111111,-76.80129073355639,3.0213345741201665,-116.88412438767581,0.5,1,-10,1,400,0.8,1,eq,1,6.5,0,5
3.7378786914194815,-97.3964960215078,1.7398467296524174,-186.70306484691756,0.4358511111111111,-79.4485630640328,3.0213345741201665,-117.07506924306121,0.5,1,-10,1,400,0.8,1,eff,1,35,0,5
5.327510845438027,-99.12385130279266,1.7398467296524174,-224.74981122842786,0.4358511111111111,-122.51278967649398,3.0213345741201665,-120.18124476876369,0.5,1,-10,1,400,0.8,1,eff,0.5,35,5,5
5.327510845438027,-97.19987474980884,1.7398467296524174,-222.82583467544404,0.4358511111111111,-120.33508540062012,3.0213345741201665,-120.02416934314853,0.5,1,-10,1,400,0.8,1,eff,0.5,6.5,5,5
3.7378786914194815,-100.40969001363109,1.7398467296524174,-189.71625883904088,0.4358511111111111,-82.85912720545745,3.0213345741201665,-117.32106950123978,0.5,1,-10,1,400,0.8,1,eff,0.5,35,0,5
3.7378786914194815,-97.91502633725602,1.7398467296524174,-187.22159516266578,0.4358511111111111,-80.03547545838407,3.0213345741201665,-117.11740259160752,0.5,1,-10,1,400,0.8,1,eff,0.5,6.5,0,5
5.327510845438027,-94.80383130978498,1.6648435882347152,-234.2743125713414,0.5603799999999999,-125.86038839384337,3.0835990185646107,-120.53250186362918,0.5,1,-10,1,500,0.7,0.5,eq,1,6.5,5,5
3.7378786914194815,-97.3964960215078,1.6648435882347152,-198.9317275298968,0.5603799999999999,-85.51385657052681,3.0835990185646107,-116.8664302753597,0.5,1,-10,1,500,0.7,0.5,eq,1,35,0,5
3.7378786914194815,-96.24059247727779,1.6648435882347152,-197.7758239856668,0.5603799999999999,-84.19429550647273,3.0835990185646107,-116.74652888341109,0.5,1,-10,1,500,0.7,0.5,eq,1,6.5,0,5
3.7378786914194815,-97.91502633725602,1.6648435882347152,-199.450257845645,0.5603799999999999,-86.10580251504351,3.0835990185646107,-116.92021720848422,0.5,1,-10,1,500,0.7,0.5,eq,0.5,6.5,0,5
3.7378786914194815,-100.40969001363109,1.6648435882347152,-201.94492152202008,0.5603799999999999,-88.95367081023613,3.0835990185646107,-117.1789876299385,0.5,1,-10,1,500,0.7,0.5,eq,0.5,35,0,5
5.327510845438027,-94.80383130978498,1.6648435882347152,-228.1166823134861,0.5603799999999999,-125.3439278838383,3.0835990185646107,-120.4855738845284,0.5,1,-10,1,500,0.7,0.5,eff,1,35,5,5
5.327510845438027,-94.80383130978498,1.6648435882347152,-228.1166823134861,0.5603799999999999,-125.3439278838383,3.0835990185646107,-120.4855738845284,0.5,1,-10,1,500,0.7,0.5,eff,1,6.5,5,5
5.327510845438027,-97.19987474980884,1.6648435882347152,-236.6703560113653,0.5603799999999999,-128.595673399063,3.0835990185646107,-120.78104244915878,0.5,1,-10,1,500,0.7,0.5,eq,0.5,6.5,5,5
3.7378786914194815,-96.24059247727779,1.6648435882347152,-192.71015708568203,0.5603799999999999,-85.22315783399345,3.0835990185646107,-116.84001605013172,0.5,1,-10,1,500,0.7,0.5,eff,1,6.5,0,5
3.7378786914194815,-97.3964960215078,1.6648435882347152,-193.86606062991206,0.5603799999999999,-86.53296556009175,3.0835990185646107,-116.95903120890105,0.5,1,-10,1,500,0.7,0.5,eff,1,35,0,5
3.7378786914194815,-97.91502633725602,1.6648435882347152,-194.38459094566028,0.5603799999999999,-87.12053622480666,3.0835990185646107,-117.01242058396421,0.5,1,-10,1,500,0.7,0.5,eff,0.5,6.5,0,5
5.327510845438027,-97.19987474980884,1.6648435882347152,-230.51272575350998,0.5603799999999999,-128.0589954387108,3.0835990185646107,-120.73227741946269,0.5,1,-10,1,500,0.7,0.5,eff,0.5,6.5,5,5
3.7378786914194815,-100.40969001363109,1.6648435882347152,-196.87925462203535,0.5603799999999999,-89.94735492774632,3.0835990185646107,-117.2692783425795,0.5,1,-10,1,500,0.7,0.5,eff,0.5,35,0,5
5.327510845438027,-99.12385130279266,1.6648435882347152,-238.59433256434912,0.5603799999999999,-130.7920543693575,3.0835990185646107,-120.98061573361029,0.5,1,-10,1,500,0.7,0.5,eq,0.5,35,5,5
5.327510845438027,-94.80383130978498,1.6648435882347152,-234.2743125713414,0.5603799999999999,-125.86038839384337,3.0835990185646107,-120.53250186362918,0.5,1,-10,1,500,0.7,0.5,eq,1,35,5,5
5.327510845438027,-99.12385130279266,1.6648435882347152,-232.4367023064938,0.5603799999999999,-130.2391421879967,3.0835990185646107,-120.93037558787067,0.5,1,-10,1,500,0.7,0.5,eff,0.5,35,5,5
3.7378786914194815,-96.24059247727779,1.7398467296524174,-190.23420489025668,0.5603799999999999,-76.80142303434076,3.0835990185646107,-116.07477846271897,0.5,1,-10,1,500,0.7,1,eq,1,6.5,0,5
3.7378786914194815,-97.3964960215078,1.7398467296524174,-191.39010843448668,0.5603799999999999,-78.11924752352634,3.0835990185646107,-116.19452206148195,0.5,1,-10,1,500,0.7,1,eq,1,35,0,5
5.327510845438027,-94.80383130978498,1.7398467296524174,-226.22702037900632,0.5603799999999999,-117.83617366143932,3.0835990185646107,-119.80338477922992,0.5,1,-10,1,500,0.7,1,eq,1,35,5,5
5.327510845438027,-94.80383130978498,1.7398467296524174,-226.22702037900632,0.5603799999999999,-117.83617366143932,3.0835990185646107,-119.80338477922992,0.5,1,-10,1,500,0.7,1,eq,1,6.5,5,5
5.327510845438027,-97.19987474980884,1.7398467296524174,-228.62306381903014,0.5603799999999999,-120.56785896365,3.0835990185646107,-120.05159827917544,0.5,1,-10,1,500,0.7,1,eq,0.5,6.5,5,5
3.7378786914194815,-97.91502633725602,1.7398467296524174,-191.9086387502349,0.5603799999999999,-78.71041445266151,3.0835990185646107,-116.24823820968322,0.5,1,-10,1,500,0.7,1,eq,0.5,6.5,0,5
3.7378786914194815,-97.3964960215078,1.7398467296524174,-186.70306484691756,0.5603799999999999,-79.4486867191881,3.0835990185646107,-116.31532102593556,0.5,1,-10,1,500,0.7,1,eff,1,35,0,5
5.327510845438027,-94.80383130978498,1.7398467296524174,-220.42979123542017,0.5603799999999999,-117.62318325905221,3.0835990185646107,-119.78403149091787,0.5,1,-10,1,500,0.7,1,eff,1,6.5,5,5
3.7378786914194815,-96.24059247727779,1.7398467296524174,-185.54716130268756,0.5603799999999999,-78.1403464034837,3.0835990185646107,-116.19643920282874,0.5,1,-10,1,500,0.7,1,eff,1,6.5,0,5
5.327510845438027,-99.12385130279266,1.7398467296524174,-224.74981122842786,0.5603799999999999,-122.51291333156112,3.0835990185646107,-120.22833487172969,0.5,1,-10,1,500,0.7,1,eff,0.5,35,5,5
5.327510845438027,-97.19987474980884,1.7398467296524174,-222.82583467544404,0.5603799999999999,-120.33520905603137,3.0835990185646107,-120.03045863772942,0.5,1,-10,1,500,0.7,1,eff,0.5,6.5,5,5
5.327510845438027,-97.19987474980884,1.6648435882347152,-236.6703560113653,0.5603799999999999,-128.595673399063,3.0835990185646107,-120.78104244915878,0.5,1,-10,1,500,0.8,0.5,eq,0.5,6.5,5,5
3.7378786914194815,-100.40969001363109,1.7398467296524174,-194.40330242660997,0.5603799999999999,-81.5545348823566,3.0835990185646107,-116.50666808282773,0.5,1,-10,1,500,0.7,1,eq,0.5,35,0,5
3.7378786914194815,-97.91502633725602,1.7398467296524174,-187.22159516266578,0.5603799999999999,-80.03559911391025,3.0835990185646107,-116.3686505875573,0.5,1,-10,1,500,0.7,1,eff,0.5,6.5,0,5
3.7378786914194815,-96.24059247727779,1.6648435882347152,-197.7758239856668,0.5603799999999999,-84.19429550647273,3.0835990185646107,-116.74652888341109,0.5,1,-10,1,500,0.8,0.5,eq,1,6.5,0,5
5.327510845438027,-99.12385130279266,1.7398467296524174,-230.54704037201395,0.5603799999999999,-122.76134944182601,3.0835990185646107,-120.25090892020884,0.5,1,-10,1,500,0.7,1,eq,0.5,35,5,5
3.7378786914194815,-100.40969001363109,1.7398467296524174,-189.71625883904088,0.5603799999999999,-82.85925086057824,3.0835990185646107,-116.6252205819488,0.5,1,-10,1,500,0.7,1,eff,0.5,35,0,5
5.327510845438027,-94.80383130978498,1.7398467296524174,-220.42979123542017,0.5603799999999999,-117.62318325905221,3.0835990185646107,-119.78403149091787,0.5,1,-10,1,500,0.7,1,eff,1,35,5,5
5.327510845438027,-94.80383130978498,1.6648435882347152,-234.2743125713414,0.5603799999999999,-125.86038839384337,3.0835990185646107,-120.53250186362918,0.5,1,-10,1,500,0.8,0.5,eq,1,35,5,5
3.7378786914194815,-97.3964960215078,1.6648435882347152,-198.9317275298968,0.5603799999999999,-85.51385657052681,3.0835990185646107,-116.8664302753597,0.5,1,-10,1,500,0.8,0.5,eq,1,35,0,5
5.327510845438027,-94.80383130978498,1.6648435882347152,-234.2743125713414,0.5603799999999999,-125.86038839384337,3.0835990185646107,-120.53250186362918,0.5,1,-10,1,500,0.8,0.5,eq,1,6.5,5,5
3.7378786914194815,-97.91502633725602,1.6648435882347152,-199.450257845645,0.5603799999999999,-86.10580251504351,3.0835990185646107,-116.92021720848422,0.5,1,-10,1,500,0.8,0.5,eq,0.5,6.5,0,5
5.327510845438027,-97.19987474980884,1.6648435882347152,-230.51272575350998,0.5603799999999999,-128.0589954387108,3.0835990185646107,-120.73227741946269,0.5,1,-10,1,500,0.8,0.5,eff,0.5,6.5,5,5
5.327510845438027,-99.12385130279266,1.6648435882347152,-238.59433256434912,0.5603799999999999,-130.7920543693575,3.0835990185646107,-120.98061573361029,0.5,1,-10,1,500,0.8,0.5,eq,0.5,35,5,5
3.7378786914194815,-96.24059247727779,1.6648435882347152,-192.71015708568203,0.5603799999999999,-85.22315783399345,3.0835990185646107,-116.84001605013172,0.5,1,-10,1,500,0.8,0.5,eff,1,6.5,0,5
3.7378786914194815,-97.3964960215078,1.6648435882347152,-193.86606062991206,0.5603799999999999,-86.53296556009175,3.0835990185646107,-116.95903120890105,0.5,1,-10,1,500,0.8,0.5,eff,1,35,0,5
3.7378786914194815,-100.40969001363109,1.6648435882347152,-201.94492152202008,0.5603799999999999,-88.95367081023613,3.0835990185646107,-117.1789876299385,0.5,1,-10,1,500,0.8,0.5,eq,0.5,35,0,5
5.327510845438027,-94.80383130978498,1.6648435882347152,-228.1166823134861,0.5603799999999999,-125.3439278838383,3.0835990185646107,-120.4855738845284,0.5,1,-10,1,500,0.8,0.5,eff,1,35,5,5
5.327510845438027,-99.12385130279266,1.6648435882347152,-232.4367023064938,0.5603799999999999,-130.2391421879967,3.0835990185646107,-120.93037558787067,0.5,1,-10,1,500,0.8,0.5,eff,0.5,35,5,5
3.7378786914194815,-100.40969001363109,1.6648435882347152,-196.87925462203535,0.5603799999999999,-89.94735492774632,3.0835990185646107,-117.2692783425795,0.5,1,-10,1,500,0.8,0.5,eff,0.5,35,0,5
5.327510845438027,-94.80383130978498,1.6648435882347152,-228.1166823134861,0.5603799999999999,-125.3439278838383,3.0835990185646107,-120.4855738845284,0.5,1,-10,1,500,0.8,0.5,eff,1,6.5,5,5
3.7378786914194815,-97.3964960215078,1.7398467296524174,-191.39010843448668,0.5603799999999999,-78.11924752352634,3.0835990185646107,-116.19452206148195,0.5,1,-10,1,500,0.8,1,eq,1,35,0,5
5.327510845438027,-94.80383130978498,1.7398467296524174,-226.22702037900632,0.5603799999999999,-117.83617366143932,3.0835990185646107,-119.80338477922992,0.5,1,-10,1,500,0.8,1,eq,1,35,5,5
3.7378786914194815,-97.91502633725602,1.6648435882347152,-194.38459094566028,0.5603799999999999,-87.12053622480666,3.0835990185646107,-117.01242058396421,0.5,1,-10,1,500,0.8,0.5,eff,0.5,6.5,0,5
5.327510845438027,-94.80383130978498,1.7398467296524174,-226.22702037900632,0.5603799999999999,-117.83617366143932,3.0835990185646107,-119.80338477922992,0.5,1,-10,1,500,0.8,1,eq,1,6.5,5,5
3.7378786914194815,-96.24059247727779,1.7398467296524174,-190.23420489025668,0.5603799999999999,-76.80142303434076,3.0835990185646107,-116.07477846271897,0.5,1,-10,1,500,0.8,1,eq,1,6.5,0,5
5.327510845438027,-94.80383130978498,1.7398467296524174,-220.42979123542017,0.5603799999999999,-117.62318325905221,3.0835990185646107,-119.78403149091787,0.5,1,-10,1,500,0.8,1,eff,1,35,5,5
5.327510845438027,-97.19987474980884,1.7398467296524174,-228.62306381903014,0.5603799999999999,-120.56785896365,3.0835990185646107,-120.05159827917544,0.5,1,-10,1,500,0.8,1,eq,0.5,6.5,5,5
3.7378786914194815,-100.40969001363109,1.7398467296524174,-194.40330242660997,0.5603799999999999,-81.5545348823566,3.0835990185646107,-116.50666808282773,0.5,1,-10,1,500,0.8,1,eq,0.5,35,0,5
5.327510845438027,-99.12385130279266,1.7398467296524174,-230.54704037201395,0.5603799999999999,-122.76134944182601,3.0835990185646107,-120.25090892020884,0.5,1,-10,1,500,0.8,1,eq,0.5,35,5,5
3.7378786914194815,-97.3964960215078,1.7398467296524174,-186.70306484691756,0.5603799999999999,-79.4486867191881,3.0835990185646107,-116.31532102593556,0.5,1,-10,1,500,0.8,1,eff,1,35,0,5
3.7378786914194815,-97.91502633725602,1.7398467296524174,-191.9086387502349,0.5603799999999999,-78.71041445266151,3.0835990185646107,-116.24823820968322,0.5,1,-10,1,500,0.8,1,eq,0.5,6.5,0,5
5.327510845438027,-94.80383130978498,1.7398467296524174,-220.42979123542017,0.5603799999999999,-117.62318325905221,3.0835990185646107,-119.78403149091787,0.5,1,-10,1,500,0.8,1,eff,1,6.5,5,5
5.327510845438027,-97.19987474980884,1.7398467296524174,-222.82583467544404,0.5603799999999999,-120.33520905603137,3.0835990185646107,-120.03045863772942,0.5,1,-10,1,500,0.8,1,eff,0.5,6.5,5,5
3.7378786914194815,-97.91502633725602,1.7398467296524174,-187.22159516266578,0.5603799999999999,-80.03559911391025,3.0835990185646107,-116.3686505875573,0.5,1,-10,1,500,0.8,1,eff,0.5,6.5,0,5
5.327510845438027,-99.12385130279266,1.7398467296524174,-224.74981122842786,0.5603799999999999,-122.51291333156112,3.0835990185646107,-120.22833487172969,0.5,1,-10,1,500,0.8,1,eff,0.5,35,5,5
3.7378786914194815,-96.24059247727779,1.7398467296524174,-185.54716130268756,0.5603799999999999,-78.1403464034837,3.0835990185646107,-116.19643920282874,0.5,1,-10,1,500,0.8,1,eff,1,6.5,0,5
3.7378786914194815,-100.40969001363109,1.7398467296524174,-189.71625883904088,0.5603799999999999,-82.85925086057824,3.0835990185646107,-116.6252205819488,0.5,1,-10,1,500,0.8,1,eff,0.5,35,0,5
5.327510845438027,-94.80383130978498,1.6648435882347152,-234.2743125713414,0.8717022222222222,-125.86073821447114,3.239260129675722,-120.78857799634768,0.5,1,-10,2,400,0.7,0.5,eq,1,6.5,5,5
3.7378786914194815,-97.3964960215078,1.6648435882347152,-198.9317275298968,0.8717022222222222,-85.51420639106603,3.239260129675722,-115.35984426681189,0.5,1,-10,2,400,0.7,0.5,eq,1,35,0,5
5.327510845438027,-94.80383130978498,1.6648435882347152,-234.2743125713414,0.8717022222222222,-125.86073821447114,3.239260129675722,-120.78857799634768,0.5,1,-10,2,400,0.7,0.5,eq,1,35,5,5
5.327510845438027,-97.19987474980884,1.6648435882347152,-236.6703560113653,0.8717022222222222,-128.5960232193649,3.239260129675722,-121.15661790696375,0.5,1,-10,2,400,0.7,0.5,eq,0.5,6.5,5,5
3.7378786914194815,-96.24059247727779,1.6648435882347152,-197.7758239856668,0.8717022222222222,-84.19464532673864,3.239260129675722,-115.18229379755596,0.5,1,-10,2,400,0.7,0.5,eq,1,6.5,0,5
3.7378786914194815,-100.40969001363109,1.6648435882347152,-201.94492152202008,0.8717022222222222,-88.95402063080836,3.239260129675722,-115.82268046964495,0.5,1,-10,2,400,0.7,0.5,eq,0.5,35,0,5
3.7378786914194815,-97.91502633725602,1.6648435882347152,-199.450257845645,0.8717022222222222,-86.10615233560786,3.239260129675722,-115.439492176309,0.5,1,-10,2,400,0.7,0.5,eq,0.5,6.5,0,5
5.327510845438027,-97.19987474980884,1.6648435882347152,-230.51272575350998,0.8717022222222222,-128.05932197989273,3.239260129675722,-121.08440332023906,0.5,1,-10,2,400,0.7,0.5,eff,0.5,6.5,5,5
3.7378786914194815,-96.24059247727779,1.6648435882347152,-192.71015708568203,0.8717022222222222,-85.22348437510395,3.239260129675722,-115.3207268422739,0.5,1,-10,2,400,0.7,0.5,eff,1,6.5,0,5
5.327510845438027,-99.12385130279266,1.6648435882347152,-238.59433256434912,0.8717022222222222,-130.79240418966208,3.239260129675722,-121.45214683888173,0.5,1,-10,2,400,0.7,0.5,eq,0.5,35,5,5
3.7378786914194815,-97.3964960215078,1.6648435882347152,-193.86606062991206,0.8717022222222222,-86.53329210119797,3.239260129675722,-115.49696497379347,0.5,1,-10,2,400,0.7,0.5,eff,1,35,0,5
5.327510845438027,-94.80383130978498,1.6648435882347152,-228.1166823134861,0.8717022222222222,-125.34425442459532,3.239260129675722,-120.71908372152052,0.5,1,-10,2,400,0.7,0.5,eff,1,35,5,5
5.327510845438027,-94.80383130978498,1.6648435882347152,-228.1166823134861,0.8717022222222222,-125.34425442459532,3.239260129675722,-120.71908372152052,0.5,1,-10,2,400,0.7,0.5,eff,1,6.5,5,5
5.327510845438027,-99.12385130279266,1.6648435882347152,-232.4367023064938,0.8717022222222222,-130.2394687287072,3.239260129675722,-121.37774789425171,0.5,1,-10,2,400,0.7,0.5,eff,0.5,35,5,5
3.7378786914194815,-97.91502633725602,1.6648435882347152,-194.38459094566028,0.8717022222222222,-87.12086276591455,3.239260129675722,-115.57602417769219,0.5,1,-10,2,400,0.7,0.5,eff,0.5,6.5,0,5
3.7378786914194815,-96.24059247727779,1.7398467296524174,-190.23420489025668,0.8717022222222222,-76.80175378663661,3.239260129675722,-114.1875604747955,0.5,1,-10,2,400,0.7,1,eq,1,6.5,0,5
3.7378786914194815,-100.40969001363109,1.6648435882347152,-196.87925462203535,0.8717022222222222,-89.9476814684612,3.239260129675722,-115.95638019205701,0.5,1,-10,2,400,0.7,0.5,eff,0.5,35,0,5
5.327510845438027,-94.80383130978498,1.7398467296524174,-226.22702037900632,0.8717022222222222,-117.83650441371383,3.239260129675722,-119.7088958844249,0.5,1,-10,2,400,0.7,1,eq,1,6.5,5,5
3.7378786914194815,-97.3964960215078,1.7398467296524174,-191.39010843448668,0.8717022222222222,-78.11957827568429,3.239260129675722,-114.36487728320466,0.5,1,-10,2,400,0.7,1,eq,1,35,0,5
5.327510845438027,-94.80383130978498,1.7398467296524174,-226.22702037900632,0.8717022222222222,-117.83650441371383,3.239260129675722,-119.7088958844249,0.5,1,-10,2,400,0.7,1,eq,1,35,5,5
5.327510845438027,-97.19987474980884,1.7398467296524174,-228.62306381903014,0.8717022222222222,-120.56818971559014,3.239260129675722,-120.07645144537571,0.5,1,-10,2,400,0.7,1,eq,0.5,6.5,5,5
5.327510845438027,-94.80383130978498,1.6648435882347152,-234.2743125713414,0.8717022222222222,-125.86073821447114,3.239260129675722,-120.78857799634768,0.5,1,-10,2,400,0.8,0.5,eq,1,6.5,5,5
3.7378786914194815,-97.91502633725602,1.7398467296524174,-191.9086387502349,0.8717022222222222,-78.71074520494894,3.239260129675722,-114.44442037411339,0.5,1,-10,2,400,0.7,1,eq,0.5,6.5,0,5
3.7378786914194815,-100.40969001363109,1.7398467296524174,-189.71625883904088,0.8717022222222222,-82.85955999874011,3.239260129675722,-115.00265449711655,0.5,1,-10,2,400,0.7,1,eff,0.5,35,0,5
5.327510845438027,-99.12385130279266,1.7398467296524174,-230.54704037201395,0.8717022222222222,-122.76168019410186,3.239260129675722,-120.37159145389576,0.5,1,-10,2,400,0.7,1,eq,0.5,35,5,5
3.7378786914194815,-100.40969001363109,1.7398467296524174,-194.40330242660997,0.8717022222222222,-81.55486563464444,3.239260129675722,-114.82710438212507,0.5,1,-10,2,400,0.7,1,eq,0.5,35,0,5
3.7378786914194815,-97.91502633725602,1.7398467296524174,-187.22159516266578,0.8717022222222222,-80.03590825207854,3.239260129675722,-114.62272460513323,0.5,1,-10,2,400,0.7,1,eff,0.5,6.5,0,5
5.327510845438027,-99.12385130279266,1.7398467296524174,-224.74981122842786,0.8717022222222222,-122.5132224699316,3.239260129675722,-120.33816080281834,0.5,1,-10,2,400,0.7,1,eff,0.5,35,5,5
5.327510845438027,-94.80383130978498,1.7398467296524174,-220.42979123542017,0.8717022222222222,-117.62349239705958,3.239260129675722,-119.68023454806342,0.5,1,-10,2,400,0.7,1,eff,1,6.5,5,5
3.7378786914194815,-97.3964960215078,1.6648435882347152,-198.9317275298968,0.8717022222222222,-85.51420639106603,3.239260129675722,-115.35984426681189,0.5,1,-10,2,400,0.8,0.5,eq,1,35,0,5
5.327510845438027,-94.80383130978498,1.7398467296524174,-220.42979123542017,0.8717022222222222,-117.62349239705958,3.239260129675722,-119.68023454806342,0.5,1,-10,2,400,0.7,1,eff,1,35,5,5
3.7378786914194815,-96.24059247727779,1.6648435882347152,-197.7758239856668,0.8717022222222222,-84.19464532673864,3.239260129675722,-115.18229379755596,0.5,1,-10,2,400,0.8,0.5,eq,1,6.5,0,5
3.7378786914194815,-97.3964960215078,1.7398467296524174,-186.70306484691756,0.8717022222222222,-79.44899585735051,3.239260129675722,-114.54375397322158,0.5,1,-10,2,400,0.7,1,eff,1,35,0,5
3.7378786914194815,-96.24059247727779,1.7398467296524174,-185.54716130268756,0.8717022222222222,-78.14065554178141,3.239260129675722,-114.36771328571137,0.5,1,-10,2,400,0.7,1,eff,1,6.5,0,5
5.327510845438027,-97.19987474980884,1.7398467296524174,-222.82583467544404,0.8717022222222222,-120.33551819402032,3.239260129675722,-120.04514487006513,0.5,1,-10,2,400,0.7,1,eff,0.5,6.5,5,5
5.327510845438027,-94.80383130978498,1.6648435882347152,-234.2743125713414,0.8717022222222222,-125.86073821447114,3.239260129675722,-120.78857799634768,0.5,1,-10,2,400,0.8,0.5,eq,1,35,5,5
5.327510845438027,-97.19987474980884,1.6648435882347152,-236.6703560113653,0.8717022222222222,-128.5960232193649,3.239260129675722,-121.15661790696375,0.5,1,-10,2,400,0.8,0.5,eq,0.5,6.5,5,5
5.327510845438027,-99.12385130279266,1.6648435882347152,-238.59433256434912,0.8717022222222222,-130.79240418966208,3.239260129675722,-121.45214683888173,0.5,1,-10,2,400,0.8,0.5,eq,0.5,35,5,5
5.327510845438027,-94.80383130978498,1.6648435882347152,-228.1166823134861,0.8717022222222222,-125.34425442459532,3.239260129675722,-120.71908372152052,0.5,1,-10,2,400,0.8,0.5,eff,1,6.5,5,5
3.7378786914194815,-97.3964960215078,1.6648435882347152,-193.86606062991206,0.8717022222222222,-86.53329210119797,3.239260129675722,-115.49696497379347,0.5,1,-10,2,400,0.8,0.5,eff,1,35,0,5
3.7378786914194815,-97.91502633725602,1.6648435882347152,-194.38459094566028,0.8717022222222222,-87.12086276591455,3.239260129675722,-115.57602417769219,0.5,1,-10,2,400,0.8,0.5,eff,0.5,6.5,0,5
5.327510845438027,-97.19987474980884,1.6648435882347152,-230.51272575350998,0.8717022222222222,-128.05932197989273,3.239260129675722,-121.08440332023906,0.5,1,-10,2,400,0.8,0.5,eff,0.5,6.5,5,5
5.327510845438027,-94.80383130978498,1.6648435882347152,-228.1166823134861,0.8717022222222222,-125.34425442459532,3.239260129675722,-120.71908372152052,0.5,1,-10,2,400,0.8,0.5,eff,1,35,5,5
3.7378786914194815,-100.40969001363109,1.6648435882347152,-201.94492152202008,0.8717022222222222,-88.95402063080836,3.239260129675722,-115.82268046964495,0.5,1,-10,2,400,0.8,0.5,eq,0.5,35,0,5
3.7378786914194815,-97.91502633725602,1.6648435882347152,-199.450257845645,0.8717022222222222,-86.10615233560786,3.239260129675722,-115.439492176309,0.5,1,-10,2,400,0.8,0.5,eq,0.5,6.5,0,5
3.7378786914194815,-96.24059247727779,1.6648435882347152,-192.71015708568203,0.8717022222222222,-85.22348437510395,3.239260129675722,-115.3207268422739,0.5,1,-10,2,400,0.8,0.5,eff,1,6.5,0,5
3.7378786914194815,-97.3964960215078,1.7398467296524174,-191.39010843448668,0.8717022222222222,-78.11957827568429,3.239260129675722,-114.36487728320466,0.5,1,-10,2,400,0.8,1,eq,1,35,0,5
5.327510845438027,-99.12385130279266,1.6648435882347152,-232.4367023064938,0.8717022222222222,-130.2394687287072,3.239260129675722,-121.37774789425171,0.5,1,-10,2,400,0.8,0.5,eff,0.5,35,5,5
3.7378786914194815,-96.24059247727779,1.7398467296524174,-190.23420489025668,0.8717022222222222,-76.80175378663661,3.239260129675722,-114.1875604747955,0.5,1,-10,2,400,0.8,1,eq,1,6.5,0,5
3.7378786914194815,-100.40969001363109,1.6648435882347152,-196.87925462203535,0.8717022222222222,-89.9476814684612,3.239260129675722,-115.95638019205701,0.5,1,-10,2,400,0.8,0.5,eff,0.5,35,0,5
5.327510845438027,-94.80383130978498,1.7398467296524174,-220.42979123542017,0.8717022222222222,-117.62349239705958,3.239260129675722,-119.68023454806342,0.5,1,-10,2,400,0.8,1,eff,1,6.5,5,5
5.327510845438027,-94.80383130978498,1.7398467296524174,-226.22702037900632,0.8717022222222222,-117.83650441371383,3.239260129675722,-119.7088958844249,0.5,1,-10,2,400,0.8,1,eq,1,35,5,5
5.327510845438027,-99.12385130279266,1.7398467296524174,-230.54704037201395,0.8717022222222222,-122.76168019410186,3.239260129675722,-120.37159145389576,0.5,1,-10,2,400,0.8,1,eq,0.5,35,5,5
3.7378786914194815,-97.91502633725602,1.7398467296524174,-191.9086387502349,0.8717022222222222,-78.71074520494894,3.239260129675722,-114.44442037411339,0.5,1,-10,2,400,0.8,1,eq,0.5,6.5,0,5
3.7378786914194815,-100.40969001363109,1.7398467296524174,-194.40330242660997,0.8717022222222222,-81.55486563464444,3.239260129675722,-114.82710438212507,0.5,1,-10,2,400,0.8,1,eq,0.5,35,0,5
5.327510845438027,-94.80383130978498,1.7398467296524174,-226.22702037900632,0.8717022222222222,-117.83650441371383,3.239260129675722,-119.7088958844249,0.5,1,-10,2,400,0.8,1,eq,1,6.5,5,5
5.327510845438027,-97.19987474980884,1.7398467296524174,-228.62306381903014,0.8717022222222222,-120.56818971559014,3.239260129675722,-120.07645144537571,0.5,1,-10,2,400,0.8,1,eq,0.5,6.5,5,5
5.327510845438027,-99.12385130279266,1.7398467296524174,-224.74981122842786,0.8717022222222222,-122.5132224699316,3.239260129675722,-120.33816080281834,0.5,1,-10,2,400,0.8,1,eff,0.5,35,5,5
3.7378786914194815,-96.24059247727779,1.7398467296524174,-185.54716130268756,0.8717022222222222,-78.14065554178141,3.239260129675722,-114.36771328571137,0.5,1,-10,2,400,0.8,1,eff,1,6.5,0,5
3.7378786914194815,-100.40969001363109,1.7398467296524174,-189.71625883904088,0.8717022222222222,-82.85955999874011,3.239260129675722,-115.00265449711655,0.5,1,-10,2,400,0.8,1,eff,0.5,35,0,5
5.327510845438027,-94.80383130978498,1.7398467296524174,-220.42979123542017,0.8717022222222222,-117.62349239705958,3.239260129675722,-119.68023454806342,0.5,1,-10,2,400,0.8,1,eff,1,35,5,5
3.7378786914194815,-97.3964960215078,1.7398467296524174,-186.70306484691756,0.8717022222222222,-79.44899585735051,3.239260129675722,-114.54375397322158,0.5,1,-10,2,400,0.8,1,eff,1,35,0,5
3.7378786914194815,-97.91502633725602,1.7398467296524174,-187.22159516266578,0.8717022222222222,-80.03590825207854,3.239260129675722,-114.62272460513323,0.5,1,-10,2,400,0.8,1,eff,0.5,6.5,0,5
5.327510845438027,-97.19987474980884,1.7398467296524174,-222.82583467544404,0.8717022222222222,-120.33551819402032,3.239260129675722,-120.04514487006513,0.5,1,-10,2,400,0.8,1,eff,0.5,6.5,5,5
5.327510845438027,-94.80383130978498,1.6648435882347152,-234.2743125713414,1.1207599999999998,-125.86101807045233,3.363789018564611,-120.97639812966676,0.5,1,-10,2,500,0.7,0.5,eq,1,35,5,5
3.7378786914194815,-96.24059247727779,1.6648435882347152,-197.7758239856668,1.1207599999999998,-84.19492518330605,3.363789018564611,-114.03516459711227,0.5,1,-10,2,500,0.7,0.5,eq,1,6.5,0,5
5.327510845438027,-99.12385130279266,1.6648435882347152,-238.59433256434912,1.1207599999999998,-130.79268404594063,3.363789018564611,-121.79797372911483,0.5,1,-10,2,500,0.7,0.5,eq,0.5,35,5,5
5.327510845438027,-94.80383130978498,1.6648435882347152,-234.2743125713414,1.1207599999999998,-125.86101807045233,3.363789018564611,-120.97639812966676,0.5,1,-10,2,500,0.7,0.5,eq,1,6.5,5,5
5.327510845438027,-94.80383130978498,1.6648435882347152,-228.1166823134861,1.1207599999999998,-125.34451565755455,3.363789018564611,-120.8903530119313,0.5,1,-10,2,500,0.7,0.5,eff,1,6.5,5,5
3.7378786914194815,-100.40969001363109,1.6648435882347152,-201.94492152202008,1.1207599999999998,-88.95430048706946,3.363789018564611,-114.82803796640017,0.5,1,-10,2,500,0.7,0.5,eq,0.5,35,0,5
3.7378786914194815,-96.24059247727779,1.6648435882347152,-192.71015708568203,1.1207599999999998,-85.2237456081047,3.363789018564611,-114.20655774527555,0.5,1,-10,2,500,0.7,0.5,eff,1,6.5,0,5
5.327510845438027,-94.80383130978498,1.6648435882347152,-228.1166823134861,1.1207599999999998,-125.34451565755455,3.363789018564611,-120.8903530119313,0.5,1,-10,2,500,0.7,0.5,eff,1,35,5,5
3.7378786914194815,-97.3964960215078,1.6648435882347152,-193.86606062991206,1.1207599999999998,-86.53355333420254,3.363789018564611,-114.42476110152045,0.5,1,-10,2,500,0.7,0.5,eff,1,35,0,5
5.327510845438027,-97.19987474980884,1.6648435882347152,-236.6703560113653,1.1207599999999998,-128.59630307565743,3.363789018564611,-121.43207445263393,0.5,1,-10,2,500,0.7,0.5,eq,0.5,6.5,5,5
3.7378786914194815,-97.91502633725602,1.6648435882347152,-194.38459094566028,1.1207599999999998,-87.1211239989208,3.363789018564611,-114.52264561427606,0.5,1,-10,2,500,0.7,0.5,eff,0.5,6.5,0,5
5.327510845438027,-99.12385130279266,1.6648435882347152,-232.4367023064938,1.1207599999999998,-130.23972996171176,3.363789018564611,-121.70585605823526,0.5,1,-10,2,500,0.7,0.5,eff,0.5,35,5,5
3.7378786914194815,-100.40969001363109,1.6648435882347152,-196.87925462203535,1.1207599999999998,-89.94794270147533,3.363789018564611,-114.99357070969518,0.5,1,-10,2,500,0.7,0.5,eff,0.5,35,0,5
3.7378786914194815,-97.91502633725602,1.6648435882347152,-199.450257845645,1.1207599999999998,-86.10643219187683,3.363789018564611,-114.35360617937296,0.5,1,-10,2,500,0.7,0.5,eq,0.5,6.5,0,5
3.7378786914194815,-97.3964960215078,1.6648435882347152,-198.9317275298968,1.1207599999999998,-85.51448624736003,3.363789018564611,-114.25499278044771,0.5,1,-10,2,500,0.7,0.5,eq,1,35,0,5
5.327510845438027,-97.19987474980884,1.6648435882347152,-230.51272575350998,1.1207599999999998,-128.05958321274204,3.363789018564611,-121.34266127150961,0.5,1,-10,2,500,0.7,0.5,eff,0.5,6.5,5,5
5.327510845438027,-94.80383130978498,1.7398467296524174,-226.22702037900632,1.1207599999999998,-117.83676901542101,3.363789018564611,-119.63962324258492,0.5,1,-10,2,500,0.7,1,eq,1,6.5,5,5
5.327510845438027,-94.80383130978498,1.7398467296524174,-226.22702037900632,1.1207599999999998,-117.83676901542101,3.363789018564611,-119.63962324258492,0.5,1,-10,2,500,0.7,1,eq,1,35,5,5
3.7378786914194815,-96.24059247727779,1.7398467296524174,-190.23420489025668,1.1207599999999998,-76.80201838845035,3.363789018564611,-112.80356621598997,0.5,1,-10,2,500,0.7,1,eq,1,6.5,0,5
3.7378786914194815,-97.3964960215078,1.7398467296524174,-191.39010843448668,1.1207599999999998,-78.11984287763737,3.363789018564611,-113.02310510002079,0.5,1,-10,2,500,0.7,1,eq,1,35,0,5
3.7378786914194815,-97.91502633725602,1.7398467296524174,-191.9086387502349,1.1207599999999998,-78.71100980654082,3.363789018564611,-113.12158872125578,0.5,1,-10,2,500,0.7,1,eq,0.5,6.5,0,5
5.327510845438027,-97.19987474980884,1.7398467296524174,-228.62306381903014,1.1207599999999998,-120.5684543176724,3.363789018564611,-120.09469988420175,0.5,1,-10,2,500,0.7,1,eq,0.5,6.5,5,5
3.7378786914194815,-100.40969001363109,1.7398467296524174,-194.40330242660997,1.1207599999999998,-81.55513023660045,3.363789018564611,-113.5953961443138,0.5,1,-10,2,500,0.7,1,eq,0.5,35,0,5
5.327510845438027,-99.12385130279266,1.7398467296524174,-224.74981122842786,1.1207599999999998,-122.51346978039544,3.363789018564611,-120.41872370346785,0.5,1,-10,2,500,0.7,1,eff,0.5,35,5,5
5.327510845438027,-99.12385130279266,1.7398467296524174,-230.54704037201395,1.1207599999999998,-122.76194479619929,3.363789018564611,-120.46011762817233,0.5,1,-10,2,500,0.7,1,eq,0.5,35,5,5
3.7378786914194815,-97.91502633725602,1.7398467296524174,-187.22159516266578,1.1207599999999998,-80.03615556272501,3.363789018564611,-113.34234726905778,0.5,1,-10,2,500,0.7,1,eff,0.5,6.5,0,5
3.7378786914194815,-97.3964960215078,1.7398467296524174,-186.70306484691756,1.1207599999999998,-79.44924316800446,3.363789018564611,-113.24457241875108,0.5,1,-10,2,500,0.7,1,eff,1,35,0,5
5.327510845438027,-94.80383130978498,1.7398467296524174,-220.42979123542017,1.1207599999999998,-117.62373970781643,3.363789018564611,-119.60413428571626,0.5,1,-10,2,500,0.7,1,eff,1,6.5,5,5
3.7378786914194815,-96.24059247727779,1.7398467296524174,-185.54716130268756,1.1207599999999998,-78.1409028522992,3.363789018564611,-113.02661352118982,0.5,1,-10,2,500,0.7,1,eff,1,6.5,0,5
5.327510845438027,-94.80383130978498,1.7398467296524174,-220.42979123542017,1.1207599999999998,-117.62373970781643,3.363789018564611,-119.60413428571626,0.5,1,-10,2,500,0.7,1,eff,1,35,5,5
5.327510845438027,-97.19987474980884,1.7398467296524174,-222.82583467544404,1.1207599999999998,-120.3357655047966,3.363789018564611,-120.05593581301899,0.5,1,-10,2,500,0.7,1,eff,0.5,6.5,5,5
5.327510845438027,-94.80383130978498,1.6648435882347152,-234.2743125713414,1.1207599999999998,-125.86101807045233,3.363789018564611,-120.97639812966676,0.5,1,-10,2,500,0.8,0.5,eq,1,6.5,5,5
5.327510845438027,-94.80383130978498,1.6648435882347152,-234.2743125713414,1.1207599999999998,-125.86101807045233,3.363789018564611,-120.97639812966676,0.5,1,-10,2,500,0.8,0.5,eq,1,35,5,5
3.7378786914194815,-96.24059247727779,1.6648435882347152,-197.7758239856668,1.1207599999999998,-84.19492518330605,3.363789018564611,-114.03516459711227,0.5,1,-10,2,500,0.8,0.5,eq,1,6.5,0,5
3.7378786914194815,-97.91502633725602,1.6648435882347152,-199.450257845645,1.1207599999999998,-86.10643219187683,3.363789018564611,-114.35360617937296,0.5,1,-10,2,500,0.8,0.5,eq,0.5,6.5,0,5
3.7378786914194815,-97.3964960215078,1.6648435882347152,-198.9317275298968,1.1207599999999998,-85.51448624736003,3.363789018564611,-114.25499278044771,0.5,1,-10,2,500,0.8,0.5,eq,1,35,0,5
3.7378786914194815,-100.40969001363109,1.7398467296524174,-189.71625883904088,1.1207599999999998,-82.85980730942883,3.363789018564611,-113.81274477528814,0.5,1,-10,2,500,0.7,1,eff,0.5,35,0,5
5.327510845438027,-97.19987474980884,1.6648435882347152,-236.6703560113653,1.1207599999999998,-128.59630307565743,3.363789018564611,-121.43207445263393,0.5,1,-10,2,500,0.8,0.5,eq,0.5,6.5,5,5
5.327510845438027,-99.12385130279266,1.6648435882347152,-238.59433256434912,1.1207599999999998,-130.79268404594063,3.363789018564611,-121.79797372911483,0.5,1,-10,2,500,0.8,0.5,eq,0.5,35,5,5
3.7378786914194815,-100.40969001363109,1.6648435882347152,-201.94492152202008,1.1207599999999998,-88.95430048706946,3.363789018564611,-114.82803796640017,0.5,1,-10,2,500,0.8,0.5,eq,0.5,35,0,5
3.7378786914194815,-96.24059247727779,1.6648435882347152,-192.71015708568203,1.1207599999999998,-85.2237456081047,3.363789018564611,-114.20655774527555,0.5,1,-10,2,500,0.8,0.5,eff,1,6.5,0,5
5.327510845438027,-94.80383130978498,1.6648435882347152,-228.1166823134861,1.1207599999999998,-125.34451565755455,3.363789018564611,-120.8903530119313,0.5,1,-10,2,500,0.8,0.5,eff,1,6.5,5,5
5.327510845438027,-94.80383130978498,1.6648435882347152,-228.1166823134861,1.1207599999999998,-125.34451565755455,3.363789018564611,-120.8903530119313,0.5,1,-10,2,500,0.8,0.5,eff,1,35,5,5
3.7378786914194815,-97.91502633725602,1.6648435882347152,-194.38459094566028,1.1207599999999998,-87.1211239989208,3.363789018564611,-114.52264561427606,0.5,1,-10,2,500,0.8,0.5,eff,0.5,6.5,0,5
3.7378786914194815,-100.40969001363109,1.6648435882347152,-196.87925462203535,1.1207599999999998,-89.94794270147533,3.363789018564611,-114.99357070969518,0.5,1,-10,2,500,0.8,0.5,eff,0.5,35,0,5
3.7378786914194815,-97.3964960215078,1.6648435882347152,-193.86606062991206,1.1207599999999998,-86.53355333420254,3.363789018564611,-114.42476110152045,0.5,1,-10,2,500,0.8,0.5,eff,1,35,0,5
5.327510845438027,-94.80383130978498,1.7398467296524174,-226.22702037900632,1.1207599999999998,-117.83676901542101,3.363789018564611,-119.63962324258492,0.5,1,-10,2,500,0.8,1,eq,1,6.5,5,5
5.327510845438027,-97.19987474980884,1.6648435882347152,-230.51272575350998,1.1207599999999998,-128.05958321274204,3.363789018564611,-121.34266127150961,0.5,1,-10,2,500,0.8,0.5,eff,0.5,6.5,5,5
5.327510845438027,-97.19987474980884,1.7398467296524174,-228.62306381903014,1.1207599999999998,-120.5684543176724,3.363789018564611,-120.09469988420175,0.5,1,-10,2,500,0.8,1,eq,0.5,6.5,5,5
3.7378786914194815,-97.3964960215078,1.7398467296524174,-191.39010843448668,1.1207599999999998,-78.11984287763737,3.363789018564611,-113.02310510002079,0.5,1,-10,2,500,0.8,1,eq,1,35,0,5
3.7378786914194815,-96.24059247727779,1.7398467296524174,-190.23420489025668,1.1207599999999998,-76.80201838845035,3.363789018564611,-112.80356621598997,0.5,1,-10,2,500,0.8,1,eq,1,6.5,0,5
5.327510845438027,-99.12385130279266,1.6648435882347152,-232.4367023064938,1.1207599999999998,-130.23972996171176,3.363789018564611,-121.70585605823526,0.5,1,-10,2,500,0.8,0.5,eff,0.5,35,5,5
5.327510845438027,-94.80383130978498,1.7398467296524174,-226.22702037900632,1.1207599999999998,-117.83676901542101,3.363789018564611,-119.63962324258492,0.5,1,-10,2,500,0.8,1,eq,1,35,5,5
3.7378786914194815,-97.91502633725602,1.7398467296524174,-191.9086387502349,1.1207599999999998,-78.71100980654082,3.363789018564611,-113.12158872125578,0.5,1,-10,2,500,0.8,1,eq,0.5,6.5,0,5
3.7378786914194815,-96.24059247727779,1.7398467296524174,-185.54716130268756,1.1207599999999998,-78.1409028522992,3.363789018564611,-113.02661352118982,0.5,1,-10,2,500,0.8,1,eff,1,6.5,0,5
5.327510845438027,-94.80383130978498,1.7398467296524174,-220.42979123542017,1.1207599999999998,-117.62373970781643,3.363789018564611,-119.60413428571626,0.5,1,-10,2,500,0.8,1,eff,1,6.5,5,5
5.327510845438027,-99.12385130279266,1.7398467296524174,-230.54704037201395,1.1207599999999998,-122.76194479619929,3.363789018564611,-120.46011762817233,0.5,1,-10,2,500,0.8,1,eq,0.5,35,5,5
5.327510845438027,-94.80383130978498,1.7398467296524174,-220.42979123542017,1.1207599999999998,-117.62373970781643,3.363789018564611,-119.60413428571626,0.5,1,-10,2,500,0.8,1,eff,1,35,5,5
3.7378786914194815,-97.91502633725602,1.7398467296524174,-187.22159516266578,1.1207599999999998,-80.03615556272501,3.363789018564611,-113.34234726905778,0.5,1,-10,2,500,0.8,1,eff,0.5,6.5,0,5
3.7378786914194815,-97.3964960215078,1.7398467296524174,-186.70306484691756,1.1207599999999998,-79.44924316800446,3.363789018564611,-113.24457241875108,0.5,1,-10,2,500,0.8,1,eff,1,35,0,5
5.327510845438027,-97.19987474980884,1.7398467296524174,-222.82583467544404,1.1207599999999998,-120.3357655047966,3.363789018564611,-120.05593581301899,0.5,1,-10,2,500,0.8,1,eff,0.5,6.5,5,5
3.7378786914194815,-100.40969001363109,1.7398467296524174,-194.40330242660997,1.1207599999999998,-81.55513023660045,3.363789018564611,-113.5953961443138,0.5,1,-10,2,500,0.8,1,eq,0.5,35,0,5
3.7378786914194815,-100.40969001363109,1.7398467296524174,-189.71625883904088,1.1207599999999998,-82.85980730942883,3.363789018564611,-113.81274477528814,0.5,1,-10,2,500,0.8,1,eff,0.5,35,0,5
5.327510845438027,-99.12385130279266,1.7398467296524174,-224.74981122842786,1.1207599999999998,-122.51346978039544,3.363789018564611,-120.41872370346785,0.5,1,-10,2,500,0.8,1,eff,0.5,35,5,5
5.327510845438027,-94.80383130978498,0.664380693404857,-375.73048077340303,1.3075533333333331,-268.5879298948262,3.4571856852312774,-148.09895977775366,0.5,3,-20,1,400,0.7,0.5,eq,1,6.5,5,5
3.7378786914194815,-96.24059247727779,0.664380693404857,-339.23199218772845,1.3075533333333331,-225.82516477947726,3.4571856852312774,-140.01223821287124,0.5,3,-20,1,400,0.7,0.5,eq,1,6.5,0,5
5.327510845438027,-94.80383130978498,0.664380693404857,-375.73048077340303,1.3075533333333331,-268.5879298948262,3.4571856852312774,-148.09895977775366,0.5,3,-20,1,400,0.7,0.5,eq,1,35,5,5
5.327510845438027,-97.19987474980884,0.664380693404857,-378.126524213427,1.3075533333333331,-271.3952089557223,3.4571856852312774,-148.62983480557645,0.5,3,-20,1,400,0.7,0.5,eq,0.5,6.5,5,5
3.7378786914194815,-97.3964960215078,0.664380693404857,-340.38789573195845,1.3075533333333331,-227.17945734468998,3.4571856852312774,-140.26834388945053,0.5,3,-20,1,400,0.7,0.5,eq,1,35,0,5
3.7378786914194815,-97.91502633725602,0.664380693404857,-340.90642604770665,1.3075533333333331,-227.78698359817415,3.4571856852312774,-140.3832311200127,0.5,3,-20,1,400,0.7,0.5,eq,0.5,6.5,0,5
5.327510845438027,-99.12385130279266,0.664380693404857,-380.05050076641083,1.3075533333333331,-273.6493997649978,3.4571856852312774,-149.05611718884992,0.5,3,-20,1,400,0.7,0.5,eq,0.5,35,5,5
5.327510845438027,-94.80383130978498,0.664380693404857,-359.73381294510773,1.3075533333333331,-258.30851120504826,3.4571856852312774,-146.15505375182548,0.5,3,-20,1,400,0.7,0.5,eff,1,6.5,5,5
3.7378786914194815,-100.40969001363109,0.664380693404857,-343.4010897240817,1.3075533333333331,-230.7098092002398,3.4571856852312774,-140.93595676258653,0.5,3,-20,1,400,0.7,0.5,eq,0.5,35,0,5
5.327510845438027,-97.19987474980884,0.664380693404857,-362.12985638513163,1.3075533333333331,-261.08411984926465,3.4571856852312774,-146.6799396944981,0.5,3,-20,1,400,0.7,0.5,eff,0.5,6.5,5,5
3.7378786914194815,-97.3964960215078,0.664380693404857,-325.4831912615337,1.3075533333333331,-218.63213468178918,3.4571856852312774,-138.6519886721571,0.5,3,-20,1,400,0.7,0.5,eff,1,35,0,5
3.7378786914194815,-96.24059247727779,0.664380693404857,-324.3272877173037,1.3075533333333331,-217.29312061506832,3.4571856852312774,-138.39877226064056,0.5,3,-20,1,400,0.7,0.5,eff,1,6.5,0,5
5.327510845438027,-94.80383130978498,0.664380693404857,-359.73381294510773,1.3075533333333331,-258.30851120504826,3.4571856852312774,-146.15505375182548,0.5,3,-20,1,400,0.7,0.5,eff,1,35,5,5
3.7378786914194815,-100.40969001363109,0.664380693404857,-328.49638525365697,1.3075533333333331,-222.1226587503549,3.4571856852312774,-139.31206984749434,0.5,3,-20,1,400,0.7,0.5,eff,0.5,35,0,5
3.7378786914194815,-97.91502633725602,0.664380693404857,-326.0017215772819,1.3075533333333331,-219.23280711003605,3.4571856852312774,-138.76557979906002,0.5,3,-20,1,400,0.7,0.5,eff,0.5,6.5,0,5
5.327510845438027,-99.12385130279266,0.664380693404857,-364.0538329381154,1.3075533333333331,-263.31287992627824,3.4571856852312774,-147.1014129581919,0.5,3,-20,1,400,0.7,0.5,eff,0.5,35,5,5
5.327510845438027,-94.80383130978498,0.6968241909147566,-363.32525016986153,1.3075533333333331,-255.01000014622278,3.4571856852312774,-145.53128350592436,0.5,3,-20,1,400,0.7,1,eq,1,6.5,5,5
3.7378786914194815,-97.91502633725602,0.6968241909147566,-329.0068685410901,1.3075533333333331,-214.8530745107563,3.4571856852312774,-137.93734341248688,0.5,3,-20,1,400,0.7,1,eq,0.5,6.5,0,5
3.7378786914194815,-96.24059247727779,0.6968241909147566,-327.3324346811119,1.3075533333333331,-212.8937712789941,3.4571856852312774,-137.56682621946393,0.5,3,-20,1,400,0.7,1,eq,1,6.5,0,5
5.327510845438027,-97.19987474980884,0.6968241909147566,-365.72129360988544,1.3075533333333331,-257.8136795055937,3.4571856852312774,-146.0614778063931,0.5,3,-20,1,400,0.7,1,eq,0.5,6.5,5,5
5.327510845438027,-99.12385130279266,0.6968241909147566,-367.6452701628692,1.3075533333333331,-260.06497982026383,3.4571856852312774,-146.48721357802918,0.5,3,-20,1,400,0.7,1,eq,0.5,35,5,5
3.7378786914194815,-97.3964960215078,0.6968241909147566,-328.4883382253419,1.3075533333333331,-214.2463272702006,3.4571856852312774,-137.82260349841914,0.5,3,-20,1,400,0.7,1,eq,1,35,0,5
3.7378786914194815,-100.40969001363109,0.6968241909147566,-331.5015322174652,1.3075533333333331,-217.77215224586698,3.4571856852312774,-138.48936030864434,0.5,3,-20,1,400,0.7,1,eq,0.5,35,0,5
5.327510845438027,-94.80383130978498,0.6968241909147566,-348.0515354700857,1.3075533333333331,-245.5955513654649,3.4571856852312774,-143.7509490076414,0.5,3,-20,1,400,0.7,1,eff,1,6.5,5,5
5.327510845438027,-94.80383130978498,0.6968241909147566,-363.32525016986153,1.3075533333333331,-255.01000014622278,3.4571856852312774,-145.53128350592436,0.5,3,-20,1,400,0.7,1,eq,1,35,5,5
3.7378786914194815,-96.24059247727779,0.6968241909147566,-313.16890553735317,1.3075533333333331,-205.23092355184613,3.4571856852312774,-136.11773105930803,0.5,3,-20,1,400,0.7,1,eff,1,6.5,0,5
5.327510845438027,-97.19987474980884,0.6968241909147566,-350.4475789101096,1.3075533333333331,-248.36814626169414,3.4571856852312774,-144.27526503064726,0.5,3,-20,1,400,0.7,1,eff,0.5,6.5,5,5
3.7378786914194815,-97.3964960215078,0.6968241909147566,-314.32480908158317,1.3075533333333331,-206.56848372118768,3.4571856852312774,-136.3706725292192,0.5,3,-20,1,400,0.7,1,eff,1,35,0,5
3.7378786914194815,-97.91502633725602,0.6968241909147566,-314.84333939733136,1.3075533333333331,-207.16850393883055,3.4571856852312774,-136.4841403187853,0.5,3,-20,1,400,0.7,1,eff,0.5,6.5,0,5
5.327510845438027,-94.80383130978498,0.6968241909147566,-348.0515354700857,1.3075533333333331,-245.5955513654649,3.4571856852312774,-143.7509490076414,0.5,3,-20,1,400,0.7,1,eff,1,35,5,5
3.7378786914194815,-100.40969001363109,0.6968241909147566,-317.3380030737065,1.3075533333333331,-210.05521778507782,3.4571856852312774,-137.03003698961868,0.5,3,-20,1,400,0.7,1,eff,0.5,35,0,5
3.7378786914194815,-97.3964960215078,0.664380693404857,-340.38789573195845,1.3075533333333331,-227.17945734468998,3.4571856852312774,-140.26834388945053,0.5,3,-20,1,400,0.8,0.5,eq,1,35,0,5
5.327510845438027,-97.19987474980884,0.664380693404857,-378.126524213427,1.3075533333333331,-271.3952089557223,3.4571856852312774,-148.62983480557645,0.5,3,-20,1,400,0.8,0.5,eq,0.5,6.5,5,5
5.327510845438027,-99.12385130279266,0.6968241909147566,-352.3715554630934,1.3075533333333331,-250.5944863514975,3.4571856852312774,-144.69628065876228,0.5,3,-20,1,400,0.7,1,eff,0.5,35,5,5
5.327510845438027,-94.80383130978498,0.664380693404857,-375.73048077340303,1.3075533333333331,-268.5879298948262,3.4571856852312774,-148.09895977775366,0.5,3,-20,1,400,0.8,0.5,eq,1,35,5,5
5.327510845438027,-94.80383130978498,0.664380693404857,-375.73048077340303,1.3075533333333331,-268.5879298948262,3.4571856852312774,-148.09895977775366,0.5,3,-20,1,400,0.8,0.5,eq,1,6.5,5,5
3.7378786914194815,-96.24059247727779,0.664380693404857,-339.23199218772845,1.3075533333333331,-225.82516477947726,3.4571856852312774,-140.01223821287124,0.5,3,-20,1,400,0.8,0.5,eq,1,6.5,0,5
3.7378786914194815,-97.91502633725602,0.664380693404857,-340.90642604770665,1.3075533333333331,-227.78698359817415,3.4571856852312774,-140.3832311200127,0.5,3,-20,1,400,0.8,0.5,eq,0.5,6.5,0,5
5.327510845438027,-99.12385130279266,0.664380693404857,-380.05050076641083,1.3075533333333331,-273.6493997649978,3.4571856852312774,-149.05611718884992,0.5,3,-20,1,400,0.8,0.5,eq,0.5,35,5,5
3.7378786914194815,-100.40969001363109,0.664380693404857,-343.4010897240817,1.3075533333333331,-230.7098092002398,3.4571856852312774,-140.93595676258653,0.5,3,-20,1,400,0.8,0.5,eq,0.5,35,0,5
5.327510845438027,-94.80383130978498,0.664380693404857,-359.73381294510773,1.3075533333333331,-258.30851120504826,3.4571856852312774,-146.15505375182548,0.5,3,-20,1,400,0.8,0.5,eff,1,6.5,5,5
3.7378786914194815,-96.24059247727779,0.664380693404857,-324.3272877173037,1.3075533333333331,-217.29312061506832,3.4571856852312774,-138.39877226064056,0.5,3,-20,1,400,0.8,0.5,eff,1,6.5,0,5
5.327510845438027,-94.80383130978498,0.664380693404857,-359.73381294510773,1.3075533333333331,-258.30851120504826,3.4571856852312774,-146.15505375182548,0.5,3,-20,1,400,0.8,0.5,eff,1,35,5,5
3.7378786914194815,-97.3964960215078,0.664380693404857,-325.4831912615337,1.3075533333333331,-218.63213468178918,3.4571856852312774,-138.6519886721571,0.5,3,-20,1,400,0.8,0.5,eff,1,35,0,5
3.7378786914194815,-97.91502633725602,0.664380693404857,-326.0017215772819,1.3075533333333331,-219.23280711003605,3.4571856852312774,-138.76557979906002,0.5,3,-20,1,400,0.8,0.5,eff,0.5,6.5,0,5
5.327510845438027,-97.19987474980884,0.664380693404857,-362.12985638513163,1.3075533333333331,-261.08411984926465,3.4571856852312774,-146.6799396944981,0.5,3,-20,1,400,0.8,0.5,eff,0.5,6.5,5,5
3.7378786914194815,-97.3964960215078,0.6968241909147566,-328.4883382253419,1.3075533333333331,-214.2463272702006,3.4571856852312774,-137.82260349841914,0.5,3,-20,1,400,0.8,1,eq,1,35,0,5
5.327510845438027,-94.80383130978498,0.6968241909147566,-363.32525016986153,1.3075533333333331,-255.01000014622278,3.4571856852312774,-145.53128350592436,0.5,3,-20,1,400,0.8,1,eq,1,35,5,5
5.327510845438027,-99.12385130279266,0.664380693404857,-364.0538329381154,1.3075533333333331,-263.31287992627824,3.4571856852312774,-147.1014129581919,0.5,3,-20,1,400,0.8,0.5,eff,0.5,35,5,5
3.7378786914194815,-100.40969001363109,0.664380693404857,-328.49638525365697,1.3075533333333331,-222.1226587503549,3.4571856852312774,-139.31206984749434,0.5,3,-20,1,400,0.8,0.5,eff,0.5,35,0,5
3.7378786914194815,-96.24059247727779,0.6968241909147566,-327.3324346811119,1.3075533333333331,-212.8937712789941,3.4571856852312774,-137.56682621946393,0.5,3,-20,1,400,0.8,1,eq,1,6.5,0,5
5.327510845438027,-97.19987474980884,0.6968241909147566,-365.72129360988544,1.3075533333333331,-257.8136795055937,3.4571856852312774,-146.0614778063931,0.5,3,-20,1,400,0.8,1,eq,0.5,6.5,5,5
5.327510845438027,-94.80383130978498,0.6968241909147566,-363.32525016986153,1.3075533333333331,-255.01000014622278,3.4571856852312774,-145.53128350592436,0.5,3,-20,1,400,0.8,1,eq,1,6.5,5,5
5.327510845438027,-99.12385130279266,0.6968241909147566,-367.6452701628692,1.3075533333333331,-260.06497982026383,3.4571856852312774,-146.48721357802918,0.5,3,-20,1,400,0.8,1,eq,0.5,35,5,5
3.7378786914194815,-100.40969001363109,0.6968241909147566,-331.5015322174652,1.3075533333333331,-217.77215224586698,3.4571856852312774,-138.48936030864434,0.5,3,-20,1,400,0.8,1,eq,0.5,35,0,5
3.7378786914194815,-97.91502633725602,0.6968241909147566,-329.0068685410901,1.3075533333333331,-214.8530745107563,3.4571856852312774,-137.93734341248688,0.5,3,-20,1,400,0.8,1,eq,0.5,6.5,0,5
5.327510845438027,-94.80383130978498,0.6968241909147566,-348.0515354700857,1.3075533333333331,-245.5955513654649,3.4571856852312774,-143.7509490076414,0.5,3,-20,1,400,0.8,1,eff,1,6.5,5,5
3.7378786914194815,-96.24059247727779,0.6968241909147566,-313.16890553735317,1.3075533333333331,-205.23092355184613,3.4571856852312774,-136.11773105930803,0.5,3,-20,1,400,0.8,1,eff,1,6.5,0,5
5.327510845438027,-94.80383130978498,0.6968241909147566,-348.0515354700857,1.3075533333333331,-245.5955513654649,3.4571856852312774,-143.7509490076414,0.5,3,-20,1,400,0.8,1,eff,1,35,5,5
3.7378786914194815,-97.3964960215078,0.6968241909147566,-314.32480908158317,1.3075533333333331,-206.56848372118768,3.4571856852312774,-136.3706725292192,0.5,3,-20,1,400,0.8,1,eff,1,35,0,5
3.7378786914194815,-97.91502633725602,0.6968241909147566,-314.84333939733136,1.3075533333333331,-207.16850393883055,3.4571856852312774,-136.4841403187853,0.5,3,-20,1,400,0.8,1,eff,0.5,6.5,0,5
5.327510845438027,-97.19987474980884,0.6968241909147566,-350.4475789101096,1.3075533333333331,-248.36814626169414,3.4571856852312774,-144.27526503064726,0.5,3,-20,1,400,0.8,1,eff,0.5,6.5,5,5
5.327510845438027,-94.80383130978498,0.664380693404857,-375.73048077340303,1.6811399999999996,-268.58836613384733,3.643979018564611,-154.27542318021548,0.5,3,-20,1,500,0.7,0.5,eq,1,6.5,5,5
5.327510845438027,-99.12385130279266,0.6968241909147566,-352.3715554630934,1.3075533333333331,-250.5944863514975,3.4571856852312774,-144.69628065876228,0.5,3,-20,1,400,0.8,1,eff,0.5,35,5,5
3.7378786914194815,-100.40969001363109,0.6968241909147566,-317.3380030737065,1.3075533333333331,-210.05521778507782,3.4571856852312774,-137.03003698961868,0.5,3,-20,1,400,0.8,1,eff,0.5,35,0,5
3.7378786914194815,-96.24059247727779,0.664380693404857,-339.23199218772845,1.6811399999999996,-225.82560101881063,3.643979018564611,-144.41117937156,0.5,3,-20,1,500,0.7,0.5,eq,1,6.5,0,5
5.327510845438027,-94.80383130978498,0.664380693404857,-375.73048077340303,1.6811399999999996,-268.58836613384733,3.643979018564611,-154.27542318021548,0.5,3,-20,1,500,0.7,0.5,eq,1,35,5,5
3.7378786914194815,-97.3964960215078,0.664380693404857,-340.38789573195845,1.6811399999999996,-227.17989358402318,3.643979018564611,-144.72357900277112,0.5,3,-20,1,500,0.7,0.5,eq,1,35,0,5
5.327510845438027,-97.19987474980884,0.664380693404857,-378.126524213427,1.6811399999999996,-271.3956451981156,3.643979018564611,-154.92298853419538,0.5,3,-20,1,500,0.7,0.5,eq,0.5,6.5,5,5
3.7378786914194815,-100.40969001363109,0.664380693404857,-343.4010897240817,1.6811399999999996,-230.71024544183823,3.643979018564611,-145.53793820901396,0.5,3,-20,1,500,0.7,0.5,eq,0.5,35,0,5
3.7378786914194815,-97.91502633725602,0.664380693404857,-340.90642604770665,1.6811399999999996,-227.7874198407279,3.643979018564611,-144.86371931175668,0.5,3,-20,1,500,0.7,0.5,eq,0.5,6.5,0,5
3.7378786914194815,-97.91502633725602,0.664380693404857,-326.0017215772819,1.6811399999999996,-219.2332052124847,3.643979018564611,-142.89048726145393,0.5,3,-20,1,500,0.7,0.5,eff,0.5,6.5,0,5
3.7378786914194815,-96.24059247727779,0.664380693404857,-324.3272877173037,1.6811399999999996,-217.29351871856124,3.643979018564611,-142.4430526664985,0.5,3,-20,1,500,0.7,0.5,eff,1,6.5,0,5
5.327510845438027,-94.80383130978498,0.664380693404857,-359.73381294510773,1.6811399999999996,-258.30890930789144,3.643979018564611,-151.9042231869736,0.5,3,-20,1,500,0.7,0.5,eff,1,6.5,5,5
5.327510845438027,-97.19987474980884,0.664380693404857,-362.12985638513163,1.6811399999999996,-261.0845179521945,3.643979018564611,-152.544483009068,0.5,3,-20,1,500,0.7,0.5,eff,0.5,6.5,5,5
5.327510845438027,-99.12385130279266,0.664380693404857,-380.05050076641083,1.6811399999999996,-273.6498360031512,3.643979018564611,-155.4429709916506,0.5,3,-20,1,500,0.7,0.5,eq,0.5,35,5,5
5.327510845438027,-94.80383130978498,0.664380693404857,-359.73381294510773,1.6811399999999996,-258.30890930789144,3.643979018564611,-151.9042231869736,0.5,3,-20,1,500,0.7,0.5,eff,1,35,5,5
3.7378786914194815,-97.3964960215078,0.664380693404857,-325.4831912615337,1.6811399999999996,-218.63253278528532,3.643979018564611,-142.75192795044833,0.5,3,-20,1,500,0.7,0.5,eff,1,35,0,5
5.327510845438027,-94.80383130978498,0.6968241909147566,-363.32525016986153,1.6811399999999996,-255.01041190712505,3.643979018564611,-151.1433466983777,0.5,3,-20,1,500,0.7,1,eq,1,6.5,5,5
5.327510845438027,-94.80383130978498,0.6968241909147566,-363.32525016986153,1.6811399999999996,-255.01041190712505,3.643979018564611,-151.1433466983777,0.5,3,-20,1,500,0.7,1,eq,1,35,5,5
3.7378786914194815,-96.24059247727779,0.6968241909147566,-327.3324346811119,1.6811399999999996,-212.89418303960957,3.643979018564611,-141.42824177631041,0.5,3,-20,1,500,0.7,1,eq,1,6.5,0,5
3.7378786914194815,-97.3964960215078,0.6968241909147566,-328.4883382253419,1.6811399999999996,-214.24673903001352,3.643979018564611,-141.74024082544366,0.5,3,-20,1,500,0.7,1,eq,1,35,0,5
3.7378786914194815,-100.40969001363109,0.664380693404857,-328.49638525365697,1.6811399999999996,-222.12305685386235,3.643979018564611,-143.55709993452848,0.5,3,-20,1,500,0.7,0.5,eff,0.5,35,0,5
5.327510845438027,-99.12385130279266,0.664380693404857,-364.0538329381154,1.6811399999999996,-263.31327802667255,3.643979018564611,-153.05859926666977,0.5,3,-20,1,500,0.7,0.5,eff,0.5,35,5,5
3.7378786914194815,-97.91502633725602,0.6968241909147566,-329.0068685410901,1.6811399999999996,-214.85348627164257,3.643979018564611,-141.88020143616552,0.5,3,-20,1,500,0.7,1,eq,0.5,6.5,0,5
5.327510845438027,-97.19987474980884,0.6968241909147566,-365.72129360988544,1.6811399999999996,-257.8140912664874,3.643979018564611,-151.79008169522956,0.5,3,-20,1,500,0.7,1,eq,0.5,6.5,5,5
5.327510845438027,-99.12385130279266,0.6968241909147566,-367.6452701628692,1.6811399999999996,-260.06539158033974,3.643979018564611,-152.3093973924863,0.5,3,-20,1,500,0.7,1,eq,0.5,35,5,5
3.7378786914194815,-100.40969001363109,0.6968241909147566,-331.5015322174652,1.6811399999999996,-217.77256400673846,3.643979018564611,-142.55355579942875,0.5,3,-20,1,500,0.7,1,eq,0.5,35,0,5
5.327510845438027,-94.80383130978498,0.6968241909147566,-348.0515354700857,1.6811399999999996,-245.59592751029595,3.643979018564611,-148.97167306657965,0.5,3,-20,1,500,0.7,1,eff,1,35,5,5
3.7378786914194815,-96.24059247727779,0.6968241909147566,-313.16890553735317,1.6811399999999996,-205.23129969660866,3.643979018564611,-139.6606163814299,0.5,3,-20,1,500,0.7,1,eff,1,6.5,0,5
5.327510845438027,-94.80383130978498,0.6968241909147566,-348.0515354700857,1.6811399999999996,-245.59592751029595,3.643979018564611,-148.97167306657965,0.5,3,-20,1,500,0.7,1,eff,1,6.5,5,5
5.327510845438027,-97.19987474980884,0.6968241909147566,-350.4475789101096,1.6811399999999996,-248.36852240652914,3.643979018564611,-149.61123769635742,0.5,3,-20,1,500,0.7,1,eff,0.5,6.5,5,5
3.7378786914194815,-97.91502633725602,0.6968241909147566,-314.84333939733136,1.6811399999999996,-207.16888008103854,3.643979018564611,-140.10756515238688,0.5,3,-20,1,500,0.7,1,eff,0.5,6.5,0,5
3.7378786914194815,-97.3964960215078,0.6968241909147566,-314.32480908158317,1.6811399999999996,-206.56885986511782,3.643979018564611,-139.96915628934815,0.5,3,-20,1,500,0.7,1,eff,1,35,0,5
3.7378786914194815,-100.40969001363109,0.6968241909147566,-317.3380030737065,1.6811399999999996,-210.05559392724348,3.643979018564611,-140.77345401874496,0.5,3,-20,1,500,0.7,1,eff,0.5,35,0,5
5.327510845438027,-94.80383130978498,0.664380693404857,-375.73048077340303,1.6811399999999996,-268.58836613384733,3.643979018564611,-154.27542318021548,0.5,3,-20,1,500,0.8,0.5,eq,1,6.5,5,5
5.327510845438027,-99.12385130279266,0.6968241909147566,-352.3715554630934,1.6811399999999996,-250.59486249656848,3.643979018564611,-150.12479572727656,0.5,3,-20,1,500,0.7,1,eff,0.5,35,5,5
3.7378786914194815,-97.3964960215078,0.664380693404857,-340.38789573195845,1.6811399999999996,-227.17989358402318,3.643979018564611,-144.72357900277112,0.5,3,-20,1,500,0.8,0.5,eq,1,35,0,5
5.327510845438027,-94.80383130978498,0.664380693404857,-375.73048077340303,1.6811399999999996,-268.58836613384733,3.643979018564611,-154.27542318021548,0.5,3,-20,1,500,0.8,0.5,eq,1,35,5,5
3.7378786914194815,-97.91502633725602,0.664380693404857,-340.90642604770665,1.6811399999999996,-227.7874198407279,3.643979018564611,-144.86371931175668,0.5,3,-20,1,500,0.8,0.5,eq,0.5,6.5,0,5
5.327510845438027,-97.19987474980884,0.664380693404857,-378.126524213427,1.6811399999999996,-271.3956451981156,3.643979018564611,-154.92298853419538,0.5,3,-20,1,500,0.8,0.5,eq,0.5,6.5,5,5
3.7378786914194815,-96.24059247727779,0.664380693404857,-339.23199218772845,1.6811399999999996,-225.82560101881063,3.643979018564611,-144.41117937156,0.5,3,-20,1,500,0.8,0.5,eq,1,6.5,0,5
5.327510845438027,-99.12385130279266,0.664380693404857,-380.05050076641083,1.6811399999999996,-273.6498360031512,3.643979018564611,-155.4429709916506,0.5,3,-20,1,500,0.8,0.5,eq,0.5,35,5,5
3.7378786914194815,-100.40969001363109,0.664380693404857,-343.4010897240817,1.6811399999999996,-230.71024544183823,3.643979018564611,-145.53793820901396,0.5,3,-20,1,500,0.8,0.5,eq,0.5,35,0,5
5.327510845438027,-94.80383130978498,0.664380693404857,-359.73381294510773,1.6811399999999996,-258.30890930789144,3.643979018564611,-151.9042231869736,0.5,3,-20,1,500,0.8,0.5,eff,1,35,5,5
5.327510845438027,-94.80383130978498,0.664380693404857,-359.73381294510773,1.6811399999999996,-258.30890930789144,3.643979018564611,-151.9042231869736,0.5,3,-20,1,500,0.8,0.5,eff,1,6.5,5,5
3.7378786914194815,-97.3964960215078,0.664380693404857,-325.4831912615337,1.6811399999999996,-218.63253278528532,3.643979018564611,-142.75192795044833,0.5,3,-20,1,500,0.8,0.5,eff,1,35,0,5
3.7378786914194815,-96.24059247727779,0.664380693404857,-324.3272877173037,1.6811399999999996,-217.29351871856124,3.643979018564611,-142.4430526664985,0.5,3,-20,1,500,0.8,0.5,eff,1,6.5,0,5
5.327510845438027,-97.19987474980884,0.664380693404857,-362.12985638513163,1.6811399999999996,-261.0845179521945,3.643979018564611,-152.544483009068,0.5,3,-20,1,500,0.8,0.5,eff,0.5,6.5,5,5
3.7378786914194815,-97.91502633725602,0.664380693404857,-326.0017215772819,1.6811399999999996,-219.2332052124847,3.643979018564611,-142.89048726145393,0.5,3,-20,1,500,0.8,0.5,eff,0.5,6.5,0,5
3.7378786914194815,-100.40969001363109,0.664380693404857,-328.49638525365697,1.6811399999999996,-222.12305685386235,3.643979018564611,-143.55709993452848,0.5,3,-20,1,500,0.8,0.5,eff,0.5,35,0,5
5.327510845438027,-94.80383130978498,0.6968241909147566,-363.32525016986153,1.6811399999999996,-255.01041190712505,3.643979018564611,-151.1433466983777,0.5,3,-20,1,500,0.8,1,eq,1,6.5,5,5
5.327510845438027,-94.80383130978498,0.6968241909147566,-363.32525016986153,1.6811399999999996,-255.01041190712505,3.643979018564611,-151.1433466983777,0.5,3,-20,1,500,0.8,1,eq,1,35,5,5
5.327510845438027,-99.12385130279266,0.664380693404857,-364.0538329381154,1.6811399999999996,-263.31327802667255,3.643979018564611,-153.05859926666977,0.5,3,-20,1,500,0.8,0.5,eff,0.5,35,5,5
3.7378786914194815,-96.24059247727779,0.6968241909147566,-327.3324346811119,1.6811399999999996,-212.89418303960957,3.643979018564611,-141.42824177631041,0.5,3,-20,1,500,0.8,1,eq,1,6.5,0,5
3.7378786914194815,-97.3964960215078,0.6968241909147566,-328.4883382253419,1.6811399999999996,-214.24673903001352,3.643979018564611,-141.74024082544366,0.5,3,-20,1,500,0.8,1,eq,1,35,0,5
5.327510845438027,-97.19987474980884,0.6968241909147566,-365.72129360988544,1.6811399999999996,-257.8140912664874,3.643979018564611,-151.79008169522956,0.5,3,-20,1,500,0.8,1,eq,0.5,6.5,5,5
3.7378786914194815,-97.91502633725602,0.6968241909147566,-329.0068685410901,1.6811399999999996,-214.85348627164257,3.643979018564611,-141.88020143616552,0.5,3,-20,1,500,0.8,1,eq,0.5,6.5,0,5
5.327510845438027,-99.12385130279266,0.6968241909147566,-367.6452701628692,1.6811399999999996,-260.06539158033974,3.643979018564611,-152.3093973924863,0.5,3,-20,1,500,0.8,1,eq,0.5,35,5,5
3.7378786914194815,-100.40969001363109,0.6968241909147566,-331.5015322174652,1.6811399999999996,-217.77256400673846,3.643979018564611,-142.55355579942875,0.5,3,-20,1,500,0.8,1,eq,0.5,35,0,5
5.327510845438027,-94.80383130978498,0.6968241909147566,-348.0515354700857,1.6811399999999996,-245.59592751029595,3.643979018564611,-148.97167306657965,0.5,3,-20,1,500,0.8,1,eff,1,6.5,5,5
3.7378786914194815,-96.24059247727779,0.6968241909147566,-313.16890553735317,1.6811399999999996,-205.23129969660866,3.643979018564611,-139.6606163814299,0.5,3,-20,1,500,0.8,1,eff,1,6.5,0,5
5.327510845438027,-97.19987474980884,0.6968241909147566,-350.4475789101096,1.6811399999999996,-248.36852240652914,3.643979018564611,-149.61123769635742,0.5,3,-20,1,500,0.8,1,eff,0.5,6.5,5,5
3.7378786914194815,-97.3964960215078,0.6968241909147566,-314.32480908158317,1.6811399999999996,-206.56885986511782,3.643979018564611,-139.96915628934815,0.5,3,-20,1,500,0.8,1,eff,1,35,0,5
5.327510845438027,-94.80383130978498,0.6968241909147566,-348.0515354700857,1.6811399999999996,-245.59592751029595,3.643979018564611,-148.97167306657965,0.5,3,-20,1,500,0.8,1,eff,1,35,5,5
3.7378786914194815,-97.91502633725602,0.6968241909147566,-314.84333939733136,1.6811399999999996,-207.16888008103854,3.643979018564611,-140.10756515238688,0.5,3,-20,1,500,0.8,1,eff,0.5,6.5,0,5
3.7378786914194815,-100.40969001363109,0.6968241909147566,-317.3380030737065,1.6811399999999996,-210.05559392724348,3.643979018564611,-140.77345401874496,0.5,3,-20,1,500,0.8,1,eff,0.5,35,0,5
5.327510845438027,-99.12385130279266,0.6968241909147566,-352.3715554630934,1.6811399999999996,-250.59486249656848,3.643979018564611,-150.12479572727656,0.5,3,-20,1,500,0.8,1,eff,0.5,35,5,5
3.7378786914194815,-97.3964960215078,0.664380693404857,-340.38789573195845,2.6151066666666662,-227.1809841860154,4.110962351897944,-154.09052215661123,0.5,3,-20,2,400,0.7,0.5,eq,1,35,0,5
5.327510845438027,-94.80383130978498,0.664380693404857,-375.73048077340303,2.6151066666666662,-268.5894567386151,4.110962351897944,-167.2611089145748,0.5,3,-20,2,400,0.7,0.5,eq,1,6.5,5,5
3.7378786914194815,-97.91502633725602,0.664380693404857,-340.90642604770665,2.6151066666666662,-227.78851044172256,4.110962351897944,-154.28375500885838,0.5,3,-20,2,400,0.7,0.5,eq,0.5,6.5,0,5
5.327510845438027,-97.19987474980884,0.664380693404857,-378.126524213427,2.6151066666666662,-271.39673579952535,4.110962351897944,-168.15400619250676,0.5,3,-20,2,400,0.7,0.5,eq,0.5,6.5,5,5
5.327510845438027,-94.80383130978498,0.664380693404857,-375.73048077340303,2.6151066666666662,-268.5894567386151,4.110962351897944,-167.2611089145748,0.5,3,-20,2,400,0.7,0.5,eq,1,35,5,5
3.7378786914194815,-96.24059247727779,0.664380693404857,-339.23199218772845,2.6151066666666662,-225.8266916198687,4.110962351897944,-153.65976906096301,0.5,3,-20,2,400,0.7,0.5,eq,1,6.5,0,5
5.327510845438027,-99.12385130279266,0.664380693404857,-380.05050076641083,2.6151066666666662,-273.65092660550346,4.110962351897944,-168.87098544213785,0.5,3,-20,2,400,0.7,0.5,eq,0.5,35,5,5
3.7378786914194815,-100.40969001363109,0.664380693404857,-343.4010897240817,2.6151066666666662,-230.71133604387083,4.110962351897944,-155.21340360003967,0.5,3,-20,2,400,0.7,0.5,eq,0.5,35,0,5
5.327510845438027,-94.80383130978498,0.664380693404857,-359.73381294510773,2.6151066666666662,-258.309904564042,4.110962351897944,-163.99154291992846,0.5,3,-20,2,400,0.7,0.5,eff,1,6.5,5,5
3.7378786914194815,-96.24059247727779,0.664380693404857,-324.3272877173037,2.6151066666666662,-217.29451397378992,4.110962351897944,-150.9459817851998,0.5,3,-20,2,400,0.7,0.5,eff,1,6.5,0,5
5.327510845438027,-97.19987474980884,0.664380693404857,-362.12985638513163,2.6151066666666662,-261.08551320805344,4.110962351897944,-164.8743669459939,0.5,3,-20,2,400,0.7,0.5,eff,0.5,6.5,5,5
5.327510845438027,-94.80383130978498,0.664380693404857,-359.73381294510773,2.6151066666666662,-258.309904564042,4.110962351897944,-163.99154291992846,0.5,3,-20,2,400,0.7,0.5,eff,1,35,5,5
3.7378786914194815,-97.91502633725602,0.664380693404857,-326.0017215772819,2.6151066666666662,-219.234200465754,4.110962351897944,-151.56292821308858,0.5,3,-20,2,400,0.7,0.5,eff,0.5,6.5,0,5
5.327510845438027,-99.12385130279266,0.664380693404857,-364.0538329381154,2.6151066666666662,-263.3142732824714,4.110962351897944,-165.58325756941684,0.5,3,-20,2,400,0.7,0.5,eff,0.5,35,5,5
3.7378786914194815,-97.3964960215078,0.664380693404857,-325.4831912615337,2.6151066666666662,-218.63352804053363,4.110962351897944,-151.37187532459018,0.5,3,-20,2,400,0.7,0.5,eff,1,35,0,5
3.7378786914194815,-100.40969001363109,0.664380693404857,-328.49638525365697,2.6151066666666662,-222.12405210989021,4.110962351897944,-152.48208894156977,0.5,3,-20,2,400,0.7,0.5,eff,0.5,35,0,5
3.7378786914194815,-96.24059247727779,0.6968241909147566,-327.3324346811119,2.6151066666666662,-212.89521244075704,4.110962351897944,-149.54671784370444,0.5,3,-20,2,400,0.7,1,eq,1,6.5,0,5
5.327510845438027,-94.80383130978498,0.6968241909147566,-363.32525016986153,2.6151066666666662,-255.0114413083207,4.110962351897944,-162.94241712997692,0.5,3,-20,2,400,0.7,1,eq,1,6.5,5,5
3.7378786914194815,-97.91502633725602,0.6968241909147566,-329.0068685410901,2.6151066666666662,-214.85451567260077,4.110962351897944,-150.16990367040628,0.5,3,-20,2,400,0.7,1,eq,0.5,6.5,0,5
3.7378786914194815,-97.3964960215078,0.6968241909147566,-328.4883382253419,2.6151066666666662,-214.2477684319869,4.110962351897944,-149.97691859561257,0.5,3,-20,2,400,0.7,1,eq,1,35,0,5
5.327510845438027,-94.80383130978498,0.6968241909147566,-363.32525016986153,2.6151066666666662,-255.0114413083207,4.110962351897944,-162.94241712997692,0.5,3,-20,2,400,0.7,1,eq,1,35,5,5
5.327510845438027,-99.12385130279266,0.6968241909147566,-367.6452701628692,2.6151066666666662,-260.06642098239206,4.110962351897944,-164.55022935421516,0.5,3,-20,2,400,0.7,1,eq,0.5,35,5,5
5.327510845438027,-97.19987474980884,0.6968241909147566,-365.72129360988544,2.6151066666666662,-257.8151206685472,4.110962351897944,-163.83416946902952,0.5,3,-20,2,400,0.7,1,eq,0.5,6.5,5,5
3.7378786914194815,-100.40969001363109,0.6968241909147566,-331.5015322174652,2.6151066666666662,-217.77359340872428,4.110962351897944,-151.0983601964958,0.5,3,-20,2,400,0.7,1,eq,0.5,35,0,5
5.327510845438027,-94.80383130978498,0.6968241909147566,-348.0515354700857,2.6151066666666662,-245.59686787006933,4.110962351897944,-159.94797061664067,0.5,3,-20,2,400,0.7,1,eff,1,6.5,5,5
3.7378786914194815,-96.24059247727779,0.6968241909147566,-313.16890553735317,2.6151066666666662,-205.23224005647216,4.110962351897944,-147.10939435917115,0.5,3,-20,2,400,0.7,1,eff,1,6.5,0,5
5.327510845438027,-97.19987474980884,0.6968241909147566,-350.4475789101096,2.6151066666666662,-248.3694627662829,4.110962351897944,-160.82983607494484,0.5,3,-20,2,400,0.7,1,eff,0.5,6.5,5,5
5.327510845438027,-94.80383130978498,0.6968241909147566,-348.0515354700857,2.6151066666666662,-245.59686787006933,4.110962351897944,-159.94797061664067,0.5,3,-20,2,400,0.7,1,eff,1,35,5,5
5.327510845438027,-99.12385130279266,0.6968241909147566,-352.3715554630934,2.6151066666666662,-250.59580285631483,4.110962351897944,-161.5379569859794,0.5,3,-20,2,400,0.7,1,eff,0.5,35,5,5
3.7378786914194815,-97.3964960215078,0.6968241909147566,-314.32480908158317,2.6151066666666662,-206.56980022602158,4.110962351897944,-147.53482546471776,0.5,3,-20,2,400,0.7,1,eff,1,35,0,5
3.7378786914194815,-100.40969001363109,0.6968241909147566,-317.3380030737065,2.6151066666666662,-210.05653428990615,4.110962351897944,-148.64383361352117,0.5,3,-20,2,400,0.7,1,eff,0.5,35,0,5
3.7378786914194815,-97.91502633725602,0.6968241909147566,-314.84333939733136,2.6151066666666662,-207.1698204437155,4.110962351897944,-147.7256709088145,0.5,3,-20,2,400,0.7,1,eff,0.5,6.5,0,5
5.327510845438027,-94.80383130978498,0.664380693404857,-375.73048077340303,2.6151066666666662,-268.5894567386151,4.110962351897944,-167.2611089145748,0.5,3,-20,2,400,0.8,0.5,eq,1,6.5,5,5
3.7378786914194815,-96.24059247727779,0.664380693404857,-339.23199218772845,2.6151066666666662,-225.8266916198687,4.110962351897944,-153.65976906096301,0.5,3,-20,2,400,0.8,0.5,eq,1,6.5,0,5
3.7378786914194815,-97.3964960215078,0.664380693404857,-340.38789573195845,2.6151066666666662,-227.1809841860154,4.110962351897944,-154.09052215661123,0.5,3,-20,2,400,0.8,0.5,eq,1,35,0,5
5.327510845438027,-97.19987474980884,0.664380693404857,-378.126524213427,2.6151066666666662,-271.39673579952535,4.110962351897944,-168.15400619250676,0.5,3,-20,2,400,0.8,0.5,eq,0.5,6.5,5,5
5.327510845438027,-94.80383130978498,0.664380693404857,-375.73048077340303,2.6151066666666662,-268.5894567386151,4.110962351897944,-167.2611089145748,0.5,3,-20,2,400,0.8,0.5,eq,1,35,5,5
5.327510845438027,-99.12385130279266,0.664380693404857,-380.05050076641083,2.6151066666666662,-273.65092660550346,4.110962351897944,-168.87098544213785,0.5,3,-20,2,400,0.8,0.5,eq,0.5,35,5,5
3.7378786914194815,-100.40969001363109,0.664380693404857,-343.4010897240817,2.6151066666666662,-230.71133604387083,4.110962351897944,-155.21340360003967,0.5,3,-20,2,400,0.8,0.5,eq,0.5,35,0,5
3.7378786914194815,-97.91502633725602,0.664380693404857,-340.90642604770665,2.6151066666666662,-227.78851044172256,4.110962351897944,-154.28375500885838,0.5,3,-20,2,400,0.8,0.5,eq,0.5,6.5,0,5
3.7378786914194815,-96.24059247727779,0.664380693404857,-324.3272877173037,2.6151066666666662,-217.29451397378992,4.110962351897944,-150.9459817851998,0.5,3,-20,2,400,0.8,0.5,eff,1,6.5,0,5
5.327510845438027,-94.80383130978498,0.664380693404857,-359.73381294510773,2.6151066666666662,-258.309904564042,4.110962351897944,-163.99154291992846,0.5,3,-20,2,400,0.8,0.5,eff,1,6.5,5,5
5.327510845438027,-94.80383130978498,0.664380693404857,-359.73381294510773,2.6151066666666662,-258.309904564042,4.110962351897944,-163.99154291992846,0.5,3,-20,2,400,0.8,0.5,eff,1,35,5,5
3.7378786914194815,-97.3964960215078,0.664380693404857,-325.4831912615337,2.6151066666666662,-218.63352804053363,4.110962351897944,-151.37187532459018,0.5,3,-20,2,400,0.8,0.5,eff,1,35,0,5
5.327510845438027,-97.19987474980884,0.664380693404857,-362.12985638513163,2.6151066666666662,-261.08551320805344,4.110962351897944,-164.8743669459939,0.5,3,-20,2,400,0.8,0.5,eff,0.5,6.5,5,5
5.327510845438027,-99.12385130279266,0.664380693404857,-364.0538329381154,2.6151066666666662,-263.3142732824714,4.110962351897944,-165.58325756941684,0.5,3,-20,2,400,0.8,0.5,eff,0.5,35,5,5
5.327510845438027,-94.80383130978498,0.6968241909147566,-363.32525016986153,2.6151066666666662,-255.0114413083207,4.110962351897944,-162.94241712997692,0.5,3,-20,2,400,0.8,1,eq,1,6.5,5,5
3.7378786914194815,-97.91502633725602,0.664380693404857,-326.0017215772819,2.6151066666666662,-219.234200465754,4.110962351897944,-151.56292821308858,0.5,3,-20,2,400,0.8,0.5,eff,0.5,6.5,0,5
3.7378786914194815,-100.40969001363109,0.664380693404857,-328.49638525365697,2.6151066666666662,-222.12405210989021,4.110962351897944,-152.48208894156977,0.5,3,-20,2,400,0.8,0.5,eff,0.5,35,0,5
3.7378786914194815,-97.3964960215078,0.6968241909147566,-328.4883382253419,2.6151066666666662,-214.2477684319869,4.110962351897944,-149.97691859561257,0.5,3,-20,2,400,0.8,1,eq,1,35,0,5
3.7378786914194815,-96.24059247727779,0.6968241909147566,-327.3324346811119,2.6151066666666662,-212.89521244075704,4.110962351897944,-149.54671784370444,0.5,3,-20,2,400,0.8,1,eq,1,6.5,0,5
5.327510845438027,-94.80383130978498,0.6968241909147566,-363.32525016986153,2.6151066666666662,-255.0114413083207,4.110962351897944,-162.94241712997692,0.5,3,-20,2,400,0.8,1,eq,1,35,5,5
3.7378786914194815,-97.91502633725602,0.6968241909147566,-329.0068685410901,2.6151066666666662,-214.85451567260077,4.110962351897944,-150.16990367040628,0.5,3,-20,2,400,0.8,1,eq,0.5,6.5,0,5
5.327510845438027,-99.12385130279266,0.6968241909147566,-367.6452701628692,2.6151066666666662,-260.06642098239206,4.110962351897944,-164.55022935421516,0.5,3,-20,2,400,0.8,1,eq,0.5,35,5,5
5.327510845438027,-97.19987474980884,0.6968241909147566,-365.72129360988544,2.6151066666666662,-257.8151206685472,4.110962351897944,-163.83416946902952,0.5,3,-20,2,400,0.8,1,eq,0.5,6.5,5,5
3.7378786914194815,-100.40969001363109,0.6968241909147566,-331.5015322174652,2.6151066666666662,-217.77359340872428,4.110962351897944,-151.0983601964958,0.5,3,-20,2,400,0.8,1,eq,0.5,35,0,5
5.327510845438027,-94.80383130978498,0.6968241909147566,-348.0515354700857,2.6151066666666662,-245.59686787006933,4.110962351897944,-159.94797061664067,0.5,3,-20,2,400,0.8,1,eff,1,6.5,5,5
3.7378786914194815,-96.24059247727779,0.6968241909147566,-313.16890553735317,2.6151066666666662,-205.23224005647216,4.110962351897944,-147.10939435917115,0.5,3,-20,2,400,0.8,1,eff,1,6.5,0,5
5.327510845438027,-94.80383130978498,0.6968241909147566,-348.0515354700857,2.6151066666666662,-245.59686787006933,4.110962351897944,-159.94797061664067,0.5,3,-20,2,400,0.8,1,eff,1,35,5,5
3.7378786914194815,-97.3964960215078,0.6968241909147566,-314.32480908158317,2.6151066666666662,-206.56980022602158,4.110962351897944,-147.53482546471776,0.5,3,-20,2,400,0.8,1,eff,1,35,0,5
5.327510845438027,-97.19987474980884,0.6968241909147566,-350.4475789101096,2.6151066666666662,-248.3694627662829,4.110962351897944,-160.82983607494484,0.5,3,-20,2,400,0.8,1,eff,0.5,6.5,5,5
3.7378786914194815,-97.91502633725602,0.6968241909147566,-314.84333939733136,2.6151066666666662,-207.1698204437155,4.110962351897944,-147.7256709088145,0.5,3,-20,2,400,0.8,1,eff,0.5,6.5,0,5
3.7378786914194815,-100.40969001363109,0.6968241909147566,-317.3380030737065,2.6151066666666662,-210.05653428990615,4.110962351897944,-148.64383361352117,0.5,3,-20,2,400,0.8,1,eff,0.5,35,0,5
5.327510845438027,-99.12385130279266,0.6968241909147566,-352.3715554630934,2.6151066666666662,-250.59580285631483,4.110962351897944,-161.5379569859794,0.5,3,-20,2,400,0.8,1,eff,0.5,35,5,5
3.7378786914194815,-97.3964960215078,0.664380693404857,-340.38789573195845,3.3622799999999993,-227.181856667893,4.484549018564611,-160.17967152833901,0.5,3,-20,2,500,0.7,0.5,eq,1,35,0,5
5.327510845438027,-94.80383130978498,0.664380693404857,-375.73048077340303,3.3622799999999993,-268.5903292200728,4.484549018564611,-175.70262361520318,0.5,3,-20,2,500,0.7,0.5,eq,1,6.5,5,5
5.327510845438027,-94.80383130978498,0.664380693404857,-375.73048077340303,3.3622799999999993,-268.5903292200728,4.484549018564611,-175.70262361520318,0.5,3,-20,2,500,0.7,0.5,eq,1,35,5,5
3.7378786914194815,-97.91502633725602,0.664380693404857,-340.90642604770665,3.3622799999999993,-227.78938292360027,4.484549018564611,-160.40741721364472,0.5,3,-20,2,500,0.7,0.5,eq,0.5,6.5,0,5
5.327510845438027,-97.19987474980884,0.664380693404857,-378.126524213427,3.3622799999999993,-271.3976082819081,4.484549018564611,-176.75499902741888,0.5,3,-20,2,500,0.7,0.5,eq,0.5,6.5,5,5
5.327510845438027,-94.80383130978498,0.664380693404857,-359.73381294510773,3.3622799999999993,-258.3107007667436,4.484549018564611,-171.84906007815837,0.5,3,-20,2,500,0.7,0.5,eff,1,6.5,5,5
5.327510845438027,-99.12385130279266,0.664380693404857,-380.05050076641083,3.3622799999999993,-273.6517990867961,4.484549018564611,-177.6000361346156,0.5,3,-20,2,500,0.7,0.5,eq,0.5,35,5,5
3.7378786914194815,-100.40969001363109,0.664380693404857,-343.4010897240817,3.3622799999999993,-230.71220852570215,4.484549018564611,-161.5031079982424,0.5,3,-20,2,500,0.7,0.5,eq,0.5,35,0,5
3.7378786914194815,-96.24059247727779,0.664380693404857,-339.23199218772845,3.3622799999999993,-225.82756410168645,4.484549018564611,-159.67198270716054,0.5,3,-20,2,500,0.7,0.5,eq,1,6.5,0,5
3.7378786914194815,-96.24059247727779,0.664380693404857,-324.3272877173037,3.3622799999999993,-217.29531017669038,4.484549018564611,-156.4734641261196,0.5,3,-20,2,500,0.7,0.5,eff,1,6.5,0,5
5.327510845438027,-94.80383130978498,0.664380693404857,-359.73381294510773,3.3622799999999993,-258.3107007667436,4.484549018564611,-171.84906007815837,0.5,3,-20,2,500,0.7,0.5,eff,1,35,5,5
3.7378786914194815,-97.3964960215078,0.664380693404857,-325.4831912615337,3.3622799999999993,-218.63432424340863,4.484549018564611,-156.97542543790456,0.5,3,-20,2,500,0.7,0.5,eff,1,35,0,5
5.327510845438027,-99.12385130279266,0.664380693404857,-364.0538329381154,3.3622799999999993,-263.31506948877035,4.484549018564611,-173.72506687360678,0.5,3,-20,2,500,0.7,0.5,eff,0.5,35,5,5
5.327510845438027,-97.19987474980884,0.664380693404857,-362.12985638513163,3.3622799999999993,-261.08630941433495,4.484549018564611,-172.88956308135795,0.5,3,-20,2,500,0.7,0.5,eff,0.5,6.5,5,5
3.7378786914194815,-97.91502633725602,0.664380693404857,-326.0017215772819,3.3622799999999993,-219.23499667170353,4.484549018564611,-157.20060180277952,0.5,3,-20,2,500,0.7,0.5,eff,0.5,6.5,0,5
3.7378786914194815,-100.40969001363109,0.664380693404857,-328.49638525365697,3.3622799999999993,-222.12484831274423,4.484549018564611,-158.28393151279207,0.5,3,-20,2,500,0.7,0.5,eff,0.5,35,0,5
5.327510845438027,-94.80383130978498,0.6968241909147566,-363.32525016986153,3.3622799999999993,-255.01226482990435,4.484549018564611,-170.61256281435277,0.5,3,-20,2,500,0.7,1,eq,1,6.5,5,5
3.7378786914194815,-96.24059247727779,0.6968241909147566,-327.3324346811119,3.3622799999999993,-212.89603596232428,4.484549018564611,-154.82429141730913,0.5,3,-20,2,500,0.7,1,eq,1,6.5,0,5
5.327510845438027,-94.80383130978498,0.6968241909147566,-363.32525016986153,3.3622799999999993,-255.01226482990435,4.484549018564611,-170.61256281435277,0.5,3,-20,2,500,0.7,1,eq,1,35,5,5
3.7378786914194815,-97.3964960215078,0.6968241909147566,-328.4883382253419,3.3622799999999993,-214.24859195381256,4.484549018564611,-155.3313292420977,0.5,3,-20,2,500,0.7,1,eq,1,35,0,5
5.327510845438027,-99.12385130279266,0.6968241909147566,-367.6452701628692,3.3622799999999993,-260.0672445036316,4.484549018564611,-172.50754233035536,0.5,3,-20,2,500,0.7,1,eq,0.5,35,5,5
3.7378786914194815,-100.40969001363109,0.6968241909147566,-331.5015322174652,3.3622799999999993,-217.7744169294925,4.484549018564611,-156.65306870242622,0.5,3,-20,2,500,0.7,1,eq,0.5,35,0,5
5.327510845438027,-97.19987474980884,0.6968241909147566,-365.72129360988544,3.3622799999999993,-257.81594418950795,4.484549018564611,-171.66358879245936,0.5,3,-20,2,500,0.7,1,eq,0.5,6.5,5,5
5.327510845438027,-94.80383130978498,0.6968241909147566,-348.0515354700857,3.3622799999999993,-245.59762015996827,4.484549018564611,-167.08325904826705,0.5,3,-20,2,500,0.7,1,eff,1,6.5,5,5
3.7378786914194815,-97.91502633725602,0.6968241909147566,-329.0068685410901,3.3622799999999993,-214.8553391941058,4.484549018564611,-155.55878289492298,0.5,3,-20,2,500,0.7,1,eq,0.5,6.5,0,5
3.7378786914194815,-96.24059247727779,0.6968241909147566,-313.16890553735317,3.3622799999999993,-205.23299234628035,4.484549018564611,-151.95161702098824,0.5,3,-20,2,500,0.7,1,eff,1,6.5,0,5
5.327510845438027,-94.80383130978498,0.6968241909147566,-348.0515354700857,3.3622799999999993,-245.59762015996827,4.484549018564611,-167.08325904826705,0.5,3,-20,2,500,0.7,1,eff,1,35,5,5
3.7378786914194815,-97.3964960215078,0.6968241909147566,-314.32480908158317,3.3622799999999993,-206.57055251471996,4.484549018564611,-152.45303330437864,0.5,3,-20,2,500,0.7,1,eff,1,35,0,5
5.327510845438027,-97.19987474980884,0.6968241909147566,-350.4475789101096,3.3622799999999993,-248.3702150561979,4.484549018564611,-168.12263227499545,0.5,3,-20,2,500,0.7,1,eff,0.5,6.5,5,5
3.7378786914194815,-97.91502633725602,0.6968241909147566,-314.84333939733136,3.3622799999999993,-207.1705727306929,4.484549018564611,-152.6779651719321,0.5,3,-20,2,500,0.7,1,eff,0.5,6.5,0,5
5.327510845438027,-94.80383130978498,0.664380693404857,-375.73048077340303,3.3622799999999993,-268.5903292200728,4.484549018564611,-175.70262361520318,0.5,3,-20,2,500,0.8,0.5,eq,1,6.5,5,5
3.7378786914194815,-100.40969001363109,0.6968241909147566,-317.3380030737065,3.3622799999999993,-210.057286576895,4.484549018564611,-153.76011860482242,0.5,3,-20,2,500,0.7,1,eff,0.5,35,0,5
5.327510845438027,-99.12385130279266,0.6968241909147566,-352.3715554630934,3.3622799999999993,-250.5965551462373,4.484549018564611,-168.957228878461,0.5,3,-20,2,500,0.7,1,eff,0.5,35,5,5
3.7378786914194815,-96.24059247727779,0.664380693404857,-339.23199218772845,3.3622799999999993,-225.82756410168645,4.484549018564611,-159.67198270716054,0.5,3,-20,2,500,0.8,0.5,eq,1,6.5,0,5
5.327510845438027,-94.80383130978498,0.664380693404857,-375.73048077340303,3.3622799999999993,-268.5903292200728,4.484549018564611,-175.70262361520318,0.5,3,-20,2,500,0.8,0.5,eq,1,35,5,5
3.7378786914194815,-97.3964960215078,0.664380693404857,-340.38789573195845,3.3622799999999993,-227.181856667893,4.484549018564611,-160.17967152833901,0.5,3,-20,2,500,0.8,0.5,eq,1,35,0,5
5.327510845438027,-99.12385130279266,0.664380693404857,-380.05050076641083,3.3622799999999993,-273.6517990867961,4.484549018564611,-177.6000361346156,0.5,3,-20,2,500,0.8,0.5,eq,0.5,35,5,5
5.327510845438027,-97.19987474980884,0.664380693404857,-378.126524213427,3.3622799999999993,-271.3976082819081,4.484549018564611,-176.75499902741888,0.5,3,-20,2,500,0.8,0.5,eq,0.5,6.5,5,5
3.7378786914194815,-97.91502633725602,0.664380693404857,-340.90642604770665,3.3622799999999993,-227.78938292360027,4.484549018564611,-160.40741721364472,0.5,3,-20,2,500,0.8,0.5,eq,0.5,6.5,0,5
3.7378786914194815,-100.40969001363109,0.664380693404857,-343.4010897240817,3.3622799999999993,-230.71220852570215,4.484549018564611,-161.5031079982424,0.5,3,-20,2,500,0.8,0.5,eq,0.5,35,0,5
5.327510845438027,-94.80383130978498,0.664380693404857,-359.73381294510773,3.3622799999999993,-258.3107007667436,4.484549018564611,-171.84906007815837,0.5,3,-20,2,500,0.8,0.5,eff,1,35,5,5
5.327510845438027,-94.80383130978498,0.664380693404857,-359.73381294510773,3.3622799999999993,-258.3107007667436,4.484549018564611,-171.84906007815837,0.5,3,-20,2,500,0.8,0.5,eff,1,6.5,5,5
3.7378786914194815,-96.24059247727779,0.664380693404857,-324.3272877173037,3.3622799999999993,-217.29531017669038,4.484549018564611,-156.4734641261196,0.5,3,-20,2,500,0.8,0.5,eff,1,6.5,0,5
3.7378786914194815,-97.3964960215078,0.664380693404857,-325.4831912615337,3.3622799999999993,-218.63432424340863,4.484549018564611,-156.97542543790456,0.5,3,-20,2,500,0.8,0.5,eff,1,35,0,5
5.327510845438027,-97.19987474980884,0.664380693404857,-362.12985638513163,3.3622799999999993,-261.08630941433495,4.484549018564611,-172.88956308135795,0.5,3,-20,2,500,0.8,0.5,eff,0.5,6.5,5,5
5.327510845438027,-99.12385130279266,0.664380693404857,-364.0538329381154,3.3622799999999993,-263.31506948877035,4.484549018564611,-173.72506687360678,0.5,3,-20,2,500,0.8,0.5,eff,0.5,35,5,5
3.7378786914194815,-97.91502633725602,0.664380693404857,-326.0017215772819,3.3622799999999993,-219.23499667170353,4.484549018564611,-157.20060180277952,0.5,3,-20,2,500,0.8,0.5,eff,0.5,6.5,0,5
3.7378786914194815,-96.24059247727779,0.6968241909147566,-327.3324346811119,3.3622799999999993,-212.89603596232428,4.484549018564611,-154.82429141730913,0.5,3,-20,2,500,0.8,1,eq,1,6.5,0,5
5.327510845438027,-94.80383130978498,0.6968241909147566,-363.32525016986153,3.3622799999999993,-255.01226482990435,4.484549018564611,-170.61256281435277,0.5,3,-20,2,500,0.8,1,eq,1,6.5,5,5
3.7378786914194815,-100.40969001363109,0.664380693404857,-328.49638525365697,3.3622799999999993,-222.12484831274423,4.484549018564611,-158.28393151279207,0.5,3,-20,2,500,0.8,0.5,eff,0.5,35,0,5
5.327510845438027,-94.80383130978498,0.6968241909147566,-363.32525016986153,3.3622799999999993,-255.01226482990435,4.484549018564611,-170.61256281435277,0.5,3,-20,2,500,0.8,1,eq,1,35,5,5
3.7378786914194815,-100.40969001363109,0.6968241909147566,-331.5015322174652,3.3622799999999993,-217.7744169294925,4.484549018564611,-156.65306870242622,0.5,3,-20,2,500,0.8,1,eq,0.5,35,0,5
3.7378786914194815,-97.3964960215078,0.6968241909147566,-328.4883382253419,3.3622799999999993,-214.24859195381256,4.484549018564611,-155.3313292420977,0.5,3,-20,2,500,0.8,1,eq,1,35,0,5
3.7378786914194815,-97.91502633725602,0.6968241909147566,-329.0068685410901,3.3622799999999993,-214.8553391941058,4.484549018564611,-155.55878289492298,0.5,3,-20,2,500,0.8,1,eq,0.5,6.5,0,5
5.327510845438027,-94.80383130978498,0.6968241909147566,-348.0515354700857,3.3622799999999993,-245.59762015996827,4.484549018564611,-167.08325904826705,0.5,3,-20,2,500,0.8,1,eff,1,6.5,5,5
5.327510845438027,-97.19987474980884,0.6968241909147566,-365.72129360988544,3.3622799999999993,-257.81594418950795,4.484549018564611,-171.66358879245936,0.5,3,-20,2,500,0.8,1,eq,0.5,6.5,5,5
3.7378786914194815,-96.24059247727779,0.6968241909147566,-313.16890553735317,3.3622799999999993,-205.23299234628035,4.484549018564611,-151.95161702098824,0.5,3,-20,2,500,0.8,1,eff,1,6.5,0,5
5.327510845438027,-99.12385130279266,0.6968241909147566,-367.6452701628692,3.3622799999999993,-260.0672445036316,4.484549018564611,-172.50754233035536,0.5,3,-20,2,500,0.8,1,eq,0.5,35,5,5
3.7378786914194815,-97.3964960215078,0.6968241909147566,-314.32480908158317,3.3622799999999993,-206.57055251471996,4.484549018564611,-152.45303330437864,0.5,3,-20,2,500,0.8,1,eff,1,35,0,5
3.7378786914194815,-97.91502633725602,0.6968241909147566,-314.84333939733136,3.3622799999999993,-207.1705727306929,4.484549018564611,-152.6779651719321,0.5,3,-20,2,500,0.8,1,eff,0.5,6.5,0,5
5.327510845438027,-99.12385130279266,0.6968241909147566,-352.3715554630934,3.3622799999999993,-250.5965551462373,4.484549018564611,-168.957228878461,0.5,3,-20,2,500,0.8,1,eff,0.5,35,5,5
5.327510845438027,-97.19987474980884,0.6968241909147566,-350.4475789101096,3.3622799999999993,-248.3702150561979,4.484549018564611,-168.12263227499545,0.5,3,-20,2,500,0.8,1,eff,0.5,6.5,5,5
5.327510845438027,-94.80383130978498,0.6968241909147566,-348.0515354700857,3.3622799999999993,-245.59762015996827,4.484549018564611,-167.08325904826705,0.5,3,-20,2,500,0.8,1,eff,1,35,5,5
3.7378786914194815,-100.40969001363109,0.6968241909147566,-317.3380030737065,3.3622799999999993,-210.057286576895,4.484549018564611,-153.76011860482242,0.5,3,-20,2,500,0.8,1,eff,0.5,35,0,5
5.327510845438027,-94.80383130978498,1.6648435882347152,-234.2743125713414,1.3075533333333331,-125.86024846608046,3.4571856852312774,-121.10821172387676,0.5,3,-10,1,400,0.7,0.5,eq,1,6.5,5,5
3.7378786914194815,-96.24059247727779,1.6648435882347152,-197.7758239856668,1.3075533333333331,-84.19415557830341,3.4571856852312774,-113.22887812673676,0.5,3,-10,1,400,0.7,0.5,eq,1,6.5,0,5
5.327510845438027,-94.80383130978498,1.6648435882347152,-234.2743125713414,1.3075533333333331,-125.86024846608046,3.4571856852312774,-121.10821172387676,0.5,3,-10,1,400,0.7,0.5,eq,1,35,5,5
3.7378786914194815,-97.3964960215078,1.6648435882347152,-198.9317275298968,1.3075533333333331,-85.51371664254651,3.4571856852312774,-113.47841584689145,0.5,3,-10,1,400,0.7,0.5,eq,1,35,0,5
3.7378786914194815,-100.40969001363109,1.6648435882347152,-201.94492152202008,1.3075533333333331,-88.9535308818124,3.4571856852312774,-114.12890745829263,0.5,3,-10,1,400,0.7,0.5,eq,0.5,35,0,5
5.327510845438027,-94.80383130978498,1.6648435882347152,-228.1166823134861,1.3075533333333331,-125.34379726708738,3.4571856852312774,-121.01054738816686,0.5,3,-10,1,400,0.7,0.5,eff,1,35,5,5
5.327510845438027,-97.19987474980884,1.6648435882347152,-236.6703560113653,1.3075533333333331,-128.59553347124378,3.4571856852312774,-121.62547219984666,0.5,3,-10,1,400,0.7,0.5,eq,0.5,6.5,5,5
3.7378786914194815,-97.91502633725602,1.6648435882347152,-199.450257845645,1.3075533333333331,-86.10566258719562,3.4571856852312774,-113.59035673805973,0.5,3,-10,1,400,0.7,0.5,eq,0.5,6.5,0,5
5.327510845438027,-94.80383130978498,1.6648435882347152,-228.1166823134861,1.3075533333333331,-125.34379726708738,3.4571856852312774,-121.01054738816686,0.5,3,-10,1,400,0.7,0.5,eff,1,6.5,5,5
3.7378786914194815,-97.3964960215078,1.6648435882347152,-193.86606062991206,1.3075533333333331,-86.53283494378614,3.4571856852312774,-113.67113785449712,0.5,3,-10,1,400,0.7,0.5,eff,1,35,0,5
3.7378786914194815,-97.91502633725602,1.6648435882347152,-194.38459094566028,1.3075533333333331,-87.12040560899754,3.4571856852312774,-113.78225135140119,0.5,3,-10,1,400,0.7,0.5,eff,0.5,6.5,0,5
5.327510845438027,-97.19987474980884,1.6648435882347152,-230.51272575350998,1.3075533333333331,-128.05886482238975,3.4571856852312774,-121.52398461072144,0.5,3,-10,1,400,0.7,0.5,eff,0.5,6.5,5,5
5.327510845438027,-99.12385130279266,1.6648435882347152,-232.4367023064938,1.3075533333333331,-130.23901157098,3.4571856852312774,-121.93626477265396,0.5,3,-10,1,400,0.7,0.5,eff,0.5,35,5,5
3.7378786914194815,-96.24059247727779,1.6648435882347152,-192.71015708568203,1.3075533333333331,-85.22302721759738,3.4571856852312774,-113.4234445550425,0.5,3,-10,1,400,0.7,0.5,eff,1,6.5,0,5
5.327510845438027,-99.12385130279266,1.6648435882347152,-238.59433256434912,1.3075533333333331,-130.79191444115153,3.4571856852312774,-122.04082236034586,0.5,3,-10,1,400,0.7,0.5,eq,0.5,35,5,5
3.7378786914194815,-100.40969001363109,1.6648435882347152,-196.87925462203535,1.3075533333333331,-89.94722431095492,3.4571856852312774,-114.31682145451472,0.5,3,-10,1,400,0.7,0.5,eff,0.5,35,0,5
5.327510845438027,-94.80383130978498,1.7398467296524174,-226.22702037900632,1.3075533333333331,-117.83604136119902,3.4571856852312774,-119.59078111663956,0.5,3,-10,1,400,0.7,1,eq,1,6.5,5,5
3.7378786914194815,-96.24059247727779,1.7398467296524174,-190.23420489025668,1.3075533333333331,-76.80129073338581,3.4571856852312774,-111.83083851432174,0.5,3,-10,1,400,0.7,1,eq,1,6.5,0,5
5.327510845438027,-94.80383130978498,1.7398467296524174,-226.22702037900632,1.3075533333333331,-117.83604136119902,3.4571856852312774,-119.59078111663956,0.5,3,-10,1,400,0.7,1,eq,1,35,5,5
5.327510845438027,-97.19987474980884,1.7398467296524174,-228.62306381903014,1.3075533333333331,-120.56772666256835,3.4571856852312774,-120.10736086482632,0.5,3,-10,1,400,0.7,1,eq,0.5,6.5,5,5
3.7378786914194815,-100.40969001363109,1.7398467296524174,-194.40330242660997,1.3075533333333331,-81.55440258157206,3.4571856852312774,-112.72968338507195,0.5,3,-10,1,400,0.7,1,eq,0.5,35,0,5
3.7378786914194815,-97.3964960215078,1.7398467296524174,-191.39010843448668,1.3075533333333331,-78.11911522256224,3.4571856852312774,-112.08004783665172,0.5,3,-10,1,400,0.7,1,eq,1,35,0,5
5.327510845438027,-99.12385130279266,1.7398467296524174,-230.54704037201395,1.3075533333333331,-122.76121714163614,3.4571856852312774,-120.52216441440022,0.5,3,-10,1,400,0.7,1,eq,0.5,35,5,5
3.7378786914194815,-97.91502633725602,1.7398467296524174,-191.9086387502349,1.3075533333333331,-78.71028215202246,3.4571856852312774,-112.19184141089833,0.5,3,-10,1,400,0.7,1,eq,0.5,6.5,0,5
5.327510845438027,-94.80383130978498,1.7398467296524174,-220.42979123542017,1.3075533333333331,-117.62305960316142,3.4571856852312774,-119.55050485828723,0.5,3,-10,1,400,0.7,1,eff,1,6.5,5,5
5.327510845438027,-94.80383130978498,1.7398467296524174,-220.42979123542017,1.3075533333333331,-117.62305960316142,3.4571856852312774,-119.55050485828723,0.5,3,-10,1,400,0.7,1,eff,1,35,5,5
3.7378786914194815,-96.24059247727779,1.7398467296524174,-185.54716130268756,1.3075533333333331,-78.14022274795276,3.4571856852312774,-112.0840394092335,0.5,3,-10,1,400,0.7,1,eff,1,6.5,0,5
3.7378786914194815,-96.24059247727779,1.6648435882347152,-197.7758239856668,1.3075533333333331,-84.19415557830341,3.4571856852312774,-113.22887812673676,0.5,3,-10,1,400,0.8,0.5,eq,1,6.5,0,5
5.327510845438027,-97.19987474980884,1.7398467296524174,-222.82583467544404,1.3075533333333331,-120.33508540098403,3.4571856852312774,-120.0633668643949,0.5,3,-10,1,400,0.7,1,eff,0.5,6.5,5,5
3.7378786914194815,-97.3964960215078,1.7398467296524174,-186.70306484691756,1.3075533333333331,-79.44856306385756,3.4571856852312774,-112.33145521170307,0.5,3,-10,1,400,0.7,1,eff,1,35,0,5
5.327510845438027,-94.80383130978498,1.6648435882347152,-234.2743125713414,1.3075533333333331,-125.86024846608046,3.4571856852312774,-121.10821172387676,0.5,3,-10,1,400,0.8,0.5,eq,1,6.5,5,5
3.7378786914194815,-100.40969001363109,1.7398467296524174,-189.71625883904088,1.3075533333333331,-82.85912720516485,3.4571856852312774,-112.97641543622395,0.5,3,-10,1,400,0.7,1,eff,0.5,35,0,5
3.7378786914194815,-97.91502633725602,1.7398467296524174,-187.22159516266578,1.3075533333333331,-80.03547545850716,3.4571856852312774,-112.44244422529248,0.5,3,-10,1,400,0.7,1,eff,0.5,6.5,0,5
5.327510845438027,-99.12385130279266,1.7398467296524174,-224.74981122842786,1.3075533333333331,-122.51278967614194,3.4571856852312774,-120.47518513845534,0.5,3,-10,1,400,0.7,1,eff,0.5,35,5,5
5.327510845438027,-94.80383130978498,1.6648435882347152,-234.2743125713414,1.3075533333333331,-125.86024846608046,3.4571856852312774,-121.10821172387676,0.5,3,-10,1,400,0.8,0.5,eq,1,35,5,5
3.7378786914194815,-97.3964960215078,1.6648435882347152,-198.9317275298968,1.3075533333333331,-85.51371664254651,3.4571856852312774,-113.47841584689145,0.5,3,-10,1,400,0.8,0.5,eq,1,35,0,5
3.7378786914194815,-97.91502633725602,1.6648435882347152,-199.450257845645,1.3075533333333331,-86.10566258719562,3.4571856852312774,-113.59035673805973,0.5,3,-10,1,400,0.8,0.5,eq,0.5,6.5,0,5
3.7378786914194815,-100.40969001363109,1.6648435882347152,-201.94492152202008,1.3075533333333331,-88.9535308818124,3.4571856852312774,-114.12890745829263,0.5,3,-10,1,400,0.8,0.5,eq,0.5,35,0,5
5.327510845438027,-97.19987474980884,1.6648435882347152,-236.6703560113653,1.3075533333333331,-128.59553347124378,3.4571856852312774,-121.62547219984666,0.5,3,-10,1,400,0.8,0.5,eq,0.5,6.5,5,5
5.327510845438027,-99.12385130279266,1.6648435882347152,-238.59433256434912,1.3075533333333331,-130.79191444115153,3.4571856852312774,-122.04082236034586,0.5,3,-10,1,400,0.8,0.5,eq,0.5,35,5,5
5.327510845438027,-94.80383130978498,1.6648435882347152,-228.1166823134861,1.3075533333333331,-125.34379726708738,3.4571856852312774,-121.01054738816686,0.5,3,-10,1,400,0.8,0.5,eff,1,6.5,5,5
3.7378786914194815,-96.24059247727779,1.6648435882347152,-192.71015708568203,1.3075533333333331,-85.22302721759738,3.4571856852312774,-113.4234445550425,0.5,3,-10,1,400,0.8,0.5,eff,1,6.5,0,5
5.327510845438027,-94.80383130978498,1.6648435882347152,-228.1166823134861,1.3075533333333331,-125.34379726708738,3.4571856852312774,-121.01054738816686,0.5,3,-10,1,400,0.8,0.5,eff,1,35,5,5
3.7378786914194815,-97.91502633725602,1.6648435882347152,-194.38459094566028,1.3075533333333331,-87.12040560899754,3.4571856852312774,-113.78225135140119,0.5,3,-10,1,400,0.8,0.5,eff,0.5,6.5,0,5
5.327510845438027,-97.19987474980884,1.6648435882347152,-230.51272575350998,1.3075533333333331,-128.05886482238975,3.4571856852312774,-121.52398461072144,0.5,3,-10,1,400,0.8,0.5,eff,0.5,6.5,5,5
3.7378786914194815,-97.3964960215078,1.6648435882347152,-193.86606062991206,1.3075533333333331,-86.53283494378614,3.4571856852312774,-113.67113785449712,0.5,3,-10,1,400,0.8,0.5,eff,1,35,0,5
5.327510845438027,-99.12385130279266,1.6648435882347152,-232.4367023064938,1.3075533333333331,-130.23901157098,3.4571856852312774,-121.93626477265396,0.5,3,-10,1,400,0.8,0.5,eff,0.5,35,5,5
5.327510845438027,-94.80383130978498,1.7398467296524174,-226.22702037900632,1.3075533333333331,-117.83604136119902,3.4571856852312774,-119.59078111663956,0.5,3,-10,1,400,0.8,1,eq,1,6.5,5,5
3.7378786914194815,-100.40969001363109,1.6648435882347152,-196.87925462203535,1.3075533333333331,-89.94722431095492,3.4571856852312774,-114.31682145451472,0.5,3,-10,1,400,0.8,0.5,eff,0.5,35,0,5
3.7378786914194815,-96.24059247727779,1.7398467296524174,-190.23420489025668,1.3075533333333331,-76.80129073338581,3.4571856852312774,-111.83083851432174,0.5,3,-10,1,400,0.8,1,eq,1,6.5,0,5
5.327510845438027,-94.80383130978498,1.7398467296524174,-226.22702037900632,1.3075533333333331,-117.83604136119902,3.4571856852312774,-119.59078111663956,0.5,3,-10,1,400,0.8,1,eq,1,35,5,5
5.327510845438027,-97.19987474980884,1.7398467296524174,-228.62306381903014,1.3075533333333331,-120.56772666256835,3.4571856852312774,-120.10736086482632,0.5,3,-10,1,400,0.8,1,eq,0.5,6.5,5,5
3.7378786914194815,-97.3964960215078,1.7398467296524174,-191.39010843448668,1.3075533333333331,-78.11911522256224,3.4571856852312774,-112.08004783665172,0.5,3,-10,1,400,0.8,1,eq,1,35,0,5
5.327510845438027,-99.12385130279266,1.7398467296524174,-230.54704037201395,1.3075533333333331,-122.76121714163614,3.4571856852312774,-120.52216441440022,0.5,3,-10,1,400,0.8,1,eq,0.5,35,5,5
3.7378786914194815,-97.91502633725602,1.7398467296524174,-191.9086387502349,1.3075533333333331,-78.71028215202246,3.4571856852312774,-112.19184141089833,0.5,3,-10,1,400,0.8,1,eq,0.5,6.5,0,5
3.7378786914194815,-100.40969001363109,1.7398467296524174,-194.40330242660997,1.3075533333333331,-81.55440258157206,3.4571856852312774,-112.72968338507195,0.5,3,-10,1,400,0.8,1,eq,0.5,35,0,5
5.327510845438027,-94.80383130978498,1.7398467296524174,-220.42979123542017,1.3075533333333331,-117.62305960316142,3.4571856852312774,-119.55050485828723,0.5,3,-10,1,400,0.8,1,eff,1,6.5,5,5
5.327510845438027,-94.80383130978498,1.7398467296524174,-220.42979123542017,1.3075533333333331,-117.62305960316142,3.4571856852312774,-119.55050485828723,0.5,3,-10,1,400,0.8,1,eff,1,35,5,5
3.7378786914194815,-96.24059247727779,1.7398467296524174,-185.54716130268756,1.3075533333333331,-78.14022274795276,3.4571856852312774,-112.0840394092335,0.5,3,-10,1,400,0.8,1,eff,1,6.5,0,5
5.327510845438027,-99.12385130279266,1.7398467296524174,-224.74981122842786,1.3075533333333331,-122.51278967614194,3.4571856852312774,-120.47518513845534,0.5,3,-10,1,400,0.8,1,eff,0.5,35,5,5
3.7378786914194815,-97.3964960215078,1.7398467296524174,-186.70306484691756,1.3075533333333331,-79.44856306385756,3.4571856852312774,-112.33145521170307,0.5,3,-10,1,400,0.8,1,eff,1,35,0,5
5.327510845438027,-97.19987474980884,1.7398467296524174,-222.82583467544404,1.3075533333333331,-120.33508540098403,3.4571856852312774,-120.0633668643949,0.5,3,-10,1,400,0.8,1,eff,0.5,6.5,5,5
3.7378786914194815,-97.91502633725602,1.7398467296524174,-187.22159516266578,1.3075533333333331,-80.03547545850716,3.4571856852312774,-112.44244422529248,0.5,3,-10,1,400,0.8,1,eff,0.5,6.5,0,5
3.7378786914194815,-100.40969001363109,1.7398467296524174,-189.71625883904088,1.3075533333333331,-82.85912720516485,3.4571856852312774,-112.97641543622395,0.5,3,-10,1,400,0.8,1,eff,0.5,35,0,5
5.327510845438027,-94.80383130978498,1.6648435882347152,-234.2743125713414,1.6811399999999996,-125.86038839418637,3.643979018564611,-121.35183727661581,0.5,3,-10,1,500,0.7,0.5,eq,1,6.5,5,5
3.7378786914194815,-96.24059247727779,1.6648435882347152,-197.7758239856668,1.6811399999999996,-84.19429550615556,3.643979018564611,-111.74056687125322,0.5,3,-10,1,500,0.7,0.5,eq,1,6.5,0,5
5.327510845438027,-94.80383130978498,1.6648435882347152,-234.2743125713414,1.6811399999999996,-125.86038839418637,3.643979018564611,-121.35183727661581,0.5,3,-10,1,500,0.7,0.5,eq,1,35,5,5
3.7378786914194815,-97.3964960215078,1.6648435882347152,-198.9317275298968,1.6811399999999996,-85.5138565709405,3.643979018564611,-112.04495485992594,0.5,3,-10,1,500,0.7,0.5,eq,1,35,0,5
5.327510845438027,-97.19987474980884,1.6648435882347152,-236.6703560113653,1.6811399999999996,-128.59567339909051,3.643979018564611,-121.98279549697288,0.5,3,-10,1,500,0.7,0.5,eq,0.5,6.5,5,5
3.7378786914194815,-96.24059247727779,1.6648435882347152,-192.71015708568203,1.6811399999999996,-85.22315783430255,3.643979018564611,-111.97789831656746,0.5,3,-10,1,500,0.7,0.5,eff,1,6.5,0,5
5.327510845438027,-94.80383130978498,1.6648435882347152,-228.1166823134861,1.6811399999999996,-125.34392788420415,3.643979018564611,-121.23270343729774,0.5,3,-10,1,500,0.7,0.5,eff,1,35,5,5
3.7378786914194815,-100.40969001363109,1.6648435882347152,-201.94492152202008,1.6811399999999996,-88.9536708101668,3.643979018564611,-112.83842942175404,0.5,3,-10,1,500,0.7,0.5,eq,0.5,35,0,5
3.7378786914194815,-97.91502633725602,1.6648435882347152,-199.450257845645,1.6811399999999996,-86.10580251487721,3.643979018564611,-112.18150120104364,0.5,3,-10,1,500,0.7,0.5,eq,0.5,6.5,0,5
5.327510845438027,-94.80383130978498,1.6648435882347152,-228.1166823134861,1.6811399999999996,-125.34392788420415,3.643979018564611,-121.23270343729774,0.5,3,-10,1,500,0.7,0.5,eff,1,6.5,5,5
5.327510845438027,-99.12385130279266,1.6648435882347152,-238.59433256434912,1.6811399999999996,-130.792054369467,3.643979018564611,-122.48944274792129,0.5,3,-10,1,500,0.7,0.5,eq,0.5,35,5,5
3.7378786914194815,-97.3964960215078,1.6648435882347152,-193.86606062991206,1.6811399999999996,-86.53296556051079,3.643979018564611,-112.28003646687223,0.5,3,-10,1,500,0.7,0.5,eff,1,35,0,5
5.327510845438027,-97.19987474980884,1.6648435882347152,-230.51272575350998,1.6811399999999996,-128.05899543952503,3.643979018564611,-121.85899802443711,0.5,3,-10,1,500,0.7,0.5,eff,0.5,6.5,5,5
3.7378786914194815,-97.91502633725602,1.6648435882347152,-194.38459094566028,1.6811399999999996,-87.12053622473229,3.643979018564611,-112.41557354617714,0.5,3,-10,1,500,0.7,0.5,eff,0.5,6.5,0,5
3.7378786914194815,-100.40969001363109,1.6648435882347152,-196.87925462203535,1.6811399999999996,-89.94735492784748,3.643979018564611,-113.06764618028741,0.5,3,-10,1,500,0.7,0.5,eff,0.5,35,0,5
5.327510845438027,-94.80383130978498,1.7398467296524174,-226.22702037900632,1.6811399999999996,-117.83617366096924,3.643979018564611,-119.50086224521795,0.5,3,-10,1,500,0.7,1,eq,1,6.5,5,5
5.327510845438027,-99.12385130279266,1.6648435882347152,-232.4367023064938,1.6811399999999996,-130.2391421883301,3.643979018564611,-122.36190046797657,0.5,3,-10,1,500,0.7,0.5,eff,0.5,35,5,5
3.7378786914194815,-96.24059247727779,1.7398467296524174,-190.23420489025668,1.6811399999999996,-76.80142303434003,3.643979018564611,-110.03522587396009,0.5,3,-10,1,500,0.7,1,eq,1,6.5,0,5
3.7378786914194815,-97.3964960215078,1.7398467296524174,-191.39010843448668,1.6811399999999996,-78.11924752358205,3.643979018564611,-110.33921328038565,0.5,3,-10,1,500,0.7,1,eq,1,35,0,5
5.327510845438027,-94.80383130978498,1.7398467296524174,-220.42979123542017,1.6811399999999996,-117.62318325860167,3.643979018564611,-119.45173096822504,0.5,3,-10,1,500,0.7,1,eff,1,35,5,5
5.327510845438027,-97.19987474980884,1.7398467296524174,-228.62306381903014,1.6811399999999996,-120.56785896415761,3.643979018564611,-120.13099010918305,0.5,3,-10,1,500,0.7,1,eq,0.5,6.5,5,5
5.327510845438027,-99.12385130279266,1.7398467296524174,-230.54704037201395,1.6811399999999996,-122.76134944136493,3.643979018564611,-120.63697059947465,0.5,3,-10,1,500,0.7,1,eq,0.5,35,5,5
3.7378786914194815,-100.40969001363109,1.7398467296524174,-194.40330242660997,1.6811399999999996,-81.5545348824957,3.643979018564611,-111.13164361013538,0.5,3,-10,1,500,0.7,1,eq,0.5,35,0,5
5.327510845438027,-94.80383130978498,1.7398467296524174,-226.22702037900632,1.6811399999999996,-117.83617366096924,3.643979018564611,-119.50086224521795,0.5,3,-10,1,500,0.7,1,eq,1,35,5,5
5.327510845438027,-94.80383130978498,1.7398467296524174,-220.42979123542017,1.6811399999999996,-117.62318325860167,3.643979018564611,-119.45173096822504,0.5,3,-10,1,500,0.7,1,eff,1,6.5,5,5
3.7378786914194815,-97.91502633725602,1.7398467296524174,-191.9086387502349,1.6811399999999996,-78.71041445244309,3.643979018564611,-110.47557992323975,0.5,3,-10,1,500,0.7,1,eq,0.5,6.5,0,5
3.7378786914194815,-96.24059247727779,1.7398467296524174,-185.54716130268756,1.6811399999999996,-78.14034640363238,3.643979018564611,-110.34408023640086,0.5,3,-10,1,500,0.7,1,eff,1,6.5,0,5
3.7378786914194815,-97.3964960215078,1.7398467296524174,-186.70306484691756,1.6811399999999996,-79.44868671956604,3.643979018564611,-110.64587989379781,0.5,3,-10,1,500,0.7,1,eff,1,35,0,5
5.327510845438027,-97.19987474980884,1.7398467296524174,-222.82583467544404,1.6811399999999996,-120.33520905605423,3.643979018564611,-120.07732390192483,0.5,3,-10,1,500,0.7,1,eff,0.5,6.5,5,5
3.7378786914194815,-97.91502633725602,1.7398467296524174,-187.22159516266578,1.6811399999999996,-80.03559911367164,3.643979018564611,-110.78126512752162,0.5,3,-10,1,500,0.7,1,eff,0.5,6.5,0,5
5.327510845438027,-99.12385130279266,1.7398467296524174,-224.74981122842786,1.6811399999999996,-122.51291333109742,3.643979018564611,-120.57966293108701,0.5,3,-10,1,500,0.7,1,eff,0.5,35,5,5
5.327510845438027,-94.80383130978498,1.6648435882347152,-234.2743125713414,1.6811399999999996,-125.86038839418637,3.643979018564611,-121.35183727661581,0.5,3,-10,1,500,0.8,0.5,eq,1,6.5,5,5
3.7378786914194815,-100.40969001363109,1.7398467296524174,-189.71625883904088,1.6811399999999996,-82.85925086100093,3.643979018564611,-111.4326072283297,0.5,3,-10,1,500,0.7,1,eff,0.5,35,0,5
5.327510845438027,-94.80383130978498,1.6648435882347152,-234.2743125713414,1.6811399999999996,-125.86038839418637,3.643979018564611,-121.35183727661581,0.5,3,-10,1,500,0.8,0.5,eq,1,35,5,5
5.327510845438027,-97.19987474980884,1.6648435882347152,-236.6703560113653,1.6811399999999996,-128.59567339909051,3.643979018564611,-121.98279549697288,0.5,3,-10,1,500,0.8,0.5,eq,0.5,6.5,5,5
3.7378786914194815,-97.3964960215078,1.6648435882347152,-198.9317275298968,1.6811399999999996,-85.5138565709405,3.643979018564611,-112.04495485992594,0.5,3,-10,1,500,0.8,0.5,eq,1,35,0,5
3.7378786914194815,-96.24059247727779,1.6648435882347152,-192.71015708568203,1.6811399999999996,-85.22315783430255,3.643979018564611,-111.97789831656746,0.5,3,-10,1,500,0.8,0.5,eff,1,6.5,0,5
3.7378786914194815,-96.24059247727779,1.6648435882347152,-197.7758239856668,1.6811399999999996,-84.19429550615556,3.643979018564611,-111.74056687125322,0.5,3,-10,1,500,0.8,0.5,eq,1,6.5,0,5
3.7378786914194815,-97.91502633725602,1.6648435882347152,-199.450257845645,1.6811399999999996,-86.10580251487721,3.643979018564611,-112.18150120104364,0.5,3,-10,1,500,0.8,0.5,eq,0.5,6.5,0,5
5.327510845438027,-99.12385130279266,1.6648435882347152,-238.59433256434912,1.6811399999999996,-130.792054369467,3.643979018564611,-122.48944274792129,0.5,3,-10,1,500,0.8,0.5,eq,0.5,35,5,5
3.7378786914194815,-100.40969001363109,1.6648435882347152,-201.94492152202008,1.6811399999999996,-88.9536708101668,3.643979018564611,-112.83842942175404,0.5,3,-10,1,500,0.8,0.5,eq,0.5,35,0,5
5.327510845438027,-94.80383130978498,1.6648435882347152,-228.1166823134861,1.6811399999999996,-125.34392788420415,3.643979018564611,-121.23270343729774,0.5,3,-10,1,500,0.8,0.5,eff,1,6.5,5,5
3.7378786914194815,-97.3964960215078,1.6648435882347152,-193.86606062991206,1.6811399999999996,-86.53296556051079,3.643979018564611,-112.28003646687223,0.5,3,-10,1,500,0.8,0.5,eff,1,35,0,5
5.327510845438027,-94.80383130978498,1.6648435882347152,-228.1166823134861,1.6811399999999996,-125.34392788420415,3.643979018564611,-121.23270343729774,0.5,3,-10,1,500,0.8,0.5,eff,1,35,5,5
5.327510845438027,-97.19987474980884,1.6648435882347152,-230.51272575350998,1.6811399999999996,-128.05899543952503,3.643979018564611,-121.85899802443711,0.5,3,-10,1,500,0.8,0.5,eff,0.5,6.5,5,5
3.7378786914194815,-97.91502633725602,1.6648435882347152,-194.38459094566028,1.6811399999999996,-87.12053622473229,3.643979018564611,-112.41557354617714,0.5,3,-10,1,500,0.8,0.5,eff,0.5,6.5,0,5
5.327510845438027,-99.12385130279266,1.6648435882347152,-232.4367023064938,1.6811399999999996,-130.2391421883301,3.643979018564611,-122.36190046797657,0.5,3,-10,1,500,0.8,0.5,eff,0.5,35,5,5
3.7378786914194815,-100.40969001363109,1.6648435882347152,-196.87925462203535,1.6811399999999996,-89.94735492784748,3.643979018564611,-113.06764618028741,0.5,3,-10,1,500,0.8,0.5,eff,0.5,35,0,5
5.327510845438027,-94.80383130978498,1.7398467296524174,-226.22702037900632,1.6811399999999996,-117.83617366096924,3.643979018564611,-119.50086224521795,0.5,3,-10,1,500,0.8,1,eq,1,35,5,5
3.7378786914194815,-96.24059247727779,1.7398467296524174,-190.23420489025668,1.6811399999999996,-76.80142303434003,3.643979018564611,-110.03522587396009,0.5,3,-10,1,500,0.8,1,eq,1,6.5,0,5
5.327510845438027,-94.80383130978498,1.7398467296524174,-226.22702037900632,1.6811399999999996,-117.83617366096924,3.643979018564611,-119.50086224521795,0.5,3,-10,1,500,0.8,1,eq,1,6.5,5,5
3.7378786914194815,-97.3964960215078,1.7398467296524174,-191.39010843448668,1.6811399999999996,-78.11924752358205,3.643979018564611,-110.33921328038565,0.5,3,-10,1,500,0.8,1,eq,1,35,0,5
5.327510845438027,-99.12385130279266,1.7398467296524174,-230.54704037201395,1.6811399999999996,-122.76134944136493,3.643979018564611,-120.63697059947465,0.5,3,-10,1,500,0.8,1,eq,0.5,35,5,5
3.7378786914194815,-97.3964960215078,1.7398467296524174,-186.70306484691756,1.6811399999999996,-79.44868671956604,3.643979018564611,-110.64587989379781,0.5,3,-10,1,500,0.8,1,eff,1,35,0,5
3.7378786914194815,-97.91502633725602,1.7398467296524174,-191.9086387502349,1.6811399999999996,-78.71041445244309,3.643979018564611,-110.47557992323975,0.5,3,-10,1,500,0.8,1,eq,0.5,6.5,0,5
5.327510845438027,-94.80383130978498,1.7398467296524174,-220.42979123542017,1.6811399999999996,-117.62318325860167,3.643979018564611,-119.45173096822504,0.5,3,-10,1,500,0.8,1,eff,1,6.5,5,5
5.327510845438027,-97.19987474980884,1.7398467296524174,-228.62306381903014,1.6811399999999996,-120.56785896415761,3.643979018564611,-120.13099010918305,0.5,3,-10,1,500,0.8,1,eq,0.5,6.5,5,5
3.7378786914194815,-100.40969001363109,1.7398467296524174,-194.40330242660997,1.6811399999999996,-81.5545348824957,3.643979018564611,-111.13164361013538,0.5,3,-10,1,500,0.8,1,eq,0.5,35,0,5
3.7378786914194815,-97.91502633725602,1.7398467296524174,-187.22159516266578,1.6811399999999996,-80.03559911367164,3.643979018564611,-110.78126512752162,0.5,3,-10,1,500,0.8,1,eff,0.5,6.5,0,5
3.7378786914194815,-96.24059247727779,1.7398467296524174,-185.54716130268756,1.6811399999999996,-78.14034640363238,3.643979018564611,-110.34408023640086,0.5,3,-10,1,500,0.8,1,eff,1,6.5,0,5
5.327510845438027,-94.80383130978498,1.7398467296524174,-220.42979123542017,1.6811399999999996,-117.62318325860167,3.643979018564611,-119.45173096822504,0.5,3,-10,1,500,0.8,1,eff,1,35,5,5
5.327510845438027,-97.19987474980884,1.7398467296524174,-222.82583467544404,1.6811399999999996,-120.33520905605423,3.643979018564611,-120.07732390192483,0.5,3,-10,1,500,0.8,1,eff,0.5,6.5,5,5
5.327510845438027,-99.12385130279266,1.7398467296524174,-224.74981122842786,1.6811399999999996,-122.51291333109742,3.643979018564611,-120.57966293108701,0.5,3,-10,1,500,0.8,1,eff,0.5,35,5,5
3.7378786914194815,-100.40969001363109,1.7398467296524174,-189.71625883904088,1.6811399999999996,-82.85925086100093,3.643979018564611,-111.4326072283297,0.5,3,-10,1,500,0.8,1,eff,0.5,35,0,5
5.327510845438027,-94.80383130978498,1.6648435882347152,-234.2743125713414,2.6151066666666662,-125.86073821490638,4.110962351897944,-121.86409583273294,0.5,3,-10,2,400,0.7,0.5,eq,1,6.5,5,5
3.7378786914194815,-96.24059247727779,1.6648435882347152,-197.7758239856668,2.6151066666666662,-84.1946453267167,4.110962351897944,-108.61156905690972,0.5,3,-10,2,400,0.7,0.5,eq,1,6.5,0,5
5.327510845438027,-94.80383130978498,1.6648435882347152,-234.2743125713414,2.6151066666666662,-125.86073821490638,4.110962351897944,-121.86409583273294,0.5,3,-10,2,400,0.7,0.5,eq,1,35,5,5
3.7378786914194815,-97.3964960215078,1.6648435882347152,-198.9317275298968,2.6151066666666662,-85.51420639163099,4.110962351897944,-109.03127527683387,0.5,3,-10,2,400,0.7,0.5,eq,1,35,0,5
5.327510845438027,-97.19987474980884,1.6648435882347152,-236.6703560113653,2.6151066666666662,-128.5960232197019,4.110962351897944,-122.73409431958015,0.5,3,-10,2,400,0.7,0.5,eq,0.5,6.5,5,5
3.7378786914194815,-97.91502633725602,1.6648435882347152,-199.450257845645,2.6151066666666662,-86.10615233557608,4.110962351897944,-109.21955257686821,0.5,3,-10,2,400,0.7,0.5,eq,0.5,6.5,0,5
3.7378786914194815,-96.24059247727779,1.6648435882347152,-192.71015708568203,2.6151066666666662,-85.22348437556589,4.110962351897944,-108.938806772226,0.5,3,-10,2,400,0.7,0.5,eff,1,6.5,0,5
5.327510845438027,-94.80383130978498,1.6648435882347152,-228.1166823134861,2.6151066666666662,-125.34425442503868,4.110962351897944,-121.69982040443995,0.5,3,-10,2,400,0.7,0.5,eff,1,6.5,5,5
5.327510845438027,-99.12385130279266,1.6648435882347152,-238.59433256434912,2.6151066666666662,-130.7924041900793,4.110962351897944,-123.43268628254489,0.5,3,-10,2,400,0.7,0.5,eq,0.5,35,5,5
3.7378786914194815,-97.3964960215078,1.6648435882347152,-193.86606062991206,2.6151066666666662,-86.5332921017727,4.110962351897944,-109.35541079625388,0.5,3,-10,2,400,0.7,0.5,eff,1,35,0,5
3.7378786914194815,-100.40969001363109,1.6648435882347152,-201.94492152202008,2.6151066666666662,-88.954020630222,4.110962351897944,-110.12535987034522,0.5,3,-10,2,400,0.7,0.5,eq,0.5,35,0,5
5.327510845438027,-94.80383130978498,1.6648435882347152,-228.1166823134861,2.6151066666666662,-125.34425442503868,4.110962351897944,-121.69982040443995,0.5,3,-10,2,400,0.7,0.5,eff,1,35,5,5
3.7378786914194815,-97.91502633725602,1.6648435882347152,-194.38459094566028,2.6151066666666662,-87.12086276599473,4.110962351897944,-109.54229647284419,0.5,3,-10,2,400,0.7,0.5,eff,0.5,6.5,0,5
5.327510845438027,-97.19987474980884,1.6648435882347152,-230.51272575350998,2.6151066666666662,-128.05932198076562,4.110962351897944,-122.56338842789249,0.5,3,-10,2,400,0.7,0.5,eff,0.5,6.5,5,5
5.327510845438027,-99.12385130279266,1.6648435882347152,-232.4367023064938,2.6151066666666662,-130.23946872929028,4.110962351897944,-123.25681685271694,0.5,3,-10,2,400,0.7,0.5,eff,0.5,35,5,5
3.7378786914194815,-100.40969001363109,1.6648435882347152,-196.87925462203535,2.6151066666666662,-89.94768146896254,4.110962351897944,-110.44140862746855,0.5,3,-10,2,400,0.7,0.5,eff,0.5,35,0,5
3.7378786914194815,-96.24059247727779,1.7398467296524174,-190.23420489025668,2.6151066666666662,-76.8017537863169,4.110962351897944,-106.26014884208857,0.5,3,-10,2,400,0.7,1,eq,1,6.5,0,5
5.327510845438027,-94.80383130978498,1.7398467296524174,-226.22702037900632,2.6151066666666662,-117.83650441410413,4.110962351897944,-119.31186772759328,0.5,3,-10,2,400,0.7,1,eq,1,6.5,5,5
5.327510845438027,-94.80383130978498,1.7398467296524174,-226.22702037900632,2.6151066666666662,-117.83650441410413,4.110962351897944,-119.31186772759328,0.5,3,-10,2,400,0.7,1,eq,1,35,5,5
3.7378786914194815,-97.3964960215078,1.7398467296524174,-191.39010843448668,2.6151066666666662,-78.119578276182,4.110962351897944,-106.67930271823035,0.5,3,-10,2,400,0.7,1,eq,1,35,0,5
5.327510845438027,-97.19987474980884,1.7398467296524174,-228.62306381903014,2.6151066666666662,-120.56818971547247,4.110962351897944,-120.1807212746886,0.5,3,-10,2,400,0.7,1,eq,0.5,6.5,5,5
3.7378786914194815,-97.91502633725602,1.7398467296524174,-191.9086387502349,2.6151066666666662,-78.71074520509724,4.110962351897944,-106.86733224083179,0.5,3,-10,2,400,0.7,1,eq,0.5,6.5,0,5
5.327510845438027,-99.12385130279266,1.7398467296524174,-230.54704037201395,2.6151066666666662,-122.76168019453941,4.110962351897944,-120.87839387346943,0.5,3,-10,2,400,0.7,1,eq,0.5,35,5,5
5.327510845438027,-94.80383130978498,1.7398467296524174,-220.42979123542017,2.6151066666666662,-117.62349239778649,4.110962351897944,-119.24411605581075,0.5,3,-10,2,400,0.7,1,eff,1,6.5,5,5
3.7378786914194815,-100.40969001363109,1.7398467296524174,-194.40330242660997,2.6151066666666662,-81.55486563520095,4.110962351897944,-107.77194746968854,0.5,3,-10,2,400,0.7,1,eq,0.5,35,0,5
3.7378786914194815,-96.24059247727779,1.7398467296524174,-185.54716130268756,2.6151066666666662,-78.14065554199085,4.110962351897944,-106.68600665925621,0.5,3,-10,2,400,0.7,1,eff,1,6.5,0,5
5.327510845438027,-94.80383130978498,1.7398467296524174,-220.42979123542017,2.6151066666666662,-117.62349239778649,4.110962351897944,-119.24411605581075,0.5,3,-10,2,400,0.7,1,eff,1,35,5,5
5.327510845438027,-97.19987474980884,1.7398467296524174,-222.82583467544404,2.6151066666666662,-120.33551819354997,4.110962351897944,-120.10671660181171,0.5,3,-10,2,400,0.7,1,eff,0.5,6.5,5,5
3.7378786914194815,-97.3964960215078,1.7398467296524174,-186.70306484691756,2.6151066666666662,-79.44899585717823,4.110962351897944,-107.10214395116479,0.5,3,-10,2,400,0.7,1,eff,1,35,0,5
3.7378786914194815,-97.91502633725602,1.7398467296524174,-187.22159516266578,2.6151066666666662,-80.03590825204796,4.110962351897944,-107.28882025529896,0.5,3,-10,2,400,0.7,1,eff,0.5,6.5,0,5
3.7378786914194815,-100.40969001363109,1.7398467296524174,-189.71625883904088,2.6151066666666662,-82.85955999929186,4.110962351897944,-108.1869251120794,0.5,3,-10,2,400,0.7,1,eff,0.5,35,0,5
5.327510845438027,-99.12385130279266,1.7398467296524174,-224.74981122842786,2.6151066666666662,-122.5132224690525,4.110962351897944,-120.79936816139924,0.5,3,-10,2,400,0.7,1,eff,0.5,35,5,5
5.327510845438027,-94.80383130978498,1.6648435882347152,-234.2743125713414,2.6151066666666662,-125.86073821490638,4.110962351897944,-121.86409583273294,0.5,3,-10,2,400,0.8,0.5,eq,1,6.5,5,5
5.327510845438027,-94.80383130978498,1.6648435882347152,-234.2743125713414,2.6151066666666662,-125.86073821490638,4.110962351897944,-121.86409583273294,0.5,3,-10,2,400,0.8,0.5,eq,1,35,5,5
3.7378786914194815,-96.24059247727779,1.6648435882347152,-197.7758239856668,2.6151066666666662,-84.1946453267167,4.110962351897944,-108.61156905690972,0.5,3,-10,2,400,0.8,0.5,eq,1,6.5,0,5
5.327510845438027,-97.19987474980884,1.6648435882347152,-236.6703560113653,2.6151066666666662,-128.5960232197019,4.110962351897944,-122.73409431958015,0.5,3,-10,2,400,0.8,0.5,eq,0.5,6.5,5,5
3.7378786914194815,-97.91502633725602,1.6648435882347152,-199.450257845645,2.6151066666666662,-86.10615233557608,4.110962351897944,-109.21955257686821,0.5,3,-10,2,400,0.8,0.5,eq,0.5,6.5,0,5
3.7378786914194815,-97.3964960215078,1.6648435882347152,-198.9317275298968,2.6151066666666662,-85.51420639163099,4.110962351897944,-109.03127527683387,0.5,3,-10,2,400,0.8,0.5,eq,1,35,0,5
5.327510845438027,-94.80383130978498,1.6648435882347152,-228.1166823134861,2.6151066666666662,-125.34425442503868,4.110962351897944,-121.69982040443995,0.5,3,-10,2,400,0.8,0.5,eff,1,6.5,5,5
3.7378786914194815,-100.40969001363109,1.6648435882347152,-201.94492152202008,2.6151066666666662,-88.954020630222,4.110962351897944,-110.12535987034522,0.5,3,-10,2,400,0.8,0.5,eq,0.5,35,0,5
5.327510845438027,-99.12385130279266,1.6648435882347152,-238.59433256434912,2.6151066666666662,-130.7924041900793,4.110962351897944,-123.43268628254489,0.5,3,-10,2,400,0.8,0.5,eq,0.5,35,5,5
3.7378786914194815,-96.24059247727779,1.6648435882347152,-192.71015708568203,2.6151066666666662,-85.22348437556589,4.110962351897944,-108.938806772226,0.5,3,-10,2,400,0.8,0.5,eff,1,6.5,0,5
5.327510845438027,-94.80383130978498,1.6648435882347152,-228.1166823134861,2.6151066666666662,-125.34425442503868,4.110962351897944,-121.69982040443995,0.5,3,-10,2,400,0.8,0.5,eff,1,35,5,5
3.7378786914194815,-97.91502633725602,1.6648435882347152,-194.38459094566028,2.6151066666666662,-87.12086276599473,4.110962351897944,-109.54229647284419,0.5,3,-10,2,400,0.8,0.5,eff,0.5,6.5,0,5
5.327510845438027,-99.12385130279266,1.6648435882347152,-232.4367023064938,2.6151066666666662,-130.23946872929028,4.110962351897944,-123.25681685271694,0.5,3,-10,2,400,0.8,0.5,eff,0.5,35,5,5
5.327510845438027,-97.19987474980884,1.6648435882347152,-230.51272575350998,2.6151066666666662,-128.05932198076562,4.110962351897944,-122.56338842789249,0.5,3,-10,2,400,0.8,0.5,eff,0.5,6.5,5,5
3.7378786914194815,-97.3964960215078,1.6648435882347152,-193.86606062991206,2.6151066666666662,-86.5332921017727,4.110962351897944,-109.35541079625388,0.5,3,-10,2,400,0.8,0.5,eff,1,35,0,5
3.7378786914194815,-100.40969001363109,1.6648435882347152,-196.87925462203535,2.6151066666666662,-89.94768146896254,4.110962351897944,-110.44140862746855,0.5,3,-10,2,400,0.8,0.5,eff,0.5,35,0,5
5.327510845438027,-94.80383130978498,1.7398467296524174,-226.22702037900632,2.6151066666666662,-117.83650441410413,4.110962351897944,-119.31186772759328,0.5,3,-10,2,400,0.8,1,eq,1,6.5,5,5
5.327510845438027,-94.80383130978498,1.7398467296524174,-226.22702037900632,2.6151066666666662,-117.83650441410413,4.110962351897944,-119.31186772759328,0.5,3,-10,2,400,0.8,1,eq,1,35,5,5
3.7378786914194815,-96.24059247727779,1.7398467296524174,-190.23420489025668,2.6151066666666662,-76.8017537863169,4.110962351897944,-106.26014884208857,0.5,3,-10,2,400,0.8,1,eq,1,6.5,0,5
3.7378786914194815,-97.3964960215078,1.7398467296524174,-191.39010843448668,2.6151066666666662,-78.119578276182,4.110962351897944,-106.67930271823035,0.5,3,-10,2,400,0.8,1,eq,1,35,0,5
5.327510845438027,-97.19987474980884,1.7398467296524174,-228.62306381903014,2.6151066666666662,-120.56818971547247,4.110962351897944,-120.1807212746886,0.5,3,-10,2,400,0.8,1,eq,0.5,6.5,5,5
3.7378786914194815,-97.91502633725602,1.7398467296524174,-191.9086387502349,2.6151066666666662,-78.71074520509724,4.110962351897944,-106.86733224083179,0.5,3,-10,2,400,0.8,1,eq,0.5,6.5,0,5
5.327510845438027,-99.12385130279266,1.7398467296524174,-230.54704037201395,2.6151066666666662,-122.76168019453941,4.110962351897944,-120.87839387346943,0.5,3,-10,2,400,0.8,1,eq,0.5,35,5,5
5.327510845438027,-94.80383130978498,1.7398467296524174,-220.42979123542017,2.6151066666666662,-117.62349239778649,4.110962351897944,-119.24411605581075,0.5,3,-10,2,400,0.8,1,eff,1,6.5,5,5
3.7378786914194815,-96.24059247727779,1.7398467296524174,-185.54716130268756,2.6151066666666662,-78.14065554199085,4.110962351897944,-106.68600665925621,0.5,3,-10,2,400,0.8,1,eff,1,6.5,0,5
5.327510845438027,-94.80383130978498,1.7398467296524174,-220.42979123542017,2.6151066666666662,-117.62349239778649,4.110962351897944,-119.24411605581075,0.5,3,-10,2,400,0.8,1,eff,1,35,5,5
3.7378786914194815,-100.40969001363109,1.7398467296524174,-194.40330242660997,2.6151066666666662,-81.55486563520095,4.110962351897944,-107.77194746968854,0.5,3,-10,2,400,0.8,1,eq,0.5,35,0,5
3.7378786914194815,-97.3964960215078,1.7398467296524174,-186.70306484691756,2.6151066666666662,-79.44899585717823,4.110962351897944,-107.10214395116479,0.5,3,-10,2,400,0.8,1,eff,1,35,0,5
3.7378786914194815,-97.91502633725602,1.7398467296524174,-187.22159516266578,2.6151066666666662,-80.03590825204796,4.110962351897944,-107.28882025529896,0.5,3,-10,2,400,0.8,1,eff,0.5,6.5,0,5
3.7378786914194815,-100.40969001363109,1.7398467296524174,-189.71625883904088,2.6151066666666662,-82.85955999929186,4.110962351897944,-108.1869251120794,0.5,3,-10,2,400,0.8,1,eff,0.5,35,0,5
5.327510845438027,-97.19987474980884,1.7398467296524174,-222.82583467544404,2.6151066666666662,-120.33551819354997,4.110962351897944,-120.10671660181171,0.5,3,-10,2,400,0.8,1,eff,0.5,6.5,5,5
5.327510845438027,-99.12385130279266,1.7398467296524174,-224.74981122842786,2.6151066666666662,-122.5132224690525,4.110962351897944,-120.79936816139924,0.5,3,-10,2,400,0.8,1,eff,0.5,35,5,5
5.327510845438027,-94.80383130978498,1.6648435882347152,-234.2743125713414,3.3622799999999993,-125.86101807033859,4.484549018564611,-122.19714220493071,0.5,3,-10,2,500,0.7,0.5,eq,1,6.5,5,5
5.327510845438027,-94.80383130978498,1.6648435882347152,-234.2743125713414,3.3622799999999993,-125.86101807033859,4.484549018564611,-122.19714220493071,0.5,3,-10,2,500,0.7,0.5,eq,1,35,5,5
3.7378786914194815,-96.24059247727779,1.6648435882347152,-197.7758239856668,3.3622799999999993,-84.19492518332753,4.484549018564611,-106.57761500027773,0.5,3,-10,2,500,0.7,0.5,eq,1,6.5,0,5
5.327510845438027,-97.19987474980884,1.6648435882347152,-236.6703560113653,3.3622799999999993,-128.5963030752379,4.484549018564611,-123.2225289303518,0.5,3,-10,2,500,0.7,0.5,eq,0.5,6.5,5,5
3.7378786914194815,-97.3964960215078,1.6648435882347152,-198.9317275298968,3.3622799999999993,-85.51448624720045,4.484549018564611,-107.07228389066914,0.5,3,-10,2,500,0.7,0.5,eq,1,35,0,5
5.327510845438027,-99.12385130279266,1.6648435882347152,-238.59433256434912,3.3622799999999993,-130.79268404561066,4.484549018564611,-124.04589464432824,0.5,3,-10,2,500,0.7,0.5,eq,0.5,35,5,5
3.7378786914194815,-97.91502633725602,1.6648435882347152,-199.450257845645,3.3622799999999993,-86.10643219180253,4.484549018564611,-107.29418892530896,0.5,3,-10,2,500,0.7,0.5,eq,0.5,6.5,0,5
3.7378786914194815,-100.40969001363109,1.6648435882347152,-201.94492152202008,3.3622799999999993,-88.95430048746664,4.484549018564611,-108.36178017846588,0.5,3,-10,2,500,0.7,0.5,eq,0.5,35,0,5
5.327510845438027,-94.80383130978498,1.6648435882347152,-228.1166823134861,3.3622799999999993,-125.34451565789887,4.484549018564611,-122.00351897502404,0.5,3,-10,2,500,0.7,0.5,eff,1,6.5,5,5
3.7378786914194815,-96.24059247727779,1.6648435882347152,-192.71015708568203,3.3622799999999993,-85.22374560816307,4.484549018564611,-106.96329283808214,0.5,3,-10,2,500,0.7,0.5,eff,1,6.5,0,5
3.7378786914194815,-100.40969001363109,1.6648435882347152,-196.87925462203535,3.3622799999999993,-89.94794270154647,4.484549018564611,-108.73427062619268,0.5,3,-10,2,500,0.7,0.5,eff,0.5,35,0,5
5.327510845438027,-99.12385130279266,1.6648435882347152,-232.4367023064938,3.3622799999999993,-130.2397299620244,4.484549018564611,-123.83860663738888,0.5,3,-10,2,500,0.7,0.5,eff,0.5,35,5,5
5.327510845438027,-97.19987474980884,1.6648435882347152,-230.51272575350998,3.3622799999999993,-128.05958321332477,4.484549018564611,-123.02132670802779,0.5,3,-10,2,500,0.7,0.5,eff,0.5,6.5,5,5
5.327510845438027,-94.80383130978498,1.6648435882347152,-228.1166823134861,3.3622799999999993,-125.34451565789887,4.484549018564611,-122.00351897502404,0.5,3,-10,2,500,0.7,0.5,eff,1,35,5,5
3.7378786914194815,-97.3964960215078,1.6648435882347152,-193.86606062991206,3.3622799999999993,-86.53355333436603,4.484549018564611,-107.45430545757051,0.5,3,-10,2,500,0.7,0.5,eff,1,35,0,5
3.7378786914194815,-97.91502633725602,1.6648435882347152,-194.38459094566028,3.3622799999999993,-87.12112399858638,4.484549018564611,-107.67457031416106,0.5,3,-10,2,500,0.7,0.5,eff,0.5,6.5,0,5
5.327510845438027,-94.80383130978498,1.7398467296524174,-226.22702037900632,3.3622799999999993,-117.8367690154149,4.484549018564611,-119.18906134766938,0.5,3,-10,2,500,0.7,1,eq,1,6.5,5,5
5.327510845438027,-94.80383130978498,1.7398467296524174,-226.22702037900632,3.3622799999999993,-117.8367690154149,4.484549018564611,-119.18906134766938,0.5,3,-10,2,500,0.7,1,eq,1,35,5,5
3.7378786914194815,-96.24059247727779,1.7398467296524174,-190.23420489025668,3.3622799999999993,-76.8020183883781,4.484549018564611,-103.80620782470417,0.5,3,-10,2,500,0.7,1,eq,1,6.5,0,5
5.327510845438027,-97.19987474980884,1.7398467296524174,-228.62306381903014,3.3622799999999993,-120.56845431725556,4.484549018564611,-120.21309863867135,0.5,3,-10,2,500,0.7,1,eq,0.5,6.5,5,5
3.7378786914194815,-97.91502633725602,1.7398467296524174,-191.9086387502349,3.3622799999999993,-78.71100980636959,4.484549018564611,-104.5218387207334,0.5,3,-10,2,500,0.7,1,eq,0.5,6.5,0,5
3.7378786914194815,-97.3964960215078,1.7398467296524174,-191.39010843448668,3.3622799999999993,-78.11984287763954,4.484549018564611,-104.30022571874564,0.5,3,-10,2,500,0.7,1,eq,1,35,0,5
5.327510845438027,-99.12385130279266,1.7398467296524174,-230.54704037201395,3.3622799999999993,-122.76194479631053,4.484549018564611,-121.03538078313969,0.5,3,-10,2,500,0.7,1,eq,0.5,35,5,5
3.7378786914194815,-100.40969001363109,1.7398467296524174,-194.40330242660997,3.3622799999999993,-81.55513023664396,4.484549018564611,-105.5880249972928,0.5,3,-10,2,500,0.7,1,eq,0.5,35,0,5
3.7378786914194815,-96.24059247727779,1.7398467296524174,-185.54716130268756,3.3622799999999993,-78.14090285283007,4.484549018564611,-104.30812055199313,0.5,3,-10,2,500,0.7,1,eff,1,6.5,0,5
5.327510845438027,-94.80383130978498,1.7398467296524174,-220.42979123542017,3.3622799999999993,-117.62373970827616,4.484549018564611,-119.1092022385547,0.5,3,-10,2,500,0.7,1,eff,1,6.5,5,5
3.7378786914194815,-100.40969001363109,1.7398467296524174,-189.71625883904088,3.3622799999999993,-82.85980730943137,4.484549018564611,-106.07711426916066,0.5,3,-10,2,500,0.7,1,eff,0.5,35,0,5
3.7378786914194815,-97.91502633725602,1.7398467296524174,-187.22159516266578,3.3622799999999993,-80.03615556290391,4.484549018564611,-105.01860116616946,0.5,3,-10,2,500,0.7,1,eff,0.5,6.5,0,5
5.327510845438027,-94.80383130978498,1.7398467296524174,-220.42979123542017,3.3622799999999993,-117.62373970827616,4.484549018564611,-119.1092022385547,0.5,3,-10,2,500,0.7,1,eff,1,35,5,5
5.327510845438027,-97.19987474980884,1.7398467296524174,-222.82583467544404,3.3622799999999993,-120.33576550402407,4.484549018564611,-120.12586969550298,0.5,3,-10,2,500,0.7,1,eff,0.5,6.5,5,5
5.327510845438027,-99.12385130279266,1.7398467296524174,-224.74981122842786,3.3622799999999993,-122.5134697808343,4.484549018564611,-120.94223400610848,0.5,3,-10,2,500,0.7,1,eff,0.5,35,5,5
3.7378786914194815,-97.3964960215078,1.7398467296524174,-186.70306484691756,3.3622799999999993,-79.44924316804463,4.484549018564611,-104.79858307752576,0.5,3,-10,2,500,0.7,1,eff,1,35,0,5
5.327510845438027,-94.80383130978498,1.6648435882347152,-234.2743125713414,3.3622799999999993,-125.86101807033859,4.484549018564611,-122.19714220493071,0.5,3,-10,2,500,0.8,0.5,eq,1,35,5,5
3.7378786914194815,-96.24059247727779,1.6648435882347152,-197.7758239856668,3.3622799999999993,-84.19492518332753,4.484549018564611,-106.57761500027773,0.5,3,-10,2,500,0.8,0.5,eq,1,6.5,0,5
5.327510845438027,-94.80383130978498,1.6648435882347152,-234.2743125713414,3.3622799999999993,-125.86101807033859,4.484549018564611,-122.19714220493071,0.5,3,-10,2,500,0.8,0.5,eq,1,6.5,5,5
3.7378786914194815,-97.3964960215078,1.6648435882347152,-198.9317275298968,3.3622799999999993,-85.51448624720045,4.484549018564611,-107.07228389066914,0.5,3,-10,2,500,0.8,0.5,eq,1,35,0,5
5.327510845438027,-97.19987474980884,1.6648435882347152,-236.6703560113653,3.3622799999999993,-128.5963030752379,4.484549018564611,-123.2225289303518,0.5,3,-10,2,500,0.8,0.5,eq,0.5,6.5,5,5
3.7378786914194815,-97.91502633725602,1.6648435882347152,-199.450257845645,3.3622799999999993,-86.10643219180253,4.484549018564611,-107.29418892530896,0.5,3,-10,2,500,0.8,0.5,eq,0.5,6.5,0,5
5.327510845438027,-99.12385130279266,1.6648435882347152,-238.59433256434912,3.3622799999999993,-130.79268404561066,4.484549018564611,-124.04589464432824,0.5,3,-10,2,500,0.8,0.5,eq,0.5,35,5,5
3.7378786914194815,-100.40969001363109,1.6648435882347152,-201.94492152202008,3.3622799999999993,-88.95430048746664,4.484549018564611,-108.36178017846588,0.5,3,-10,2,500,0.8,0.5,eq,0.5,35,0,5
5.327510845438027,-94.80383130978498,1.6648435882347152,-228.1166823134861,3.3622799999999993,-125.34451565789887,4.484549018564611,-122.00351897502404,0.5,3,-10,2,500,0.8,0.5,eff,1,35,5,5
5.327510845438027,-97.19987474980884,1.6648435882347152,-230.51272575350998,3.3622799999999993,-128.05958321332477,4.484549018564611,-123.02132670802779,0.5,3,-10,2,500,0.8,0.5,eff,0.5,6.5,5,5
3.7378786914194815,-96.24059247727779,1.6648435882347152,-192.71015708568203,3.3622799999999993,-85.22374560816307,4.484549018564611,-106.96329283808214,0.5,3,-10,2,500,0.8,0.5,eff,1,6.5,0,5
5.327510845438027,-94.80383130978498,1.6648435882347152,-228.1166823134861,3.3622799999999993,-125.34451565789887,4.484549018564611,-122.00351897502404,0.5,3,-10,2,500,0.8,0.5,eff,1,6.5,5,5
3.7378786914194815,-97.3964960215078,1.6648435882347152,-193.86606062991206,3.3622799999999993,-86.53355333436603,4.484549018564611,-107.45430545757051,0.5,3,-10,2,500,0.8,0.5,eff,1,35,0,5
3.7378786914194815,-97.91502633725602,1.6648435882347152,-194.38459094566028,3.3622799999999993,-87.12112399858638,4.484549018564611,-107.67457031416106,0.5,3,-10,2,500,0.8,0.5,eff,0.5,6.5,0,5
5.327510845438027,-99.12385130279266,1.6648435882347152,-232.4367023064938,3.3622799999999993,-130.2397299620244,4.484549018564611,-123.83860663738888,0.5,3,-10,2,500,0.8,0.5,eff,0.5,35,5,5
3.7378786914194815,-100.40969001363109,1.6648435882347152,-196.87925462203535,3.3622799999999993,-89.94794270154647,4.484549018564611,-108.73427062619268,0.5,3,-10,2,500,0.8,0.5,eff,0.5,35,0,5
3.7378786914194815,-96.24059247727779,1.7398467296524174,-190.23420489025668,3.3622799999999993,-76.8020183883781,4.484549018564611,-103.80620782470417,0.5,3,-10,2,500,0.8,1,eq,1,6.5,0,5
5.327510845438027,-94.80383130978498,1.7398467296524174,-226.22702037900632,3.3622799999999993,-117.8367690154149,4.484549018564611,-119.18906134766938,0.5,3,-10,2,500,0.8,1,eq,1,35,5,5
5.327510845438027,-94.80383130978498,1.7398467296524174,-226.22702037900632,3.3622799999999993,-117.8367690154149,4.484549018564611,-119.18906134766938,0.5,3,-10,2,500,0.8,1,eq,1,6.5,5,5
5.327510845438027,-97.19987474980884,1.7398467296524174,-228.62306381903014,3.3622799999999993,-120.56845431725556,4.484549018564611,-120.21309863867135,0.5,3,-10,2,500,0.8,1,eq,0.5,6.5,5,5
3.7378786914194815,-97.3964960215078,1.7398467296524174,-191.39010843448668,3.3622799999999993,-78.11984287763954,4.484549018564611,-104.30022571874564,0.5,3,-10,2,500,0.8,1,eq,1,35,0,5
3.7378786914194815,-97.91502633725602,1.7398467296524174,-191.9086387502349,3.3622799999999993,-78.71100980636959,4.484549018564611,-104.5218387207334,0.5,3,-10,2,500,0.8,1,eq,0.5,6.5,0,5
5.327510845438027,-99.12385130279266,1.7398467296524174,-230.54704037201395,3.3622799999999993,-122.76194479631053,4.484549018564611,-121.03538078313969,0.5,3,-10,2,500,0.8,1,eq,0.5,35,5,5
5.327510845438027,-94.80383130978498,1.7398467296524174,-220.42979123542017,3.3622799999999993,-117.62373970827616,4.484549018564611,-119.1092022385547,0.5,3,-10,2,500,0.8,1,eff,1,6.5,5,5
3.7378786914194815,-96.24059247727779,1.7398467296524174,-185.54716130268756,3.3622799999999993,-78.14090285283007,4.484549018564611,-104.30812055199313,0.5,3,-10,2,500,0.8,1,eff,1,6.5,0,5
5.327510845438027,-94.80383130978498,1.7398467296524174,-220.42979123542017,3.3622799999999993,-117.62373970827616,4.484549018564611,-119.1092022385547,0.5,3,-10,2,500,0.8,1,eff,1,35,5,5
3.7378786914194815,-100.40969001363109,1.7398467296524174,-194.40330242660997,3.3622799999999993,-81.55513023664396,4.484549018564611,-105.5880249972928,0.5,3,-10,2,500,0.8,1,eq,0.5,35,0,5
5.327510845438027,-97.19987474980884,1.7398467296524174,-222.82583467544404,3.3622799999999993,-120.33576550402407,4.484549018564611,-120.12586969550298,0.5,3,-10,2,500,0.8,1,eff,0.5,6.5,5,5
5.327510845438027,-99.12385130279266,1.7398467296524174,-224.74981122842786,3.3622799999999993,-122.5134697808343,4.484549018564611,-120.94223400610848,0.5,3,-10,2,500,0.8,1,eff,0.5,35,5,5
3.7378786914194815,-97.91502633725602,1.7398467296524174,-187.22159516266578,3.3622799999999993,-80.03615556290391,4.484549018564611,-105.01860116616946,0.5,3,-10,2,500,0.8,1,eff,0.5,6.5,0,5
3.7378786914194815,-100.40969001363109,1.7398467296524174,-189.71625883904088,3.3622799999999993,-82.85980730943137,4.484549018564611,-106.07711426916066,0.5,3,-10,2,500,0.8,1,eff,0.5,35,0,5
3.7378786914194815,-97.3964960215078,1.7398467296524174,-186.70306484691756,3.3622799999999993,-79.44924316804463,4.484549018564611,-104.79858307752576,0.5,3,-10,2,500,0.8,1,eff,1,35,0,5
